,南部,中部,北部,東部,全台
2025-03-01 00:00:00,392.19229180884025,587.1838734125174,467.69869087299963,477.14099932702385,485.5085361659445
2025-03-01 01:00:00,390.2905585302004,625.6453158507916,466.51567648047336,500.4130738485135,499.54102749665265
2025-03-01 02:00:00,390.9271193821744,640.4100561671414,456.3765610181105,508.6388208587471,506.35808598231847
2025-03-01 03:00:00,390.9820655188783,641.5717593007187,446.73082484588946,508.86275271400604,508.06520975335127
2025-03-01 04:00:00,391.7285664094074,640.1082285455154,469.551425876329,509.44292920083893,509.4798035342182
2025-03-01 05:00:00,392.43144339739445,636.0630963661234,485.74014794001863,505.6084448033328,508.37552707760904
2025-03-01 06:00:00,387.31841022103805,630.1924143589501,486.8056721976437,503.4412883624755,505.2397177016783
2025-03-01 07:00:00,335.16513789769823,582.7564209148803,474.0345629862106,462.5816145442145,468.61007164277237
2025-03-01 08:00:00,237.1282396171613,472.7803838251033,466.2937178491385,367.2708242828303,389.2075387496314
2025-03-01 09:00:00,198.29543129020286,383.2590473670633,461.78719636398125,289.73531920564494,337.4146865797453
2025-03-01 10:00:00,178.29260818338508,309.79164936194854,452.91896933040306,240.9481532260192,300.76749636654364
2025-03-01 11:00:00,168.87859708261934,271.98463572972366,438.5047351744511,220.13671615432733,279.7270367183095
2025-03-01 12:00:00,166.09630468585922,267.8971566021293,438.3924644150928,218.60114742880043,277.2596793342234
2025-03-01 13:00:00,172.72151876544345,301.4336258650912,447.26343477506003,247.18940559357375,295.78819275606924
2025-03-01 14:00:00,186.47986820549878,332.1738030114112,458.14764125293027,279.0343961533815,315.41693732857595
2025-03-01 15:00:00,213.77363318550192,385.9179845003594,461.8442721991376,329.3390474509989,351.732717635674
2025-03-01 16:00:00,267.32320559345385,468.02307600401707,468.6543595277909,398.207542957866,403.3638896088972
2025-03-01 17:00:00,358.4189890423907,531.5589922521068,472.44015392898007,446.2792143472465,457.824421414552
2025-03-01 18:00:00,396.6309642305993,523.2161393104316,474.023563568415,425.29100653440895,467.07825020922576
2025-03-01 19:00:00,393.32908966349765,510.4455969838974,470.88072742160466,414.9294669609713,460.46470275519994
2025-03-01 20:00:00,391.57810708502814,509.80242309186133,470.55574476121495,414.7731296289609,459.9276827219909
2025-03-01 21:00:00,391.8564240119291,527.5989127324831,470.6851990906992,426.7223742999246,466.5186245746053
2025-03-01 22:00:00,391.0128340366974,532.9712204286014,471.99077650025856,429.0216885806555,468.7023450830869
2025-03-01 23:00:00,390.5204920520773,535.6739360101463,467.622341966081,423.83053592234137,465.8802464690338
2025-03-02 00:00:00,390.8842434904009,560.5736575173376,465.0752248631253,461.11135793053654,474.01929266272316
2025-03-02 01:00:00,389.848328118742,584.5862756586808,457.7951481570456,484.5694304931467,482.1046992191351
2025-03-02 02:00:00,389.35085952569443,598.8931998914899,451.02805834570137,492.12029149420636,488.67671973786
2025-03-02 03:00:00,390.6115812578884,607.1844042139686,445.8499051780439,496.6612665363528,492.31709823550966
2025-03-02 04:00:00,391.3114844886814,625.1355504813289,456.97294878844883,509.5316625880474,502.7532128431684
2025-03-02 05:00:00,392.1867334056148,616.8570724481813,479.7401997903951,504.05812652994786,501.03355845886136
2025-03-02 06:00:00,388.75767722849594,599.7737961972571,483.2233782230104,493.11751389102466,495.3083355011964
2025-03-02 07:00:00,300.98618203109277,556.8178519428673,479.0387423395829,444.6708674101592,446.9953189301061
2025-03-02 08:00:00,279.66420737147655,471.0434800620025,466.3904930412789,375.3046130469395,408.32447519750303
2025-03-02 09:00:00,194.58253296679382,386.93525174788965,458.25730463440743,289.87985720056975,332.47126057469995
2025-03-02 10:00:00,192.71981899501202,312.1764361710355,453.2742683548986,239.63103389651306,306.35035641729814
2025-03-02 11:00:00,169.52686980180545,302.2409807348809,447.40186324421387,234.30840578573594,292.67538549243545
2025-03-02 12:00:00,167.57152494041387,284.7471394446048,449.25921230480856,213.8465603076652,287.304877304682
2025-03-02 13:00:00,181.24995424180585,323.43394525615435,456.28287077387847,243.5745534736674,309.9981410919159
2025-03-02 14:00:00,196.86423179158223,367.9203713115515,465.34805209050955,290.25296932604476,339.3206784192041
2025-03-02 15:00:00,211.08662630311224,421.2564507317766,473.82354294294174,344.67931532618894,368.38137374627956
2025-03-02 16:00:00,265.64441579992877,513.4521739813,495.41489016790734,422.2900901764807,430.5574747866163
2025-03-02 17:00:00,358.42482147726804,567.2949947818422,496.65417847479887,473.44578639862794,478.7913672950844
2025-03-02 18:00:00,401.238756626818,524.9485553124861,488.68505914466226,420.86506310423914,472.90811791159115
2025-03-02 19:00:00,401.15850484180635,528.4564073624946,488.99709099146236,410.2090564604251,474.1119635571496
2025-03-02 20:00:00,400.25411825846595,542.2817673429734,475.9148213600404,418.8884338703987,475.6113750689975
2025-03-02 21:00:00,397.05007277624026,558.1362608180698,470.1267695360108,424.63082333721053,478.6625599412805
2025-03-02 22:00:00,392.5902465482341,553.1188941154078,465.56045143005645,417.7379898801924,473.7809990219154
2025-03-02 23:00:00,391.1365305763241,579.9967024227595,458.98235823241623,447.7786842475997,478.7091538475291
2025-03-03 00:00:00,390.45978029502663,618.1280227446802,460.5841510167276,492.1473509031626,492.75236260917535
2025-03-03 01:00:00,390.6239262510946,621.4746252772844,447.49438047921467,494.26534406164416,495.92410657643626
2025-03-03 02:00:00,391.35682006603014,609.7663631922863,455.92165387236645,485.31821418564476,496.40094165491274
2025-03-03 03:00:00,391.8609229687604,617.0467353446932,449.6425793224587,491.59683059801307,499.25187477437015
2025-03-03 04:00:00,391.4764384276101,623.8649479017706,428.39459187057287,509.5217034551098,495.0050358113671
2025-03-03 05:00:00,391.9301301942694,633.7503409253428,407.8053795918028,518.037419065601,489.2194907624135
2025-03-03 06:00:00,386.71472482439566,656.0801583549379,406.81254978316645,536.0714686753383,485.43872463394234
2025-03-03 07:00:00,353.45606524333664,618.4513076540752,417.4906477145365,501.8376134124042,463.5661836803937
2025-03-03 08:00:00,262.4074419526567,533.5754162607413,413.1282298524508,435.73613923012454,402.21367721711056
2025-03-03 09:00:00,230.00166749959234,454.1258680329841,404.8807753236561,364.55172258818595,360.3730104008068
2025-03-03 10:00:00,191.3398397164742,356.8397676171235,396.26847794347344,294.54192156138794,313.5195199589048
2025-03-03 11:00:00,183.78369042400013,351.2477770965093,404.5146616182399,285.1139892706248,311.15610763793336
2025-03-03 12:00:00,214.78448553975747,360.7384478845858,414.57004952966395,295.17158922235194,332.3081881864395
2025-03-03 13:00:00,248.5288929474914,407.1128706580427,421.12454951014394,342.7613464492646,364.33167659090094
2025-03-03 14:00:00,198.42572819010957,400.14948691067514,414.25930177398305,354.01493535907656,339.2672101943614
2025-03-03 15:00:00,237.08067589182335,416.9511172361367,416.12921851874904,363.9257237036389,360.1135946695128
2025-03-03 16:00:00,298.7070838482405,468.05249550271236,436.6969883262764,406.998866938514,404.45909786476125
2025-03-03 17:00:00,376.54659333790283,480.1403204511412,444.68488494223476,408.0006270282233,435.2743077718448
2025-03-03 18:00:00,397.5938186459159,475.95795972247436,480.7446883146915,372.77794359072675,452.12656363160204
2025-03-03 19:00:00,397.7547888620478,503.6823055563573,489.4550497168455,388.06212482873457,464.03962537364873
2025-03-03 20:00:00,398.63575167757836,517.2588523037077,452.23356588574745,400.2975451808692,455.34206110447104
2025-03-03 21:00:00,398.829500491912,551.8173035570946,416.485461811129,420.7812604030782,453.27059708404784
2025-03-03 22:00:00,396.74976512527445,589.3153139214621,385.51684416152176,445.28173415266434,454.486299265366
2025-03-03 23:00:00,392.0664347332154,579.2886393725892,374.6665278286822,493.85015177722227,453.0986848646083
2025-03-04 00:00:00,393.14434872058007,573.0216537970539,389.72603644055437,483.8138549679821,461.0691511644226
2025-03-04 01:00:00,392.869952863981,605.2961530130626,393.6352864579312,498.38706413925274,476.99726339396943
2025-03-04 02:00:00,393.8349624238593,609.0572612559445,393.72327049730745,501.81192616164805,485.31284969808075
2025-03-04 03:00:00,392.2977125858938,618.711692000294,384.81761513748216,507.71436694113817,489.38165931908736
2025-03-04 04:00:00,391.613004066089,622.5281627255971,373.7277666047385,512.0850398410229,481.726832191577
2025-03-04 05:00:00,392.06373709726864,613.8155735116018,353.545005901398,509.8087577244639,471.35119711027926
2025-03-04 06:00:00,389.2082645930839,614.3077693063094,333.48161069433934,510.13071966867795,459.68655401229165
2025-03-04 07:00:00,334.48861087386877,600.2807585745068,365.75081087273395,473.04879388775106,439.1276896119664
2025-03-04 08:00:00,266.2551014927297,491.4075419598187,403.60166742814374,361.34771373417476,387.22765091426334
2025-03-04 09:00:00,205.43066744006447,412.94142602571355,403.9108905753061,301.84583338325854,338.1382682385172
2025-03-04 10:00:00,198.5879226824208,365.1980841937918,388.46626349087313,271.3565627508454,317.4701861890723
2025-03-04 11:00:00,208.2986849892737,318.217256159664,389.05347467147993,235.2554399472684,307.35093506261336
2025-03-04 12:00:00,175.94771573808146,314.65998288520683,402.9303772576009,226.5707476949618,291.64188426980166
2025-03-04 13:00:00,194.16383095210224,313.3651842033708,399.5698230525689,245.8801458793357,298.1747441813498
2025-03-04 14:00:00,226.69009277187018,377.07370413338685,390.36923275478546,310.11658215271325,333.2026681539986
2025-03-04 15:00:00,276.97154568001275,415.8377461655169,394.669345666197,341.1148861688926,364.8938287606018
2025-03-04 16:00:00,334.3657546351461,470.0434245627808,412.45525188298296,390.19131907043334,406.2694571997104
2025-03-04 17:00:00,398.2839381792715,472.8310816487906,413.6008643808093,401.04337692156747,427.40845373215217
2025-03-04 18:00:00,395.85767441806905,510.65288496068655,461.6207593604329,425.1720333879523,455.2512308855003
2025-03-04 19:00:00,393.49941751339395,512.4995959179686,487.4029992997586,427.28628384735106,466.11606955700245
2025-03-04 20:00:00,393.7994893670434,515.6349763558393,486.9649224482963,428.40061099002054,467.05776060323353
2025-03-04 21:00:00,393.41443408347527,545.9303051166322,403.67020527384324,447.9232612348024,446.53182391716615
2025-03-04 22:00:00,392.0740251091447,607.6040894419622,374.8040365567366,480.0581828520544,453.51865712495686
2025-03-04 23:00:00,392.1188565222901,665.854556560908,362.56644395856955,495.3884706050759,464.5648196111417
2025-03-05 00:00:00,392.619340282416,623.9734234987316,370.9902502064186,463.51514437351057,466.36493778876707
2025-03-05 01:00:00,392.3892456116204,641.4330664526153,390.10100313529557,472.5783737224813,480.9917450838564
2025-03-05 02:00:00,392.9619521867641,632.420252220438,381.49314222245357,462.40838881250073,478.52765106756715
2025-03-05 03:00:00,390.7602181245566,574.9334019789497,398.85030643521566,431.57366651561716,462.5455196010241
2025-03-05 04:00:00,388.0864512722133,491.5941747128063,420.3546024508972,383.0657710052165,437.82014041442966
2025-03-05 05:00:00,388.72683909979503,517.1803904204907,389.0130386483631,406.7195452375717,435.02229451891213
2025-03-05 06:00:00,385.24144321468077,474.6461620935961,368.4061212213269,378.63506207694894,409.2167696114544
2025-03-05 07:00:00,328.16241484626255,449.99711962683324,366.57734969346853,353.24027984892126,381.3336020069938
2025-03-05 08:00:00,246.62447982633648,387.3520242959975,369.0555332802825,305.2080084421568,333.51443330559164
2025-03-05 09:00:00,189.23980097172424,327.42310199151655,363.7752078995781,262.04260088461245,292.7823565901896
2025-03-05 10:00:00,175.1944318291596,287.19915617179214,357.02374286528425,209.71560474367433,273.74888584195423
2025-03-05 11:00:00,191.4506396230859,303.54492422051356,373.3525652700685,236.6018516901635,291.86275090015283
2025-03-05 12:00:00,179.70297719453544,317.0240278754844,380.3357168052078,264.31608375550263,293.79991608586573
2025-03-05 13:00:00,197.33898341609114,336.858392614803,376.74152590589074,232.46358866652332,306.55806396295606
2025-03-05 14:00:00,180.99178536327213,347.255041093468,371.31810988862077,227.63310160903163,299.7274159163542
2025-03-05 15:00:00,214.1999467768521,333.41553118725597,362.3656604080042,212.1478918294536,306.5369301419553
2025-03-05 16:00:00,271.11930126841287,380.6975490807412,367.56565640627167,267.86185617335303,342.19882445872724
2025-03-05 17:00:00,347.7205508652328,417.22704121091505,370.4403413555631,299.26313592303785,376.7366404595571
2025-03-05 18:00:00,388.6152617355032,395.6390638503692,369.0478174438404,273.4654181424329,380.7913585985377
2025-03-05 19:00:00,387.4046513023998,391.5436853913018,367.86522037341484,224.72827221053643,377.576311714955
2025-03-05 20:00:00,388.6207714037151,415.68763780552763,369.9166139406094,244.59234912381973,385.5409335270394
2025-03-05 21:00:00,389.2760893515272,407.8949609601529,368.80171889923395,255.37609737809814,383.31325443714724
2025-03-05 22:00:00,389.34727016138356,408.4511563789263,370.08830863054527,284.02012935565966,384.8115388390905
2025-03-05 23:00:00,387.83720263326353,412.5540942889415,370.35530869405886,284.8498661588748,386.0672497386296
2025-03-06 00:00:00,387.7846466016433,423.0231836224782,389.90410986662056,282.13911421176516,397.17049910094624
2025-03-06 01:00:00,388.2291019579422,428.0330438522099,410.3368230444266,291.1645382670246,406.5934720123685
2025-03-06 02:00:00,390.0964241990161,427.8885540129451,413.79685023982034,295.72347693841664,408.9041043498831
2025-03-06 03:00:00,390.4793127563208,435.37486908971294,412.498527497121,302.4946092872189,411.9166260070125
2025-03-06 04:00:00,390.5731645018159,427.9506601684991,410.0107613556803,305.1026063183966,408.6294348605539
2025-03-06 05:00:00,390.26538494555854,430.8950764759296,388.7870677138764,309.9644512864398,402.9374568536105
2025-03-06 06:00:00,389.62557424589824,413.949088010029,364.610982737294,329.49121328853005,388.1460785141129
2025-03-06 07:00:00,368.6916534759602,401.5415324063235,364.2202304060632,333.6358482500092,377.5017001221931
2025-03-06 08:00:00,303.7006813211929,380.02063873589896,367.0314742053954,279.1201538404321,350.15538202475796
2025-03-06 09:00:00,308.2060523827156,367.4225738489504,370.8302374534801,287.23284231615787,349.3901424528185
2025-03-06 10:00:00,348.5830344872272,355.4455415623894,369.4320539963187,272.481400292105,357.3777649457919
2025-03-06 11:00:00,288.93849654848134,346.8227232170231,376.7869383614733,227.68282656441153,337.3154682244142
2025-03-06 12:00:00,263.66227770894994,380.495583135632,385.5989433850021,246.3774407272459,343.7003091670857
2025-03-06 13:00:00,244.9581940396943,406.73116049030983,384.3667260215014,278.37182175432645,347.84993538236336
2025-03-06 14:00:00,223.44519713100667,406.1447058648031,377.62900709388896,297.1865405572028,342.03635779709106
2025-03-06 15:00:00,221.23359318407708,409.5850897444817,383.0300095003155,308.81385662698415,339.310280344975
2025-03-06 16:00:00,285.39084261657587,408.4590050913932,379.05574856177685,343.29384872178986,358.63292027055473
2025-03-06 17:00:00,371.9574172698104,380.9447398695203,379.58296582029993,348.40273635346705,377.3018210973365
2025-03-06 18:00:00,387.7442738694425,332.7121429767289,418.5096280314304,278.4920034690245,380.0751517704498
2025-03-06 19:00:00,389.0766140223795,318.49714516820205,409.3925586389686,259.84911567277913,372.44318615785943
2025-03-06 20:00:00,390.2337148910325,347.33522676392727,364.11366180327906,274.5293849038172,364.21003200349713
2025-03-06 21:00:00,390.8097136531937,355.96591129159935,364.2081458072368,280.1423926910103,366.9813252025874
2025-03-06 22:00:00,388.1870535389743,372.36863543222984,367.24661590123475,310.74579489916846,372.79339082307285
2025-03-06 23:00:00,388.3528319602465,378.4664755856881,370.4832357223581,314.52009823782817,376.45919008576794
2025-03-07 00:00:00,389.5779668486476,385.9910780561354,390.43621139562157,319.8126652853971,387.3698415634724
2025-03-07 01:00:00,388.7630294573252,390.6408004276484,412.50746487594273,324.63862292809546,396.96584631962344
2025-03-07 02:00:00,388.8608483938551,393.6305175768132,419.2234775312351,326.42954935118865,400.4919772659763
2025-03-07 03:00:00,389.18356947609186,393.65934520994654,419.4594750928955,329.4425439392429,400.61157553926125
2025-03-07 04:00:00,387.9838120173102,394.14048364705803,415.05666341885643,326.54187382183,398.94207474522534
2025-03-07 05:00:00,387.963716715462,395.2135947801826,396.8874208125426,329.59739543534255,392.6059209382407
2025-03-07 06:00:00,384.6837461112428,371.76483031725894,375.1110457884339,322.74396515979964,375.19730054200653
2025-03-07 07:00:00,352.2771846696155,380.4859752169877,377.6818562329384,335.3956408405238,370.80187373033954
2025-03-07 08:00:00,279.1233753221021,363.95473799739636,373.5228761084399,315.2372359317625,341.9651614875458
2025-03-07 09:00:00,231.176054913781,312.77513215643665,356.7275411948224,263.0051846541125,304.8365311824148
2025-03-07 10:00:00,200.7182656250699,294.8646373527243,356.66509424335715,238.72794260756814,286.6269242671178
2025-03-07 11:00:00,218.81849573902568,268.8536616408743,360.1239653021105,234.03544023349497,285.7196639834567
2025-03-07 12:00:00,222.47737971158213,310.42875998392185,378.27550287565725,264.13465372865454,305.2774122054543
2025-03-07 13:00:00,235.12169406038532,335.4195491551189,405.32403750712285,291.74376439818406,328.29183423905084
2025-03-07 14:00:00,225.36331074789027,372.419441461595,441.90380846555604,317.5515940118247,346.5660658239446
2025-03-07 15:00:00,281.20615045201123,383.5703103460392,432.3985584386064,333.1422042414689,369.332644487188
2025-03-07 16:00:00,350.8669499966223,350.22398506631464,403.5211897468393,314.2814467271031,370.4620272806517
2025-03-07 17:00:00,386.70193201607486,338.91899683442654,364.8877297698779,311.4800847015322,361.33564305951927
2025-03-07 18:00:00,388.4838220609518,328.7164983145795,364.4868609409778,299.24655467060416,357.84581782453665
2025-03-07 19:00:00,388.0996943905042,311.4400322904019,359.0951667797114,284.2242186891094,349.69248638811496
2025-03-07 20:00:00,390.0071496065407,351.0838113968018,366.0029336323799,308.41926391801906,366.6563325344756
2025-03-07 21:00:00,388.74925161449755,326.073432087538,360.60697532237697,286.3720082151751,356.7692874264119
2025-03-07 22:00:00,388.8761862470254,318.58076263461805,361.8294830882831,277.66986921554764,354.30489626405523
2025-03-07 23:00:00,389.02759398412746,317.26058208799583,366.997208757719,273.8939886655408,355.65060829639225
2025-03-08 00:00:00,389.50225501744944,344.1247256996998,392.4821472200396,281.69505413576195,374.18691503996524
2025-03-08 01:00:00,390.11593033843207,364.3529732958926,418.9470700456126,290.9446252932562,389.7251379867191
2025-03-08 02:00:00,392.3655755809776,386.97485391871703,441.2432093102933,307.84444740406775,404.88245633763427
2025-03-08 03:00:00,392.2773806952951,396.180329960388,446.4513557121394,324.44724919807754,410.16238263390255
2025-03-08 04:00:00,392.1144979918401,400.14049950279747,448.7363786545383,326.3132724703016,412.1504249814722
2025-03-08 05:00:00,392.33524895387325,404.4812409223119,449.18604840664483,332.3966852150322,413.98808993957493
2025-03-08 06:00:00,390.537722696133,388.7374150540017,450.78583977560004,326.8628593731136,408.24172865831736
2025-03-08 07:00:00,368.6755560724152,352.4674537458761,441.7945159723827,303.6145269617927,384.94121743105234
2025-03-08 08:00:00,310.7592206753447,332.0958252562274,431.9668803797501,285.88474252724853,357.83158291468703
2025-03-08 09:00:00,218.3442932801467,313.9038178099011,427.37955146217445,258.7603396387611,318.6579506720863
2025-03-08 10:00:00,175.1317232641982,250.6275617840822,402.2423808927064,210.75978632884184,271.8503683668083
2025-03-08 11:00:00,166.37196724802845,219.08476256562858,381.9660137295818,189.32749364449737,251.41863877079234
2025-03-08 12:00:00,164.1994220994799,217.38344431495682,375.69631808653884,196.52148701334988,250.90610791856216
2025-03-08 13:00:00,169.97728073661096,221.19646358275023,406.55778812001387,195.9064923407427,260.4059634147786
2025-03-08 14:00:00,185.73984583386382,235.8894517381155,407.78523716372354,210.13708745001105,269.5693561106605
2025-03-08 15:00:00,218.2516637397939,259.87700678717846,396.7364474406652,235.05211805328153,292.54540189243903
2025-03-08 16:00:00,276.61175413275356,291.21679599190685,410.3991605624096,264.47948254030035,325.2899870755478
2025-03-08 17:00:00,353.2637720632704,310.15295902593084,426.3346111631324,288.2868181564071,360.3683119964177
2025-03-08 18:00:00,391.16740835758185,306.0975726839616,426.4421814848908,270.7776737253928,369.1013439379627
2025-03-08 19:00:00,398.6939690004174,309.94263272735594,424.92208183491647,256.93066962558305,370.97971661356996
2025-03-08 20:00:00,400.6042571668455,337.27190941573787,432.1226581461797,270.03198332569053,385.8316324996746
2025-03-08 21:00:00,400.03789366202903,349.0438537599096,438.1513063409244,277.1166405661404,393.1019952879977
2025-03-08 22:00:00,398.9725198090611,364.60798612365284,445.37508393533767,298.13083786840514,401.4726763528296
2025-03-08 23:00:00,399.79519021053466,363.5463441970886,444.9090329938567,315.70102477751766,401.92381302570396
2025-03-09 00:00:00,407.25176418596703,361.9478746763706,436.36460719785754,319.6517003249944,401.67029612010646
2025-03-09 01:00:00,408.51051013710116,373.5267030395463,439.61865283868985,325.29787239838237,406.65658128187647
2025-03-09 02:00:00,409.6794861594684,413.19655780657274,452.3918949948215,352.01662016146724,423.4772797380357
2025-03-09 03:00:00,409.1858978446769,451.1401101470221,445.99972420216227,385.31887234179896,434.78790101812353
2025-03-09 04:00:00,409.36292990767555,429.6937717348106,453.0524511109639,379.67759427842634,429.6769174382738
2025-03-09 05:00:00,408.10300839363094,439.00592594707723,454.99553612163203,388.3562024513436,433.06860793464693
2025-03-09 06:00:00,398.6035374915146,411.4837814888568,460.6830748130966,369.0748438641545,421.5597386768856
2025-03-09 07:00:00,324.6291700733315,360.1737529665497,452.779627918143,317.5919504915544,375.06187633438793
2025-03-09 08:00:00,235.29712123904636,290.46667978690044,425.7281670793609,253.76215259434488,310.90885320855966
2025-03-09 09:00:00,173.81231862035114,246.1830582404285,391.7353847584173,212.8049718138035,264.5512429391961
2025-03-09 10:00:00,153.9184299337592,222.44711202514782,367.5065142043199,190.90971859530026,244.75892017503094
2025-03-09 11:00:00,148.18020034224986,216.47013055654693,372.29567561701214,187.27197746657794,239.85101446655278
2025-03-09 12:00:00,154.72430447710389,216.25440912604714,378.5978031376077,188.9101600197414,242.95270799569295
2025-03-09 13:00:00,169.55378604926793,225.17722079331142,381.04313071084346,199.51377835740462,251.48645129565782
2025-03-09 14:00:00,187.28480141381345,237.5805580451622,387.21638117998054,216.1592532095989,265.7453725426527
2025-03-09 15:00:00,219.44596943893666,261.46147423991886,397.32946384313175,241.64813498124798,291.4029786233035
2025-03-09 16:00:00,297.25773328796976,287.008604855433,409.64964559625366,272.2486771276252,329.73741474824044
2025-03-09 17:00:00,398.30050037657776,316.5810183521673,426.1957478675278,298.41355929730724,375.5620091594035
2025-03-09 18:00:00,444.45205156200376,306.61706980283935,430.08267968810446,282.8495573427819,385.82597928007056
2025-03-09 19:00:00,453.5409507468527,306.76489046049306,429.483500689137,282.37456614546386,387.4142654402237
2025-03-09 20:00:00,453.6735449267018,344.9475225297898,433.02255181326206,309.08630304441584,405.2485963625019
2025-03-09 21:00:00,453.10120123547154,373.5434777350153,440.0357502203795,329.5763250326487,418.38252583943984
2025-03-09 22:00:00,454.13894943160943,355.2174164811725,446.46260575535763,317.5316339320498,414.78835862607673
2025-03-09 23:00:00,457.15805079280955,373.64526591547894,455.2556048531299,333.81700938494515,425.7456982857328
2025-03-10 00:00:00,455.489407005408,442.02087400051755,460.0547243879858,392.8512909910801,450.60616149768924
2025-03-10 01:00:00,455.83678425540006,469.24369237982654,446.1234262331549,410.4323786982032,457.28348024472785
2025-03-10 02:00:00,456.45181651044396,504.57928172839075,443.4733588349686,438.6907257759614,471.16459315416444
2025-03-10 03:00:00,456.6894726559145,467.98588815279777,455.44308481099,428.6948964504903,460.0534820551433
2025-03-10 04:00:00,455.7949074035167,446.59837564650167,426.242097555471,415.7985828606088,442.9753396978594
2025-03-10 05:00:00,455.2751898469893,453.93814588409936,408.44539559387175,421.15488205498303,440.0071554740617
2025-03-10 06:00:00,449.214255403768,484.81882245972895,387.9879046965552,441.23509890501515,441.3989090928107
2025-03-10 07:00:00,410.6385857844975,499.16257499806744,386.52967618930234,441.0899597263684,431.95014980813903
2025-03-10 08:00:00,368.394682417382,468.94557121874544,390.07246893639143,405.6177785523461,409.887873760656
2025-03-10 09:00:00,277.0651090598924,424.26049439203285,396.28840477247826,358.33094692211233,362.6202219595916
2025-03-10 10:00:00,234.69007242246846,361.2767436092834,392.08802657525536,299.69818404529354,324.7422210483978
2025-03-10 11:00:00,221.05958656421114,309.11537498056646,392.615015346967,256.1489827975108,303.8197734038383
2025-03-10 12:00:00,214.32406885339154,285.9428896633484,392.6538622301467,250.33978028009034,292.5266851569336
2025-03-10 13:00:00,218.66321066755927,274.8677899761594,383.14301367061887,250.6501199539742,288.20066746312125
2025-03-10 14:00:00,234.4460713583426,293.76882276439864,384.93222943279727,268.1756301090458,300.57911068481263
2025-03-10 15:00:00,284.2258719300885,325.52977661172895,386.6228771132629,294.029172940538,331.28994971288915
2025-03-10 16:00:00,321.60764470364165,375.154627933114,394.3701509974687,319.7015411575317,361.4186031454872
2025-03-10 17:00:00,413.0983543312813,415.1300628846329,398.74873700280835,358.17284849045035,407.64153697088204
2025-03-10 18:00:00,452.35440166605247,430.3304054428248,400.67510849543675,373.318397521102,425.7938225742098
2025-03-10 19:00:00,451.11075887483264,422.4059731584966,400.3849171099606,367.2483611480454,422.11513963902064
2025-03-10 20:00:00,452.1435851480954,424.5560050752668,401.4450270995325,370.04859524624686,423.33108743399106
2025-03-10 21:00:00,451.95001088498907,427.87916022325123,402.25178667341083,372.9212222140244,424.46305505929007
2025-03-10 22:00:00,453.11015997434157,433.49153125518194,405.22946811135836,374.7379688045705,427.17497595349
2025-03-10 23:00:00,455.1313054107819,456.11863801830884,407.06762233113596,391.689428188242,437.1624031868148
2025-03-11 00:00:00,453.5252813199628,461.7299591386683,428.0290164325928,393.3747209022342,446.96639503948995
2025-03-11 01:00:00,453.2770920020443,493.047513586002,450.2581747176484,420.919709171965,465.9716669547022
2025-03-11 02:00:00,453.43007859094854,515.4416178352726,452.1755379166037,444.6947999627088,476.83115850134044
2025-03-11 03:00:00,453.38594089121193,545.8739312769874,441.5284757907853,464.18155557602404,488.8889719541594
2025-03-11 04:00:00,453.51559219082736,557.4112176707513,432.2893838559667,472.9366861816546,492.3946913658768
2025-03-11 05:00:00,453.3013659323217,562.4374480339867,405.40810735332286,477.2752084900523,485.55912686103505
2025-03-11 06:00:00,449.32919457789063,567.4123666577731,384.98353846653833,481.8974032234671,475.6736009561091
2025-03-11 07:00:00,412.51148241113964,548.7087450404588,398.34814332723295,459.989385763189,459.9742648304888
2025-03-11 08:00:00,331.1531781621439,505.2840728706507,410.20115267369874,411.63691782058953,419.70797584781866
2025-03-11 09:00:00,254.80719726565914,437.1439024862664,412.00640153379675,352.5979708160973,366.4345882740223
2025-03-11 10:00:00,277.9394033313442,384.4466483450633,398.77662895351966,315.18357929712386,354.1525977605679
2025-03-11 11:00:00,236.217114449533,364.30944313953967,407.2732020718176,308.9189213072496,330.65059501024916
2025-03-11 12:00:00,266.4393853071866,288.7865286813816,392.1490602245765,264.60667290196045,312.0819686848793
2025-03-11 13:00:00,234.2060419123014,296.007669160858,394.91031078830827,259.35419319951603,304.3838143716551
2025-03-11 14:00:00,255.50099255261804,305.5854061559853,386.39699388401544,270.7230399669822,314.5994859821529
2025-03-11 15:00:00,279.7146201766667,339.40733759779994,399.52338653899216,298.85145741275437,339.2294056119202
2025-03-11 16:00:00,328.1090284134066,394.26836496184154,401.0808392140943,348.55137497569757,374.79501016435745
2025-03-11 17:00:00,409.74404786259305,478.8739228984059,408.5573858173123,427.0813574542184,432.6853208153563
2025-03-11 18:00:00,449.7557670700418,455.2756095336676,403.99612174878865,395.1709034622891,434.3258362426347
2025-03-11 19:00:00,449.1210931053415,439.7098549638384,403.163082615881,376.60680233408317,428.42255053019545
2025-03-11 20:00:00,450.43798271998156,450.98478978098325,406.5018514279155,385.21383407891955,433.94793956655275
2025-03-11 21:00:00,451.3101750348342,474.98493778264304,406.75898593882937,400.9413664110748,442.6995129563482
2025-03-11 22:00:00,452.7988604741147,475.53248987269063,408.6216546207135,395.47940816738554,443.56403935609677
2025-03-11 23:00:00,452.1270084882343,459.7388055380887,406.59101197230615,378.5927356942408,438.3326017575693
2025-03-12 00:00:00,451.515202763934,460.645750888342,429.876764167029,373.3711232838281,446.6448791305612
2025-03-12 01:00:00,451.57552105833736,482.7654102902888,452.7365364479231,384.6376732749903,462.1733902935017
2025-03-12 02:00:00,451.94180938307017,512.3983160473317,450.19737615283566,426.6401670634775,475.2858669432071
2025-03-12 03:00:00,451.98724420994114,536.8317666559426,442.3718355238647,444.60702656141274,483.6401378911715
2025-03-12 04:00:00,453.1875392106992,552.1025447738177,423.22252439630375,464.6021238554235,486.1588158695925
2025-03-12 05:00:00,453.4857953352429,548.5117830397172,398.38179012064097,463.1978749616148,477.15254354195963
2025-03-12 06:00:00,445.3612107333047,547.6373644306248,375.17200365444563,463.5356249970843,465.77906416620556
2025-03-12 07:00:00,374.99072822309154,511.4860368372752,392.79911555071345,426.19483648905594,431.8046131694426
2025-03-12 08:00:00,305.2612531115186,451.9439348730036,404.5326544387539,374.5468350271283,386.90840466197244
2025-03-12 09:00:00,257.3355354734041,368.0468624450929,403.3963881098341,305.0058736202008,338.77932155764665
2025-03-12 10:00:00,231.8225171680137,290.8861579808517,393.35541220229936,250.33664870281515,297.7565205652433
2025-03-12 11:00:00,220.6879447631426,274.5057021871762,396.4430188476735,237.0660831260611,289.102796937642
2025-03-12 12:00:00,222.21032245566053,283.44498996784864,403.48129522255476,243.56121811875562,294.34902011170703
2025-03-12 13:00:00,230.6141489867587,302.5130193663166,398.9951352007832,262.7884609980441,304.68304135174685
2025-03-12 14:00:00,242.53483271660076,330.22495042891194,395.72384244879186,289.15660106351083,319.6731865682638
2025-03-12 15:00:00,277.0859499363132,391.0222951992827,416.3271739870356,337.6846365628698,360.82221636304433
2025-03-12 16:00:00,351.672214006894,414.2508022924218,458.26313792108544,318.8526208223909,405.2059615953444
2025-03-12 17:00:00,411.88227580670235,510.7384430647402,468.930157091917,371.78675764050814,463.4798748061273
2025-03-12 18:00:00,453.99205729883647,528.1828337275091,458.13956633498725,400.032235627583,480.7376482871493
2025-03-12 19:00:00,454.46066116975766,545.5065242467653,459.2587890579341,479.82827654762445,490.0074597321474
2025-03-12 20:00:00,454.5687502473048,558.5229640780672,458.9244991983523,500.97110942182303,494.8818728598168
2025-03-12 21:00:00,454.5369154316437,566.7725100469888,455.04302320720694,506.00581950482666,496.95109331260943
2025-03-12 22:00:00,453.5749895831806,560.8836305878157,445.6168276178762,498.01970391746926,492.1902546196981
2025-03-12 23:00:00,456.3839535006623,554.1580113413673,439.97778955625137,485.7079099084346,489.88675572901815
2025-03-13 00:00:00,453.77392004499814,546.072192910432,458.7321634203762,476.44713587289914,492.25231618836347
2025-03-13 01:00:00,454.1348100331983,567.6661638967056,470.6878397223582,489.02722330983124,506.2526054457674
2025-03-13 02:00:00,454.668647062163,579.142738670299,458.447937347726,495.47958477412425,511.5580842223515
2025-03-13 03:00:00,454.99191409256554,562.2828415182775,449.2799761263073,483.5244638430488,503.0787655499512
2025-03-13 04:00:00,453.8697909219599,556.5682243654778,444.4325196281652,480.7630517578797,498.53191668740175
2025-03-13 05:00:00,453.95097108554324,561.5377391182998,429.4262571852856,484.61127310174044,495.74462060066384
2025-03-13 06:00:00,449.0839090437427,573.8535544521936,413.8784323414712,493.22414803188383,493.3367802822603
2025-03-13 07:00:00,438.0978255682961,548.047407082937,441.0574263428716,483.9958126069159,486.9638576375459
2025-03-13 08:00:00,387.4261476216953,510.8746190175138,450.83874848188947,450.83100857065455,454.92131458324013
2025-03-13 09:00:00,321.5003502274736,457.8373842427893,450.63817361780156,398.63377281999345,410.2950733530976
2025-03-13 10:00:00,248.11528659824882,412.8070023446609,438.1362880006473,349.1177465517335,362.74355617029437
2025-03-13 11:00:00,233.55160221878864,443.7032576559846,458.37813307025084,372.36656049949715,365.84846351790026
2025-03-13 12:00:00,232.88579124446767,482.2936383553841,487.053301071816,406.53645730407305,392.4774174826198
2025-03-13 13:00:00,260.02954300486397,510.7823754274476,504.94514946392263,439.12326158913316,424.66169079037047
2025-03-13 14:00:00,317.19033085493527,534.2465668302137,502.5896205715988,455.9080818474732,460.61373405484454
2025-03-13 15:00:00,302.03338393133293,536.7503383063653,503.0813474934731,449.6418401163877,447.992776851718
2025-03-13 16:00:00,388.8963386148699,521.182561436342,481.892795328137,394.141002062713,465.9604157773812
2025-03-13 17:00:00,420.61083137954046,526.2125798639727,449.10825031568544,388.88099651165635,466.39865325947295
2025-03-13 18:00:00,457.2927582471482,520.1278723006442,448.2268251344916,393.0588235590199,474.7922720267026
2025-03-13 19:00:00,457.19759543019865,527.7847444989548,449.6489828692519,395.7828613740049,477.62398161720637
2025-03-13 20:00:00,456.7113391252003,519.7329991000847,443.51213371771047,400.67190086114005,472.16188852618956
2025-03-13 21:00:00,456.7529784320239,509.05718452933576,441.2828830431945,432.38550673759045,468.61603688442466
2025-03-13 22:00:00,457.04077147500715,481.86629332653985,436.453349881274,442.25848099801664,458.1533665428077
2025-03-13 23:00:00,457.09588172143197,455.6264147791745,430.66795603897083,419.1927673341075,447.65297583678824
2025-03-14 00:00:00,453.65807450887917,420.41630773334754,451.4850169097734,391.8553622054977,440.95873589810503
2025-03-14 01:00:00,450.2045434350827,436.89936269660876,477.8563382603853,403.4695586376212,451.479160566716
2025-03-14 02:00:00,450.57523520476974,475.71343375979995,468.9144606789249,431.6719699543861,464.1997449454679
2025-03-14 03:00:00,454.3505527412869,503.17422344068603,461.27821533207975,451.4904880727919,475.0657526796588
2025-03-14 04:00:00,456.80327913263534,508.28636195856495,436.6094624223939,455.1122548204059,471.3952303327021
2025-03-14 05:00:00,457.1765401521481,473.4051588666202,411.4512977930559,431.24123606572863,450.02183217440535
2025-03-14 06:00:00,449.63750873756163,452.17965016832983,395.54019246850385,415.9024053391049,433.9344486939086
2025-03-14 07:00:00,388.9224442267656,462.36011354211325,395.5876639072109,412.8180958361422,417.092080523846
2025-03-14 08:00:00,369.46801548660125,424.25315741212205,400.8416483089493,380.56665539751975,398.4367594448287
2025-03-14 09:00:00,259.05786390219555,372.6084639043808,384.63584387000117,323.50155758306244,332.02952930212814
2025-03-14 10:00:00,274.67240043890655,310.56200582803655,375.38189578567324,272.51869235756493,316.99201909721813
2025-03-14 11:00:00,259.1358853071212,308.93737567093007,395.7748040912831,276.0644756970798,315.69238821000135
2025-03-14 12:00:00,253.7579177618129,329.4638344558588,415.0221980500988,291.9675791949573,326.1883211361614
2025-03-14 13:00:00,286.11599044739245,350.63686145660904,414.93785103188816,313.2860346957597,346.79840808337434
2025-03-14 14:00:00,315.54937354178566,376.33306081977867,405.2373743680707,334.14671145276395,365.0558999102152
2025-03-14 15:00:00,257.36104856197136,346.3769218017767,407.72564135459925,302.7324522005879,330.8274802396664
2025-03-14 16:00:00,348.12165299215746,393.4298976237206,411.4820603302065,347.16689704069296,382.6776061381461
2025-03-14 17:00:00,410.7039278840451,407.95078053047956,421.2950663999744,370.2300100349745,412.27015826528765
2025-03-14 18:00:00,452.3485811851695,428.53463579110814,416.2619106148924,389.77288637559315,431.40236780472236
2025-03-14 19:00:00,452.0615331623597,436.80935724760013,407.33078270796943,391.5814879414543,431.0564525845191
2025-03-14 20:00:00,451.2059465010559,440.7565286584516,405.85463006433133,394.93107147329346,431.0746534608772
2025-03-14 21:00:00,450.7463561698113,419.55956840418094,396.8180140598734,378.4565257242428,419.47747834951184
2025-03-14 22:00:00,450.89041567744243,417.79246593528694,400.18851774644685,375.15311974205815,419.5066409180655
2025-03-14 23:00:00,451.72308376316516,437.08303264314867,409.8873137046084,388.1962352678832,430.4924500600933
2025-03-15 00:00:00,452.5986204150138,491.77145383811336,437.7492675896401,423.7186131891292,459.5331102391978
2025-03-15 01:00:00,453.6204079084564,537.7951243020273,459.0765010753187,453.91680488093516,485.64424232910756
2025-03-15 02:00:00,453.83348096586406,576.414569801068,469.31738670091096,479.21557249642757,506.84571608999653
2025-03-15 03:00:00,454.20247158411496,586.483436053547,460.7668600801505,484.52085324682497,509.0030237478257
2025-03-15 04:00:00,454.1552079763425,568.6123891924941,456.2476014011629,473.9421401475579,501.0644183813186
2025-03-15 05:00:00,453.5264766193703,542.9951588401397,466.0021009315808,458.8265944062079,494.0397160702149
2025-03-15 06:00:00,442.139993094765,553.3653476517094,489.37539609982355,466.74341411216847,500.1530312757916
2025-03-15 07:00:00,388.1138313342102,539.1503939035297,502.00452656752975,455.02342130715607,477.83420662189417
2025-03-15 08:00:00,342.0754311547224,489.16214403814604,500.4658798457301,420.08976481350993,440.24280698526314
2025-03-15 09:00:00,290.1663264931989,441.78833371698573,492.2838407015367,368.92885617592236,402.1510464789216
2025-03-15 10:00:00,237.84295120301812,442.7722891241476,499.97509561914836,366.1028822769722,382.93343437078454
2025-03-15 11:00:00,218.16333839383367,449.9204166583959,509.67861724743125,370.0838449549145,377.73526797275565
2025-03-15 12:00:00,229.01914159744697,455.5748446448506,509.0107015924978,382.61306773668844,391.44707305538395
2025-03-15 13:00:00,264.86510967061145,484.52931643739606,521.6524568770326,408.2241434466537,425.74217908359964
2025-03-15 14:00:00,271.0550710451867,508.0656524154967,527.01581938008,419.6665951911603,434.29095352660846
2025-03-15 15:00:00,364.30438834120974,484.4597339488232,549.8539882786687,413.9355224851309,473.4565824883563
2025-03-15 16:00:00,375.0285340320725,544.9476992242329,550.1630665648469,452.81255333859184,496.033410698566
2025-03-15 17:00:00,431.6137521421723,500.10082856134085,480.0014062127818,420.89445563183517,471.84657432797997
2025-03-15 18:00:00,456.27395087028776,473.7148701019446,454.16702034762164,404.83603075703815,460.2458587500572
2025-03-15 19:00:00,457.3797965276559,447.8353856520555,444.3492902830792,383.45342322920226,447.8852007833071
2025-03-15 20:00:00,456.19698904068593,438.65918089716115,431.6164065625092,377.88753515509364,440.0049218757593
2025-03-15 21:00:00,453.3097009307728,413.35711132863696,418.99977053882077,381.23519038630155,426.01764002210757
2025-03-15 22:00:00,453.33529295008714,413.0312722362481,414.5934877087452,386.82426857621664,424.12391556251214
2025-03-15 23:00:00,453.76251503017716,407.717300833506,416.02324285029056,382.85015881463,423.44401842295736
2025-03-16 00:00:00,455.1291804986836,384.09564159058976,418.4860314222264,362.3070109717278,418.06386017946875
2025-03-16 01:00:00,458.9895045173558,368.27250984486625,421.6320607042548,348.9878258704768,414.543476540124
2025-03-16 02:00:00,458.80470934858664,389.14694886982375,425.9253018489298,364.512654147596,422.4497126620061
2025-03-16 03:00:00,456.187609690506,400.6628883126034,431.0880832056219,371.74413062332746,427.18005817868806
2025-03-16 04:00:00,456.0324585070022,403.6952637264386,432.85713007051714,375.5003745759039,428.7016229380772
2025-03-16 05:00:00,456.53721387922457,400.8076800751453,430.65570345295896,374.05911542599796,426.8273786377091
2025-03-16 06:00:00,442.3086959685925,373.83184678412306,424.93421902707576,351.3014356439327,409.85788271248
2025-03-16 07:00:00,368.3210907695584,355.6066343275124,418.22538842699254,313.1429285412674,378.6500185871183
2025-03-16 08:00:00,313.121659178084,339.77664172947385,410.8555536309341,276.7748678762952,352.0646171210002
2025-03-16 09:00:00,262.4401315785314,331.54061137774704,408.0940022352426,258.4558312511294,328.4545941845308
2025-03-16 10:00:00,295.944920129363,321.3556090501246,403.70165320884564,240.26599000798848,338.28728874811776
2025-03-16 11:00:00,232.15929876487303,256.5643866289458,373.72119705107417,189.4328517605554,282.2053833264348
2025-03-16 12:00:00,217.15711649505738,230.45618819367948,382.57221538663583,187.2768422834085,268.14245025738563
2025-03-16 13:00:00,207.80601947210275,227.5388589366901,374.85310010078376,202.14037706683257,262.7438203962217
2025-03-16 14:00:00,226.01867271532356,243.28449633429364,405.4537362012296,203.25741907822103,282.9252531191452
2025-03-16 15:00:00,269.0597946456365,288.173919580023,459.67643667126794,230.50781795743208,330.1496668966609
2025-03-16 16:00:00,323.01597343481575,345.2022432717949,475.0256764896507,277.66183772240174,378.59437747370595
2025-03-16 17:00:00,418.6781666038711,380.2313572750629,478.73939720900637,313.16206836245874,426.1880550282853
2025-03-16 18:00:00,452.9546223276915,392.8668303793517,461.64491478314955,314.2184629743509,433.7261851161882
2025-03-16 19:00:00,453.1293714345698,394.54247876130927,446.35937624163495,314.3856370566932,428.90608157686876
2025-03-16 20:00:00,453.7662043672652,421.7293021397418,448.4220119779605,332.5551814929445,439.30465295688555
2025-03-16 21:00:00,439.79988779209043,425.77365215452113,446.01384456237884,348.06640148885015,436.0245656427846
2025-03-16 22:00:00,413.75478138913587,430.508431341354,445.24893733148633,343.5553631422386,429.5794714157481
2025-03-16 23:00:00,391.8206496398645,426.31763953124874,439.0983826445594,327.0151013283119,419.3647648457238
2025-03-17 00:00:00,385.49744366298,439.2918522287369,426.0936646059559,338.8896740320301,416.5647113033826
2025-03-17 01:00:00,386.1253073554803,451.6234025163454,428.2678649341971,359.8538569175142,421.6567954606616
2025-03-17 02:00:00,386.2266693386999,449.98972550155065,425.7524074304002,358.68074425567806,420.68142793979837
2025-03-17 03:00:00,386.57293157095523,447.92545835588095,419.4738536058497,357.3726609241525,418.55959208903414
2025-03-17 04:00:00,386.5961837820555,448.6307963994302,412.51361050679753,386.3286515648271,416.81144140085587
2025-03-17 05:00:00,386.7485696244429,449.6645286113715,394.75422711203214,391.17964958745426,409.8240822996238
2025-03-17 06:00:00,383.5930791770588,420.55136358127413,373.9473276900206,372.004446161706,391.0765014119346
2025-03-17 07:00:00,372.9511145710662,407.28703603937913,372.3766423318856,363.3344886474256,383.50996332141125
2025-03-17 08:00:00,327.47606924614206,392.10636411197964,369.05826393970375,340.7985470419349,364.969148427193
2025-03-17 09:00:00,324.5008597173728,360.24105885061715,362.20832875658914,312.62974388761296,350.5021620256349
2025-03-17 10:00:00,287.70814706145035,379.58134929163464,366.3538528033844,311.3989318013126,347.0295072623123
2025-03-17 11:00:00,261.1187087398358,398.9725284291315,385.81176314046354,320.0454294892205,354.9143852126616
2025-03-17 12:00:00,301.7171709754972,436.76408260136515,406.07994781416926,349.4899907431185,393.4277779709297
2025-03-17 13:00:00,339.2454307578522,471.14964728447205,407.70578116674113,375.69637605947213,413.4442586848836
2025-03-17 14:00:00,363.34020120342785,503.4785611483295,405.9180412278444,401.8083217041531,428.25821329471603
2025-03-17 15:00:00,372.60958343282203,523.8379962242008,416.6319107003063,413.5166657624239,438.3902476767424
2025-03-17 16:00:00,385.22598304255047,536.2101950307083,432.6613961445416,433.9438990056265,450.0791380101935
2025-03-17 17:00:00,381.9349063910593,538.7649590623681,441.82899626985744,432.4619858435388,451.3279033424137
2025-03-17 18:00:00,379.4451892592525,497.76986442099286,403.77276281606515,397.4228884087954,423.58081770612586
2025-03-17 19:00:00,380.1820691846631,497.7640525451156,405.29831837154444,395.15372853452953,423.9454158352086
2025-03-17 20:00:00,389.8478016671637,532.1226625384176,415.2397848532398,418.12745076971567,438.95725945651577
2025-03-17 21:00:00,389.662369479663,547.769590193903,423.50331123289084,428.2993033759026,446.4975436393823
2025-03-17 22:00:00,389.4916733955136,545.7498164027121,429.1176746874275,423.8296040159584,448.1080681716889
2025-03-17 23:00:00,389.3875106898271,543.4390839970737,423.3452294252299,404.3057394845216,443.1387110435549
2025-03-18 00:00:00,388.91441517170966,538.9338461562213,434.17743878160064,392.7491285896465,446.6524680059918
2025-03-18 01:00:00,389.3035502992605,535.7637990747637,451.2040727898597,396.9615320818901,456.649361340889
2025-03-18 02:00:00,390.37082652411044,499.44431482425097,447.14373261065913,383.2025028957313,446.65966804663776
2025-03-18 03:00:00,389.29667696642105,490.19690475546105,440.94940927899194,376.6625773230617,441.24513180159704
2025-03-18 04:00:00,390.8786955299155,485.1125963279318,431.90599597924137,372.10871858591696,436.7042325705741
2025-03-18 05:00:00,390.86669585676617,521.9141277637601,423.94953590430555,398.4571569586706,444.3101522485016
2025-03-18 06:00:00,385.16296531810923,525.1364812161768,405.3963709453247,400.40821095428305,435.4985905396163
2025-03-18 07:00:00,385.4528926229851,541.5916235423383,407.77402055913683,379.39110040177974,440.3819025351683
2025-03-18 08:00:00,378.0277819201584,523.2621743969352,409.3230921611356,362.09119794840274,430.47632731209416
2025-03-18 09:00:00,365.66402346440157,539.0618318231138,417.578404399541,375.4341622725128,434.2147790965824
2025-03-18 10:00:00,357.53719299217147,533.5353253821372,420.91739349732984,397.8595894866416,436.61405915806426
2025-03-18 11:00:00,365.65987003733505,475.3468611805065,419.08216349534393,361.11125048879796,425.0120235431179
2025-03-18 12:00:00,342.1532894650717,458.8195125013884,436.96922325953835,395.38593349257184,422.4408527440083
2025-03-18 13:00:00,288.76404438015726,434.9547399251786,464.8594190187219,381.9283138343987,409.2899615221577
2025-03-18 14:00:00,318.75685199444973,453.28690482168105,454.75723699596614,403.32440330806514,420.15451358033704
2025-03-18 15:00:00,350.26332180686865,467.99025398417814,427.45380438213556,415.94540006434744,419.63410167843267
2025-03-18 16:00:00,371.56010220772663,464.05655693516707,413.2163598576532,408.2589940010107,416.89164383347
2025-03-18 17:00:00,385.0710911595457,455.90822977722297,423.03115957666677,376.076388777403,420.7995224829818
2025-03-18 18:00:00,388.5838799151114,464.9802935780322,436.4108697057334,380.2877883206878,429.76803780063153
2025-03-18 19:00:00,388.3194931288189,459.9917821287424,438.76424630080555,376.6016671482199,429.59989898737007
2025-03-18 20:00:00,388.7816281593454,469.0961595591078,443.19070094563443,392.65854033554047,434.14807488991863
2025-03-18 21:00:00,389.3931243354393,473.1503614299905,414.1554368900458,397.1626916256257,423.349618555899
2025-03-18 22:00:00,389.8906677291085,472.1369646962093,404.0522784018289,394.3559672213773,418.69988434464545
2025-03-18 23:00:00,387.153535828218,486.9407502205805,402.48178927416643,391.89234292816536,420.5648645646622
2025-03-19 00:00:00,386.7426366392603,506.29128369557634,418.8348318139968,389.8465854491988,430.9451960211824
2025-03-19 01:00:00,386.7889870531832,531.8396043223755,443.28830478140173,401.5531153649521,447.02044266135806
2025-03-19 02:00:00,386.61304297383185,526.222393960988,436.13661219649345,397.8688147771546,444.86151281028805
2025-03-19 03:00:00,387.2018487147893,499.06395441871655,431.3709135879199,379.23993051567334,437.8534383656623
2025-03-19 04:00:00,389.2803828366245,479.8162708411927,426.09155829883593,361.67629239415345,431.0336265456101
2025-03-19 05:00:00,391.0300088139616,468.27623258301566,407.99261754429205,359.1303239980637,420.62310620855305
2025-03-19 06:00:00,383.4782883335847,438.557305063276,377.1485416211399,345.3482953721242,397.04366650436737
2025-03-19 07:00:00,363.4157352907305,406.8078556826662,369.10549368717216,325.0450623349375,377.8664716433909
2025-03-19 08:00:00,332.9902640716875,343.77753096289075,360.64068456897166,276.76394573623924,345.8345762349092
2025-03-19 09:00:00,324.5297046918111,298.7090278965612,358.7763234233869,245.46920456944264,327.3842746145398
2025-03-19 10:00:00,250.40569243071934,283.36646200656435,353.76387450106296,242.04477637969484,298.7259510444394
2025-03-19 11:00:00,217.54242170323158,258.7115267947153,381.1437274288868,225.2416175059827,286.66267014541427
2025-03-19 12:00:00,240.32711629771225,251.133529430348,427.47912747018825,223.143863063134,306.471825660173
2025-03-19 13:00:00,248.8113864162722,250.57289376279076,416.2110071352868,220.7072496014155,306.5417983624123
2025-03-19 14:00:00,270.88126547630014,251.31866806935614,384.40978712164014,218.3786631197716,302.52102764842925
2025-03-19 15:00:00,285.1033756709575,266.71027438414706,343.98709437912476,231.98556245886712,299.0354334907552
2025-03-19 16:00:00,289.4866868755744,296.40894952965147,352.7873013818223,256.576748556888,314.0034823315512
2025-03-19 17:00:00,361.0131750505236,336.35602756700075,377.21482897266577,293.1548551255647,357.2104245203736
2025-03-19 18:00:00,388.8442984029381,345.1701885326894,402.9292833140898,291.80065124999646,377.396287542184
2025-03-19 19:00:00,386.8977751165491,360.60593805120607,389.5900379710723,289.1561064046755,377.0428062978839
2025-03-19 20:00:00,389.3913497148718,391.1153817262083,389.69898494979583,312.19926613075495,388.035795764173
2025-03-19 21:00:00,389.0593924635059,393.5383295979418,388.9584265669665,314.5010776211681,388.3683443687703
2025-03-19 22:00:00,389.77691381720535,417.2682777161185,395.7915212290981,326.4482941656921,398.40291213464684
2025-03-19 23:00:00,393.85904448051696,451.39352299898746,398.72420612096215,366.15589963404,411.2156897294236
2025-03-20 00:00:00,397.2984944528416,479.1380730394833,417.3109877223089,386.31561845032513,427.15816966595037
2025-03-20 01:00:00,399.48811368609273,480.2595604011261,433.5081797081749,385.6396857218416,435.4861699970157
2025-03-20 02:00:00,410.01327824551413,445.00073896463346,438.72469374565344,386.2675344599903,430.07419280515137
2025-03-20 03:00:00,411.1904246451756,405.8381483796091,446.32715842305566,361.0617551613132,418.32212806210003
2025-03-20 04:00:00,410.4951617998338,399.54713311257143,445.1138603411992,357.1051661556519,415.1409796913421
2025-03-20 05:00:00,409.72347648436147,403.55779495981216,427.1032168287072,359.36565440462965,411.6687360598178
2025-03-20 06:00:00,400.181937227438,375.5427897437418,404.81463246497697,340.8258076908743,391.90853889523976
2025-03-20 07:00:00,328.547680757622,329.15145683438783,399.6998381335427,296.4028091978725,349.7139209615862
2025-03-20 08:00:00,287.27175663219737,279.15742666202266,376.54245364790603,251.33745932378366,312.26988194866954
2025-03-20 09:00:00,266.99519839162633,246.81631826837008,360.6958149159344,221.53013266314937,289.81348453149167
2025-03-20 10:00:00,212.4385874591351,239.60092073172888,355.18035019505385,210.41925125143052,267.45244321489685
2025-03-20 11:00:00,239.68454089213444,231.80246696383594,351.9071804870251,209.03770626842004,272.596346236682
2025-03-20 12:00:00,211.61836081631603,222.9566256838034,354.53933413235234,201.11543493015705,258.38739335527356
2025-03-20 13:00:00,227.17022691333975,229.18861315894452,392.35335944038326,207.8509239347067,277.27543362329067
2025-03-20 14:00:00,279.23555506653935,245.43637531986616,405.8067315905019,220.29359569166684,305.60025150674096
2025-03-20 15:00:00,272.7437954148374,252.735850868109,420.56724786632213,224.2719406302446,311.19713266725756
2025-03-20 16:00:00,327.45854238936425,286.84584368310186,404.1306697364423,260.5371738581317,337.95836815577036
2025-03-20 17:00:00,405.0265493405727,310.8203155339306,372.3735990243524,287.90150083730106,359.54222935981477
2025-03-20 18:00:00,453.3248813344129,308.7005834608279,385.5505686041448,267.4610786781351,377.1610442858583
2025-03-20 19:00:00,452.13093470158054,332.44597654840675,403.3179260654041,285.17781471431823,392.10797756227845
2025-03-20 20:00:00,454.7415931002379,359.17296385686967,395.3975781446705,303.61969508755857,399.5103258473354
2025-03-20 21:00:00,453.3032336639025,371.5041075328593,397.3455681693658,312.26684610104957,404.48178665267443
2025-03-20 22:00:00,455.0799791908116,381.09820570754636,397.50445240901354,313.43570249142425,407.8058651719678
2025-03-20 23:00:00,455.89814786365395,399.6765092645892,401.7241582696591,321.839716806333,416.57951577468475
2025-03-21 00:00:00,455.6814109684525,412.6125925738216,423.79193293870776,344.96769090560554,428.87883584354347
2025-03-21 01:00:00,441.06786491642515,436.3657578186255,445.092721076963,400.5010063738371,439.7690971672677
2025-03-21 02:00:00,417.55429974041067,491.3795297974166,447.3833989574648,432.6905615225994,452.54262915615817
2025-03-21 03:00:00,407.4116032719203,490.861053192345,446.8594152772954,429.6395833180619,449.8000509366275
2025-03-21 04:00:00,401.0868280968097,481.85280845182166,442.2700259148612,422.60812798479236,443.8335878477386
2025-03-21 05:00:00,400.4641317933795,479.5441345047042,426.59997273740765,423.6576176440726,438.2299661134375
2025-03-21 06:00:00,381.0308279828017,448.06587739994495,405.6443402544571,399.4349347234597,414.1643574045775
2025-03-21 07:00:00,289.45391109953437,388.4833207272387,398.7531587010509,338.4107290236941,361.8722274881625
2025-03-21 08:00:00,225.63453164831094,312.9711576382277,375.91510175217115,271.70728670465917,305.2287186206204
2025-03-21 09:00:00,187.1451466329805,268.59252356712636,355.82748150526436,223.16847960056617,269.74008353916764
2025-03-21 10:00:00,163.77372377936513,245.49688449455908,344.76093081195654,194.00721655873068,249.875714524355
2025-03-21 11:00:00,156.33652232139906,248.4054087604045,350.5889033600077,191.39394831567768,249.14927319886297
2025-03-21 12:00:00,150.32378071405637,253.81001301041294,361.6083424556254,185.0085997482469,250.81214231982204
2025-03-21 13:00:00,160.43903216887793,267.70603187162203,362.4298058255256,203.9563169331579,259.7092487755663
2025-03-21 14:00:00,171.26849776817977,290.0047124842193,367.6542477139951,231.54700126821467,272.903169816079
2025-03-21 15:00:00,200.92828523718367,325.312385312708,387.46604986524113,256.3257710043705,302.82590835782423
2025-03-21 16:00:00,259.4156594655765,371.3380116100308,454.9260677150915,276.57000648122187,362.3714966575225
2025-03-21 17:00:00,350.01989013660767,414.836528297384,445.29096272718,339.8488118009505,404.9701405536523
2025-03-21 18:00:00,402.3684813013793,426.04935713839757,451.87140964474156,336.9508471000974,425.8772452039235
2025-03-21 19:00:00,403.99054632277273,431.23467929735864,449.54710799492,311.98623470806956,426.5726957102773
2025-03-21 20:00:00,409.222384002525,437.852723620743,406.8873916906724,317.07943262983196,415.452990207571
2025-03-21 21:00:00,411.2597326818832,445.5835395965931,408.18855359289944,323.97352237121544,419.22397277191095
2025-03-21 22:00:00,413.08927143576943,446.9582391527239,410.192783866354,321.3406229965714,421.069179225371
2025-03-21 23:00:00,423.397795693035,445.61137829820075,419.39821455381815,317.8247329038927,426.57542991363823
2025-03-22 00:00:00,431.00240311531,445.6698667527893,435.01180158906254,376.320749507024,435.9436794719491
2025-03-22 01:00:00,450.45730545578374,467.6506075265067,454.71194958671356,396.9939996154261,456.4049376606483
2025-03-22 02:00:00,458.9493886072168,499.21823328056513,462.2297480388941,417.33552230713116,472.7844811603055
2025-03-22 03:00:00,458.0453100742304,522.5704146430903,460.75340291448106,431.74892975286735,480.8393655014374
2025-03-22 04:00:00,459.4828128991347,504.7929419358916,460.43077640404994,420.9889483561183,474.6684645373244
2025-03-22 05:00:00,457.9651017208331,519.1147067609417,459.1188683125988,432.9919731096305,479.0770538852267
2025-03-22 06:00:00,437.508822220535,488.2082055597198,458.9261247593771,410.1660841274214,461.4135393653009
2025-03-22 07:00:00,346.0960283075485,407.5760758479128,458.2166227224122,326.3440967402507,399.5880879731685
2025-03-22 08:00:00,269.46861413847085,340.70688867736993,448.2121977119103,259.202657730091,341.82592756624746
2025-03-22 09:00:00,229.6900656115348,297.5453998737967,433.02723197846,218.0560372445772,305.6500279825624
2025-03-22 10:00:00,203.0831760155797,272.76504175221123,435.1144307468682,204.45035233699144,285.68656062603674
2025-03-22 11:00:00,192.13093972121692,261.95453867211677,449.3483639688767,198.73512772798236,281.194242394703
2025-03-22 12:00:00,185.6131572082995,257.0177418053943,514.9201641308523,187.56136958730832,292.48831552786595
2025-03-22 13:00:00,189.90691064139008,264.715261781915,511.13512830325436,203.23375939946862,297.94788542433014
2025-03-22 14:00:00,206.90165281615063,278.7854367628822,506.89366343681303,233.5873079481408,311.784071462804
2025-03-22 15:00:00,244.43496939184317,305.4870728026667,483.3513055257456,271.2831176812846,331.99281839795594
2025-03-22 16:00:00,305.50620024239055,361.6264151633091,442.4579183087319,322.6300047127668,366.170452690565
2025-03-22 17:00:00,401.01367619226426,407.74851243652665,457.4032866919963,370.5589959225474,419.07097298162745
2025-03-22 18:00:00,452.3497327890911,417.46146966585724,456.5660991713046,353.53189622288,438.4743472187329
2025-03-22 19:00:00,453.68453387640096,438.26376471362346,460.8489800823153,345.4374860616902,447.5874864826193
2025-03-22 20:00:00,453.8413708343897,452.2856499140223,460.6373317387849,358.39509211207854,452.68397246312924
2025-03-22 21:00:00,453.5402688789111,453.3461835861992,457.9545092142764,361.05857982721585,452.14310072970585
2025-03-22 22:00:00,454.44396372035885,466.67890449008246,463.54872288768985,365.6651418571196,459.10152739071145
2025-03-22 23:00:00,454.32715610504323,466.99693006419767,464.96875944430764,356.6593324539399,459.33555045323453
2025-03-23 00:00:00,454.2392835630718,479.2755693079468,467.9189484039957,370.7016292995258,464.7626851332512
2025-03-23 01:00:00,454.50477155328883,505.9150355371535,468.27298679553013,379.8936375685881,473.4367746133879
2025-03-23 02:00:00,456.1772421221949,526.9295112865482,465.16241746682533,387.9632800999834,479.89128886355206
2025-03-23 03:00:00,455.3756382410535,533.1997299302665,464.67865519125303,391.45669455244337,482.34620596861356
2025-03-23 04:00:00,455.1312851575665,541.7304131662784,468.2566786965606,396.05123013577827,485.9290080053081
2025-03-23 05:00:00,455.9198788016386,537.4616193280516,468.6454203251993,397.6314569308915,484.8773707127963
2025-03-23 06:00:00,434.740297740171,487.8563032786683,465.1504785167692,390.088070742271,461.36224682209587
2025-03-23 07:00:00,344.14105103732885,406.4068669923701,454.7691788185198,337.9838531767183,398.8856674358719
2025-03-23 08:00:00,271.13092188272157,339.67083260925733,443.18002754691156,286.58642010686566,343.5864597201264
2025-03-23 09:00:00,218.44133052077413,298.87739185259267,430.40518832664566,243.5077029320426,304.72485482531704
2025-03-23 10:00:00,193.3046589563227,266.27328519052116,411.2682147433718,216.95076065594824,279.2222971138265
2025-03-23 11:00:00,182.38894672575864,256.06258948863194,402.8542548681348,204.05756120925344,269.0710257239925
2025-03-23 12:00:00,180.38132557849713,252.1942196704951,413.31428782401554,200.41411977169676,269.8482492726451
2025-03-23 13:00:00,187.33778195321162,261.8101634063704,420.3985579030493,211.16709099229413,279.2160521189698
2025-03-23 14:00:00,206.8064884363618,292.8487666303332,426.7782957717697,242.80206362013502,303.23502392310644
2025-03-23 15:00:00,243.3252626275835,330.1510502330868,435.8962202041151,291.84330900518347,338.3051718602463
2025-03-23 16:00:00,309.90539486771195,401.7812126518264,455.04622121759286,364.7157843444649,394.1170714183072
2025-03-23 17:00:00,405.69302094579206,459.63970658646184,466.22492892192435,425.82074433427965,447.5257689157277
2025-03-23 18:00:00,452.2693029599324,446.82166826062115,459.13225858482735,412.79096347635783,451.79680072495404
2025-03-23 19:00:00,454.111736685773,443.1954677623901,458.34671337198233,392.7886691730473,450.2143330006538
2025-03-23 20:00:00,455.0467583595229,436.3776966183208,455.58501983959616,386.89218404486616,446.86082420547393
2025-03-23 21:00:00,456.478652016038,442.6693472680939,458.59053999176683,403.956324557768,450.7818407915953
2025-03-23 22:00:00,457.65574386419706,454.55560439993616,461.8548447401507,411.19902185452764,456.68637888993493
2025-03-23 23:00:00,458.0963698455619,458.08425332597847,464.4944787700627,412.9927801425877,458.9225435706931
2025-03-24 00:00:00,458.2077868526475,452.3946920818278,464.89249690271544,408.383545927896,456.59401390112765
2025-03-24 01:00:00,457.8635907812909,470.78747925623327,462.7377117778446,419.57384866144133,463.44735128240865
2025-03-24 02:00:00,457.54692229252447,487.2395487764032,451.9834472267185,429.8596265168053,467.5482057596122
2025-03-24 03:00:00,460.1392559265962,488.13877859901993,441.78457090650363,429.20103305849665,466.7612633530445
2025-03-24 04:00:00,460.2137736892691,485.9667495951124,435.0952204112932,427.99929726642426,464.6207661969199
2025-03-24 05:00:00,459.2502808650721,485.58577825512083,421.66089995336046,428.6170990097126,460.49648467476186
2025-03-24 06:00:00,437.2515443786524,462.1176973691603,398.8377991484981,408.8033624657531,436.7277247653783
2025-03-24 07:00:00,347.9301269689464,399.4002291755445,402.76744989484456,350.8941681496999,384.810502015304
2025-03-24 08:00:00,277.75441079673374,333.4490833688675,391.9111900554995,287.36253900366086,334.3581275216394
2025-03-24 09:00:00,235.23059955259905,290.3559222310894,372.46375181957313,243.419225580498,298.8741752322955
2025-03-24 10:00:00,205.85559894544076,263.85247259959044,363.9121450391463,220.01864919627562,277.50708655412046
2025-03-24 11:00:00,194.62938409079362,255.5608458876044,365.5485286947764,214.85018230529644,270.91444304588543
2025-03-24 12:00:00,193.238493777472,267.1030293551934,380.7848396827576,213.39710398367916,278.3885282403857
2025-03-24 13:00:00,207.60699112161802,291.48554906652294,386.1312917469806,199.97610353395658,292.7276647456961
2025-03-24 14:00:00,229.25676530768348,323.19784739309944,384.46704072280676,261.54218987551945,312.46485088021876
2025-03-24 15:00:00,262.7284858571702,348.3988686474732,392.2197770114247,305.1003239779795,338.0168506330386
2025-03-24 16:00:00,320.17081447494644,393.85728687274155,403.0935634718455,355.46191629893775,376.7554594110527
2025-03-24 17:00:00,407.9328286952413,456.06562678980316,411.91499078942263,407.69441127121394,426.50733418922283
2025-03-24 18:00:00,453.128787833668,485.15411662680907,416.6321258074131,416.23974321490493,451.4999591744324
2025-03-24 19:00:00,455.32687559223314,500.3766684281699,416.73295650008765,405.2549206333056,457.2710927892274
2025-03-24 20:00:00,457.14166605745925,486.2070453632414,413.76095864202944,390.58687804124656,451.5282610504456
2025-03-24 21:00:00,458.4584512346563,473.93716836392446,412.32833189587893,379.209708223915,447.1100860654445
2025-03-24 22:00:00,458.6841429716094,466.8454765342661,408.3838952501388,387.3113406753573,444.2162677529322
2025-03-24 23:00:00,460.1728017526085,458.1591728389145,414.0131077443483,387.8717954695416,443.016812358138
2025-03-25 00:00:00,458.74998873847954,447.93182282734466,439.16833082593985,379.24616356105145,447.3930399439488
2025-03-25 01:00:00,458.1460248069574,440.36143506786397,471.89026915220825,372.5455129710875,453.77357192829686
2025-03-25 02:00:00,457.87150511224485,459.3347530697804,479.52376867729413,384.8986069717048,462.28726653329727
2025-03-25 03:00:00,457.33788957545715,465.58968019197806,476.8106945101541,390.89450432505845,463.78980843498044
2025-03-25 04:00:00,458.94432367202023,463.2434994000001,464.8412737053024,388.3839020662813,460.4423689617777
2025-03-25 05:00:00,459.032658331007,464.3824860824506,432.58308934488093,390.90919315813807,452.11747059061565
2025-03-25 06:00:00,438.34472083070574,435.9500461723611,403.6331375464646,368.6638189821236,425.6410625821271
2025-03-25 07:00:00,350.6193123829037,384.5081746637709,400.77704104112996,316.6889359620697,377.3574098534067
2025-03-25 08:00:00,279.64589285519276,326.24681252722013,387.95805253653054,284.20958972095553,330.93522060429166
2025-03-25 09:00:00,242.26942502119124,286.0588901656146,367.36613137412945,250.4307452982366,300.037839585763
2025-03-25 10:00:00,218.24288944062621,265.3147409839522,357.33205046581037,232.1010267415881,282.3376803805407
2025-03-25 11:00:00,211.3290426357907,257.93627293266405,362.0525613727135,226.22427088334638,278.02160514455187
2025-03-25 12:00:00,204.8342035943376,264.97570057166496,371.85902084648325,224.61719068514006,281.6886449509482
2025-03-25 13:00:00,213.09986259790838,276.8764943865215,378.74934607064387,238.4138971140146,288.02707296689493
2025-03-25 14:00:00,227.65159453430473,292.6101553792456,372.833345517733,258.7262715844558,299.56861919275383
2025-03-25 15:00:00,258.140240169922,321.35531752362425,382.7629127219652,291.56143483910637,322.76837373062347
2025-03-25 16:00:00,315.7067297291184,378.26779564501885,392.60971055598185,344.58361433238287,365.2540601548112
2025-03-25 17:00:00,408.7532561000617,438.03724190620744,406.5196012983609,385.22661515487175,417.54369522772186
2025-03-25 18:00:00,449.4751483291178,447.3222949846431,412.4682595502274,371.8789635701485,434.4240377995625
2025-03-25 19:00:00,451.8702514434486,476.52169768741777,417.32905710388377,385.437270609716,447.0680654730395
2025-03-25 20:00:00,456.65503545714785,465.18876350074567,413.96272673232875,378.491131397603,443.97459207568016
2025-03-25 21:00:00,457.33070467191726,460.37070645110157,411.2128039800539,373.0188251892955,441.7161658086812
2025-03-25 22:00:00,459.7642850760915,464.3353055903076,410.38242934068154,386.4844241267318,443.85965659934857
2025-03-25 23:00:00,460.2677588073179,457.0509207881298,408.8045656689845,402.2223965763794,442.46118604291513
2025-03-26 00:00:00,459.0997876126,420.25456791469315,438.74451895470503,376.0655441477735,437.76257254877265
2025-03-26 01:00:00,460.19650971071115,444.0559636624033,470.8465635521371,390.0414448613415,455.54771502957954
2025-03-26 02:00:00,460.32020547150086,467.5274295041996,478.4841647343606,407.3304171240316,466.3290987898022
2025-03-26 03:00:00,459.8663004248719,473.52569434349374,476.7157893147653,412.634477264732,468.1410648895845
2025-03-26 04:00:00,459.54010893629453,476.8523240332058,462.5893602115881,415.24527047334067,465.6716538751991
2025-03-26 05:00:00,458.04806871522914,481.33587595775117,425.8371224520905,420.2192468533651,456.5599890544912
2025-03-26 06:00:00,442.0524014770387,458.72570080471775,398.36119589393786,402.22364585481876,434.12579855077774
2025-03-26 07:00:00,373.44040270516876,398.3291449419256,403.26864094877635,359.1596905674869,391.0632590656948
2025-03-26 08:00:00,286.38203029786183,332.5178078086771,392.9205186974064,291.0895650765487,333.01592697312213
2025-03-26 09:00:00,248.31474806027455,286.9260765579704,364.9009859321836,251.02146372068515,299.13218475897355
2025-03-26 10:00:00,220.52630079796927,274.7121345303457,359.02036177450884,235.03885468033982,284.6324609208225
2025-03-26 11:00:00,218.68131486146385,273.2704922472646,364.69599146680855,229.65513161056575,285.00131594532814
2025-03-26 12:00:00,212.3473764327853,277.119240991226,372.7404946277772,235.3410931370995,286.8966749837849
2025-03-26 13:00:00,221.37501171219773,301.1248519978421,378.9822486637946,255.16488847787565,300.56930486474516
2025-03-26 14:00:00,232.36400695034573,328.0735693542234,380.87292856001244,282.50595455970495,318.00130367478073
2025-03-26 15:00:00,281.6632579347364,382.44559120864835,398.5404919054389,342.81650219739436,361.11082651668727
2025-03-26 16:00:00,342.80533668419804,430.93653166758304,408.853736520339,390.84455110977456,398.4594187745407
2025-03-26 17:00:00,409.5310361720885,483.10176552266665,419.8224371924673,416.93289444751144,435.9057653104398
2025-03-26 18:00:00,455.5971099976518,477.872414989771,413.3823893951975,399.61883828685245,444.6050615240918
2025-03-26 19:00:00,455.2809615122134,476.5017921716359,414.89039101788023,398.17243224585764,444.8084796778545
2025-03-26 20:00:00,457.92468375019126,469.0237850972836,414.96493407328444,393.0368156306481,443.2918235747352
2025-03-26 21:00:00,458.63333487540785,461.0320665718611,411.95852953001713,384.89121574734565,439.9305085341486
2025-03-26 22:00:00,458.57102646586134,455.5461952795039,411.7875104262705,377.82304319800215,437.7232362742935
2025-03-26 23:00:00,459.1597639564039,460.1978909203807,410.48023029241324,391.8659466653984,440.03615813756034
2025-03-27 00:00:00,456.0615346994728,473.49063561117964,431.3082088746482,410.3132039276033,451.1695966940069
2025-03-27 01:00:00,455.2052364313978,495.6943594869062,455.9872124759531,424.44568289367305,467.29139629099603
2025-03-27 02:00:00,455.53663739913,516.8318154772952,463.4832585829281,441.5691258892724,478.4400031255936
2025-03-27 03:00:00,454.6954618403594,516.9740163587443,460.28982753141247,445.37334081049437,477.70548392629155
2025-03-27 04:00:00,455.20600474235573,518.908316328718,448.86516678214895,447.17092535587733,475.11586155775984
2025-03-27 05:00:00,455.81256393836196,517.3208292819668,425.58451792045554,446.79920212209976,466.49863043537425
2025-03-27 06:00:00,432.60777538265023,499.9165861939687,404.8718312179377,429.06031963745465,444.71829590696035
2025-03-27 07:00:00,344.99799430553634,439.0550083436575,397.5056809930391,356.9670498620019,392.3758179966933
2025-03-27 08:00:00,276.73498695895586,373.43706040920915,388.14742000566184,293.79588244213,343.20393001494426
2025-03-27 09:00:00,242.17612788983536,312.0602846170326,354.15753508118576,246.55210905617386,300.7763943788976
2025-03-27 10:00:00,218.50444772918812,270.8708446605289,341.6400749161282,229.7387672553535,276.26702919974065
2025-03-27 11:00:00,209.19925594744396,259.2403640055868,349.6119189670984,219.72330307430158,271.679951605462
2025-03-27 12:00:00,205.05985743969777,263.53602681648937,358.5525223208715,226.63991985470085,275.9732640805213
2025-03-27 13:00:00,211.55887833074536,280.5556205953636,372.5043930926712,240.46861343863222,288.5042359819395
2025-03-27 14:00:00,225.79768026875146,295.7324876903687,367.4856670579054,261.4602038869509,298.0245470605882
2025-03-27 15:00:00,256.4753726300681,322.68977450865816,366.83742846493254,290.57229847829905,318.62502922520883
2025-03-27 16:00:00,317.76827730688586,355.98496501107047,376.04243967981915,314.91197348195413,351.3393506169145
2025-03-27 17:00:00,407.6561905426883,399.36676411446865,388.71591584908583,356.4112630895957,396.85685492891076
2025-03-27 18:00:00,458.33446514467624,433.51707238979606,399.9222373816253,394.01428924653135,426.5984092904186
2025-03-27 19:00:00,456.58022053661415,472.93423192169655,408.4251718426504,423.3344158003303,441.4859567103073
2025-03-27 20:00:00,458.00311959462937,499.8023056503767,411.6776552900211,444.50595984657696,450.32211481358803
2025-03-27 21:00:00,456.42970289543473,516.0097658600582,412.57174738726786,448.49286815871915,454.25399547037057
2025-03-27 22:00:00,456.9121111413763,501.21883222548115,404.5754384434852,432.74653581795087,447.110078365028
2025-03-27 23:00:00,457.72551032068685,481.8575928090117,401.1230419796417,417.35002129283674,441.7720530035298
2025-03-28 00:00:00,455.9555561151267,466.24872233437287,414.3600003560288,405.7260783904436,442.8973876438209
2025-03-28 01:00:00,456.29122938814453,452.5117629837342,441.95360116933847,396.2665991161327,449.21428772077616
2025-03-28 02:00:00,453.70349681044274,470.816064556105,450.0244242913198,410.582712907949,457.0741159037266
2025-03-28 03:00:00,452.78832901245437,489.6178425308514,437.4584105796051,391.3364448092667,459.67802221197275
2025-03-28 04:00:00,452.2451755077766,499.54724812715494,421.9081718512221,396.4737775966509,459.05120461771446
2025-03-28 05:00:00,454.0125610359248,507.5235638998247,397.85629290127486,403.8807290091343,453.77640376278293
2025-03-28 06:00:00,434.5051135002251,479.80629225143787,385.0125667232715,381.0682804128798,431.8028573308926
2025-03-28 07:00:00,347.04484961733954,399.5330295708081,385.0547970161455,326.79144729768706,376.3806160100762
2025-03-28 08:00:00,280.21664364748824,322.75836020837625,370.5798621960099,280.78679426906723,324.8173347240019
2025-03-28 09:00:00,245.59286065093806,262.60478484216856,347.9422941544604,238.20374724154175,286.58172462195364
2025-03-28 10:00:00,276.91230503488407,240.2998000101219,329.305986135011,229.01247901725898,283.43191020111885
2025-03-28 11:00:00,255.63986574505284,232.74459746295568,334.2316690767436,220.5965189657991,277.04268266886874
2025-03-28 12:00:00,297.9025535695219,262.7498106412179,352.7322666036319,253.94601375937046,304.6521330731924
2025-03-28 13:00:00,229.59161753405328,271.40744237000035,359.2566199804949,253.4177940681132,292.6473611736699
2025-03-28 14:00:00,230.11851696018027,296.61322582209027,367.4387472440602,273.67072224394457,305.208317381598
2025-03-28 15:00:00,258.7433279194096,334.3192122901995,378.65417371547795,309.2381662534296,330.789380801597
2025-03-28 16:00:00,317.24668854226906,355.23259375911925,374.07951324792475,328.31377241091946,351.6848447065924
2025-03-28 17:00:00,408.9048918842966,380.22811655431303,380.70421231503576,357.56355837537825,387.6421305318544
2025-03-28 18:00:00,453.8219363814539,363.28286982995303,382.9785041214497,349.9631253528053,395.45897836086874
2025-03-28 19:00:00,455.34609904380534,348.0257876809071,369.4358353695891,337.6690149874526,385.58771356680177
2025-03-28 20:00:00,453.51023285060995,355.45510175119875,369.5356092312694,345.1671829021345,387.5021163122206
2025-03-28 21:00:00,453.50455091228025,349.7622189340065,366.6986989084116,330.3574578742191,384.36903577644546
2025-03-28 22:00:00,452.9607481397479,325.2468895717697,365.1667585837545,308.74116571200636,378.943475649078
2025-03-28 23:00:00,457.27404527332106,317.0490294041803,370.2492376758336,299.0057902942427,381.2419554878811
2025-03-29 00:00:00,455.6872801355839,338.3418843655826,392.721661019849,315.15534746128293,396.1520330569389
2025-03-29 01:00:00,458.09359563306054,351.5773583733507,414.2271783028164,322.10711899166216,408.5753053214545
2025-03-29 02:00:00,458.42120335237763,371.5190912816059,428.00626754875464,345.8877712089189,418.860095513159
2025-03-29 03:00:00,455.9072959117622,386.52090027441494,429.7397162353168,360.1667167877148,422.76638200968017
2025-03-29 04:00:00,456.62704890935316,383.9518733117841,429.0344850858813,359.0404148305688,421.9240953987225
2025-03-29 05:00:00,456.73787564247726,378.0031336553353,423.2683559936745,353.69449284827965,418.6168548185201
2025-03-29 06:00:00,443.83413313922114,341.88684982067855,410.15112410591144,328.4057336624752,397.3883274660276
2025-03-29 07:00:00,414.02701833013447,332.33226806892816,403.65055727384447,317.86372042884,381.30666604974317
2025-03-29 08:00:00,334.2235917184595,327.854902632979,399.1262193016046,296.237188059876,354.6266513733301
2025-03-29 09:00:00,245.79995015649664,317.1546062190805,394.6633519919956,274.2711020114576,323.022758554309
2025-03-29 10:00:00,200.03803404250874,289.957901064964,391.3298086781412,252.80738513155168,298.3900463607376
2025-03-29 11:00:00,224.08300195591892,270.05109637045285,375.25600941079495,236.8627656126595,295.35017771947525
2025-03-29 12:00:00,298.87749054473966,303.4523622593756,384.2392022794485,275.18034349218937,335.43932199777623
2025-03-29 13:00:00,297.02278840732157,297.13237704094564,403.91355268298776,270.7623014940075,339.84190450349803
2025-03-29 14:00:00,285.00956442487995,324.8900417245743,446.97370819841166,292.18632207193986,365.28737663121956
2025-03-29 15:00:00,264.7775537793625,322.43881365608377,424.94971083579475,288.139409333129,345.1199817327772
2025-03-29 16:00:00,351.6651607190044,316.2777855338073,430.2197002998404,293.40592992562694,370.69052750136774
2025-03-29 17:00:00,430.68015688136904,299.50767427392486,430.22666294203356,280.2517861104437,388.5047913356264
2025-03-29 18:00:00,454.1744684795418,296.1510739170151,428.5104346896382,277.7286958930367,392.5929969512898
2025-03-29 19:00:00,453.63985091196486,300.6631608769039,416.89372441814544,281.7130843873516,389.4099670306155
2025-03-29 20:00:00,454.3102845949521,331.49291457797375,392.91092186563753,303.21389286329725,391.00449472557557
2025-03-29 21:00:00,455.0658277200889,340.3842634547954,393.4939324551426,309.2360821942415,394.20345094238826
2025-03-29 22:00:00,456.2960900984993,338.6952327505789,395.05966898710005,303.17555772328745,395.5618149937554
2025-03-29 23:00:00,455.66969284011736,342.3880609137868,400.8999338319921,311.5470479810078,400.9742909629925
2025-03-30 00:00:00,457.2265042279343,344.3224649767858,409.47596221294043,320.8054914262707,407.00841222896287
2025-03-30 01:00:00,457.51045162316984,354.959330699403,421.9465182880829,337.2170545800313,413.89142154196657
2025-03-30 02:00:00,457.16135414574876,365.9802525254468,432.520466497108,344.71214126762413,419.4229661238693
2025-03-30 03:00:00,457.2055273253185,368.23281374974255,436.43722911583137,344.75706690498674,420.9258335482616
2025-03-30 04:00:00,456.48910457920175,380.8381918143183,442.5267815465787,354.62758872293506,426.03194863477285
2025-03-30 05:00:00,455.7504637426134,384.61449291381643,442.12628449672167,359.10096641308706,426.60223148631417
2025-03-30 06:00:00,439.21724551477206,351.8405177572167,436.8113223241933,335.07106958995763,406.98231843664496
2025-03-30 07:00:00,378.4239331931526,363.86634391772185,432.8468562438024,329.2603495401393,391.74440073179437
2025-03-30 08:00:00,341.8048444528925,381.3276007349326,430.5070709068875,342.36269055256963,386.72946681429784
2025-03-30 09:00:00,220.78343521461224,351.6429570182514,429.25344505689554,303.5096246091706,332.79461443573666
2025-03-30 10:00:00,216.53553191789746,297.4315049225499,406.5762117605111,262.1215613886014,310.15884784966005
2025-03-30 11:00:00,206.64761916545882,253.97114826545558,385.574897164203,228.60505053179446,285.78322021923555
2025-03-30 12:00:00,240.58321937864596,283.4594557650979,450.0888624900306,258.1799773543509,332.32711524589024
2025-03-30 13:00:00,289.4288336422525,314.67134600796254,464.1486188097954,292.59855563401567,363.1527592440856
2025-03-30 14:00:00,311.6817272518206,330.36029227936507,464.8655452378737,307.98444942179475,373.96561221359457
2025-03-30 15:00:00,354.75994422278666,364.88894935786993,418.3453826102345,329.61898837086585,382.1386487432982
2025-03-30 16:00:00,413.51773280306656,372.2322137483469,415.71553894973727,339.2828405461516,400.60446723402487
2025-03-30 17:00:00,429.72188139162677,383.2665545921587,419.39951037022195,348.15916970359814,409.7677643882059
2025-03-30 18:00:00,451.15204322537534,383.39949461924203,420.6404560465104,354.0593635942449,415.793558675693
2025-03-30 19:00:00,451.9495281871156,370.43375396720876,416.9230238887707,343.1131671834548,410.66124385727494
2025-03-30 20:00:00,451.90095959920285,386.3006542317541,421.79307894319106,355.0857404311861,418.5956660392653
2025-03-30 21:00:00,452.44311117526956,377.85196498506525,418.9552909621408,349.739914905578,415.0934228845455
2025-03-30 22:00:00,453.6637972390723,360.49641474044995,417.4372803664611,336.1186019601661,410.7847605322535
2025-03-30 23:00:00,453.26587063693427,401.69783849302496,430.83520448092196,360.92827181748214,428.41896190109037
2025-03-31 00:00:00,454.00068268543225,439.7318787966295,441.9709991120956,379.54388556369815,443.7826297668396
2025-03-31 01:00:00,454.71818507098817,454.8454759159333,445.44375405359796,385.56475369300614,449.67391314388595
2025-03-31 02:00:00,455.1252903741958,478.9344730870959,453.03147929166386,404.7599982209419,459.9613864711846
2025-03-31 03:00:00,455.5094964919459,469.744181531354,449.224732844167,402.225108014865,456.0450580316848
2025-03-31 04:00:00,457.06067707432936,460.5175274690377,434.6615129276862,392.60093192846847,448.0847584826787
2025-03-31 05:00:00,457.6419133065991,452.1396793109401,413.72479678640144,384.12797983128456,436.9902955948989
2025-03-31 06:00:00,444.07663518732556,422.2534385848723,389.4062713143323,351.49579912116866,413.6741022436361
2025-03-31 07:00:00,416.58038215425825,401.7376318890749,385.05968843566006,286.656844220429,397.02200508445407
2025-03-31 08:00:00,319.6554971669263,364.2378414205376,378.4254807818587,228.3785309157936,353.2022691756927
2025-03-31 09:00:00,315.8045447079761,346.19454234252936,373.9947519305496,213.6308057687859,345.7683061493279
2025-03-31 10:00:00,389.90640031287035,343.771450524241,370.8859192432057,211.50369816885205,364.96966921962377
2025-03-31 11:00:00,381.9250332093008,385.20469027896917,397.9239021255588,215.34674630044344,387.1660809832953
2025-03-31 12:00:00,284.13692304975854,406.4116577791202,416.51091903431563,211.47115274606185,371.33835901643
2025-03-31 13:00:00,292.8598630215821,423.6731106037011,459.10556296514903,259.2453918119311,398.9085300746775
2025-03-31 14:00:00,248.7200154896761,403.67157664705184,451.77058082407257,254.52507759209348,370.42799507305944
2025-03-31 15:00:00,314.5299921024747,426.4404078651195,454.8704985031108,270.64413206712214,403.0476210160075
2025-03-31 16:00:00,391.22452138538836,417.60983043225303,434.1663552212831,280.2109108300745,414.9221286797946
2025-03-31 17:00:00,442.5608048855394,375.54217900894287,377.71343593407846,247.06341111824173,391.6366103933189
2025-03-31 18:00:00,455.93696045128564,350.89709863842774,372.4561063693645,255.0598299415741,385.39006040422805
2025-03-31 19:00:00,457.55592710667884,345.3734876473885,370.97559831890317,267.17414596126656,383.42184120771594
2025-03-31 20:00:00,458.23683439445637,378.6545281678875,380.7346879295731,309.16187268071747,398.96323733484775
2025-03-31 21:00:00,455.67050338859394,378.41562151874973,381.90963887646984,308.5911561203539,397.5556624754534
2025-03-31 22:00:00,456.2790884767737,376.09278011231805,380.2146169778324,303.940666414504,397.4422370009235
2025-03-31 23:00:00,458.279307194521,369.2694466962491,382.0356168142088,273.13727739563717,398.0329564391632
2025-04-01 00:00:00,456.2157191912993,371.3308014589106,398.08143574446405,255.15152822686304,404.69664600128726
2025-04-01 01:00:00,457.6570067566098,382.3259800655708,419.9019967168391,255.1597985912723,416.6811087400664
2025-04-01 02:00:00,458.2198110237805,403.28578198417864,431.08861837867306,264.6482995066897,426.64873061523093
2025-04-01 03:00:00,456.88854584385047,427.611933668609,433.37364427538853,285.4571815250858,434.93500236935284
2025-04-01 04:00:00,457.388577252172,414.7231307042586,424.4191395786946,283.85510696748287,427.22338239861114
2025-04-01 05:00:00,457.6409388172313,417.82180432821684,408.46801294302986,291.62633752454053,422.3214858853693
2025-04-01 06:00:00,441.70339546473014,376.1407794406829,386.19046414192746,265.8669814548153,394.80044801436946
2025-04-01 07:00:00,373.3042289181648,350.50581781796154,380.1197142196123,237.48254643080492,365.91358914271063
2025-04-01 08:00:00,322.70776092543065,340.0333063540641,375.1357321803466,219.05252030643487,345.9120061511598
2025-04-01 09:00:00,261.74580810137775,298.7336513124395,359.0052910290183,190.3391237683661,308.5582608327698
2025-04-01 10:00:00,248.61139067625012,267.67499241112256,349.2106148174419,180.94458810059513,291.19739481078096
2025-04-01 11:00:00,216.31572773640795,267.73417383167043,357.98995309462936,180.67864211807765,282.8227327007356
2025-04-01 12:00:00,267.0512569135144,308.641659043003,385.31318563224715,216.98470922720622,324.32140452490955
2025-04-01 13:00:00,277.50277863618385,341.06975543334465,436.22735221352343,224.01072990791738,358.38856480171927
2025-04-01 14:00:00,309.519563368883,325.8124351284882,384.4550255236298,219.11336588490374,343.0734276148646
2025-04-01 15:00:00,320.4880028433365,319.70383296766903,365.57935258424146,226.2516126582129,335.94002633968523
2025-04-01 16:00:00,367.0990181942217,331.7416768815097,370.76769034000574,244.1109654556814,355.13856954302605
2025-04-01 17:00:00,415.37721249760625,374.0909738485848,389.4979061630503,269.34620737441077,390.1535639124165
2025-04-01 18:00:00,453.0268690941923,373.7740434418982,385.4088780549955,288.5475607800246,399.04796992918523
2025-04-01 19:00:00,453.0367005973451,356.8249938526109,384.24559332191757,264.9750596483188,393.3772991919534
2025-04-01 20:00:00,452.84612630976477,379.56593421536894,388.5178237211621,289.26050733428343,402.66955030900715
2025-04-01 21:00:00,452.1960005268584,377.3956243223063,384.5253023888838,288.4369308676429,399.7778479750243
2025-04-01 22:00:00,454.21035331543465,380.22535643330644,384.4621419773529,282.9538512150487,402.27013948873804
2025-04-01 23:00:00,456.37897305459836,397.00218142429776,392.0701546280861,294.4867982751299,410.22318177680535
2025-04-02 00:00:00,457.3203638649398,410.5456256650088,410.70221633961046,302.05696500700356,421.8176311295049
2025-04-02 01:00:00,457.6146392518618,415.6888404063139,431.0644878351943,300.19716168187585,431.4118593624603
2025-04-02 02:00:00,459.2699018840551,421.284316286975,445.2810769016532,307.6561933845404,438.75907794310007
2025-04-02 03:00:00,460.10066839092553,441.5806666137011,452.7013105469736,317.0578878332385,448.3981940784066
2025-04-02 04:00:00,460.16470752399044,449.4467176372487,448.38792929199275,341.5315913167002,449.6570060860505
2025-04-02 05:00:00,459.50355973755137,470.1161636239144,422.8920376044959,358.79089998517964,445.7803042925757
2025-04-02 06:00:00,455.4982746233944,445.2603236877728,400.6498747380641,351.8989865400406,428.1156658113471
2025-04-02 07:00:00,436.605379064622,404.58238151771224,393.48103165435634,344.62810673109544,407.8451251373893
2025-04-02 08:00:00,416.19967412480736,360.05347937282136,384.93859911744823,336.51777157452506,384.5563726475007
2025-04-02 09:00:00,400.16659403591467,337.0211838335,378.4755755129161,320.66256593593437,369.21192917326346
2025-04-02 10:00:00,379.236960720459,299.3279207753594,365.98961481799637,285.2765516230198,343.2651436333891
2025-04-02 11:00:00,338.97186568168166,296.4692243467043,368.2918586226786,269.59806457545915,332.0014229085258
2025-04-02 12:00:00,290.49830104784,301.36987776053746,376.62921298762444,282.4823189541655,324.26722098972465
2025-04-02 13:00:00,277.44357777544775,290.87042280717924,374.4348892830451,269.29024421240155,315.9120674314955
2025-04-02 14:00:00,343.42466481340523,326.4228467910545,379.57213042511563,308.6922433713848,349.56787177068486
2025-04-02 15:00:00,378.3835986985018,324.18351751007356,382.58298274445116,304.8015755397429,358.9514400760621
2025-04-02 16:00:00,413.2312052738974,350.22092197029474,395.45739912704374,316.5493605245413,383.6208791002523
2025-04-02 17:00:00,437.0781368156937,374.51746853637485,413.5574271140929,333.74527845538546,406.7827522896406
2025-04-02 18:00:00,455.4041999472641,366.58315970640933,447.79652597706377,287.66962510255104,422.3949908971984
2025-04-02 19:00:00,454.9391423602502,360.6892753182203,451.6526130530386,277.28006888472254,422.31806964265786
2025-04-02 20:00:00,455.91789746774964,391.787390978266,440.52579142417545,294.65707520672544,428.9306947715988
2025-04-02 21:00:00,452.44880477925153,407.287660136775,399.7982076876141,318.99804686194074,415.2490256924758
2025-04-02 22:00:00,455.4424258177422,424.9584060756164,406.2619756158053,324.5090673217108,423.7655073273489
2025-04-02 23:00:00,455.5779636981301,456.66112109248394,418.6048932815656,335.60165543835217,437.4030721549841
2025-04-03 00:00:00,451.9045306887071,493.0877192493421,438.910052063384,372.028434708418,455.8470749858488
2025-04-03 01:00:00,451.2546309628433,521.0037530238574,455.51749197866013,387.35838926964215,471.2031698562744
2025-04-03 02:00:00,452.10176139718226,541.8456083116788,470.45183377149834,394.56576363502796,484.0134479004725
2025-04-03 03:00:00,452.2632506169909,561.9443042382264,470.9342007142407,404.2477825535989,491.55825448878016
2025-04-03 04:00:00,452.51197449969004,567.723843206818,462.45831957020647,407.09867015265945,491.0980614640521
2025-04-03 05:00:00,453.5124758242972,597.1064351251041,458.5354231956636,395.23398368051846,498.0809718716428
2025-04-03 06:00:00,441.426801701741,557.1994346963692,444.82794580318495,364.5355854497079,477.3988382026364
2025-04-03 07:00:00,393.5109832654,463.58376527002684,440.9476441197484,320.4906991317426,430.91933019022724
2025-04-03 08:00:00,312.7845869063392,394.87449573866894,434.9669779238928,323.2516408319439,379.2169968508077
2025-04-03 09:00:00,290.6338550619853,350.19790408794114,425.5711790025118,305.2325326507385,351.2277627489891
2025-04-03 10:00:00,232.50396422238532,318.30183147114354,416.03581259798017,276.65568463557565,313.27970230234564
2025-04-03 11:00:00,221.85129992490465,299.445030837586,413.4798935776172,257.5080310913434,300.86190546344216
2025-04-03 12:00:00,215.56018782746398,294.2666758885572,410.2864039997467,255.7712091857349,296.38483162269597
2025-04-03 13:00:00,241.67566725892002,304.6807657383928,409.028954593462,270.0960020541771,312.21521433652333
2025-04-03 14:00:00,279.28385049275687,315.2811360236107,420.41204893042294,285.3485227968962,334.5097057938761
2025-04-03 15:00:00,322.15314771783903,340.9032279227506,419.16503942020637,305.553422374832,357.83444500201455
2025-04-03 16:00:00,365.01916175262204,373.726304492709,413.24897684602337,297.50209568046955,382.06068598153354
2025-04-03 17:00:00,405.67536704491187,396.66942537923785,420.91728974458994,305.02175594051346,405.9740970576712
2025-04-03 18:00:00,451.91078070939585,406.3201149398975,426.4019242624534,323.6329671625165,426.6863475448691
2025-04-03 19:00:00,452.1048263817036,445.0117112513161,428.8116762648527,348.6429614822128,439.21483122980095
2025-04-03 20:00:00,451.279369048519,457.60197665406486,428.85865215719286,362.83252934164886,442.92131967546595
2025-04-03 21:00:00,450.88859822329465,433.5417811326825,426.93047240782664,335.8621769856464,434.35191973168025
2025-04-03 22:00:00,452.00800198070834,459.6884067155189,431.8226829878105,358.4717707980224,444.6455649294677
2025-04-03 23:00:00,455.58664907969876,461.9192364281535,440.0337917949123,346.21656119528694,448.8619501377837
2025-04-04 00:00:00,452.24048455581465,470.1229629031028,453.0347340859008,351.3420755457448,455.335141062906
2025-04-04 01:00:00,453.92168540665676,489.07725207584144,467.88462124782455,359.9836888245495,467.3603523605311
2025-04-04 02:00:00,454.1126262965543,519.3912306180046,474.26488068292787,407.20443990379516,480.42529913153817
2025-04-04 03:00:00,453.6107315623563,540.3904434424361,476.8054063792384,425.3541962177007,488.7546060842658
2025-04-04 04:00:00,452.9797629446092,535.9684894040831,478.0871206124857,423.0173100204142,487.9926832334666
2025-04-04 05:00:00,451.9137552531389,535.1137731174094,480.3019433501555,425.0872048278307,487.9363047178968
2025-04-04 06:00:00,425.9085665534133,504.47519880563027,481.1159282199036,410.405945964899,470.80919624391584
2025-04-04 07:00:00,345.7863347656615,434.63589710129264,477.8586413754245,347.7216590758987,420.7708118036134
2025-04-04 08:00:00,281.0027611307149,381.2743551525446,464.86569936236316,291.4726047911752,373.1266462178907
2025-04-04 09:00:00,238.52127312841495,344.05097965644563,449.4455353342445,254.42579876468915,341.19561323690834
2025-04-04 10:00:00,213.7135595733697,319.22855646110287,448.3676036827462,242.32683926781834,322.88762833397715
2025-04-04 11:00:00,204.46467987911848,306.4031444430303,454.4915657791004,242.79173749905553,316.6805101951055
2025-04-04 12:00:00,237.4980606479188,330.3464280222127,472.4245606149791,269.7831428330608,344.5956105788557
2025-04-04 13:00:00,240.83332323236317,356.22248774140724,510.11960936464055,293.83489246476245,367.5531751741505
2025-04-04 14:00:00,243.0492361417519,378.451115318018,498.9788249698001,324.37105722588456,375.14572330910045
2025-04-04 15:00:00,314.65550892828264,435.8106544437321,479.2057739411827,384.4264603512815,416.4971695598907
2025-04-04 16:00:00,357.0840827692129,518.7921594304293,487.98421284257887,449.0648430339308,459.7680531888682
2025-04-04 17:00:00,418.19790639491856,565.9385178596107,496.24717094108394,483.26069606091346,494.98209978830596
2025-04-04 18:00:00,451.0543377525976,575.7266589893048,525.9821145322509,440.06833576126,517.9043957956538
2025-04-04 19:00:00,451.67699120436333,580.2178339248301,540.7559722216633,433.10412534215135,525.3735305850067
2025-04-04 20:00:00,452.02326413277433,565.8648343294868,519.7523699042356,426.83118224640884,513.1694906736533
2025-04-04 21:00:00,451.83699903158913,554.2750762084438,494.46463965823625,420.0226603770295,499.7216585958384
2025-04-04 22:00:00,452.00407978406275,542.9525515645772,491.7908437701092,414.6799954797556,495.1619817330039
2025-04-04 23:00:00,454.5232941234703,542.0285277024743,493.26864367107925,415.6248982546782,496.32555290035634
2025-04-05 00:00:00,454.15351658794845,526.7975941541138,490.01091564727915,401.1491752411938,490.4639893890411
2025-04-05 01:00:00,455.90067573299046,507.5522821062925,487.15067620190354,415.6889280072337,483.4426650082667
2025-04-05 02:00:00,457.7516967706664,510.24361517306613,492.62634344766246,442.0239388531613,487.2250347760986
2025-04-05 03:00:00,457.51928547213697,513.1654858360804,495.8195588778755,444.65559404004324,489.08661715312616
2025-04-05 04:00:00,458.185212388806,500.1455550522223,486.50457211464084,435.64517691683864,481.8571184359375
2025-04-05 05:00:00,457.8610605335431,504.97146729892097,479.91513925520286,440.67103139735684,481.0161250080638
2025-04-05 06:00:00,451.9182624840331,492.0141585229362,472.06056299425603,435.0737562056556,472.5110076810491
2025-04-05 07:00:00,433.9111661396603,497.1988493798905,476.7894868114673,437.18878720726303,470.54915504494085
2025-04-05 08:00:00,405.70765885073854,485.42604842964164,475.66885211805715,425.07298368156734,459.14017962369195
2025-04-05 09:00:00,373.7240596184716,453.38729268114844,474.1376379918922,398.96342085686354,440.0037046042624
2025-04-05 10:00:00,273.5480392527275,393.8048392802473,472.71100976798374,348.9755722977962,387.9629509602652
2025-04-05 11:00:00,272.7931476928987,404.7687799546309,499.1425568090459,352.684037004055,396.7944191690019
2025-04-05 12:00:00,234.71730819526303,416.922714342428,535.2389054512684,358.96077065425663,396.404451405103
2025-04-05 13:00:00,321.7738932891337,456.27381314272515,537.9055251126274,364.0677620006046,446.9730601201562
2025-04-05 14:00:00,358.52372484938957,493.8030526301264,545.1312855931913,402.28800217540993,478.91369342970165
2025-04-05 15:00:00,297.03575513227145,501.25424405436,551.562216492703,407.1448831513489,458.9929033376806
2025-04-05 16:00:00,347.3973240505805,533.3353745437998,520.6092272946687,433.69999937598044,474.72341110932683
2025-04-05 17:00:00,431.887490486685,532.7698800795306,493.87301762985305,431.80817546240513,488.4372242016668
2025-04-05 18:00:00,455.07697752370126,524.0130998829883,489.32755173445616,422.3957722897721,489.27717096787467
2025-04-05 19:00:00,454.63259077533655,532.97680840816,492.7800807817089,421.65326544816327,493.62771904781937
2025-04-05 20:00:00,454.3514817074342,565.4488023303805,503.06798163784197,439.9899057027287,506.8696376807644
2025-04-05 21:00:00,453.80230600444196,546.2418972652769,496.6848959484571,414.5894682086709,498.1373605437436
2025-04-05 22:00:00,455.8049005256199,511.6336107787701,496.79603971384677,388.5551661841486,487.6573203444586
2025-04-05 23:00:00,454.2702947083787,503.54615507199355,498.3995062091047,356.5742105306473,483.8857946962349
2025-04-06 00:00:00,453.92844578645247,500.4375459259795,497.02437804308425,345.43060853540175,481.8411225982559
2025-04-06 01:00:00,455.33136459515043,491.5929920400584,495.25694746870437,331.2054756344894,478.446187107425
2025-04-06 02:00:00,456.07513511507244,496.0243057723897,496.5471893303338,327.41204803530195,480.3116310990657
2025-04-06 03:00:00,458.7519421854137,506.4209563114048,502.84418630715817,356.6157030073936,487.83507025636374
2025-04-06 04:00:00,458.85730841518694,515.4836126532265,500.2441061032783,373.04764977935764,490.2034746007961
2025-04-06 05:00:00,458.40034564867534,511.76439123023187,500.16175287140265,337.1166665007876,487.8943753944904
2025-04-06 06:00:00,438.217368075121,478.0311149936316,495.8935612105968,325.289096060737,469.55980461923104
2025-04-06 07:00:00,398.18295137398644,434.2021802053723,486.6825037836789,299.731159583588,439.2712207740764
2025-04-06 08:00:00,370.1251758561636,414.9653494058965,479.4967571296039,284.5623705234634,421.54453119017853
2025-04-06 09:00:00,285.0151985851084,374.9319192081094,474.0631325300161,249.7839354457134,379.2744451411491
2025-04-06 10:00:00,233.14654128362372,334.30482542206255,485.4180133104028,229.2160525344093,351.67434056784373
2025-04-06 11:00:00,222.25998340401063,281.3393866463451,463.3762707991905,202.87863294498982,320.7079358944839
2025-04-06 12:00:00,196.53929440878028,261.71070344031665,460.23154744971765,187.5036919660107,303.11329064188135
2025-04-06 13:00:00,205.35513894555305,270.18543167009324,459.8443431935939,195.96928096012056,311.61852522683705
2025-04-06 14:00:00,224.4043436278816,279.49891341210923,469.08370400340465,217.2504782348896,321.31435214095313
2025-04-06 15:00:00,266.6133525820013,310.52191227184244,482.58858613818364,245.4799955262009,352.6588814040868
2025-04-06 16:00:00,341.42432871018934,346.5006505314713,462.88338360515144,274.5246096226414,386.3798227111792
2025-04-06 17:00:00,421.592732172856,359.214738049351,448.30635069832374,289.0054416377224,409.0198936222444
2025-04-06 18:00:00,451.21973139914655,392.11041868363196,461.9957966042414,266.7380896246329,432.7228026490775
2025-04-06 19:00:00,453.2483661686678,406.12852378072336,465.1907634236619,261.50323780274914,439.12549036855916
2025-04-06 20:00:00,452.42712312623627,434.60614109136776,470.8205395434068,276.90194782284493,450.4568951510995
2025-04-06 21:00:00,452.2951260976766,450.5558664556553,476.13237236830975,341.5833614441496,458.9837936396442
2025-04-06 22:00:00,452.16099049382626,474.41574266673604,482.69828760017685,383.5770333215671,468.82965979454355
2025-04-06 23:00:00,452.5273616224209,499.14870366393376,486.02585898353357,405.1760107065372,477.45996848560867
2025-04-07 00:00:00,451.9675880018582,550.2024713936405,494.50840644274155,457.49745056254807,497.7436053083173
2025-04-07 01:00:00,452.4428271940073,557.4599079176759,493.38427795483375,483.4787029567476,502.0627369572471
2025-04-07 02:00:00,451.60775977942444,557.4042977859625,485.4303137365541,485.5399930763792,500.5711915664809
2025-04-07 03:00:00,451.7250300108416,542.1344110010355,476.6326643469254,474.88636105747685,492.1846110442676
2025-04-07 04:00:00,451.95234966245107,542.4787485549542,470.44368101782777,475.1739346161295,490.55098505494203
2025-04-07 05:00:00,451.4910820317212,541.9441419198647,466.4584925673305,476.1514898422641,488.57803753202006
2025-04-07 06:00:00,434.1109515215512,512.6353909686059,450.4390287525986,453.34816062865417,467.56597082585324
2025-04-07 07:00:00,386.5207556470271,481.18703384223517,445.02847532038277,419.3110897027005,439.65259467897135
2025-04-07 08:00:00,302.9912531782265,392.8866057979793,428.2263014941756,339.2198525854565,376.2085391749179
2025-04-07 09:00:00,250.16521211292374,359.1106392933899,422.5743387098417,304.74539743441784,344.8115340513692
2025-04-07 10:00:00,238.66961708556877,319.74663026951754,408.0802958113993,268.203214164527,324.0079088089678
2025-04-07 11:00:00,247.0967975460624,299.4952103820758,411.13698017939953,241.10316291849009,320.5511234828775
2025-04-07 12:00:00,289.72268586810844,326.3979992836251,422.6202327792418,261.424862750086,348.8492265879592
2025-04-07 13:00:00,282.598683638569,348.2049816468519,455.41247573442905,284.12517494651166,366.5354258680037
2025-04-07 14:00:00,299.43749640704465,385.83070310023857,472.4695340109469,323.3993456389951,394.50096938724033
2025-04-07 15:00:00,363.98208168283617,442.91771821719334,483.3772298611378,365.37159915365066,437.6736997807755
2025-04-07 16:00:00,404.5319191266888,497.5039023993786,482.56200027113266,404.4202179235104,465.0018626849866
2025-04-07 17:00:00,447.094255115909,534.2280535863271,474.2912641337386,339.9675607556287,482.2092111783099
2025-04-07 18:00:00,478.5499322576783,535.2385880553037,476.5698508129504,345.22282016452436,491.80813407643495
2025-04-07 19:00:00,478.862189938816,524.4551373653175,445.60836618423446,342.35177840594,475.9355486027138
2025-04-07 20:00:00,477.7031165356407,506.66759539520757,431.35996644260683,372.54793755313676,465.55927491980924
2025-04-07 21:00:00,476.85006751122114,513.3813745227462,433.2878715117966,423.778375907865,469.30559390542993
2025-04-07 22:00:00,481.1155669287666,542.3088704560654,443.8946765180042,441.4902001239006,482.5335404596599
2025-04-07 23:00:00,481.70160767222535,561.1194939377083,444.2949035920601,442.73303482685833,488.5782330367051
2025-04-08 00:00:00,479.5959994593726,569.9153322621971,453.0268677498001,446.7824453500109,496.3934579285928
2025-04-08 01:00:00,481.3950343226634,588.887306608198,468.4794249069617,455.5949600914878,511.49391763884086
2025-04-08 02:00:00,482.03574873976953,594.0849611029687,473.7967165187178,456.91852223369347,518.1532651239436
2025-04-08 03:00:00,484.0643142276269,599.8765607112351,471.5162607976949,457.26736478614185,520.7212296880831
2025-04-08 04:00:00,483.3571863245733,593.9532667406072,465.5936749220879,454.5552407546512,516.0891207730184
2025-04-08 05:00:00,482.0967644778634,582.5038100647208,446.72710194974877,453.84197761147533,503.56554556828985
2025-04-08 06:00:00,468.60346679291774,564.3971557996068,431.8067319605522,445.89274917334785,486.4750737895884
2025-04-08 07:00:00,389.1735246566038,529.5616415569791,433.13346153759284,392.9543933747909,451.7172599300694
2025-04-08 08:00:00,314.5378439223224,422.3796713058061,416.6550666175292,358.45390131012573,387.46518700850027
2025-04-08 09:00:00,278.6704362560823,373.85950209745755,406.10998304665014,325.9203996695494,356.9477785537672
2025-04-08 10:00:00,246.15900551520028,344.19674413373195,406.2885531751329,293.96432708480546,336.41108788117015
2025-04-08 11:00:00,234.4036498266241,328.55619229523387,411.79538465359957,258.1225259451455,327.6020815318121
2025-04-08 12:00:00,237.3037326946228,320.97938333119066,446.7635747415232,259.52451601072227,337.4284298859956
2025-04-08 13:00:00,250.80800642445092,325.4927166207094,444.2852713596639,275.9539940039266,344.66036613748884
2025-04-08 14:00:00,268.92612366041726,347.11497552659637,396.4483727422518,303.731329475602,340.7002598157769
2025-04-08 15:00:00,311.36530514529284,412.89652395151046,415.9276190775522,350.4519943883184,382.5390659141557
2025-04-08 16:00:00,374.8504339174529,448.7618355341779,431.62476283085164,351.28891232045146,419.0433901039198
2025-04-08 17:00:00,454.3160677692711,517.3284099924443,478.78614852207136,411.5157440662537,482.460796656835
2025-04-08 18:00:00,489.89579318428144,534.2594938765491,500.1111503648927,409.0157263108206,505.50367024847117
2025-04-08 19:00:00,491.16578370851545,556.5240532208993,508.1799799535519,419.8104079066096,516.0777058645789
2025-04-08 20:00:00,483.1011270282767,564.0883287079737,475.81019021802666,442.5044409583435,503.55729033933557
2025-04-08 21:00:00,459.14450014946664,572.5214783098958,455.11878345614537,448.1110009626119,491.06424951932627
2025-04-08 22:00:00,460.9360784253786,614.2276361336395,459.2230494150918,469.454592166464,506.4034545453072
2025-04-08 23:00:00,461.05537978518714,634.895396753926,455.9970796337297,475.29710387233337,510.86005190532165
2025-04-09 00:00:00,458.0835739320506,624.3268609160074,461.03086357345177,482.1368058727436,512.0280939930889
2025-04-09 01:00:00,455.73183423358194,630.394198214227,466.56298063165406,489.65103992817615,519.1374382049604
2025-04-09 02:00:00,458.3606490343575,651.7201391914715,473.46029258256095,501.2000371574265,533.0055358473061
2025-04-09 03:00:00,456.695680801978,643.6835590577303,466.0838421662625,501.36261311828287,531.5363786348213
2025-04-09 04:00:00,457.24600830002095,642.9798681203539,461.15530885947356,497.55498925635607,530.0599089773392
2025-04-09 05:00:00,456.7114071618421,627.7385087981038,441.6456375599518,490.7754555794253,515.9872486655272
2025-04-09 06:00:00,429.6066389336428,591.48455808301,427.24900778847024,475.1302639023285,485.9702918806345
2025-04-09 07:00:00,376.13987515573194,539.6777606880928,431.9810367248182,438.1631493428698,452.6292687628308
2025-04-09 08:00:00,291.31817676208624,469.71609170001165,432.8636739244676,367.72033517596185,399.5971641723151
2025-04-09 09:00:00,252.44581089077678,416.92111384542494,423.1658411971941,331.22706471591545,366.94121603574433
2025-04-09 10:00:00,233.79847212026334,388.82531235920305,415.5190153571141,322.6861936327266,346.8382065769954
2025-04-09 11:00:00,223.7419272384406,387.79041468539475,421.5528935831292,324.6210759371098,344.3495174197006
2025-04-09 12:00:00,226.49733933389277,390.2345134766702,424.49911678332546,323.6393437557948,351.14362257872176
2025-04-09 13:00:00,264.60902192141776,410.83037539763916,436.3709291474862,355.8839447415404,378.3313123600271
2025-04-09 14:00:00,260.904456063903,431.3068931524083,432.2787117183714,349.3352056888549,379.2717010523281
2025-04-09 15:00:00,296.5237341581597,475.83491488647735,445.13251019016093,381.5621149794321,409.92720715879
2025-04-09 16:00:00,352.16062998895154,511.18820156691504,458.51441540699784,407.72375422847944,444.0023526947936
2025-04-09 17:00:00,418.73315802394535,543.522622371675,477.37538152192764,414.4086493930092,480.7143214367529
2025-04-09 18:00:00,458.6667224904091,548.7417426569439,485.7068672305452,392.681679495769,496.1270870283483
2025-04-09 19:00:00,461.60403718382605,569.9685667711313,505.7435422479574,402.9487186307541,511.0939500227074
2025-04-09 20:00:00,458.53571465410073,580.9305092603578,462.3952057749011,418.61622516414474,495.74461874060546
2025-04-09 21:00:00,458.8588401352815,583.8921438171712,453.2486607969368,435.12279231709493,494.1385548826877
2025-04-09 22:00:00,458.44986502899667,587.5366723928443,448.41889588009235,411.2772722792127,494.0022541882498
2025-04-09 23:00:00,455.5092466885615,596.8534810248508,433.0586394006612,414.8963387161725,490.3355209777379
2025-04-10 00:00:00,454.60807952315326,634.1669800256917,452.8563180718735,432.17518682122557,511.6583806399165
2025-04-10 01:00:00,454.6206256735006,646.1785784081482,473.90382004777086,443.5205292573552,527.436003092766
2025-04-10 02:00:00,454.9166091487523,665.7395188685387,476.3432714036227,455.66861743788087,541.105636508123
2025-04-10 03:00:00,454.7461509814014,650.1011993800929,472.5436441340943,493.3452521950147,536.535829706345
2025-04-10 04:00:00,454.7917148412342,657.560217593087,463.8583024441816,502.5840948729049,535.1600889735763
2025-04-10 05:00:00,455.0109639022009,650.1714059573247,446.1308060116258,501.30930607090073,524.3283510791766
2025-04-10 06:00:00,431.2559495806384,629.6626913726966,435.0643759977939,483.2726993559123,504.3237987966223
2025-04-10 07:00:00,374.8299974565459,596.7067517995924,443.87186752985855,452.2302999550972,475.6532379713388
2025-04-10 08:00:00,369.14153188627176,556.6426233556402,446.16191004409205,414.96833415611565,456.1273920129082
2025-04-10 09:00:00,372.48825861487927,477.2941875157548,422.5972170255029,339.55488574165184,424.6023736537526
2025-04-10 10:00:00,297.67367088953455,469.4372479091146,436.53050931760896,370.22165026087,405.16656561167235
2025-04-10 11:00:00,335.62928778807645,429.8259919956444,438.15171426624727,321.29345256403957,406.7857412315454
2025-04-10 12:00:00,270.9672439460813,432.6407835439173,449.6821379519633,364.2669917663626,394.7877900320773
2025-04-10 13:00:00,265.1776526058133,442.79014838727124,455.5329051286636,368.6276635680069,397.41429202280455
2025-04-10 14:00:00,273.79054323918666,439.2950772136047,468.11935004417086,374.0363144932964,403.3811414433821
2025-04-10 15:00:00,290.0756042727061,461.7797318309616,490.62981303055983,399.2709450454184,423.7903284736987
2025-04-10 16:00:00,354.3616939058485,488.50841897161484,493.85489946910457,424.90629379677245,453.5892380874443
2025-04-10 17:00:00,402.6800219372105,525.8875397640226,502.3211434143843,368.86181336952774,480.455696396871
2025-04-10 18:00:00,447.35367906964325,539.4275350366858,514.2669042377946,374.6107181625098,502.21317594899324
2025-04-10 19:00:00,454.787422482816,552.7101027181557,523.6115260429214,383.76009419850084,511.39440987364435
2025-04-10 20:00:00,457.81449779512707,569.016106900781,513.7599382707303,387.45920502019777,513.3763459298283
2025-04-10 21:00:00,458.21443202343005,578.3681304277331,509.7384379996915,404.1483467559552,515.6598846399845
2025-04-10 22:00:00,459.5162804914833,603.8383995261968,515.8884547586106,434.1210108460737,526.9358586184328
2025-04-10 23:00:00,460.03026876387815,630.7355432033888,513.0581836427439,482.7085446534365,534.4540447773334
2025-04-11 00:00:00,457.0639129515367,640.5248430184929,525.7168202270103,516.4126919209406,543.0756763080502
2025-04-11 01:00:00,456.04366650704594,663.5371995000304,542.8896990566873,552.4948496247869,561.7474683207383
2025-04-11 02:00:00,455.88920968217076,661.6872907050775,544.6684962877529,549.6610092778972,564.7251777995689
2025-04-11 03:00:00,457.6324986867232,660.2795873925719,543.6299662756213,548.0197771085777,564.6638864411561
2025-04-11 04:00:00,458.77803919327476,655.1959520695635,537.1178984348744,545.4679065637779,560.8950895334642
2025-04-11 05:00:00,458.2811238214418,641.711100112206,511.04967404444335,538.265035684054,546.3353279696602
2025-04-11 06:00:00,428.26333717336587,599.1965484007537,498.4118217425615,506.65012187621437,517.0327286687747
2025-04-11 07:00:00,348.8532175065887,503.8183644542567,495.97435531044306,429.3043672535159,456.7774061186018
2025-04-11 08:00:00,288.5059710126763,418.4829088546103,484.2588883042195,359.53412918758903,398.64308776700057
2025-04-11 09:00:00,259.03596806406784,362.24128840434173,472.2946159733163,306.6948106045354,361.620081353593
2025-04-11 10:00:00,232.63926705752087,334.4679799707892,461.7388810466867,279.79650501189894,339.8980867981038
2025-04-11 11:00:00,221.9714693830849,326.3142887585761,463.53130749894746,275.99788138689263,334.2930790645452
2025-04-11 12:00:00,220.81342845208573,339.9676997489428,474.604026958536,277.2183360233013,342.1300083533664
2025-04-11 13:00:00,235.4799101206826,365.62902395569967,474.5876368445404,273.2746005515775,358.7635496608647
2025-04-11 14:00:00,260.1212177783683,398.63903220007325,472.08570577922063,321.4855140050728,382.17983140218394
2025-04-11 15:00:00,329.96702385596353,459.12735910570717,485.89553713772517,354.53794797770513,435.10252971611095
2025-04-11 16:00:00,396.9946078554533,525.1121060468689,503.03332560369245,409.32451107944576,483.69345142820146
2025-04-11 17:00:00,436.5880465446533,555.121397163805,513.197931490576,447.3062795104383,507.3542310773761
2025-04-11 18:00:00,458.827932606183,558.9133248108461,511.15774071972487,420.70497464216413,512.5014100837165
2025-04-11 19:00:00,458.2875308049982,561.5521478136676,497.8983034201131,417.81162718416783,508.44815945114186
2025-04-11 20:00:00,456.25177003698485,571.2044187491808,455.45226057560205,438.38553769731243,495.19866631218827
2025-04-11 21:00:00,455.05453859343294,570.1339150303143,451.68752738741006,471.671863420881,494.1803693898605
2025-04-11 22:00:00,458.1862124710124,561.8264232740145,452.89673340635204,471.46195271485846,491.30472095208575
2025-04-11 23:00:00,459.12428199084104,550.6889460873613,449.22198406066013,451.68120947090955,483.8277684420353
2025-04-12 00:00:00,455.78962678014625,534.5107234234866,454.79460416637414,436.6914331499028,479.8237876314898
2025-04-12 01:00:00,458.65419497816623,544.6837411522376,476.77138545896986,442.74735858560786,492.8417943040927
2025-04-12 02:00:00,459.10243899502956,554.3683039447141,484.0110495127255,446.3804389955755,498.7298939777316
2025-04-12 03:00:00,459.2687387995371,563.5262881683104,485.92945093799693,452.03553386532406,502.76881675586185
2025-04-12 04:00:00,459.70487070398406,550.9572830300194,481.32835469174483,446.2800083658817,496.7760394529193
2025-04-12 05:00:00,460.1234080457497,537.6138092265185,472.40246815250447,443.9801530957746,488.89015777147705
2025-04-12 06:00:00,421.9297074797443,504.9069327595411,466.6833038258711,419.44690175120377,465.7506667704201
2025-04-12 07:00:00,402.5831653156097,467.11399946718893,460.71391700434583,386.9250214892195,446.6845923969795
2025-04-12 08:00:00,382.6400926292291,423.85756901360315,445.2937350463219,350.1643666646544,420.09759063327874
2025-04-12 09:00:00,270.303936065335,392.61609661243256,443.0262396954592,302.5653805062792,371.27927959246944
2025-04-12 10:00:00,302.24575242582483,380.4964986076319,441.1685453362176,289.22799657874566,380.7930517570493
2025-04-12 11:00:00,278.2219925797306,412.7414002460647,453.69472841957,270.77080141796256,386.50771478896485
2025-04-12 12:00:00,276.9805916731713,445.27699993977546,477.91029623523184,358.28620708354487,411.2553866661946
2025-04-12 13:00:00,279.6465158407614,439.30968040275104,492.23440365615767,374.7596547422693,419.2531051270332
2025-04-12 14:00:00,314.8863465199608,456.9003399162128,471.9578401267853,408.3746971282877,428.8296902060073
2025-04-12 15:00:00,369.380199123046,453.0612759683466,465.17124338957257,411.2888236875835,438.87013330741803
2025-04-12 16:00:00,401.883636996296,490.37242665501634,485.22710380809497,443.98981633361063,466.09406707966554
2025-04-12 17:00:00,431.4568838174758,497.0066670088342,458.25363751206174,454.4418550213192,463.5665056303786
2025-04-12 18:00:00,452.17467965274477,464.0745963085752,441.54159643520023,432.4676607811671,450.61510404239385
2025-04-12 19:00:00,454.1783435607772,454.83255588168424,439.9845137980202,397.7598933112248,446.7374940166885
2025-04-12 20:00:00,453.2146441918684,457.54604485452404,442.5252783860038,378.50984072536716,447.94367569051184
2025-04-12 21:00:00,452.13257878493874,452.32367922719493,439.56893570238424,346.46829485494317,443.9382715402567
2025-04-12 22:00:00,452.38109484358495,455.6643863597889,441.6890127838479,336.50822329737935,445.60907661120996
2025-04-12 23:00:00,453.67101812550123,460.4903926171191,443.1161490403065,313.3850593925046,447.92269108129324
2025-04-13 00:00:00,453.4084779081723,432.30494289574796,445.513162750278,295.8060524337083,440.0787563245648
2025-04-13 01:00:00,454.8067672298132,456.34139803861115,460.41279663072396,312.82630272726146,453.989296785799
2025-04-13 02:00:00,454.22816099521594,474.7881791025483,472.7312848567574,367.4818310278374,465.8803624194222
2025-04-13 03:00:00,457.21661251738436,473.8003791331703,469.6706292718064,375.8304233663604,465.603681410386
2025-04-13 04:00:00,459.4820190315443,466.717900124512,473.52696112200806,324.74887646979494,464.15050462684513
2025-04-13 05:00:00,456.3247452963567,469.1539923297046,477.07923782087545,282.6837190883438,464.5057669089883
2025-04-13 06:00:00,443.538121136583,425.67776229898845,457.84708517392767,265.73919110807543,438.40241929363316
2025-04-13 07:00:00,412.43556646685124,395.629333675323,447.55866725044615,248.08893920890898,415.6613179413028
2025-04-13 08:00:00,327.22894375389694,364.38907764649605,433.1439208417606,223.13855119350202,375.69742762046786
2025-04-13 09:00:00,315.9762116986646,365.99281200075217,431.85909006138627,227.26126773728035,374.4998610556976
2025-04-13 10:00:00,350.7343856906379,346.0009126949471,415.05960505184487,222.97270785711896,371.74449173503757
2025-04-13 11:00:00,340.90205152324444,329.47368708886415,431.8007329699139,203.60640379342522,368.86199114084144
2025-04-13 12:00:00,338.7227306729077,308.6569007209197,454.9807208983476,204.61854661991842,365.0206913708105
2025-04-13 13:00:00,322.7495293474782,316.3320640303972,454.90125120735036,205.05201899532432,363.80594221838027
2025-04-13 14:00:00,377.81414421567735,349.8083082114774,468.97058507111575,248.98447784624776,397.7780379163811
2025-04-13 15:00:00,424.0013028658879,414.7080460737512,502.4546465238557,286.14638520297177,447.05396995235566
2025-04-13 16:00:00,434.5693784174187,451.24879187917486,509.0107597636708,289.13118864352305,464.9188562731758
2025-04-13 17:00:00,437.3590639008792,462.27735505584394,466.79915581637107,304.4968310964345,453.4125137314269
2025-04-13 18:00:00,453.81391247137856,494.6475643201005,474.1668793145535,334.16108728366004,472.32225960099174
2025-04-13 19:00:00,455.1642242845145,527.3538607239961,482.4908243995388,358.3552300191294,487.6350340500199
2025-04-13 20:00:00,455.3628700129523,542.0879673655638,483.1198554524304,365.52882325107345,492.77789976945786
2025-04-13 21:00:00,458.33672250255637,569.7981474433599,490.9670579617628,397.8431468337289,505.9506008093057
2025-04-13 22:00:00,447.236073439205,580.6031808880533,491.48265511196536,401.0544407914043,507.10714645303864
2025-04-13 23:00:00,457.20914663429323,556.9809455989457,487.44078828121997,391.9643445961449,502.040320523311
2025-04-14 00:00:00,455.2689815580967,567.3134987392224,483.0798710316979,393.9681383925631,504.38322268483324
2025-04-14 01:00:00,444.70178772351466,585.8642305937339,480.021196430747,398.5867955600899,508.87631481716386
2025-04-14 02:00:00,459.1041893843473,567.8738018607115,478.85701807388705,390.7442839462308,506.9816582143533
2025-04-14 03:00:00,459.1320947997699,556.140031431288,464.5078940942354,411.54332489597806,498.31319659978556
2025-04-14 04:00:00,458.4847153539938,541.4687033536177,444.5871359550751,403.16131138899436,485.63646024693963
2025-04-14 05:00:00,456.71160794639474,515.8653458075119,427.233637798638,392.3947661763326,467.6415129515684
2025-04-14 06:00:00,412.0854137929977,471.34205657349054,410.7791153379493,355.11618275356483,432.24665791219337
2025-04-14 07:00:00,298.7827549658301,404.95430693893735,406.8102811257604,299.8795366717961,374.61769675473886
2025-04-14 08:00:00,231.43244722336124,345.7626731907935,392.512086728022,263.22752048611125,326.23074227440543
2025-04-14 09:00:00,199.9715238135556,307.95238155616755,377.8073085852677,235.744618027029,298.70006892336335
2025-04-14 10:00:00,181.64612053439564,281.49712696097487,370.0078427391996,208.9584022231452,283.4859840217619
2025-04-14 11:00:00,175.18325858630686,284.2194978551992,382.62239711348406,212.49505295548397,286.6247976071656
2025-04-14 12:00:00,188.65251144272568,283.02861028364293,410.50478851145385,214.06937172094675,299.35256377131907
2025-04-14 13:00:00,203.81200024623467,300.9353959199034,410.2338903478321,233.34548155948124,310.8494082349326
2025-04-14 14:00:00,220.98166933473226,327.50602222610576,423.48216161109826,262.9490908968626,333.1280276902189
2025-04-14 15:00:00,252.8187769028767,367.7134144367328,450.60977190488813,298.85552872857244,367.75339445780673
2025-04-14 16:00:00,317.9540741975485,427.8246164855861,464.56478094212554,284.8159507833323,412.55593485606767
2025-04-14 17:00:00,395.32261437204437,476.2898758637273,440.9084694960606,307.31513222839607,438.43477186154405
2025-04-14 18:00:00,448.46651684528206,504.18210249541744,424.8394066336845,326.6831985619255,454.2136390693713
2025-04-14 19:00:00,452.46683609004936,510.8477304799787,426.2618098606891,331.74758679447115,458.1756154020377
2025-04-14 20:00:00,454.6912425791046,509.0862956258977,426.5388427653842,339.53648902970536,458.32396816315156
2025-04-14 21:00:00,456.2373610113097,525.3947756400854,429.47717083081307,390.89473103294785,466.3698225704147
2025-04-14 22:00:00,457.73180481432126,534.0555590475176,433.0657291788001,430.22876469786314,470.82622921752346
2025-04-14 23:00:00,454.1359195052073,518.4181454333682,423.30933170221874,417.87034721047183,461.3508772736514
2025-04-15 00:00:00,453.1147316037919,500.24338550364854,432.815982108353,437.60043262254555,460.7965705246761
2025-04-15 01:00:00,451.01184474881927,516.5377888073132,452.01623043505316,458.23861070769993,474.24498610225527
2025-04-15 02:00:00,438.61921465871114,569.7485828475262,460.2865987149414,491.0848266960732,494.56897782173735
2025-04-15 03:00:00,445.28326690780017,609.3091368664107,460.5267520990516,522.5616194551291,514.1489223245071
2025-04-15 04:00:00,459.80336105752394,613.3538839626269,456.59232969171103,525.2110044716886,518.2896436100224
2025-04-15 05:00:00,458.197642679945,591.0205450286436,434.9759553231572,513.4371452317615,500.7847512818101
2025-04-15 06:00:00,413.1701221046024,537.066298991184,422.4798509807274,464.8009043028751,464.0348719662601
2025-04-15 07:00:00,319.80625825685485,440.66878356473086,417.8286099084667,381.1952912161842,400.23332124874923
2025-04-15 08:00:00,261.09695658471816,369.15589126006273,404.77555939261305,311.5563447830402,350.91712322615115
2025-04-15 09:00:00,228.61011749031846,317.15990982604484,385.07026036162944,264.62771564990845,316.3196269106422
2025-04-15 10:00:00,209.72426175984873,293.7647637319735,383.1127381009325,251.03532261209568,300.8773539321855
2025-04-15 11:00:00,206.30096981712524,286.818911611305,393.5623727075355,239.6238191783491,299.18784838890866
2025-04-15 12:00:00,202.5076708221996,286.51352140972415,422.24790322716643,244.27902525221936,307.1190816159167
2025-04-15 13:00:00,211.80531995271554,305.2837447641909,413.92002711380604,267.13079962539774,314.020293295723
2025-04-15 14:00:00,226.14819386236627,327.11352094342374,405.7058550793585,279.6537569663886,326.0026341985766
2025-04-15 15:00:00,256.6362078634324,352.6685960449179,444.7261345963575,300.8400808176458,359.748226673544
2025-04-15 16:00:00,312.3884548261522,412.9478886810788,430.7537818358691,347.66609294086567,389.5333811407653
2025-04-15 17:00:00,397.79403244527555,488.32072418057027,459.99534670737154,412.5237713642691,452.75681213901464
2025-04-15 18:00:00,450.71665149385865,520.0994718744387,429.2656003554963,436.26856051522066,467.47453796130503
2025-04-15 19:00:00,453.81721310407085,513.6731198560616,422.17779831304983,426.04031446383505,462.7817107895927
2025-04-15 20:00:00,452.9326630910782,526.688168786799,413.6539738504903,420.2695590129681,464.3573756496044
2025-04-15 21:00:00,451.74437021775344,512.0889769831981,410.2214396684749,417.2814525088022,457.87143734224946
2025-04-15 22:00:00,453.5865213614075,541.9728765745132,411.3251824781522,435.55088844294784,469.7030681899969
2025-04-15 23:00:00,458.4671609295257,586.7001373918337,396.72324024344124,449.0815655735053,483.79807866969196
2025-04-16 00:00:00,456.70320940658394,597.352042398061,415.7423906753841,451.26332391899365,493.8481911304241
2025-04-16 01:00:00,455.8718050621038,609.1561676360612,422.4639190009035,456.9588914937157,504.8242458930338
2025-04-16 02:00:00,456.53039220089124,611.3054633973502,425.08761434360156,468.65756546164124,509.15651251306343
2025-04-16 03:00:00,456.2453492115712,588.3784716896971,424.7568698383549,443.93356532429283,499.41615769032524
2025-04-16 04:00:00,457.84565407860595,586.6569596578222,413.37452409733544,433.75679062452616,495.8663540606667
2025-04-16 05:00:00,458.11173041344415,574.563097646392,396.240479503836,423.7091839191935,485.23817625367855
2025-04-16 06:00:00,416.2804635214539,511.6126800777275,389.4147209909529,378.1655198445327,446.5709794836036
2025-04-16 07:00:00,326.88805852375526,426.1779503290223,405.4634736022402,320.89654571155626,388.50047167725904
2025-04-16 08:00:00,267.92522768687684,354.7152648777199,402.2811850477254,269.7347332476921,339.6530091241194
2025-04-16 09:00:00,232.0976437339105,321.3999543485188,395.15669059755385,269.57351531102285,313.56931776910886
2025-04-16 10:00:00,215.04280535122066,307.0580070803736,398.33129876902103,260.69818605076284,303.6007768072229
2025-04-16 11:00:00,206.9726271756054,302.15486915712927,415.4238986134974,252.8771185750903,303.76214492536405
2025-04-16 12:00:00,205.326880638167,302.35757901922454,451.31836115040653,257.0520892010612,313.72011470013325
2025-04-16 13:00:00,217.03148694904175,318.1431370601363,470.0857494717222,271.5805880445807,329.7084617089474
2025-04-16 14:00:00,232.41372602723055,346.44920265140144,442.88382431644794,297.4092909621771,339.7373098727487
2025-04-16 15:00:00,264.4482717579529,384.42444865303685,428.2540621202911,313.52567349008365,361.7243247080923
2025-04-16 16:00:00,321.34128664186727,446.31852288961414,480.56647016898336,355.31060609079094,418.1131391470186
2025-04-16 17:00:00,404.0575576000643,501.3523717765333,489.3772694422338,385.0327092217851,467.55188217992344
2025-04-16 18:00:00,453.96782461258795,541.2539659621619,492.7767644123951,390.504234845575,496.68158014123935
2025-04-16 19:00:00,456.74789666954644,558.3395090281085,472.9096129165662,418.3090559997968,497.05899237175885
2025-04-16 20:00:00,456.5210810657364,553.0961420394157,429.56551177666404,426.1516306728657,480.532752260185
2025-04-16 21:00:00,455.46086360936675,555.8802635321975,425.0898345521605,464.26938906571047,480.95660490888343
2025-04-16 22:00:00,456.4571684664818,578.1698793324002,425.6019140014083,487.23215595803066,488.8122892638659
2025-04-16 23:00:00,456.254000619684,582.8011431056606,421.8366519471095,478.3502340099767,489.3738500144997
2025-04-17 00:00:00,454.4188631664909,572.6758186669631,431.3107871961378,457.37115468473723,488.55604135019445
2025-04-17 01:00:00,453.6654164018278,576.4292648757225,447.2041436809372,457.41280703549984,496.54023266116883
2025-04-17 02:00:00,452.8614482412709,594.2219303562437,447.4160677590791,469.36592947773545,506.3578325513786
2025-04-17 03:00:00,452.8990981768878,594.2234188027387,440.82202217777774,472.7187376433632,506.8723957633257
2025-04-17 04:00:00,452.6605497349319,592.4673959939003,431.8114269666598,473.10011517247284,502.95230777379146
2025-04-17 05:00:00,454.14792624806455,591.3176510332379,415.46952619530583,479.7968484244863,496.7827717261078
2025-04-17 06:00:00,412.0532269017288,537.9213793455014,407.73988048035335,438.0816772215835,461.0896553470893
2025-04-17 07:00:00,322.560362528363,445.13106747687897,416.29596827657446,360.9484391866479,401.6405516342252
2025-04-17 08:00:00,270.3427977619032,381.8635478627217,408.9943585393446,296.1277034445196,357.90403526778863
2025-04-17 09:00:00,244.178627760516,323.8763515353206,398.8129702108111,252.3764503303508,323.7213415297029
2025-04-17 10:00:00,220.64621999719006,304.8144942564347,407.48903103685586,235.0503057080638,310.1030822915727
2025-04-17 11:00:00,221.31601717134905,314.08126435570335,429.93511906492904,242.16903121094796,321.38127659819054
2025-04-17 12:00:00,238.5976131736143,344.6048173407482,455.5468170158883,263.119727073139,348.14898861486085
2025-04-17 13:00:00,245.76304916853746,379.73519520876886,473.4657658708666,281.5479657213897,365.8243836563832
2025-04-17 14:00:00,272.71065186246926,452.97123504561756,466.6602212271062,343.3259025407558,402.358703978109
2025-04-17 15:00:00,304.21733224136415,494.9288901399375,442.8369702854151,390.22317634676233,421.4349619222156
2025-04-17 16:00:00,358.2745965010589,531.2469994877026,456.2589563322395,427.5801132478688,457.6694743907396
2025-04-17 17:00:00,429.1271144210306,570.5283297652023,460.4327396455623,461.1812311148616,492.6880829770477
2025-04-17 18:00:00,456.81432631262885,573.5783821105512,458.53358900324116,405.0386002025374,498.3078848202183
2025-04-17 19:00:00,458.33341722029706,587.851454024995,458.82882533339114,384.31361152852867,503.44510574449953
2025-04-17 20:00:00,460.42203218529323,593.23369018458,450.9763879342211,396.45847967471553,503.7296256907646
2025-04-17 21:00:00,458.9825793225353,584.9355413581144,443.4338538110593,458.1191203165924,500.14845786369835
2025-04-17 22:00:00,458.55177842812986,585.3233994270087,440.46127382710387,475.8664668496234,498.97632831410516
2025-04-17 23:00:00,460.20833094885523,602.1216510253611,435.9891936004552,512.1696547559278,504.7701450900941
2025-04-18 00:00:00,456.74310390214254,590.1596043360973,443.40473404339775,506.37326033171047,501.9960816558305
2025-04-18 01:00:00,456.83210860226086,603.3299780525466,456.17894784694397,512.0462083152228,513.0127227656916
2025-04-18 02:00:00,456.6036137444638,625.8075873149434,451.7323347060603,526.923707465559,523.92461081755
2025-04-18 03:00:00,456.7399484413131,627.0051425084965,438.2592723541821,531.4331576182522,523.1625923447616
2025-04-18 04:00:00,457.98246809150413,626.0749184246965,428.6594281999865,523.6682608723397,519.1430079743841
2025-04-18 05:00:00,459.2232244897538,618.236587132833,416.74923500056195,486.7439291308412,510.1175234524293
2025-04-18 06:00:00,417.35928264347837,561.3861142222013,408.5633542957127,444.78165687927975,471.7071040213793
2025-04-18 07:00:00,381.16270910503545,499.8952303844368,411.93298426912395,401.69061604792904,439.04957731341807
2025-04-18 08:00:00,333.10901399048527,426.23935925458693,415.2044234989048,349.43251747517274,396.86618802296846
2025-04-18 09:00:00,311.3411349173152,380.0873432682617,408.90320111071395,313.78525250233554,372.0362882339778
2025-04-18 10:00:00,256.92272019867903,346.39602806215026,402.2696581705235,281.76755276103904,340.9623697718491
2025-04-18 11:00:00,222.34938243204294,347.6918019750183,416.79161121354963,277.26650360552577,334.98059807506604
2025-04-18 12:00:00,217.22689722176702,371.86278126648295,433.5215796200618,286.4969217344874,348.27631463031497
2025-04-18 13:00:00,219.44422068973697,370.68093998510227,426.3757244113009,304.54526912884666,346.77997053561813
2025-04-18 14:00:00,227.92831810029784,411.4055922914467,432.13289143016584,346.8141690960062,369.1720269039961
2025-04-18 15:00:00,258.8992577727538,469.0232041943135,439.2595931266065,389.50347909971845,399.6606666802889
2025-04-18 16:00:00,355.50412730689175,547.7111811465934,447.8319960999664,449.07498218226107,459.6793291785585
2025-04-18 17:00:00,419.14904494983307,572.6198815437987,444.2213688862869,478.37506863749013,484.27350618539765
2025-04-18 18:00:00,454.17068338385866,565.1598692506391,434.27127586586386,449.3532815090463,486.7900652090673
2025-04-18 19:00:00,454.3765993971792,588.1657701437633,430.87053263267853,461.82813459735377,495.01344957096023
2025-04-18 20:00:00,457.197560957049,592.923000494176,428.448991781193,465.2164566310277,495.7236851360544
2025-04-18 21:00:00,456.695579951055,598.0386988364555,423.2293323031067,457.1766346498423,493.78702123486534
2025-04-18 22:00:00,457.0731362014428,582.7880027410836,428.82395340258677,447.3021910261983,487.9494182003243
2025-04-18 23:00:00,458.94320234904234,587.6536041335589,426.2126245036456,439.1940675123007,489.80245952712954
2025-04-19 00:00:00,457.10445301556126,611.0234120276468,439.0113849534718,478.9170888968163,504.5419854157789
2025-04-19 01:00:00,457.53990253179046,648.7223569856303,443.8359951778478,501.85164615949225,524.2296293006441
2025-04-19 02:00:00,456.57774676465266,677.5154678023491,429.5390339303758,520.1730129536096,536.1784224479561
2025-04-19 03:00:00,459.2774037556368,683.284111271153,427.75572099582024,521.9357931515831,540.1717982356237
2025-04-19 04:00:00,458.2365086133177,691.7923867353917,414.9663026418258,521.821207924715,537.5943295425093
2025-04-19 05:00:00,458.8648185444783,684.0257130221484,402.5432938920637,519.2419583853062,529.1244185000713
2025-04-19 06:00:00,439.91046319172597,613.2912875264167,403.4344948954058,477.79585150390454,495.4841850037047
2025-04-19 07:00:00,378.4446571753242,542.5925741819455,419.21908897073837,421.823342759578,453.8667400131277
2025-04-19 08:00:00,346.8937108043378,461.8074662910035,422.136169694124,389.0372975769995,416.14607919358934
2025-04-19 09:00:00,329.6088183034652,424.8411561742768,422.10647266895324,370.51874396254266,396.6152630208404
2025-04-19 10:00:00,332.26343947550635,468.2978569844891,433.2961639138863,375.0856528375582,417.240395322472
2025-04-19 11:00:00,308.06125302860784,422.5623359337994,426.0477393548564,365.0430060331277,393.00529116380346
2025-04-19 12:00:00,292.9089999124159,402.9099419073271,419.49029087709346,337.2073796269064,376.08462279107715
2025-04-19 13:00:00,249.51496663040302,415.12272319556854,424.10815638785374,340.2036749900431,367.0763266836224
2025-04-19 14:00:00,250.43532702612313,392.44494469112277,415.6953230661062,341.8990278577811,358.5879954747738
2025-04-19 15:00:00,262.19712118054247,419.8712335797839,420.26443011703367,373.7350398026973,373.36914976217946
2025-04-19 16:00:00,314.76857491790446,466.81604511166535,433.67258992037364,407.0370996242441,409.47016091179603
2025-04-19 17:00:00,407.88680771193793,530.5808918422721,435.1482688552638,444.9995216506765,459.1541233322803
2025-04-19 18:00:00,455.3276021293027,560.1205857800309,446.7728074508118,470.20852983307935,486.5836866943657
2025-04-19 19:00:00,457.08405017418835,576.8788937490958,447.1034529884624,418.2643904351902,491.33174589998583
2025-04-19 20:00:00,458.0163182324338,580.1749361156727,444.6519287846199,412.81878928758925,491.18277062002977
2025-04-19 21:00:00,456.70654163662516,551.6748816237739,429.4998633695822,395.79317712269483,475.47533664807725
2025-04-19 22:00:00,455.94093037973494,544.2969972772801,421.1543910704151,419.71990297465743,470.03920871150086
2025-04-19 23:00:00,454.7016045654559,556.6395751731833,415.72117664901504,429.28471801413076,473.16360064531074
2025-04-20 00:00:00,453.8694624806806,559.9643260395399,426.8655462184603,450.3460585039273,481.8270833727218
2025-04-20 01:00:00,456.21709602519053,581.7859272113914,428.6758730409836,455.2721414482925,491.89631990254895
2025-04-20 02:00:00,457.2047359929296,614.5193261288744,441.23409113598564,467.0059390123196,505.95229527155874
2025-04-20 03:00:00,456.95291900112755,640.7019505764711,423.79284545473905,485.9572373063603,511.8261512781371
2025-04-20 04:00:00,456.9087731375604,658.270391061936,407.58463706175496,495.372471574472,514.6847745255888
2025-04-20 05:00:00,454.952390045764,636.8874122699908,420.6809862420016,485.5386744822222,510.8073348197555
2025-04-20 06:00:00,412.5871929236538,581.8556456088938,444.4500876157036,440.0601454894148,484.4049500375093
2025-04-20 07:00:00,340.92766083193396,524.6740617077866,465.9459213933884,391.08055755271306,443.9659468194719
2025-04-20 08:00:00,326.6787286128964,477.5648659933476,467.6224605973382,363.97448601315307,424.92226621248227
2025-04-20 09:00:00,265.0053440456739,407.45878783284905,459.00408417546,308.3229166661002,373.77525388735864
2025-04-20 10:00:00,249.86930258805756,340.8079478786678,445.9495261594077,276.2278842712142,341.23136280153693
2025-04-20 11:00:00,220.13884197175167,332.44369739816585,449.0180081729559,293.98407500888345,329.5119835873385
2025-04-20 12:00:00,225.80944357522372,339.0670038155176,449.7539214940281,302.34879625517027,334.2658395220883
2025-04-20 13:00:00,233.9681910440279,385.2342106768056,462.4687418903742,335.5801580267274,357.267829310439
2025-04-20 14:00:00,268.3286957926489,437.5419833029417,475.134884167656,386.1627141872659,397.723759186114
2025-04-20 15:00:00,301.2146744016738,472.2475727094898,469.3129563885323,406.23928482520125,422.665788516008
2025-04-20 16:00:00,332.31708705887377,514.2421738940288,471.943996266736,432.42418431644126,445.066495966029
2025-04-20 17:00:00,418.860470056381,541.0083542035093,471.7752192544709,458.713928358016,482.2576969301641
2025-04-20 18:00:00,472.7804077620801,579.7068167511787,476.50396338534733,478.62668051134455,514.77774421612
2025-04-20 19:00:00,484.49665058455406,614.9083057652948,480.42877960023736,487.0471476097552,532.2590196249249
2025-04-20 20:00:00,500.7070254316035,624.3160178768785,482.19990276611856,491.66385292564786,540.9939664600946
2025-04-20 21:00:00,502.45849076160624,613.9578251071952,488.72991009844986,481.84711916217293,538.2301869821981
2025-04-20 22:00:00,498.58257045327946,607.4361612047944,488.321161901689,459.3407931876678,532.7015096079624
2025-04-20 23:00:00,500.7063569875492,606.0887107043895,478.6353059391554,463.99775077656153,530.2582044820932
2025-04-21 00:00:00,501.8273996065998,594.4738761464108,470.8152716699226,485.5689061627881,525.0740727398968
2025-04-21 01:00:00,504.3553236483141,588.6497201026027,463.2062750650212,490.6628791174733,522.4444181240937
2025-04-21 02:00:00,501.8993850148475,613.5842423833832,449.62481455935193,513.0515249338854,529.5309225301905
2025-04-21 03:00:00,496.57524179415685,612.653439063995,440.9147233649499,513.9349479358583,526.7584311534968
2025-04-21 04:00:00,495.9738492302295,613.0869741717104,429.8820598153024,516.8358637032221,522.1712229737268
2025-04-21 05:00:00,500.24861920016,611.6138633749978,418.03764717001627,519.951502817588,516.7639110757959
2025-04-21 06:00:00,468.9706456646311,570.3472141922201,404.19635094498034,487.5197872086387,487.6194848365715
2025-04-21 07:00:00,448.0026985195345,536.2787032352306,419.42420597618514,420.42708221059365,471.1989272961315
2025-04-21 08:00:00,369.04101768096024,488.07117841461695,427.6083494403504,340.1530421348327,430.66414099138524
2025-04-21 09:00:00,276.4347472582556,442.94638677921694,430.9515791344936,312.0584004543486,385.6889108254178
2025-04-21 10:00:00,254.6632490205977,372.06056290630414,415.9548152800994,323.002158065386,353.7487168804145
2025-04-21 11:00:00,244.72549042159,343.88651908364966,413.34636724670577,304.87147655725255,339.4611603786204
2025-04-21 12:00:00,244.40970790277018,341.5350862248322,416.31833274985473,308.9224821127807,340.24570558087663
2025-04-21 13:00:00,254.5139656443105,354.7668874198261,416.55628995502457,315.3532701536254,349.3337922075338
2025-04-21 14:00:00,276.8385623240868,384.08078572296455,420.6121939926447,346.9721080358189,370.45123554112234
2025-04-21 15:00:00,317.1808240140518,435.1963992126926,435.56277242019866,400.86883067655475,405.94086103648726
2025-04-21 16:00:00,384.1108984271889,488.20707132326316,446.7167453711665,446.4375291400658,445.95004828091874
2025-04-21 17:00:00,473.92628385138715,539.1995876427055,456.3141216552281,452.36757752888496,488.8477888409478
2025-04-21 18:00:00,526.4147209353587,561.8833028929433,462.7814550416754,431.6107134141141,510.7540091143928
2025-04-21 19:00:00,524.215110275563,575.5839170553342,460.6907290369968,440.9867943832384,514.4741954755586
2025-04-21 20:00:00,517.633574901253,581.6214163695748,457.8180915732783,447.1659334410092,513.7779038280369
2025-04-21 21:00:00,506.7683957105645,590.5294354693956,452.9849918854364,463.12467258304383,512.5368860638976
2025-04-21 22:00:00,488.00313274161294,601.1906584997722,457.36356480768904,478.46808632560015,511.5963707098684
2025-04-21 23:00:00,485.90276655667293,613.2222832223277,452.34739360604596,479.598940308619,511.726874874031
2025-04-22 00:00:00,484.20475496655934,629.2232791930292,459.61744582301947,540.4321571182771,521.6328204911302
2025-04-22 01:00:00,483.1096838159342,641.3860805407871,462.11533356434074,550.2181904287459,530.4062297076224
2025-04-22 02:00:00,482.1449746723439,651.7766298536196,460.33087982843296,558.1870273869782,538.110473585814
2025-04-22 03:00:00,482.6922859374996,653.0095202430206,454.20443714451596,558.7682008424563,539.8314979044712
2025-04-22 04:00:00,485.7291112973053,652.7844474715195,448.76633292203525,562.1792274835528,538.2357330875836
2025-04-22 05:00:00,485.08059846758397,641.2641612699698,429.785330522839,556.8615713207888,523.987533576662
2025-04-22 06:00:00,437.3154789043678,560.8909197527481,423.319119201083,494.16567287798574,477.0028843708519
2025-04-22 07:00:00,354.50624350685274,445.4172560668132,414.53074457636944,397.8368158588375,409.27986443245993
2025-04-22 08:00:00,326.62806042775355,376.44864101937793,392.39654574596807,335.00360842059354,368.1366647249927
2025-04-22 09:00:00,251.60733192701983,314.21777347949364,375.9982023098611,268.97069984019964,315.5979856809528
2025-04-22 10:00:00,237.30409297410333,292.06242951612137,367.32870415909434,248.82122425161066,301.2546561187606
2025-04-22 11:00:00,231.71079470246664,292.10418669589706,375.1220909600645,243.4385845704602,301.61044998371335
2025-04-22 12:00:00,231.6744102240145,297.61907563757234,383.5499388282838,247.80957966177323,307.0122683125999
2025-04-22 13:00:00,247.17038200422408,315.6819823108682,384.91172049761155,262.8784608993706,320.90798657343765
2025-04-22 14:00:00,260.37595511865834,342.9903734482886,384.2575822286854,288.7421910146089,335.6619473158414
2025-04-22 15:00:00,292.5968411923984,372.651593088717,395.3550872242515,322.56181322312955,360.8386146419852
2025-04-22 16:00:00,354.65368408141956,425.58947412250217,413.42620354104446,375.91438714946395,402.7427354400508
2025-04-22 17:00:00,442.22682351892,505.15185776196796,437.36342513422557,447.01947450511875,459.5375407081733
2025-04-22 18:00:00,490.22964518492347,558.4375927406933,453.86167113434044,493.82437359238156,494.88209888910916
2025-04-22 19:00:00,484.96935725505784,577.8258247872595,458.3661159466105,499.3037382153519,502.2740700993012
2025-04-22 20:00:00,479.0485745293087,561.0972666731225,443.31595414175007,413.19445686849673,486.5851841835758
2025-04-22 21:00:00,478.24218021946587,606.6358239227633,444.6609526856267,433.7025318673326,500.33588140259496
2025-04-22 22:00:00,484.1598590801174,638.3272393941057,440.09674787732814,437.6153995356413,509.42986258074023
2025-04-22 23:00:00,484.9251606888388,638.1597182326407,422.5239366739563,497.8465609364656,505.404632614284
2025-04-23 00:00:00,484.8447354009706,614.1090815004528,438.0747534948288,494.6198341593227,506.2265776023334
2025-04-23 01:00:00,481.5896288686068,594.1489490780565,462.48304442189243,482.4815067393078,509.9850421141452
2025-04-23 02:00:00,478.7799564959577,616.0426415629075,434.0347620259013,499.71615967658704,514.0278657304896
2025-04-23 03:00:00,479.5802302047117,613.8845633254996,417.65925357337727,500.8397018213309,511.8613274300288
2025-04-23 04:00:00,481.4547710754612,609.0286916155587,415.6527581100193,499.92825016330147,508.6754076354563
2025-04-23 05:00:00,483.93488493579315,609.8528688146091,405.24973756250614,529.167554257557,504.2753513421762
2025-04-23 06:00:00,452.33095611032473,569.4257669402527,400.5385020532006,499.83237872720235,477.5327472224694
2025-04-23 07:00:00,367.8463546111292,535.4245656861751,409.95713731957443,306.8777602964459,437.8976060760189
2025-04-23 08:00:00,313.5292178632029,520.9661822447933,422.15184983699305,440.2621467170812,418.4544623445969
2025-04-23 09:00:00,271.1062484427289,473.1956083450188,424.80214975549296,408.98721369872663,389.52064354555165
2025-04-23 10:00:00,237.45861346523498,447.21414978281103,436.8754965368256,402.5771300492034,373.77735499942247
2025-04-23 11:00:00,239.57027753034453,420.5712628041903,441.73079378192494,374.87576920754105,370.1189928400983
2025-04-23 12:00:00,252.9547069137183,380.139995796827,429.01868188933327,330.2441959049287,362.293423832551
2025-04-23 13:00:00,258.04452298381705,378.599652999249,420.24287372426545,328.8200505476722,359.5381685844871
2025-04-23 14:00:00,268.26705680305906,392.5890335380675,410.16297273086775,338.1492603287209,363.4538399273715
2025-04-23 15:00:00,340.4584459693536,458.0292094123193,428.96632877391227,399.2364955488089,416.46825574458825
2025-04-23 16:00:00,359.6633171067302,495.6472080350307,444.85831058286766,424.0549239883734,437.8585448982711
2025-04-23 17:00:00,434.15860383494214,556.5359403293111,454.88425118524407,450.600377511872,484.691653241816
2025-04-23 18:00:00,479.5540255605218,571.2968929702834,451.9602118715298,429.64715185024016,501.1133091688958
2025-04-23 19:00:00,480.8770780408986,606.3897039612947,446.5994902622412,452.1148660479228,512.6921976296768
2025-04-23 20:00:00,477.09173624493127,632.7539597074714,440.36163457626424,465.1053212193752,519.4021639738704
2025-04-23 21:00:00,475.45699221808314,633.2967023457155,422.79217804540065,494.72000696856946,514.9032443634436
2025-04-23 22:00:00,470.94981390641675,618.1986114484523,428.72621216914587,487.764424737747,507.7258625681292
2025-04-23 23:00:00,472.63544024751087,609.9074596873716,416.92891943615393,467.97892633252377,501.92354906641856
2025-04-24 00:00:00,474.8058276402843,602.4743402629945,429.78715073556236,466.76947856263394,506.66234998110184
2025-04-24 01:00:00,477.9594440187262,615.5136421992139,428.41270213037023,476.1377053939982,517.9075260649303
2025-04-24 02:00:00,477.66157886384553,621.8730795219748,422.94992349091115,496.3921078455994,524.0320082944193
2025-04-24 03:00:00,478.31918996082146,627.0300537080611,420.2287248315157,540.5232626774037,527.9059544061819
2025-04-24 04:00:00,479.06964675555326,631.4765026321677,409.08351777370075,548.2141579736511,526.536703435593
2025-04-24 05:00:00,479.8651038726196,639.9359476165575,394.7445067790795,557.252162020272,523.5918948850205
2025-04-24 06:00:00,473.0138675753356,608.8239746736208,392.95647585395784,535.7837711638398,506.21201787222714
2025-04-24 07:00:00,432.429459166301,586.9136095124082,409.17057893992734,516.0188774868171,489.6997395580758
2025-04-24 08:00:00,361.6255085428045,556.6924265391249,428.4439617457935,481.76453477058266,456.27494783645636
2025-04-24 09:00:00,282.2183592253182,516.2095820078524,439.4079536924396,413.4269664214995,413.40811559021006
2025-04-24 10:00:00,259.5954161087321,490.0817657405486,442.96120400722737,386.2727576718214,398.85925168232825
2025-04-24 11:00:00,239.35304528070535,431.1385099362026,443.50007160355955,349.0104397566061,372.9280248271653
2025-04-24 12:00:00,232.13535439689213,405.17664720578324,441.8864439937855,346.954755098428,365.51227968370097
2025-04-24 13:00:00,241.09871183646246,393.59504210721514,432.4558451957004,330.44426620582084,363.4360237711635
2025-04-24 14:00:00,255.8202919969774,419.92256898330936,427.67735535413124,354.5739725754663,376.3172665648999
2025-04-24 15:00:00,284.52703860894724,432.62916419648,422.73836730223394,366.83964922250897,387.63923358808137
2025-04-24 16:00:00,366.4243129532123,492.68834065328264,435.06202279120095,386.53751750256396,439.4386333808673
2025-04-24 17:00:00,431.76383986906563,564.9518518497067,441.35636313732715,413.6557255425528,485.2045690908148
2025-04-24 18:00:00,473.3548332674047,560.5935592785646,443.17624168387084,405.77303007403015,495.07375275102703
2025-04-24 19:00:00,479.0461485501545,597.4729672705664,446.03225237954643,431.42214986033383,511.4056708430429
2025-04-24 20:00:00,469.91351891427604,602.1044624660669,432.898652489768,448.53457914344233,506.9837635981923
2025-04-24 21:00:00,459.5872387702031,604.9597557121724,423.8864057440406,493.86999992692483,503.86622980550953
2025-04-24 22:00:00,460.1639841847159,625.0753844899551,425.6194109994924,505.03800950876376,511.14733568423236
2025-04-24 23:00:00,460.71888529038245,632.3018679224579,416.26846020649896,507.58503468204185,511.7603536474585
2025-04-25 00:00:00,456.85663373454116,630.4004423083595,424.4259990202422,526.9132888190344,513.8716954778548
2025-04-25 01:00:00,456.418100578653,675.1278168323649,422.04058855306084,558.2888241951026,533.9457636758076
2025-04-25 02:00:00,455.8533642792021,683.9132780669203,400.5851746124575,563.7221322766756,537.8257466210025
2025-04-25 03:00:00,455.43789140058453,675.1511191586384,394.04926715134957,558.0533500050669,538.0698521576905
2025-04-25 04:00:00,457.3605610399273,678.9416822892949,385.9988285541265,560.4259634199717,537.0704308477762
2025-04-25 05:00:00,458.1950867439329,677.0839306766953,362.7477604937443,560.0576792553142,528.0053368868857
2025-04-25 06:00:00,401.3929884995226,653.9366021173978,368.1819584428134,534.1354500008553,492.55094944244325
2025-04-25 07:00:00,380.62759074185715,570.6009391116932,389.5739344643373,480.550370391651,459.95730235279666
2025-04-25 08:00:00,284.84960424381217,494.642971597946,402.8689976458805,404.8515512659769,398.3946996026908
2025-04-25 09:00:00,352.87206385953016,456.6634287854509,400.4587183533506,377.52122926606177,408.7620286594171
2025-04-25 10:00:00,314.82969674485327,465.40328563249045,407.94530507893023,368.77420454748227,401.3960182955185
2025-04-25 11:00:00,283.9693245208244,451.2631012335347,422.57006404738,368.58471355163636,392.3911056177964
2025-04-25 12:00:00,246.50708546913435,395.9704775154891,432.3427896005431,330.3481964384265,366.89123319780737
2025-04-25 13:00:00,241.34147822542496,394.3060673643571,424.0966687169235,337.72427833062847,359.7269966455398
2025-04-25 14:00:00,280.3750462674845,385.0992054739257,402.6193473008212,330.6983656607832,363.0105516367257
2025-04-25 15:00:00,306.53864817190384,421.2137166990019,422.5068665805674,369.8637168241287,389.71809536230455
2025-04-25 16:00:00,337.84677584169617,404.0420008511446,444.688981648374,360.03665488898577,399.52294715874064
2025-04-25 17:00:00,407.25532716709563,399.7523712816491,465.31543378827985,357.6784103468233,423.43685719658885
2025-04-25 18:00:00,458.4283966147936,399.5882661029185,467.292583222773,332.26765731163306,437.2161037193019
2025-04-25 19:00:00,460.88939569854523,412.2986433682018,463.18626696962053,342.5964207332859,441.1147150255211
2025-04-25 20:00:00,462.13141779048823,448.7588162909571,399.23647575951026,368.8934401549101,432.43006158757515
2025-04-25 21:00:00,461.82617016507487,440.68918027980686,394.46106474221955,359.43581498008723,426.5137637014529
2025-04-25 22:00:00,462.1855342629727,420.7414418427894,400.21989656582065,340.21448880743947,421.62475179582594
2025-04-25 23:00:00,461.16854097417263,438.99163630478057,406.84955208866444,354.7333580427444,432.02253454457946
2025-04-26 00:00:00,457.93635341433077,457.7542396610721,424.89305898199956,361.71390938630043,444.8371588305187
2025-04-26 01:00:00,458.3372066582549,482.9688562446008,425.07781562887567,377.4103306218064,453.8577324545373
2025-04-26 02:00:00,458.7076768672366,524.8414103199632,419.7304941957761,407.8000984474647,467.6772617115712
2025-04-26 03:00:00,457.83075216716225,546.0001211234959,411.57218269081034,451.5939643951594,474.2843491424211
2025-04-26 04:00:00,457.32802807568305,553.6795803991309,409.1760035951959,469.78876157310316,476.45470294136265
2025-04-26 05:00:00,457.2374952934892,557.0584239900173,398.1941893477961,471.5134294674617,474.06192445271296
2025-04-26 06:00:00,416.26497323263044,526.0180968800237,401.0902452565677,439.6408274023371,451.4157360531816
2025-04-26 07:00:00,397.2388965311223,501.7544432266468,412.36934943629524,426.2531238334423,441.27764644230274
2025-04-26 08:00:00,358.15525671485835,522.0560973103879,418.41104818266564,422.5863726554924,438.8001676547013
2025-04-26 09:00:00,338.47201435420845,491.0840803568047,422.09022679417484,398.33333892010285,422.88340056811967
2025-04-26 10:00:00,306.8096805981676,482.8758386016227,433.74148312516866,392.1738095087892,414.21497113040795
2025-04-26 11:00:00,244.48811263206827,484.61747551152706,442.74031245809465,380.5498396699424,390.5735432849815
2025-04-26 12:00:00,295.98923003057917,467.15635751410827,419.54946439784266,383.39122443158595,404.48285725913024
2025-04-26 13:00:00,321.95340563963396,494.6763443832263,417.77624352938733,426.5516195336817,426.42669889140427
2025-04-26 14:00:00,305.5149446467709,507.91534533023474,430.72151917414834,439.41538686142474,428.2737743635875
2025-04-26 15:00:00,316.5759460173561,512.1814059929607,425.36576630097096,451.6831798552616,431.06880119675225
2025-04-26 16:00:00,325.0669722284792,512.0849644718636,426.34082876184016,454.64067997553514,429.8727358263286
2025-04-26 17:00:00,420.09769922935044,517.2237291897796,435.1315549346488,463.8439260702624,461.3149427667201
2025-04-26 18:00:00,455.6366915558065,478.80606434950437,474.53445801296397,435.10483937183983,469.84379213699106
2025-04-26 19:00:00,458.2527443637521,457.5190019252149,494.5679739767695,418.0530115360331,469.0591666702019
2025-04-26 20:00:00,456.4420141927137,490.4494772138488,431.57540687523465,441.9477707902581,459.28433902304994
2025-04-26 21:00:00,455.47246251465646,499.81047143893124,422.88017684517075,447.0793907507496,459.98791723004723
2025-04-26 22:00:00,456.005092074474,502.799579298115,421.42678352585943,449.35156495493993,461.206117047962
2025-04-26 23:00:00,457.77880741308036,501.53189868366746,426.89908336376254,439.99624724944465,461.91140855789814
2025-04-27 00:00:00,457.4129423358726,501.9908891783005,439.173926484418,433.72040730633165,466.02595338463306
2025-04-27 01:00:00,456.9365600547564,543.9408654266026,451.7591574714432,460.23500435114016,485.9577730874686
2025-04-27 02:00:00,456.2059065654127,582.8867368790808,458.51417392340085,485.02819038536325,504.0007672750565
2025-04-27 03:00:00,458.3752298374543,633.0901403744909,417.29470700981005,520.2801230275275,516.8689659759223
2025-04-27 04:00:00,456.9835549735815,639.2279927172694,397.5990832273952,535.3426279099517,516.9754677483878
2025-04-27 05:00:00,455.95915046937523,635.4433363101017,396.42929196233666,533.374929353029,515.5686545502869
2025-04-27 06:00:00,410.72479193001806,614.4554557636744,414.0583665171544,505.69059193430434,493.2200463782763
2025-04-27 07:00:00,324.53856699902497,523.5704484314358,448.02304455559016,414.0870054066512,430.10945072309124
2025-04-27 08:00:00,261.9295164086724,400.4934175470299,470.7629510063424,313.7571002506657,365.78821368229757
2025-04-27 09:00:00,215.19194795937025,344.5797697527945,463.3541247204647,273.6346801775808,327.042522483199
2025-04-27 10:00:00,193.410930088047,311.03214951976315,456.2981955647596,251.79503043112436,304.51740884835203
2025-04-27 11:00:00,188.6435490111679,299.5067195131621,449.01888834965615,243.50160948346578,298.1667790834722
2025-04-27 12:00:00,188.38545468532226,319.04555894292946,442.72334818569215,263.2447819252935,307.23586277175207
2025-04-27 13:00:00,205.0417132824319,348.0989015419893,447.3715179030696,285.0477684781987,325.3733873871365
2025-04-27 14:00:00,235.5532416848171,386.71140362683457,454.7761317430011,325.38734347905154,352.04904650583586
2025-04-27 15:00:00,267.87112988394296,448.9926831672047,463.7185015940017,375.9989578095685,391.67062549566464
2025-04-27 16:00:00,327.82879058221476,529.4753501324763,457.6654731115987,426.95119982407726,441.6626447331216
2025-04-27 17:00:00,404.35057140772403,572.5596485992583,459.8904454462282,431.31130713117454,482.9875230948545
2025-04-27 18:00:00,451.5964889339927,593.5408754010973,446.24017865769747,435.9889125522959,504.97607393424096
2025-04-27 19:00:00,453.61984789018317,587.048331789024,446.4220545493954,432.83022222244654,503.8142508156561
2025-04-27 20:00:00,454.19012296845045,587.0157882434661,447.4636815564279,433.7220060686516,504.1334798457131
2025-04-27 21:00:00,454.6512405626219,586.4896511284404,442.47532819504545,436.29497636798544,504.61527087063564
2025-04-27 22:00:00,454.5194566857705,613.4580072283725,421.7927797107935,497.89192257906114,513.6227370887564
2025-04-27 23:00:00,456.24550361497404,616.0297527479341,408.8191565787427,500.1820436527608,513.579769812785
2025-04-28 00:00:00,457.464743097856,636.0802198417562,407.4064744867963,534.4085208384796,522.1674773180498
2025-04-28 01:00:00,458.64156768314837,649.6987472523407,380.4429679515403,546.9243529742538,530.7934787745414
2025-04-28 02:00:00,459.5938031303813,630.6283687284937,375.1600621088375,532.4461714607377,524.2851933459565
2025-04-28 03:00:00,458.92203556107853,626.2797138643823,361.5413512328936,537.3451558469721,519.0263045440362
2025-04-28 04:00:00,459.49429242540106,623.9893127120743,347.2858578075118,542.3201743748175,512.6881539463944
2025-04-28 05:00:00,459.6964417492581,622.9202016113906,339.43878000480794,545.9817926918943,506.0405871720403
2025-04-28 06:00:00,449.0263441210968,621.1444703814075,331.58161808721627,538.4051044158695,495.83943352817886
2025-04-28 07:00:00,438.04307707679783,623.138682795833,351.09763573945764,526.0286893633529,496.99850579357394
2025-04-28 08:00:00,405.93867689843836,620.786477770374,392.32728508744947,502.6867562261542,488.74796567720165
2025-04-28 09:00:00,397.2360278429754,600.8431483370189,416.70780544843376,473.4088163188074,486.8148756692729
2025-04-28 10:00:00,319.0557519951827,562.4965308272031,442.00108566964997,434.57336376553644,455.46656404277286
2025-04-28 11:00:00,285.81869301573965,535.1749475427338,460.0259952857624,416.7377409784655,442.3474768148683
2025-04-28 12:00:00,259.0768082692061,526.1192205380372,463.2483639634356,447.61625829220367,429.99020923546783
2025-04-28 13:00:00,252.40150919679013,534.5670484436245,455.391237762309,455.9757320526243,424.4241461512039
2025-04-28 14:00:00,305.1198773310693,530.5968466084973,475.0326998698962,454.9629892781507,452.50937047323464
2025-04-28 15:00:00,271.9472302068663,510.39247631994726,450.7621929859107,442.6039275598863,418.74043751873825
2025-04-28 16:00:00,348.2423970805331,499.19189433308935,414.43448005050465,429.6257243139866,426.0032826783795
2025-04-28 17:00:00,407.3758645539884,515.6882318687026,426.99386303859285,427.1761585948013,452.66949092596116
2025-04-28 18:00:00,450.433387033322,501.51769386543765,466.824414071205,316.9375194303853,471.03640614772667
2025-04-28 19:00:00,454.55732263914365,494.4658234175135,468.0675612344716,315.24725240944997,469.56044348780006
2025-04-28 20:00:00,453.6609851169398,475.43837340786763,403.2710468004635,397.8235715707685,442.04601902029077
2025-04-28 21:00:00,455.8949977926825,450.07168111942127,399.0231149185499,388.7397379860822,432.7739507693169
2025-04-28 22:00:00,456.09568389397083,477.1042498369316,403.96569491601497,417.4767046381831,442.5491508719162
2025-04-28 23:00:00,456.2200704419013,470.8756891643888,405.0573239955726,405.0763582847988,441.46782039696257
2025-04-29 00:00:00,455.8640049866303,476.1344806719649,417.62525557796914,407.17360999588095,448.6127155860965
2025-04-29 01:00:00,455.8962817771002,498.2073863576939,431.1172509482596,424.68864427046674,461.99887785629153
2025-04-29 02:00:00,455.62204691221365,499.21571699425635,437.24540056917033,423.2612747640138,465.9298084803655
2025-04-29 03:00:00,455.6163879552665,516.7380009520316,425.35116359002996,435.0040277641185,470.5984925247919
2025-04-29 04:00:00,456.109520900625,519.1959830325443,414.9828774289847,443.6035875505812,468.0716815357464
2025-04-29 05:00:00,456.21228408783145,526.1879919537364,397.62094811370565,447.5958398296787,464.3347842808523
2025-04-29 06:00:00,407.3125961684206,460.8290551174823,395.317045434724,386.0939071576212,424.1881911489333
2025-04-29 07:00:00,317.19923171707353,382.29465789561823,403.75934441007263,319.30121287293997,367.7659376194679
2025-04-29 08:00:00,272.7009343058353,344.0449416052134,390.3443638144246,272.18224040576956,335.18111367410484
2025-04-29 09:00:00,242.01515114108122,335.93196040940836,386.21342094874035,251.33666376702308,320.9247246675883
2025-04-29 10:00:00,205.31271634875992,286.84100748835857,379.8742611936047,216.30592378744763,288.0488189026205
2025-04-29 11:00:00,202.91793134653528,294.4966115353956,398.5628861632088,223.3496801324101,296.08371124687994
2025-04-29 12:00:00,200.99082499143745,297.33377303021655,433.90468653646343,248.3672654452732,308.86056408055555
2025-04-29 13:00:00,222.85381256382666,307.0687799557769,449.4370402812378,264.9074229651576,327.42919236835
2025-04-29 14:00:00,224.82094214842675,332.87061964923237,450.3881392026674,283.1805728189884,334.02354590974994
2025-04-29 15:00:00,253.95614867321405,369.53021436520334,388.7023214021057,313.5158518280361,337.9981634901276
2025-04-29 16:00:00,316.49998520364625,406.0126109074223,388.4925967629211,335.5602518882839,371.4918058323444
2025-04-29 17:00:00,408.1804489170944,473.1632629430333,413.2510862200442,395.11376006033197,432.9547546636565
2025-04-29 18:00:00,452.42302113550176,475.4957128545875,467.12906720658765,403.79237240516443,464.68560045380985
2025-04-29 19:00:00,455.54693746080335,465.0425051950029,480.293467876155,397.2197897504816,465.79846417597247
2025-04-29 20:00:00,455.87957527072155,511.0839694695612,424.61469016161067,404.99528630955865,464.58904697589765
2025-04-29 21:00:00,454.19511606949806,554.8548631604094,385.5776958732761,407.6660832923156,469.1083884657478
2025-04-29 22:00:00,457.458233391486,591.311561995467,372.66646804514465,413.40256657724007,481.71572523025554
2025-04-29 23:00:00,456.2529068087952,611.1687730463391,348.01286982282136,457.43794489380423,484.56698084810256
2025-04-30 00:00:00,455.13957411771224,595.1598705408637,371.70082428545794,450.11996219840387,485.89145796346185
2025-04-30 01:00:00,455.1625287726281,610.8410539286639,378.89595980610216,457.41419100425776,497.3396531764347
2025-04-30 02:00:00,455.1575416171128,627.300710583734,368.39726761845793,481.60324845555516,505.84683912649496
2025-04-30 03:00:00,456.37408950983775,635.224516296271,357.1288359204718,474.2467724352982,509.749972673489
2025-04-30 04:00:00,457.798603267084,631.0454520225001,346.6526957840856,471.7312676899895,506.1587536976543
2025-04-30 05:00:00,457.0825943521175,625.8140548262335,324.61876056013006,474.4774849540474,498.3909028175556
2025-04-30 06:00:00,409.1438491646101,564.2433356896281,339.08330099105257,425.3362107977545,461.46851510150594
2025-04-30 07:00:00,325.2117247836224,481.52740959202777,386.632510765279,401.1877965286469,408.6200275343805
2025-04-30 08:00:00,276.68859860075645,417.86830793648875,403.7332833853611,339.24980128877644,368.0747607055769
2025-04-30 09:00:00,242.02146057102848,358.4337268341549,404.93868062441453,297.6803321162173,332.91338832113246
2025-04-30 10:00:00,217.35395313765585,331.33573675251876,415.2901986722347,269.9445301482617,317.5145938344776
2025-04-30 11:00:00,215.2464867362504,328.4084228960005,436.0045783429607,264.3076303085624,321.84027852174967
2025-04-30 12:00:00,209.69681398241698,347.8220451150139,473.9931356600712,287.1197473622914,340.27337709563625
2025-04-30 13:00:00,222.77326421436504,376.46973995876004,453.0123868990432,299.11742885637955,352.6927300484303
2025-04-30 14:00:00,234.76182821338196,423.43932923470373,465.3543191854965,345.3505759473845,379.1554674416991
2025-04-30 15:00:00,266.17185641165497,477.7341387622603,476.4688276775709,388.68415139600484,416.1131118012672
2025-04-30 16:00:00,324.28383138299967,535.4047334958743,479.02525444002333,445.19751725397424,455.6966397949601
2025-04-30 17:00:00,406.9073402386245,599.6136255124653,476.7679945397368,493.22537495794165,503.5275840809858
2025-04-30 18:00:00,454.10088574595613,617.2280478214489,480.31573105532243,424.42602822102265,522.0884249198834
2025-04-30 19:00:00,457.4463643197607,626.2614474091023,461.81850503549424,408.83614725585846,520.1072640863459
2025-04-30 20:00:00,456.4946988217082,634.8992886369249,399.3836829526687,406.72031217984386,505.0722324000728
2025-04-30 21:00:00,454.5965603115586,633.5742214730614,391.4412696103493,438.76727519979374,502.9451679374023
2025-04-30 22:00:00,456.85491845416766,615.5505526509431,394.220781231071,451.13232485636297,495.4223307608533
2025-04-30 23:00:00,457.1671876096146,608.1256223386572,384.2313157035432,487.5154080459283,490.4576519724776
2025-05-01 00:00:00,458.571561378902,609.9572576593297,395.34395447287926,521.370653732398,497.6510228344327
2025-05-01 01:00:00,459.5096523491931,625.384207603427,401.12539052279527,536.5901976483246,509.15505321678245
2025-05-01 02:00:00,458.716391108646,625.3808216453958,397.478584408839,534.8849945264086,510.9041272646231
2025-05-01 03:00:00,458.1316432103145,636.3186392406657,377.0531939363434,540.1646633602174,512.9393713264823
2025-05-01 04:00:00,456.78764486131087,648.7809719469001,356.7468891681917,552.587442250132,515.0348877737031
2025-05-01 05:00:00,457.299130313766,646.9186297969488,359.060097698896,548.444696061863,514.8359334642149
2025-05-01 06:00:00,410.1892579972534,596.9105670225402,401.73860031672024,503.37874215211286,489.50499340015034
2025-05-01 07:00:00,327.0018454226344,505.67140022863543,437.025101809928,430.6308172470617,430.85519394717016
2025-05-01 08:00:00,277.3714367424995,452.5573764372008,454.23314285562356,383.5773500090265,395.1684360554152
2025-05-01 09:00:00,238.53779489374384,398.9964024940093,451.691938558384,338.6937642910666,361.0874007957035
2025-05-01 10:00:00,230.09445734247598,393.4254721278799,455.4305597858594,323.7665619875201,356.7121377509324
2025-05-01 11:00:00,224.90111253091916,411.980268323746,458.14499511747255,322.06536550150884,363.2801105059747
2025-05-01 12:00:00,235.93081332957922,445.69459374504373,463.6055061050442,336.5005682427774,385.9382684918482
2025-05-01 13:00:00,253.6641521880959,440.4299246705269,479.54842496994075,335.9410517482568,400.97031699955215
2025-05-01 14:00:00,234.00704430425992,455.0641251230746,496.3539015701987,380.1597066777724,397.6536852351478
2025-05-01 15:00:00,266.4676625975895,473.9418822872098,530.5385402256601,412.80417409729245,421.35990702700815
2025-05-01 16:00:00,319.5541597079111,502.82669967945986,535.4652484668859,439.1437825956714,452.13279057021765
2025-05-01 17:00:00,404.57696987572933,493.3914420749583,538.629225736026,424.8523281848223,478.73736382725536
2025-05-01 18:00:00,450.8958410551487,497.43620631148707,538.3908748405329,419.35629147343263,493.68757307332515
2025-05-01 19:00:00,453.05032504464526,510.6441601104027,480.3549951647164,433.08428288701737,483.5602324205067
2025-05-01 20:00:00,454.2481835479118,532.5790022153303,448.229275601376,448.78124129327244,484.74470774068556
2025-05-01 21:00:00,454.0840882021633,550.5393516631386,441.35828926725463,454.34448177276914,490.0010953868365
2025-05-01 22:00:00,454.49271992271264,598.9108645919283,415.89609778355066,482.7043616735883,505.6459833091567
2025-05-01 23:00:00,455.14849772307826,611.9346022627062,398.15544170936363,480.01620666133834,507.23783430041726
2025-05-02 00:00:00,455.13060713416223,603.0732926520102,406.97329759783133,474.517549919022,503.628656926122
2025-05-02 01:00:00,454.78392096985397,618.245389222705,378.91475264864715,483.64836789173347,506.6778011706573
2025-05-02 02:00:00,455.43056763420714,629.83112709619,366.58302231020235,490.0646496962461,511.7588466465485
2025-05-02 03:00:00,456.0807507987936,626.3325169150104,351.53524501342594,500.59335724853815,510.162306003307
2025-05-02 04:00:00,455.803697666555,617.7061450023696,334.6357788349568,528.7384657508458,501.58674322152865
2025-05-02 05:00:00,456.7327721430642,595.9383452001904,330.0307463293347,519.0365365434848,486.98185497342024
2025-05-02 06:00:00,409.2714807828379,528.3521115030567,343.4387855509197,463.4241054933445,446.3415459379053
2025-05-02 07:00:00,322.8348784709075,434.36382332296404,387.83324829977647,383.9754773688913,389.16921819393474
2025-05-02 08:00:00,268.47492784339664,363.5577646143222,393.30341899494823,324.740412576251,344.54874437173254
2025-05-02 09:00:00,234.28507074599,319.5837136252776,384.49636098786095,288.8116053342275,315.3059788377473
2025-05-02 10:00:00,218.89868886505624,305.03633922308376,383.6747475634632,283.54459756043633,304.5588005196191
2025-05-02 11:00:00,218.28934629155935,302.64358928752563,389.26683310285847,292.82149697154773,306.09760585851194
2025-05-02 12:00:00,211.95394908494166,328.3364275531911,401.28467506514187,312.996223473902,319.2818484771479
2025-05-02 13:00:00,222.0373058349301,361.0315739838814,409.4271132112023,339.9961551451773,336.7602973968945
2025-05-02 14:00:00,232.41626676314425,401.2294053451933,419.5225647895816,357.0398942596196,356.4106074606354
2025-05-02 15:00:00,277.427782195587,437.1268300610887,427.70837347619323,377.00979068585997,388.4621850322326
2025-05-02 16:00:00,332.1464757583639,487.0180045570906,455.1343295348354,415.45639031025854,432.6086421611333
2025-05-02 17:00:00,398.57652858617445,530.538848858954,471.07578812049377,424.558628887777,473.4573553263558
2025-05-02 18:00:00,444.00642608687303,539.2595691488013,468.6602339539673,393.70447380691013,486.9311800406941
2025-05-02 19:00:00,449.43028582382357,531.9544924785081,452.61266182921906,385.4969822747873,480.4871783172977
2025-05-02 20:00:00,453.0307129071612,529.2858655514875,393.6848835545475,388.55928552515826,461.3847857466684
2025-05-02 21:00:00,452.81117667145656,543.2143271883372,388.45297570329495,420.63475994866116,466.17515880128127
2025-05-02 22:00:00,453.8111051748495,551.6217109919976,388.52972637066176,442.10644465925077,470.0471518636313
2025-05-02 23:00:00,453.9308922360612,545.3177960420215,381.6288568732071,445.26447668740195,466.67666011925667
2025-05-03 00:00:00,453.3807309046586,515.9206819363982,389.61168705842624,439.7882041972809,460.37016109079565
2025-05-03 01:00:00,453.9172680521552,585.9377812752241,363.46324830271556,485.2193878241567,483.00751831318723
2025-05-03 02:00:00,455.01774883903454,651.4530548493974,319.42696980393123,526.399986791265,504.6052296609198
2025-05-03 03:00:00,455.70638430390875,657.6256001476218,312.76487480143624,537.5699596041815,507.6305987622456
2025-05-03 04:00:00,456.73495927641954,655.7498563329544,315.9526705755028,540.5583103110624,507.7207808465501
2025-05-03 05:00:00,458.43008189557577,652.5544119465138,316.4021956954398,528.61801805164,507.8302930544806
2025-05-03 06:00:00,406.59501005315224,589.7525945868802,350.04909025757615,477.68248780930827,472.101336609866
2025-05-03 07:00:00,345.9267762646853,526.2374987069205,401.1323943852871,428.5244372462882,436.12128778070985
2025-05-03 08:00:00,289.5773472055316,444.7434276180198,420.69097815608103,362.8194215353014,390.02852819244714
2025-05-03 09:00:00,281.71209296837947,429.78542519620817,425.15745855904333,352.4998296410983,386.799835279842
2025-05-03 10:00:00,267.52830962966175,429.0300600115836,437.45927880684195,361.16685274866796,388.0797146304253
2025-05-03 11:00:00,245.12734033388654,407.316433752199,453.4010701004602,346.9246353656394,374.9114652140959
2025-05-03 12:00:00,238.0818216888723,388.78588623970387,467.605496558218,345.92615512894884,371.55615057623623
2025-05-03 13:00:00,247.72442574348537,403.737888746047,476.9842428007596,360.66953254657477,382.56292758897047
2025-05-03 14:00:00,254.27203357925438,389.2360876525847,470.3476807385421,346.760213108287,373.65365596208795
2025-05-03 15:00:00,291.11645366086645,465.7975986486329,427.88700129360336,414.41672627386293,402.72304466980825
2025-05-03 16:00:00,374.9647334833965,535.3889142042934,425.75429955684154,465.5423733819767,456.18126876617237
2025-05-03 17:00:00,416.60197708626305,603.278846942855,430.2585897027569,510.16329802030555,493.91866529672905
2025-05-03 18:00:00,444.56275269776944,601.4580512225212,439.779637112719,511.00797743398016,503.3930928086909
2025-05-03 19:00:00,450.02017926352073,604.8704828210105,458.85618492038543,498.9614007699401,511.388404471273
2025-05-03 20:00:00,453.106174685904,615.2374088039595,485.9303464375048,482.51217943509977,523.6788499764542
2025-05-03 21:00:00,454.71063315322004,631.5522132702125,539.0437999060581,485.41888441284317,546.8102300751146
2025-05-03 22:00:00,455.5266247356761,625.1332052051417,440.56046985169627,481.6997174041327,513.4504289568213
2025-05-03 23:00:00,452.69243754791637,634.1696324040803,423.66896858920927,483.0589751208807,508.3098038316734
2025-05-04 00:00:00,451.3094875865116,637.4209114738213,437.08949846239784,470.06867770381217,510.18426659664374
2025-05-04 01:00:00,451.4500125323922,674.4231795233169,433.3498638425033,512.2364261632634,523.1442509352964
2025-05-04 02:00:00,452.263220714463,691.0179646618818,441.2187249348443,536.3853376436651,530.4023412210682
2025-05-04 03:00:00,452.7800829919813,705.9922687721955,436.36045202278524,547.3048903328596,536.9399896956608
2025-05-04 04:00:00,453.4896891814487,695.6670543167467,434.43356302964986,539.0796287704417,535.7335564378652
2025-05-04 05:00:00,453.37842381432824,682.594317994983,431.01503506650477,529.465586523161,527.7779718332351
2025-05-04 06:00:00,418.7832175858339,600.3661487070151,437.4125600798142,467.58390475869066,490.973153508749
2025-05-04 07:00:00,358.27241618631183,478.592170070367,439.8973470836217,395.48484313371347,430.5685104982694
2025-05-04 08:00:00,270.9537423614234,407.4390983605743,423.3472862872447,349.5464325541224,368.1716552864834
2025-05-04 09:00:00,240.42324210076217,334.08029245804244,404.9200590858669,291.6348094342963,325.94277784576997
2025-05-04 10:00:00,226.03041859326288,309.86967783956055,407.7258647024005,267.57208379655924,312.05305079750707
2025-05-04 11:00:00,233.81748779474088,305.30242991468634,423.8654831051907,265.61924703965013,318.5533119413122
2025-05-04 12:00:00,221.56742927094356,293.2128845337848,413.66054934622605,262.0676022135055,306.09354016746397
2025-05-04 13:00:00,218.26853564685052,285.71402720323647,413.7146390579449,258.7305344882082,302.4286086562294
2025-05-04 14:00:00,241.2977852068908,300.4723323843169,424.4082668378936,273.88136549586324,319.9083643852337
2025-05-04 15:00:00,284.68207862663706,350.65566837292135,472.3461198333975,316.9241211047727,369.57084020561024
2025-05-04 16:00:00,369.89293483945255,401.17872011859174,481.6385108801624,360.47041143804483,418.7030325027644
2025-05-04 17:00:00,408.25990516302664,467.023542123847,492.5746963422991,367.8498322438989,455.6336856818556
2025-05-04 18:00:00,447.94872171366177,520.2273832900813,510.7273244666117,355.5983737036699,490.8011680453662
2025-05-04 19:00:00,450.58894032459847,545.7236053611296,508.7472570240648,363.682929112507,499.2301426237504
2025-05-04 20:00:00,456.18578415221685,537.3156945068607,464.3529399221714,335.3292694090984,482.43320338949405
2025-05-04 21:00:00,457.56671907294555,573.1165727725618,473.1666055431209,360.327792643639,498.26092464381685
2025-05-04 22:00:00,456.560249141203,608.098698672076,461.967483426075,480.37900930336036,508.35941401028515
2025-05-04 23:00:00,456.80576886018457,671.3761765088062,450.2865028588924,523.1124817907753,527.0982845498357
2025-05-05 00:00:00,457.08400419735057,714.050756388275,432.1201680540922,544.8392525204121,541.5852852746822
2025-05-05 01:00:00,457.06484421942923,727.76389860487,409.96844270154344,550.3348111014286,547.7558572967589
2025-05-05 02:00:00,455.375902680888,723.3381906848432,387.94626965720295,549.5840704438131,544.2185633028296
2025-05-05 03:00:00,454.8791676739499,720.9746313533051,387.71444913002716,560.8200359586594,543.4698553753088
2025-05-05 04:00:00,456.0362465135303,720.2517952515701,395.12633924793755,568.3604628504957,546.7858188650575
2025-05-05 05:00:00,457.50579614150485,713.7347399351216,354.62862028042065,565.4078023981334,539.9557299386483
2025-05-05 06:00:00,401.4318171639725,641.8758092851338,375.3975005227253,519.3666964764907,495.98223443101705
2025-05-05 07:00:00,332.46261923460094,536.8268882792256,399.1078487234754,446.3360453776601,436.26086477643855
2025-05-05 08:00:00,280.45442749965,454.22364279147314,414.15719886615534,376.52590074629165,386.7687266134479
2025-05-05 09:00:00,250.03964966190696,395.86617178373945,411.0530156625837,332.60732809246355,352.61287871087717
2025-05-05 10:00:00,222.20563886429403,366.74630989492135,409.03669730033573,301.54749260488256,330.668709384989
2025-05-05 11:00:00,215.54087828120186,364.77199542701374,436.7259501630625,306.2015748535845,334.16288471827414
2025-05-05 12:00:00,217.88420183204843,378.33001729032065,448.8337451288848,330.71433757411404,345.6113907319384
2025-05-05 13:00:00,227.0157173683171,410.2266583742163,490.2978815637304,350.58539717343876,373.375773561362
2025-05-05 14:00:00,246.79939649100228,448.4853834238185,486.51777209683587,382.4428786949461,397.501939121639
2025-05-05 15:00:00,276.63736380144064,512.0027075445693,493.53918579163354,438.5353943532424,433.7940744200885
2025-05-05 16:00:00,330.4324774754346,588.9085690585053,492.51114381559063,478.4557090799755,475.40767963238073
2025-05-05 17:00:00,406.1268934496733,635.3207980503848,488.69068935611915,520.5987061584307,512.1826687999699
2025-05-05 18:00:00,453.4315627327719,613.1888302218251,489.8455469860202,516.8509210946021,519.9506762750035
2025-05-05 19:00:00,456.79826836471796,637.34537872112,472.1327761511688,481.2868914115452,522.5475440788447
2025-05-05 20:00:00,457.5276022789784,643.8059712173327,414.23546761451803,468.33766235903175,507.75682197993035
2025-05-05 21:00:00,457.1124881170172,652.2130922970204,394.4160034524012,464.7003529214605,505.59757147488773
2025-05-05 22:00:00,454.9154612039992,647.224696488095,373.32282631026624,470.4707419556653,499.72509978296154
2025-05-05 23:00:00,452.84706924082565,645.7019344696619,377.6985285546545,507.8217465548998,499.5437333589004
2025-05-06 00:00:00,452.9524450326444,677.5861795734672,371.20325192584966,525.3653053611479,509.5171366047663
2025-05-06 01:00:00,454.06065105484004,702.7593505696653,353.916862113668,548.5194016365203,518.6059905903901
2025-05-06 02:00:00,453.6468299950184,706.4625901651559,325.7149898691341,571.3915066230029,518.7820537943498
2025-05-06 03:00:00,452.03114305107846,681.9603706418399,321.0530176990619,568.2567140809224,511.35779776291463
2025-05-06 04:00:00,451.588598901298,671.131719136581,316.08776923103545,565.0174818342641,508.5928039358895
2025-05-06 05:00:00,451.5433077487631,678.4105121121667,316.6407106609296,569.5089030133867,510.72757103970685
2025-05-06 06:00:00,404.9749186310801,628.6086678625181,350.59856191467037,529.8765673205024,482.31219946358607
2025-05-06 07:00:00,369.427876792198,555.7867844047769,373.8997120268024,470.76888884831084,448.35001030452855
2025-05-06 08:00:00,307.59062884517397,513.4190641533972,404.91829081995684,430.9825288982627,415.8671923798383
2025-05-06 09:00:00,272.95746702436054,477.9014712611898,406.13616951596197,403.02690998832423,393.8135937849545
2025-05-06 10:00:00,230.55790744327,443.96827388536184,415.87375946328683,378.2511308479117,368.45843003568626
2025-05-06 11:00:00,214.00524924949556,398.81300689485346,435.5313951103809,343.4545224462495,351.6018368561271
2025-05-06 12:00:00,216.0008580994984,404.41491552648114,453.91854950838183,355.1041710902539,361.7549400686004
2025-05-06 13:00:00,231.23615191446927,440.4436509764385,472.4512693293856,388.3695016068425,388.8293643447995
2025-05-06 14:00:00,242.47019121884318,471.31116081809944,466.97389517368134,409.24191797837125,402.33149728201306
2025-05-06 15:00:00,282.55063827385544,518.5960900970309,460.93151372405305,445.3980793244365,430.1649737349727
2025-05-06 16:00:00,337.2036136165144,560.4666423485653,473.8708069295681,468.0570622313658,466.5872303028043
2025-05-06 17:00:00,424.18848387608284,615.0745743735401,476.15193845905856,490.07547890170997,512.3038345805334
2025-05-06 18:00:00,454.98631197456865,615.9711366109544,480.0837042240875,455.46979401289883,522.0425152424937
2025-05-06 19:00:00,456.5288154592418,624.8261207144797,464.6928931791025,459.61067817730225,521.3642529048292
2025-05-06 20:00:00,458.02047935618253,622.0316632103288,413.19671319126695,456.23163438748406,504.37835030496547
2025-05-06 21:00:00,458.7627492060477,625.2736796843897,411.4589864354011,462.8904091622166,503.5521412420253
2025-05-06 22:00:00,458.6963679825484,637.1521270958759,401.7098761086242,479.43255216484204,504.89846653191034
2025-05-06 23:00:00,458.3926901266721,645.0616320773172,385.3152452415992,501.51827157745356,504.0802954283119
2025-05-07 00:00:00,455.0801828849856,636.8953696771916,376.9384288296395,489.9222202117589,499.97353577264937
2025-05-07 01:00:00,454.1757970719924,675.9077545785448,352.98498677474737,505.34736674532286,513.0360833521273
2025-05-07 02:00:00,454.34500140716506,687.4002866341139,335.74044097454197,515.6880797100055,519.9722810894524
2025-05-07 03:00:00,454.790444960534,694.9812969391467,332.9033352865852,521.5459387238203,523.523888764058
2025-05-07 04:00:00,456.22388866424296,704.3842114335182,324.84371652709933,553.5739258305672,523.2976318672796
2025-05-07 05:00:00,457.1989116646427,686.275691185423,328.5852772712309,575.2153926088495,516.1764041304723
2025-05-07 06:00:00,413.7748591668868,613.4383493481226,359.75366129296674,516.8747722069105,477.3296436987838
2025-05-07 07:00:00,366.4191373811433,558.2942480869564,379.3643275385843,464.122267220689,441.9856932577603
2025-05-07 08:00:00,370.51269826669954,521.4540971365687,389.01379367178475,432.9609837519781,429.9206527818405
2025-05-07 09:00:00,298.2106524813752,501.2877632262323,394.90125136036534,414.5608067110963,396.10903930811537
2025-05-07 10:00:00,281.4749077076745,430.9303933800502,399.81800837934543,278.2780864716205,370.1167634960466
2025-05-07 11:00:00,261.8153138765818,432.17093244595566,420.0904723801347,267.75234261012764,369.0548446313206
2025-05-07 12:00:00,246.47800376681874,449.8069852389931,438.75914202771486,277.9834131139589,379.2167524441154
2025-05-07 13:00:00,233.46392629565406,489.8768817274273,442.47710151450076,317.3373297768439,387.9181578325391
2025-05-07 14:00:00,240.09531697163177,537.780645005346,449.6354624277418,422.93802850235,413.4775766964057
2025-05-07 15:00:00,278.2642222141358,575.7918746791116,447.41009981791046,451.7169376657493,440.5960701004273
2025-05-07 16:00:00,338.1251266109801,616.932773749278,478.19631885692155,464.01391179108174,482.4361209814903
2025-05-07 17:00:00,410.90068858550774,650.1894058726291,513.1230564971439,480.3139414643406,528.1444496892499
2025-05-07 18:00:00,447.68923278065444,602.5350485119802,506.3755551102313,485.0015078174873,521.6399500815827
2025-05-07 19:00:00,450.3750846047571,568.5091254127036,464.5293561531526,474.6329915849223,497.2783545662
2025-05-07 20:00:00,453.59082643126163,586.0292853225604,460.7331855155132,487.0561659543265,503.9456461196638
2025-05-07 21:00:00,453.5772147950221,566.2870141320049,458.2643780510712,474.62909768718,496.45442444259675
2025-05-07 22:00:00,451.7013672281807,535.3233462968905,464.8651865919768,456.383958470612,486.1981332970896
2025-05-07 23:00:00,452.5936738585882,528.6229807573992,470.93598350745714,445.61441340459686,484.8426520274689
2025-05-08 00:00:00,452.8889563970094,573.2440889374758,472.4625030752622,470.00507211583647,501.97479753691533
2025-05-08 01:00:00,453.1162858280114,600.9491407291408,481.8043169779579,484.8761257507871,515.5876331514083
2025-05-08 02:00:00,451.60762751196944,638.9324888563777,458.45525925391007,510.05128447457673,527.3368107093597
2025-05-08 03:00:00,450.88390291715143,629.3862290425926,454.5094209924713,509.53865801899855,525.5816016843264
2025-05-08 04:00:00,451.0994127634634,628.4476468804012,455.17412170583736,519.1043667616965,525.0283061109772
2025-05-08 05:00:00,451.5600133717547,627.5161890989446,445.401808734688,524.056963999374,521.6515867470603
2025-05-08 06:00:00,413.42510232073334,588.9500541188398,453.50819773309,491.818244205749,495.40442747544427
2025-05-08 07:00:00,325.0646800979765,494.1018487295481,483.80065224556427,420.61848010049704,437.0588795031036
2025-05-08 08:00:00,288.15363220123254,417.67304418166987,495.6125130647099,359.61435190708335,395.9807644203845
2025-05-08 09:00:00,250.7586220122146,376.0626328826826,463.9169072361117,323.2330216315694,356.7676395735143
2025-05-08 10:00:00,219.84987686432842,340.92136768056787,400.69512974727775,289.96645916226703,315.26900660105207
2025-05-08 11:00:00,219.0798892137742,343.24837498131006,406.25321122038923,284.4983267453703,317.59086556569383
2025-05-08 12:00:00,214.05824092801595,370.9816634531785,413.34582421306175,306.75032304426287,330.07263760423695
2025-05-08 13:00:00,226.93282627694387,395.1125183084792,427.9678236151108,326.0473682768286,350.6847222141219
2025-05-08 14:00:00,241.18946675335104,416.1483672330284,463.306824821714,350.5343382827673,374.13752551293936
2025-05-08 15:00:00,270.26984545057866,442.7514839799308,531.3854308608766,373.0443146380953,415.10675230752963
2025-05-08 16:00:00,323.2875952694697,504.14191246955875,533.655697905255,406.4708721191872,457.46072851557216
2025-05-08 17:00:00,397.6523274833902,578.7444933070918,534.539778288513,465.0122623348294,507.98422402399035
2025-05-08 18:00:00,451.6630834341624,597.6542330486494,535.9882572783698,425.3851211061134,529.7235567240281
2025-05-08 19:00:00,457.97499857689127,599.56523534646,533.3024795931158,426.6039620305797,531.4328368317598
2025-05-08 20:00:00,456.8856070123698,619.0875240549211,529.0979478553766,443.3697797872344,537.2151682300937
2025-05-08 21:00:00,454.330451432528,629.2816645476696,523.5540783402074,446.05170164389165,537.9011729419371
2025-05-08 22:00:00,454.0786113984734,604.9578074357962,506.7488149386788,435.3503031125664,524.104222770308
2025-05-08 23:00:00,456.00091740148764,655.3135097981315,491.33171310435847,453.30703693842736,537.1892951214346
2025-05-09 00:00:00,457.3217235907261,672.8231120511027,500.6772004622181,497.8408537804083,548.3238046129393
2025-05-09 01:00:00,454.94372586237245,676.3081469429632,498.8194904978578,505.07054718181195,551.5292102759984
2025-05-09 02:00:00,455.01009309355976,663.748717396912,496.7943504383326,495.63876392645864,547.3515437553755
2025-05-09 03:00:00,456.1798116975259,650.8248033061446,498.5532635690847,488.9936996997697,542.1273974577741
2025-05-09 04:00:00,457.95029232853153,644.3964928674341,507.43595212833213,495.528068094207,540.0593438348448
2025-05-09 05:00:00,458.72956770343603,643.2899861543198,503.732261067024,518.3796482427629,539.3286826869988
2025-05-09 06:00:00,411.2457625386005,568.2110008876399,513.1229010903264,487.1913489810945,500.96152872305856
2025-05-09 07:00:00,327.10607741000587,477.6987851268,525.0061406835658,413.82139793141334,445.1703992007132
2025-05-09 08:00:00,286.39579106842115,383.2246974733272,459.42924760270756,332.58426849328055,375.0554193748824
2025-05-09 09:00:00,252.39921630832754,336.5978058597504,462.28763944995893,291.35937249122196,347.66542331549897
2025-05-09 10:00:00,237.25854248529038,308.27443396692775,452.05391323911846,267.86041859941207,329.9014105953544
2025-05-09 11:00:00,223.06773519860886,309.8792973476266,453.14048926687195,270.4475416591263,324.6919760112239
2025-05-09 12:00:00,228.57106134865683,301.89860424525807,456.1146314475926,260.91329427953895,326.4519525318645
2025-05-09 13:00:00,307.1366630697559,315.4350144331904,448.7648047573925,279.1555552012216,355.869665800319
2025-05-09 14:00:00,324.45696749401725,363.56904144739485,445.8194721593122,321.0192600352933,379.8347460433972
2025-05-09 15:00:00,365.1237374077726,436.8897215440763,466.10024896347386,379.64532793139006,425.26798781259197
2025-05-09 16:00:00,428.8710601245892,515.8447511589519,479.15133128692906,445.07564900528547,476.80410417920575
2025-05-09 17:00:00,458.5600697841307,561.8545533487712,480.5241351338866,421.8303723532053,501.16127604133965
2025-05-09 18:00:00,480.57613241064337,570.4939365289663,477.9436212887399,392.56394320135485,508.7067310759736
2025-05-09 19:00:00,481.05494514472247,587.0982139389307,479.25016513691537,393.0734026181291,514.7566252335267
2025-05-09 20:00:00,482.3765665925877,607.827150062945,474.7519240430717,389.62443092876566,520.7741433089232
2025-05-09 21:00:00,466.0781611430321,591.993903644012,445.6257428073855,414.7263342318145,502.3034172884959
2025-05-09 22:00:00,458.612781884568,570.354523622577,444.0153288843485,435.2341684948821,491.109698493961
2025-05-09 23:00:00,458.7278080086639,557.6539454589026,452.37831660264777,403.81683667573253,488.7796491109016
2025-05-10 00:00:00,457.4436761424174,530.4662489672268,458.8696455349128,401.60402027658506,482.9590161318018
2025-05-10 01:00:00,458.9465464546543,612.2852803695434,450.74451097525497,466.6389190924414,514.9301743790681
2025-05-10 02:00:00,458.646770575792,636.3265848436484,441.94074004469473,484.21243913990793,526.5347150134039
2025-05-10 03:00:00,459.8290186032817,635.5198738911209,493.6917742805328,480.93939333409406,540.7838148139817
2025-05-10 04:00:00,459.88480784805256,619.3405536169911,574.719243914309,466.57722968570624,554.5468300222861
2025-05-10 05:00:00,457.390956314299,601.2006914408712,576.1758311010934,457.8155399305834,547.1800412140552
2025-05-10 06:00:00,449.73311242784905,570.5390700237549,587.4790287169807,440.15784522638614,536.33476557833
2025-05-10 07:00:00,432.8138462294751,494.19116900349553,591.6205584052824,400.75575513372934,502.18324479839595
2025-05-10 08:00:00,411.78751890119435,471.27892312146594,584.6569173043689,386.3587366573947,485.661871740969
2025-05-10 09:00:00,310.79448884388523,465.6065116031822,570.7172335728569,380.3163564336501,448.36473595598596
2025-05-10 10:00:00,327.71945752436847,499.8261381189581,568.1675408906493,418.5081329424967,473.18479287645647
2025-05-10 11:00:00,334.6044347207003,515.5108280498779,572.9987098556744,423.4767521274115,482.37028981584496
2025-05-10 12:00:00,306.5805627376724,502.80527556075043,590.4587338079575,414.8256913397827,470.00780454851076
2025-05-10 13:00:00,353.3976837393536,487.6756083922169,585.4697331622481,420.8514251772565,483.89350023519984
2025-05-10 14:00:00,363.9257338856217,543.1719890351754,573.4675495359635,463.9422433411827,503.1499936321445
2025-05-10 15:00:00,329.7221077324182,534.942653094188,578.2026214888531,463.3725031826068,486.0985673501997
2025-05-10 16:00:00,352.24238209361584,491.13484908621376,506.867005309541,418.57290943895936,453.05862691316537
2025-05-10 17:00:00,407.48639345220465,488.9616514638786,496.6923963405342,407.6844557140484,464.6520586380871
2025-05-10 18:00:00,452.1276985706011,478.68191443218615,499.0656077762447,400.2095558269889,474.912389175287
2025-05-10 19:00:00,452.6443082377797,462.7041294333884,497.4282914747182,394.0953819819261,468.23134766947925
2025-05-10 20:00:00,453.0204110501352,447.20345673565373,467.74580851698255,384.98898796343826,453.5722576836147
2025-05-10 21:00:00,452.418487944983,472.4432951433128,473.49515007681924,397.7203301694779,464.5793498899027
2025-05-10 22:00:00,452.46549086266754,522.2641821159374,539.8109689338687,419.7693199928372,502.6269201102529
2025-05-10 23:00:00,452.82831361545715,543.7582966789934,575.652787854018,423.82962272539453,518.8988910621468
2025-05-11 00:00:00,453.1839652234662,579.2327385471447,578.7722463658498,436.43806736464757,531.3421400182527
2025-05-11 01:00:00,455.55742097583317,556.8669534137595,577.6175696054695,418.00167567067024,525.8022000637941
2025-05-11 02:00:00,456.23707628077216,497.2659269967492,595.7081812026129,384.80322630344654,512.3792036222635
2025-05-11 03:00:00,456.93033777871335,478.6565885712635,604.260202273973,368.4649881479039,509.848366173714
2025-05-11 04:00:00,455.9007934154322,528.3875677853326,595.9461910825681,400.4421321304082,524.0605112004224
2025-05-11 05:00:00,455.00150868066544,545.4696537464118,591.190546191167,412.879272228207,528.203405249758
2025-05-11 06:00:00,443.8394227284844,504.6970227415211,596.5408252643324,390.45152475967194,513.8376706451563
2025-05-11 07:00:00,440.0482217765155,404.131191823996,596.1156588586578,330.7333241708681,473.0202988891317
2025-05-11 08:00:00,420.6518025711446,406.3152644080783,577.7729388712515,328.70630990190745,465.50066407993626
2025-05-11 09:00:00,380.1771211393761,402.8054611886927,575.0376304906027,300.2363993429825,452.1475022378042
2025-05-11 10:00:00,338.1153251831839,389.29481848382216,511.5880048294137,275.3642754724333,412.74442570538105
2025-05-11 11:00:00,333.57738883134004,404.64195385324194,449.6558027588493,279.6250837447591,397.3236526453413
2025-05-11 12:00:00,332.07274748797846,442.48830726405185,443.40648586787904,295.9541315694308,408.1793378097263
2025-05-11 13:00:00,358.21888875857013,461.17428810599034,450.3780214737985,326.66020533170416,424.12059062530295
2025-05-11 14:00:00,380.39072368714847,467.4072881714476,471.073455570851,323.0881872437651,439.3310808797791
2025-05-11 15:00:00,403.0581296204693,480.59210630700807,497.4241959187499,329.2918369882646,460.53417135841977
2025-05-11 16:00:00,426.97297880464316,466.18875378912225,471.25835442673684,293.7141999424762,453.0785203947336
2025-05-11 17:00:00,440.2813580431899,473.6353736768414,467.1440277604527,262.8541173175612,457.5600983619598
2025-05-11 18:00:00,455.6935351291942,465.49248713268656,468.25788635564544,255.8606561808639,459.32031714041426
2025-05-11 19:00:00,453.2123845953279,447.8443593880119,475.3804674814049,243.60639502293137,454.94744721937576
2025-05-11 20:00:00,452.7204520696777,426.0483856435606,500.0219152780671,239.79336724592005,456.29857487907185
2025-05-11 21:00:00,452.9158166236838,425.75122577441897,502.6603962173947,244.99302253584787,456.91858484884574
2025-05-11 22:00:00,452.9345236127905,408.8802256641182,508.3770184721182,237.66527103425025,452.17597986799905
2025-05-11 23:00:00,454.1409059328283,454.925231935915,508.37259089346077,244.2984483774252,467.7810730694054
2025-05-12 00:00:00,452.49236239491233,499.72985166443874,498.859049028004,282.99992523710796,479.1898844005435
2025-05-12 01:00:00,454.03460785773444,523.4882686169996,493.57755696767424,277.82207645485516,486.9000763812673
2025-05-12 02:00:00,452.8576735629658,528.7419366949339,487.168418314741,310.673128251595,486.2921648028947
2025-05-12 03:00:00,453.35912887535756,533.2250004092389,487.0759367730264,309.96410931678423,487.67974628182077
2025-05-12 04:00:00,454.52619657641037,533.8062415364476,488.87288529380385,340.5392064926473,488.48395363240957
2025-05-12 05:00:00,455.05143064878285,531.2150984256373,479.30992948253305,346.16592515559637,484.92135722926554
2025-05-12 06:00:00,428.746788008754,493.0396184258108,462.56886303259347,334.9423550607609,458.65303016311367
2025-05-12 07:00:00,421.08237249242285,450.7793207663649,459.611772312786,324.66829793104336,442.2301978680224
2025-05-12 08:00:00,418.52221062153984,403.35597826421235,462.4929902253266,310.3531667737079,426.0894386877174
2025-05-12 09:00:00,347.8532609487713,403.74154758053436,468.35321767765953,303.52266299592276,404.5871928492436
2025-05-12 10:00:00,318.757745904022,390.3465593388284,446.340709133808,297.56281533581836,382.12652797168874
2025-05-12 11:00:00,375.12720977752656,408.2707848493698,419.7117639976991,282.79929352329236,399.79282610907774
2025-05-12 12:00:00,348.60647991343836,440.8278907016419,427.6496684038659,281.75363609094995,407.48098568287
2025-05-12 13:00:00,306.1154493862711,426.16407597649277,442.6600159670735,338.8038057896365,394.8651560753404
2025-05-12 14:00:00,337.623993012928,472.97804568368616,452.68013445715,395.952423096746,427.63265240550413
2025-05-12 15:00:00,369.94938911314887,478.74293677553646,509.37129723420475,411.32773676756705,457.3617600713828
2025-05-12 16:00:00,402.50931331028085,489.83877945661084,536.0231447877701,425.02287087499684,479.12746556473917
2025-05-12 17:00:00,419.58976160000276,496.69829964624705,536.131449043191,427.7085910988674,485.73464377138754
2025-05-12 18:00:00,450.8805487008754,499.2118738047507,532.8385276491202,422.59315804976285,494.51267035654837
2025-05-12 19:00:00,444.37620073598475,508.5095925199835,524.1843489666657,376.02960254778276,491.5466963551494
2025-05-12 20:00:00,443.30110378589063,506.5822971837523,452.4428914955782,364.15374916811834,465.99294934557713
2025-05-12 21:00:00,453.34633673313857,490.81226812235616,521.3475932219452,357.5004473482717,486.72619777013807
2025-05-12 22:00:00,451.7589283386657,477.9553075167765,534.809030148987,358.5203660057189,485.8395135340675
2025-05-12 23:00:00,454.15283442740963,498.9573761421752,542.9114850044925,380.951339466989,495.74846898284414
2025-05-13 00:00:00,452.72240534916784,541.8965762386828,555.2239378493742,426.466935796194,514.1653908982372
2025-05-13 01:00:00,452.6051706321451,579.595014174791,556.6184017519901,454.65510003627253,530.0168035439481
2025-05-13 02:00:00,451.80326797896174,582.3084072421918,560.733290904943,455.79336570557746,533.1065577256196
2025-05-13 03:00:00,450.2870853107901,581.5753494894668,566.6154165200527,472.29699915964403,534.8931840508313
2025-05-13 04:00:00,450.9565677592626,584.6182118835064,558.5731628332442,493.06960290968533,534.360277146662
2025-05-13 05:00:00,453.76421912939315,597.4631867999926,450.97369802717964,498.2085400551804,509.2363768617494
2025-05-13 06:00:00,399.865192417208,536.7823903536839,378.95397181481223,451.2672828788044,446.4518298879047
2025-05-13 07:00:00,309.7464963877171,438.36728987383066,399.5820305886718,366.28843022187806,386.7798872182102
2025-05-13 08:00:00,260.68461863327127,360.75624121993775,396.92252956495975,295.48967798177137,339.13650657273223
2025-05-13 09:00:00,231.2508687152633,320.44602888533205,390.44143117345544,257.1215663354638,312.74504314016394
2025-05-13 10:00:00,218.78003209962694,299.5852326034371,384.16706406001873,239.3806783623548,299.5369793635298
2025-05-13 11:00:00,214.89997058151005,294.6695325048198,422.84316952786395,172.64526894768824,307.6903332578763
2025-05-13 12:00:00,212.92060940619166,330.8881127085445,480.8725223034225,221.29611419999972,339.400514695913
2025-05-13 13:00:00,217.9255304644524,365.56777673258114,539.1606073221153,299.9120978024482,373.13917029955866
2025-05-13 14:00:00,233.2432331435687,405.5225826048173,534.793143936927,348.6447194571601,395.3855431187157
2025-05-13 15:00:00,262.7150229386724,443.26728737071244,536.5335710693088,388.1575317726901,422.79065742778795
2025-05-13 16:00:00,315.2010746556577,514.6823649221062,541.5790177856593,425.4320307209474,466.58814674004805
2025-05-13 17:00:00,390.2395056549194,611.4836761899683,539.047457313665,488.8974521394904,520.8511814904887
2025-05-13 18:00:00,451.042307499884,618.6412116545831,529.1716607004698,450.15022477465163,536.2313246694923
2025-05-13 19:00:00,452.95546003302303,578.196784405642,488.0777234918898,420.92706735359224,508.6348508996309
2025-05-13 20:00:00,453.1171734174988,540.550533348192,461.70950751302536,405.52232353035726,485.9251585863586
2025-05-13 21:00:00,454.10237240829446,509.8650236612855,432.399111233103,383.5247650498344,465.04042058756687
2025-05-13 22:00:00,445.0677618283359,492.6906502773547,432.5822847115852,365.26458579655326,456.2028936056269
2025-05-13 23:00:00,441.3312669327171,502.31166028619555,434.7794407742293,363.2199579186536,459.06459608101073
2025-05-14 00:00:00,447.6624870166879,494.9812830309091,506.9742071677836,415.60750451081947,482.7199942865089
2025-05-14 01:00:00,455.85864886331626,502.308446392714,577.0590914820203,443.6192762590942,511.1174561495767
2025-05-14 02:00:00,454.4403758209321,517.7196088501427,576.1674594920595,454.8604872151517,515.6943397928154
2025-05-14 03:00:00,453.85350424547306,518.3831910086756,578.2448543586604,455.20824342006813,516.0053556029053
2025-05-14 04:00:00,453.86481663871535,516.7121685936665,574.9242943909311,450.63424338225605,514.5301497986674
2025-05-14 05:00:00,455.2149202860742,512.9935001916062,562.677428618256,442.5415466406577,510.7836201101123
2025-05-14 06:00:00,400.87972575745755,465.25316945722295,544.1187141042308,395.0441798988356,470.14665675367934
2025-05-14 07:00:00,317.362498211065,394.0377002362033,537.5024095205011,338.0069824955508,416.14117203712414
2025-05-14 08:00:00,265.857889832624,344.41806749231364,516.1365314524661,285.1215081487989,375.07293642549683
2025-05-14 09:00:00,231.49312001083004,314.0941366875971,505.05072824170827,254.31211844020984,348.49714899223056
2025-05-14 10:00:00,221.56323768428638,299.3284951853192,490.36869091295245,239.0858305192969,337.4415843720319
2025-05-14 11:00:00,216.05894154501985,301.42067052416326,493.11264849083506,214.39795267042442,336.2442812830211
2025-05-14 12:00:00,213.55539634887558,321.6065748813178,507.5733944559701,257.9363704989155,347.43369314943817
2025-05-14 13:00:00,222.8276126827447,339.383345256975,502.37573314443335,281.42862013700517,358.2557641345821
2025-05-14 14:00:00,236.35077454222008,378.1748403204118,502.8089345301678,291.51582693149106,377.78621362435837
2025-05-14 15:00:00,265.3222810758488,425.34890798708875,506.83458629086226,358.87164522927446,408.53185597573093
2025-05-14 16:00:00,319.3872511684728,487.50223721975624,516.3791282609036,405.91901761423765,449.21078845104523
2025-05-14 17:00:00,401.7286923015568,570.3563212348217,523.9942822077458,459.3725083628832,505.59707936502315
2025-05-14 18:00:00,454.2576604013006,599.3620820810747,521.6200593249985,343.24653940157555,526.6493976212003
2025-05-14 19:00:00,456.278585931274,570.3083358157616,520.5776680108557,314.4439134724561,516.2376238528511
2025-05-14 20:00:00,454.33034755059833,537.5816390632482,520.9032329274032,353.0052143614095,504.6868716270593
2025-05-14 21:00:00,454.30589259465336,502.8172705020915,522.6612893885815,371.6278587158597,492.948766643211
2025-05-14 22:00:00,454.2903105681627,460.3185837774396,524.4246431005937,342.0307671462708,478.50124819180877
2025-05-14 23:00:00,453.70978441803,445.81411147714977,530.4428556867432,313.60638196055527,474.58123474741984
2025-05-15 00:00:00,453.74419813444285,464.40317088597936,554.3618303695554,381.2609376817717,488.83902595820035
2025-05-15 01:00:00,453.5078294793329,510.97327916030844,569.3088171993246,441.25202167023815,509.6375140159678
2025-05-15 02:00:00,453.8298200660149,545.2207159772887,569.3121239093578,464.21026720989585,522.3002241513755
2025-05-15 03:00:00,454.34851847081967,554.3299728481917,567.3649759688227,470.6688497316397,525.8008634126854
2025-05-15 04:00:00,452.13777133100297,557.3403047099707,566.1418436635105,478.315267531242,526.1034946305696
2025-05-15 05:00:00,447.15528783662256,552.6362879940947,549.3733181764281,475.04431002489895,519.2634045835159
2025-05-15 06:00:00,394.2901466445093,487.5052755864609,532.6213995919458,420.43314043641084,473.8495091087099
2025-05-15 07:00:00,316.9781852647703,407.7532857754524,537.7933884909058,347.87369363736883,418.40044506032757
2025-05-15 08:00:00,267.5752506334912,344.99082302779146,520.6573810603102,288.7883528876607,374.1704993692614
2025-05-15 09:00:00,236.18300492946506,313.2800896446825,513.4255871134308,268.5224672516882,349.4390494303498
2025-05-15 10:00:00,228.1164879583886,303.4064658378659,506.18223622637464,263.61029358250414,341.32316649230364
2025-05-15 11:00:00,221.00957998585676,313.65124796108114,512.625469846962,277.7239694727305,342.90532612302434
2025-05-15 12:00:00,222.97899604057605,317.7261914561823,522.5575508555115,279.3509454711276,348.2175434186111
2025-05-15 13:00:00,226.5797345730271,322.48583453577106,522.8372387962261,281.4181246875832,351.77979067298605
2025-05-15 14:00:00,228.03898251100145,342.03005701248003,516.2010817089114,297.2164912783365,356.17471426505244
2025-05-15 15:00:00,230.3465315730473,388.78769314459055,518.8869027714289,334.4378855134628,371.30101300679934
2025-05-15 16:00:00,247.63918893797646,457.83881611407656,520.7131887086516,355.1259142252003,400.3927147998576
2025-05-15 17:00:00,409.6460649342281,535.8406460615068,523.0750132615711,421.7617225599138,493.63541920148975
2025-05-15 18:00:00,466.70331784152773,562.4135707320484,522.8992734515806,452.32684401265624,519.6123502517553
2025-05-15 19:00:00,476.68722242965544,565.0278786151844,524.2273922538999,424.6733335815771,523.2221466761276
2025-05-15 20:00:00,477.58227603337457,536.7585937381502,523.3743270496492,410.20652983987145,512.4328796316303
2025-05-15 21:00:00,482.5590843715723,517.1019922420692,526.0862968999504,399.06835953865465,507.4067622541254
2025-05-15 22:00:00,481.1509479189608,493.938015544526,530.7644949148763,385.30240359326166,500.05216044265404
2025-05-15 23:00:00,486.358659635351,502.3843310288904,536.7177020226688,366.2180074127464,506.52961692600525
2025-05-16 00:00:00,492.3297060475141,522.0749361406989,555.8670939833221,368.84130094784837,521.0825401494528
2025-05-16 01:00:00,489.5560442856214,557.6097160433633,564.0710696449335,387.01223016404333,535.9734484507993
2025-05-16 02:00:00,487.7371350604766,552.7165773882355,564.7479866696842,387.6415725816315,534.1495877754537
2025-05-16 03:00:00,490.5461523321276,542.47175866477,571.027109036451,378.82522740524865,532.7129203197128
2025-05-16 04:00:00,489.62901982784905,527.90616540477,574.4998728148615,399.2399442797595,528.084020663981
2025-05-16 05:00:00,487.11373593619885,526.4823914802452,571.4016988288263,446.38028707467424,527.2219629855525
2025-05-16 06:00:00,435.86628448148906,501.3088168476687,569.5963433973247,428.76594824293767,502.55617955820173
2025-05-16 07:00:00,352.2789408723989,426.1771782772969,568.207547528048,372.05802270716845,446.58487643564035
2025-05-16 08:00:00,301.5204328702215,363.8785275959415,533.0819939639824,311.09625534026617,398.1680372955919
2025-05-16 09:00:00,253.37099402811018,348.8502968329632,508.3946848735327,297.518592472243,371.0470898137163
2025-05-16 10:00:00,223.44839903757904,337.8683701365753,501.33167391198145,275.5244074088231,355.3975509699975
2025-05-16 11:00:00,222.10433895195325,334.4579174898993,497.49366533092063,272.84207753725195,352.7564374583971
2025-05-16 12:00:00,223.02137497150252,350.87128713615044,507.56220219323166,293.0842841274558,361.61428515132974
2025-05-16 13:00:00,240.7023597592934,397.61832586990346,512.9316829470831,320.38097862719457,386.2830539881243
2025-05-16 14:00:00,261.55623987259156,425.5198401272658,511.20676710377853,335.6975034862191,403.7239095479368
2025-05-16 15:00:00,266.73759358232934,438.1901331057714,515.2871890143853,319.04152960396834,409.2067972077859
2025-05-16 16:00:00,328.99786884733663,499.172952606041,520.5856323077263,331.507178774296,454.9756733529424
2025-05-16 17:00:00,383.5337432092856,558.1691975910098,522.5274367045106,363.9771343868507,492.4840390760052
2025-05-16 18:00:00,452.1063591598231,563.7091235054693,528.0484962596164,385.098265060304,515.7158680221916
2025-05-16 19:00:00,457.0565134320772,559.0268200336957,529.7197591555599,386.07038666240953,515.750971728366
2025-05-16 20:00:00,458.1843133543558,548.6834385645474,465.06849874797183,387.06454868896685,490.6989767534868
2025-05-16 21:00:00,458.523638929206,550.1972374549007,445.66676970976016,389.082465105821,485.3052318608274
2025-05-16 22:00:00,455.99098826671786,556.4116925500399,494.7119704592218,430.35151099600495,503.97098166687226
2025-05-16 23:00:00,455.9588261254414,594.0643134131416,493.61969630199957,490.3445010465662,515.6129206794177
2025-05-17 00:00:00,456.0521413625408,609.276430178416,501.5585281984803,500.92955857641056,523.2392632712532
2025-05-17 01:00:00,455.8357686395446,697.5857579298582,498.73669613310403,554.1118418076086,553.9539979417239
2025-05-17 02:00:00,454.01123016662945,739.1984204259958,482.4459098015245,577.4147066366478,567.0828943681469
2025-05-17 03:00:00,456.0287258518188,724.4101167213398,480.8995126496801,567.0389316762552,563.6348739655471
2025-05-17 04:00:00,455.60626717606107,707.729210332735,482.68356212887187,553.8310556800996,557.4940591639054
2025-05-17 05:00:00,456.0279252253658,685.9240172458275,487.2235815891545,537.8301202480161,550.3887953366674
2025-05-17 06:00:00,401.5713057599182,599.5531667435341,470.729418890005,484.0963583273681,496.1636597210552
2025-05-17 07:00:00,316.87291007540114,469.30335357028883,420.07582136781485,393.75710754880805,405.95883552708534
2025-05-17 08:00:00,265.7765453320213,401.26989125327066,423.32574093887933,339.5574514243907,363.9443431953978
2025-05-17 09:00:00,237.80735057508858,359.9323578925885,420.61545582035484,303.9045177692905,338.1665287111108
2025-05-17 10:00:00,221.86801209973984,368.53425902370407,419.13039900996927,314.8346042571611,337.4085510054529
2025-05-17 11:00:00,218.3852328255222,384.6938012552545,420.3031737045526,311.67122475544426,341.27288668278635
2025-05-17 12:00:00,212.89270364237692,396.42207250264767,424.40803464619955,282.10652174690165,345.2227350210425
2025-05-17 13:00:00,224.69671036743338,407.51107774583693,428.09013017654365,293.9912888944096,353.6528625606449
2025-05-17 14:00:00,239.96901141479913,422.09894325446345,463.29581757961154,333.1196093254334,374.362052846798
2025-05-17 15:00:00,280.51139828791594,450.0680667165936,524.5932994336549,371.9773238388908,419.6967971123814
2025-05-17 16:00:00,335.5980077943871,503.47684830028044,522.3190065880832,413.72532022017015,455.9495110898296
2025-05-17 17:00:00,424.45949047414786,564.283057765618,529.2991366288461,459.6370623991297,508.6190623824323
2025-05-17 18:00:00,490.2569875376436,564.3348920414298,565.8136978828882,453.80038094254536,539.9897128134498
2025-05-17 19:00:00,508.16303969886303,548.6937047004469,567.9434399140437,447.4748629986357,540.1982811153626
2025-05-17 20:00:00,520.7711404452544,565.9062387605571,571.4960606025076,457.6582509174442,551.3622018456085
2025-05-17 21:00:00,532.3987496921488,592.7548040581154,577.4561623096215,473.04380851023365,566.5890260578079
2025-05-17 22:00:00,542.2423649475191,625.3304776422647,573.3335968752674,502.543929511834,580.5930286242126
2025-05-17 23:00:00,547.2254548148242,637.5488024323338,566.272938742554,498.8568730291266,584.3127752017116
2025-05-18 00:00:00,545.5346923312025,662.0956412005805,564.8484341258884,514.0175480483421,591.1281261454512
2025-05-18 01:00:00,551.4722610618256,694.9152242674043,552.4379419805866,529.4642487844856,601.0026659519452
2025-05-18 02:00:00,552.3012832622139,695.6127394687509,543.4428884379838,533.5278734870312,599.8774867251636
2025-05-18 03:00:00,553.720980915961,721.8027455422387,533.436727284145,550.2068011110267,607.33116413614
2025-05-18 04:00:00,556.0937418497845,711.2257112038145,529.6329452615763,543.758399255874,604.4994872449215
2025-05-18 05:00:00,548.0896191583519,681.9197540030353,491.12756994143007,525.4640599854027,580.1655220945356
2025-05-18 06:00:00,553.4421140610943,602.0359840269534,522.1325043289423,489.7193290007983,561.7516163080081
2025-05-18 07:00:00,545.0986296924085,479.851825012415,551.071361099693,412.635257137564,516.6060084704037
2025-05-18 08:00:00,533.0684573922247,432.3496386863614,544.4761129946893,375.11170283719747,486.7502640524482
2025-05-18 09:00:00,528.3449126767165,444.70095893624523,530.5573428982588,386.4553606521166,488.1871001507066
2025-05-18 10:00:00,382.9804020829641,407.74330286230116,570.5771485821001,338.977053325854,454.6287044042808
2025-05-18 11:00:00,251.92515714820667,372.98710705402175,496.08815747062874,291.7518119669251,371.791458835867
2025-05-18 12:00:00,235.15077013404914,365.387558266287,543.805475941994,285.82166296095795,375.94938364161254
2025-05-18 13:00:00,246.56330060377317,375.0136792134297,538.8551243808795,307.7507302455231,382.44890623151673
2025-05-18 14:00:00,264.15099545956065,424.1693632821852,534.701853157653,350.883918026159,408.54165984508444
2025-05-18 15:00:00,302.92134941378146,487.5753919771792,573.2095642377842,401.5651983271555,459.3124567382891
2025-05-18 16:00:00,361.3452544649981,513.3311267269714,574.5286266417842,416.1439879224561,485.1652723323179
2025-05-18 17:00:00,467.74755819735236,575.7451823102283,579.504664336095,457.9842535648101,541.9856301829617
2025-05-18 18:00:00,534.3173212302343,580.7293052272701,576.3664452754113,428.63051164438326,562.0577011205294
2025-05-18 19:00:00,541.2547045673722,567.7379987237433,580.0500285738565,407.32271788509,560.0954870668377
2025-05-18 20:00:00,542.6202018403608,575.7425236069923,577.0088300678134,409.2897189025008,562.4425871900845
2025-05-18 21:00:00,542.6079063163974,587.9900260991207,569.4384403082639,410.3384545394339,564.5671668632962
2025-05-18 22:00:00,542.6360179812568,624.8879856823493,517.0784190552769,422.87337765363213,563.5508615672472
2025-05-18 23:00:00,542.679678691575,653.0984347787046,474.92406632432454,504.8055341504623,565.069962092669
2025-05-19 00:00:00,542.6140381386974,692.8828322179132,441.98386791754655,596.9870102294742,573.2369330138459
2025-05-19 01:00:00,542.9618344821577,716.0055715083319,367.5290695505674,618.7867553448299,565.5008000375244
2025-05-19 02:00:00,552.9806642213621,732.6099022109604,331.0477975927258,627.0620767123922,572.2232436015782
2025-05-19 03:00:00,551.2602926151646,728.8975648337757,307.32320716024964,628.4960171337904,570.9133735226919
2025-05-19 04:00:00,554.1835432264219,726.8237170945375,308.2846476978465,630.5549647040368,571.7246368732866
2025-05-19 05:00:00,555.9617312398839,722.8422372356134,317.4198897814715,627.6817300305806,572.3155110326913
2025-05-19 06:00:00,477.2034629491024,659.7738800344237,360.0938270788704,570.664535600345,528.4991909444881
2025-05-19 07:00:00,372.9319246188323,584.4096915108431,399.55876013252674,500.4313675857946,470.88283537970426
2025-05-19 08:00:00,314.4429491955712,488.14445780825787,411.5461523679899,414.72942352762124,411.2100207923207
2025-05-19 09:00:00,279.648123473421,464.7142948858458,404.5747433090585,383.79867509023035,389.51300059041176
2025-05-19 10:00:00,250.29553388226338,456.00878610638193,407.93368442520443,374.32277506214325,376.77824789242936
2025-05-19 11:00:00,238.7519810190477,437.3883794563977,409.05199232618304,370.5587812348817,367.06756015667713
2025-05-19 12:00:00,238.0918649958873,430.43875252672115,431.69603238093714,348.8439722911704,373.5546594701697
2025-05-19 13:00:00,247.78940468037086,436.81871721539795,437.8094853265031,376.9762567924911,381.4800767738246
2025-05-19 14:00:00,271.3367471183511,454.48940560134537,413.95969541103005,391.42128569900024,386.7899324515976
2025-05-19 15:00:00,311.55977983405506,504.8195954606311,429.43356423729705,434.8157705845434,422.70789386310116
2025-05-19 16:00:00,373.7248262400286,541.4050749680066,466.07416420135155,460.9774344754689,465.90603022748115
2025-05-19 17:00:00,474.8966640369572,605.2291571147831,529.528607171008,508.96383649624823,539.3075156960315
2025-05-19 18:00:00,538.8024489416056,594.9830760819449,540.7201330629271,494.42082371098826,558.3611092408017
2025-05-19 19:00:00,543.3009178956708,577.7005379379865,509.2398747627568,472.5132943708209,543.0039841665938
2025-05-19 20:00:00,549.6572434834696,580.6368328389614,528.9664329323359,452.8787726347023,552.1793235101615
2025-05-19 21:00:00,545.2571583696348,629.4456261488199,498.85059524590275,468.27925402418566,559.3016374983329
2025-05-19 22:00:00,545.5210594477085,631.439159263172,486.23819486934605,476.2040361181064,555.979457608569
2025-05-19 23:00:00,545.9970868539787,651.4184344264396,454.3235878997284,480.82176076178695,554.9159652531448
2025-05-20 00:00:00,545.6187072110774,697.062886257887,424.0416252631863,505.6566954401647,565.6402533263297
2025-05-20 01:00:00,549.4908595794722,721.5985527264332,476.2586115976214,518.5480987219861,595.4850583574301
2025-05-20 02:00:00,553.8463660757997,707.4796664604719,511.5012475838987,512.1127099415734,603.924388832374
2025-05-20 03:00:00,552.4186327096096,695.8992478431256,509.9616879134659,560.4931594634448,601.0593681507914
2025-05-20 04:00:00,552.4241237619652,693.2015092160054,539.5546091305878,567.4999309365581,603.367705615482
2025-05-20 05:00:00,556.4418516595548,711.861556346855,547.4934538296446,586.2373380393879,614.7062835410255
2025-05-20 06:00:00,489.0276600109162,669.2556105802594,571.7738956896484,558.237390806551,589.2707579003982
2025-05-20 07:00:00,375.20009211193843,572.5441667064099,579.9293678958658,480.67584446198003,517.0931269417489
2025-05-20 08:00:00,342.7572935573728,491.8555748685038,553.3306946689999,407.49531400391,467.236841861645
2025-05-20 09:00:00,285.1636224728778,417.9601048380261,525.3961314568814,344.8520145262397,413.5973736668258
2025-05-20 10:00:00,256.09263190071255,410.95830586642313,522.0764499661295,343.07810233126736,401.31875762180465
2025-05-20 11:00:00,244.61812356113745,381.10242175361714,516.9455279705422,330.06965792114846,386.42591256782015
2025-05-20 12:00:00,244.75386762391568,392.5619754719925,529.8146873244337,337.21235790949055,395.862204617033
2025-05-20 13:00:00,258.1761727269661,415.560277893063,537.6922719171096,361.4448350864066,412.7967221232317
2025-05-20 14:00:00,275.0715349497644,449.6458425831739,536.9776594879417,402.9829272678082,430.78943827166006
2025-05-20 15:00:00,311.7799886818995,485.9782639664612,536.9573240341109,431.75855212176464,455.4047771025761
2025-05-20 16:00:00,371.4369404076948,532.7758551689559,540.3296518417533,433.4483927651503,489.2904149626991
2025-05-20 17:00:00,473.8442389134321,577.4974098040112,544.5764496267128,442.74224469826925,535.7068974880848
2025-05-20 18:00:00,541.6148187620697,584.1707354252958,545.3445886715084,411.6548011542112,555.3749323603014
2025-05-20 19:00:00,540.9353914024326,572.2245399732722,545.2470746950922,402.32868579988315,550.8036472365565
2025-05-20 20:00:00,542.252503797683,575.1470337382844,545.4092267348271,404.2130977948413,552.2463961812782
2025-05-20 21:00:00,542.2902109545437,585.7904544815688,538.6583389353428,450.1244183175032,554.5445580876805
2025-05-20 22:00:00,542.8583407569498,610.832411501149,535.6913862096445,536.3380343040081,564.651141923234
2025-05-20 23:00:00,548.8038892868227,643.7401617931854,524.9323238052507,573.4249770486937,576.4994741570803
2025-05-21 00:00:00,549.7715002024456,651.5733434597748,532.7636984007804,577.7313427791743,583.3275225131914
2025-05-21 01:00:00,547.1815811429491,690.3096203053768,530.8088087490996,605.3443667419907,600.9743130105553
2025-05-21 02:00:00,551.0529875568756,679.4908986746565,535.9601584317577,599.3250967421114,600.9861386496858
2025-05-21 03:00:00,554.1122794195567,667.7749905546217,528.5057626197674,590.8994809456042,596.9785898210259
2025-05-21 04:00:00,555.058039758646,665.6390852160667,528.8490717779467,591.396071814988,596.8667463816485
2025-05-21 05:00:00,556.8217066872623,662.9482398379871,533.3921555718207,589.0584725495979,597.2548810646776
2025-05-21 06:00:00,505.35071380822484,623.609310357843,549.9307566735979,549.8489748695742,568.799102533548
2025-05-21 07:00:00,391.94426314334925,540.3930999892029,570.7017849779996,477.02220212008103,507.4572780883102
2025-05-21 08:00:00,387.7454106121522,473.48653741985163,539.6646895897738,425.37904749425746,471.34206041045087
2025-05-21 09:00:00,342.43073396327406,449.578908220365,516.6131574928017,397.41655864131883,441.76733145531637
2025-05-21 10:00:00,278.6802930525965,452.0710730579768,513.8685046391456,402.48595982056685,419.2371236415744
2025-05-21 11:00:00,264.4695384810204,422.93542811574594,507.25661732401096,373.09243765332616,402.5286003466197
2025-05-21 12:00:00,273.6841264898823,428.9684667766761,507.2298425059455,367.17927824237603,408.58869425593946
2025-05-21 13:00:00,314.67556049837447,483.47700014968507,516.2195667981715,378.86183331636624,446.0229186651067
2025-05-21 14:00:00,365.2285895942176,538.8713603411653,529.240672082852,454.6583857693582,486.5709272403562
2025-05-21 15:00:00,423.2545508164554,541.0975154873943,536.9849537628821,451.3995867686868,507.61907113492475
2025-05-21 16:00:00,403.4120679248662,572.1093287276097,540.8729509790224,474.9288279373723,510.72487661662984
2025-05-21 17:00:00,515.5484033520579,589.4525735417322,539.5009399603483,491.1482038156113,548.2495058668737
2025-05-21 18:00:00,586.630381976958,573.7211310505716,539.2427642071108,462.8999594044217,562.8176020409242
2025-05-21 19:00:00,588.5800541827056,553.8936682204985,539.2302820048961,438.0233900733242,556.5217299007587
2025-05-21 20:00:00,589.4462495533046,547.0774687864061,535.5471547946179,450.6568813027536,553.1382528113678
2025-05-21 21:00:00,589.06957237223,579.463609631085,534.7924135260956,472.6824733696442,564.2060830292623
2025-05-21 22:00:00,589.0703005355409,597.9764041925462,526.4574260813924,480.8098911958578,568.5133606826137
2025-05-21 23:00:00,597.432347056838,634.6817884104954,519.4108166599248,521.7415551313849,583.6390277365506
2025-05-22 00:00:00,600.5360207348749,629.5319843523562,527.2386688659809,531.4400466200988,587.4126311311809
2025-05-22 01:00:00,602.3265942626067,659.8884889605478,521.4039924137833,564.9765595132601,600.084876715384
2025-05-22 02:00:00,606.4813513148517,672.8669517328497,515.0736769695875,575.201859660418,607.2159781233145
2025-05-22 03:00:00,606.7980858130221,666.4475916724207,511.0153263502645,576.1170571572893,604.5187941290121
2025-05-22 04:00:00,604.0323387078278,656.2242400906488,509.18440793645107,572.0586439921663,599.7554380978878
2025-05-22 05:00:00,604.2573937745071,646.4246032893232,513.113229154633,586.5208691959591,596.5785295845308
2025-05-22 06:00:00,553.0153621958888,604.4687507174806,535.8330857066223,553.1907430101289,569.1357222569698
2025-05-22 07:00:00,422.9062089397742,526.4580815427992,554.6566306720359,471.0174459789654,501.92853614395574
2025-05-22 08:00:00,358.76386771440195,444.04759816158844,539.121413334157,394.84290571695493,445.35787058100306
2025-05-22 09:00:00,455.677947152151,422.84973085118594,515.8105411616692,385.5075635624033,462.44561797551614
2025-05-22 10:00:00,302.310293427438,389.65465991858395,504.2887750277239,350.87600631098456,400.9527278035164
2025-05-22 11:00:00,290.5232505486542,388.6462265250688,501.8377961022227,350.0639583034976,395.95307895052804
2025-05-22 12:00:00,291.6907507644458,415.56597684377095,508.63325070074836,375.1465257501269,409.370370683855
2025-05-22 13:00:00,347.665527261358,439.4093662063229,508.97184935807746,393.59498109835357,440.5555487349529
2025-05-22 14:00:00,329.2334956950797,433.52710565841113,508.5046602636423,382.00294047830295,431.6359114737812
2025-05-22 15:00:00,401.50023470058875,488.0245229879429,522.2393274619586,430.68492865680065,477.417376821236
2025-05-22 16:00:00,471.3952485170016,503.32350935212634,529.5878189021286,446.6441710799357,503.5058535148802
2025-05-22 17:00:00,540.9734799720214,545.1889070800413,539.584438273521,486.41009209415387,540.8232730265617
2025-05-22 18:00:00,580.9247400080123,548.560401517076,540.4052551169935,457.1178257227085,552.7531846974329
2025-05-22 19:00:00,587.3476198507985,556.1407932478046,542.7332118290977,419.8982292485211,557.6413204794335
2025-05-22 20:00:00,589.6270095686233,576.7234351104183,540.0020735802658,442.85407423156215,565.0113772764345
2025-05-22 21:00:00,588.7559937767688,589.5002299469062,531.5189731521748,461.94360755481347,566.6345787267755
2025-05-22 22:00:00,588.825664268394,599.8609051771527,520.9345983516756,465.97794912056037,568.0174265873272
2025-05-22 23:00:00,593.9105345765745,667.1117500520664,509.7729179458918,556.4021627781145,594.3039894739883
2025-05-23 00:00:00,596.5440694022323,679.1677480066685,514.3263502863473,571.1188926769955,602.5682044439897
2025-05-23 01:00:00,596.0972568933274,692.821746272325,522.1497344856567,577.1822096320772,609.673253778855
2025-05-23 02:00:00,604.4342298371545,675.4707129662264,520.0451795615986,563.5856689802239,605.7773552668173
2025-05-23 03:00:00,606.3185801856317,646.534624415241,522.8496465896436,542.5530059416798,596.5999940641209
2025-05-23 04:00:00,605.6108608556422,627.5479252984128,527.8709927893682,537.8280893350981,590.357491532918
2025-05-23 05:00:00,604.935878625789,607.0730108170803,531.4103319250318,537.7344454187324,582.3466182302669
2025-05-23 06:00:00,546.481472531932,548.8175033041653,549.2407556246065,492.463844672721,546.954105836023
2025-05-23 07:00:00,451.97240374707917,471.3718914427967,561.8663976140361,429.14669899868716,492.09081468007037
2025-05-23 08:00:00,396.0084984152285,416.33763506778064,536.3676301507384,376.20083772900495,447.6852073598372
2025-05-23 09:00:00,352.93032836571365,379.50014571820134,504.7036929281981,356.35122681350873,413.5832159615025
2025-05-23 10:00:00,340.3174421714157,352.501701975083,490.45073350714875,333.977640128425,396.4387459449037
2025-05-23 11:00:00,311.95301309968636,340.8460641015535,481.6421768050918,323.3526484335726,381.4871394932266
2025-05-23 12:00:00,288.91979459258334,360.5672134581166,486.32238408663756,331.8167333405826,382.3104717029364
2025-05-23 13:00:00,307.7965487440774,390.5620802391676,489.435329242598,357.15632550630085,402.04342624512975
2025-05-23 14:00:00,333.77003529556464,433.85921053165697,496.2648866641894,397.5982900452435,429.0947356810843
2025-05-23 15:00:00,370.7422084847498,471.9416434467857,502.23169350451843,418.52794029722895,454.6101494252083
2025-05-23 16:00:00,446.8474675568741,480.89989982878296,502.77282079341774,420.73029007561814,478.71660545240695
2025-05-23 17:00:00,481.44781932465105,551.5347142792388,514.8593084484845,472.9055602673251,515.9906533013165
2025-05-23 18:00:00,553.858250380273,553.2976698090221,514.805177156578,437.78917797537133,536.7416477348611
2025-05-23 19:00:00,565.9432247568262,552.2362230703836,517.2934955041666,433.17520543473296,540.9133466816096
2025-05-23 20:00:00,570.1432732528391,563.4168307244465,520.0869925458476,460.7308487258267,546.6481990632565
2025-05-23 21:00:00,579.6989154980172,565.9600882553615,517.6774763311249,463.6571877091371,549.4580130587763
2025-05-23 22:00:00,557.8093530318455,565.0407555507568,519.9568160980168,455.7655860144886,543.476042786639
2025-05-23 23:00:00,542.5387539012809,576.059067209886,524.8746106997397,455.1831279146059,544.8758675295692
2025-05-24 00:00:00,544.1002046664362,613.5064771656959,532.8686272753414,482.02900041737735,560.5343115767259
2025-05-24 01:00:00,546.3667634571103,621.2460740746659,534.98789273799,518.6592868135899,566.0991814113742
2025-05-24 02:00:00,546.2635519676749,625.2084759106441,528.4321416240049,533.3843265826645,565.8815293893458
2025-05-24 03:00:00,552.0261527086037,624.6692901640753,526.1203662025544,531.686498309122,567.2472355637784
2025-05-24 04:00:00,545.7263292535268,598.6632639801965,536.4781859892925,514.7555892329389,560.2403282265174
2025-05-24 05:00:00,548.5404837078377,595.5595938631892,537.6712471406063,513.029037809566,560.633600749005
2025-05-24 06:00:00,483.80564944490806,565.7099202641216,546.6275365566663,500.39392033083726,534.6536956748256
2025-05-24 07:00:00,447.06089280998384,529.795908709901,555.1422401526203,470.50057103996465,513.5814266901069
2025-05-24 08:00:00,347.48470540092495,480.97974735700166,544.685777694845,420.3544197584169,460.918845835054
2025-05-24 09:00:00,295.4019584428665,504.1779005044016,541.5502441811949,429.5129343780329,450.3748207289753
2025-05-24 10:00:00,265.88407081023894,428.7977664095916,550.0142005582557,379.57271927457344,416.7948084904847
2025-05-24 11:00:00,251.72433640163788,426.8906367920751,557.0627599616137,374.1776498614337,411.8656432006752
2025-05-24 12:00:00,234.05747554404877,512.5879155956148,576.6745012403749,449.81672449260026,434.5657139064937
2025-05-24 13:00:00,263.6989776169221,475.2145639279023,565.2104297384428,415.00973570071125,429.9168635904699
2025-05-24 14:00:00,291.01262300347446,496.3884590373357,530.4213150534949,423.58128345986665,437.3579417543708
2025-05-24 15:00:00,331.4430790664025,537.4722627876748,553.8377472609001,447.6180783311197,473.3182864879848
2025-05-24 16:00:00,462.7332554473915,569.8223731733567,553.3902858750209,476.4439772763458,529.3080145260594
2025-05-24 17:00:00,483.7583207149858,565.977228058593,553.9048659491245,473.40533564791696,532.8530673758817
2025-05-24 18:00:00,545.2610124023522,463.3949217693608,563.3725934752383,405.81462730134126,521.2134931479214
2025-05-24 19:00:00,549.1565917818771,403.44549839273503,570.705086982232,368.21346987008394,503.7925646866673
2025-05-24 20:00:00,547.8425127001418,363.0066053266239,584.1769639241357,343.2549545338445,497.05978067118076
2025-05-24 21:00:00,551.8994500328183,354.9687542924285,592.4030150667913,320.81820047887794,498.26087375035024
2025-05-24 22:00:00,552.977572835096,371.3590164733545,597.2416444383775,312.4354552706993,504.0136896530062
2025-05-24 23:00:00,553.0586061871692,383.1289179120384,591.1515569207536,316.55214339454625,507.87360780779824
2025-05-25 00:00:00,554.5193276098342,375.3854237714923,596.6338032681606,308.25335065804705,509.9803794167986
2025-05-25 01:00:00,555.7897983138126,404.1709322975032,603.6236489680119,320.34466419395284,519.3879309204556
2025-05-25 02:00:00,556.3666538744438,429.04363550477336,605.6983719996604,336.9189813013604,528.5756491373821
2025-05-25 03:00:00,554.0603122951371,470.1889684021287,599.9189877731552,382.8776461324639,539.3357352969192
2025-05-25 04:00:00,553.0418657953144,499.4373756713233,594.2893069802439,401.64105174419393,546.0846390281263
2025-05-25 05:00:00,556.626702226479,482.2735052674534,593.4795750898776,393.9511107119284,541.3362437032714
2025-05-25 06:00:00,502.78815230884163,419.3086973768432,607.5619337744238,342.5162291106451,502.251460808652
2025-05-25 07:00:00,392.80790001330377,409.0248509148433,602.0449916854707,353.66703089033,456.8567347376391
2025-05-25 08:00:00,320.83875375308406,427.01701624270356,570.7048110279102,346.263065385315,429.8492022378326
2025-05-25 09:00:00,237.9713796032439,393.3253537666688,544.9256551181422,282.51069118552874,379.2077347705169
2025-05-25 10:00:00,225.90100498574836,355.30174256129817,519.3669496606567,252.7772583027136,354.87965348410256
2025-05-25 11:00:00,211.07006515839626,345.99900832260465,515.9379011249304,237.0663553700296,343.93219647972955
2025-05-25 12:00:00,226.80132271651482,359.7298546295537,502.2409595918388,225.58340802828218,350.4729172024141
2025-05-25 13:00:00,234.45076783105617,375.9042287293581,596.8378731047466,232.14670642801303,379.15588750533743
2025-05-25 14:00:00,272.93948880382834,419.58344881358016,613.817828217074,256.2675731255009,414.1924697283603
2025-05-25 15:00:00,325.92392748722403,412.7880917855686,612.0340992327557,271.0414268563678,435.06029192940025
2025-05-25 16:00:00,404.9806470344438,411.13784404533016,646.0324165424742,265.2796538563677,468.3572562389507
2025-05-25 17:00:00,465.2734472515903,395.79012670607773,648.8496370105602,263.5066936873482,488.3595728082599
2025-05-25 18:00:00,548.1834434045601,347.7891095742964,654.643956784763,294.45023229317565,504.8321066506966
2025-05-25 19:00:00,552.9409128094534,331.66948247678204,671.3579637088441,274.7439178124228,505.18326299514695
2025-05-25 20:00:00,550.2997407299081,392.3103575715003,531.4676763126914,281.0280406418758,486.9802343258039
2025-05-25 21:00:00,551.6477914210639,403.32847333768495,473.6511354816961,295.92445019248294,474.81819512390035
2025-05-25 22:00:00,551.5655347229676,401.33083495447494,471.2723595444498,312.7538147850581,474.2247583182382
2025-05-25 23:00:00,554.7361411166684,384.6908685718847,478.7057438758981,270.3580336595599,475.65341059087257
2025-05-26 00:00:00,551.8892778326992,392.7650384287649,474.3532745799534,300.86558890512566,477.6372678705267
2025-05-26 01:00:00,549.1522713365136,436.7165569160541,462.7618981228832,364.7105453407919,486.06370642116127
2025-05-26 02:00:00,550.6315417794822,462.4441585618731,451.61376547599207,399.2453589810426,491.3545434147033
2025-05-26 03:00:00,554.1873017346387,475.3790758344057,441.35571577544175,401.2040075728456,494.0929417093138
2025-05-26 04:00:00,554.4001312489254,468.9687182046306,447.1796946940961,403.4723301857638,493.3150124500459
2025-05-26 05:00:00,557.6500147285959,456.5748327516954,453.3952881724731,389.0571204205157,491.51512551103906
2025-05-26 06:00:00,485.1464169025138,469.17301514975185,462.3431325038368,389.4290144632311,471.10395906321514
2025-05-26 07:00:00,372.75964662312145,498.34567928164546,457.833040389599,424.5477833920873,441.5323077654508
2025-05-26 08:00:00,307.09762312293674,462.7651251937773,450.18200600780875,395.3376589498211,405.36300215627324
2025-05-26 09:00:00,279.9768204287635,435.64415327110237,441.3655699419925,375.1755446195983,384.9961541616313
2025-05-26 10:00:00,266.750683239029,395.5293022238644,436.1652643591567,338.6895776365087,362.97556446004063
2025-05-26 11:00:00,260.9387598377957,370.8266800300082,434.854029861069,321.61048366980225,354.06791348146515
2025-05-26 12:00:00,269.638168272368,386.99003280917054,446.2251291412978,351.6040036448437,369.61300865265974
2025-05-26 13:00:00,313.87174473613425,407.5967304856899,481.21068740930747,360.7034517417855,406.9025145891233
2025-05-26 14:00:00,367.4954478543135,434.0525352107677,500.35250271019385,363.83045894620955,437.97767136081677
2025-05-26 15:00:00,419.6960908558692,418.8401504631926,571.4795689472485,353.46242050302226,471.2367263319216
2025-05-26 16:00:00,460.88038069169534,444.4041556451709,577.9271998481901,363.24579824450393,496.05715011804466
2025-05-26 17:00:00,506.69504098221546,479.1107322272631,583.7024438017547,394.0347509588791,524.250538336682
2025-05-26 18:00:00,551.4095139562096,436.75160386227043,580.4074998812695,382.0780316475773,523.1152078764742
2025-05-26 19:00:00,566.3355074119227,403.71551701675514,565.9013554419679,334.5904773155311,509.4199668150448
2025-05-26 20:00:00,564.3013489902913,417.7981306443574,501.3702700768446,337.3261529658942,494.00700643846466
2025-05-26 21:00:00,563.5635762660319,382.4193077995706,453.5471896020129,321.91108455501524,469.40098666967816
2025-05-26 22:00:00,550.6474545981464,376.68260409765765,429.9375137473931,329.9199783002097,456.009762986488
2025-05-26 23:00:00,555.4077167893967,419.557379216001,428.7091730836209,359.77759097175186,468.59381536254205
2025-05-27 00:00:00,562.8080599920265,403.35066871898005,449.8438224669458,350.4689986453958,473.5532012335031
2025-05-27 01:00:00,566.4623304856487,398.0924319713551,466.4671449792861,343.7613891634597,478.18111308188315
2025-05-27 02:00:00,566.0072117488506,460.16294623376416,464.09238545015177,370.45789378122646,496.4735066531298
2025-05-27 03:00:00,567.2870455295081,492.4712299572104,448.8490387568487,385.59232130888574,501.7207871746781
2025-05-27 04:00:00,563.4943667745049,493.5606390528508,452.7536709911577,390.06896599173456,502.44116251135154
2025-05-27 05:00:00,565.8099983787996,469.7887318379793,457.55459152206737,375.41391299212154,494.87536959417326
2025-05-27 06:00:00,485.04912183776275,420.1451411847469,476.42045533302183,340.17055211010336,455.67904881698115
2025-05-27 07:00:00,373.27365142345974,373.21604254319533,469.46182525323246,311.28907559769084,403.23275759852913
2025-05-27 08:00:00,304.7734003839592,333.266662655531,441.3149267674421,267.69220342283245,359.9871979199886
2025-05-27 09:00:00,272.2662848974256,302.77373787930964,419.2427129901393,253.26732137453152,331.7138874903525
2025-05-27 10:00:00,252.23659153529118,303.84339203311856,411.05602582009226,245.8671207424936,323.3472491146152
2025-05-27 11:00:00,262.71983592022804,289.41375082375885,399.56568326938094,247.50367145449263,319.4866146582913
2025-05-27 12:00:00,269.60286329129116,286.386250842596,415.1888663657128,248.9360348359574,324.89334034434734
2025-05-27 13:00:00,261.4203209779385,291.6798320548836,429.1679781186859,254.43702891784628,330.2100815834275
2025-05-27 14:00:00,318.19409774859923,306.13846287275203,454.82157481185845,259.4129629072755,360.41820900833386
2025-05-27 15:00:00,383.67268125820783,338.02077155175294,434.1463017696737,256.1720005004791,384.9430460755016
2025-05-27 16:00:00,451.7377791930348,334.6413058806974,437.39620923666456,260.66222554585204,402.636737210633
2025-05-27 17:00:00,497.26654924339834,406.8267006119694,487.7636641748874,312.61778116398546,461.6187319347717
2025-05-27 18:00:00,557.0226155981383,415.3217584783557,551.3103531266274,338.84376567564084,506.83917606992554
2025-05-27 19:00:00,558.5005482066779,436.18260310779345,541.7328741662802,340.37398796868865,508.81510827158104
2025-05-27 20:00:00,549.6028908723063,495.7444180874767,439.9286492837842,384.41661675963996,488.289077305739
2025-05-27 21:00:00,554.2893667799319,504.4633510715524,425.32423810242756,417.19008528551336,490.2041547812527
2025-05-27 22:00:00,558.1805603006943,504.2235805583718,417.5214754741679,419.6332042519434,490.4430176071619
2025-05-27 23:00:00,555.1818086760164,512.3591467884885,419.1100212237291,421.52433524146545,494.2359745643786
2025-05-28 00:00:00,550.3810202162153,567.4348858688271,428.72245752176286,463.6025173549064,515.496299008827
2025-05-28 01:00:00,550.5481061972378,620.6569184045178,424.5793916817291,495.31968749289706,537.160712144891
2025-05-28 02:00:00,555.8003124931089,645.350592505639,406.51899050926045,507.74297506795165,548.0266985234382
2025-05-28 03:00:00,564.6580204578141,641.4503441506888,403.3039497932771,503.9098286605739,549.4877551440546
2025-05-28 04:00:00,571.227214861067,605.1557915009525,427.8684897743152,492.4819819268808,542.3728411758138
2025-05-28 05:00:00,567.1288935639748,583.2196838758647,428.84292745414695,475.83217847426965,531.8209354230743
2025-05-28 06:00:00,499.64624844296975,543.5841178796896,445.7080576351006,446.475050188086,499.8088919415301
2025-05-28 07:00:00,461.0477090763422,492.6829381042467,457.4501149930385,399.7875955629995,471.50413565570284
2025-05-28 08:00:00,384.2506875532281,447.6388883936801,452.0847685372998,351.7724475207169,429.7142135620701
2025-05-28 09:00:00,341.21573617653087,406.3344497102406,438.5752142324367,326.10815524872635,398.13216106382566
2025-05-28 10:00:00,311.4903285273144,420.29698616348844,439.06860626437447,325.90516428059345,394.65879163653796
2025-05-28 11:00:00,300.06464620875835,415.9281869244079,440.8526446631665,351.0929982709972,392.0768384763292
2025-05-28 12:00:00,299.2368242507226,470.901186027388,446.1551311858842,394.36154626673067,412.35956788382964
2025-05-28 13:00:00,294.4522462655525,450.63894286723996,448.1643879391119,392.71206433122154,406.4969604717246
2025-05-28 14:00:00,295.7382866486331,413.35921409214495,442.5595484447194,359.8774557954882,389.5613082343033
2025-05-28 15:00:00,373.16772395666663,467.3718158469359,444.40106761341394,397.7690080154662,433.1939551140113
2025-05-28 16:00:00,449.47645418732003,515.9877002129347,444.80596741423165,439.04092582803065,471.2435023317992
2025-05-28 17:00:00,513.3094166754067,548.7440989841499,445.0292448500545,468.1807773436971,498.87170063113734
2025-05-28 18:00:00,547.9680494029184,563.8555622658954,441.17796073775577,455.43660683624876,511.53340039756245
2025-05-28 19:00:00,553.5149084195631,539.0374475543325,435.3485887675476,437.7093129762238,503.90462667203894
2025-05-28 20:00:00,558.8172693129741,523.9674764776785,432.32275883289356,428.39456501850714,501.649824780965
2025-05-28 21:00:00,565.5443089604354,525.9905811509549,428.4275167969898,411.19337297978103,505.4669577914043
2025-05-28 22:00:00,554.4176232458527,517.9843471231197,428.7779269744325,419.00973911041814,498.9114578414461
2025-05-28 23:00:00,555.3849757682083,560.4053966661369,420.6559501205539,464.18497382172217,512.3752155187017
2025-05-29 00:00:00,552.6025780910849,550.1094023040918,436.9471236369092,471.2126066239931,516.9655265745588
2025-05-29 01:00:00,549.6752790965473,601.9834907362754,433.1206009418209,499.39596956985145,535.6328609319745
2025-05-29 02:00:00,554.5533406269111,699.9846149292954,398.1872077518512,522.8792304520731,565.8664883283656
2025-05-29 03:00:00,553.2959253285779,705.1280100019449,388.5167684538777,528.505250978265,568.3866426576133
2025-05-29 04:00:00,552.8234189972206,685.2098244916416,395.4716493647547,498.8951254148832,560.7279449999568
2025-05-29 05:00:00,548.218971430432,668.8156374503081,400.9928144210654,458.6425824786207,552.864878673605
2025-05-29 06:00:00,507.0834952592354,666.3338981696162,416.94866383515006,515.8135109533382,542.3629643273589
2025-05-29 07:00:00,407.4291780281355,660.3240670579667,437.8865900065349,504.12260949374627,512.6038140826768
2025-05-29 08:00:00,375.8765839403387,610.6598383764457,448.5721742745636,473.367807082713,481.1231519655539
2025-05-29 09:00:00,337.4612719048358,525.4860867731145,429.4988777886536,412.5046551673055,431.4207860252432
2025-05-29 10:00:00,388.11452483796614,543.7087075688833,424.62952686318124,399.5647086756894,452.81480034559047
2025-05-29 11:00:00,468.6233895885498,576.9396702716601,424.61498550101675,362.1911370206483,485.79665336021054
2025-05-29 12:00:00,446.56650502499645,636.3589635456093,421.4576718535653,386.7495985192501,499.85277529192314
2025-05-29 13:00:00,435.3182066269351,617.2012906884455,427.4388517032589,365.20015257186157,492.11972072809635
2025-05-29 14:00:00,432.966037691693,635.294947190409,433.96081191415766,366.83431737194894,495.6477603100699
2025-05-29 15:00:00,490.32120455086573,629.9608513029523,439.7200264994998,359.44657887889986,512.9269737670437
2025-05-29 16:00:00,534.415129208113,615.4743522193072,434.53137594953347,342.9971884772202,516.1234919590537
2025-05-29 17:00:00,547.651891944876,618.8395525212823,419.38517235202363,348.41535998400576,516.7546260970419
2025-05-29 18:00:00,560.2237191224419,564.356331602285,419.24254996406927,337.7264466336323,505.2751340210872
2025-05-29 19:00:00,555.2644745839955,477.6584458910997,424.9003603916269,303.85821536953193,480.42619221606
2025-05-29 20:00:00,555.1044307904169,435.30991500115897,431.839808848021,285.72740078039124,467.9601160325144
2025-05-29 21:00:00,566.2694691417064,411.96013324145315,433.2814304422372,265.2932496214193,465.20227975064324
2025-05-29 22:00:00,566.9833701012432,379.1581015947248,436.7703601626969,243.1454040706333,458.7203987573308
2025-05-29 23:00:00,568.9041595854145,349.8640892170343,448.0083107629055,230.21952481191232,458.5656938181543
2025-05-30 00:00:00,573.6788712169183,336.11001015628324,463.2267770212261,206.0551944894269,462.8935553958325
2025-05-30 01:00:00,576.7376463226993,356.41392776637156,479.52420980746297,218.83825423930656,475.3501233526216
2025-05-30 02:00:00,573.6285466442399,418.99333490240207,470.5696137637106,252.23118788442514,490.3197068255819
2025-05-30 03:00:00,575.5068882465824,482.26805590759307,444.40767744108103,313.1687671218784,502.4934680638251
2025-05-30 04:00:00,577.3371773450984,486.9375397702085,443.97380457093686,317.29059985921816,503.33454002574354
2025-05-30 05:00:00,575.4024987735062,496.1181112544049,441.25780970057383,321.13898032001913,504.74676259496016
2025-05-30 06:00:00,533.1847594270762,459.7866889783157,452.92933884002866,357.0675067886337,479.3808227252368
2025-05-30 07:00:00,463.1622378328497,381.9634933502069,468.09116170223683,324.35240572388255,432.65760371831374
2025-05-30 08:00:00,357.3126849280944,366.9855104810898,451.82759662626177,302.88318702687405,389.25938694891283
2025-05-30 09:00:00,281.9486812338729,326.90360887420263,433.15179779341895,279.65617632592347,344.67986962714843
2025-05-30 10:00:00,279.3056361992627,322.846199145802,422.8025610644342,290.16427407308817,342.3621186120741
2025-05-30 11:00:00,234.668889683396,280.92964928640623,411.03938077254384,251.78570584708834,308.6884141961372
2025-05-30 12:00:00,226.95063878542769,283.52599081310245,399.6974867576919,254.71079492286034,307.96854785389706
2025-05-30 13:00:00,217.793141424312,271.47872113921807,392.6864728299288,240.42113906286227,297.9967187092999
2025-05-30 14:00:00,237.0738450584146,272.907792976454,410.32282089321797,243.63780406777818,311.02097333959546
2025-05-30 15:00:00,283.3146177728612,293.1975216884157,448.45758388674653,263.80059869877994,345.5763464334833
2025-05-30 16:00:00,363.91513584593184,302.05435942731486,482.2937039596596,282.97173332723924,388.2972859795695
2025-05-30 17:00:00,470.13415165177935,293.11198819738024,553.8669684083862,289.80230520739974,447.6477633906512
2025-05-30 18:00:00,562.2322290471255,275.60047887571875,574.5731772747299,225.63666488725883,477.52003993994856
2025-05-30 19:00:00,576.5181870355449,263.03241780054833,526.1306465070976,211.97480402805536,459.9090658777812
2025-05-30 20:00:00,561.3836649164635,333.5385252157001,436.12879315127486,258.78573162418877,445.627808208921
2025-05-30 21:00:00,557.6716880693588,314.0046263850364,435.4221270271454,238.72361795787262,439.8214273529438
2025-05-30 22:00:00,550.4117830077146,342.05300223360587,437.80926186130137,252.42572534791395,446.2538693476729
2025-05-30 23:00:00,546.0445517998265,433.7030431630472,431.05693139791305,305.2250169528073,472.2770741296
2025-05-31 00:00:00,552.6165471242821,527.7971104589894,413.89744611475476,351.627897439003,501.3433260887474
2025-05-31 01:00:00,560.1535837172123,588.1082730020396,411.36254360514533,383.8252400688797,521.4864548935077
2025-05-31 02:00:00,560.4553321777704,645.4239885075718,388.4937684247422,465.1823056482822,536.6766212824593
2025-05-31 03:00:00,561.901130930611,654.9541689049549,374.8115626502583,501.6133036433278,539.9451189133497
2025-05-31 04:00:00,563.0440014510174,647.555850328063,370.97300806424676,499.9411138214585,536.8624224245137
2025-05-31 05:00:00,553.0403369030565,614.3055383490666,384.63286514807356,483.4898865745083,525.3497633183091
2025-05-31 06:00:00,506.521649044077,543.1074119829138,424.9166304055165,437.9192236441392,496.05220761963227
2025-05-31 07:00:00,418.9802510940402,441.88127405930345,477.31248361204877,377.53313807761623,442.0331159110602
2025-05-31 08:00:00,369.34975892363985,407.7518497484737,485.4500447577214,367.0025358974089,414.90753970269685
2025-05-31 09:00:00,276.7448203172767,366.79048210139604,491.12129299896316,319.42302861404977,366.29583409242133
2025-05-31 10:00:00,249.62789003317698,320.28400505121755,514.9259493709962,277.8300214880341,344.8351093105046
2025-05-31 11:00:00,264.5937075785899,310.64414898344484,541.4440965154896,271.5664743830222,356.54879779977114
2025-05-31 12:00:00,254.9999361500853,316.9849265214411,614.9969749976515,279.8905964151409,373.8642471860128
2025-05-31 13:00:00,253.63233732198105,340.7840463164079,639.471575540658,297.5339349575252,390.39852774747175
2025-05-31 14:00:00,275.17243601642014,424.8013033823136,618.7922632765191,370.01126899848,428.61268881088915
2025-05-31 15:00:00,304.0845017485334,495.50997343551745,607.6468528218726,431.0795563324311,464.57512386955653
2025-05-31 16:00:00,403.21462187102253,548.5674482492802,598.9593757635636,476.16820954213455,515.2990396805837
2025-05-31 17:00:00,476.928047605472,517.6355347390398,598.475746641133,444.3049219939906,529.2745015348711
2025-05-31 18:00:00,541.611249378078,492.50486763342343,598.719758359433,358.59253890612223,542.3253096884719
2025-05-31 19:00:00,543.9443347395484,494.1418633092873,605.4423003409861,335.125048705908,545.2790786213039
2025-05-31 20:00:00,546.3742414776646,530.5781061082812,611.6707194828301,327.0873272953321,558.8427792436256
2025-05-31 21:00:00,545.7738553780603,554.1246667557541,562.7785489567185,331.40491578372786,549.7394969202614
2025-05-31 22:00:00,543.2961843739007,566.5672074882361,485.55047328316033,364.8533334955334,528.7143455767838
2025-05-31 23:00:00,543.533158170826,625.3287510749984,472.7007042909162,493.9483122212064,544.6469670674601
