,南部,中部,北部,東部,全台
0,0.09000946335717361,0.12658871999427274,0.10353810322737035,0.10409508793126755,0.10727555172828422
1,0.08883381566576679,0.13513479249544325,0.10460106367736012,0.10908621327902848,0.11053420284539778
2,0.08894612900828987,0.13847718048044882,0.10265092849950014,0.11096977977571952,0.11204112305287822
3,0.08915012058904732,0.13880384658445288,0.10008515637648148,0.11113796134390475,0.11228853724340242
4,0.08951732938283212,0.13850774760766973,0.10620343152873844,0.11134254994969556,0.11311837980663418
5,0.09025650129514369,0.1375074489269257,0.11045369182669838,0.11061948287692548,0.11339466103542609
6,0.08924391670484738,0.13636362140645117,0.11053546438799595,0.11023555932134416,0.1127421126578821
7,0.07616357411690494,0.12732842313705994,0.10742456853704314,0.10171998232011602,0.10450618124912867
8,0.05398965533130735,0.1048681983729858,0.10462278607150793,0.081772189340613,0.08712958196186611
9,0.04508166646806088,0.08634654446455996,0.10419987187171126,0.0653795501407002,0.07620342509290026
10,0.04052385868190136,0.07083251728492446,0.10267981099971234,0.055028388506097016,0.0684654027498067
11,0.03846334421205344,0.06201960778348018,0.09938838839203636,0.05018339505005878,0.06361635778400619
12,0.03782224519953334,0.061270530687725346,0.09943262095152758,0.049946099763014916,0.06314776076403791
13,0.0393619046953739,0.06744622666759745,0.10097000235519062,0.05548342161691571,0.06664184239615611
14,0.04240117321362323,0.07367489821395075,0.10365134581118661,0.062097446742533834,0.07079195709997632
15,0.048606900162208484,0.08412377986310482,0.10253610033407183,0.07210906313433083,0.07780376572618705
16,0.06089892256763691,0.10163800063964612,0.1049736148052079,0.08694412347956934,0.08944975134057315
17,0.0839885413213334,0.11462076345601611,0.10577051145586228,0.09737994625632604,0.10202991209941295
18,0.0940308133435586,0.11202864216643867,0.10633955196400935,0.0926596627024385,0.10432742895330138
19,0.0916912394415623,0.1098969165471785,0.10482541831066661,0.09052241901268562,0.10236054790467791
20,0.08999931979191482,0.1103062719503105,0.10444470772639547,0.09064215661237444,0.10193666439154454
21,0.09022470211910123,0.11415894795996841,0.10458326440661016,0.09323914671102902,0.10345596299469303
22,0.09012415384271197,0.11543371923624939,0.10455492139865442,0.09382746408706583,0.10389722156726457
23,0.09005591837708618,0.1167964283270673,0.10364317575751689,0.09339677262264671,0.10367396610898161
24,0.08991399757693412,0.12383483996053132,0.10300552175668286,0.10267984318809921,0.10595577346218492
25,0.08925124674633292,0.12943188935829927,0.10167882034142635,0.1079788778016628,0.10778956716613715
26,0.08895735920621711,0.1326967764239018,0.10028014957062314,0.10967700288279636,0.10922617765339611
27,0.08897516898403648,0.13413724628911589,0.09944817107821603,0.1103595203502772,0.10987184663934264
28,0.08866055772923626,0.13695322496415654,0.10444024952114779,0.11230006347424805,0.11229149274915387
29,0.08997528934464008,0.135176499553562,0.10956221133984725,0.11143699304366532,0.11249088055791241
30,0.08933777769705487,0.1314308478325325,0.11027373564645336,0.10907064150227837,0.11126145135955699
31,0.06878095345519002,0.12300818601458126,0.10967064213361816,0.09876728263201276,0.10068922858827768
32,0.06369664624322544,0.10549753455664106,0.10599671547709572,0.08433527016691664,0.09222856235889032
33,0.04436866166462058,0.0881534492287829,0.10515056331060747,0.06605329951413097,0.07595389821737582
34,0.04419761290642288,0.07159610669119777,0.10239503082373691,0.054957591825525225,0.06985880552511309
35,0.03859899122819654,0.06931661521944175,0.10113230796380751,0.053657801138351974,0.06662972953175168
36,0.038027874800975386,0.06529310201869398,0.09973217213191235,0.048917845531978026,0.06489030268103328
37,0.04137658927342969,0.07332321513650696,0.10002743138419862,0.05529648514519813,0.06949197241981088
38,0.044634868304727154,0.08215822560113911,0.10269473359889483,0.06496558995831468,0.0756642428139876
39,0.04780161071182576,0.0928423440393499,0.1042151890457888,0.076183025523583,0.08153314376211193
40,0.06190165820612661,0.11203115161679357,0.10649493800649738,0.09279274281331659,0.094728113439372
41,0.08603466676105774,0.12242085737571415,0.11247707265554079,0.10371189985106438,0.10767245735314439
42,0.09663426410453202,0.11254196320510092,0.11440918737960112,0.09201004593470546,0.10775927792100348
43,0.09659954351374535,0.11337042278302781,0.11350461591555702,0.08977314319656757,0.10770930650528159
44,0.09548084561235536,0.11628493183725083,0.10657313248455888,0.0914034793940216,0.10634613602175831
45,0.09329487189943585,0.12009886868491793,0.10414758575258981,0.09256903383200171,0.10633143880236746
46,0.09008574706185873,0.12047488265090617,0.10312413757266767,0.09167945435876154,0.10513798667203571
47,0.08902707639653139,0.12691507632177054,0.1024205614534427,0.09863421051039588,0.10649073212788682
48,0.08885903745319894,0.1352372412018827,0.10407421383286196,0.10840001296854422,0.10994465209071008
49,0.08884289749453743,0.13613250157972984,0.10092680000436974,0.10896253362696673,0.11050908118604166
50,0.08930978102131351,0.133790750225741,0.10328533466958244,0.10722137200480075,0.11090033339756694
51,0.08952432234225696,0.1355449183081694,0.10151887458329979,0.10872155871566593,0.11149608285085033
52,0.08906825487545486,0.136919648313335,0.097243476686278,0.11250939175720524,0.11053001957366877
53,0.08958002398260255,0.13857106941525207,0.09317227340597004,0.1141731889820205,0.10938252224380422
54,0.08786412325841784,0.14239153998156312,0.09447688820504518,0.11724605403459486,0.10869296839871621
55,0.080185296919635,0.13433812455490796,0.09640531558036211,0.10973617274044023,0.10377086763190187
56,0.05967934331820888,0.11613777635558749,0.09327914071196973,0.09524304944944957,0.08951574420413064
57,0.05291262658331164,0.1036624339940944,0.0907757108521645,0.08329312555799974,0.08187049965634564
58,0.043550383102505634,0.08251242316203435,0.08819908331760133,0.06799357445992411,0.07119601493326498
59,0.041925790648082696,0.08142816792762131,0.08966932867483203,0.0659743187982795,0.07063890815236239
60,0.04953596723317008,0.08328099721738452,0.09078883130315243,0.06813288929305958,0.07525366896647193
61,0.058246127810409415,0.09338409241326046,0.1001350923279331,0.07884692683268081,0.08508635489841944
62,0.04630765687106701,0.09148992439354693,0.1017463683485004,0.08102064603038162,0.08011440906058362
63,0.055937063484518844,0.09529759178845158,0.10985889266099186,0.08339416485754958,0.08764357796540193
64,0.07064040960821172,0.10675902920320723,0.1408792769911821,0.09320214826624412,0.10722360553795193
65,0.0890539146379067,0.10913645559349797,0.1455066204906107,0.09326923896609098,0.11621407086301189
66,0.09402056770361894,0.10800929364761715,0.1451622539591645,0.08516719400201823,0.11685835940292456
67,0.09407558915223214,0.11434664883148189,0.14825487083926445,0.08868543857717104,0.11982047650296064
68,0.09430113243938695,0.11753176423492756,0.1451184685517813,0.09155080671889321,0.11991331975855216
69,0.09430851476223508,0.1254074634718299,0.12058419110283077,0.09622666507958351,0.11351354862115617
70,0.09268928589366184,0.1339620176160398,0.09427427017459647,0.10162713311872991,0.10644772334305806
71,0.08897747966470214,0.13291477627289458,0.07961699854134091,0.11315777292454106,0.10154838678399972
72,0.09055203253390524,0.13141798051710601,0.08217059944686425,0.11104172383363399,0.10380446035723982
73,0.09031533630931636,0.1388779364788466,0.08034934264200069,0.11438950896997159,0.10691610742681923
74,0.0907407640243074,0.13919047486219,0.08100722186182166,0.11484539999734864,0.10895013591846171
75,0.0896211967969648,0.14089587943218368,0.0798750205741624,0.11567899673473017,0.10972000975798885
76,0.08900975232060737,0.14207069660185254,0.07872021718195789,0.11678925286317778,0.10815555945817504
77,0.08970020719674891,0.13970306263483936,0.07250616568549843,0.11614043986463093,0.10533856138911926
78,0.08931421779202167,0.13919673783489037,0.06879132384142117,0.1158686311977127,0.10258300029489653
79,0.07678309895545646,0.13658178223101422,0.07672791312385406,0.10779341196296949,0.098207746185083
80,0.06120530764824853,0.11194496164210307,0.08627845614085693,0.08241518532743927,0.08660267942425412
81,0.04694957948729874,0.09439877126510302,0.08635911410290543,0.0690004099169826,0.0754175188706662
82,0.04501929180085887,0.08434008345704438,0.08484120870999631,0.06255684392146428,0.07142696781735178
83,0.047219487275126856,0.07439530415347965,0.08312452965548486,0.05478962559347836,0.06886993218629096
84,0.040022652530479916,0.07386137643477557,0.08497729827350504,0.05296349057540643,0.06533537843702135
85,0.04461383785004005,0.07345098644355365,0.08298035041816416,0.057468946016084245,0.0666173779670723
86,0.05232601321451249,0.08775029337538459,0.08129268464178296,0.07210178373196871,0.07426255492938101
87,0.06504038699464436,0.0958478394468973,0.0842631768276691,0.07882907471810972,0.08214037162081184
88,0.08008697632299781,0.10714996200648112,0.09799149915905098,0.08953412404571755,0.09525740167115579
89,0.09480980874466612,0.10727563021157445,0.08608789782964135,0.09159517026629203,0.09522207183380699
90,0.09251202933409844,0.11500610688098291,0.07734807506113195,0.09627446435947866,0.09324148797873952
91,0.0907678475770258,0.11602458393071957,0.07635395462008608,0.0969739273344883,0.09326412020784834
92,0.09053289051685572,0.11603492891032122,0.07915518937537772,0.09669970016694324,0.09465566168063237
93,0.09039955468787779,0.12165184608109526,0.08598814329323984,0.10022454072089267,0.0988712532446456
94,0.08894547568990123,0.13457667922678312,0.08242779031941198,0.10663908586570958,0.10088095099876608
95,0.0886026009789988,0.14426394296822762,0.0823909537934984,0.10804686956172337,0.10323158556027183
96,0.08962893730217812,0.1288298620710141,0.08170025710765881,0.09722790514305321,0.10066344494110889
97,0.08938322121136585,0.13247816603919801,0.08656228446251595,0.09903094896224862,0.10387810548322528
98,0.09012096455067496,0.1308674322278681,0.08394438818676102,0.09743760550859229,0.10337699267109268
99,0.08887514501391469,0.11887383160218731,0.09025055113567745,0.0907319930824597,0.10048872040236549
100,0.0879887048861101,0.10208152870930029,0.09706088112750046,0.08070699059717347,0.09595663357745547
101,0.08847480623520021,0.10760594099202767,0.08794042533847977,0.08592438565173983,0.09507741579018507
102,0.08728630079638455,0.09874987712749422,0.08340074419417966,0.0799748934754569,0.08962550843290529
103,0.07455366636150347,0.09407349433592303,0.08175427018132683,0.07487792686648101,0.08337615864065673
104,0.055868529277314366,0.08130080441024774,0.0810285583297524,0.06463914376687238,0.07258838664884133
105,0.042828765522483825,0.06980542424616355,0.07897303628564155,0.05606728760792278,0.06377917561155914
106,0.03962187317829861,0.061443333346651266,0.07787563202877519,0.045047920821700775,0.05981218759168285
107,0.04398843077360736,0.06524858412091263,0.07928789464536312,0.05109555409124411,0.06329696154593856
108,0.04105453371326013,0.06849481010166583,0.08189620936407946,0.057283782087374224,0.0641044631628922
109,0.04504093775723583,0.07264646724423325,0.08129943541349166,0.050344178003272066,0.06690241946248762
110,0.0410881304059742,0.07477687154667736,0.08096517018842003,0.04909891202608225,0.06561181242321065
111,0.04857412959679641,0.0714002210205849,0.07959950019073145,0.04555786840937787,0.0671829120055127
112,0.06152477345660128,0.08025386902269303,0.07986165507804623,0.05666776001738045,0.0743142712196544
113,0.0791279040982231,0.08636456312506997,0.07992354574605201,0.06245211601608826,0.08129906790001262
114,0.08930075245165355,0.08138158009446408,0.07916798528607603,0.0569202488953356,0.08221670534486257
115,0.08848889531169576,0.08030116534189992,0.07894432701848646,0.0465149738075985,0.0812358102696361
116,0.08881784077263419,0.08596111204717069,0.07947368435273672,0.05111673577333944,0.08331857859409586
117,0.08930580226883514,0.08446104660517759,0.0793446391462714,0.05362210531184303,0.08315352387249902
118,0.08904801923788083,0.08474888905140254,0.0794786640047602,0.05973463614341203,0.08333591696516597
119,0.08806637699084403,0.08523283721591282,0.08043213785318079,0.05979882590302937,0.08373783916053362
120,0.08778554599292043,0.08743262666022834,0.08525950344839311,0.05907098300215428,0.0862256641899245
121,0.08850647758412075,0.09182440527525297,0.08954602524235661,0.0630281055380821,0.08943524929780247
122,0.08923682463069137,0.09352263743764086,0.08890729375243386,0.06513030212015956,0.09019190470587585
123,0.0892039927857288,0.09477160097256376,0.08822426586086869,0.0663778706895995,0.09052851405362428
124,0.08861904364540991,0.09208975044310898,0.08800399044195063,0.06621643241108345,0.08928399118158119
125,0.08845468776732769,0.09172577996967482,0.08362737680288602,0.06666341753396642,0.0876885387132484
126,0.08856443610540907,0.08763632782180578,0.07852973712835691,0.07061072913163882,0.08445914520083443
127,0.08422278842651759,0.08454083915174108,0.0785495673325006,0.07129413635670309,0.08210093883902406
128,0.06887723591953525,0.07986835809699341,0.07926800022317305,0.05915594173421674,0.07590278972478708
129,0.07054082387749655,0.0768241583140999,0.07866333797808833,0.06093943864820447,0.07531116157096508
130,0.0801643658002103,0.0743117057297463,0.07842549193414546,0.05807711353213216,0.07716468316570915
131,0.06659239472021171,0.07223714488774503,0.07983451984698801,0.048083860509169976,0.0727151089089388
132,0.060513384900341166,0.07970222197982801,0.08166206146246806,0.052149703905377855,0.0739314712951342
133,0.05606555338894432,0.0853670380229826,0.08144015624400366,0.05872190327105105,0.0746902848906279
134,0.05057629764913603,0.08576526046142353,0.08047665291203347,0.06297058455349351,0.07345607546620628
135,0.05022489725161279,0.08620790804316789,0.08489042344941454,0.06519857450299,0.07407437627024575
136,0.06532437790455153,0.0857022676307122,0.08319241382698314,0.07244924338865856,0.0783010143308585
137,0.08502584023203925,0.07947174158692594,0.07922030137025164,0.07352236746246553,0.0807798406101265
138,0.08867394101544325,0.06935003613159921,0.07463066057409908,0.058896140490109265,0.07638700488857639
139,0.08952800710896444,0.06595089902365907,0.07439128933187199,0.05474338549517682,0.07537943348307949
140,0.08980949194579696,0.07223248298230278,0.0779515919855776,0.058003011507937366,0.07903343025649136
141,0.08965129194420968,0.07446112195761098,0.07833541955051893,0.059453076978184374,0.07982191161845457
142,0.08823546788929125,0.07787473703012905,0.0789258961778158,0.06570917174570794,0.08075230466457148
143,0.08861781511770657,0.07930851196181465,0.07971152722314265,0.06688637975482861,0.08173634378061932
144,0.08927639447999494,0.08112773379107936,0.08407606893265263,0.06828598471668659,0.08427590485655828
145,0.08886743429248334,0.08229551316500636,0.08887189629425349,0.069438216082437,0.08628574034758348
146,0.08896699179562528,0.08301231201718723,0.0904283503172558,0.06995498596087174,0.0871111544058114
147,0.08919836002839866,0.08315645529325928,0.09065550445256737,0.07072872063614156,0.08728007686594069
148,0.0881077803456281,0.08311042159483922,0.08996434476462659,0.06985797511613208,0.08671078226443317
149,0.08794061538733246,0.08338681750228474,0.08630555191424884,0.07047879150386592,0.0854389395359342
150,0.08734367840251171,0.0785658604104103,0.08128028571311254,0.06912919881094386,0.0815971119356051
151,0.08064171121049826,0.08042151859659034,0.0814903102632753,0.07195404207832032,0.08074427775705519
152,0.06393474737168166,0.07728235575495013,0.08042110830331949,0.06756152372849769,0.07446500175568203
153,0.052597136409465346,0.06648383377561663,0.076836246139394,0.05627242549914951,0.0662592039857179
154,0.04568657467766247,0.06257697388254797,0.0765306237190926,0.050999266760548126,0.062170731490948455
155,0.05033231702359806,0.05723573541858653,0.0764064871039746,0.05033499300893746,0.061924847951355555
156,0.05128013222858782,0.06547793347997442,0.07842416315286287,0.05644604993167298,0.06532789131030585
157,0.05393629427227377,0.07001168052794338,0.07817175531620858,0.061363830038826235,0.06776776116187219
158,0.05129562578784857,0.07773616643171218,0.07660270149741107,0.06667302729079279,0.06862370333574236
159,0.06424377090817274,0.08037500800519598,0.07731337980330318,0.07039747444291017,0.07423059151935302
160,0.07992777564615848,0.0732965280004292,0.0777667011513653,0.06642601795766942,0.076752038272215
161,0.0880835885612006,0.0704349587146065,0.07982467389122994,0.06557211567504112,0.07874351019755103
162,0.08816044807147244,0.06870640525253895,0.07905922449192489,0.06342148543270437,0.07776349694456205
163,0.08791764525004776,0.06541412216768668,0.07979251212069134,0.060481633351928306,0.07687377334366573
164,0.08837984358111153,0.07391687010822674,0.07968039190398477,0.06570178663777017,0.07999182313541417
165,0.08817145925356484,0.06846524637754255,0.07887854141953368,0.06092531431584355,0.0780345985193859
166,0.08809918648105246,0.06680575823134134,0.07932180353816015,0.058982982343444464,0.07748090566758598
167,0.08782703214214149,0.06645724452013517,0.08161781472152728,0.058229066302015,0.07813006366657899
168,0.08838179981331629,0.07223466154869262,0.08610134655341271,0.06004635089336406,0.08184880643084891
169,0.08811446904099283,0.07665918020229286,0.092179704995368,0.06199471654981158,0.08514385018779706
170,0.08915051364616336,0.08172473443083303,0.09679087060782977,0.06589843487392329,0.08843502055706458
171,0.08867500238815572,0.08370758688134274,0.098427565960612,0.06937784718972025,0.08958801822991162
172,0.08811418672297038,0.0842359561350473,0.09980509524414964,0.06958401712680636,0.09013593755694613
173,0.08851757646217341,0.08513058509923475,0.0998378069040233,0.07101626443352586,0.09063148816696662
174,0.08899218229232843,0.08220271416420061,0.10382418367861686,0.07029762237138908,0.09096037790466609
175,0.08396078726774897,0.07466938231011488,0.101726364768078,0.06544810848865362,0.08582757103318424
176,0.07062176359011471,0.07025045592962921,0.09905382359934982,0.06145726243101922,0.07958405385134931
177,0.049066412208614,0.0662136627109278,0.09637909483941177,0.05507564986399071,0.0701002955069965
178,0.039228908795536116,0.053416629934525575,0.09033570918944475,0.04516819224014531,0.05994030534081083
179,0.03723268842677831,0.04681227634280236,0.08586540970348606,0.040687904623571844,0.05549181983746714
180,0.03680651057189099,0.04657042332754576,0.08343595785076396,0.042358709032154315,0.055152565008309944
181,0.03810913118839556,0.047338438146195636,0.0849084135606251,0.04221524740357569,0.05562360356316688
182,0.04167456171949574,0.05017612371938543,0.08943900095267698,0.04499851521963941,0.0587502219625607
183,0.049087270025634185,0.055198430822782994,0.08927932539990709,0.05009490881485084,0.06453014730147139
184,0.0625365878197054,0.06155183277655936,0.09267934256149832,0.056251127703424525,0.07187278234634754
185,0.07948213261942047,0.06524425118155695,0.09418207521332095,0.06121767891081556,0.07877530589734445
186,0.08852512991958535,0.06425416707133645,0.09235428492498966,0.05764955166574988,0.08022337024283516
187,0.08825280266063072,0.06527616310227423,0.09213635570753455,0.054565385179605484,0.08016388172839657
188,0.08942366988479428,0.07102051341140327,0.09360682244303475,0.05740304932654811,0.08356000951628151
189,0.08970754762133125,0.07366433902268456,0.09434747859589744,0.058980658125391994,0.08507182845980345
190,0.08866260670879805,0.07693341335181592,0.09629679113600342,0.06336487704353808,0.08676139181509682
191,0.08864052440064749,0.07636577936720221,0.09650827249938645,0.06712185796992418,0.08690520933735071
192,0.08896905417218501,0.0760024427394418,0.09442256421318865,0.06773485195989687,0.08642039257637928
193,0.08917306167293337,0.07841082822980461,0.09518152979273425,0.06890154902192841,0.08745697403218221
194,0.08913169737983369,0.08687725168821064,0.10020455915056592,0.07458234514701344,0.09165116101670182
195,0.0891806526941079,0.0948944888151747,0.09797568445925102,0.0816908680929466,0.09376771639865192
196,0.08898534546786704,0.09050482657946776,0.10321601742677822,0.08054644819854927,0.09385285715978617
197,0.08945450887716652,0.0924119691230323,0.10254497520832037,0.08255436935581494,0.09442680360356358
198,0.08772085492857198,0.08646316282044819,0.10452773919314484,0.07843593187321991,0.09221664618636681
199,0.07056919053510807,0.07605731257799353,0.10435784827549607,0.06749980901124585,0.08243532015889629
200,0.051633645607653385,0.061473069523079876,0.09899528340408471,0.05408566213831083,0.068909067519652
201,0.0383863120797277,0.050760482292957876,0.09145468765438501,0.04440495120473603,0.058407209558230574
202,0.0326397504120263,0.045698246146142214,0.08504872650476035,0.03944667671056997,0.05347162668679377
203,0.031009895253434866,0.04441279840002029,0.08509508644220277,0.038546170695375595,0.05194232208274809
204,0.031788228039442555,0.04433887907358375,0.08609035509208879,0.03874612104046928,0.05226145288744454
205,0.03421232038692568,0.04597908901728941,0.08666489222373826,0.040654105634499706,0.05374867246311086
206,0.03754140067225748,0.04843664192054008,0.08780568411874293,0.04396583268278668,0.05658179097152156
207,0.04421159222341956,0.05347224860439991,0.08705364475054342,0.049346420785583295,0.06122372732435722
208,0.060629226743344006,0.058943717788331844,0.08898371642738614,0.05585035611782795,0.06917017863153803
209,0.08284379140831298,0.06633420508822827,0.09269756702662231,0.0624164953731091,0.07960990027018333
210,0.09269703051824202,0.06486499058394411,0.09338503667306987,0.05958985418430655,0.08197822300265523
211,0.09280467963748108,0.06492676850564937,0.09317802388032485,0.059209834132072564,0.08181359344744403
212,0.09352355682922761,0.07295255801026501,0.09325894160139629,0.06493317179577283,0.0855451371585518
213,0.09374581170164398,0.07890369016935164,0.09492850159224744,0.06926402833571116,0.0884401317689701
214,0.09366122471304497,0.07523289680739209,0.09642230519672254,0.06670041855976247,0.08760958922102755
215,0.09265431803866907,0.07958625207683048,0.09927987171714434,0.07002016154349198,0.08975989247838954
216,0.09331111968767775,0.09355175344636076,0.09954896592013475,0.08241303347618809,0.09489687890544857
217,0.09327953150516957,0.09923684276788798,0.09782488305318288,0.08606335381231774,0.09658277039770718
218,0.09321854981772519,0.10674991101656585,0.09778588136740292,0.09195548082928447,0.0995144210004981
219,0.09287627298493889,0.09903352783486259,0.10342048647660827,0.08977195758799833,0.09785676598455366
220,0.09269654700846092,0.09443083803761676,0.096921984576613,0.08699554417771495,0.09442310557666672
221,0.09298781322365035,0.09596898336485352,0.09043013472617518,0.08822279189112398,0.09319311447424078
222,0.09207904312008047,0.10157105094018724,0.08622853709543007,0.09192040633137298,0.09338977349000573
223,0.08446862215814081,0.10456987754100197,0.08477271565351156,0.09200891681665696,0.09123817772080416
224,0.07621679890727415,0.09830708146248571,0.08548300283493286,0.08476839529603584,0.086817013943417
225,0.05664993332994282,0.08874983562097165,0.08704052263667471,0.0746256815912845,0.07673656329091702
226,0.047954256290879925,0.07590329518942705,0.08691451337056424,0.06261158397854713,0.0691709485079146
227,0.0453020150540004,0.06512007476280762,0.088159060171514,0.05360742629700006,0.06524907034639078
228,0.0438550666735043,0.061035711244634194,0.08955350737070306,0.053038864524007516,0.06347644787183908
229,0.044896816199733285,0.05940042889305009,0.08599602190538605,0.053890942152734156,0.06245978972526119
230,0.04803408715528883,0.06357085242682342,0.0848241801243796,0.05772945573955214,0.06460924233475356
231,0.05848884072039627,0.07203963076923048,0.08545810081529513,0.06461965879520519,0.07185214764263631
232,0.06693295984678153,0.08433008239394693,0.08603592091572525,0.07113215216769922,0.07849999886999044
233,0.08692693214180254,0.09312450593520089,0.08663605565641337,0.0793901637704802,0.08859742180667125
234,0.09614092960822082,0.09565404344123785,0.08709425282458878,0.08218493391730126,0.09257189752464424
235,0.09397652941498007,0.09470287463310459,0.08709729939241717,0.08111024923559809,0.09153442362814919
236,0.09383312264960178,0.09545820689774495,0.0880762184299912,0.0818908813384343,0.0920861008734885
237,0.09400761433955075,0.09616072827844817,0.08866057396332264,0.08255277995183435,0.09252027038446661
238,0.09371945527794698,0.0971578676388412,0.08911565789340084,0.08272770268762294,0.09284359945222202
239,0.09350210747162872,0.10285323113076249,0.08934212775325141,0.08656147185859095,0.09490803169476784
240,0.09390833804014075,0.10396225402190819,0.0937465535244169,0.08685199174629553,0.09716082991584074
241,0.09419321040193677,0.11101757181537819,0.09875335099324295,0.09300050216721925,0.10150078302489375
242,0.09426534057766595,0.11587192460639957,0.09913605712961292,0.09816504920832443,0.10398642310926719
243,0.09417211354718504,0.12071634537675462,0.0971187178549553,0.10120066844465517,0.10607003931715413
244,0.09395608268905789,0.12251240569548971,0.0960076178844877,0.10257707869013888,0.10676157272289917
245,0.09387159285663768,0.12362627699288427,0.08940873572578609,0.10354951966274571,0.10508840949570437
246,0.09298813097944217,0.1246681916269362,0.08487487638669669,0.10454724210993943,0.10290088247038205
247,0.08459019992435954,0.11954878998604343,0.08840760510012413,0.09902367109387282,0.09918923204004591
248,0.06727425796415186,0.10976397336586691,0.091875061519662,0.08844500583650426,0.09057576080463806
249,0.051804155226776435,0.09652805361645406,0.0921088212936489,0.0769481915581528,0.07975019343361357
250,0.05714627594196215,0.0876488459424507,0.08758336877369514,0.07057271358442885,0.07765794829713871
251,0.04815089328765589,0.08289885045563646,0.0930298879019194,0.0695235131964708,0.07330888157252553
252,0.0547891775559362,0.06489417666838859,0.08895909574564416,0.058415935024491994,0.06894416284848116
253,0.047955069111048354,0.06558498908066884,0.08881539478180857,0.05674668455408288,0.06659710277655065
254,0.052366025124191376,0.06760456245288486,0.08577347173892877,0.05931973398032193,0.06845850824297618
255,0.057467755394865525,0.07560696295271473,0.08710462541380477,0.06591622573896865,0.07351147102008534
256,0.06805468444581284,0.0873632112198121,0.08800931867870358,0.07658242666480046,0.08130006725233369
257,0.08587665491816482,0.10531949962628591,0.09019126181096239,0.09324793370970044,0.0939801860141727
258,0.09536803382147153,0.100459249057119,0.08865825116044981,0.08654320716606123,0.09449568441819951
259,0.09399976122094134,0.09781685960643463,0.08843629577182047,0.08280571001787049,0.0930996176642673
260,0.09422625443439295,0.10048792873308272,0.08934546987703543,0.08481209673858248,0.09441102371065602
261,0.09402484752278817,0.10576569926225343,0.08971557123895309,0.08819759670912167,0.09630774480499903
262,0.09329679928372281,0.10616142121778584,0.09027848252783846,0.08703269257095626,0.09634349867326036
263,0.09347331251887138,0.10438233149683551,0.0896989743519417,0.08408503229902038,0.09563184818301049
264,0.09384200390668593,0.10453805141514583,0.09805074013625069,0.08294456483189407,0.0985564762023449
265,0.09379972932154293,0.10926109887341923,0.10436668237893286,0.08528895686460364,0.10222666486026052
266,0.09378946385184493,0.11544834515888332,0.10271677876906618,0.09427400939244594,0.10467746410035697
267,0.0939057950277335,0.12010802575195746,0.10073659702077338,0.09771574718200378,0.10611910822675837
268,0.09349606028340104,0.12325867689811332,0.09660969856906927,0.10183175657927022,0.10634222229373731
269,0.093436596119258,0.12243055536618745,0.09099743732894458,0.10144355432764433,0.10432226196261991
270,0.09235272157411203,0.12207313022515846,0.08562783455692152,0.10159648605212673,0.10201228567397924
271,0.07810448812595105,0.11339746080966914,0.0894378645926104,0.09327987008472882,0.09466858148751395
272,0.06331613810514274,0.10038691659083959,0.09270810734173657,0.08232361645969694,0.0851369247070621
273,0.053355492754309806,0.08221855676529871,0.09341423242937116,0.06734386456222738,0.07517045465286012
274,0.04799345030636148,0.06565884411676827,0.08991324562320861,0.055555054947517994,0.06601358151344906
275,0.045835107475536076,0.0621709655461726,0.08893540707993648,0.05273123887284109,0.06383636185751485
276,0.04693067762819534,0.06412736513145399,0.09014694243454585,0.05441536945560524,0.06519193592959864
277,0.048982272984888955,0.06778680713676952,0.08904174101172037,0.05848029109405389,0.06727422906541398
278,0.05146002090947154,0.07318134047065518,0.08799836588041077,0.06378044418682992,0.07017020065865007
279,0.05876546033336222,0.08604750252189154,0.09075788837919065,0.07401915693544557,0.07841589545698822
280,0.07594688014830996,0.09085835205792825,0.10636365770543961,0.06975263768878723,0.090189787799295
281,0.08928109516681983,0.1111501154422986,0.11284322135573753,0.08085465295207162,0.10396898246529636
282,0.09890579052365887,0.11413264122696373,0.10364305085873408,0.08657605750408343,0.10555750731859327
283,0.0988791649955659,0.11761024517204406,0.10409510217898828,0.10360834986865249,0.10747139863418749
284,0.09796818733902846,0.12048677485674203,0.10356006589806811,0.10805424970851825,0.10813424242902556
285,0.09550802757528253,0.12257859403087513,0.10303991653639674,0.10892510258114642,0.10803541667049094
286,0.0933354535026648,0.12251787379169146,0.10195913427485538,0.1077603322405981,0.10710960559589232
287,0.09220139305780677,0.12287657836552937,0.10158088875304454,0.10574571849028229,0.1067331458017586
288,0.09252892440315254,0.12100322796597711,0.1043366344687069,0.10369718940586832,0.10713973749080086
289,0.09220526879476765,0.12549471030032494,0.10874387993844521,0.10618133903478709,0.11044800120199068
290,0.09220660793419767,0.12700538364466823,0.10575572788645417,0.10682358386968169,0.11097336822255008
291,0.0921207286776801,0.12410781665284938,0.10274502987919344,0.10467171086851142,0.10919331780037417
292,0.09216378383556245,0.12321153123934743,0.10140775266434407,0.10437752997734485,0.10840843206464348
293,0.09216661408750529,0.12427510142603886,0.09800288309430315,0.10520679892304213,0.10778697752099056
294,0.0913337344243545,0.1259065602077954,0.09634976849427855,0.1064569796284844,0.1073894068342022
295,0.08920227834461182,0.11867188022757023,0.10706962100399385,0.10342961911933661,0.106757697347564
296,0.07918866548688344,0.1103805072220509,0.10792154723822464,0.09653688465507931,0.09965829967246001
297,0.06571972126030808,0.09924562561888829,0.10684031320191519,0.08566148967877082,0.09020120521023473
298,0.050232207547824925,0.08934809193290849,0.10379493182255808,0.07484680713124342,0.07970768017847402
299,0.04766280822795442,0.0960442077785521,0.10767302927115793,0.08005192147863661,0.08032740169357909
300,0.04736553086726124,0.1033553434279102,0.11320018929649729,0.08663627407398708,0.08540904838154634
301,0.053048637476147686,0.10931784079515046,0.11224774349905478,0.09356350850631422,0.09115389134621715
302,0.06541769312968301,0.11442413641236587,0.10800913401089587,0.09726779656829927,0.09803166426356741
303,0.06257381470230658,0.1151552690508321,0.10758044901451555,0.09607468571908012,0.09527166220146749
304,0.08233018120272152,0.11212977822918521,0.10633581182721437,0.08461395486409556,0.10064272368449804
305,0.09015405238717399,0.11330269853542937,0.10648834349980235,0.08368200229084503,0.10326076116653693
306,0.09803031798743807,0.11203632807421418,0.12098527852539893,0.08460081017484328,0.10968221678367199
307,0.09711537861735318,0.11372461790588394,0.11490854192845172,0.08508642749066356,0.10799426473606777
308,0.09392756744834871,0.11292647039158621,0.10542873547713195,0.08628780254520568,0.10365833388142051
309,0.09199322514012967,0.11214495603304189,0.1055305590423496,0.09388131783380688,0.10293992817803671
310,0.09197432424314794,0.10741435520323751,0.10445984129662024,0.09698397311391155,0.10114042174892061
311,0.09180265704650555,0.10448719605341843,0.10381726093375995,0.0934179390074143,0.09940525801478468
312,0.09161431135218367,0.09822985524459305,0.10903506983141326,0.08862071836662727,0.09874350839794216
313,0.09200734193010379,0.10144544394036004,0.11572614584757965,0.09107235726704742,0.10144910264800071
314,0.09210683992349265,0.10810163614014541,0.11385455507912079,0.09591841341485781,0.10372759761743336
315,0.09196977181970742,0.11290549237220707,0.11240393120831733,0.09920832640147619,0.10542547191323254
316,0.09173092841850529,0.11436197844841106,0.10669907779145257,0.10010375331129438,0.1044952231023521
317,0.09172782736072008,0.1086961131905714,0.0999101684449592,0.0962930881884382,0.10039951237881092
318,0.09146686073830905,0.10289985417136631,0.09554182070933553,0.09240568800297755,0.09683687297948869
319,0.07953922212668903,0.10432317418746198,0.09546517304545676,0.09156509106020128,0.09323400238582655
320,0.07471921178347685,0.0948557385792012,0.09615463748848663,0.08368253666304494,0.0885652399671938
321,0.0520931204212508,0.08390631181196373,0.09237552333355183,0.07194486064125415,0.07415462952088059
322,0.055811804725616344,0.07014096462868272,0.08985976655927753,0.06068074533339742,0.07091596705980169
323,0.052782190005046754,0.06882646153000489,0.0942639845374675,0.06094503161222292,0.07034041158417752
324,0.05171859625000643,0.07332304307494518,0.09775510018064736,0.06445558837643094,0.07243069008846542
325,0.058293314029113946,0.07729168117239538,0.09742905215106802,0.0687269887499503,0.07654684949768381
326,0.06412089797981123,0.0828685837912344,0.0947074630801295,0.07321069701122186,0.08032660358484614
327,0.05181769183566107,0.07669683914349472,0.09237302019669216,0.06647665810493099,0.07199067861092223
328,0.07089342712313862,0.08802415875891327,0.09401446725157803,0.07668888848708959,0.0838367849555158
329,0.083587533487456,0.09168317940256343,0.0944438894756664,0.08193506122922499,0.08972524224783227
330,0.09271342905057038,0.09558800239619142,0.0964095310986087,0.08562908446263581,0.0946691300279097
331,0.09259712849871854,0.0966493592035032,0.09770782275934209,0.08545326749134353,0.09540517904120821
332,0.0925249007246961,0.09878759776353323,0.09556276945871228,0.08717141327458473,0.09540914309447232
333,0.0924277849494327,0.09526663291220432,0.08989952711211098,0.08442783204728464,0.0921126460482509
334,0.09241344227320698,0.09468228042626309,0.09046944905214122,0.08373585056656141,0.09209753656523119
335,0.09264449766184354,0.09930684323296547,0.09276932016856206,0.08650306254487855,0.09454277757874109
336,0.09281183279248341,0.11000986532802355,0.09899437863780276,0.0931924444020748,0.10042394648182724
337,0.09299333897219664,0.11862655725631271,0.10398818547959185,0.09871732761585558,0.10570828716401405
338,0.09303080418111233,0.1255855869218306,0.10670630487932571,0.10321783500296972,0.1098869671728023
339,0.09268244534146011,0.12749073280045026,0.10573757430033504,0.10409900858512942,0.11035872555662228
340,0.09275513121016848,0.12408201524856714,0.10480313285739201,0.10210069660970018,0.10885355115590996
341,0.09303817777955582,0.11948874485855161,0.1055128602128254,0.09957219281531109,0.10745783099143527
342,0.09045897423586884,0.1217330618140918,0.11101264966500149,0.10130407630326523,0.10882879510712604
343,0.07925027361461538,0.11786117334452277,0.11414615472484793,0.09817152910700343,0.1037314412867165
344,0.06994146612198934,0.10688291467766169,0.11336055805751227,0.09061109470842063,0.09558664311929989
345,0.05905901974551735,0.09622747111181398,0.11119940712444158,0.07927053986476112,0.08721707435154755
346,0.048056774212024526,0.09593072004232338,0.11092396590960363,0.07852736704636912,0.08240350377427058
347,0.04458020295066289,0.09702922651911126,0.11257600717766558,0.07925968701186348,0.08124586900123289
348,0.046380309317962054,0.09756388799104565,0.11273189926030043,0.08137649502547166,0.08390825981371944
349,0.05347398861648096,0.10362948559868967,0.11146784040570869,0.08665147743215694,0.09005146713524623
350,0.05496669614996304,0.10886656833158034,0.10744366294727303,0.08933647054823216,0.09048710022573266
351,0.07289711379561836,0.10376247006734476,0.10151916255139072,0.08794378663817962,0.0948544428405201
352,0.07526043861481328,0.11702070487887045,0.10153632156385727,0.0966200760832714,0.09945743324035314
353,0.0877671267613543,0.10787299261648428,0.10306044551494392,0.090090615588848,0.1000857671210628
354,0.09179830906305508,0.10268287598154262,0.10259374125908485,0.08680185462677995,0.09912156053211903
355,0.09172106393234292,0.09762924513632955,0.10168275160905008,0.08259754497341824,0.09693244809082942
356,0.09241977277576843,0.09657292235733701,0.09057145730695017,0.0821489517317187,0.09287329502874984
357,0.09276570937256347,0.09149910435882817,0.08302215608398802,0.08343742438248981,0.08862708680343406
358,0.09251509971621878,0.09120393544629272,0.08223150029400778,0.08455266399557243,0.08796223339600842
359,0.09232217928625819,0.09074288359936106,0.08288983997962082,0.0839003541662259,0.08807993232694836
360,0.09262803169053432,0.08727362053571766,0.08193213088485075,0.08054892980464466,0.08689810645119107
361,0.09188881214717887,0.08541146234577866,0.08307652841838768,0.07861206572717373,0.08643249223084808
362,0.09171836694682664,0.09000190990440851,0.08401282620838052,0.08193792634343186,0.08828211619702252
363,0.0911850157145211,0.09240117173559524,0.08558917140662413,0.08341853331202204,0.08954301486061897
364,0.09152536464598228,0.0927913569277185,0.08810317400260337,0.08406624123436292,0.09063547011585806
365,0.09212974323724164,0.09160918311234019,0.08591897214956548,0.08345673612607425,0.08968572318543426
366,0.08871125737847228,0.08532716210153632,0.08376184125316317,0.07820134176619607,0.0856369574999766
367,0.07395190455964415,0.08092761445830834,0.08348876663113486,0.06949570457884334,0.07933284259326835
368,0.06266587896056806,0.07726897593969446,0.08100661692898274,0.06128578937602969,0.0732842753390309
369,0.052941382559770905,0.07521726528388474,0.08048230626988892,0.05729926601718463,0.06841218817343515
370,0.05975142813508696,0.07245320850056577,0.0785632318588764,0.052985468904168734,0.06998652408217088
371,0.04620953344437987,0.05696209053414663,0.07543649093534317,0.04124219968292198,0.058757851747527255
372,0.04317376610637557,0.051237149004453475,0.07434270337125237,0.04090063059973668,0.05504263915674722
373,0.04126889248207654,0.050450452999334844,0.07540480392626983,0.044219820195533825,0.05456323202422662
374,0.04512211309483742,0.0545940310447971,0.0780737786530169,0.04486610463911595,0.05803319778432189
375,0.05415466328075296,0.06495714784663338,0.0775444076857552,0.05103148532567627,0.0646503095379476
376,0.06517292308023141,0.07707887450290155,0.07902924856542343,0.0609743653308835,0.07340720088414424
377,0.08469135259832755,0.08380667655872169,0.08232109282342871,0.06791470812742488,0.08311809117547284
378,0.0914109788119928,0.08613895211105892,0.08803109119769953,0.06764951369913189,0.08789988012623777
379,0.09151842754323297,0.08664238371292889,0.08793926508925262,0.06777502178459202,0.08807010095336604
380,0.0917894009730928,0.09254916337519493,0.08888467851321503,0.07170569749571865,0.09035507718309407
381,0.09093819117639643,0.09323915193443494,0.08832815864373192,0.07532042666664036,0.0901908363286271
382,0.08849514809091354,0.09433239451322162,0.08835493501996551,0.07496329477914766,0.08982555461515448
383,0.08657510607374011,0.09370188573101297,0.08721393948162444,0.07193366441366948,0.08860224846116506
384,0.08515810732635849,0.09654835129948702,0.08404546752739063,0.0745241687854697,0.08800586371632159
385,0.08583985076340042,0.09978285542644035,0.08617850246213389,0.07956809110516426,0.0901533530868179
386,0.08636212987558606,0.09998024865099935,0.08543655916513239,0.07976018409054826,0.090281155258964
387,0.0869273528595783,0.09926299786085609,0.08231782181854956,0.07935496190413209,0.08927138888893024
388,0.0869287189218117,0.09935529052055378,0.0804259906570773,0.08574796103672548,0.08864598171960522
389,0.08701656103768256,0.0995484827130607,0.07679905824836672,0.08681366120650871,0.08709477895282225
390,0.08651312382304406,0.09304387282779343,0.0730672003637864,0.08256111989722699,0.08315598388302428
391,0.08446113191624506,0.08962742839849756,0.0730060231239681,0.08032653649182625,0.08146728014835822
392,0.07376538447432977,0.08549504920026159,0.07268830119216287,0.07452634965012517,0.07721215369384497
393,0.07371945515249355,0.07881138457415504,0.07142296706430684,0.06867573707265424,0.07438697243777824
394,0.06503222322726444,0.08317747674627514,0.07268057321987195,0.06845308954465784,0.07362840232261583
395,0.058645992286376805,0.08663490281109466,0.0753740197593469,0.06967118394093436,0.0743444621383858
396,0.0686423309609323,0.09467463616419215,0.07901464125389827,0.0762770041440407,0.08243711829576747
397,0.08002306964705573,0.10150562069988257,0.07753213269020792,0.0818396142063209,0.08688694159284782
398,0.08667699308440928,0.10824390411310919,0.07846323258532231,0.08744259387615332,0.0906371218560419
399,0.08787961168765202,0.11188010480107442,0.0792558176375687,0.0891499320268118,0.09175886736334116
400,0.08913164770005955,0.11398582589296263,0.07809647373767302,0.09278677410467141,0.09189396100116629
401,0.08647260718747449,0.11430357320484595,0.07716712359563391,0.0922142881319931,0.09048442789850845
402,0.08606776816197627,0.10561062642166376,0.07861504520461798,0.08493488429733762,0.08861892089625258
403,0.08652620832125343,0.10653710784451,0.07942393858691621,0.08522834958199405,0.08925089162290273
404,0.08885634103412136,0.11420073422683863,0.08163363619638682,0.09048670446211772,0.0926051454024585
405,0.08868064214462008,0.11762509022535067,0.08332828151810305,0.09268105782010785,0.09411135885211645
406,0.08821878341694814,0.11709180391769493,0.08478857258059945,0.09157731016639574,0.09424054549076184
407,0.08763415809608248,0.11701171937126482,0.08324599259784213,0.08766359487717783,0.09324088652035946
408,0.08833260358788038,0.11729811662409649,0.08409428868822708,0.08609634988713545,0.0943983774711515
409,0.0883925049661946,0.11725456515909166,0.08642194603360376,0.0873669476208295,0.09658592430349217
410,0.08834344153079524,0.11032057835199736,0.08480524922462891,0.08493907065636448,0.0945470809155929
411,0.08774441356059644,0.1086444651029911,0.08351418330291627,0.08368469703285852,0.0933769269733551
412,0.08793744082959518,0.10753507446801407,0.08305082189193869,0.08266001114697587,0.09270970338328502
413,0.0879983470502215,0.11568766544715073,0.08118609705638241,0.08851735142930914,0.09415245544204866
414,0.08752800833130753,0.11597040569247856,0.07779571510253638,0.08880203703995147,0.09241881981858022
415,0.08874091069034615,0.1179372427109421,0.07845067400806129,0.08334158293780497,0.09336398543582287
416,0.08881945817822424,0.11174880752577014,0.07932344180327214,0.07852093625724878,0.09149612155140101
417,0.08710944356266388,0.11483567800928672,0.08665359439384701,0.08132294105932157,0.09455838499700145
418,0.08494331987802806,0.11429816118589603,0.08525402620237651,0.08634663011085343,0.09407782779493899
419,0.08720269440087282,0.10223749854339721,0.07854369863427886,0.07858739956114504,0.08912626797648715
420,0.080090538541223,0.09893343179063878,0.07647896133051366,0.08589269715259071,0.08602367332936299
421,0.06630023337091147,0.09422651812923871,0.07296709363562795,0.08289056718023778,0.07942081641404261
422,0.07182662659019026,0.0988778833721144,0.07220052594072313,0.08811318007116194,0.0815628033236696
423,0.07870787312138049,0.10240786197390264,0.0728837083059903,0.09116594948546884,0.08405972010638288
424,0.08397581044053232,0.10106154904925176,0.0722143757721483,0.08911321073797751,0.08450785224104332
425,0.08689384801289703,0.09793822405083663,0.07133373119139147,0.08113412224403191,0.08361060636893064
426,0.08815182681986114,0.10067716321908661,0.07137258545295759,0.08269853419682859,0.08454774026315741
427,0.08810193425236373,0.09920577148541539,0.07170972008715605,0.0816043991810371,0.08427822840955591
428,0.08803149001023654,0.10059731295230552,0.07237925658259899,0.08477295222650758,0.08489562235398283
429,0.0886079824718165,0.10188873560215958,0.0747385157287988,0.08613774525402283,0.08640386819296042
430,0.08895707194621379,0.10191124271998447,0.07706892087295779,0.08575694970578294,0.0873246705988141
431,0.08771500291591247,0.10527663333127658,0.0768952797016584,0.08536569392477593,0.08779937073778256
432,0.0875252075579465,0.11056048381237976,0.0799493556890786,0.08564757158462444,0.09046632780890868
433,0.0869969399961077,0.11806439650571203,0.08679965215116575,0.0893300442595643,0.09510008917904518
434,0.08725281181482626,0.1194062344285552,0.08360666003513792,0.0902048323866502,0.09510498822055558
435,0.08716870959018512,0.11349084233893222,0.08143560988001132,0.0861111600383535,0.09335210936776565
436,0.08773380644217459,0.10939054792916493,0.07886279671682896,0.08230801807203536,0.09150564161352384
437,0.08886958984614159,0.10631804885332538,0.07375711444342771,0.08155269746505497,0.088806573330935
438,0.0872506005405902,0.09939741411217386,0.06885460302691622,0.07832691305753137,0.08381228754446987
439,0.08246304209160919,0.09250910216322253,0.06859972376290431,0.07389066208978555,0.07985233597716641
440,0.07523018181548072,0.07837852443258668,0.06791216051614007,0.06302545930011579,0.07316737659538346
441,0.0731140889940742,0.06880971996519794,0.068310839208997,0.056446790129525755,0.06955355217401271
442,0.05623818595976138,0.06511125582944158,0.06800055276401099,0.05552033870055072,0.06349114845025901
443,0.048967171440626275,0.05721954216783982,0.06639496877330674,0.04991838243082742,0.057721636027434506
444,0.05392752164034845,0.055309385096030415,0.06555512126648017,0.049281898303114115,0.05825485278315714
445,0.055794885663447466,0.05495800044186415,0.06406604028842419,0.048527265119145666,0.058172769944468135
446,0.06090370660411156,0.055019076381219445,0.06269654674391746,0.047917122362883535,0.059046906121500736
447,0.06432200523788713,0.05839994500362677,0.06640545698787428,0.05088456771268161,0.06271697951297099
448,0.06510179635480515,0.06479001016925565,0.06888467330609173,0.056149892190458794,0.06619244456799439
449,0.08180124396747682,0.07239875934770129,0.07192050742564429,0.06339812544336634,0.07470584545012952
450,0.08861755207361734,0.07320922609510522,0.07206638332388626,0.062498510972247893,0.0769689539875874
451,0.08814550826319503,0.07648955792537729,0.07562863939257058,0.06196225476993861,0.07918682442892795
452,0.08881867395889402,0.08305444574540961,0.0775129447931456,0.06701613971928022,0.08227821972621117
453,0.08886413305215794,0.08481741440017271,0.07750501159742167,0.06841554580674566,0.08282810119655747
454,0.08873724266101979,0.08920864298400578,0.07904526982247835,0.0704752867791101,0.08459621439413668
455,0.08884677478144222,0.09611979165403521,0.07928328465227105,0.07888810099080847,0.08700009521519866
456,0.08891685987047304,0.10188030719506178,0.08238419718407054,0.08300597208028096,0.0901550311472551
457,0.08894639474150214,0.10281709053269286,0.08765781763891148,0.08321034624108291,0.09274678303124295
458,0.08984182060050644,0.09774804703763323,0.0943460827671885,0.08480105352996503,0.09377622147302125
459,0.09023368245985453,0.0910924344099435,0.10345755958938462,0.08062622620060532,0.09417890059194951
460,0.08998087834159167,0.09029047531860265,0.10569369513195202,0.08015876985746156,0.09440438650407149
461,0.08986484785018603,0.09083534500895817,0.10144503100682982,0.08041772794356512,0.09346564414281734
462,0.08745930110715577,0.08481788022125031,0.09595311330267767,0.07642210350652709,0.08897370569628635
463,0.07004643329950738,0.07537269514112094,0.09453643183109431,0.06703827682406578,0.07927488377574715
464,0.06111271971734635,0.064071181917582,0.08880084162373689,0.05712514002371684,0.07088275697525355
465,0.05686183250995732,0.05697204382965041,0.08454519988834229,0.050712325308217836,0.06579398038546289
466,0.04473768493726565,0.05511884820728093,0.07916530652664822,0.04795338254132196,0.059338655874697874
467,0.048700938698620425,0.05278976289953217,0.0767547221035803,0.04657144625291334,0.059180904819617575
468,0.04270653882487861,0.05075552770421022,0.07858323203526077,0.044654226304764975,0.0564767593526768
469,0.04589110950918861,0.052553734829638744,0.07468216257020587,0.04658288588692223,0.05704731894581467
470,0.05641904820157271,0.056928584975792736,0.07354858488505063,0.04995349840317867,0.06194273076829119
471,0.05510767840105282,0.05962090662084384,0.07535974216423365,0.05186346621099321,0.06296436140305803
472,0.06595470528375168,0.0675845311588502,0.07900872205869916,0.06020754491426937,0.07080704458890989
473,0.08184254180605588,0.07341674250415975,0.08510047220535354,0.06634466940009585,0.07989597917434163
474,0.09341849240327071,0.07372232227932439,0.08915104993533847,0.06191436771865381,0.08462522881202934
475,0.09343136890503201,0.079442160733274,0.0916488265023447,0.0660188879859258,0.0875907752222245
476,0.09402352937580342,0.08611358800704697,0.0932677046889199,0.07058984636367106,0.09062229987187949
477,0.09364432422243613,0.08972063220037367,0.09390754984267025,0.07287483150997295,0.09194980431270933
478,0.09300878210985386,0.09206169898715356,0.0940097244541773,0.07304601681605419,0.09251496141967402
479,0.09316683606804016,0.0969800196539945,0.09509163065727522,0.0747504842530648,0.09451482121291682
480,0.09354175172143173,0.09962330317392991,0.10272640400550101,0.07960899083733892,0.09813666723944785
481,0.09253591052231697,0.10478089486545082,0.10854134751885712,0.09286801307997299,0.10159616153886016
482,0.09062655692900677,0.11593269761512888,0.10920102896333672,0.10017139158016863,0.10518665616550264
483,0.0896689428879258,0.11505148627398509,0.10968383018879727,0.09931822844376643,0.10490944788705203
484,0.08945507153538312,0.11268925248083571,0.10868387517898179,0.09780305986263381,0.1038730767758169
485,0.08918140137377424,0.11221769062760181,0.10462599474891629,0.09810441471496119,0.10255353530611722
486,0.08473228389389821,0.10474632518987703,0.09933463515653786,0.09243789732507815,0.09696587221435632
487,0.06387212424374328,0.0908348583277908,0.09684912737910498,0.07834750784893223,0.08467631717811933
488,0.04971555163015106,0.07410685724009353,0.09113383393889156,0.06376462158973,0.07177933526221368
489,0.0405879235334407,0.06303543589117884,0.08575933236357768,0.05179422953534669,0.06293596445774668
490,0.034937105571425396,0.055616703041951175,0.08237485199508075,0.04352337680034291,0.05726623935903872
491,0.033384550684357944,0.05623526593159959,0.08353286778241578,0.04288024645237056,0.05704387358688683
492,0.03184134960380701,0.0570516343441182,0.08603842830069305,0.04110043280799401,0.057127209049655577
493,0.03431087742256427,0.059556337156102014,0.08535863674699477,0.045068879499039344,0.058708015358106276
494,0.03675546486034851,0.06478922524159107,0.08562760863235565,0.051469882935063216,0.061479801594393715
495,0.043321222934142735,0.07416609934010787,0.08778619211124526,0.058079140156577336,0.06809300661401768
496,0.05660975161357128,0.08609022323001243,0.0859463085037255,0.06369650627180627,0.07687839579799806
497,0.0775527659969042,0.0973003707512047,0.08971298389279386,0.0792227275642693,0.08867973254205302
498,0.08951318138728366,0.09961141125629719,0.09356373800856985,0.07829960378192491,0.09412251157116752
499,0.08947421045900841,0.10043333447326852,0.09380849655003842,0.07218980030984022,0.09424112013390218
500,0.09049447573275353,0.10174020129793832,0.09822982304305033,0.07317637812738051,0.09643232042957291
501,0.09080858558606104,0.10325450261671174,0.09867293391275336,0.07453894573239483,0.09721046596930652
502,0.09055346829561983,0.10275651477873932,0.09933196256767085,0.07335604239074482,0.09717651168348496
503,0.09054621391971807,0.10220051125086588,0.10121217646958405,0.07215650973684383,0.09776561873772457
504,0.09127581652583171,0.10247885526148014,0.10526358178580789,0.0851067931656194,0.09955105580555196
505,0.09205985042846723,0.10792749790294329,0.11044918997997621,0.08907565807264092,0.10321504304651653
506,0.09293994964822479,0.11548117730519458,0.11254998300624526,0.09357637455016891,0.10649986465051471
507,0.09332434469320054,0.12060126273804633,0.11261748376518672,0.09678514609849703,0.10849339987980984
508,0.09333371066116486,0.11800892817604987,0.1128595971281251,0.09513587724961536,0.10756715754907444
509,0.09361280234632634,0.12083677806494947,0.1123780160280571,0.09775203366306807,0.10862136981493645
510,0.08951732529594798,0.1132432709668717,0.1124999157360578,0.09235062304393866,0.10472941313610734
511,0.07057354006592108,0.09396198573537104,0.11196492525071258,0.07286090803409112,0.09082016363800852
512,0.054587266648675116,0.07868183921148726,0.1092855287370934,0.05758726909422908,0.07775629701553619
513,0.04686616167421142,0.06860683127733612,0.10514893833284966,0.04812813188632576,0.0695901017108822
514,0.040560989148338764,0.06306164571431937,0.10348205446541106,0.04471208271620852,0.06438832578853104
515,0.038328538259610814,0.060607665123663924,0.10138768933580494,0.04345649359925353,0.06222348212093375
516,0.03635413803103556,0.059456088365391964,0.09256751303745121,0.040551940275794535,0.05906546657009886
517,0.036963793610707375,0.06098652470609932,0.09238785681777774,0.044279301739226756,0.06010163489460619
518,0.04027536770579497,0.06416057638468613,0.09715576087080438,0.051752739715667795,0.06435838286459737
519,0.048177514516845966,0.07044291907570419,0.10120856168658893,0.06080461395379856,0.07118130600248844
520,0.06071415914308741,0.08338638030436546,0.1065988017192316,0.07276439314306751,0.08257372653116019
521,0.08133687648699642,0.09384213012674335,0.11034534059772054,0.08326454690457645,0.09432325462897644
522,0.09359599073399484,0.0957248780026826,0.10933524865138396,0.07931434948071656,0.09883832987615788
523,0.09410389004409735,0.10026965912446224,0.11028187832059759,0.07749074444298275,0.10082533932741954
524,0.09464556982473957,0.10319277945073771,0.11034057584573283,0.08032396903137999,0.1021244819149818
525,0.09463089999920409,0.10330523088125997,0.10968408843303921,0.08089082406155042,0.10198506339398629
526,0.0942618461107227,0.10610607821239315,0.11086953329901429,0.0816692828007076,0.10327313128028755
527,0.09439278474707243,0.10654434910882955,0.11124359768699288,0.079599505762812,0.10330708588018318
528,0.09432661454237534,0.10919369298536848,0.11161087405006972,0.08256020048093425,0.10449634999225593
529,0.09421977691000517,0.11555894445112537,0.11202747472333575,0.08458232450916736,0.10642019878820576
530,0.09408072230377997,0.12118296971264811,0.11177924623663449,0.08661790942607676,0.10801969853963492
531,0.09418512591554426,0.12440088762832605,0.11202869792451955,0.08836235462051804,0.1094208247479482
532,0.09403549714164569,0.12641658500080566,0.11291096478367069,0.08940363482267934,0.11025680422487831
533,0.0940212102649962,0.1257834034269726,0.11295154796401459,0.09004407926707399,0.11016089099476371
534,0.09010619764976142,0.11535885986729805,0.11227287882087143,0.08920960927598165,0.10574036985274268
535,0.07048873811316023,0.09540961816915339,0.11000695735263769,0.07682500131365923,0.09119835423516005
536,0.05507590894327478,0.07861805273249316,0.10725715607325662,0.0635828789329538,0.07817272332500111
537,0.042262767148592464,0.06813849298699852,0.10489953513237728,0.052495334133639326,0.06861364013521606
538,0.03679872569450897,0.058343162823946616,0.10032379965559857,0.04523929241404867,0.06197030428085735
539,0.03457963023817798,0.05584578996605149,0.09852054309591839,0.04216314712926643,0.05969760852037641
540,0.03417974277344707,0.05501262733439538,0.09946482029257214,0.04129909641367541,0.05956241531881829
541,0.03559095771184446,0.05688995386876493,0.10052021356331464,0.04359012572105105,0.06143812551621565
542,0.03970743319830099,0.06398173530955699,0.1018089649829221,0.05093354219963171,0.06694254070788462
543,0.046977210484252754,0.07331597261704748,0.1043804674515174,0.06297746975050393,0.07551346603134002
544,0.061748773559799616,0.08950865830667203,0.10899299289985029,0.07979971690604677,0.0883167875306442
545,0.08294767203359096,0.10331467342320656,0.11131464704763809,0.09425007000740207,0.10082537624403558
546,0.09424596600267542,0.10099056940491835,0.10964518553538256,0.09190099314790973,0.10223488539937961
547,0.09444833494894314,0.10014715919815226,0.10945393957410668,0.08727021144444691,0.1018704120378778
548,0.09465146466543979,0.09972015330979725,0.1091290972046124,0.08673185836770582,0.10159195658581784
549,0.09404677120444156,0.10051988446508302,0.11006267406186347,0.08999568340048093,0.10194803974073145
550,0.09384719197134911,0.10297381286479325,0.11110398837907347,0.09137559705742399,0.10311929764663103
551,0.09377185226404283,0.10445502975458619,0.11228681076565733,0.09175371933437097,0.10364221735367306
552,0.09374792356130539,0.1042388312926627,0.11287596840375089,0.09134173433328119,0.10358462785508248
553,0.09387925691852067,0.10873035487079621,0.11297978946668641,0.09381091126636197,0.10541899906389172
554,0.09383217052494376,0.11281574087619928,0.11060442797529382,0.09599390334938634,0.10630157027405997
555,0.09350210924401633,0.11315472053283428,0.10863958538313168,0.09558936356248354,0.10599978404799743
556,0.09355032195143488,0.11266418614632366,0.10712604097284086,0.09531279443710444,0.10550448986752718
557,0.09374327050784005,0.11245223774450268,0.1038489291209928,0.09547630794008981,0.10464545184661429
558,0.08905910180526767,0.106791471592744,0.0982481112680274,0.09102662887450182,0.09928043494365965
559,0.07061643388511704,0.0917949415276336,0.09859933849590628,0.07789569807654362,0.08744329979084826
560,0.056709567951890825,0.07619543841735239,0.09499824153318176,0.06347976868816829,0.0760646003173895
561,0.04726802012450337,0.0662873388244101,0.08992419253633002,0.053165950376483334,0.06778358264407025
562,0.04013788432823234,0.0582583444861642,0.08704233948107275,0.04661928235212342,0.06176379537446256
563,0.037811637404210875,0.05644114768743849,0.08735682222598148,0.0455467823734172,0.06030105678228374
564,0.03753649155244904,0.05914147075027332,0.09114346977886176,0.04501778060788309,0.06209247831355831
565,0.04112422509334515,0.06425933483655957,0.09162036659520054,0.042062019573201034,0.06501426834581935
566,0.046413561389831964,0.07288009596964802,0.0922690096759308,0.057307124154899435,0.0705165008311122
567,0.05383459631934564,0.07907394014881507,0.09436571516435338,0.06788000272209166,0.07678582592927714
568,0.06605398690374525,0.08970854187048384,0.09701158424940005,0.079652159427241,0.08569318615354451
569,0.08343214078098449,0.10388840359835698,0.09866651124600978,0.09129031275809613,0.09625101276234317
570,0.0941621822686469,0.10944894676625817,0.09980835029831402,0.09256017924911251,0.10146692698789236
571,0.09386777824723858,0.11276661050762773,0.09987272380802692,0.08985929937432638,0.10243000043451668
572,0.09402281554173954,0.11154555702632411,0.09975662237754462,0.08765316613080278,0.10186186799561249
573,0.0937825963816092,0.11126449426422501,0.09986339937779806,0.08657213363219432,0.10164667384178595
574,0.09380089455635614,0.11191200552315105,0.09917500781930422,0.08992688597444297,0.10170021387623678
575,0.09354419801930615,0.11131875316366147,0.1007380252018594,0.09098839657103117,0.10188903476608585
576,0.093867704179199,0.10872259830952684,0.10705547781299138,0.08818271045249332,0.10275914657892798
577,0.09379579617107849,0.10561197700913054,0.1151926687055283,0.08530714968899131,0.10374406899885275
578,0.09400873378483487,0.10846093791659084,0.11717496524842134,0.08714213445843069,0.10526420224073516
579,0.09399290678360182,0.10938812022296016,0.11706193155269483,0.08819366297163515,0.10563091374093507
580,0.0937055478161671,0.1088338399491646,0.11385357166336929,0.08751754099504508,0.10463509938240773
581,0.09364100301001957,0.1093971798571668,0.10589849414523902,0.08842158795459275,0.10279888511437443
582,0.08912620371536113,0.10233154560822061,0.09847288887754438,0.0832059136468905,0.09668270791001879
583,0.07139235120256401,0.08938842994065885,0.09748564202986279,0.07095250436947667,0.08576896088475262
584,0.05732614526754856,0.0748034164829482,0.09381039228114403,0.0631456806123164,0.07534914812077473
585,0.049323674085552924,0.06505660012704942,0.08854182435292822,0.05488156760440744,0.06820842553606901
586,0.043802877973527894,0.05998778827201643,0.08618046784000465,0.050552315908853646,0.06404836837799321
587,0.04290309689894651,0.05820670084137637,0.08714948844702781,0.04925205990724671,0.06312163548257889
588,0.04109841761260458,0.05934399868661846,0.08916662883419009,0.048300066425649664,0.06361570086418503
589,0.042910450323711685,0.06223706157295668,0.09072396597277348,0.05180162324171842,0.06494401264474658
590,0.04554651220192468,0.06549319958137066,0.08924671950651655,0.05653914433530636,0.06738432177787763
591,0.05150075153629549,0.07239893343015531,0.09194170867938799,0.06439423216912186,0.0726695273741311
592,0.06314188694229837,0.08527483967392019,0.09444009536351373,0.07620638213482542,0.08212272659653348
593,0.08350300890986158,0.09933422525336034,0.09765844283968034,0.08582701440661995,0.09397086670369216
594,0.09337228358291286,0.10164794646963138,0.0990346442316484,0.08294556848185246,0.09781061774607956
595,0.09399444368369717,0.10768863328862745,0.10036722337887502,0.08555393745835715,0.100382884380948
596,0.09409053106223617,0.1059029761345288,0.09972756660466552,0.08433776298961508,0.09957238974467292
597,0.09399421719879807,0.1056674688668199,0.09919197840150064,0.08377968153518246,0.09937330258608777
598,0.09361455033926463,0.10749429554270493,0.09940556042918244,0.08739139166550138,0.10012008530837359
599,0.09342173471788151,0.10818134949401077,0.09969482410544112,0.09184326036462259,0.10033742658184287
600,0.09364631627319697,0.10024635907260501,0.10656696813659236,0.08597911353965643,0.09950538555292547
601,0.09350750882687008,0.10553263365845428,0.11464244550518318,0.08884059411230695,0.10341630883676689
602,0.0930792931883986,0.11071730051357793,0.11668279336063372,0.09266178356723662,0.10573355088256624
603,0.0929870673548992,0.1117226092420538,0.11655897413837506,0.09359874013104028,0.10614044818503807
604,0.09301742806168457,0.11279958840128188,0.11321588336783647,0.09454476470454505,0.10562942424691067
605,0.09317378659893731,0.11384025619162094,0.10417813370079126,0.09573060999230117,0.10364999620076418
606,0.08971338798047473,0.1081818193335931,0.09727013551218358,0.09150620654469073,0.0985319939020259
607,0.07566392037792008,0.09306233204601855,0.09799685477598374,0.08081774012442974,0.0887346619387245
608,0.058265264184597904,0.07719590216775041,0.09515773773471325,0.06525417025642667,0.07558493823212178
609,0.05060942763532127,0.06597246575526634,0.08536580551964273,0.05582769545897558,0.06714147789229874
610,0.044544066384292084,0.06302907799467285,0.0832346257470487,0.05211443429631193,0.06365761105050867
611,0.04496958788266841,0.06279493043175818,0.08368321714222324,0.050759386151175916,0.06379933722766974
612,0.04363873686378531,0.06347231253860187,0.08523512922480325,0.052186643522944,0.06415074036339753
613,0.04573499700772971,0.06840958934526437,0.08642959869045512,0.05652469607222023,0.06698734343468118
614,0.04753355917851315,0.07369599939255193,0.08653835587483022,0.06230595802927073,0.07043245587314613
615,0.057316278077615045,0.08514977751397017,0.09164410312606423,0.075454989735805,0.08001802796378579
616,0.07003964269218758,0.09561515243366248,0.0932790316417844,0.0860043250492189,0.08781130119485821
617,0.08407217558226608,0.10757904008218996,0.0972988548008872,0.09177594436035273,0.09648169768370489
618,0.09436354943272587,0.10700197753501445,0.09356285345323238,0.08826316976156709,0.09770432429426333
619,0.09385326028683809,0.10772149669414692,0.09533507897486614,0.08851858871534707,0.0984254192736887
620,0.09379998828446025,0.10701440349986677,0.09893428556087176,0.08791904486865827,0.09947506439128526
621,0.09367272052445767,0.1059399820027306,0.09858050591090234,0.08658583979939384,0.0988988305753512
622,0.09375744085598922,0.10516998458416268,0.098853940388545,0.08539550433159877,0.09883392709710542
623,0.09370317705681869,0.1076767740068329,0.09912841127426668,0.08886237678447274,0.09958939398678371
624,0.09440373514055428,0.110236311066503,0.10428143255575326,0.09262913759879383,0.10240403433178467
625,0.09461400242985374,0.11406177987254958,0.11013004179071088,0.09507231974013643,0.10581861394729887
626,0.0946922442055034,0.11798164674359252,0.11218771774800981,0.09839661429524117,0.10813423630994502
627,0.09478675225439083,0.1179201971233979,0.11160511025436774,0.09930634230156235,0.10808339579326652
628,0.09455746878851248,0.11842218115848284,0.10888257017060517,0.09971767131760104,0.10742436460878423
629,0.0943840193977744,0.11804549638431093,0.1032796739394857,0.09960729636388818,0.10540688639352959
630,0.08895643396790787,0.11407285731625748,0.09794054093587255,0.0956566534533285,0.10045230429182972
631,0.07096297949992711,0.1007196592295647,0.09609219237264889,0.0796817103747973,0.0889154173117113
632,0.05692787646545751,0.08554839144295617,0.09345693053653407,0.06559903623830644,0.07781746333800559
633,0.050048408865736214,0.0712353055072113,0.08738986168344036,0.05481954696809747,0.0689804798743532
634,0.0447244892189167,0.06174912438422761,0.0835958336394955,0.05094598312745364,0.06315657318108057
635,0.04282851818043975,0.05928529755743275,0.08438848554013496,0.048678123575977165,0.061906064291548636
636,0.04168443565250605,0.06027473358259536,0.08961739585541405,0.05039626765414572,0.06396863477669178
637,0.04308871016795506,0.06356630704133946,0.10462540327558337,0.05321941286878588,0.07033268853287418
638,0.04594514171035892,0.06696276648431485,0.10324891929083799,0.05824180185824422,0.0724848271405403
639,0.05228860278095245,0.07298336398545645,0.08979695381127535,0.06491187020568377,0.07280721364308497
640,0.06588134885557045,0.08045098725113346,0.08968632988783759,0.07037933962851192,0.07933971971396157
641,0.08578294021110346,0.09047277037348518,0.09266898333532779,0.07977891567779986,0.08975227894467448
642,0.09891108837421013,0.09763322721109523,0.09497788060969893,0.08798782319754801,0.09674187864856072
643,0.09879505375556709,0.10582477055478295,0.09659324117299643,0.09405661702131055,0.09983743683691086
644,0.09839417025597604,0.11127929470926783,0.09413497291388154,0.09825896816110538,0.1002057156421448
645,0.09519318715056392,0.11526882759338015,0.09307060490259511,0.09888488608354973,0.09984970673002992
646,0.09350399511362306,0.11352612715038435,0.09185796254300313,0.09604117162174551,0.09826660464999144
647,0.09345449591832486,0.1116354670705041,0.09172612499301219,0.0936001313194278,0.09762164471320413
648,0.09386091192901344,0.11037063544608475,0.09442309577448194,0.09179464805860812,0.09834301558803984
649,0.09363322814736341,0.10715561463569549,0.10090852446905871,0.0895052140944893,0.09977512176423384
650,0.09415667619577522,0.1097442897735542,0.10209378289881431,0.09216596407977211,0.10155354145314047
651,0.09405150906620113,0.11261827536982588,0.09911378504944286,0.08707473446802425,0.10190528785983592
652,0.09419346211716133,0.11444075218337049,0.09533713889798041,0.08811631462342014,0.10169532462760443
653,0.09447070393680827,0.11637807016656132,0.08992947515736933,0.08991712452909585,0.10049973487149222
654,0.08973785467894617,0.11020617805753766,0.08907345186638674,0.08473253575255331,0.09618326990995683
655,0.07083602951701062,0.09138443532923744,0.08962344564754973,0.0726939936248583,0.08381776839159175
656,0.05704423012611764,0.07311637145399798,0.08949459081917496,0.06232963215336582,0.07342886160411286
657,0.05000802736725238,0.05947691071342591,0.0867954975055647,0.05303178855814469,0.0660124098916736
658,0.057590175080297464,0.05468277669461903,0.08272556119007377,0.05116497939945404,0.06609860727696296
659,0.05309099737193694,0.0529992277660459,0.08803757248876669,0.049570268184612645,0.06626643686577476
660,0.06117853029181777,0.059201230944596506,0.09290723347792448,0.056395129356301615,0.07256878303694055
661,0.04685373701737642,0.06078622937101606,0.09532485956295465,0.056293520465854334,0.06984063336016476
662,0.047259163798401456,0.0660663778107394,0.09537355721040004,0.060611688593382576,0.07206943080508549
663,0.052621963533152946,0.07316223589490788,0.09437148370690493,0.06739152126661577,0.07584825165684485
664,0.06454691905897854,0.07792802217867599,0.08488320872228808,0.07151036625125876,0.07686094474410207
665,0.08317872786993674,0.08505414856753568,0.08588664695572643,0.07897034665380269,0.08476794792403791
666,0.09234861660385336,0.08341951222275328,0.08483588185305768,0.07873270217292756,0.08630896108618488
667,0.09265115737397002,0.08086743028923182,0.08542195799236336,0.07659890504517189,0.08584739118635651
668,0.09290426495560072,0.08288725536695807,0.08490369248717325,0.07850358360863174,0.08634927769176054
669,0.09345688714532227,0.08197015966981233,0.08400130230333219,0.07551878639341465,0.0857879905129346
670,0.09334649817121098,0.0773902762147768,0.08337296871448063,0.07068008143958275,0.08445137836755813
671,0.0932247945975073,0.07684300621304181,0.08477199533798392,0.06917660130271643,0.0849633165587184
672,0.09340176566393897,0.08170216934426021,0.0890585624523563,0.0727588300606015,0.08811120334013593
673,0.09313040048909774,0.08472769513668783,0.095586842413203,0.07413741535015589,0.09133380727064126
674,0.09322184784640418,0.0886957266596979,0.09884339416648406,0.07917077762856897,0.09367786185516416
675,0.09339198382658727,0.09163094394571566,0.09726412010936654,0.08203172266687311,0.094005893998914
676,0.09314187112141749,0.09131300881773767,0.0972934143568381,0.08185273252027225,0.0938255766884739
677,0.0935661633108982,0.09024635808841738,0.09605852390489635,0.08089730006202181,0.09320369559080674
678,0.09126317925066353,0.08122617130878951,0.09265134605277896,0.0747537481077496,0.08827235384672925
679,0.08541739723798439,0.07791207797792125,0.09102311924023061,0.07166155130375575,0.08464785354895513
680,0.06835163399754356,0.07590866407514447,0.09106986201278364,0.06663116732297858,0.07889656980256089
681,0.049887716221327365,0.07206950410474569,0.09129856238795234,0.061403271970377135,0.07212571171250341
682,0.03928528039510027,0.06542459619303535,0.08834223876418516,0.05633807694313597,0.06545762530547185
683,0.044249813552561065,0.061206758209970374,0.08404012682475741,0.05247496905706064,0.06464043887458616
684,0.05831964738780765,0.06833094216622126,0.08620851936698819,0.06032972504266528,0.0732680998602402
685,0.05834554525582761,0.06710456019973789,0.08387229362916286,0.059589097038307094,0.07165560403426113
686,0.05559676719226125,0.07268908171748652,0.08552316857699328,0.06432262986604963,0.07381396173859901
687,0.051725430051098184,0.07296875208531603,0.08726205865823103,0.06418264590712164,0.07241513852528066
688,0.06933854581751524,0.07300039233276295,0.08561229779596453,0.06602845993942873,0.0770027102744724
689,0.08594583682290943,0.07080111777586973,0.08463932437435467,0.06386962164245194,0.08045449694132734
690,0.09283674463580714,0.06973877061442951,0.0842644627300974,0.06323959806973846,0.08172907971937378
691,0.09293845214279164,0.07076813827375887,0.08530273794033993,0.06409746388174138,0.08257195260297441
692,0.0937911141420728,0.07774946812860081,0.08942983634989822,0.06915294097873684,0.08699481400764113
693,0.09414172583959202,0.07954509734447517,0.08952036006688012,0.07043329827419945,0.0877072061818477
694,0.09357285160799701,0.07984351128570301,0.08998381992902936,0.06939594223048427,0.08793018284297148
695,0.09316366660799974,0.08193250829922907,0.09169529297544808,0.07139120472415662,0.08927589829889014
696,0.09296273764320848,0.08338558758861318,0.09454139649182362,0.07398075962947223,0.09087522905427216
697,0.093008402190902,0.08541185802128884,0.09759413499499581,0.07751386375776238,0.09248714117837911
698,0.09293888563522765,0.08725639055580428,0.1003170545017993,0.07874812640192436,0.09382173321194562
699,0.09290021708463353,0.08776359348221766,0.10073911719681693,0.07880785435498745,0.09399910704119827
700,0.09303633695785189,0.09033086629044278,0.10066326232258846,0.08081827725409643,0.09469821509507378
701,0.09343574467113976,0.09107814500471596,0.09970184308940654,0.08191055319537235,0.09467818825050027
702,0.09109767256577057,0.08322822382659059,0.0984575929242518,0.07643652090551856,0.09070425977422474
703,0.08044184353957834,0.08561118236835208,0.09745865729539238,0.0755889972805012,0.08799095831596414
704,0.07304146512369952,0.08886475564469502,0.09817198157557241,0.07829256552342202,0.0873186064393346
705,0.046905359234627915,0.07994703710902556,0.09867728982793318,0.06832616257643315,0.07490519901099697
706,0.04533565637296328,0.06723916835471228,0.09243386258122074,0.058376863327106274,0.06919112033807907
707,0.042688682808037885,0.05703435114239306,0.08802082183218154,0.05032824594540256,0.06364129211131626
708,0.04927449545762762,0.06329772517272479,0.08783177446512866,0.05642493882659476,0.06848023709729513
709,0.05959004267808971,0.07063319436963336,0.0864453759180428,0.06431679127144417,0.07346862527981797
710,0.06449667113700357,0.07437826844549712,0.08718586853631549,0.06809169679643977,0.07617177932275178
711,0.07429464992197235,0.08181534916921365,0.09302055249108757,0.07297978683696499,0.08387926160481733
712,0.08496682469124218,0.08400054997918233,0.09411211399503046,0.07518268626990551,0.08831656354059626
713,0.08850479706200101,0.08683475387500825,0.09451685748042472,0.07740950325702808,0.09031044741109279
714,0.09358246453821917,0.08718869949627094,0.09484672630127522,0.07900789027028712,0.09185592408523904
715,0.09356762306067319,0.0850612476934005,0.0942512166452092,0.07695674950263766,0.09094754818660379
716,0.09410811868616477,0.08974164570975714,0.09547291747015228,0.08049204894470548,0.09317125106368304
717,0.0938975403669431,0.0880843571381145,0.09526274914667526,0.07946339573799242,0.09256330718792419
718,0.09365128529569851,0.08493889392050565,0.09549007518098684,0.07633959086471055,0.09172979955084232
719,0.09383601103740714,0.09444410597259399,0.09799425673118052,0.08201220930476007,0.09546013019605651
720,0.09348905202299462,0.10355316726509581,0.10013049586133509,0.08636902163627638,0.09863470587366918
721,0.09322953991026182,0.10714117144006452,0.10093080433060778,0.08765341767288319,0.09991736013409791
722,0.0932896319129687,0.11259527275706578,0.102711434383215,0.09194007958165329,0.10229777454942447
723,0.09323405926179916,0.1103562796768576,0.10197248732926201,0.09125125708602955,0.10143999004932086
724,0.09297163694486567,0.10812114112932587,0.10043390923558439,0.08902710386576544,0.10017803453685646
725,0.09301756583245237,0.10629097491854127,0.09619360078938649,0.08714427059965692,0.09791992373659056
726,0.09060246885578033,0.09871440213505465,0.08887510869265014,0.07946638479544708,0.09207232489045403
727,0.0864246827881103,0.0933504638475914,0.087222841415023,0.06445927382290599,0.088343113093815
728,0.06582876536726764,0.08444064381072865,0.08602854940254621,0.05127715643712595,0.07856611857585401
729,0.06541363466005974,0.07987995621250896,0.08483024426574039,0.047305426400773884,0.07689354028869408
730,0.08057667737859785,0.0809382130390984,0.08469728210126463,0.04704431994211637,0.08189363950060148
731,0.0793986433007803,0.0907941076363165,0.08905173218730177,0.04880003019003898,0.08635000438101612
732,0.058018323088039975,0.09407703899488995,0.09307098582948538,0.04715805357251198,0.08234916731986502
733,0.059922381614772875,0.09766929403692798,0.0905690240628074,0.058476526072443455,0.08368208225687594
734,0.050569428168510615,0.09369559081727853,0.0880741086247101,0.057905606451125115,0.07731358698252466
735,0.06397020319674962,0.09942764232804407,0.08832467394584204,0.06172936773635419,0.08423749624174454
736,0.0800589112027277,0.0985351839142257,0.08598149769738267,0.06436026492422477,0.08787470151144168
737,0.0904746261402132,0.08772386778842534,0.08611215720356362,0.05627186640577915,0.08721160861167293
738,0.09352109830129508,0.08065079359191973,0.08420031229699727,0.05709951718649891,0.08502977204802656
739,0.09339453136338252,0.07925419093817151,0.08419780326846751,0.059710688896891136,0.08457440264334515
740,0.09378112395965899,0.08663262812108277,0.08622981650342783,0.06900982304220221,0.08795643675455923
741,0.09422287408082972,0.08554826526160426,0.08620282890899586,0.06843587357458993,0.08760136775802124
742,0.09401346226246882,0.08601751575219527,0.0861281494770035,0.06760266573161335,0.08776732232205404
743,0.09363890068803638,0.08632327975135297,0.08698788948283555,0.061446174909962126,0.08818704078166205
744,0.0940221005517979,0.08723804590106027,0.09362865825966947,0.057436422191322764,0.09127372144054488
745,0.0939043075597878,0.09053192398591672,0.09911532704228233,0.05746749770319767,0.09426298682559905
746,0.0939073355342176,0.0963100860893961,0.10083020057173865,0.05973305114656838,0.09659142626140611
747,0.09402071602204357,0.10218359752666892,0.09846088488658226,0.06458415265654963,0.09772535375263236
748,0.09383392554709563,0.09914398916503382,0.09635550479501337,0.06441581178879019,0.09590539251765573
749,0.09385960711329334,0.09986987075595526,0.09289782947203724,0.06632619665382647,0.09483580846333041
750,0.09053271442924443,0.08965591742723335,0.08812808748924454,0.06021493762276132,0.08869589485964431
751,0.07656340731966683,0.08305224514514957,0.08679404610534257,0.0537774939177082,0.08215961650423877
752,0.06667203016757979,0.08037046057084031,0.08579964878234829,0.04994981440640293,0.07779114865969086
753,0.05336159147249101,0.06999858871264689,0.08343986737565565,0.0432108662758963,0.06962695930671524
754,0.05082048387788522,0.062305017271213715,0.07924205944323039,0.040458789444375524,0.06498891216314728
755,0.04429672434261794,0.06164177001669733,0.08050214489263198,0.04029651673619608,0.06277795266481226
756,0.05525742482116844,0.07069906092689467,0.08362293135966187,0.048165208776446596,0.07098773110803107
757,0.057184552087004556,0.07824374759954615,0.08601587679317091,0.0498784666731037,0.07511285815847492
758,0.06329141551104164,0.07559379114448975,0.08235642622043168,0.04945943730814766,0.07478893454258127
759,0.06576609698948638,0.0752694238750366,0.08394264581667077,0.051823831826238446,0.07567683631416139
760,0.07568357671173787,0.07923966667031804,0.08483305030647142,0.05674773822315023,0.08004030360315152
761,0.08508127807821168,0.09073752262447705,0.0877176250541428,0.06319839935877887,0.0874284936272281
762,0.09276736139562654,0.09243218322794908,0.08848114052443255,0.06849365586206242,0.09048098672290812
763,0.0930347402905426,0.08849958558801067,0.08795723429456305,0.063291194245782,0.08911281584822187
764,0.09316066334515848,0.0944801568061025,0.08924814147521436,0.0690032829959894,0.09141065441252914
765,0.09334055884353312,0.0939735838554583,0.08855525981046573,0.06876905142440992,0.09094475170644607
766,0.09322436912641223,0.09695514546005371,0.0886709291173857,0.06788940459707613,0.09174187490747072
767,0.09296850683621043,0.10138448305240862,0.09144698277443378,0.07049922343422993,0.0939361124500996
768,0.09356504497150667,0.10260630436665316,0.0946626840009237,0.07115409658800295,0.09610708975711095
769,0.0936166583653081,0.10286081723503364,0.09880916030675806,0.06986985306488226,0.0979630833902854
770,0.09340614441287105,0.10422377957462112,0.10292968007376806,0.07163748436573633,0.09990171274632331
771,0.0935790991945124,0.10878340848339078,0.10572474227106832,0.07367954016542237,0.10245503757679328
772,0.09356066799525263,0.11064979896778473,0.10497832672105864,0.07972306648884951,0.10282135019780189
773,0.09366274002923612,0.11570637239781889,0.09853232657605192,0.08384828822845233,0.10176034247916017
774,0.09327620181572485,0.10875728098918286,0.09308076167344838,0.08155114735344694,0.09749002192958804
775,0.0905375502773082,0.09659647380749314,0.09075301862012504,0.07877202842357804,0.09223099393616789
776,0.08652908436067812,0.08474750327872838,0.08836290826801789,0.0766802356568553,0.0864632170949564
777,0.08270466734195603,0.07894192671526522,0.08736765850053971,0.07302041803165292,0.08302334152688975
778,0.07718113488442739,0.07018329056664874,0.08584086300652756,0.06516303649738224,0.0774867922001985
779,0.06900052150545037,0.069157779642354,0.08698447991656082,0.06117234749557725,0.07527867533768574
780,0.05839093985222043,0.06927423711634158,0.08780497144654514,0.06331346857138,0.0729974756784979
781,0.0544415247259216,0.06722519042938628,0.08468830600503163,0.060309444885639524,0.07016857628387857
782,0.06735848115506593,0.07645547180955625,0.08386953142853379,0.07034588231221137,0.07709093306558858
783,0.07422183229926932,0.07840105070111318,0.08352937071967183,0.07172658022444636,0.07914316355317429
784,0.08316807398206706,0.08597020021301281,0.08498579843227534,0.0756983466905802,0.0846532806567347
785,0.08861389193184066,0.09278761234281303,0.0864227866390525,0.08017497926830781,0.08891428898796458
786,0.09250744069419972,0.09059326495565476,0.08366442237528791,0.06852460621545212,0.08795002897934436
787,0.09241011501817946,0.08953256118464642,0.08482947948087154,0.06633095324858745,0.08797096555526517
788,0.09264966149807294,0.09840093685762592,0.08840869435391621,0.07116179168393565,0.0920123588373791
789,0.09326872915071131,0.10195487487124195,0.0907632859241205,0.07655382573270295,0.09394908547304477
790,0.09267467165642716,0.10898944140890349,0.09349619406316237,0.07908410270760444,0.09653743204692433
791,0.0926103862341841,0.11963969868504369,0.09729526797003497,0.08252751236742471,0.10056785578571847
792,0.09342064138206099,0.12698896101303722,0.09660063720019176,0.09049334199849157,0.10327825280910584
793,0.09366087707506124,0.1322643432997143,0.09718964904378319,0.09307041448477556,0.1058925982909168
794,0.09370100016494202,0.13718529642864083,0.09952461799107219,0.09439572741648342,0.10875948763713977
795,0.0937645234122829,0.14162562844400056,0.09923453937207005,0.09643734266382356,0.1105601294600581
796,0.09359900046379846,0.1426864705152293,0.09719078059192961,0.09685391342730067,0.11033397301039696
797,0.09325016150008207,0.14791955058641063,0.09795354030599901,0.09304893878387949,0.11165053677256186
798,0.09066827758149319,0.13662136080576598,0.09535799142514113,0.08504265310656431,0.10663251031612198
799,0.0807173597310448,0.11277142552742153,0.09474988637317189,0.07442530866227172,0.09590361544579934
800,0.06380852223546458,0.09480254437692315,0.09471102898605357,0.07501373924848762,0.08437056871938808
801,0.059799536234854296,0.08333109669019934,0.09170274783522808,0.07048879400930401,0.0777087629213757
802,0.04730667313868841,0.07464962123502558,0.09092220912914711,0.06354635516632758,0.06906321333041326
803,0.045509908796506654,0.06953740252400527,0.0892732376872041,0.05862872619636771,0.06589337562935489
804,0.04382983213187497,0.06829636441780176,0.09070579329257962,0.05830784043726178,0.06533680825247848
805,0.04942446994101879,0.0712669127686277,0.08874805362389974,0.061925442664898606,0.06870543247948996
806,0.05724703326541717,0.0738693017916754,0.08617189803263754,0.06541621175005216,0.07226980739602501
807,0.06615616224488152,0.08022755850130749,0.08780805299734025,0.07033626872188468,0.07813852489627458
808,0.07433301723537449,0.09050456865450641,0.09010679562157639,0.06984518309808103,0.0847125353787782
809,0.08284303427680974,0.0986205118687822,0.09046466891310291,0.07286221771122482,0.09002746646587055
810,0.09316541593286173,0.10285097133606753,0.090712072895724,0.07808730086830143,0.09477597861647127
811,0.09316038021083631,0.11272095753853517,0.09131044147407151,0.08439948476554202,0.09794119223963968
812,0.09381284205007887,0.11560729108157941,0.09146344752659752,0.0878667827526991,0.09929972725812107
813,0.09389860104595266,0.1099162200725379,0.09136563580107789,0.08153379765058102,0.09764944163060953
814,0.09323654273842008,0.11629345595766978,0.09264696803300553,0.08699797956998635,0.09991656214393263
815,0.09267422640061032,0.11595695182056887,0.09684954320960214,0.08359810165449987,0.1010592881156297
816,0.0935112372525008,0.1165730088327784,0.09819286146059723,0.08372978787132582,0.10181413914185002
817,0.09288854058620995,0.12137517825628058,0.10169275349559435,0.08579612734042301,0.1044818558057086
818,0.09292327381394759,0.12743825070357984,0.10204285308019063,0.09637289527227268,0.10690817904264595
819,0.09298870828179863,0.13129540015067517,0.10242467751987652,0.10000817856887205,0.10866677076253481
820,0.09300158482346707,0.12942122437898465,0.1023070167289283,0.09890806421239802,0.10819379572093979
821,0.09336172973705593,0.12903723720275742,0.10302855424763044,0.09943519794199428,0.10831860869197565
822,0.0873890291384958,0.12150455516103131,0.10379238314901111,0.09586503895467241,0.10451932875396537
823,0.0703519653357128,0.10339592274097988,0.10421957470940454,0.08021011687206173,0.09343853390715882
824,0.056691260990568086,0.0907166664383798,0.10165132400706758,0.06675694351773048,0.08274139322166651
825,0.04741827589734753,0.08162063327763118,0.0974934988322427,0.057992958799307964,0.07511952309649592
826,0.04222777862815058,0.07547612481821522,0.0950199313410121,0.055434499145448526,0.07032825066774595
827,0.04044344799481839,0.07222369876368095,0.09360530556312636,0.055631867333267554,0.06821062700745517
828,0.04703190593951357,0.07755250472936502,0.09409273358949896,0.06154432408520591,0.07356188231707525
829,0.047983969000836325,0.0833931332314878,0.09218517214838974,0.06730122883706322,0.07568303404062617
830,0.049039958171642965,0.08806105739652757,0.09985332972124829,0.07446057539524645,0.08014095148833036
831,0.06505210416784377,0.10151069034851744,0.1032338616672105,0.08845128378794231,0.09204054817937414
832,0.07380182272429743,0.12130192274514386,0.10836170891292732,0.10349197036734886,0.1026657813819089
833,0.086610756112609,0.1327575831617966,0.10995815878531207,0.11121102676099377,0.11030142399335363
834,0.0940151818055079,0.1349610403178452,0.1074906234124173,0.10096656408180722,0.11194885191640962
835,0.09422079814900554,0.1358851644787931,0.10605080074680058,0.09928722259777585,0.1118512503311579
836,0.09429209872703966,0.13241433728527757,0.1072097653484678,0.09770795560098967,0.11135407117191354
837,0.09425272367204277,0.12991377675184246,0.1094426114680638,0.0962321237124681,0.11135392891697442
838,0.09404083807412353,0.12828778280709555,0.10868078153811506,0.09554121276886171,0.11053903107156005
839,0.0937531067390502,0.12856699511706468,0.10884240904727327,0.09589070265917375,0.11071274070874544
840,0.09360875769870826,0.12512121537548462,0.10770341803096008,0.09262097693719006,0.10938371913316101
841,0.09340784246165892,0.1220032580024205,0.10653354390325893,0.09676920556698294,0.10776146077810352
842,0.09315546873842524,0.1229964124884271,0.10986281688834029,0.10303671784951643,0.10922557584572352
843,0.09304164018768676,0.12359255872035406,0.11190579431979156,0.10339969608254854,0.10999783106523384
844,0.0934812729832987,0.12091507978877089,0.10687272928711504,0.1017327507616919,0.1076879750370888
845,0.09371356142034498,0.12192381551817406,0.10502615066980639,0.10280980864469409,0.1073592880883155
846,0.09401314163020041,0.1178311724151763,0.10421717902534752,0.10126733043205241,0.10604721615975721
847,0.09058584932565737,0.11862136256810206,0.10940505188489266,0.10167155680148864,0.1069919333408091
848,0.08366346247656659,0.11480304975564791,0.10813903909187855,0.09836450219553315,0.10366710887624347
849,0.07693061114797049,0.10602268829812563,0.10746866660967169,0.09156605766765329,0.09902775302697304
850,0.055901244791752444,0.09157559370315525,0.1050556883877959,0.08028201670383346,0.08650225006551968
851,0.056707040782503326,0.09482674172944705,0.10238585934812956,0.08190324619673853,0.0858472512509479
852,0.047999157043774346,0.09769167095231766,0.098947249688436,0.08359053361178849,0.08187463257591301
853,0.06689761475556287,0.1068424311164576,0.09907156292934499,0.08396563902477962,0.09273067541228167
854,0.07356938712060386,0.11515330194578476,0.10114861169022012,0.09221570650557034,0.09949580858374003
855,0.06070096166531343,0.11735337789510261,0.10317262307098171,0.09413503797438047,0.09562385367352254
856,0.07147529322118756,0.12530542824251817,0.10976514881562979,0.10057823101509193,0.1038965869245888
857,0.08931577550174118,0.1254941524181973,0.11234305403920057,0.09963274666643025,0.1101515062079813
858,0.09446834478882997,0.12333179724773119,0.11117873520021675,0.09723251302974631,0.110053708618749
859,0.09426410830100232,0.1249935434997028,0.11166129815697746,0.09678706293852922,0.11082223767035976
860,0.09470863642924478,0.13246185349062917,0.11412723536815532,0.10095597504647749,0.11395050020517376
861,0.09440308749955632,0.12822619901569104,0.11264146628326052,0.09531811872990598,0.11197086601379637
862,0.09433486172702324,0.12084158107725734,0.11282348214655662,0.08965678642320894,0.10970739991143497
863,0.09460721002316612,0.11932166299754617,0.11284074672138295,0.08257607109046948,0.10894532162113128
864,0.09447151497238794,0.11938060442080288,0.11246998452193041,0.08030924601924858,0.10870545366830288
865,0.09372527140828298,0.11820764418571562,0.1120318578827285,0.07719348883920678,0.10792483877447598
866,0.09375487973156778,0.11977705829740702,0.1120541830195082,0.07634014894279083,0.10834578521661843
867,0.09342413373128798,0.12277580760856861,0.11481027983883203,0.08324287203409986,0.11044616454534598
868,0.09365894308389697,0.12582544269361207,0.11327784440876339,0.0874783076865521,0.11105158826459038
869,0.09363251915490323,0.12519744340798733,0.1132664410438115,0.07902352784335416,0.11054559457921405
870,0.089241547663996,0.11635571305923452,0.1134247490676955,0.07606131383194163,0.10666847119766623
871,0.08134685862342315,0.10438900006242575,0.11083890766269879,0.06941336981961505,0.09948770636677823
872,0.0762100078894133,0.09930958887955504,0.10904260545997368,0.06580253850166874,0.09544193139732414
873,0.05795859985024729,0.08874816456847733,0.10515724755083991,0.05711830323186461,0.0846726560281744
874,0.04578843747357688,0.07809405670865925,0.09743563737987056,0.05206300424235764,0.07418889172324256
875,0.04330760469693439,0.06572931522071451,0.0920219562924685,0.04602867253469544,0.06732501503577634
876,0.03799533165076371,0.06078636420301505,0.09326156967039488,0.042423215332194536,0.06399531142299324
877,0.039720667560683286,0.06266498718285722,0.09307244591853758,0.04441592824453667,0.06574676693384376
878,0.0434350610130622,0.06575401647143601,0.09373953265082177,0.04987823282387299,0.06793558133547585
879,0.05204044580052189,0.07457050258021777,0.09668361792639707,0.05731479949391074,0.07495424117194224
880,0.06723043582746249,0.08446287422368892,0.10032414515008806,0.06455245627197295,0.08491780558174505
881,0.08575249206515861,0.08798383243536442,0.10227907954650386,0.0681702500288567,0.0923746463740063
882,0.0937335965867635,0.09615783802300736,0.10549821977001954,0.06293313065687103,0.09827757620717166
883,0.09323383947301442,0.10021812711655015,0.1065518719596475,0.061937681576613696,0.09980266991714538
884,0.09334629366143601,0.10653458839639687,0.10774054659479476,0.0654150802472571,0.10223074032835724
885,0.09333978872834281,0.11056828158777712,0.10899191311379056,0.08097353657549958,0.10421768460770651
886,0.09331920975268353,0.11671804098403504,0.11037940291257546,0.09092456571637322,0.1064613869235482
887,0.09319474579302209,0.12281812621947133,0.11176097649932556,0.09607484077812845,0.10873962271478521
888,0.09337625877684455,0.13406575566149198,0.11394034041524731,0.1079285382285867,0.11367007098374418
889,0.09335325234904729,0.1354043456656733,0.11232859361367176,0.11376022480144765,0.11429503087860363
890,0.09335298942114936,0.13496176455578573,0.11001148712606412,0.1140612819966331,0.11390157999293096
891,0.09328976849376439,0.1313138039428185,0.10786031800737793,0.11145948677879258,0.11187088698738847
892,0.09311161850745411,0.13153758864231033,0.10628708227978029,0.11161234233946214,0.11146447609701014
893,0.09344127518159612,0.13134689411555162,0.10558750907740769,0.11191577108426155,0.11114628056723408
894,0.09018248449232291,0.12384125035660937,0.10196954814366294,0.10632522560524771,0.10634703857213619
895,0.0803026391397582,0.11585082592722931,0.10143517234239373,0.09812683906332459,0.10008283251700874
896,0.06272663269420058,0.09424350862843006,0.09817359007598815,0.07934634019450323,0.08562617001553133
897,0.051507186754164845,0.08560000467580012,0.09732811883313072,0.07102949473404857,0.07846935277927443
898,0.04902625026629584,0.07585972769777204,0.09299370342078432,0.06174321204560388,0.073327812807939
899,0.05094368940774139,0.07089302271001993,0.0903678974607549,0.05483073170551939,0.07132969523814885
900,0.059644362206252036,0.07700952442606923,0.09156507158609377,0.05921582747177868,0.07725563884882991
901,0.05836869271679106,0.08216935181641112,0.08991324212819786,0.06539153623022316,0.078337219096719
902,0.06142551107476315,0.09098515340066797,0.09042244858821666,0.07451817321818259,0.08339671298208606
903,0.07565988285362649,0.10493759938583178,0.09218530489139436,0.08483554500645492,0.09309629738158162
904,0.0843803015328509,0.11952741854026976,0.09580945484951936,0.09531142833521147,0.10047641434725628
905,0.09391306078815177,0.12935763517761822,0.09895039964145189,0.0805139256167115,0.10642423330768176
906,0.10138689496100026,0.13012513554464075,0.09741015414559465,0.08190840901383174,0.10799015499873336
907,0.10091645783093639,0.12864908074544704,0.10051789235747094,0.08168812423385338,0.10861497703636232
908,0.09834304507293568,0.12442425684976309,0.09954201424196418,0.08875489994136206,0.10648980027932364
909,0.09699876673410483,0.12615811774712501,0.09971448031761015,0.10095192114842938,0.10696440217227027
910,0.0969498341414937,0.13289271415017223,0.1023742132417344,0.10487097850491858,0.10980340092481465
911,0.09670720191233143,0.1377722467341224,0.1021625494908515,0.1044383212225641,0.11084925004262147
912,0.09708387677595934,0.13877100366060338,0.10370510136535821,0.10453271158590244,0.11247233535768915
913,0.09696074236228698,0.14202205269046686,0.10611831342517261,0.10558291992673326,0.11514869012528324
914,0.0969720967628072,0.1419865181306088,0.10687219619759009,0.10509991642144646,0.1163105680928117
915,0.09679563912778584,0.14325935022834288,0.10633738057507434,0.10488782796006203,0.11674807521841553
916,0.09684448130389577,0.14214645969100922,0.10490374116331584,0.10450508217796683,0.1158363388985131
917,0.0968986660739552,0.1401189658586105,0.10088446120694566,0.10492844548838888,0.11335835502167395
918,0.09465988354318884,0.13509696079263306,0.09794379292904362,0.10294320675739996,0.10959879067136848
919,0.07870759943630784,0.12593047310678865,0.09875818774657691,0.09068943390976171,0.10192188030284127
920,0.06332211179698354,0.1004034733051659,0.0955230204837624,0.08305055629136836,0.08746013516991448
921,0.055831125190257146,0.08801979236278626,0.0933657284982642,0.07509965263141978,0.08037829383941046
922,0.0493148022193037,0.08039049436324508,0.09134278407255123,0.06742492310494107,0.074911911379587
923,0.046972000302065595,0.07663100014046641,0.0905487407109506,0.05822549468501068,0.0722296740339593
924,0.04758437520134079,0.07445949496323352,0.08939461226428844,0.05820816812443152,0.0715128352209811
925,0.0502536217676641,0.07545814106436426,0.0889233657938727,0.06268919440014117,0.07283074566636215
926,0.05357856747311951,0.08090201867012863,0.09103843447440849,0.07010403264320395,0.07619694302458456
927,0.06380501004914471,0.09638071915351261,0.09517604849513017,0.08118454531978905,0.0859295959606657
928,0.07875519741097953,0.10565124428652915,0.09597653963516455,0.08171303226885944,0.09377832537764873
929,0.09532549877997638,0.12283944168790814,0.09751683602513818,0.09601474158904248,0.1046919455234271
930,0.10311690951170556,0.1263709594212938,0.0999323607109239,0.09479429482034232,0.10865727628275053
931,0.10329138775211645,0.1311239183322218,0.10552559730640115,0.09696947787497047,0.11247104462341972
932,0.10256494466914153,0.13282234305935425,0.10376714643275713,0.10240417667931087,0.11211766000740503
933,0.10000321384455045,0.1346888592179803,0.10401303989069095,0.10412720757105765,0.11205729383255897
934,0.09836550848581384,0.14488267692929557,0.10479932979183672,0.10899308500466647,0.11510093728407454
935,0.09455784316223699,0.1517155250223538,0.1044065574240566,0.11051841422328308,0.11554590835556021
936,0.09398550361008759,0.14900203615879332,0.10548371984132375,0.11175674131506567,0.11578533503788568
937,0.09433279502219095,0.15020466937667554,0.10571194066985147,0.1135295933326651,0.11739797813195833
938,0.0939314312432201,0.15485443636140714,0.10802724718813035,0.11578404887996446,0.12060126015490462
939,0.09410203363766478,0.15223836303932464,0.10549549971846024,0.11550681859653429,0.12012201794525953
940,0.0941271904169962,0.15206018296329987,0.10449421697034275,0.11449572368527346,0.11981806499478745
941,0.09421850711533876,0.14841794999790636,0.10014906942534628,0.11299524995604453,0.11659534304663677
942,0.08824880067718263,0.14022467958448612,0.09759364607480703,0.10980609198147277,0.10994083499150344
943,0.07761954129638135,0.12845618269587314,0.09887897821214872,0.10208464057016456,0.10289034676480649
944,0.05986419137515874,0.11127448814288277,0.10021258095804213,0.08564465811294025,0.09097508032446286
945,0.05189056224449226,0.09833686903445356,0.09796013495395371,0.07693672705992684,0.08352991692645037
946,0.048367892500496584,0.09167166095476299,0.09602306257641006,0.0751269835051024,0.07893216650751839
947,0.046501937436233536,0.0913040838008993,0.0972341210215097,0.07559413151421096,0.07836723018224048
948,0.04704773777587419,0.09107024760145951,0.09680559423139697,0.07451598537075704,0.0794984440735878
949,0.056555449792055956,0.09557377776484174,0.09667142180117749,0.08209149895665915,0.08506626607579854
950,0.0567067800120969,0.10052897220896424,0.10131520290285598,0.08087090464994559,0.0873470421676997
951,0.06468097198302195,0.11100656306003366,0.10855418573955786,0.08841556735581373,0.09596945119701153
952,0.0766110877274674,0.11963254678921535,0.12977882765709212,0.09447466459603178,0.11080187210986069
953,0.09105608919612969,0.12757937550629592,0.14896433286325086,0.09603063560559232,0.12560711206990077
954,0.09917845877355247,0.1293239143165118,0.13903292123684824,0.09110822357265941,0.12438196433866468
955,0.0986831275154676,0.1348650148582869,0.10520393496705788,0.09366012273588856,0.11230010308006211
956,0.09915774996946726,0.13692266923653768,0.10380156682557297,0.09724856040958291,0.11225100424507717
957,0.09858931941587168,0.13769352567639473,0.10379285375190311,0.10103488555004986,0.11253108037818865
958,0.09650189560908262,0.13886145662754001,0.10273424862821358,0.09548998110664494,0.11215299973006461
959,0.09451815528306456,0.14214097232756037,0.0988445112466189,0.09643929873471314,0.1109869260494983
960,0.09451343974619354,0.1508549424395552,0.10333365601882524,0.10026776333761327,0.11595225989582453
961,0.09470415094162564,0.15317733002101294,0.10744599232483426,0.10258008501349078,0.11935075053883774
962,0.09451741252230451,0.15685308930770941,0.10792647826858602,0.10483231028570632,0.12236226952530371
963,0.09478467033954734,0.15271399823666026,0.10699703557699462,0.11336998014212078,0.12128155764972451
964,0.09460850154818769,0.15479040227400548,0.10502615270763367,0.11569846146976676,0.12098196220707204
965,0.0944144007697384,0.15370053977703352,0.10101208545500243,0.11579088517915333,0.11864438061627505
966,0.08864352585246882,0.14866638409416122,0.09877179237474427,0.11152398924691448,0.11396684973630043
967,0.07714287622946679,0.14043004932245773,0.10110423144444562,0.10430260878914216,0.10749507775032961
968,0.07674011704994617,0.13166960917226844,0.1019740933746572,0.09583362952924403,0.10330485007326645
969,0.07829664228191016,0.11245932434288886,0.09663532424471767,0.07825885060955633,0.09622061250543147
970,0.06235600072164532,0.10982568782193483,0.09887369653236895,0.0853691290360746,0.09144325787574897
971,0.0713137833975386,0.10057193841850179,0.09668149347410568,0.07383827218379871,0.09127023527365993
972,0.05736086012683481,0.10044701259566222,0.09955933976644123,0.08358308389185046,0.08855824495396404
973,0.055988772782746145,0.10245020282829209,0.09862083023015179,0.08435253740602984,0.08824389514632872
974,0.05757006833352518,0.10161476484462141,0.09488503829385142,0.08561816300170075,0.08730775146573701
975,0.06089528053313989,0.10695555641679129,0.0945563870558688,0.09168194455053946,0.08989028595720415
976,0.07632060695681689,0.11376064538107972,0.09446413553001899,0.09805584724767896,0.09664718188441364
977,0.08773952229956784,0.123064396440527,0.0995267642391394,0.08543539181500116,0.10403032229374219
978,0.09834076128369808,0.1265374962136929,0.12403800249723433,0.086919325271309,0.1173348038826736
979,0.09935902594732439,0.1301295319694867,0.1351524201992837,0.08918075698175572,0.1226842570727198
980,0.09988494925938823,0.13401299931083335,0.11673100789275882,0.09007576077853637,0.11708690335289747
981,0.0998576812522512,0.1362943142385905,0.10106776570383352,0.09406153489362004,0.11233085643564931
982,0.09754548881216622,0.14287922035163658,0.09827336486302525,0.10109010243825475,0.11256587919449419
983,0.094092512066256,0.15070670441520426,0.09601967460986512,0.11265274654406686,0.11325472693841396
984,0.09404937123815924,0.1510945518184231,0.09620447492305542,0.11914799896695821,0.1143230275585851
985,0.09424085001930278,0.1553466114585126,0.09630548162427618,0.1267188459475377,0.11807303401979352
986,0.09414259897084454,0.15474623452871578,0.09467416232763412,0.12588637983819984,0.1187047714993386
987,0.09382045382376683,0.155103924203468,0.09414731782123208,0.12582536128424676,0.11868731900899812
988,0.09366604057096499,0.15556278702451315,0.0932537955782747,0.1263055686102811,0.11843797514304957
989,0.09380141403903008,0.15306893985731979,0.08853737458311821,0.12513382182381985,0.11535566597017269
990,0.08708579181933765,0.14294968145114545,0.08922096261031362,0.1178420708337509,0.10942250885918661
991,0.0709236066917221,0.11955259847354437,0.09059950942050649,0.099645147519198,0.09641439528281855
992,0.058833692018218316,0.09965611632594541,0.08807274895614185,0.08391714842170997,0.08363343947675833
993,0.05365735439766443,0.0862997327775114,0.08657020950314849,0.07149469988553141,0.07583839343247079
994,0.04799318987051357,0.0794402914084921,0.08594583978986207,0.06518035172635099,0.07122302949045306
995,0.04590452701751853,0.07755881986466953,0.08689667599981202,0.06433373780768518,0.07020720673606337
996,0.045781315554836145,0.0811087267923596,0.0887646585988786,0.06477942147572072,0.07228909854159156
997,0.04978740491554189,0.08672470490381577,0.08990886054489464,0.0636703855162152,0.07637985806421628
998,0.055588413080216684,0.09390293778245397,0.08999433871202481,0.07483843903414834,0.08154061637754975
999,0.07062201203743297,0.10761548772673223,0.09445872160446815,0.08217601644752137,0.09314329482918007
1000,0.08594851118202482,0.12277497900943744,0.09847974640529751,0.09479115024344908,0.10411852328237411
1001,0.0941606583328223,0.13039397258404198,0.11309517300233202,0.10381596171352941,0.11417608409031112
1002,0.09931078438793986,0.1319162034320422,0.10910628703406944,0.09795669164486627,0.11425992045059405
1003,0.09755555541480074,0.1326947626107314,0.09744404685290521,0.0970925688540558,0.10973879012219633
1004,0.0970843144725169,0.13473268120145548,0.10342938007194451,0.10190577973930848,0.11265611396958518
1005,0.09424031645138237,0.1353806793098321,0.1036765294088054,0.10994786365261781,0.1125862518582409
1006,0.09341676443288187,0.1341327272019474,0.1047944813704963,0.1104685132048113,0.11216415165608083
1007,0.09352318190343403,0.1328133002065118,0.10428067570332566,0.10598919826889255,0.11055740325855143
1008,0.0941061190242068,0.12909284106773716,0.10426253391963919,0.10256249988898399,0.10926877877114276
1009,0.09347338433664196,0.13195343519493974,0.11046971582534054,0.10403873056961133,0.11251330806404096
1010,0.09345241064595353,0.13445352549671788,0.1119945894540866,0.10487830746611022,0.11379427164715064
1011,0.09340477667520293,0.13658048780345466,0.11350266911551875,0.10614315759460567,0.11511145388248548
1012,0.09354041167362445,0.1340254729483507,0.11366808084026646,0.10544213812060123,0.11434399522693543
1013,0.09358929275451382,0.13086857343986677,0.1116632523713491,0.10502646491491233,0.11255922526420258
1014,0.085840110622675,0.12250283825812279,0.11066192769753876,0.09926192574984748,0.1074851815151307
1015,0.08191645762034265,0.11239420749182225,0.10905792852150406,0.09066550427057658,0.1029983234882567
1016,0.07877614273468496,0.10166402242907455,0.1027406975180465,0.08196141120005725,0.09603734657266019
1017,0.055367915714441954,0.09428036833294239,0.10225050234603025,0.07142433685867912,0.08477993753002581
1018,0.06272204245980319,0.09078242251511169,0.09736808921476302,0.06743679569178788,0.08545166060332376
1019,0.059026687821003225,0.09811162552757104,0.10135943251889307,0.06303067565117428,0.08732727585192915
1020,0.05857369004133414,0.10518434171133059,0.10499254055349727,0.08361429642580387,0.09227450354632574
1021,0.059181989393339234,0.10344333459307446,0.10334963880351875,0.08742866419493511,0.09221867348587962
1022,0.06652710303573187,0.10761173974861057,0.10576253025451261,0.09531204989546392,0.09705135064387743
1023,0.0780601449140858,0.10726352683026916,0.10207062505783551,0.09599839383849841,0.09857618291707304
1024,0.08417895111693664,0.1165707948160712,0.10485490987348933,0.1039770953266933,0.10363376427017634
1025,0.08894449364813167,0.11858598811651355,0.10754458718956059,0.10690877760738303,0.10648204502633238
1026,0.09350113045110435,0.11179979221312565,0.10191248730607566,0.1023689491973733,0.10288480829153367
1027,0.09340372146666379,0.10961081359661048,0.10127251879385951,0.09401239505366099,0.10174785893536313
1028,0.09415177023600428,0.11015336891489054,0.10201726252294235,0.08953317324229251,0.10210414772234908
1029,0.09393662658400773,0.10899931593695535,0.10326914946951861,0.08189934267110009,0.10198474474087978
1030,0.0938498673597145,0.10964318401997651,0.10582923076195773,0.0794992726813301,0.10318832409501487
1031,0.0938150021336771,0.1121681454450349,0.10595227563454458,0.0736408476312773,0.10349611280663737
1032,0.09368970434837291,0.10537866129734999,0.10672831257592265,0.06944101982274917,0.10163971364428509
1033,0.09351570811466689,0.110744354057836,0.11041900103610353,0.07340216967703116,0.10493358968467457
1034,0.09340071653794538,0.11453347284276111,0.11335352746656716,0.08603562665298743,0.10770732365460196
1035,0.09308778156513756,0.11400502602554417,0.11256851261260872,0.08782704358913877,0.107443377031468
1036,0.09329167771590421,0.11185104547494815,0.11368531107708284,0.07517761962015163,0.10710688763501544
1037,0.09257459990888127,0.11258644909718467,0.11473161883297643,0.06522534582253152,0.10723954362228554
1038,0.09014482944379984,0.10229192207645756,0.11002865935574002,0.06103546885689379,0.10121838662062226
1039,0.08378488664278913,0.09489431672134056,0.10755597528079369,0.05686490791684856,0.0958611247639484
1040,0.06560944648839642,0.08721109066943111,0.10523122280724102,0.051498052598015875,0.08693813398449692
1041,0.061368150188614044,0.08635312225875416,0.10288455667919617,0.051955434636029314,0.0851808104588555
1042,0.06789970159307111,0.08209347826387023,0.09674822779443923,0.050667338790777866,0.08359704359378353
1043,0.06604743744429949,0.07861833039793444,0.0946702737405006,0.04644530680062397,0.08078874769958089
1044,0.06516454119264865,0.07312116400960116,0.0930737795233075,0.04622493950645207,0.07772421776275759
1045,0.06211160382570894,0.07447436359572902,0.09562378109437059,0.04629863357792172,0.07841685434207882
1046,0.07297093495634487,0.08199982495930472,0.09739016604140849,0.05625247962662506,0.08526299724238967
1047,0.08491839310249187,0.09727351355697797,0.10288002548491074,0.06545486447639212,0.09609469749579118
1048,0.08851162693159581,0.10809316378285543,0.10591236996654355,0.06700121434879794,0.10137640261464188
1049,0.08981377066008385,0.11123683475134792,0.10695001990151495,0.07089329891924609,0.10294446383990855
1050,0.09366873235176316,0.11878010756116941,0.108469156636056,0.07762895909746484,0.10729195494910315
1051,0.09353580631051292,0.12758303421916398,0.11098058622110826,0.08378395384376199,0.11135231346034556
1052,0.09389731703240405,0.13083230910672594,0.11046263855087413,0.08516849901519623,0.11218132999388586
1053,0.09448313765801905,0.13690102466052825,0.11297653080577448,0.09238958537521212,0.11515319635310681
1054,0.09235575437658988,0.13903788819615218,0.11355754073973824,0.09306828249718721,0.11560757354656413
1055,0.09320865787970334,0.13214693911108452,0.1127270761645636,0.08988860199328887,0.11384181065174341
1056,0.09376639867720725,0.1342257657850517,0.11020679066318861,0.09027966365046164,0.11404687768705175
1057,0.0927365614749519,0.13847594936216198,0.10951883959422659,0.09157952116736248,0.11556107039773132
1058,0.0935109488282197,0.13428175401917428,0.11043665312642735,0.08908527022012913,0.11489197834158331
1059,0.09355044709994266,0.13213751916454944,0.1053639941114312,0.09421421436894578,0.11257805152093077
1060,0.09367454603768356,0.12993526361391383,0.09992928585338215,0.09303266781184186,0.10997023904363888
1061,0.09385798352504725,0.12319044518485697,0.09611220689163608,0.09022314860225578,0.10556383581755396
1062,0.08584725819659787,0.11392374363156049,0.09481397806604641,0.08294248501194153,0.09927125625209472
1063,0.06371990729260657,0.0977329448927072,0.09547073685053101,0.07071418105618278,0.08716256900199693
1064,0.04950116417180123,0.08331569448430876,0.09028737574366022,0.062018092150967485,0.07529616676377596
1065,0.04262059004979465,0.07386513499802327,0.08856681889195228,0.05527921194078705,0.0693400620481428
1066,0.03866787906958605,0.06750026286759683,0.08653226042619899,0.04874367347199313,0.06577329228478092
1067,0.03732585472921962,0.06770979117864205,0.08778860963269043,0.04939050025072366,0.06580530536471826
1068,0.03925997324358186,0.06716003702951213,0.08738972252650999,0.04910495586348175,0.06610905585783979
1069,0.04143624706171972,0.07138435959646493,0.08787188192865446,0.05358091645619515,0.06847816377632643
1070,0.04487079928251437,0.07844376343538671,0.087434409035225,0.06141044289829885,0.07253599614407746
1071,0.0515592865299213,0.08908167282844137,0.08857879862357011,0.0707843734749761,0.0788475518078997
1072,0.06566180318911781,0.10342539726936155,0.09060755770769015,0.06725720494097316,0.08845013565539857
1073,0.08110733383839393,0.11566205870073838,0.09624495858712132,0.07250540227788276,0.09843482704568626
1074,0.09331463514188591,0.12275388776744499,0.09751779562784618,0.07706979951113142,0.10415029378356373
1075,0.09367676777287702,0.12470105899202621,0.09802291668629047,0.07836584109633836,0.10513619902753907
1076,0.09364794146090819,0.12558873388310723,0.09872030907771512,0.08092481092027,0.10572754440021058
1077,0.09328770194663495,0.1293698696162629,0.10016927653727396,0.0932060613887849,0.10776309256898442
1078,0.09320160126020957,0.13084091833399886,0.10186272387734832,0.10214879365294437,0.1088477497530772
1079,0.0937603921585051,0.12417180254482249,0.09684173679385365,0.09697781417820221,0.10453089979642786
1080,0.09403473819985012,0.11672239854333485,0.09787319063567161,0.09956276611022465,0.10303067132922131
1081,0.0939161207161772,0.11997175027578359,0.10201097316694462,0.10397641932275879,0.10599170357943603
1082,0.09283781353419182,0.13184930000192888,0.10357240219000712,0.11165648815284697,0.11097848313525781
1083,0.0928921287676942,0.14078871081718167,0.10392965276153765,0.11850054569741092,0.11521855493677353
1084,0.09352413318690672,0.14109429046262215,0.10419291044389185,0.11804249983956316,0.11562005963198024
1085,0.09379814150375483,0.1355829741259918,0.09820473861943281,0.11534440115292262,0.11132211367746705
1086,0.0840572774018561,0.12272828780869541,0.0969337407644401,0.10402545860913642,0.10352332357356887
1087,0.06502352423406851,0.10012641452742377,0.09622169079712761,0.0851075025126739,0.08935561623748917
1088,0.053459348738514066,0.0837624692371612,0.09224373130212303,0.069396732821608,0.07816577629124837
1089,0.046524458237596676,0.07173948544280023,0.08766659774356883,0.058525371689852154,0.0703408212715462
1090,0.042658553699649465,0.06639231342652677,0.08438025642354299,0.05564695176613716,0.0659446080685469
1091,0.04245107439178913,0.06485598064910644,0.0852281114133634,0.053369660992368034,0.06522795110129233
1092,0.041363896936351056,0.0643339778428838,0.08719828158415756,0.05403135243071144,0.06536261137483922
1093,0.04359959725171352,0.06897731558457751,0.08724822166288274,0.059733718083144156,0.06768642845497735
1094,0.046278344577061196,0.07427926156210825,0.0873848368176567,0.06287480751065012,0.07100463063293352
1095,0.05242628951344847,0.07993634220682294,0.08697420393581055,0.0675473871842228,0.07499373381100162
1096,0.06388959079639052,0.0941455265649246,0.0901694646326274,0.07821454398357854,0.08395591128612918
1097,0.08126080477503397,0.11197023854595145,0.0922466330878823,0.09310693997851463,0.09639149562922564
1098,0.09277929814187773,0.11974667217667337,0.09545334905868215,0.09859503913828296,0.10351982469124904
1099,0.09334466785976069,0.1187114407765166,0.09556173229685988,0.0964719530090564,0.10307525969311258
1100,0.09382628723696206,0.12278088709474763,0.09328582804216334,0.09582140691403401,0.1035246948824616
1101,0.09392716953199949,0.12034127426483367,0.09227030671219504,0.09579848275238942,0.10240353434755149
1102,0.09393450984583063,0.12708873723311295,0.09481136201938731,0.09981262368621108,0.10565530055551638
1103,0.09376553488109289,0.13871767488948386,0.09167704575592123,0.1031688128744583,0.10876694105007662
1104,0.09380373949567453,0.1405904935715443,0.09381625307501174,0.10315835675914778,0.11034661975774059
1105,0.09383239371995271,0.1424640015945787,0.09391379729006089,0.10398736130998275,0.1124188026178337
1106,0.09419657978148949,0.14275340342795428,0.09446709819913486,0.1066577689807232,0.11350493484344899
1107,0.09430835732744765,0.13819664957320726,0.09399432897963203,0.1013938034680463,0.11147955244133596
1108,0.09408652645787736,0.1389553385682828,0.09201667012502757,0.09958279269296887,0.11110229945535695
1109,0.09409748987881618,0.1380096754740771,0.08756778706778892,0.0982277951753844,0.10924974898893519
1110,0.0856208872201913,0.11965817869166934,0.08738680669040326,0.08588884371416018,0.09980282259519883
1111,0.06669913929558476,0.09812031729215763,0.09175430099531365,0.07206428639144542,0.08638145946397396
1112,0.05495202566340054,0.08129262736760959,0.09080367399503428,0.060261503156883084,0.07537991406605711
1113,0.047242912074348234,0.07330427558083999,0.09042657176348975,0.06023544563365724,0.06977862426352267
1114,0.04388284075180174,0.07005798433087919,0.08828753637252645,0.05866090344801593,0.06690038802405492
1115,0.042318505908806044,0.06935130135129838,0.08888304891424031,0.057055548184777365,0.06627698756808853
1116,0.04185834878831232,0.06969718316951977,0.08827046449967431,0.05815964895306446,0.0663376546514016
1117,0.044789546570866444,0.07379898650273789,0.08607127509679825,0.061933824617552084,0.06827258236340626
1118,0.047735044409118764,0.08077965480032505,0.08625802296302967,0.06831868189875043,0.07215455089626462
1119,0.05441978466975341,0.08951391246447517,0.09019081878055726,0.07197612727317045,0.07910089544960809
1120,0.06701280880247869,0.10397028090723809,0.0906794913562334,0.08143102405827746,0.088355254022629
1121,0.08524846308674797,0.11622928227530077,0.09787661887964676,0.08778228324726395,0.10074638901237783
1122,0.09788535691620417,0.1251029490014943,0.09395311086751422,0.08903401946064478,0.10588572159110611
1123,0.09957405206156271,0.128745212185427,0.09648821588678419,0.09536120357244204,0.10866347650326523
1124,0.09798744292296466,0.1275714865480168,0.09751781394701729,0.09687444180421738,0.10819784226036476
1125,0.09494180527344305,0.12890543361522933,0.09685393850110212,0.10553463032799995,0.10784500475089753
1126,0.09345063639108951,0.13520097971707298,0.09717841709847834,0.11135929453287292,0.10966333521263134
1127,0.09285885594752265,0.13743645436627738,0.0984146631978972,0.10946572208628759,0.11050606058412046
1128,0.09399265713657946,0.13456054242560112,0.09767017622238533,0.10455193509503134,0.10961869904507664
1129,0.09364744636296209,0.13459762543844286,0.10044008526952045,0.10398146305617409,0.1108808425361742
1130,0.09409734807223787,0.13718786530794602,0.1002137364307224,0.10590088785934273,0.11279260204987024
1131,0.09419303603666353,0.13679266570091378,0.0982304058956958,0.10648134919296169,0.11275628581531334
1132,0.09407788955580657,0.1362901635649094,0.09654866540157965,0.10649499600170209,0.11192691937545608
1133,0.09402305798228291,0.13608322140305987,0.0930238833799273,0.10813139032753293,0.11054462449857001
1134,0.08399162148600196,0.12321563486939893,0.09263499767941372,0.0982646371266815,0.10253479059623993
1135,0.06564714023198881,0.10160482324366961,0.09527585083820841,0.08091662013611939,0.08959525428065776
1136,0.055312939476212956,0.08681946625338006,0.09262914984213932,0.06600181776384509,0.07951997991772694
1137,0.05016217593089725,0.07336706364573342,0.08911842298928821,0.05597973268289159,0.07145399979393736
1138,0.04567749838894028,0.06935949229306324,0.08746327766342601,0.0523966662722854,0.0675729193609067
1139,0.04623573549275744,0.0716928479800192,0.08996378959036386,0.054245396051805984,0.06956777960109914
1140,0.05028761057535502,0.07897656747155621,0.09355948482390143,0.05920410453194944,0.07524225496465181
1141,0.05256002922507636,0.08729046829308638,0.09189343623560152,0.063650562426311,0.07813147953835674
1142,0.058525384073870215,0.10377665644053524,0.09473484176033482,0.0778205735660402,0.08735342298884986
1143,0.06609642331419911,0.11362321717128687,0.12025025591909111,0.08892428141693462,0.10148598855250875
1144,0.07782643037830103,0.12161622498053644,0.13346593748051908,0.09718187851191808,0.11354978081942646
1145,0.09330812498032123,0.13078013761550716,0.13550335081812562,0.10472413509451585,0.12226066916775136
1146,0.09948110749979214,0.1316386533231381,0.13524152650750434,0.09193816091964448,0.12362933538187458
1147,0.09957774929293461,0.13499756063247348,0.1349380939493448,0.08722111588003852,0.12453527333117839
1148,0.09963792409121236,0.1362248297438334,0.11678625385137352,0.08997106220347158,0.11865636358765763
1149,0.09735300921825837,0.1334394463080572,0.10681553654687455,0.10314189354943612,0.11410795784418348
1150,0.09410067003993526,0.1340260699326061,0.10199835511083664,0.10695411605382833,0.1117426965523083
1151,0.09357515210422257,0.13865985414848994,0.10109339453848785,0.1151336500602318,0.11290711825525962
1152,0.09419849033202522,0.13544492059934388,0.09967928870507538,0.11362608135682455,0.11144455635948272
1153,0.09404130907489852,0.13883251795426352,0.10196097168027185,0.11509277775801792,0.11387754606482478
1154,0.09409405724641527,0.14398228808149188,0.10053139528938398,0.11846644270900242,0.11636906788481949
1155,0.09404503721647312,0.1445059702312447,0.09501740362464126,0.11967660398612075,0.1156915857255948
1156,0.09378829267140525,0.14432992548668855,0.09237825656612168,0.11788433539836352,0.11450298231212071
1157,0.09357826897317463,0.14267836936456924,0.09148070026442373,0.10938012381141547,0.11290919912926073
1158,0.08493571993537319,0.12883173960600772,0.09038318601029728,0.09970937924146782,0.10429253572118169
1159,0.0776457687583239,0.11517457481867525,0.09029960507801231,0.09034724599738556,0.09705877876263684
1160,0.06894689620990978,0.09811789979157472,0.09306414713718296,0.078952333086689,0.08849909807352392
1161,0.06429873963321334,0.08627073331455452,0.09179329099883321,0.06992339406974318,0.08255608114161923
1162,0.052987281856230625,0.07840199930623327,0.09105956561909861,0.06268518812840311,0.075833669384835
1163,0.04573520890142923,0.0784866012612153,0.09441222547385228,0.06157921691100105,0.07451139809845742
1164,0.04482319861818503,0.08348446709576626,0.09741518986559329,0.06333475950770377,0.07715644210025102
1165,0.045332598168934576,0.08274136377018909,0.09403329372914641,0.06734907829130135,0.07611234231524122
1166,0.04638168905392238,0.09197104925970415,0.09793866648487302,0.07703018130265683,0.08176256795574918
1167,0.053267611703791906,0.10531857272810591,0.09835076296969897,0.08686826916613402,0.0882978622741145
1168,0.0752226178368988,0.12410730888575876,0.10040102868469364,0.10078296177863158,0.10235468824713057
1169,0.08917643994839672,0.1303336743473027,0.09883704980707017,0.1077243859788593,0.10774906251084111
1170,0.09498735276343101,0.1292319471218814,0.09508016030681608,0.1010351576718167,0.10741148238622497
1171,0.0941659243152555,0.1344835269057951,0.09408978924071654,0.10371195260714422,0.10896693813000802
1172,0.09417208280414169,0.13606412011657942,0.09353038786775467,0.10462466108460416,0.10903109718637721
1173,0.0941614797172202,0.13759027517974656,0.09219951922356115,0.10295115507689685,0.10848767596780629
1174,0.09407474982441193,0.13505803708434336,0.09381714217262323,0.10132863141005466,0.1074947282614832
1175,0.09377864099307635,0.13646741684303007,0.09277558682252716,0.09924556811415368,0.10756955706054666
1176,0.09410263671594903,0.1383608044392108,0.09521036585285082,0.10630376607116367,0.10985858277605236
1177,0.09399286024730087,0.14632846896344429,0.09547516674180424,0.11106707640293005,0.11389604770881986
1178,0.0942233935204569,0.15220134039191216,0.09142256916923619,0.11494563460674523,0.11639868894730616
1179,0.09374246426277369,0.1538395385104542,0.09223372881256943,0.11535928317171357,0.11745728571655432
1180,0.0938394487544909,0.15602517496618587,0.08886407883447324,0.11550168428168651,0.11684795455017219
1181,0.09375416004705893,0.1540691700150656,0.08709677660932154,0.1147416685896888,0.11505216050529965
1182,0.08990114419950128,0.13759486394213719,0.08701467882994196,0.10516667397682873,0.10737379796646297
1183,0.07724462420743704,0.12104034455248655,0.09154842820816717,0.09248425714208257,0.09841155660503147
1184,0.0714577272851266,0.10369340581908161,0.09167370462316975,0.08582278409050494,0.0906842034890901
1185,0.06797889620023345,0.09536889935784704,0.09233730730279514,0.08191623504030188,0.08662053631804251
1186,0.06925589264640233,0.1051526016232691,0.09478547220036806,0.0831239350785509,0.09137488639075159
1187,0.063146544685769,0.09482719444350965,0.09414512727475731,0.08077880447986567,0.08617556864516683
1188,0.06011611504614591,0.09063638806945534,0.09197506874791327,0.07440619638839771,0.0822964659205376
1189,0.0508300495788553,0.09309130989308773,0.09442566400641814,0.07525792133258377,0.08057775386608308
1190,0.05095314987010455,0.08790047244273869,0.09270006108108181,0.07578338931661696,0.07875349877595714
1191,0.05337096660502586,0.09367985004047001,0.09393658062610939,0.08270269530351756,0.08185673571884915
1192,0.06452442383712874,0.10356321694261302,0.09893509417522418,0.08960478125106439,0.09017322416230324
1193,0.0839709509826089,0.11919247979963278,0.09512124643438023,0.09864323749467604,0.0999711464280281
1194,0.09315688354271849,0.1269840658075511,0.09794795000885256,0.10480463237621927,0.10619501879622328
1195,0.09345330570717945,0.13095065280208384,0.09805039901943394,0.09334600894683304,0.10729732520372132
1196,0.0937415892677666,0.13169089900954448,0.09716108325395041,0.09212493099989787,0.10713132787947299
1197,0.09388442799818862,0.12494938951319656,0.09352972122775209,0.08817654572050247,0.10353523666107907
1198,0.09396674394157878,0.12354790004211576,0.09183264997463383,0.093815505551431,0.1025656218233509
1199,0.09415318856783693,0.12704874938149013,0.09010193000658372,0.096038298314609,0.10326897832493948
1200,0.09417076078602339,0.12748400366816323,0.0924464707194736,0.1006375287243953,0.10525984871953453
1201,0.09347606079933775,0.1331467334859082,0.09363403393747582,0.10180449881451104,0.10757592164831595
1202,0.09329407565519632,0.14030712842261994,0.0969118289820553,0.1040532673825803,0.11040367715968805
1203,0.09362683607206597,0.14398494523802569,0.09162302026984609,0.10709633110856698,0.11075209519114035
1204,0.09382897802328397,0.1478256562738426,0.08779341242037372,0.10914695794193806,0.11139575501027739
1205,0.09413235595700459,0.1413834143837255,0.09048888187830023,0.10614272898876619,0.11016071268235522
1206,0.08492010105414767,0.1287830949045463,0.0970677066210183,0.09595809848859578,0.10465589344850222
1207,0.07034517902411479,0.1159019178923288,0.10529517510780294,0.085285120481593,0.09702220525732642
1208,0.06749119785160504,0.10538708122958979,0.10501511358963447,0.07929384873485092,0.0928027933979704
1209,0.05423258203516821,0.08948685590420428,0.1031140394408972,0.0668545960184729,0.081427387195056
1210,0.05124250432697548,0.07441288727048564,0.09992670247954356,0.059675017065514376,0.07420172999449731
1211,0.04493940012306356,0.07254657469843169,0.10017037867102435,0.06370041830795314,0.07154922454546582
1212,0.04655479190593373,0.07428681475162845,0.10123492678341148,0.06578549513746249,0.07307931186864669
1213,0.048923167871577806,0.08480212716392169,0.10270911742997545,0.07339984694499824,0.07806176880322935
1214,0.056016578322039996,0.0966160841483331,0.10590614727924935,0.08474019448492846,0.08715420250736707
1215,0.06145622654349784,0.1040690756536161,0.10408649414604258,0.08877992930337993,0.09197142469104189
1216,0.06802878008165489,0.11391134053903507,0.1023854514816241,0.09497985528599724,0.09625019514673999
1217,0.08587469931849227,0.12051720536593293,0.1014086224827935,0.10090758145607628,0.10410898930184084
1218,0.09593292180110345,0.12973460495466904,0.10278927573876756,0.1053731650684576,0.11115992111318236
1219,0.09704321293921729,0.13793468220419847,0.10372838426351498,0.10716250924481074,0.11474763133892708
1220,0.09839164815898531,0.14024094718518715,0.1042408998700327,0.10797441447514551,0.1161269211205428
1221,0.0993582850169458,0.13755255180617132,0.10616482272310492,0.1056955636437414,0.11563358463840709
1222,0.09909934293348883,0.13615462358552047,0.10605927401054131,0.1008416360489436,0.11450521911533174
1223,0.0990465392528153,0.13632756051744663,0.10371104127553249,0.10170183010478334,0.11373201309481588
1224,0.09899389040086713,0.13320981703211582,0.10168633576677863,0.10596868449122764,0.1121521674227449
1225,0.0988615365212427,0.13095574621862813,0.10009594839408258,0.10632075606533208,0.11103383278764584
1226,0.09884832872156216,0.13660967642815627,0.09672998225027664,0.11140841544823157,0.1127874663332543
1227,0.09869758567923737,0.1359547563862233,0.09447765877769333,0.11155234584321787,0.11236425702699336
1228,0.09843478906918474,0.13604911131522132,0.0922090379502501,0.1121961702733729,0.11138391228165279
1229,0.09859635555400639,0.1355244280188977,0.09018665251468568,0.11277156502078982,0.11013643168570307
1230,0.09260894745571269,0.12585760143791871,0.08736995078806298,0.10553500737807624,0.10396311813326449
1231,0.08851021718431537,0.11791888594946492,0.09093257168944222,0.09069684567193599,0.10052210138720084
1232,0.07251465774607868,0.10768669398595271,0.09308059197304352,0.07368331463989501,0.09203200133626722
1233,0.0533912904763129,0.09710697379086512,0.09469655132778204,0.06724223285399952,0.08240294930585657
1234,0.04907734317051212,0.08092019490035054,0.09339758951665164,0.06923280950011845,0.07616972400250924
1235,0.04713624718155617,0.07452135025547664,0.09202601747856418,0.06512771634704474,0.07276918565314422
1236,0.047122600103191005,0.07377727677772085,0.09272542756956513,0.06601193669337826,0.07293787517977883
1237,0.049019462088937975,0.07684400422544121,0.09184433692009256,0.06761349842913886,0.07462775989308656
1238,0.052825945439287564,0.08329562190958215,0.09278481191467289,0.07479918613070835,0.07914032902497799
1239,0.06066794055586564,0.0946001303893106,0.09574113287918332,0.08678863121467416,0.08661814911816802
1240,0.0747537107405475,0.10676574040810392,0.10029112467566648,0.09690398867192195,0.09620897378752952
1241,0.09239925387764988,0.11859291482009732,0.10747966919156413,0.09812274139895365,0.10740815766150501
1242,0.1056093241213496,0.12405271882596551,0.1157656431293799,0.09396054256700856,0.11554227277789772
1243,0.1061058320874073,0.12721093585046503,0.1056192053858006,0.09620009126236692,0.11275769235817693
1244,0.10403865833391203,0.12872889856483163,0.0999921409383784,0.09767624359249048,0.11056134678113157
1245,0.10037451740973108,0.13072473652043384,0.09860961983898588,0.10101482413068026,0.10980527690233065
1246,0.09733650267570317,0.1332478520447223,0.1000338422087744,0.10459968124129733,0.11013062230595211
1247,0.09620698238125075,0.1366116172345256,0.09935492537883026,0.10462313891942719,0.11010196503609672
1248,0.09625994929720841,0.1405498063345828,0.10050343424262631,0.11812948925467782,0.11215082745844092
1249,0.09635452860082683,0.14150058996695755,0.10038116958495748,0.11918017004959355,0.1134003799721134
1250,0.09649222488682753,0.1432620783494443,0.0997920196478446,0.12061967375189248,0.11505927949823345
1251,0.09632909649560084,0.1433697671790837,0.09852425434000629,0.12058701306203627,0.11538576301251433
1252,0.0961634981897167,0.14357032655180713,0.09851642865485415,0.12142948664644612,0.11533596959463509
1253,0.09618688228641285,0.1425337890307105,0.09448581257135936,0.1214419832203361,0.11290032142579404
1254,0.0864686043999294,0.12422277245301028,0.09520450432321104,0.10761198896921903,0.10340374355261939
1255,0.07008705236990176,0.09730474919717498,0.09373970938910543,0.08594412424146848,0.08863764644729909
1256,0.06502420831749506,0.08205797406141115,0.08766849672386019,0.07205952067496914,0.07935240237047567
1257,0.051105577417015574,0.06850320331570753,0.08292089527250329,0.05789995121621517,0.06796716338014519
1258,0.04855724965941519,0.06401816431179212,0.08134157152038969,0.05392417660336774,0.06528789624971669
1259,0.04798095763345288,0.064927919009027,0.08283725166067055,0.05337697255292686,0.06579856478200406
1260,0.04846308010992209,0.06681611696382256,0.08517537404279334,0.054917199084620276,0.06759668996955916
1261,0.05179737835513267,0.07104607811488259,0.0857322245632871,0.05847441426864351,0.07085754398704668
1262,0.054334096771309626,0.0769378480920493,0.08547995614992546,0.06418262665438591,0.07394958078555802
1263,0.061416731531217794,0.08343920208507892,0.08763008756802812,0.07184227464684398,0.07942914808852448
1264,0.0777301150786474,0.09549943505196727,0.09501678621810478,0.08423184253920984,0.09086347446538616
1265,0.10054367881698721,0.11343735283225576,0.10324089043240998,0.10050893427037969,0.10566686472136753
1266,0.11275868694563122,0.12530624917200792,0.10895888985280834,0.11116370601654789,0.1148162675118761
1267,0.10827348167521288,0.12930981141742695,0.10367322729806425,0.11170412871766229,0.11280800634283224
1268,0.10065061055751558,0.12556941062724902,0.09677651220791765,0.09146314671556965,0.10609790348498645
1269,0.0996185757024605,0.13622834643046455,0.09690551383162123,0.09613662324715676,0.10892023069293826
1270,0.09784960770087088,0.14436435828217897,0.09553314833968732,0.09701199693891169,0.11014388862320397
1271,0.09596071425006077,0.14522767216367233,0.09139368550146607,0.11011038920089403,0.10852343166328328
1272,0.09601064943658703,0.13949194343089624,0.0968067411934772,0.10902372589981045,0.10919983681944406
1273,0.09631770477321379,0.13505277234925236,0.10642623784591664,0.10660622364789836,0.11170211255437659
1274,0.09662968960380768,0.13799080149824794,0.09300963564419736,0.10948314580745792,0.11032708127034593
1275,0.09646520694701094,0.13731236968502517,0.08936831129254783,0.10956367341013859,0.10980692228074786
1276,0.09629413699771656,0.136402751797691,0.0892320574725772,0.10934036552194369,0.10908826119175664
1277,0.09609829835295156,0.13682289958180374,0.08839270561176914,0.11585875660274482,0.10838795700052492
1278,0.08954728593345766,0.12680467261224876,0.09021503071643214,0.108964918697913,0.1033784776424403
1279,0.07344713445552463,0.11840143103569487,0.08913491666504222,0.06689428053291879,0.09398676524355301
1280,0.06352136227013147,0.11527629557109965,0.0913170254507932,0.09637931894371836,0.08994720414173472
1281,0.05431727391038027,0.10476638286210663,0.09285363921444859,0.08978609616571258,0.08395260649718395
1282,0.04735170607080073,0.09823540826808554,0.09600781122968782,0.08810689827539671,0.08052645443185977
1283,0.048184326692291744,0.09218948834779721,0.09704909857984877,0.08180470802327802,0.07984711617293609
1284,0.05035176665634551,0.0839584355889378,0.09628058168023125,0.07235579660825238,0.07909065453077689
1285,0.05146254158260698,0.0841471940129658,0.0955781883646068,0.07246716612374599,0.07906506437785188
1286,0.05396394725532145,0.08766892239412732,0.0904270524255423,0.07482483473981928,0.07916648389706113
1287,0.07045349110682932,0.10238791406790136,0.0980398263980995,0.08867849699630648,0.0924021691768106
1288,0.07596721716896986,0.11067895236571833,0.12082555606655299,0.094089255125444,0.10377570367831995
1289,0.09205182522694806,0.1243297543778814,0.13746075509083747,0.09983417717686613,0.11933330303980966
1290,0.10160337137002232,0.1279903226978875,0.14221499629346052,0.09529781837238076,0.12480088491094118
1291,0.10175056077570245,0.13573953066539998,0.13368816179132756,0.10021656204711932,0.12461963711058778
1292,0.10156712246135512,0.1416849237445586,0.1288909063688555,0.10323861513013122,0.12492062343654721
1293,0.10044391393220965,0.141739568730477,0.10019658996584381,0.10964498431364371,0.11530601688518881
1294,0.09885649330427358,0.1378259437565746,0.09367113087206923,0.10765091310194853,0.11075400494910316
1295,0.0969871604598988,0.13561053689317534,0.09104322569649811,0.10230974968466923,0.10853285376616524
1296,0.09648205715390153,0.13478761558382243,0.09326095505218276,0.10233765038545913,0.10934136436618448
1297,0.09691166596826865,0.1373114631816321,0.09243013132561273,0.10410307069280157,0.11158956012729034
1298,0.09685395960379263,0.13841612143166315,0.09085491907221663,0.10833738574851111,0.11285828087527823
1299,0.09655235487496412,0.13965850564351656,0.09032032351730751,0.11805239746556206,0.11364485230162434
1300,0.09640591169007202,0.14061583913994638,0.0882380332490964,0.11977092499661332,0.11336434436806887
1301,0.09634493294628826,0.142518508341135,0.08556456043609172,0.12186725969385967,0.11282105979240924
1302,0.0946960867092369,0.13525683440979117,0.08555174119867079,0.11688935245315966,0.10901929377676417
1303,0.08772444244450227,0.13014650863365823,0.08912392742164875,0.11282339043131259,0.10584212855773743
1304,0.07354408126491657,0.12364123751185509,0.09393569387035847,0.1056529893445905,0.09884784208406407
1305,0.057684051353094505,0.11426310999921103,0.09665004396365556,0.09068004123398847,0.0897126705317079
1306,0.05269933307074151,0.10818785896749762,0.09757355861622019,0.08468185640242325,0.08647448179077871
1307,0.048459612197217665,0.09496800022509749,0.0976237109871619,0.07633535585187248,0.08078013615647449
1308,0.04636122914254938,0.08921711777366557,0.09834161782576703,0.07578559300776892,0.07942425348144735
1309,0.04771752922612912,0.08628896880720174,0.09640630402052416,0.07169347471712996,0.07876883643624874
1310,0.05062405068701518,0.09202275217020427,0.09498107628600803,0.0769746147594019,0.08134653072461133
1311,0.056744323486588887,0.09519864160236244,0.09358964506105738,0.07989637725569589,0.08383643464195255
1312,0.07589530198560233,0.10920807704386634,0.10948606267516342,0.0849471819877496,0.09997516627691828
1313,0.09139805656207875,0.12641293621798455,0.11672274884706597,0.09174541043554599,0.11273824178736314
1314,0.10072389403572797,0.12600593147151706,0.1250558651204382,0.09030320019440387,0.11764389232031713
1315,0.1015527798680963,0.13443754640286568,0.13749545714248002,0.0960185107176071,0.1248502035173223
1316,0.10095100036538117,0.13524450019029305,0.11027267429898761,0.09993230943322981,0.11652325011146236
1317,0.10007746099950601,0.13471528095894297,0.09363047446340121,0.10957312313833047,0.11130055549299346
1318,0.09906959805036626,0.13876741509155285,0.09372440791101048,0.11157027350800042,0.11232630459857988
1319,0.09716881043411262,0.13769168367397572,0.0914028365163137,0.10987673480554246,0.11069266011890691
1320,0.0946180405797778,0.13584564115746003,0.09300931187953705,0.11269199455799622,0.10992158161530534
1321,0.09421426548586279,0.14549432948007188,0.09217049836101017,0.11935746762538654,0.11402098375113504
1322,0.09423832888576526,0.14731377752959507,0.08783099916764465,0.12048461054804104,0.11495974823895568
1323,0.09447569727323804,0.1451952492127494,0.08640835940609794,0.11918198715990479,0.11503215053865187
1324,0.09393624312546507,0.146151950700958,0.08434250487957058,0.11956841984802558,0.11454327668704538
1325,0.09360463243527369,0.1456588524314189,0.08061250108599179,0.11931530493315884,0.11279245260446696
1326,0.0813736506137738,0.14033842469233376,0.0845821364956908,0.11357482103056127,0.10592033546603129
1327,0.07724732689059086,0.12188214221372848,0.0867241923183372,0.10183025518669338,0.09823999637753152
1328,0.057522475808101804,0.10560722246069754,0.08926294447260455,0.08581482041460227,0.08502458489661166
1329,0.07165049430024834,0.09759968114946312,0.08714352966340752,0.07975372703519333,0.0868456647170099
1330,0.06387456444161463,0.09894905121709252,0.08753108132508529,0.07771362671544005,0.0847104994820087
1331,0.057183133823303846,0.0961671937759973,0.09029390079512156,0.07798666204233964,0.08273743287374691
1332,0.0498692632295449,0.08417755428880212,0.0964967008793047,0.06990507896169329,0.07880768741783592
1333,0.048710908505631985,0.0841039802440916,0.09221099089384109,0.07178769253718491,0.07649886597832495
1334,0.0566193584195377,0.08207072967894367,0.08723070684699144,0.07008950034707652,0.07701254783841527
1335,0.061680154312409426,0.08987134598386995,0.08758511185917424,0.07861013572491736,0.08126597014768401
1336,0.068042116642003,0.08634471198933391,0.08235055202828273,0.0765221287061349,0.07995389943119491
1337,0.08220335900466184,0.08586093144046454,0.08087784930513679,0.0761923532481334,0.08294572446686568
1338,0.09256781070975359,0.08666983103309028,0.07987138154290466,0.07122410865852506,0.08553476868838673
1339,0.092827107559257,0.08923803842044407,0.08158006049955777,0.0733096786585269,0.08714794327905412
1340,0.09303289056647933,0.09655347568989697,0.08628092947217242,0.07860878622626032,0.09142282057774975
1341,0.09302125515412793,0.09440205988760282,0.08606358759199899,0.07636987254705313,0.09038932871148687
1342,0.09302084165500511,0.08986976770901287,0.08833736611339513,0.07212148394621423,0.08964757798316579
1343,0.09315967389272323,0.094018596161363,0.08791634354629888,0.07511503248497653,0.09111715005462001
1344,0.09368088907642944,0.09814940976638936,0.09083303486709182,0.07678875133098902,0.0937881522048749
1345,0.09342664448546498,0.10366068112809533,0.09119344626559298,0.08014776512926199,0.09573703887390164
1346,0.09345687964616069,0.11244729397313756,0.08982268002250496,0.08647056744550118,0.09853386218155241
1347,0.09373539599937697,0.11684458470554789,0.08805032374290216,0.0957738798517709,0.1000365207968127
1348,0.09383751032809542,0.11845586927099613,0.08763001790342294,0.09969094566134612,0.10060214578551435
1349,0.09391454545713268,0.11899871084274306,0.08516858690339293,0.09995631940677277,0.10004657280629244
1350,0.08502675927384552,0.1122014493333015,0.08618236841728853,0.09300556871706545,0.09527519063928447
1351,0.08139949362090597,0.10684883535716834,0.0883687849136398,0.09012968506083426,0.09318576857780314
1352,0.07359908892709005,0.11145506570724041,0.0894593617452734,0.08958064321905938,0.09286818396469432
1353,0.06932924062323538,0.10449336713712706,0.08892367992458448,0.08416524399249659,0.08890777021673904
1354,0.06283513329252434,0.10306760775366704,0.08821392946718201,0.0831813253294231,0.08622102918148758
1355,0.05097977301349853,0.10385714548963572,0.08857547722282759,0.08129956523690203,0.08131577972127536
1356,0.06159856953551154,0.10044680890842925,0.08880583052110241,0.08200428978253807,0.0859734209493789
1357,0.06702064602863174,0.10686712268224777,0.08825951187415457,0.0916372356498687,0.09087220135466922
1358,0.0627868272220734,0.10961463581377007,0.09125159613670054,0.09435565847451906,0.09105040215937493
1359,0.0642414655010374,0.11062073422298435,0.09335547226880107,0.09708023854360659,0.09243910402000746
1360,0.06622918591905394,0.11132998598464414,0.09322160473382073,0.09836843775931299,0.09233253096107938
1361,0.0853637865725327,0.11219148266368932,0.08944098631593858,0.09988333662832281,0.09678091094401241
1362,0.09273412119620096,0.1036282147096109,0.08467514761619323,0.0932578551309352,0.0938854247908015
1363,0.0934213051711727,0.09854549234781808,0.08348895327542881,0.08917763720906402,0.09186990018754594
1364,0.09414164030973052,0.10546470586456866,0.08899598049103179,0.09431267701949932,0.09622758858562705
1365,0.09438128393296857,0.10737427933583797,0.08971655479089981,0.09541684585138684,0.0973387324471667
1366,0.09424870739438092,0.10829938354067298,0.08931577131783608,0.09592914560629068,0.0975546251860493
1367,0.09397865117889463,0.10818157429337796,0.09266434028963512,0.09388356593626435,0.0982436926545429
1368,0.09396172953224398,0.10796338795051098,0.09866179051585214,0.09235248632329365,0.10001503418879865
1369,0.09410478539280678,0.11648272316197786,0.1020887745806299,0.09774907321967581,0.10431343487881178
1370,0.09417693916665712,0.12455563298368608,0.10385779832090608,0.10290832757416067,0.1081342202915923
1371,0.09378590110234973,0.13536250970244038,0.08967218050669583,0.11029375070605259,0.10918617620027254
1372,0.09404831702573009,0.1364164962082003,0.0832482033345196,0.11342427131774124,0.10876470412642328
1373,0.09425582711559881,0.1355980511693422,0.08306721586621382,0.11309458551609952,0.10862444451163719
1374,0.0839544440223656,0.13130001894039653,0.08795215729549236,0.10713682405542797,0.10393260685425386
1375,0.06608844837011961,0.11346241174489581,0.09598684530114725,0.08861810143942243,0.09135301298850687
1376,0.05459526998745416,0.08673743722918519,0.10148036952491453,0.06731280130794041,0.07833506289043951
1377,0.046106073884240276,0.07365547429186474,0.09800687685598139,0.058520662259690104,0.06969207007453826
1378,0.04123594297891347,0.06629811198562008,0.09691347648459456,0.053673770962476844,0.06482842232032812
1379,0.04045297103701637,0.06388945292350832,0.09509803844056833,0.05199625511207485,0.06350635559735682
1380,0.04045598086178188,0.06824273851427896,0.09364924757197192,0.0563433987834182,0.06549195920707501
1381,0.043211243254432805,0.07438053586696719,0.09457416773209082,0.06077866670964355,0.069057178266495
1382,0.048739294730685986,0.08265514658003588,0.0968407676102857,0.06925661349779687,0.07460747763005829
1383,0.055343447542512005,0.09613274344147156,0.099097369863497,0.08012937384629948,0.08314936618237362
1384,0.06830045194045956,0.11393933609180006,0.09641998530880047,0.09138501790553957,0.09376595729375684
1385,0.08449761372415311,0.1227862493280788,0.09682006297650572,0.0920416375054367,0.10234667738669524
1386,0.09508243283967352,0.12745568978406993,0.09358756194584716,0.09322360198633042,0.10723194753759518
1387,0.09502588402880711,0.12611349125837365,0.0934059407155979,0.0924811892588235,0.10679067696202797
1388,0.09473687645244964,0.12608191551345807,0.09383351870383133,0.09258434520098027,0.10675462474094854
1389,0.09444695271262303,0.125418153666558,0.09278106062007838,0.09274481476022473,0.10654058587528581
1390,0.09455100342396222,0.13164056417293943,0.08833289067586941,0.10619816978748327,0.10871477805111443
1391,0.09414464832569186,0.13251734726323314,0.08615206629845953,0.10674119187851672,0.10873207147621862
1392,0.09390854967114443,0.13687747605944053,0.08556850619251143,0.1140368665167379,0.11039348895054468
1393,0.09366583097402639,0.13989229759759395,0.0797765392385025,0.11667961266145134,0.11230772480555291
1394,0.093566171593082,0.13551119016042026,0.07958396441162709,0.11329699114128573,0.11093648569493107
1395,0.09366995177085459,0.13387030720077256,0.07544233949819697,0.11393541700447207,0.10928583504311147
1396,0.09363370421078065,0.13336545471548286,0.0745665675267953,0.11500004615890771,0.108393183147085
1397,0.09354862480571013,0.13306719486292026,0.07368285572933911,0.11571515036514078,0.10713075665538478
1398,0.0915093601117417,0.13260803394208207,0.07116955873260883,0.11406169184282625,0.10480525201512435
1399,0.0915033348572715,0.13329349246126218,0.07320009671881478,0.11200200599240838,0.10519943645397911
1400,0.08712769041743759,0.13232342113995982,0.08198459524134245,0.1073150786564884,0.10386942178185998
1401,0.08594143016968085,0.1278171659173337,0.08767904939916737,0.10114357546166695,0.1036423821434795
1402,0.06844067578838962,0.12046765476294125,0.0944936377708756,0.09309688975448552,0.09751967742765845
1403,0.06092982982352569,0.11456014350510937,0.098172534470317,0.08916120673851839,0.09452271853829217
1404,0.055230226943965934,0.11263880224550622,0.09416255285427146,0.09580935954057447,0.09049527859097581
1405,0.05456074228807891,0.11465745735170278,0.08986713917053286,0.09784139427039082,0.08894297583077213
1406,0.06544923988707031,0.11363405198706902,0.08781473327023338,0.0974493864429897,0.09236951445083899
1407,0.05725547982844683,0.10942590259924546,0.09171243290127802,0.09479214006542211,0.08780569338034167
1408,0.07209379270525991,0.10733269913123487,0.08868018716078252,0.09202443540682541,0.09067400683326642
1409,0.08312358972709338,0.11100291014786892,0.08973853543169524,0.09142886101813928,0.09542197686762674
1410,0.0929182432122511,0.10872597215394812,0.08421165787309233,0.06823438477395762,0.09481197170693406
1411,0.09313209512927438,0.1076320144501675,0.08091665237052913,0.0680357525047031,0.09346510433494107
1412,0.09372415620648913,0.10342737908762104,0.08532474491885976,0.08580597299064727,0.09382776846798496
1413,0.09303159757491664,0.09783736595752486,0.08478713964023045,0.08358832152887347,0.09153941399387065
1414,0.0926964531758957,0.10314708061192253,0.08901866046945463,0.08932386697170382,0.09444014619788714
1415,0.09275255617242452,0.10192212315534906,0.08942582838412458,0.08647165770523696,0.094110688405899
1416,0.09275719973285908,0.10293237140121674,0.09140673498693214,0.0867128057134062,0.09525802336038823
1417,0.0928777017151999,0.10742227757578064,0.0943866035521884,0.09034705328997857,0.09808606600723695
1418,0.0928256181211408,0.10713372287677114,0.09496103220872035,0.0897453460480663,0.09860648971735096
1419,0.093050195066799,0.11066004159527783,0.09145023076267104,0.09213547186278086,0.0993408034246056
1420,0.09307322281118323,0.11073057707468213,0.08965506203370067,0.09368590539274944,0.09873876711014289
1421,0.09280988399584562,0.11226727705626441,0.08721668993335999,0.09447862209392556,0.0982660229867774
1422,0.08271159705164936,0.09803802936710077,0.08760923440381185,0.08124330432418794,0.0899972403994362
1423,0.06436891568356701,0.08129528049613315,0.08843185710564806,0.06728701642658456,0.07803473555150514
1424,0.05553885246282934,0.07356292155565357,0.08352940068962696,0.057628555375152116,0.07079140962505402
1425,0.0484241008663949,0.07192960656549231,0.082643997103108,0.05310291265398966,0.06757454556191711
1426,0.04053003322948658,0.06213189615010007,0.0791619598252978,0.045785478425787646,0.06013443641151405
1427,0.04043296854362981,0.06502582118207845,0.07835876154242999,0.04819483990169328,0.06099412246253624
1428,0.03952813672474663,0.06654229895443178,0.07908443923589441,0.05451702980383134,0.062036400816621394
1429,0.0438507197846516,0.06963716615859811,0.07718421704190612,0.0589906892628887,0.06484974933913251
1430,0.04422666612730148,0.07718675000024192,0.07683940409783405,0.06434877566130597,0.06722826220843202
1431,0.05023646987727905,0.08634554344598928,0.08066122535937201,0.07190092042034552,0.07305481609021869
1432,0.06419744352705663,0.09481979541635928,0.08118627321197638,0.07682909346107612,0.08080494944939899
1433,0.08325135394201957,0.11003413634694093,0.08165270794969277,0.09007436715041674,0.09247805682347887
1434,0.09261569677341247,0.11154317645968401,0.07634132832882928,0.09256067282560126,0.09416961259728993
1435,0.09339769693725794,0.10984852098662888,0.07452070939109494,0.09164761835361714,0.09349929578602546
1436,0.09399244971030582,0.12031573901614356,0.07625968916912679,0.09329115961860845,0.09778449590889239
1437,0.09401147025929504,0.1296735393292078,0.07627279669589662,0.09352992459428817,0.10166066608995934
1438,0.09310308394078588,0.13794788966672267,0.07558783966348724,0.09462542162124686,0.10472179453984419
1439,0.09325216233452223,0.14197504163446234,0.06727146097692721,0.10382793972176432,0.104513583308189
1440,0.09384291844042439,0.1364607143205892,0.07200115042563617,0.10105672941343599,0.10430979803483607
1441,0.09357517010136124,0.13903653622218046,0.07188517602937551,0.10197453380191897,0.10620625313227515
1442,0.09389533656722905,0.14240503600960186,0.06873952894183669,0.10734863904117163,0.10816527435630953
1443,0.09344784506236092,0.14435000498755868,0.06701689152090835,0.10561096051360519,0.1092143021354369
1444,0.0934257893404518,0.1433080885429503,0.06527513364678898,0.10489761679622281,0.10840752264740001
1445,0.09365408040966983,0.14164988798120562,0.06045368333785606,0.10532464978872512,0.10663545501702797
1446,0.0834048496563369,0.12730966437853836,0.06705353846469546,0.09405352378960043,0.09918236634269095
1447,0.06663044656344853,0.10817188491537201,0.07738659192872395,0.0886866440765849,0.08738265560078078
1448,0.05709896836356644,0.09374882095969131,0.0825765375544995,0.07493898175129915,0.07873640117788411
1449,0.050109909488192876,0.08070381941955462,0.08250228196048048,0.06603262191141213,0.07109210688995264
1450,0.04452100932795694,0.07446779640613378,0.0809536525238466,0.059683356695348196,0.06643322538567215
1451,0.04463710451481034,0.07409157831596096,0.08179193295704347,0.05859388344527584,0.06659382479805681
1452,0.04303886249073718,0.07845201325246912,0.0816574246701594,0.06384818181942359,0.0684062318910658
1453,0.04624287062393395,0.08470296488043602,0.083012752908555,0.06643633033297856,0.07290082419901667
1454,0.0484374354585886,0.09527215104625081,0.07893041788238779,0.07711369018369826,0.0768116125116646
1455,0.05478977806614813,0.10736962616468823,0.07803454394290243,0.08673998014192541,0.08375940154106347
1456,0.06802766310453562,0.12023739467414618,0.07910988097904245,0.09936797253167781,0.09224147154145672
1457,0.08703060653069584,0.13449678676788884,0.07840781908968927,0.10991062931784787,0.10271152399457825
1458,0.09871626616902629,0.13836464511530028,0.08959994177826199,0.09463859392059149,0.11040756488542731
1459,0.09884916874081269,0.1405705538119948,0.0790177680500541,0.09114910894631077,0.10787914893128521
1460,0.09691252289094598,0.14261776752563773,0.08197793560474531,0.09057480626301874,0.1094098412713179
1461,0.09461399443522707,0.1425663242281603,0.07990090359300503,0.09767705227487973,0.10840194503299808
1462,0.0939059491322931,0.1386457486543546,0.08058385754343153,0.10033079690579004,0.10632189099736458
1463,0.09395168940512436,0.1371255363731962,0.0780541114005112,0.10820230081907076,0.1050935885153491
1464,0.09371910381242184,0.1378939762091692,0.08071454654200676,0.11581729994872195,0.10676966097228598
1465,0.09367587920908667,0.14122452118122833,0.08226627420120107,0.11901993161900741,0.10939446128117919
1466,0.09376295758039452,0.14148817552281778,0.07915211453172649,0.1188149619238933,0.10950948597547314
1467,0.09374931789819943,0.14566671954474436,0.07244681153203217,0.12108783190742121,0.11035267883087684
1468,0.09399730989819224,0.14824480724196912,0.06656867110289794,0.12385078981608226,0.11071940983471042
1469,0.09388541296444639,0.1477995602729433,0.06772457365866537,0.12279636614448301,0.11073422078091923
1470,0.08364539683788463,0.13557855838470875,0.08099054549147759,0.11216096405154453,0.10568815863426909
1471,0.0668933484764889,0.11194653216370797,0.08885032196282586,0.09419488693356218,0.09169883097838333
1472,0.056798930080248576,0.09975090835386168,0.09436132657947549,0.08366977838900133,0.08420402982830134
1473,0.049197171038041644,0.08747235122365185,0.09438268790520432,0.07364830424117585,0.07685950687144306
1474,0.047954682265116136,0.08622182975862853,0.09389143195629379,0.07067718650922047,0.07567748105433368
1475,0.04681746979232987,0.09076201848684283,0.09542227940378509,0.07063735866875212,0.07756821628089083
1476,0.04878705273335259,0.09835287672885691,0.09629271720654337,0.07377217597050019,0.08247370929483641
1477,0.052412365247358206,0.09708275472969045,0.0941653023782692,0.0735712599036401,0.08414555742834365
1478,0.047766439684691984,0.10050094984899353,0.09168304044383174,0.08343624928953414,0.08207046141595002
1479,0.054860702560267566,0.10475131997276885,0.0850436682883533,0.09068084792366421,0.08330092614261747
1480,0.06567305031615875,0.11136655112322387,0.08284478094688828,0.09647012861431215,0.08870086465087866
1481,0.08393890542444667,0.10995834454140485,0.08122889089896271,0.09372218611424916,0.09409533075113724
1482,0.0936656570477109,0.11189709331683019,0.08148416140395028,0.09304198748426824,0.09770416545550206
1483,0.09409551097277838,0.1142792327442385,0.08760745257456436,0.09571131407877073,0.10050309834503844
1484,0.09436973745944517,0.11979655748020132,0.09043412407475883,0.09967806293430022,0.1039112389239323
1485,0.09446161668813409,0.12414908353750721,0.08833870363252805,0.10116720563662063,0.10509742099243075
1486,0.09444634039278968,0.1348986561209193,0.08146322303061442,0.10738596210212435,0.10836472399230021
1487,0.09445384552061295,0.13727328661791718,0.07732190608745595,0.10613082334562526,0.10844143800284303
1488,0.0944093306963818,0.13496040710471163,0.07988301472812535,0.10462762166756448,0.10750774611935608
1489,0.09463271684795475,0.13768978033042964,0.07222220671512887,0.10629529134193277,0.10785370932759983
1490,0.09429020271492738,0.14015951123099893,0.07048889442590134,0.10750505363903733,0.1091140570207421
1491,0.09423756029177172,0.13930183131911436,0.06751221229324449,0.10970706147277222,0.10884891230302961
1492,0.0941828259838055,0.13648228574657253,0.06408953306756426,0.11524851056592143,0.10654778602782895
1493,0.09405468307650042,0.13212279785947528,0.06353491239990514,0.11338637908248476,0.10339170524192413
1494,0.08357812161628837,0.11694863733862772,0.06723344189379495,0.10105149552818285,0.09455681126160145
1495,0.0660251000522398,0.09579004682382312,0.07857273982828032,0.08372356799476517,0.08243672500184912
1496,0.0552553970937046,0.07991059824393283,0.08110572739858085,0.07083351970026389,0.07303491508297892
1497,0.04773348462490603,0.07002447114834515,0.08093452336054657,0.06294421270704564,0.06699097755839846
1498,0.04493488311276477,0.0667687297390819,0.08020025100747688,0.0620226859721699,0.06461510891557208
1499,0.04545934424360153,0.06644693427161534,0.08110673205194013,0.06440471334815577,0.0651512776846122
1500,0.04345084618143091,0.07233317490819877,0.08409396081129095,0.06903218516904006,0.06815047346578644
1501,0.045903476452153764,0.07991743376761325,0.0850655548084119,0.07527170721581979,0.07194792280114869
1502,0.0472960588770635,0.08897298916282759,0.0839606355750507,0.07900974458506242,0.07511225204712205
1503,0.056754894803662886,0.09699702093496147,0.08338003322627706,0.08324832252665158,0.08120991097482046
1504,0.06820302607867981,0.10841474697633592,0.07943539720522039,0.0918495570706559,0.08764249136812718
1505,0.08188911643406128,0.11928736392816698,0.07561072404783956,0.0944459270414453,0.094404774603658
1506,0.0924472077589808,0.12253617324952377,0.07335955400824812,0.0882725855866748,0.09755436284958524
1507,0.09352510335954298,0.12112968839637711,0.07369843914047913,0.08654775077274544,0.09772449747421633
1508,0.09437592150253006,0.1206420566499354,0.07999406569153958,0.08736250446733214,0.09950175855690863
1509,0.09417014874329004,0.12395944764433853,0.07859346968744024,0.09461280091334227,0.10054196158300656
1510,0.09445792716842319,0.12566470185875417,0.07854961232458185,0.09939413244902344,0.10134026089665382
1511,0.09447389780531568,0.1245649866961408,0.07613322566671375,0.09996082638855991,0.10042612018374793
1512,0.09431817578764687,0.11556918930181308,0.07701248243406893,0.09706240901406586,0.09802463303172355
1513,0.09391853165362514,0.1306153985444501,0.07041916742971653,0.10662427673610542,0.10252282350586141
1514,0.09374608521100129,0.14544719407614573,0.059885455861197465,0.11583129041250576,0.10732617206859377
1515,0.0937291192748532,0.1466631172787147,0.058654632285421844,0.11820746311092428,0.10800758005792042
1516,0.09391070387163875,0.1460849264478124,0.05959629226522983,0.11876601145648613,0.10800029699899073
1517,0.09370774647463696,0.14536057859526091,0.06086521455412739,0.11593913543336087,0.10816335003079125
1518,0.08297701659480625,0.1306059348111171,0.06935933154774383,0.10430550718069323,0.10034209468660368
1519,0.07058800081860189,0.11622167077812838,0.08172769013717782,0.09356028368639704,0.09266018679131896
1520,0.05939946520200007,0.09796573626375563,0.08632009491017166,0.07916156870691256,0.08275432166899092
1521,0.05777534822642468,0.09479405045840397,0.08811649412972691,0.07701799252140323,0.08240052267286835
1522,0.05463437765288089,0.09491440736852022,0.08839405976063801,0.07908259418097918,0.08207712694810783
1523,0.05006211516753837,0.08933121576890844,0.08689045431881613,0.0754404137633664,0.07747410213583862
1524,0.048632938834271895,0.08606709837224542,0.085325500891861,0.07607972490904223,0.07575586127506438
1525,0.05058544487587063,0.08964662220916327,0.08434587336499429,0.07956729673330513,0.07725787378655752
1526,0.05212006156607703,0.08682991469965423,0.08407469936670307,0.07677687311533979,0.07591926011275785
1527,0.059960370539351694,0.10458144014892821,0.08871137178798816,0.09243517604188899,0.08662495790974356
1528,0.07713751478906286,0.12097019901722345,0.08748245693089031,0.10397680837530576,0.09829590120738312
1529,0.08585410870292044,0.13693089748157888,0.08862670432395633,0.11440222022558338,0.10676289933020834
1530,0.09237043822153611,0.13693108669187637,0.08728974349286191,0.11488576994819051,0.1079467424122604
1531,0.09364742479088867,0.13805573524552622,0.08304605215167649,0.11234561704736735,0.10718748090491997
1532,0.09405795361402475,0.14086485363237553,0.07810509772375976,0.10887679706814982,0.10664126123128634
1533,0.09337015676781672,0.1449779142681931,0.07040471706598482,0.10970621180148876,0.105580027981282
1534,0.09388482170912221,0.14322711677851907,0.08361609635336252,0.10887101897936087,0.10901787822060185
1535,0.09361313356296522,0.1452745544312401,0.08652552006453518,0.10911084656095958,0.109957151872837
1536,0.09384659016597392,0.14613762929289317,0.0920005514795278,0.10623966975626747,0.11121771616780665
1537,0.09376112385629136,0.15422342373611378,0.09159944714013721,0.11546718566972078,0.11418934253022327
1538,0.0938471931294314,0.15786592203083605,0.09341866546150902,0.12090368973123783,0.11573795688962847
1539,0.0939733473151428,0.16099952506114146,0.09214297771446296,0.12314322451644732,0.11717005861864317
1540,0.09406147175470823,0.15895085425888184,0.09169981063406533,0.12146074782879858,0.11707801747863737
1541,0.0939034363865256,0.15687054497998296,0.09111040437999544,0.11970357419414059,0.11554009321149603
1542,0.08570952832978897,0.1376697639227437,0.09285877265476651,0.10536927656585644,0.1070661307084481
1543,0.07291587259416096,0.10891473973513692,0.09539177542764697,0.08837634756348901,0.09403281028002962
1544,0.055122167785581266,0.09216100772986044,0.09343948249701967,0.0779747318470881,0.08062094322911537
1545,0.049030129334991505,0.07584081629715864,0.0925612369531651,0.06533726316518358,0.07247554609105906
1546,0.04624930419673126,0.07038795965871274,0.08842631652492558,0.05994935626757196,0.06801434029144676
1547,0.04758910221044238,0.06988926606343043,0.08535917651543506,0.059669154166979065,0.06765928713868026
1548,0.04508311956671243,0.0673800967995635,0.08562794465751511,0.059362404715856826,0.06577671027056806
1549,0.04445115630789711,0.06539813259439348,0.08502680238254542,0.05855503722551533,0.06470970329741765
1550,0.049103164223687844,0.06883241256060103,0.08424613370876607,0.06203727159347642,0.06738473681018829
1551,0.05791893264128122,0.08055754580704037,0.08598011940921409,0.07175971155698196,0.07531586516766532
1552,0.07565680148363017,0.0928812195806637,0.08674271835171367,0.0817781219152673,0.0855740807377176
1553,0.08649519018037011,0.10793354085325052,0.08802680622736472,0.08367655398566366,0.09391086045799414
1554,0.0961929940100644,0.11888128057176622,0.08949127212378769,0.08026847512594025,0.10085679687308431
1555,0.0961883756907075,0.12555012302671603,0.09175521647248573,0.08246997854376711,0.10377233568197207
1556,0.09898451277256368,0.12428150310519748,0.10596242148920804,0.07660842211667113,0.10898038197681517
1557,0.09982611778608767,0.13248188687940848,0.12222405483087932,0.08238006940479765,0.11749902903559048
1558,0.0995873685758883,0.14032566302444083,0.10765649565062772,0.10975480928385908,0.11575171264815537
1559,0.09964632182113958,0.15460811322808832,0.10116496003453003,0.11936574934432886,0.11873144727170488
1560,0.09968441309436613,0.1642660691658798,0.09110997858935714,0.12421684865018283,0.12027541433911791
1561,0.09876287177566091,0.16747461690250398,0.08521719647037522,0.12531620366896792,0.12139056329053514
1562,0.09532023873972816,0.1667705827935967,0.07947663340060175,0.12475146839050798,0.11967802943587273
1563,0.09424162148823395,0.1667587017730385,0.08046130457886225,0.12737747978974007,0.11969015496747082
1564,0.0942236706624597,0.16612892667088472,0.08370520298798248,0.12872642596003486,0.12064082162577483
1565,0.09394783872120395,0.16506686485451852,0.07248772885880281,0.12815901968294532,0.11871751538087189
1566,0.08210214250522384,0.1481187518666381,0.08008099099169023,0.11760781533324624,0.10947042242004927
1567,0.06853814325078274,0.12306568743988396,0.08369325746952269,0.10071349987352039,0.09555494673198023
1568,0.05770822024776819,0.10406906479630015,0.08829872948416495,0.08510475805341888,0.08469215121827144
1569,0.051711464756389956,0.09056238231823287,0.08817281512034177,0.07524584284785163,0.07727831124547309
1570,0.04575446814278647,0.08382016420296123,0.08705527980496262,0.06809123372577973,0.07216870627339175
1571,0.04438622924874558,0.08357560085250937,0.08731506279474398,0.0693827798520783,0.07153831773177877
1572,0.04494195947128094,0.08680971977886275,0.08821136042156974,0.0752187803713761,0.07398387658911476
1573,0.04770250799228061,0.09426434563869254,0.08544024385033974,0.07986726107538539,0.07734131993324361
1574,0.05223397275737827,0.10294974214402301,0.09245810660801973,0.08705812750650273,0.08469393983940346
1575,0.05929408878681811,0.11721974205697193,0.105517832711137,0.09974424568521237,0.09598436729666257
1576,0.07143947855427495,0.13521155421910117,0.10910475124878745,0.10870795843427787,0.10652807183385253
1577,0.08847057893377379,0.1465396191544605,0.1162770657571264,0.11844635863227201,0.11749967279159838
1578,0.09888343823574719,0.14198156552070454,0.13264512881486415,0.11811114606521977,0.12418747172653137
1579,0.09962396107683993,0.1474978654312317,0.1350858833466051,0.10995527939533295,0.12676852292117716
1580,0.09979729155091327,0.1490177697113081,0.1387948780761935,0.10708026123732084,0.1282402960294164
1581,0.099546230603578,0.15094045257942787,0.10062367246692897,0.10626025668744066,0.11755131767946539
1582,0.09715369759304388,0.15094049397519907,0.07530345110038775,0.10791783309979248,0.11009478708120463
1583,0.09444986766196677,0.15131521226237152,0.0766783849303509,0.11658899896001258,0.10959804205274717
1584,0.09407427710588159,0.1596272973245757,0.07535933209698473,0.12105991201342452,0.11214811587371971
1585,0.09389249709637953,0.1653308338160895,0.070362553372739,0.12602983840520718,0.11394003752834642
1586,0.09381326105489388,0.1672971976420405,0.06175342834024998,0.13196631861654923,0.1141541978214806
1587,0.0942290381454576,0.15978435820769885,0.06013927791325786,0.1302506176709164,0.11202466936576104
1588,0.09409988378395154,0.15685564097946236,0.058817871191006454,0.12931380047888974,0.1113137564800764
1589,0.09379207081155971,0.15774707507174468,0.05980577561224076,0.12969259974730743,0.11156031115846997
1590,0.08358596088598848,0.14561298974372397,0.07269689607120366,0.120472045879942,0.10619857817635475
1591,0.07675143581502888,0.12778649288188323,0.07645817050806857,0.106484298847433,0.09798686652512596
1592,0.06368787900542532,0.11774237239746686,0.08538329612097979,0.09756630949549557,0.09103088742889598
1593,0.055658052487650926,0.10931176977704621,0.08496377345585861,0.09106803304736498,0.08571493831096816
1594,0.04662167385773676,0.10136911789608986,0.0873978803432799,0.0855637077531476,0.08007496754356659
1595,0.04353949935989313,0.09091586858734517,0.0862115136065364,0.07755649883519179,0.07494868394838093
1596,0.04401261565592192,0.09219343193976545,0.08602276754613136,0.08031811273383405,0.07631242689782089
1597,0.04760689894191549,0.10040028156077908,0.08332278441163317,0.08794217538578857,0.08061951988206226
1598,0.050518799164502935,0.10749701345303693,0.08169477078026506,0.09287177703602184,0.08342236736913992
1599,0.06044446413875428,0.1185271622977558,0.08426675997394426,0.10133758704786663,0.09104109860581042
1600,0.07332930415702203,0.12852815878422488,0.08607643348510344,0.10677850202296847,0.09921529304876363
1601,0.09246671268788524,0.14155943259621204,0.10165457291870528,0.1119515877288176,0.11387187513111723
1602,0.09863282724711793,0.14214170341693358,0.11473598964311901,0.10407127372640382,0.11975482730068102
1603,0.09851095317620054,0.14421344002117195,0.1156892888170296,0.10495823925711602,0.12084190927648877
1604,0.0993158527311269,0.14352192224781152,0.12439671927282882,0.10432979259393714,0.12321322912863039
1605,0.10005898471613289,0.14415672664084941,0.10962162077849363,0.10588648302546322,0.11892019937366566
1606,0.10003678119924922,0.14690471612968867,0.09382454079639554,0.10969568069403961,0.1150178106475503
1607,0.09948657038562216,0.14881895767092645,0.07766878931923024,0.11458436047320515,0.11088186975219985
1608,0.09595235455347544,0.147074095908926,0.07457433599566264,0.11154312587543071,0.10885636271468165
1609,0.0948669339657884,0.155614700574459,0.068011160551154,0.11454073112802905,0.1113362436919833
1610,0.09488024940254522,0.15808266329602585,0.06346293826390859,0.11670457478275457,0.11297489460705376
1611,0.09468691016080426,0.15974884243050294,0.0629395494101749,0.11790429952118313,0.11373702173377309
1612,0.09420256197775115,0.1622866445167965,0.06097534782782828,0.1251744654317824,0.11342759469853
1613,0.09386664015171431,0.15827197832818754,0.06382025071593779,0.13002179605973777,0.11213402789431735
1614,0.084782552166731,0.1410107307078316,0.07502297827773026,0.11651356251231493,0.10424715790968601
1615,0.07534503817864278,0.1282453768740106,0.07953360425577692,0.1048446458900547,0.09641033674517725
1616,0.07666908049960781,0.12014722057121395,0.0804162799804096,0.09816222134746778,0.09337310385678603
1617,0.061847565687689725,0.11529007555135315,0.08191646356041944,0.09431046517448238,0.08604873901144991
1618,0.05828174582443842,0.09946266157810627,0.08322081620204047,0.06350116362224897,0.08056113306433396
1619,0.05453954850225171,0.10015433828745039,0.0843302333312851,0.0613873543004437,0.07969964440698742
1620,0.05101160702757274,0.10401129534246031,0.08378575098600612,0.06351112087736954,0.08100452548165087
1621,0.0486433992843594,0.1128091702351437,0.08498842450418972,0.07241589707851231,0.08296834430743771
1622,0.0495276600581875,0.12332257521235579,0.08277453674407301,0.09642735865681172,0.08701165441079857
1623,0.05733847776815625,0.13246348069654545,0.07926680974874603,0.10323775631383154,0.09198275488835567
1624,0.06941084647415029,0.1432522275491191,0.0701467449511173,0.10668268828168727,0.09653658988912135
1625,0.08434045659235112,0.15209500787514532,0.06276271150474362,0.11088136130074415,0.10182736087690608
1626,0.09254150572840411,0.14163750667874722,0.06501718921542879,0.11218621467890633,0.10187300946162797
1627,0.09342165224570298,0.13442097684124651,0.06910852335741682,0.11022148156941187,0.100917230441533
1628,0.09290659345565198,0.13915326678352774,0.0673693540927698,0.11338808478424142,0.10233287549149431
1629,0.0928243014711642,0.13486562521114095,0.06469771627703946,0.11055473799686372,0.10046434212445884
1630,0.09355951490853824,0.12687001075070475,0.06554270972273879,0.1058325537343812,0.09784467415821553
1631,0.09321667367102143,0.12538316658592358,0.0634793415733504,0.1028008268978991,0.09668104325880827
1632,0.09315202009240167,0.1354437320407887,0.06087056427614531,0.10830967764406536,0.10004636578535107
1633,0.09302978614377094,0.14163854804276757,0.06093343871154131,0.11148710380596587,0.10276711381270347
1634,0.09360493194420905,0.1494270224292586,0.051692547456379294,0.11661023425254749,0.10526008158965097
1635,0.09372676714719437,0.14668038218571613,0.04881326833946837,0.11610502770742161,0.10484703255826418
1636,0.09368877617309951,0.14658236008804051,0.05014116788738895,0.11839179304239222,0.1048044278904707
1637,0.0934826808167986,0.14632942182471453,0.05078984555395063,0.11943893875894149,0.10404587976528322
1638,0.08457387363634648,0.1371241666920381,0.058404339832491305,0.11188373345324591,0.09876072303790527
1639,0.06671656526524697,0.11371108841072304,0.0704338973140431,0.09522349058246915,0.08667891763819059
1640,0.059292873373291005,0.09621705193350608,0.07657611830094684,0.0815166530005859,0.07862384924956757
1641,0.05158881793410814,0.08656779672788972,0.07842257942175491,0.07334598905064686,0.0724307576618237
1642,0.044899262650438795,0.07832408673750915,0.08326774968710268,0.06571426664167733,0.06816090190117594
1643,0.04546998502536912,0.07939390375192631,0.08374384311533949,0.06471582276001088,0.06896378891644817
1644,0.044139142383509584,0.08567973924402751,0.0853234951585067,0.06982123452580936,0.07189589492022339
1645,0.047097315698577294,0.09097708699610065,0.0837911678062069,0.07424032904421507,0.07528654313911873
1646,0.050159706594298664,0.09603724856022026,0.07814246971657868,0.0800792894275255,0.07701538810292528
1647,0.05615317489669988,0.10180120649389632,0.07145175176977671,0.0849076276384249,0.08009716010425787
1648,0.0680034966271103,0.1159013041838436,0.07143370680809524,0.092706044113001,0.08872560627878273
1649,0.08376745780358186,0.1338968703415639,0.07017716327293994,0.10652616344528053,0.09850736846089794
1650,0.09782123643298946,0.1382380415699308,0.06846987207759189,0.09741219839145705,0.10319182176138829
1651,0.09895195567011669,0.13886718796044206,0.06658169289170372,0.09772204562468637,0.10343844409033336
1652,0.09680457455430133,0.14379416381118185,0.06417194987385406,0.10157253529477286,0.10407506235955612
1653,0.094456568498801,0.1471708260699527,0.05959827175433031,0.10258984911862139,0.10347969628070251
1654,0.09448233160314932,0.14097810490985255,0.06893010776803647,0.09990568118870892,0.1031401718426471
1655,0.09396680262672666,0.15309811159911302,0.06647924494670897,0.10397281934598744,0.10686356284264761
1656,0.09377815965753808,0.15735003702395828,0.06493952343132284,0.11424143463536539,0.10892223887142104
1657,0.09439614998409909,0.1575056656484015,0.05821952599299541,0.11541342266033894,0.10909540034684852
1658,0.09435353255183547,0.15516967772588272,0.054048133006650234,0.11336530747462764,0.10775502598379606
1659,0.09400500839858268,0.1527272374711187,0.052175706027259,0.11197549349218269,0.10593099486593115
1660,0.09373126371981523,0.15130327561249812,0.05766298613242808,0.11333197238052317,0.10536972083307766
1661,0.09356351506146075,0.15093520996439289,0.061003229636644,0.1183986364577271,0.10553186361369674
1662,0.08373611432975721,0.1316482961855317,0.07055656929861893,0.11049588740994737,0.09798181200422239
1663,0.06671821742833543,0.10974620974212257,0.07894256547456582,0.09382525896920371,0.08724288606193133
1664,0.05872720094263198,0.08826473774664731,0.08319907593184199,0.07584259710609714,0.0774032011084178
1665,0.05153691240203297,0.0773596635488973,0.07946302709774526,0.06634880685388717,0.06966416932153939
1666,0.048392283833323176,0.07072041263993151,0.07828024143633061,0.06077734963354523,0.06602372756893372
1667,0.0461501909254684,0.07119346337395575,0.07831523962539748,0.06159564626988686,0.06515201435312513
1668,0.047036218705458245,0.06948034612972362,0.0783634661000881,0.05949993560254244,0.06550343558810486
1669,0.06398007926306798,0.07277446960917706,0.07691195919376856,0.06368483581174951,0.07187179546248851
1670,0.06873906558432162,0.08395049935148993,0.07692335025815485,0.0736243333452705,0.077390339527948
1671,0.07652910992032373,0.10106632137721888,0.09329541752385982,0.08692771545277847,0.0912763688700928
1672,0.09075133485777848,0.12007569662870471,0.10794361381471965,0.10224429460051905,0.10710220778327813
1673,0.09723834968918478,0.13020110365601706,0.09100741629898988,0.09655293633076197,0.10638558083850669
1674,0.10171272023024336,0.1311223214258963,0.08220972589124127,0.08902555642048822,0.10479614556979434
1675,0.10147528691841845,0.13442831621110718,0.08155474342055151,0.08879537161919854,0.10566298229610985
1676,0.10169561292767934,0.1379814733385266,0.07913122475802335,0.08738562113776799,0.10620088778771435
1677,0.10020040114508796,0.13212517522741066,0.08055146621596565,0.09203577465849518,0.10471491679669503
1678,0.09998236823738862,0.1258889689153055,0.08126547061583128,0.0958739213609516,0.10240764533933873
1679,0.0999860391967015,0.12330657049632289,0.07880838094722259,0.08903764054701874,0.10091846195539943
1680,0.09886995463164262,0.11711631516754767,0.07951592790212289,0.08829601188733555,0.0994809300777962
1681,0.10010430987609097,0.1345962696978027,0.07772800143608363,0.10242609358969444,0.10702806849398064
1682,0.10005791085783694,0.13965076416148217,0.07551637721891682,0.10614628474206494,0.10980383010827918
1683,0.09922349445285684,0.1398073181972615,0.07294243681766137,0.10540289972586105,0.10931419428004509
1684,0.09600308660170577,0.1373258067163009,0.05856811560597336,0.1022525494443872,0.10377709874147907
1685,0.09397030767018813,0.1355405817635704,0.055866921541755925,0.10133379839014797,0.10184781020401407
1686,0.09213497850496881,0.12939536424342268,0.060597392214408206,0.09775237341532234,0.10005872023570431
1687,0.08898680601556458,0.11090114861341623,0.06988810756425813,0.08823025782043196,0.09313920082922966
1688,0.0859486677809397,0.10494915895844896,0.07365501114302585,0.08491985825791563,0.09024036375394151
1689,0.06520925873938226,0.10300842659532045,0.07837611182950548,0.0834913759825013,0.08392161918251613
1690,0.06852332220911911,0.11003676457390545,0.08085299007175772,0.09159685847470654,0.08862876400846009
1691,0.07024138567781346,0.1131066735578628,0.08000544586254167,0.0922240174331186,0.09060814467764366
1692,0.06351444874387378,0.11024319688955034,0.07871685499699614,0.09016727699293209,0.08838672719446898
1693,0.0722145374972221,0.10706099040527951,0.07861037435647894,0.09153387921289069,0.09057709522560016
1694,0.07449839635393656,0.11964787239128476,0.07467006599663228,0.10128259312448096,0.09398166339300532
1695,0.06794217972370904,0.11809956676936327,0.08071779501056879,0.10172617745267508,0.0914727739770327
1696,0.07285682544650389,0.10913706031241323,0.08587461903993276,0.09228756762975171,0.09081793991289419
1697,0.08449644997072214,0.10955284520096989,0.08107699528930448,0.09021111397564834,0.09253595984139858
1698,0.09450934200813402,0.10693148977642802,0.07974803798208864,0.08822557293256302,0.09438452488402546
1699,0.09473741077697566,0.10351354784383601,0.07804939636513142,0.08697785925261618,0.09278446505388373
1700,0.09443995482276626,0.10009761700665952,0.08057812104561812,0.08493505841745722,0.09224690240787965
1701,0.09430588955689247,0.10568386995864339,0.07819130742888239,0.08782236569283883,0.09375611397907763
1702,0.09422845115547412,0.11666749558543572,0.06924082525707595,0.09266265301070978,0.09529985189348766
1703,0.0941314388762517,0.12153403311275704,0.0656611489513122,0.09341888040231157,0.09621345898379227
1704,0.0935141303897041,0.12775068743730075,0.06951470538189063,0.09501820162145176,0.09780311845031679
1705,0.09291193920024243,0.12297941343846656,0.07053114326821057,0.09094601794297655,0.09620010331949264
1706,0.09295894947239189,0.1100172526453445,0.07544708267869969,0.08377333822506391,0.09309422078753597
1707,0.09311592344540448,0.10605128594506531,0.07679656891275431,0.08034081426520462,0.09202742982663846
1708,0.09321206966447529,0.11645777249867234,0.07258276936598596,0.08700208115890115,0.09441061032300847
1709,0.09334410306557037,0.1201026685010065,0.070796513028094,0.08961782270414664,0.09519503661074914
1710,0.09097843768653464,0.1107326668173865,0.07447248608841892,0.08458705853362136,0.09264554934884195
1711,0.09022697006288732,0.08861839512025438,0.07695581215275972,0.0714708155939599,0.08502706389088045
1712,0.08617208654725005,0.08912454369812775,0.07567483352991855,0.07123936724947222,0.0834918803505618
1713,0.07747893109666709,0.08812067529436154,0.07949314014497001,0.06491397297025457,0.08183258893080465
1714,0.06947435851781619,0.08493665370537085,0.08305680877533861,0.059536937118726166,0.0793972093233955
1715,0.06846089296669366,0.08796486610651348,0.08787051173412248,0.060256614367497206,0.08200529582606818
1716,0.06802163358540894,0.09589269400591478,0.0951336585456994,0.063678809309818,0.08699256658099587
1717,0.07384759300978326,0.1001826829501825,0.09459195270830272,0.07048276375500762,0.08983190702237787
1718,0.07738508056491375,0.10193555605992644,0.09086309396913418,0.06967949906823756,0.08994949839701336
1719,0.08270421660048102,0.10478378347170839,0.08965149122699345,0.07115985229015616,0.09210017957971
1720,0.08724519534014058,0.10191609288291792,0.08921149150801005,0.06354891825137969,0.09240564597117136
1721,0.09034927078126917,0.10358636128132509,0.0874404587774046,0.056967705745830904,0.09313610501024458
1722,0.09299700244844522,0.10210518763484118,0.08655758068914352,0.05555633466097282,0.09300068699307887
1723,0.09273223368643724,0.09810685367506519,0.08655630782475623,0.05286414919094261,0.09160355453221858
1724,0.09338150324311663,0.09343833433478894,0.0834289107255152,0.05200986638812325,0.0890359516008005
1725,0.09325600063646698,0.09324780943050223,0.08357977532913646,0.05312915263971797,0.0889943196162102
1726,0.09310214774561083,0.0901317139585854,0.08300704246258385,0.0516479104240087,0.08778368772630442
1727,0.09287394932501632,0.10043468231961802,0.08226697479281687,0.05308393224665484,0.090903555469193
1728,0.0933758656908257,0.10992912600433938,0.07887735267076716,0.061357809745798526,0.09312278795730351
1729,0.09289474690641156,0.11500936327404176,0.07639950736157369,0.05998993433418508,0.09456504457107535
1730,0.09317107284461627,0.11633325364649051,0.07332351722284706,0.067234609547639,0.09438463459876159
1731,0.09299505851747515,0.11760836894975328,0.07238233295282344,0.06709824859898315,0.09464061199970167
1732,0.09281609866243949,0.11788376263177053,0.07467487455995274,0.07374695661665627,0.09494966725355043
1733,0.09275794195115408,0.11733430786188176,0.07476053847383515,0.07500980408234875,0.09449211114657138
1734,0.08718672340911023,0.10874191774130398,0.07518145158852393,0.07260376449546968,0.08969242237945603
1735,0.0860505207934351,0.0991384403985482,0.07422328080851193,0.07026709870330435,0.0861523433960883
1736,0.08699913747097915,0.08861556119946773,0.07483144661177765,0.06738938624320952,0.08307814355570474
1737,0.07182767622722125,0.08834750185343647,0.07476862806705906,0.06589085204363139,0.0783825036712323
1738,0.0663544235329454,0.08548879720990969,0.07694976540787757,0.06473516837881742,0.07635926995820123
1739,0.07881059030460735,0.09009233255839988,0.07926241613157109,0.061987324999076554,0.08300068021309001
1740,0.07239262054550119,0.09709051228106563,0.07957493954233882,0.06139994043808886,0.08436716547949115
1741,0.06387456637060963,0.09413861007399163,0.08027821134233025,0.074262427757672,0.0813004412446362
1742,0.07043357294793855,0.10525047648329675,0.07640542626247135,0.08751891519465084,0.08634134411270883
1743,0.07599965057074339,0.10849125649087701,0.07474356224896483,0.09238306997823802,0.08817017986159251
1744,0.08245790943604175,0.11414125851364229,0.07247505216102222,0.09756451592227014,0.09076410881138883
1745,0.08620556925264151,0.11747534608909556,0.0708905762550702,0.09912995492059049,0.09200922682073885
1746,0.09295378177693883,0.11947839565697027,0.0663975342248862,0.09854377354959935,0.09311469563592598
1747,0.09233526730514509,0.1214611437086781,0.06639233192155607,0.08764857162961621,0.09323592835259538
1748,0.09239942376464043,0.12076633917617366,0.07236614680788071,0.08476461116148452,0.09508092690391869
1749,0.09334420929227995,0.11631571852451403,0.06808568179463,0.08255243545723047,0.09196212903411936
1750,0.0939081286222689,0.11243451642626905,0.06670853352982298,0.082031464298425,0.09059839802570425
1751,0.09314197203858211,0.11698693891541409,0.06507801738656921,0.08662979685526247,0.09185945698726486
1752,0.09339924006321339,0.1254790874420133,0.06277700473501723,0.09630715562536676,0.09526665140972451
1753,0.0936160445507103,0.13373179593164802,0.05524630290090246,0.1024092626372414,0.09860930232048837
1754,0.093633761873911,0.13397862226650742,0.05250345131446107,0.10238110064052575,0.09933265587218718
1755,0.09411684743021541,0.13316240536542662,0.05588553964715434,0.10595550648627111,0.10035905633490153
1756,0.09385737598774321,0.13391333091284707,0.05530139041286813,0.11063225935828395,0.09994833391137212
1757,0.09361820108149466,0.13710822228342553,0.06194236292051115,0.1118338162942007,0.1018181840536873
1758,0.08173782589648447,0.12273594409397505,0.07952957432398304,0.10111731311268421,0.09697149718247117
1759,0.06310803535013258,0.09906778687298191,0.08580424349218298,0.08150805135100125,0.08396061047406685
1760,0.05375729632709347,0.08139478403993575,0.08465273632253456,0.06575095769891502,0.07344567994948213
1761,0.048012470207340736,0.07210505259414987,0.08398148849753517,0.05705932504266362,0.06792425537224318
1762,0.0456227948785967,0.06708695053605475,0.08336714348366467,0.0527976830593239,0.06520445205904186
1763,0.04528284932048352,0.0671397289266635,0.0816996731590592,0.03840482173764741,0.0645411085759391
1764,0.04522958027484648,0.07547860404883003,0.09151268364424332,0.04970791835275113,0.07104794804607142
1765,0.04668519804255798,0.08385687513587203,0.08868965918603187,0.06817869576192248,0.07447132141030406
1766,0.049400235999469196,0.09340992105052652,0.08792082159886663,0.07975688659732655,0.07923274651179886
1767,0.055481378471428186,0.10240511198663392,0.08814454569731642,0.08913400619477771,0.08471472998539088
1768,0.06647825594194783,0.11896020147625878,0.08857194464583588,0.097656335066073,0.09385652042403478
1769,0.0828213278229975,0.1418536364886378,0.07831930766466073,0.11238001936315314,0.10270343580273643
1770,0.09556591387752941,0.1434257957622941,0.07038171964620389,0.10301103712717787,0.10389057848876528
1771,0.0952162233650267,0.13391154989110726,0.07395535033882629,0.09605607018388605,0.101781622799587
1772,0.09537529619809008,0.12542354566040204,0.07584715891050138,0.09260990446539567,0.0993785028068916
1773,0.09526341889985959,0.11892838022937,0.07718590691749411,0.08784003950008493,0.09747232323648719
1774,0.0948184087559298,0.11377724130969788,0.07785927183160779,0.08326674086482043,0.09563902627706922
1775,0.09406954233516336,0.11632902675560036,0.07716944180307059,0.08278499870146486,0.0961766146029381
1776,0.09454243832469518,0.11484121734466124,0.0753893224432215,0.09449916121588657,0.09553605073007214
1777,0.09510131072073966,0.11821716876394546,0.07282454609855545,0.10160874421229261,0.09610521316252621
1778,0.09546120594409192,0.1213030256182432,0.06692571431913748,0.10390775653499654,0.09609490896103155
1779,0.09551350991017452,0.12104879864792514,0.06553178793296542,0.10372794593554738,0.09615402214298571
1780,0.09551815203585241,0.12044395044201461,0.06573242104582584,0.10253324138617416,0.09601461433219637
1781,0.09509278349731994,0.11942703188754139,0.06605066639051578,0.10040363051487465,0.09515774964412752
1782,0.0830985274845129,0.10838194287665102,0.06692864850155902,0.0895991915692317,0.0873587945237402
1783,0.06612911070682183,0.09087830948147568,0.07500533287756408,0.0766027473622632,0.07835278167674334
1784,0.05569166202573614,0.0791662005731347,0.07368993105137042,0.06443941442212311,0.07015961994691698
1785,0.04795888234934535,0.07204358174701833,0.07286833626171382,0.0572767056340101,0.06481416187702185
1786,0.0462869966480595,0.06834284860713272,0.07252287510680136,0.05377774252292866,0.06292852349043969
1787,0.04505479691724728,0.0687875769458789,0.07374283913222623,0.04815489926012677,0.06297955050700797
1788,0.044173347519204854,0.07321299550167477,0.07580216411498868,0.058003168216488356,0.06536511223548022
1789,0.04636674763078821,0.0776481134184452,0.07555359685803241,0.06399950395084092,0.06791833279499904
1790,0.04898826611041383,0.08652279365256614,0.07596261483056815,0.06620845042667667,0.07227337487084846
1791,0.05517027567093091,0.0974719364450353,0.0749964502450364,0.08177869871448507,0.07816421641831661
1792,0.0668461580433651,0.11213470904218284,0.07500589420273547,0.09278006840179315,0.08627267334604125
1793,0.08632174044022481,0.13129951211682467,0.07510770641712793,0.10488306109918316,0.09840557239306956
1794,0.09930742091583493,0.13761596768097847,0.07236979893400951,0.0781754276494682,0.10257713883198946
1795,0.09754554814033467,0.13112296357917302,0.0711785700843846,0.07144959985464282,0.09950750569564425
1796,0.0955415945637445,0.12341229512255009,0.0699205701849371,0.07987473113441824,0.09609546622618355
1797,0.09550206045468682,0.11490018793369139,0.06865002167842653,0.08363551091978785,0.09284415639793712
1798,0.09561392748626221,0.10490158501305123,0.06909938600943485,0.07676639519083885,0.089320633206136
1799,0.0957327640673193,0.10235200617187534,0.06917633813835507,0.07060372461566972,0.08843707583022432
1800,0.09543836683752481,0.10696302894802363,0.07007626340741192,0.0859659444289569,0.09097159076118835
1801,0.09558954375437725,0.11733874874829021,0.06848465048578266,0.09935865915919428,0.09496687768788284
1802,0.09555651336897576,0.12489536278613701,0.06447007909779481,0.10433586062948401,0.09727920899841391
1803,0.09566984097054379,0.12688285762302873,0.06123125553726749,0.1056791325137016,0.09793881652224666
1804,0.09518059586992472,0.127711423401176,0.060390234735684986,0.10754364808150976,0.09801614028153542
1805,0.09386014798442363,0.1265703855679922,0.05819837985444297,0.10678870931583709,0.09663715542245431
1806,0.0816314086424472,0.11173320452478104,0.060830749231145086,0.0944666180565667,0.08717429825405071
1807,0.06589959509177253,0.09390672716421042,0.06676789323375434,0.07851203964574124,0.07720724090333124
1808,0.05613211837642469,0.07957069629170271,0.07085346461766188,0.06539831682088598,0.06944783385643692
1809,0.048882886801199614,0.07208392675714208,0.07207871374399498,0.06084173040665003,0.06474602621819069
1810,0.04732569516514146,0.06935874222818486,0.07110363279283889,0.05947205110725422,0.06302357407015369
1811,0.04658759494344858,0.0711738417065163,0.07281952006236622,0.06243238126940369,0.06381827970502105
1812,0.046827665540732005,0.07152192796911057,0.07402656800637124,0.06237638694021856,0.06471177620131775
1813,0.047741927231114895,0.07207131985160563,0.07374968146083132,0.06251386000175961,0.0653837960681654
1814,0.04790617455725056,0.0764634315158273,0.07171015477935515,0.06604637058740709,0.06621132099428412
1815,0.04830980128031324,0.08803428820967264,0.0720624898403697,0.07527024450521182,0.06971552831414324
1816,0.052056142220419835,0.10443942061809053,0.07256418266528666,0.08049299084826614,0.0760494604346138
1817,0.08636526477937893,0.12322890730107323,0.07148594907326743,0.09593590151159033,0.09469039908106586
1818,0.09878083114658133,0.13029643304201466,0.07111596120859197,0.10337263868872276,0.10062314015770885
1819,0.10051582386519026,0.13081682650906462,0.07030856384559246,0.0968878119437232,0.10115059986928242
1820,0.1004682938797258,0.12456958527171429,0.06822869302467297,0.09363460053144207,0.09823964732958096
1821,0.10163250970971813,0.12033389325892402,0.06726497472904934,0.09122816926285587,0.09681495660753817
1822,0.10194438882162846,0.11404454155742581,0.06782235423328394,0.0875370334484839,0.09482889500691387
1823,0.10217335305955075,0.11587791252720214,0.06976271561437328,0.08301566738273587,0.09588509170843465
1824,0.1036665159581337,0.12032350276522301,0.07098526582197659,0.0835841147972072,0.09877045137629906
1825,0.10341337399332821,0.12822660823824508,0.06899173447580871,0.0875038646882661,0.10142912841702457
1826,0.10384816592277454,0.12654100263686838,0.06465690967106501,0.08734804832643732,0.10055042949912665
1827,0.10373942303862804,0.12488680753471444,0.06421864134467775,0.08558669501690375,0.09997894070790145
1828,0.10373769400500377,0.12058960348446905,0.06454859163924932,0.08974049377938041,0.09849184073969969
1829,0.10377331555170402,0.12117941552833579,0.06331944197812743,0.10121810759935376,0.0985678817543616
1830,0.09256009803284965,0.115036287950488,0.06685876601581023,0.09711096281559155,0.09384881193742689
1831,0.074733343347094,0.09752044587395009,0.07321799542851087,0.08408209095649162,0.08336541054288163
1832,0.06436684407171624,0.08315793001724414,0.07422745748105897,0.07027929631594258,0.0744562229141514
1833,0.0531200819548538,0.07946257362612535,0.07286275759756465,0.06717728857724363,0.06924718661301636
1834,0.04643924189173285,0.0766356163749723,0.07269321196441207,0.061871675184941445,0.06603469318072834
1835,0.04666894397959883,0.07540408802545381,0.07217867349806485,0.06093887066949217,0.0654834086503767
1836,0.0467964367933465,0.07872078582395835,0.0714906606367234,0.06519595435700223,0.06708080739742485
1837,0.05090078106303012,0.08958900324525741,0.07135315225759374,0.07157405792671896,0.07260077536714135
1838,0.05530820977213743,0.09607105355398597,0.07128116967641678,0.07521103843958776,0.07631717620927225
1839,0.05683735393710839,0.09772364872553885,0.07096242111560067,0.07076789273732154,0.07710136339181158
1840,0.070222982883502,0.11218131067878757,0.07126749074935751,0.07402955000141384,0.0864665428767784
1841,0.08302806206460155,0.12585469318394185,0.07057578007051285,0.08157185495909298,0.09434734085096233
1842,0.09997151169695,0.12670470751024848,0.08088333720062352,0.08629140803620218,0.10272557927195215
1843,0.10102523554322926,0.1257218532748228,0.0898298296847288,0.08652774456749464,0.10575727247869517
1844,0.10100481470291223,0.12339894797942837,0.09654322559472872,0.08671381303355465,0.10708929892771972
1845,0.10069521535960252,0.12412807865280245,0.0802213490395901,0.08733768229408503,0.10207181002915569
1846,0.09908021356410399,0.1258034929527652,0.07581018232055296,0.09667541998434225,0.10059961661202668
1847,0.09856989968236306,0.13508132822045407,0.07283731995828423,0.11052864348225695,0.10289220847603892
1848,0.09848450277125431,0.13839150332648004,0.07211339165160614,0.11278868109350437,0.10427347761289629
1849,0.09804852381479098,0.15898500307115845,0.06749338554899291,0.1250489815957376,0.11057282051782656
1850,0.09564721327217261,0.1691945763842282,0.06017589817195446,0.1304462586318374,0.11278861360821094
1851,0.09487468087093809,0.1663225359371081,0.0583219599587006,0.12817998762079735,0.11143909856741088
1852,0.09484758133965582,0.16335753332481723,0.05747164239862196,0.1256319690145573,0.1102610686515121
1853,0.09484864274159292,0.15857600952199358,0.05807160510036041,0.12197793311852986,0.10844242705542254
1854,0.08345710014945376,0.1382134854253456,0.07117406493016584,0.10962062925258102,0.10092097594238589
1855,0.06582439388402467,0.10756273644831817,0.08535587385567732,0.08891869698326971,0.08790966853982406
1856,0.055055251071813735,0.09158507293190923,0.08628177196551191,0.07644382293345477,0.07848698228903143
1857,0.0493851153876626,0.08192251232652327,0.08613361733751557,0.06827746983494218,0.07290591088471889
1858,0.04582249772470734,0.08389658495960713,0.08653762297772112,0.07095986538368715,0.07294231332127239
1859,0.04568339141899714,0.0875441441804436,0.08722197376437946,0.07035617562573983,0.074070029828592
1860,0.044321133675471275,0.09023710474426015,0.08933748297358786,0.06357508074679812,0.07529494550551827
1861,0.04724352868570438,0.09264717479157034,0.08864028976374144,0.06622310477025443,0.07689979474443542
1862,0.05043094476420265,0.09604497915224806,0.0876481975567109,0.07522714598264908,0.07912804768830826
1863,0.05890587673767462,0.10257577461093322,0.08494131753896537,0.08422786482927902,0.08427222445744521
1864,0.07142980290479875,0.11531151629727646,0.08275515504598444,0.09403259174394006,0.09177649329533051
1865,0.09284684388173443,0.1293480617189127,0.07981896123088772,0.10470556541356482,0.10230274912836985
1866,0.10865481624653196,0.12937893290723748,0.07545819576187648,0.10344680982213642,0.10554709336632144
1867,0.1130686681628484,0.12599783074667564,0.079472947149151,0.10216574587733808,0.10702367299191219
1868,0.11594577343196937,0.12992225848098957,0.09057378483595553,0.10453852765354374,0.11283814295711218
1869,0.118598641805227,0.1358446630120764,0.11191178990825759,0.10795823414234286,0.12249791011806152
1870,0.1207185597248201,0.14332279348928958,0.11206610651872265,0.11468952118973706,0.12608923012911863
1871,0.12126171884644589,0.14607842798847837,0.09404701084509151,0.11383933009793883,0.12122428571770305
1872,0.12103347181101333,0.15173908458124086,0.09022253514337183,0.11724966717761486,0.12170879349403325
1873,0.12067343354116908,0.15986656622609072,0.07352538392417908,0.1209441259236533,0.11963820062669041
1874,0.11730151204916325,0.162275106692397,0.05785915982694878,0.12309137806570185,0.11545328598023337
1875,0.11693500605568008,0.168774976064462,0.05366819732294785,0.12705596994685436,0.11678241048916568
1876,0.11719616671509438,0.16771697237847893,0.05068291101497583,0.1263857058682411,0.11628436375931718
1877,0.11653854341728409,0.16111356892973122,0.05651559073723507,0.12238744956569808,0.11550614076167079
1878,0.11624681283320606,0.14274595106239876,0.06649166848159158,0.11431950230210862,0.11149189608381713
1879,0.11426714549127881,0.1131268727184023,0.07771230792488387,0.09551180245727522,0.10222409328558266
1880,0.11201867118915779,0.10093818856499857,0.07963684066309354,0.08613505364854206,0.0961420319642391
1881,0.11075017392319239,0.10246368885672094,0.0829347408179145,0.08791924578169003,0.09671308364658313
1882,0.08059155727103066,0.09371790520682352,0.0777217463381947,0.07704069463622672,0.08538761372421735
1883,0.05313096706753343,0.08543895553506017,0.0834162956665228,0.06636572792814519,0.07493761620009047
1884,0.0492691591216192,0.0833443801223473,0.08173368440056172,0.06478915370085944,0.07216446027098795
1885,0.051904169735537506,0.08570418506998187,0.08015603483329285,0.06997539907575787,0.07350961627256236
1886,0.055506865633125235,0.09742486940444348,0.0827288703027187,0.08018990661765495,0.0801495498268733
1887,0.06343578617748817,0.11223910451051942,0.08212557228533983,0.09188261065267554,0.08830189927387715
1888,0.07577770609698824,0.11846139837412609,0.08091782976906134,0.09517942268100041,0.09325262479356662
1889,0.1009930825490214,0.13295327390081896,0.07925438823103347,0.10485641128864383,0.10570224803365814
1890,0.11798017436947719,0.13401620490143154,0.09048859924838712,0.09819368602554811,0.11462422572576925
1891,0.12059472138244731,0.13078395340382137,0.1040927904857158,0.09327513359870457,0.11853479537080373
1892,0.12090569462816501,0.13252127503088812,0.0960496962889652,0.09367727047743148,0.11680228190141193
1893,0.12072200765570078,0.13537869606752367,0.07381593343065343,0.09397454297278672,0.11129221348931026
1894,0.12021599340227875,0.14413440123129612,0.07121642687759147,0.09699914839251883,0.11460057541711599
1895,0.12087956196988525,0.1502214240229211,0.07026286888285155,0.11548060698345192,0.11813853317296165
1896,0.11992789692796893,0.15915803426978545,0.06979480371780729,0.13625267268256405,0.12154318113068159
1897,0.11890553072828944,0.1645074035939072,0.07268579980024249,0.14106359279314765,0.12489449032523796
1898,0.11791571501355952,0.16922663616011005,0.06304601829782741,0.1430420937475052,0.1256063970533058
1899,0.11693544816005018,0.1683318546890536,0.05629544821518689,0.14314856593577768,0.12504073465743126
1900,0.11720721064267858,0.16772952004486613,0.05646213622162246,0.14343927422573716,0.12507971477101412
1901,0.11726332017162398,0.16681071827640698,0.05981064909069609,0.14272867374827944,0.12542172203386814
1902,0.10099093763707623,0.15142927263866232,0.06991432956416013,0.12952651580985267,0.11553953344004567
1903,0.07851944313183798,0.1337858181075231,0.08116532620822166,0.11365043596547687,0.10301906097017395
1904,0.06700970407319216,0.11173711302973062,0.08492933304798339,0.09448989811432418,0.09003375347835034
1905,0.05882073687464414,0.10638471975364942,0.08620540852400294,0.08751132534713288,0.085740012386495
1906,0.0524771683990003,0.1044007871486946,0.08672209736875046,0.08532062340283193,0.08279191328756907
1907,0.05032007448781203,0.09987154798443063,0.08585341188931583,0.08428741970550878,0.08030661574732949
1908,0.04997493864990227,0.09806418309531241,0.08413970372729233,0.07902548152993155,0.0798190163078688
1909,0.05243764235326216,0.09952100342667772,0.0841428477804409,0.08574864358376166,0.08103061875377354
1910,0.05883022769521202,0.10376933873221071,0.08956261133251683,0.08923408911101363,0.08586643839396645
1911,0.06862064244387607,0.11549066363493742,0.10363760417362831,0.09930122432477552,0.0976040531574926
1912,0.08283976687482068,0.12416283915710961,0.10083614091349512,0.10542658386864243,0.10404914581037487
1913,0.10535928821922719,0.139245143459935,0.10453205317536994,0.11649051023049155,0.1171944476511025
1914,0.11985665620516374,0.13710705134139833,0.1031746619844119,0.11321916401628658,0.12032905439708531
1915,0.12082995584663259,0.13314792898893724,0.10679180498444382,0.10819020009787181,0.12036456335455625
1916,0.12171405246404088,0.13406125140810057,0.07873073580589074,0.10377608955546486,0.1119604672248121
1917,0.12118966191011461,0.14498637475633333,0.06190260190389132,0.10724830889929385,0.11092415164378289
1918,0.12124182307330753,0.1454372933174397,0.06625170696288292,0.10906453561578429,0.11220138909710622
1919,0.12127808818055245,0.15016563090320983,0.06348961493976168,0.11011175518690268,0.11410653608989041
1920,0.12113586466040163,0.16057501248554593,0.06142602956115912,0.1157400253085143,0.11853443398714388
1921,0.12129134431590491,0.16631523976657164,0.04816021444326922,0.11860728310529615,0.11912948134042937
1922,0.1212724035532304,0.1639752217331075,0.03888792436153592,0.117504819458657,0.11753367367091419
1923,0.12045973432190589,0.16185110854323875,0.033740671767134134,0.12878910201971336,0.11633029885911872
1924,0.12084649482369676,0.16063600925933103,0.051136409816009365,0.13009477795837673,0.11679677561609945
1925,0.1223574744269608,0.16477128766783727,0.06411298191229821,0.1344573708607632,0.12174713112922335
1926,0.10719014427936889,0.15375343213321,0.0835216063185871,0.12737909473058534,0.12022822302957457
1927,0.08164673894528751,0.1313489588671178,0.07155554987962277,0.10959819553888078,0.10057987567705874
1928,0.07476389119488631,0.11277941198928486,0.07551522461230264,0.09301401697089728,0.08986776960798021
1929,0.06177035506004382,0.0957879835592861,0.07553122627415983,0.0786810802462637,0.07902801769706362
1930,0.054966646819998764,0.09425799061343051,0.07657256156144161,0.07841002781958395,0.07635876956819394
1931,0.05271686443235585,0.08732606497583696,0.07726646218110947,0.07541762214780255,0.07362693701998349
1932,0.05288503822067338,0.08981188176744813,0.08079281905072554,0.07690616290692358,0.07611363881092902
1933,0.05690778176832762,0.09507539719499485,0.08943452941882739,0.08255456553464931,0.08269320592970521
1934,0.06083990709180562,0.10252004458757065,0.09668810921504398,0.09179910097292127,0.08888141459521495
1935,0.06895673006231819,0.11103166495364183,0.09698339831779051,0.09851274738836369,0.09462935845093856
1936,0.08263986503242236,0.12196846213164937,0.10702396278004359,0.09902244548402481,0.10556131833812891
1937,0.10472087537347591,0.13265387535493472,0.12227237832755372,0.10125811666907089,0.12092930589599042
1938,0.12037112138391318,0.1340468260053059,0.12339547214736263,0.09398538327398509,0.12579683874539138
1939,0.12063409003342189,0.13039996752375346,0.1232275624265376,0.09136313880132109,0.12446324253299479
1940,0.12092690318017203,0.13150530288531798,0.11893905110419546,0.09203477345804377,0.12339765296816393
1941,0.1209299727994831,0.13481091404909679,0.10811934728496012,0.10305582286994093,0.12103120224456339
1942,0.12098863487173453,0.14085511367128914,0.10391004462269088,0.1229837092685729,0.12250650153955257
1943,0.12175112612032964,0.1484037709384929,0.0777789639105198,0.1313860043703346,0.11789489917823597
1944,0.12187596493776927,0.14944976306232574,0.060288756804849686,0.13183292398232016,0.11390478650050923
1945,0.12148769364519993,0.1585430062807383,0.052936059286534415,0.13835805827819378,0.11752929435648898
1946,0.12164290860204073,0.15594628878964864,0.050391818798618405,0.13674016858633614,0.11693928823098923
1947,0.12058048181034428,0.15438493844685325,0.04342779092307788,0.1353334100331211,0.1154955605743027
1948,0.11855477376028317,0.15420544170784944,0.043201833394416404,0.13531451480074172,0.11486244129752883
1949,0.11745766336763304,0.153725295964842,0.045417032976808686,0.1346824689662077,0.11469927190291047
1950,0.10569227851192284,0.14420825049567593,0.05528739503062637,0.12543676400822967,0.10858867778918856
1951,0.08165234773060288,0.1243891671732823,0.07065560869993125,0.10879823723757269,0.09708343617979563
1952,0.08298442717857306,0.108365441718698,0.07328514067611572,0.09676912883273225,0.090018473754418
1953,0.07453026536653642,0.10220113805171535,0.07462078185086816,0.08993357484390277,0.08523522186119968
1954,0.06057073140579712,0.10315478498407533,0.07696821767863889,0.09159520929340145,0.08148806844052242
1955,0.056542188306715584,0.09643797477301036,0.07581590070130345,0.08476473559938803,0.07779453789071918
1956,0.058224357239980776,0.09764599139618613,0.07445983628270132,0.08313359252797059,0.07909016866988669
1957,0.06696298298884189,0.1099302974555439,0.08320381011160001,0.08564839486106768,0.08856278802534595
1958,0.07776732312602341,0.12263902077110415,0.10217731429998579,0.1030160471622948,0.10261191688819948
1959,0.08927183997245727,0.12323222052281536,0.1197447894346852,0.10223508213740963,0.11282967643195647
1960,0.08512901651867077,0.13048942998526142,0.12115779178203302,0.10782093640789961,0.11371305049194626
1961,0.1085133535411346,0.13558218962239518,0.12068067825035488,0.11162905373647358,0.12200729772518565
1962,0.12302735504023525,0.13309314601244818,0.12058692465858602,0.10551064229959722,0.1251521000625318
1963,0.12355707590453859,0.12882256994947786,0.11961705422752321,0.0999510090346179,0.12346460683899989
1964,0.12379769550220504,0.12730314689460118,0.10870360965824276,0.10283874020740509,0.11908795464630734
1965,0.12373133970370223,0.13481532375226415,0.10356253606975553,0.10791706289555811,0.1199093576774565
1966,0.12372830725498947,0.13904255418239322,0.08048882447021623,0.10981964018851278,0.11395006887024103
1967,0.12383566772871211,0.14773471602434823,0.06458608011827653,0.11917460016614506,0.11290957008587477
1968,0.12348075877955625,0.14738039285394947,0.060925474336209616,0.12148555248430308,0.11308233627834847
1969,0.12370272380422209,0.15411903111957856,0.054209606345967117,0.1288063610384784,0.1154044464394448
1970,0.12399416486649846,0.15696010249239745,0.04904693779415946,0.1309431966557785,0.11679082673280554
1971,0.12338832616885312,0.15533533669376273,0.045250652450569195,0.13105137904376868,0.11549874853918346
1972,0.12302586779713248,0.15211822912438958,0.042891768670654036,0.12942332620510436,0.11399160407481913
1973,0.1218807951087647,0.15091086783839347,0.0432356347622074,0.13325376339665862,0.11289595307413365
1974,0.11082663960204339,0.14055329991896365,0.05312487819594316,0.12567591166942213,0.10736216046522366
1975,0.08512561898246368,0.12104908502762399,0.06751362827782213,0.10669828020615006,0.09473635514321588
1976,0.07283547393413094,0.10200767129567076,0.07415290698812174,0.08972590197440451,0.08438729435383276
1977,0.09173452050038423,0.09642224950356741,0.07688836931704,0.08692699697574113,0.0883386833029203
1978,0.06035562086523822,0.08852586998864724,0.07633041270846813,0.07927845537418321,0.07589610040105821
1979,0.058057288184620026,0.08771156911184969,0.07484589959690759,0.07860073269826832,0.07445288220445581
1980,0.058758550955349,0.09329231563167642,0.07569735812872296,0.08386675154594277,0.07752961199174668
1981,0.07038674305638938,0.0985836279747964,0.07731711399941892,0.08808319272292055,0.08397230214256148
1982,0.06710216239498121,0.09799492138544803,0.07899450146058831,0.0861532144236505,0.08287410181314739
1983,0.08484952757361969,0.11092288915685107,0.08990178330080462,0.09748439566794473,0.09620822479635235
1984,0.0991034960734137,0.1150812528900668,0.10414897549455489,0.10111840334647958,0.10656787253653331
1985,0.11362851060630925,0.12571958358671198,0.1174267740692669,0.1106350597645659,0.11902882410894378
1986,0.12207863940405668,0.12714969510942895,0.12086637326085659,0.10414198364944349,0.12297068149529881
1987,0.12341187638888455,0.1291585014958999,0.1211518518935321,0.09573898953386085,0.1240534658851454
1988,0.12380754596741504,0.13391712295140362,0.11642516567888404,0.1009367792972422,0.12431067955337542
1989,0.1237116155651411,0.13678696075899224,0.09298332872778968,0.10529541027712087,0.11740376638330166
1990,0.1237367619307447,0.1390077252074502,0.06798868859583121,0.10626275275673004,0.11080957912966057
1991,0.12432228834236794,0.1544660040645497,0.05882786596836914,0.12682248023832604,0.11538965341993719
1992,0.12451228533695954,0.15790060542302453,0.05539602882075542,0.1302029965459579,0.11682304593413047
1993,0.1238951010674584,0.16089209051753836,0.05622438143615166,0.131333907899335,0.11787994395693906
1994,0.12290993499493305,0.15755452755552277,0.05271508282365712,0.12819344327609725,0.11571578787785686
1995,0.12122747316190215,0.15146887747794197,0.05063677220089251,0.12342728750552724,0.11273608074249479
1996,0.12102621169723625,0.1471663456175326,0.05098780353009773,0.12228350039559284,0.11109088702755429
1997,0.1210461643553655,0.14123700378905038,0.05363011889509991,0.1214297172340056,0.10856636521294967
1998,0.10932470910737081,0.12736449740107206,0.06042874112237997,0.1113990923040141,0.10183514413979118
1999,0.08973389405540864,0.10925466422949402,0.07087410076385882,0.09732539297223297,0.0917242728885782
2000,0.07871886369791697,0.09615506812921328,0.07286010389007098,0.08549884926174879,0.08341189309774809
2001,0.07046703822941029,0.08704121286308557,0.07264479871094759,0.08084569725868891,0.07721456560723569
2002,0.06810970019797503,0.08054799659159532,0.07252540597461887,0.07556467004648573,0.07421070030118636
2003,0.06256890641662625,0.0770375452130231,0.07202264572176977,0.0725903582180593,0.07114029247047228
2004,0.05840258755706865,0.08055535772923188,0.07242624961035007,0.0737204968028352,0.07128213749176587
2005,0.06227304548109069,0.08746582116347137,0.07352510101845738,0.07958420648497451,0.07537721483581243
2006,0.0676891483059333,0.09761753336979659,0.07538189588337818,0.08911359490962127,0.08118663211596303
2007,0.07681408301246363,0.10726753356054164,0.07619542426055383,0.09461446775215245,0.08717192054423442
2008,0.09510961165724495,0.11075053438380118,0.0752756101406533,0.09606733045873046,0.093008902070447
2009,0.10406317568013694,0.12712078082345987,0.07628402002104816,0.10807789522291582,0.10076422891895975
2010,0.12013913888388787,0.12811941628412082,0.07431075885250824,0.1001957458809224,0.10495455895490215
2011,0.12258696005334171,0.1281942314839724,0.07405275276100393,0.09923931623375161,0.1057055547907785
2012,0.12319901416681378,0.13083906355078104,0.0746259793934681,0.10542140331331619,0.10673852319433035
2013,0.12340122007727293,0.13226314245669613,0.07383075496703921,0.10624286953998228,0.1070223007987194
2014,0.12022935905339827,0.1314129332702568,0.07464186376723504,0.10446354431705607,0.10608805769991478
2015,0.11963543271000134,0.13340413844127366,0.07229217181522461,0.10432243323207181,0.10669995826272949
2016,0.12083569114659484,0.14173917415769213,0.0721277461031062,0.11046833503143938,0.10986121390781751
2017,0.11955607195198727,0.1438147178672066,0.06935085100854727,0.11869295239036991,0.110137111459119
2018,0.1181864342830291,0.14554235510323782,0.06537210858388216,0.12234458848870292,0.109308619096561
2019,0.11867212513756574,0.14601966600874988,0.062211933855135196,0.12216122984810376,0.10899500842716224
2020,0.11813458563480615,0.13957730995154594,0.0636508295482892,0.11819213069966655,0.10744219402168412
2021,0.11821371653906709,0.1386673060021499,0.06304887358678962,0.11759653715679404,0.10698282634944445
2022,0.10253493996839456,0.1307655445370881,0.06682343988317575,0.11407750268890628,0.10108685381722353
2023,0.09415864797770569,0.1222044201128493,0.06930860110000599,0.10710381174204837,0.09631636374764174
2024,0.07556704885910234,0.11169029806400231,0.07239183653988543,0.09691866068925442,0.0871959705775996
2025,0.06579924593280795,0.11692065073287009,0.0742498415803523,0.09931303244615622,0.08549545758633849
2026,0.05919061123187277,0.09934582333524117,0.07624123118994619,0.08775085436778625,0.07931222223988756
2027,0.05603540665687894,0.09854242086247432,0.07768365670930576,0.08621029472061925,0.07892417606843324
2028,0.05128802739746295,0.11828548415390154,0.08071372126314155,0.10358625200066428,0.08356079643521618
2029,0.056602106534511795,0.10972296594238888,0.07676266555406483,0.09528932851389071,0.08192082761485074
2030,0.06157329511282334,0.11431828485428396,0.07596202564801499,0.09680627075695808,0.08542282733618742
2031,0.06996505600743097,0.12435200953516187,0.07157322870966887,0.1025707560274286,0.09032769561284222
2032,0.09764213525506288,0.13295937019382623,0.06932424698841076,0.10938531043195085,0.10099702353106474
2033,0.10214957328657827,0.13325516305996693,0.06958562263586647,0.10929305215887174,0.10186658891513062
2034,0.11528504156197864,0.11203570888326622,0.07067486952699682,0.09523450534415598,0.09961552799171691
2035,0.11638604076876188,0.09808078071619825,0.0716736927871961,0.08655448746992396,0.09554356044417311
2036,0.11640786790345549,0.0890721187082066,0.07219836783947498,0.0808910346505934,0.09326905301207031
2037,0.11646948532639191,0.08772737044958437,0.07379396921510797,0.07595857180569657,0.0934191373361993
2038,0.11652512513988893,0.09181746505317115,0.07311461136422133,0.07397155685575381,0.0946960305036261
2039,0.11644372056244769,0.09467244815916627,0.07321620619781402,0.0748467615479897,0.09549013915297046
2040,0.116684190803908,0.093572520030961,0.0748991337019203,0.07298982361777194,0.09600672749677061
2041,0.11676751019278411,0.09988105805313686,0.07395148808163494,0.07561341788977961,0.09778246066466754
2042,0.11673515332331837,0.10562237071320409,0.0749449525946657,0.07950441702846116,0.09985105852390601
2043,0.11654852389795431,0.1149658198989221,0.07081683023976505,0.08992227681738538,0.10185303006830008
2044,0.11646831847611828,0.12130952614495347,0.06827138470768111,0.09398535239696133,0.10313516435783525
2045,0.11677725118848084,0.11708351673556797,0.07055214545442616,0.09201535131467409,0.10234427496075608
2046,0.10528162630879707,0.10145911900134855,0.07641464190258324,0.07998786915345006,0.09520988165580663
2047,0.08223649224159098,0.09701181823383016,0.07975262775576568,0.08182035418864445,0.08654121345573593
2048,0.06799348297547009,0.10052349336261841,0.07702786337571167,0.08020775336043269,0.08145379653997527
2049,0.050753822161370206,0.09205318643472334,0.07878885652430577,0.06560029383321168,0.0726701211868451
2050,0.048376418000623325,0.08290915519014308,0.08188882556255823,0.05863586335049083,0.07005469829706173
2051,0.04498779149690294,0.08094042248667761,0.08440355990759452,0.05511423932797232,0.06866811738320784
2052,0.048374334087209155,0.08379024256572887,0.08857347435177725,0.05215072197217405,0.07212857827776019
2053,0.04813765479187175,0.08786638448928966,0.08352754826086986,0.053487191555696964,0.0712623191586313
2054,0.05588219096388506,0.09870192840491834,0.08350280191673619,0.0591912746181828,0.07746017461567133
2055,0.06691016217201592,0.09787074087332058,0.07853308295228859,0.06289728526346156,0.0804583641172319
2056,0.08313509126579754,0.0995344693593892,0.07948855412904744,0.06255073240091465,0.0873901510246089
2057,0.09547284804051151,0.097228912676986,0.07869459715741021,0.06278258557778443,0.0909986546595878
2058,0.11434394913276848,0.08656971837641447,0.07962138420002443,0.06971718101961003,0.09426275650129534
2059,0.11597075016395096,0.08255958872203457,0.08464014135004815,0.06494628600980197,0.09474994131568398
2060,0.11598517606430492,0.09626069573582755,0.08672013180774421,0.06636241537547499,0.10014615833087441
2061,0.11602698204136482,0.09877127606359921,0.08927563424637726,0.06990558096093734,0.10177108130418942
2062,0.11601327798407565,0.09818826270404145,0.09037437618090204,0.0736546325751813,0.10156228853879029
2063,0.11626981710545745,0.09609674678718588,0.0925315399669939,0.06506593931890121,0.1023302175146365
2064,0.1161195731575865,0.09808477695958744,0.09021582824913575,0.07156947719710684,0.10233527100460169
2065,0.11590605531727939,0.10738695098914032,0.08570521879826797,0.08551786571681338,0.10393465878308401
2066,0.11604341855493015,0.11315347085915706,0.08259164873354734,0.09335872422285212,0.10507746881273831
2067,0.11633138133803185,0.11653342308593606,0.08206179790822427,0.09402871781216451,0.10616623206342304
2068,0.1162636154236029,0.11476078946139066,0.08457588906858916,0.0943277095889189,0.10618276433550161
2069,0.1165521543441691,0.11184080170192827,0.08741319482413648,0.09098858166481645,0.10607537964968243
2070,0.10148771932299501,0.11225485994989298,0.0907707137589118,0.09025693933093362,0.10166536872943001
2071,0.07709201741510309,0.116976769505235,0.09169870610193243,0.0977753430756312,0.09520961004082779
2072,0.06349665665246279,0.10757674728800351,0.08901718750764889,0.09101751704448781,0.08686448359113916
2073,0.05744864882515215,0.10095968469421582,0.0900993375728889,0.0864681872737792,0.08288519144061367
2074,0.05465907197637418,0.09157796537028759,0.0887871228655166,0.0778355227723616,0.07773796081221777
2075,0.05360581097445712,0.08493099987942002,0.08872834416126493,0.07329126969334775,0.07559392997215825
2076,0.05565296230923331,0.08785749041098147,0.08791508582575346,0.07955130839148956,0.07794711039267913
2077,0.06483881780186194,0.09181992144323212,0.08469984807392604,0.08108451261895631,0.08189761499088759
2078,0.07642877542432172,0.09777470972004554,0.08086406238536228,0.08145123694326227,0.08563014175069676
2079,0.08735894290819173,0.0956181412687989,0.07724176354929885,0.07989944532050104,0.08663477301660324
2080,0.09569288510743396,0.1019709196751162,0.07967640151496196,0.08271310431486623,0.09184791180982822
2081,0.10447135038721508,0.11096437267788534,0.08009332001032252,0.08993002232554283,0.09733864047829076
2082,0.11420037163010231,0.10194024524522236,0.0798560103583978,0.08688404157554516,0.09718632432947992
2083,0.11657552262373244,0.09447659384409184,0.07996556587800448,0.07625247584306882,0.0946739134200018
2084,0.11683699182603498,0.09889056192107618,0.08137773212282053,0.07725337678256015,0.09717995409197377
2085,0.11673924683795285,0.09183099273654029,0.08481197718497654,0.07380912224742545,0.09729719684223812
2086,0.11603199404921355,0.08865256515260399,0.08526221912515308,0.07489016733086361,0.09682262606228441
2087,0.11635642561670483,0.09871046271133818,0.08393453853614236,0.08179870639844174,0.09956058055195467
2088,0.11662928812968382,0.09721880476424911,0.08824352357307355,0.08061319953831086,0.1008414947317294
2089,0.11683918630642304,0.09662718632566158,0.09253509563275847,0.07941797312114515,0.10204380486578966
2090,0.116754939943157,0.1111319068363324,0.09122327920428949,0.08582269462158121,0.10634536854331195
2091,0.11747434216162311,0.1174587304594593,0.08550672138058941,0.0888359464821757,0.10705660411147436
2092,0.1175195179395797,0.11715608722932078,0.08460372675128885,0.08952991233836921,0.10705086947428084
2093,0.11775342632106407,0.11153941106795068,0.0871605310650227,0.08605897628311629,0.10561879084817406
2094,0.10155625518924775,0.09803470958112322,0.098094559859645,0.07742317229840666,0.09868970719448876
2095,0.07751949131034025,0.08574197188328196,0.09832554955995643,0.0703801609773393,0.087168584246209
2096,0.06330301276622596,0.07661694856198896,0.09180846875767147,0.06071050633546799,0.07746606071183983
2097,0.05641287936355372,0.06953272832674318,0.0879023670358049,0.05748350252832325,0.07151472326448782
2098,0.052277897798392925,0.0695002570911951,0.08533766067100636,0.05558255624636769,0.06933766855346139
2099,0.0544149158376635,0.06574757117540088,0.0837855263882904,0.0556021064638878,0.06858832583015215
2100,0.05596049231757217,0.06469099259037756,0.08314176513365745,0.055875503006838044,0.0683671545126988
2101,0.054560764805087744,0.06604649123491217,0.08422674031660797,0.05739902279786133,0.06896970075914167
2102,0.06694595776542593,0.06981193936002841,0.08154567452109768,0.05871331670089851,0.072865366228031
2103,0.0821900880538463,0.07723490213143312,0.08329286526987718,0.05812531297063013,0.08051430827431813
2104,0.09602455523916738,0.07701417058624456,0.08155296633506973,0.059325206855272754,0.08354806116036169
2105,0.1025290282660111,0.09470134523865723,0.07998620728105026,0.07150513949629783,0.09081327735698176
2106,0.11522839320676598,0.09737976147546801,0.07459796335956298,0.07727738362474103,0.09315612833474189
2107,0.11709007360777915,0.10151115709416794,0.07539687192063144,0.07731595426661311,0.09565480132827524
2108,0.11673140752798937,0.11415474104263758,0.08640596509491305,0.08716146342986718,0.10406072822420334
2109,0.1170510988644838,0.11806701309207837,0.08610702073911296,0.09543378672137642,0.10574852524771165
2110,0.11731525515800323,0.11900231686930758,0.08241060066257717,0.09656674418134197,0.10514444032896486
2111,0.11698453133228565,0.12088148243164026,0.0817393831914342,0.09675233576701797,0.10588249955170713
2112,0.11669794652121336,0.13288493230461987,0.0820025385457855,0.1058375998638496,0.11046702346134668
2113,0.1167468165046205,0.14533739402019205,0.0791237377140165,0.11334641032769945,0.11560717782960853
2114,0.11703078806424276,0.1512481697133068,0.07349885633659835,0.1163238642684414,0.11802292964569794
2115,0.11760362413296581,0.1518731145865735,0.07182003371745024,0.1160579175652717,0.11832911106538975
2116,0.11773353804835418,0.14308624726903824,0.08083150169783967,0.11296564221526362,0.11710003064728307
2117,0.11760779448903834,0.13736757311084896,0.079677296568511,0.1088782889920956,0.11428759916054314
2118,0.1042138935144705,0.1261863099249361,0.08386883427668161,0.10147139794296449,0.10682926343911578
2119,0.09693464722000576,0.11446794574553552,0.0883108200691193,0.09091412951708122,0.10130546929170328
2120,0.08056103612608465,0.10383831859587414,0.08943495173659313,0.08031252200412833,0.09236233100494673
2121,0.07139202974091034,0.09371721657046106,0.08882942544269243,0.07438896913984978,0.08580860097280202
2122,0.06544817337437572,0.0961894243030276,0.08957840418053112,0.07393494173198994,0.08495449675277028
2123,0.06278144424040588,0.09469519325332673,0.09023416089957075,0.07940941780399774,0.08425394493696424
2124,0.06265023097130312,0.10757752497638179,0.09044790648321312,0.08945770449302766,0.08862166883259769
2125,0.061550777100371774,0.10328837521548938,0.09182977647999904,0.08980561638373574,0.08777542354064226
2126,0.06129236450864953,0.09520605151231522,0.09139677684242486,0.08250477700530144,0.08425858242575415
2127,0.07844793828841388,0.10789135916570723,0.09051434200114605,0.09114408587303975,0.0936848289835592
2128,0.09510167612213676,0.1196205692969189,0.08996993400371969,0.10080252320666809,0.10205106124802409
2129,0.10858653462740032,0.12789649310161239,0.0898690436716952,0.1075793311796898,0.1081457149074905
2130,0.1168606727274665,0.13170806263931462,0.08804095678947839,0.1047505604664343,0.11086709809059353
2131,0.11821403617101342,0.12701735453681198,0.08521789766128259,0.10116080327904363,0.10889545667771655
2132,0.12001694626071915,0.12460740032250739,0.08390886888160601,0.0996234778920047,0.10860299534593754
2133,0.12060544634093319,0.12697934519175946,0.08335512848654068,0.09660915564464985,0.10979988326997762
2134,0.1197500272294652,0.12507399725886031,0.08278031378767897,0.09845965296786466,0.10855917342380808
2135,0.1198712504526251,0.13544905367830914,0.0790715421600982,0.10887041319774816,0.11126883960690251
2136,0.11971807986587202,0.13213646083897562,0.08206783052326358,0.11034048607788975,0.11268619687404496
2137,0.11938945610403487,0.14346898294784918,0.079238401272498,0.11640273326128871,0.11690950738209285
2138,0.11888769299183084,0.16569606198161735,0.07018131992227283,0.12093319419396073,0.1232059216180978
2139,0.1171044068539592,0.1662798504035141,0.06740731616972484,0.12159748531916383,0.12324546275662757
2140,0.11685838248003971,0.16125033605705819,0.06951242044957263,0.11450176843535823,0.12134191314136596
2141,0.11636431638314508,0.15725435309981073,0.07080681466672598,0.10521501797315881,0.11959166894890734
2142,0.10768839851534184,0.15601973767109809,0.07603988469263297,0.1182932011583258,0.11737313377377925
2143,0.08571582888072124,0.15370153924984584,0.08316420256355013,0.11539614237571004,0.11094709104242206
2144,0.07742349596854978,0.14276767196702017,0.0881484477277575,0.10855704282060365,0.10386381293541172
2145,0.06912682547666552,0.12272808036893247,0.08537053477987175,0.09436336004021166,0.09273264559832903
2146,0.08016995142747059,0.1265827077713314,0.08403201693506739,0.09141690565022109,0.09713144128011271
2147,0.09772133938514924,0.1350711102899556,0.08409827084107416,0.08324800513598499,0.10456198864474607
2148,0.09494864334748669,0.147692105220768,0.08319995117950389,0.08864441443940545,0.10826134246820536
2149,0.09332895979545884,0.14293736841218924,0.08497953527889736,0.08366616559711282,0.10681737832437731
2150,0.09282712150863826,0.14750660429461213,0.08669661695348446,0.08429946823520187,0.10765991505457938
2151,0.1025273168473405,0.14769892624035416,0.08885560551339373,0.0830337236966175,0.11124855388283154
2152,0.11088306503100555,0.1462358421902237,0.08744430845276173,0.07973990103041927,0.11163248824571269
2153,0.11387545978496667,0.14828781489643525,0.08215903294191403,0.08140042483606019,0.11143157334224371
2154,0.11693567812681731,0.13663713179384612,0.08067333744052077,0.07893546170488479,0.1085327316042294
2155,0.11691937745822964,0.11645008730793062,0.08049409748285187,0.07143121654320146,0.10323229210449371
2156,0.11701395015526468,0.10667411081213064,0.08268695521491437,0.06725357913967228,0.10030094275208
2157,0.11776694646397223,0.10214474943114955,0.08406943651960658,0.06275067625345682,0.09951063701794366
2158,0.11769400601575825,0.0944495468337003,0.08428258288112384,0.05762514524310064,0.0977747255494339
2159,0.11789180791381444,0.08880376442252819,0.08703440246125847,0.05470119228965712,0.09796522792661787
2160,0.11787120784185416,0.08588863639393976,0.08962570178644641,0.04923385183433102,0.09820842823161187
2161,0.11780010209615302,0.09043605529407304,0.09405056233166981,0.052221958087568306,0.10114530520988439
2162,0.11754705040333958,0.10445363607902533,0.0892124019978358,0.05929586742577737,0.10402971361495573
2163,0.1180588700557086,0.11823968815961164,0.08083838340196312,0.07260526921461004,0.10617924770888311
2164,0.11830433575069607,0.11824019381801801,0.08208220619214295,0.07319671124334597,0.10675851376122186
2165,0.11749142301917666,0.12068545734060483,0.08238784368405075,0.07407481066782994,0.10718332606622717
2166,0.111105445486744,0.10954121463258304,0.08285978493711937,0.08192729978296379,0.10121174869567849
2167,0.09686272881916141,0.09020290614343987,0.08998941004553841,0.07440025756966798,0.09185202551986012
2168,0.07465391877420081,0.08569965082361197,0.08943549682081077,0.06955082078935253,0.08303027510690064
2169,0.056121329495746865,0.07586567016882355,0.0875765470578926,0.06383559299652333,0.07291682448044876
2170,0.05515822668313294,0.07359822138210727,0.08546961298404036,0.06524817676646674,0.07174853450688466
2171,0.04608670379968963,0.06362737823000125,0.08368399214621364,0.05652485299770287,0.06466760763299595
2172,0.044569847232578196,0.06366103251480046,0.08257889469077764,0.05677082056805458,0.06475027822916071
2173,0.04274503584052706,0.061070464160069504,0.08159323704310434,0.05362915246912403,0.06277628821860483
2174,0.04653456434354702,0.061566571816474694,0.08135976569786212,0.05432342002873127,0.06413173617479644
2175,0.05691033896405179,0.06664764114226575,0.08088852567465402,0.059145823102258445,0.06875494094675555
2176,0.07348860710770738,0.06988724751747959,0.07999637447502755,0.06378501652914564,0.07468148185283152
2177,0.09540496101499969,0.06979396041675336,0.0766133244626333,0.06583089072705665,0.08017466774946767
2178,0.1144818499894434,0.06796184192462788,0.0761213059983415,0.052196165735103515,0.08556336195385472
2179,0.11743093246915409,0.06589076979069032,0.07682648582136416,0.04951450850837232,0.08654330191254728
2180,0.11688235389586302,0.07909022228771125,0.08113763890819123,0.05882277290402,0.0921823142958388
2181,0.11666288223376174,0.07037210467541129,0.08310793952881063,0.05234648495317625,0.0906303636569552
2182,0.1162425201848022,0.07541722242249338,0.08347562889091595,0.05502439631766891,0.09220519879862067
2183,0.11687625505653454,0.09467408045287351,0.08097461912454104,0.06626210134169802,0.09816023714654407
2184,0.11841475012576272,0.11636421163599064,0.0752741475985331,0.07697988186242848,0.10462979336768392
2185,0.11904780232225624,0.13047107516939335,0.07467799052141881,0.08427938801287271,0.10877007144936984
2186,0.11878232765055541,0.14280891109649693,0.06927102560966344,0.10190258582008732,0.11199347068296597
2187,0.11712901691049549,0.14528388602591558,0.0658004847603541,0.1097820717400669,0.11217455622155018
2188,0.11730851879303053,0.14308518349635607,0.06437689874463055,0.10897784200376709,0.11110642203543143
2189,0.11671056430217283,0.13663207640679537,0.06649001531951836,0.10615520517404944,0.1092172535003778
2190,0.10566719910143445,0.12099662728864694,0.0759033307741099,0.0961263034607893,0.10287810517762985
2191,0.08724842682906943,0.0979329424403384,0.0881225249334619,0.08246558087619377,0.09168917147690725
2192,0.07758613266434049,0.0905629458717778,0.09128721655148966,0.08050552624348867,0.0863430447215213
2193,0.057353533783828986,0.08120560750425472,0.09541893101682064,0.06992292869029487,0.07635210839904046
2194,0.051316193144869834,0.0707343897505697,0.09687649171391237,0.060628252081794405,0.07064559370290473
2195,0.054961307423905106,0.0686833441256337,0.09154425179367864,0.059381724408170355,0.07028339441093696
2196,0.05343455021059664,0.07025677588512398,0.08533948190996507,0.061556765462380154,0.0684139404600213
2197,0.05285620568039351,0.07555282485775737,0.08247613565728212,0.06549113801666176,0.06935541639848072
2198,0.05709845037691544,0.09359248790877664,0.07891075608489133,0.08111995478935997,0.07638476568377076
2199,0.0628111122260672,0.1085351443317553,0.07746170086559302,0.09401275977580469,0.08325751040561691
2200,0.08580912003975695,0.11969876203625521,0.07589463912280911,0.10353137579120637,0.09359008318554188
2201,0.10456936077364669,0.11175211616547505,0.07719816108065271,0.09627007209244827,0.0974705193921643
2202,0.11973384063862577,0.10532663369791011,0.07825926942490113,0.07741773262217301,0.10079288276754661
2203,0.12077053282509599,0.10650218785627301,0.09689334557466563,0.07283314913133715,0.1076676303825387
2204,0.12108576113739448,0.11500336056288203,0.11798093985926443,0.07130291183386818,0.11728024642113498
2205,0.12080465174361779,0.120702214317873,0.13408648360685127,0.07246958640869294,0.12416632315041481
2206,0.12023186584540568,0.12403514712847379,0.1425518018975624,0.08008311424897782,0.12772248583667462
2207,0.12028919482209803,0.13715378768765868,0.1435629764076616,0.10858524431167267,0.13254273348282164
