,南部,中部,北部,東部,全台
0,0.0037996257841316798,0.0077918842267041275,0.004356361486824965,0.006454618964487367,0.0053085517088326435
1,0.0037573929233156948,0.0075729079040958705,0.004213695234010323,0.006229125219589242,0.0051944489932684666
2,0.0037505761574697307,0.007347839557541052,0.003988773219934018,0.006059681389284159,0.005090274318256777
3,0.003748985773920166,0.007201283278940993,0.003767538914950877,0.005972482195586898,0.0050213365366298494
4,0.0037855215366021785,0.007060461568777225,0.0036151562922082836,0.0058377991313025195,0.004946334689719815
5,0.0037876792121235635,0.007054715336937837,0.0036500712343438273,0.005849315227949152,0.004933239357323977
6,0.0036942638904805753,0.007139289347238203,0.003726883173605641,0.005851926912236812,0.004919904546667563
7,0.0029686084502443936,0.006426429051069594,0.003927804727971615,0.00506560338348209,0.00449132372463695
8,0.002140238287605641,0.005057199206621082,0.004180727269274503,0.00400154240385058,0.003821226204781754
9,0.001780192372322119,0.004157833377485834,0.004228607423617053,0.0032511518096067604,0.0034346480419394374
10,0.0015820106873626458,0.003724909706784042,0.004173996184409141,0.0028732941563092695,0.003189863434381874
11,0.0015242856082182414,0.003589513650156901,0.00416331646696757,0.0027580443504806344,0.003118861805070255
12,0.0015684224505838795,0.0036234449366599726,0.004164471321372139,0.002849167072064016,0.003150634287081042
13,0.0016887144213985775,0.003843176222395303,0.004170594072071871,0.0031082487104627183,0.003266402673705123
14,0.0019194656793635261,0.004245076428597909,0.004180816237434968,0.003513044005030406,0.0034837771725832463
15,0.002431535534975888,0.005092576056339646,0.0042359883029442725,0.004263503446724531,0.003967676379954537
16,0.0032924651002602806,0.005854275439419471,0.0043228345794243325,0.004898055814231137,0.004515968914857067
17,0.003768425654397321,0.005569273966729864,0.004359831889224794,0.004696886248392937,0.004585895255445457
18,0.003776807394792288,0.006231257821488316,0.0043939986643021164,0.00514298989393489,0.004825770531783861
19,0.0037779012476763054,0.006864829762489539,0.004431928544748028,0.005607443110997114,0.005055153082735378
20,0.0037781122013424468,0.007108623333535655,0.004482440006357078,0.0059621919455663435,0.005176413609151356
21,0.0037845189461621687,0.007599281605418031,0.004465560745744104,0.006468099109524727,0.005379408269446889
22,0.00369818567169389,0.007734621237658797,0.00442751016845389,0.006588503874713939,0.0054108124751385545
23,0.0035485022169419373,0.007734091968478447,0.00417925243118296,0.0064328124379495364,0.005289939757809279
24,0.003601951577427187,0.00786284418821232,0.0038223415094774233,0.006463636918373173,0.005300258460034883
25,0.0036626736792732357,0.007629259332767919,0.0035381134871570906,0.006250768247961508,0.005202722088432452
26,0.0036944943550527164,0.007261870514882386,0.0034461896899915566,0.005984356542250141,0.005085953162261122
27,0.0036960347298906544,0.006978737972502823,0.0035715709857709332,0.005795838787371672,0.00503346802243266
28,0.0037178489729219784,0.006910515150776072,0.0037593135972259274,0.005770488562910254,0.005064091731659899
29,0.003675537154112796,0.006907499509639801,0.003851751483174217,0.005762907395769954,0.005049200732575715
30,0.0037188479646421057,0.006911102452949814,0.0037723343246125756,0.0057339489769180334,0.004955439744596342
31,0.003034066954462244,0.0062144362101765865,0.004078772080028107,0.005168911372611336,0.004557659250817857
32,0.0023077271983316027,0.004846670299491024,0.004340202629075761,0.0041786490808603605,0.003964384275393598
33,0.0019166525970771616,0.004081027261619442,0.004385935897799121,0.003552521289997277,0.003583619725403241
34,0.00171816790482548,0.003551682163083144,0.004257890248735675,0.002916667315498476,0.0032653142543266414
35,0.0016893976693123293,0.004048353854894705,0.004596680956995597,0.0035781917841202016,0.003513818399675376
36,0.0016356092338525275,0.004359586769511441,0.004799484317218657,0.004334599640186456,0.003691443426428331
37,0.0018745862698582995,0.004848359464839814,0.004969633995544866,0.004166908813803702,0.003951550664276826
38,0.002149496109574817,0.004270032846070323,0.004998014006652506,0.0034502169241121773,0.003910712795037825
39,0.002637553419906397,0.004863540086425945,0.005248659240851631,0.004258255958298299,0.004376421542412579
40,0.0033857451497058206,0.005512263839441646,0.005374597494495805,0.004928737921788965,0.004870145222752342
41,0.0037828914328241615,0.006010994146033196,0.005707482935562483,0.005334414677305742,0.005265637900310864
42,0.0037911133002903157,0.00652160787463173,0.005884909560119861,0.005694994463365108,0.00549617250555568
43,0.003789827951685129,0.006443720950617315,0.005757969493389988,0.005647950819999295,0.005443956329677574
44,0.0037818618068711563,0.006551238627547615,0.006002132281768496,0.0056938958032814605,0.005566178450064939
45,0.0037770234269724943,0.007087126028076719,0.005967251680635145,0.006078664391085018,0.0057440860855237814
46,0.0037467868359517794,0.007534995474575441,0.005903326601212058,0.006431257907590214,0.005885726994764446
47,0.003694463569589687,0.007998924783337689,0.005183823073133881,0.006722807143826519,0.005798839442419832
48,0.0036582427081976476,0.00824369231607206,0.004322410100673758,0.006853144952375752,0.0056748084348912445
49,0.0034589431288641094,0.008387218802781114,0.004147732153696212,0.0068448824910304715,0.005701610884228947
50,0.0034437159933694513,0.008299021436581696,0.0039284510595271795,0.006723604036140588,0.0056962860316881305
51,0.0034536922285781455,0.008155513914145757,0.0038811331770965047,0.0066299700041678655,0.005621228289748705
52,0.0034573176106305597,0.008104591916824774,0.003838896452861624,0.0066047491634130635,0.005616254114517126
53,0.003510254450143515,0.008064667128576104,0.003813373133768078,0.0065848399089063715,0.005574899765999152
54,0.003509690363203717,0.008078138130754744,0.003799000612833457,0.006610279991387444,0.005504444948461823
55,0.002850632913530359,0.007359393935859062,0.003990295525351948,0.006062351380256276,0.005051990827618094
56,0.002185003089552919,0.005911424172574703,0.0043747597433334865,0.005039734821725789,0.004328434550451614
57,0.0018692117676214052,0.004894536674668588,0.004432212826709913,0.004203115401943331,0.0038435754152122423
58,0.001852455573155111,0.004387864118718443,0.00435275242693952,0.0038817170822188934,0.0036733832932432865
59,0.001578739990632681,0.004782406511498324,0.00456061079948814,0.004412327904596538,0.0036847705893364767
60,0.0015429591277115722,0.005317381625682418,0.004785347248190418,0.00539581287001047,0.003906589629402364
61,0.001731073229824351,0.005701503288505857,0.0047615176806573905,0.0056754107928095095,0.004033967684663583
62,0.0018949118786595167,0.004904848220473077,0.00445857217263979,0.0044419659892368174,0.003833479389353157
63,0.00237537055907203,0.00523927670952135,0.004476121493533843,0.004652678300597799,0.004126917549684804
64,0.0031579504419674016,0.005687425673994861,0.004682090568187346,0.004386434458034243,0.0046080302148059265
65,0.003491551189588682,0.005884473133851973,0.005005874501087573,0.00447560599338351,0.004895600282312816
66,0.0034756064336276798,0.006088434209776572,0.0049705076992216145,0.004646223526800993,0.004952128988540832
67,0.003483098276694398,0.006229347472925497,0.004611588337605226,0.004738235613867375,0.004863509520177967
68,0.003488499630412928,0.007543713309371545,0.004574011672770247,0.005608725324750594,0.005179928805351392
69,0.0034705226910853836,0.007717527672413405,0.004268520085200068,0.005697295368583096,0.00507131798238151
70,0.0032898043244847866,0.008195643611735958,0.004111181960800617,0.0066719464389610504,0.005110471205172293
71,0.0031639489230026697,0.008374932562121464,0.0037504142448611163,0.006484002131681365,0.004967339735032898
72,0.0033383964895629574,0.008376108691257617,0.003752166494116343,0.0064107579497379935,0.005028370269089203
73,0.0033011843231584557,0.008023992389663065,0.0036115074695172575,0.006101319074324711,0.0049669931319953065
74,0.0033683873293871907,0.0077518823327180075,0.0034929514025468494,0.005910157953521868,0.004914578886425255
75,0.0034018894695944427,0.007411235661500436,0.0035645114242591936,0.00574434105903755,0.00485631553191851
76,0.003332602515871177,0.007098773283229221,0.0036831997965953724,0.005574655650822789,0.004784396821051862
77,0.0033707586820245863,0.0069058238968503,0.003760171891316251,0.005516220763748502,0.004760097054831797
78,0.0033118345131292895,0.007317154759425703,0.0035715081729139294,0.00578226715083548,0.004797460902760682
79,0.0030159290350550627,0.007590966023220063,0.0037831173419687497,0.006035265212591596,0.004805173116190033
80,0.002318397742351629,0.00629362849313085,0.004175501149796753,0.0054637888819365045,0.004203876513479317
81,0.0016965353310297816,0.004121487589712799,0.004170401364329749,0.0038996428673987974,0.0033506190170239885
82,0.0014679790956278096,0.0034970963432539755,0.004113349968635366,0.003376962932238024,0.0030589507536165224
83,0.0015487551710297867,0.003395253361505243,0.004177365823348718,0.0032385997343035064,0.0030706478057845907
84,0.001530915655394843,0.0034161352505223427,0.00422305411417707,0.0032092186581641653,0.0031087393898997467
85,0.0015589538083481944,0.003710709536196801,0.0045298191299232736,0.0036008243027470183,0.003331118866525187
86,0.0017430744591309657,0.004229464228218108,0.0046304506762746495,0.004191895615372746,0.0036618432158575668
87,0.002203950745595126,0.004871597465362735,0.004656646554747501,0.00469593077917916,0.0040312943509829766
88,0.0030488816848834943,0.00549579992736667,0.004652620242401695,0.005168520017684048,0.004519227918744264
89,0.0034033270118933347,0.005885230875178704,0.004688609492215635,0.005481276118680043,0.004758014928915923
90,0.0033888146401571738,0.006087837346442397,0.004591287807529708,0.00561916160881302,0.004790764458003008
91,0.0034223018740297704,0.0059881375042307155,0.004271063394805593,0.0055381901021942775,0.004639227143019299
92,0.0034209480759123966,0.006218738873550377,0.004263157109236873,0.0056696715447433176,0.0046524846543620395
93,0.0034287242789384957,0.006619339425867005,0.004226415436291864,0.006011453124031747,0.004763441107292745
94,0.0033125616421831685,0.006854987598671938,0.004089938589271094,0.006195769732002293,0.004748115896833711
95,0.003198968633421742,0.007013078410386733,0.0038648651136405036,0.006085009055898817,0.004623128679794194
96,0.0033833232468214684,0.0069835881041898406,0.0038710942797697385,0.006020075210569152,0.004692709996927328
97,0.0034285239140645694,0.007155149824942469,0.0037966409222298545,0.006095628184202849,0.004816072684136882
98,0.0033566867532148193,0.007024354113477713,0.0037074137982075835,0.005962761396340699,0.0047909880668713265
99,0.003442273545229496,0.006801555225122232,0.003721069019844396,0.005840284666298239,0.0047762443649020355
100,0.0033671689095229273,0.006860260740923608,0.0037513804494339535,0.005867597215394293,0.0047738878840772455
101,0.003425496624222417,0.007056588132139675,0.0036764794567487728,0.006015709651641248,0.004824074988519674
102,0.003376066255063578,0.006993922291751631,0.0035861438061417714,0.005929272182576459,0.0047480396175762305
103,0.0028509407523468126,0.006167006682501214,0.003944482264850844,0.005325240138376538,0.00436236952205641
104,0.002117047816271358,0.004832271829224282,0.004187099646358883,0.004373583423210897,0.00372622897199325
105,0.0016247723876403233,0.003691720380769901,0.004109525188170439,0.003445317700421476,0.0031787252080242036
106,0.0014158611538429722,0.003244331970018459,0.004046146285818848,0.00305630729183431,0.0029122682289655596
107,0.001463909419790256,0.0031572171752639907,0.004115774945250127,0.0029869901734518667,0.0029144133693726564
108,0.0014657933572735475,0.0033950988557482123,0.0042257433947250345,0.0031748268345545565,0.0030417399727223036
109,0.001647430583142915,0.0039018052788781276,0.004257233815960131,0.0036126900623593672,0.0033209002155318466
110,0.0017398706252682145,0.0043193373550965445,0.0042087745786179775,0.003988787387393641,0.0035080309857684743
111,0.002202786797924244,0.004936615537027847,0.004251451699400807,0.004433414148712168,0.0038930389199857986
112,0.002998724082126626,0.005524272582948667,0.004283622511769377,0.004915314899142832,0.004349060219641084
113,0.003441233666919649,0.005562785072913185,0.004288686962198579,0.004974424175580186,0.00448642467923995
114,0.0034494337020959808,0.005695395543776839,0.0042703738491341936,0.005050788830501062,0.004520484192200238
115,0.003442093717983335,0.006086812079052668,0.004221594867521442,0.005303944398455533,0.00463550913069066
116,0.003437158281785895,0.006746226174608954,0.004227112111062052,0.005803278571297687,0.004816963413948655
117,0.003438395248470175,0.00686977019287567,0.0041847286951548195,0.005902949868698539,0.004848606904577022
118,0.0033451312668010716,0.0067498196443988865,0.004070529866960727,0.0058080535761351705,0.00473425490927927
119,0.003355579013065438,0.007362024166092472,0.003776311962666176,0.006096606600045378,0.004791378883677279
120,0.003377267229050538,0.007967577985289217,0.0036692998871797034,0.006435456287583827,0.005009915058184459
121,0.0032887553742337746,0.008273541409732433,0.003672388793534516,0.006607892650414292,0.005141318625513699
122,0.0032558441399766435,0.008237471671606503,0.0036352726259435498,0.006572545787531501,0.005179690006276741
123,0.0032356464842218297,0.007922181053566046,0.0036567198089029226,0.006362874515381001,0.005120480883527109
124,0.0033415065550636133,0.007722646300759759,0.0035291983291451585,0.00621878794800464,0.00506628014336359
125,0.0034521318799217845,0.007898965510629697,0.003381619715018636,0.006267450649712056,0.005051545861312816
126,0.003383571882166262,0.008101933483934629,0.0032527407977775524,0.006399367696584914,0.0050310563314059096
127,0.002878022104455376,0.00740272655070286,0.003760867882948941,0.005889379456515636,0.004751803089299376
128,0.0021526830269086392,0.005792508964632147,0.004252012834746405,0.004860010189602451,0.0040828733681321965
129,0.0016490420029401608,0.004633938931314797,0.004283144732906611,0.004041507690878027,0.0035413693904611286
130,0.0014642270778426095,0.003886738459453675,0.004141965888418695,0.003485565365972147,0.0032019972204751445
131,0.0014598382003304857,0.0036228642540125553,0.004171137722059279,0.0031781232948186436,0.003119848735674413
132,0.0013829205748503027,0.003567258972520502,0.004195079847500693,0.0030754481926934052,0.0031074727110418244
133,0.001480153183349354,0.0038365633155773692,0.004241624742554822,0.0034593231242914793,0.0032696235362515134
134,0.0016543754910663098,0.004463302659302404,0.004177301548757689,0.004061685787760806,0.0035402706484752786
135,0.002101469990010518,0.005087573249926298,0.004215967298253977,0.004505705942100502,0.0038916102386376337
136,0.0029939180686986847,0.005611632117672366,0.004249685158013183,0.004942055078329873,0.0043661563133211186
137,0.0034422283837104812,0.005882481683171787,0.004289597016967028,0.0051810971795020165,0.004590007787063618
138,0.003464058653099615,0.006066820296364917,0.004240507716818642,0.0053292907995650275,0.004650777030106518
139,0.003448802766397984,0.006273368033050746,0.004206019479746338,0.005587096888102707,0.004715220362176689
140,0.003319076937201876,0.007072501963084612,0.004219183475471778,0.006221373802935671,0.004896123516580566
141,0.0033082703275616365,0.007297089066625565,0.0042030047789114915,0.00638627755832146,0.004934619736715436
142,0.003241688016178944,0.007335246001726221,0.004149356713297621,0.0063932420367599245,0.004888010965173584
143,0.003332464349477955,0.007398333257876904,0.004137011541146749,0.006226968881769706,0.004860211478288397
144,0.0033230684350167724,0.007200700562531762,0.004209375368170436,0.006050875488737438,0.0048399434154996045
145,0.0032891189997205335,0.007120137143830029,0.004289150941223861,0.005984700803570514,0.00484378764986072
146,0.0032647081023665435,0.006784936619001642,0.004294865264480209,0.005712255218149328,0.004738983189228882
147,0.003329443748206962,0.006882241467183043,0.004197170820603641,0.005774422206751307,0.004805018531709311
148,0.0033205993788169744,0.007113792530895231,0.00410056429006003,0.0059238205478454814,0.004841866532243985
149,0.0033437583845344933,0.006729243898114594,0.004158578489249026,0.005652911140238181,0.004769639394607514
150,0.003379453703681716,0.006086468416902003,0.004245532010154282,0.0051843888382138,0.004631200887780971
151,0.0027466471577727992,0.005192598950874303,0.0043697700220141356,0.004473788366110139,0.004166907153444151
152,0.0020813623590360455,0.004139296017386661,0.004446105824023766,0.0036448300657584212,0.0035962398712197593
153,0.0017152052131315066,0.0036956663474659725,0.004419356093147491,0.003278059291490976,0.0033011502406166265
154,0.0016613173230349723,0.0032766826137660254,0.0043472308521893205,0.0028984715772179892,0.003125967227859261
155,0.001573973255740209,0.003026420625961217,0.004257586751967187,0.002722151900586844,0.0029725555383726438
156,0.0014697312547302763,0.0029897808701348544,0.004220282534588938,0.002607126752529562,0.002932759994613091
157,0.001508830085928919,0.003207022813024,0.004312829051986065,0.002769189329117608,0.003082944189325669
158,0.0015991058963074872,0.003680553033879082,0.004357293539926086,0.0032907301527576325,0.0032857101917764145
159,0.0021100380982221356,0.004525944080079274,0.004433091084086274,0.004101525130658698,0.003791227834690773
160,0.0030153392004057837,0.005485404790265083,0.004496107275491424,0.004884858093856198,0.004417586428806298
161,0.003292116116825847,0.005697529854983745,0.0044792554999406676,0.005057755998465059,0.004553150164425902
162,0.003277422197291948,0.005691195600487216,0.004464345399494478,0.005031473760665307,0.0045469018482176375
163,0.0033031505887670736,0.005398718141001987,0.004465429827295157,0.004804511026505817,0.004453359144296807
164,0.003286817752111173,0.005825833591536018,0.0044947612157322046,0.005114032723752448,0.00456600817571901
165,0.003046454284385233,0.005866453590354271,0.004455141241665644,0.0050916927178044045,0.004491987362050084
166,0.0030174339681932976,0.005419589094050628,0.004411546408658906,0.004728636797903805,0.004324358945518724
167,0.0032572290594975683,0.005408716720760019,0.004393348503904285,0.004647737538310248,0.004343737534978076
168,0.0032608142324179394,0.005601267487918224,0.004354178485458379,0.0047694962415356125,0.0043828424678244386
169,0.003218946489552933,0.005706269392886104,0.004334613516163035,0.004830949196873316,0.0044214404382440144
170,0.003178178421124454,0.006023699953041782,0.004287817246731836,0.005027994501558036,0.004501929424978699
171,0.0031725296740965003,0.006239838878443458,0.004197552354568047,0.005181294146665708,0.004557821867381382
172,0.003172200068350656,0.006232950402577567,0.0041128007869091245,0.005219191887551409,0.0045467494464731095
173,0.0032282609939036405,0.0062367821335822795,0.004089846302939085,0.00521884523260011,0.004555943108978108
174,0.003261016209949197,0.005604999657111531,0.0042029103970765485,0.004761329591459428,0.004412655984782341
175,0.002773660086881668,0.005104868712871177,0.00431495551209135,0.0043706489525842,0.0041254372738807644
176,0.002084953275755504,0.004172758316227181,0.004372429577711234,0.003620759992160789,0.0036255498758930027
177,0.0017499035188575855,0.003555501518813177,0.004338175853619709,0.0031381311053117985,0.0033313344138833916
178,0.0014792390085630984,0.003208788783684089,0.004273627799357835,0.002856824436452631,0.003080386013382661
179,0.0013780998529521887,0.0031097328191982223,0.004230136627669679,0.002726853093483259,0.0029630069806254756
180,0.0018744036307345466,0.0032978095521395585,0.004253082805698368,0.002876120690043959,0.0032615711848247267
181,0.002212444744838766,0.003793694039978199,0.004308358572042473,0.003316708098655878,0.0035826248643912083
182,0.0023961213555215447,0.004080276137031232,0.004358065462096866,0.003659284636179998,0.0037833120085893597
183,0.0025773441165183606,0.004849112314503726,0.00442368524910534,0.004272353939990194,0.0040956816445530154
184,0.0028426747040801946,0.0054330457928629845,0.00446595096101199,0.004753157888173649,0.0043292074014769895
185,0.002889309632037989,0.005324267522325296,0.004509100068039602,0.004679045046979157,0.004342981439265756
186,0.0029932748444698553,0.0051655521755444135,0.004498011119284787,0.004540012071376245,0.00430937743944699
187,0.0029963071535806913,0.004742798552368298,0.004492287579552005,0.004231092536658528,0.0041679917610263064
188,0.002970253305271142,0.0050702493009839675,0.004539810634889563,0.004494644504812876,0.004268889659883882
189,0.002953482707041417,0.005109774492326174,0.004576359840491248,0.004534740019121857,0.004284586678189836
190,0.0029089259755096775,0.00526511053413398,0.004550142450605527,0.004666560784904265,0.0043121447770704665
191,0.002787004019081545,0.005739315886554314,0.004533932539349882,0.004974110971244295,0.004418439306808882
192,0.0027981892314101926,0.006083453688655827,0.004487289332968842,0.005046295648995169,0.004452870009678067
193,0.0028612233742114773,0.006663238950161992,0.0043848880074513295,0.005481340893194659,0.004632865615143661
194,0.0028620625742558628,0.00667028258146077,0.004341731012386511,0.0054272053440817675,0.004685197373063056
195,0.002845368483959268,0.006465369638596227,0.004256554473883608,0.005227457923323067,0.004618838606089706
196,0.0028507936469847734,0.006288675971879285,0.0042127704703424865,0.005126761628688503,0.004550235364387584
197,0.0028783178178326775,0.006356929581161341,0.004229102845977583,0.005152732952042336,0.004564293328438658
198,0.00288914360050666,0.006177763960869961,0.004076154981692419,0.005019572564798951,0.004423045599328744
199,0.002800775250107025,0.005641968053255174,0.004186321044155879,0.004667118990014286,0.004271207334440402
200,0.0024811630049937374,0.004697898906913751,0.004209825538396908,0.003952300169122859,0.0038831598740565305
201,0.0015761873371640043,0.004085463247288552,0.004098848115909776,0.0034005029261085264,0.003301763720486407
202,0.0012615403352358773,0.0036150284605072146,0.004020485242627621,0.003042639003655094,0.002993682207701244
203,0.0012782358909324142,0.0034105196571406022,0.004096265845299811,0.0027782047351188255,0.0029587716501432424
204,0.0012759638662643864,0.003221459248169842,0.004123122760120467,0.002520052880035625,0.002904030787364924
205,0.0014138019408563623,0.003407469467320648,0.0041449190584811856,0.002891492137862856,0.003046641489680051
206,0.0015295113605489526,0.0036974226810413424,0.004092641307210298,0.003190659011662577,0.0031585679607094653
207,0.001929767182004637,0.004505271155483871,0.00418439597692256,0.0038467357973813576,0.003595222840769397
208,0.0025731944219423426,0.00536131752882164,0.0042955702899083025,0.004513991015262466,0.0041387614807203
209,0.00290695907704086,0.005758394165064107,0.004359049954705921,0.004821967908129025,0.004396141406329904
210,0.002904697253001582,0.0055241332094453765,0.004375074535972321,0.004643486401299903,0.004323276245481591
211,0.0029033064794390484,0.005174628565326635,0.0043505844528092495,0.00440046772448245,0.004194291802042246
212,0.0029065521269126624,0.005490807789175174,0.004368304038824377,0.004599107359381726,0.004269342599680945
213,0.002933816200931998,0.006142142884498494,0.004373872336276233,0.005068615002490609,0.0044555348797243885
214,0.0029525990173304996,0.006778768018833442,0.004294307518867103,0.005521127409634568,0.004619120682362883
215,0.0028980705082486185,0.006927429067930905,0.004153855067184072,0.005380601891976695,0.004529626750740859
216,0.002970094392543618,0.006833379187558806,0.004271644712003452,0.005362864895334056,0.0045937824748488966
217,0.0030150390610183334,0.007105928261263232,0.004214364987766746,0.0055280190527740415,0.004749186946481277
218,0.003034159456025055,0.007264082359896366,0.004177915411272976,0.005609885655334844,0.004898380735439968
219,0.003044927778965818,0.0072688515957464814,0.004155011296917194,0.005661466356121783,0.004944984460040525
220,0.003018679527386863,0.007231295323292435,0.004093724052870637,0.005634915313546095,0.004902251198095845
221,0.003075728220066456,0.007077874919187824,0.0040182849436702466,0.005658507529710324,0.004816460699614166
222,0.00308985545992708,0.007020692878723409,0.0039043744968923484,0.005587633249939458,0.004693857966574042
223,0.0027139082622041396,0.006678847722639475,0.00416851607882646,0.005271826784004893,0.00447146173167726
224,0.0020180681540968594,0.005846303612721587,0.004381307848339879,0.004759081056289454,0.003965605411760122
225,0.0017375322237189303,0.0052306371215733215,0.0044727108770621195,0.004425293665797848,0.0037216997595895312
226,0.001550735870706696,0.004972114047567992,0.004416401615433394,0.004176414698966634,0.003565867389293941
227,0.0015860160790747869,0.00462666118645662,0.004463575816280319,0.0038810541072154536,0.003492657078526726
228,0.0014111772024111941,0.004378455793545966,0.004480513291674939,0.003888047512728744,0.0034044281250761826
229,0.001613914075368157,0.004400555668975449,0.004468474575679208,0.004022026920309768,0.003526403593328644
230,0.0016873147185562417,0.004648463521602143,0.004317393954982278,0.004176273204680216,0.0035763981043562807
231,0.0020337472004534683,0.005071729909142716,0.004279459848843503,0.004393200803153052,0.0037997255056786542
232,0.002811660132102176,0.005352739747992593,0.004289287874714696,0.004573918524094278,0.004178557644848726
233,0.0030704327291041426,0.005499967217375557,0.004317267311020431,0.004694502273304815,0.004312505039384481
234,0.003075717292451932,0.005491111548463239,0.004330466302421315,0.004676676187173231,0.0043196082758339815
235,0.003069019774034628,0.0058240404100083545,0.004369463139796126,0.004927145447037318,0.004432650200269971
236,0.0030692571071478255,0.005971152091226303,0.004428392187575855,0.005055350741064807,0.004496968182485441
237,0.0030698065101990397,0.00671331159035549,0.004467720019698908,0.0055718460402094825,0.004759598840937679
238,0.0030574523569201406,0.007387638536460538,0.004386145509502241,0.006025051884394648,0.004962210457311746
239,0.003015025815201762,0.007987238091102668,0.004219878615957073,0.006242309385044462,0.005049328990010162
240,0.0030364392356264447,0.008242945118155797,0.004186779967635418,0.006339589932877388,0.005202072991644519
241,0.002971634027422964,0.00810529379188355,0.004181604098134032,0.006196630763198172,0.005239448153171374
242,0.002864166658735572,0.008079579788979387,0.003999471193474846,0.006184564604319681,0.005225360439024749
243,0.0027932653030588337,0.007883575956099065,0.003928227548223802,0.006013662329174119,0.00514993605574199
244,0.002826854647056463,0.0076964180345312555,0.0038792533901719603,0.005879121805255217,0.005034047219604741
245,0.0028868991077069008,0.007262839663342749,0.0039200988595679935,0.005653579907790199,0.004879757824830977
246,0.0029358775533294065,0.0071348660658393835,0.0036708654795763627,0.005581089629375904,0.00470770811479057
247,0.002775013939533311,0.006865047543414779,0.0037992436511956203,0.005528134598344248,0.0045659900199827245
248,0.002027662597401936,0.005787464793135276,0.004228733696706102,0.0049768580379878835,0.0040366186822104275
249,0.0016322043373114615,0.004971798980284376,0.004355658290301943,0.004449736892187644,0.003647636037624268
250,0.0014731930340645886,0.004626264624019133,0.004444074794155693,0.004355378533797047,0.003516198340161118
251,0.001479979541487066,0.00453950085465326,0.0045440025582447014,0.004264624700941043,0.0035203103170185165
252,0.0014224320144434306,0.004454987557241014,0.0044698115298179,0.00393331250198285,0.003469086053637181
253,0.001587712978235293,0.004696987709065735,0.004525462400210467,0.004260662506888825,0.003613411902799882
254,0.0015930066309566835,0.005399726707369683,0.004412795191291432,0.0046544830539142195,0.0037417823589181204
255,0.0016747725763675138,0.005836909743881907,0.0043541121316977745,0.004866874106003818,0.003776402503349834
256,0.0017925233202753283,0.006171554891458284,0.004305930880865402,0.004962004363109419,0.0038194857847265603
257,0.0017862439960951671,0.006335993078607377,0.004253090584687703,0.005036627851347076,0.0038099317248514526
258,0.00178908861445677,0.006007972381224867,0.004179374583530491,0.004781524162801135,0.0036896114428063218
259,0.001797426625115494,0.005793971380053079,0.004080436570791457,0.004616526399218413,0.0035914018478735233
260,0.0030890034505646788,0.005720736264978187,0.004043262259696956,0.004873658898247149,0.004269837848611887
261,0.00310988845631807,0.005787435869356063,0.0040186523886705195,0.004953376221866951,0.004304155224920212
262,0.003027297646997383,0.005751412654263407,0.003965658082461215,0.0049033698136850155,0.00426783792281003
263,0.002812858801425048,0.005681348951318953,0.003833241424700715,0.004691172522671917,0.004109661778914379
264,0.0029808249913867682,0.005727016898730824,0.0038954382043513464,0.004728474877741396,0.004211147353378014
265,0.0030240654309204966,0.005742422058015374,0.003918797119875418,0.004710034984204953,0.00430160018650664
266,0.003085890072222072,0.005756462757920472,0.003885144640839719,0.0046819716313417125,0.004323021059964246
267,0.0030635439801703934,0.005755245911651144,0.0038422377680247485,0.0047067622160176315,0.004318289912417368
268,0.002969805337397979,0.00574808418864151,0.0038292257699569887,0.004679537723787601,0.004290815237788626
269,0.0029590958746302963,0.00578299980351971,0.0037219358864839965,0.00470374058288529,0.004253316390384471
270,0.0017296909078417808,0.005500978159750498,0.003668666494209247,0.004181049354448362,0.003458051596549295
271,0.0016674749010896273,0.004898918846150003,0.0037918535135620015,0.0038239330489463815,0.003294790052285485
272,0.0016889983630812818,0.00434326523875999,0.003891534262917043,0.0036220134167300405,0.00319904625965156
273,0.0018505776971516324,0.003803635176164773,0.003874938975230055,0.003376454821982157,0.0032201374452625075
274,0.0016092340769744973,0.00339876453509516,0.003819453396129446,0.0030078099658821618,0.003004508688306439
275,0.0014081454151481142,0.0033294818026671927,0.0039062174179014903,0.002915054960176093,0.002909559054312069
276,0.0013166158588824107,0.00317321483228669,0.0038138906272843515,0.0028114660617038134,0.0028101922653655893
277,0.0013949845723425572,0.0032611682621506923,0.0038127305258420503,0.002956905517068162,0.0028859305688107486
278,0.001547227916864189,0.003767228345655187,0.0038679236337344066,0.003430031720956385,0.0031307529284830657
279,0.0020076924103135147,0.004502540519042081,0.003931587092263766,0.003998849823058146,0.0035594710901984536
280,0.0028095105830948874,0.005124836675600678,0.003998473474595942,0.004471859912417544,0.004053527516951727
281,0.003103750737601858,0.00542061439056692,0.0040345587283606935,0.004730466483219971,0.004264739126169161
282,0.0031507086763328525,0.005297307958242684,0.004017654173236904,0.004621769592118112,0.004226761124690649
283,0.003151709947327135,0.0051009549536622945,0.003992864583023017,0.00447580725861253,0.004148138149598327
284,0.003151563315020868,0.005512152429626072,0.00401911375788619,0.0047905624697336825,0.004270682901891752
285,0.0031506127790855336,0.005334644730781602,0.003991090038751426,0.004658709988511134,0.004198135437499802
286,0.003014659511602652,0.005462227066701994,0.003964816505555972,0.004738958446290127,0.004200243348748382
287,0.002824770924566327,0.005760301448250173,0.003882355580862523,0.004798298355247885,0.004186445730377589
288,0.002882064877558755,0.00556057746418714,0.003988646761388467,0.004642503676937041,0.004209983253735534
289,0.002911599400954133,0.005687620387898943,0.004097038444777639,0.004730806781196989,0.004344361641889501
290,0.0030507024850225197,0.006057213614299144,0.003995552098980278,0.004965704154272587,0.004517721742675547
291,0.0031114482821930204,0.00614772922116708,0.00397084923784055,0.005063407317093668,0.0045915416628281355
292,0.003083580323488037,0.006098896761135106,0.003862803412446595,0.005016991186555203,0.00455505343627572
293,0.0030198429603520032,0.005608062568062441,0.003903493040222141,0.00467322249896587,0.004357759244394716
294,0.0030243486661903824,0.005442057036831816,0.0038319531283526414,0.004572196497950191,0.00422591027721458
295,0.003002778724263655,0.005256779448569884,0.003848755003463508,0.004434360909884313,0.004149298259629746
296,0.002811432094605516,0.004942345537835128,0.0040177426122199,0.0042313025182835065,0.004001075841851187
297,0.002471223044907406,0.004485344735391733,0.004017786836137865,0.0038755330702029273,0.0037498626695074647
298,0.002167487119254088,0.0036143337151579536,0.003894968320013095,0.0031664326782575203,0.0033397527083678974
299,0.0019031755380004044,0.0036328714856061458,0.003958784120033066,0.0032303731568084568,0.0033072741322921627
300,0.0018725589186953033,0.00395822650372083,0.004049801952066584,0.003478655109021254,0.0034436961526461665
301,0.0021344313781388596,0.00409088146656819,0.004034044036201833,0.003649787677968684,0.0035510743852655994
302,0.0021888590011029272,0.004291188002064326,0.003923870439101297,0.0037742343893233904,0.003601386413945681
303,0.0024519940729492485,0.004580216948331897,0.003907592013213977,0.0040065430310639045,0.003769523715595848
304,0.002965501320294409,0.0049671483808067,0.003915055881733901,0.0044172361553580335,0.004038286930505172
305,0.0031817963983615492,0.004969317411225973,0.0039043250849664455,0.004457488330171198,0.004085804178387781
306,0.003185945242032403,0.004744434068353692,0.003892709143788241,0.004268755156831938,0.004002059874681198
307,0.003170333824442178,0.004628006691264815,0.003862160531920023,0.004280258737728039,0.0039580996285932
308,0.003178310810466267,0.0047148300426198084,0.0038443901961954866,0.004407152376230588,0.003982877259264252
309,0.0031812949725032323,0.004620263854589899,0.003864223803809154,0.004340250405587289,0.003959609106649995
310,0.0031118800077967954,0.004865522998829968,0.0038469435515393067,0.0045383729898620636,0.004021068642853227
311,0.0029808726133590973,0.004998475746635966,0.0037645890104239846,0.004542062808481332,0.003981431365780551
312,0.0030760099323746664,0.0050209643271368135,0.003902157262036781,0.004560759690780532,0.004065159662279461
313,0.002910419080154219,0.005237492133773422,0.004003943649003584,0.004673892636471841,0.004137694095185248
314,0.0028652889994626772,0.0054225961765981484,0.003955220320556776,0.004779454514338855,0.004201321454626947
315,0.0028526871708082265,0.005467933511043592,0.0038729956675592264,0.004802074976218567,0.004205870005608396
316,0.002844636770771215,0.005490370755762818,0.0038679157965169257,0.004822520765852311,0.004202514921155666
317,0.002846527992200218,0.005480676936563462,0.0038627155352036857,0.0048138022468862335,0.004205271840333334
318,0.002926776936717948,0.005077615942679986,0.0039801568260204425,0.004525754025722587,0.004126315823859701
319,0.0027570699401254293,0.004690053060214968,0.004060334293992145,0.004151861352175107,0.003962237701237183
320,0.002392797405962076,0.004016858438632755,0.004153981938089625,0.003536403597107175,0.0036304450105677827
321,0.002206573808370737,0.0036326078420731416,0.00411334782292185,0.003240408847859881,0.00343457425333759
322,0.0019653006830707615,0.0033870771792110245,0.004073179777121427,0.003018419877396785,0.0032657333674487314
323,0.002005729710317051,0.0035124638277955565,0.004085363948547281,0.003137984113393901,0.0032985133807611924
324,0.0023028579036524967,0.0039625680350324835,0.004176558567368062,0.0035249203569937774,0.0036401578566324566
325,0.002404587304001812,0.004292891338741344,0.0041962864001476455,0.0037986691939946604,0.0038162764175044724
326,0.002305090604541138,0.004470267774800628,0.004218760151097449,0.004009597967763187,0.003868792761007237
327,0.002508221462699447,0.004628629767149871,0.004198997683305921,0.004138769325991489,0.0039510009163541
328,0.0030434784444102365,0.00476013816167595,0.004187172613464604,0.004303092509928999,0.004110763379072939
329,0.003262781752731853,0.004555250046606832,0.004201099119746787,0.004156743366981214,0.004086955947100211
330,0.0032437678782165982,0.004419251113202999,0.004217079131855547,0.004050635628579732,0.004037980354000742
331,0.0032805647035505,0.00420800385766056,0.0042014272594922885,0.003890327326913796,0.003963845598844833
332,0.0032875172718572995,0.004402171295347784,0.004211499202663441,0.004051128136865071,0.004040237841671996
333,0.0032828189514113562,0.004457940586720004,0.004190325271622478,0.0041129370837469,0.004054793298148291
334,0.003223765992042068,0.004675917099942679,0.004205719836346821,0.0042839231913087365,0.004130391653233814
335,0.0031924246998731964,0.004933115013046369,0.004147943378214202,0.004368764811920054,0.004166094593845937
336,0.003170643434868502,0.0049609499667319455,0.004136977209780684,0.004292314382634028,0.00413841848180341
337,0.0029534871667315724,0.0050983332547834374,0.0041097799618686785,0.004331086678669361,0.004122362724130483
338,0.003024139630896025,0.005378120815276419,0.004086457760038428,0.004535408569197055,0.004233313733259594
339,0.0030821659875923785,0.005529469733399675,0.004024849220540647,0.004627028307944234,0.004301766073265611
340,0.003123797896306142,0.00549750502833564,0.0039982889873567675,0.0046086513193434285,0.004311025368547113
341,0.003151921909727025,0.005450603171963856,0.003993337413261723,0.004580364410640623,0.00430273628265262
342,0.003198450131659826,0.005045234575605199,0.0040457733624516745,0.004331370314612713,0.0041985936551378064
343,0.0027055144870510956,0.004718883604222717,0.004091413406504955,0.004003839216275121,0.003951884292307679
344,0.0020722216524640806,0.00396676937615565,0.004139974119465183,0.0034046381581414333,0.0035001075444528185
345,0.001619260373873682,0.0034207077259082183,0.004126860989606991,0.002969010612800035,0.003115396421136822
346,0.0014804972952115639,0.0031734893560839547,0.004056219093337642,0.002763583120371733,0.002936883445163336
347,0.0014535968624792889,0.003055509224940736,0.003994970466578075,0.002628505624091218,0.0028799576920773757
348,0.001367921090070254,0.00301505680982786,0.003948151832674489,0.0026057693570655485,0.0028132632011079735
349,0.0018217787628333354,0.0034070881178734514,0.00406492805325583,0.0029777322877094473,0.0031914932817934307
350,0.0017364657445429808,0.003763347095742821,0.004111473157587014,0.003296584696654958,0.0032822974774227485
351,0.0020563682969812072,0.0042175884938195005,0.004164588131914458,0.0037856301890946374,0.0036085599039008807
352,0.002817842585234373,0.004648793235050981,0.004175770190787268,0.004145323905778512,0.003977588599368407
353,0.003265055438250064,0.004591872224830766,0.00416594924144245,0.004124428364860544,0.004056230696678489
354,0.003269284709811729,0.0048751972149616305,0.004214634242266805,0.004335590971289685,0.004174089620183514
355,0.0032723266167224417,0.004879440411710055,0.004226060738677053,0.004343590086989222,0.004183456725212293
356,0.003280508359122301,0.005034450903398557,0.004250699749387738,0.00445945175612702,0.004231783661701601
357,0.003278536698196092,0.004967000380192931,0.004248918525603532,0.004414083198366422,0.004206753069688306
358,0.0032818094074898822,0.004971266440317795,0.004230925646675002,0.0044258708499553935,0.004204051858427798
359,0.003204433638883982,0.005079820931986418,0.004185784611385448,0.004482363642925639,0.004218986444079629
360,0.003169409716201866,0.005580925647066733,0.004078594719981438,0.004792960720063258,0.004356865618144066
361,0.0031040110968645744,0.005753308048479338,0.003999972134982786,0.004869161012678243,0.004416283601178894
362,0.0031420767383619316,0.005593934039211854,0.003939433653626417,0.004771883450256737,0.004413259329677221
363,0.0031054024315707576,0.005679381133281332,0.003853417718707564,0.004816233925192643,0.0044281497839441025
364,0.003043521205185397,0.005944553593722273,0.003711314681103504,0.0049969707918527595,0.004460158294795419
365,0.0031396988838926403,0.005778235408716145,0.003649695659342296,0.004910358765346037,0.0043857452059947975
366,0.003070533709320154,0.00537201386749713,0.003656558530773731,0.0045915244469848186,0.0041746996002296755
367,0.0030730895208559055,0.005494589393000291,0.003728877858450788,0.0046991844824673884,0.004215655085296868
368,0.002872662889241954,0.00562115950286278,0.003932671550270301,0.004815448412699269,0.00421364377570561
369,0.002600132586077883,0.00506003524093755,0.00400363674004235,0.0045149939045463485,0.004032994964851119
370,0.002374524192562962,0.0047309440482796936,0.0040534603886672954,0.004244623677939575,0.003887295977581768
371,0.0022780916869363037,0.004867602259214372,0.0041154509234738,0.004377799019567312,0.00393365394350596
372,0.002261659222480499,0.005144946006365739,0.0041296363563625435,0.004513586278553482,0.004101856090340474
373,0.0024874283946114467,0.005325677637716016,0.00415171294546016,0.004662450015196013,0.004258941050621482
374,0.0027211677388270664,0.005604556992748677,0.004058622902750821,0.00490062783490858,0.00439406495481135
375,0.0027999255122708915,0.005909680362457481,0.004096543387295303,0.005217838415895075,0.004451341947718916
376,0.0029494072793495646,0.006266019012223478,0.004148017307766865,0.005539357256629365,0.004572764671359565
377,0.003168709469798921,0.006053430321819822,0.004122094183432616,0.005371020287503009,0.004530030851759529
378,0.0031702134110832354,0.005725868923031093,0.004085546042139275,0.005100661882042873,0.004418640567717372
379,0.0031693528859081587,0.005687772571626776,0.0041065574530526425,0.0050878838127671406,0.004428378252114181
380,0.003176277327344441,0.0061906549467737855,0.004198420958913138,0.005497951874784921,0.00460104274355975
381,0.003177008938743319,0.006390027011485007,0.004258412036913079,0.005659686947934762,0.004675973726154638
382,0.003155984880452545,0.006844001645720063,0.004342819224627645,0.00599228811514572,0.004818900480776861
383,0.003048359472486273,0.007298776765230556,0.004154838602239487,0.006062665162064714,0.004803978542805269
384,0.0030927979482469592,0.007414784934380416,0.0040974798272524855,0.006020100134353312,0.00484720975931148
385,0.0030596852330201955,0.0072017510801354965,0.004059540664497491,0.005866308473852373,0.004895554864161726
386,0.0030035424615163426,0.007578103543127249,0.003916726048906852,0.0060728378281588785,0.005000710442896844
387,0.0029847978588385,0.007178729958226653,0.003711775779261674,0.005829462297952789,0.0048283461732807785
388,0.003126204270827379,0.00685782191071286,0.0036367567504654334,0.005642732734347477,0.00470851128682362
389,0.0031386592795393797,0.006643030031089329,0.003556785001104604,0.0054945788169448685,0.004597859561984651
390,0.0031483168072725916,0.006533037296849478,0.0034950411297847987,0.00542693005525095,0.00449590431568649
391,0.0026963562725968965,0.005890968670513261,0.0037194300136572465,0.004929394659896272,0.004182703975140871
392,0.0020341604681605695,0.004458617301650658,0.0038462759512413757,0.003817482409305336,0.003523787522823982
393,0.001550255463600191,0.0037505122363333445,0.0037946646684840985,0.0031422634562913933,0.0031330010144987853
394,0.0013424513519464658,0.003191864933814348,0.003732561054712231,0.0026168058084101945,0.002839892676438788
395,0.001280584539988142,0.0031537426935887313,0.003817760549444341,0.0026121899830501938,0.002828143253853343
396,0.001176784949463362,0.0031821200035571638,0.0037351161027564497,0.0026652392762396273,0.00280291151378079
397,0.0012108408309225212,0.003258103826595199,0.0038001724427121804,0.002935500719771991,0.002891711476297516
398,0.0013426519374522168,0.00349627343150133,0.0037786650285850766,0.003157253761325006,0.003024271012384153
399,0.001830755033908533,0.004245119160203491,0.003886214428680929,0.00391609543460908,0.003475702358910335
400,0.00254496566568497,0.004883622245701734,0.003947759163617436,0.004512005250936233,0.003917140264511011
401,0.002996115510895205,0.005620450707579704,0.004035606713908933,0.005131156335132057,0.004292087258540403
402,0.003054356979484067,0.0054372407026024895,0.004027783452274638,0.004973352552131247,0.004289014716561793
403,0.003089820012155025,0.00578445117528578,0.004064349635142629,0.005261325173468496,0.004435012702489948
404,0.003175073633752566,0.006525617598601305,0.004134731083814728,0.0058532049797847445,0.004668856644493229
405,0.0031823456336533976,0.006984100367487074,0.004231994206872772,0.006229658414726938,0.004826945773186296
406,0.0030582062983999874,0.007393823056005318,0.004186684147268998,0.006508268985107387,0.004901763458626984
407,0.0028390122507737144,0.0074847587054662984,0.004051930378160863,0.006439989828854403,0.004817162831868265
408,0.0028548073386466385,0.006882272793421255,0.0040605604888489044,0.00595474495598453,0.004734941749759742
409,0.002870099052208649,0.00697839079279717,0.004107984374334061,0.0059854340606820804,0.004869987023374857
410,0.002880552092509209,0.007049395240593826,0.004023818017755193,0.006008022097717026,0.004946905372957933
411,0.0028451432893345186,0.006893186345294042,0.004067582606783476,0.005890149185668227,0.004920822000046965
412,0.0029144225889709717,0.006742873720579786,0.003963286383295416,0.00575579199345956,0.004848956488356702
413,0.002925143922486925,0.006823065716207689,0.0037807607723237885,0.005805455740148394,0.004792751282224517
414,0.002926596573515256,0.006327036793207689,0.003655383568319891,0.00547166730582569,0.004551325029931968
415,0.0028059414083289927,0.005915198757045086,0.0038407496662765895,0.005138480861363824,0.004362186076773938
416,0.0025284110755292473,0.005131325133736648,0.003955425519565339,0.00459897247088978,0.004019748986762934
417,0.002016688988753001,0.004851025880140955,0.003989403784474551,0.0043563319858575915,0.003766336240371793
418,0.001477687390349663,0.0042816615476863155,0.003911098579955016,0.003820906779173212,0.0033232039624489867
419,0.0013335663515896057,0.0038167037985086397,0.003937742663756104,0.0033901345231982585,0.0031157147168218735
420,0.0012635011566194526,0.0033689392447566126,0.003796783769771147,0.003102174358921141,0.0029274975412125785
421,0.0013381411756160954,0.003353679099746722,0.003752927672594271,0.0032198245090344605,0.0029487650861926245
422,0.0015002804287619076,0.003583578846394946,0.003677742461587745,0.0034136245764553102,0.003058959461572176
423,0.0018091640479439592,0.004177629105159849,0.0038147953642963723,0.003936419610396457,0.0034113977377800944
424,0.002745806916155669,0.004838345245296769,0.0039208211198159,0.004503634601054097,0.003961353614858523
425,0.0031613658612392606,0.005260730062807899,0.003980045838303306,0.004774339459077129,0.004234412158582472
426,0.003167342468392963,0.00547828358352098,0.004024163118786063,0.00487221315972826,0.004328992841052288
427,0.003172094162894839,0.0054393590421135535,0.004022887444085596,0.004869227665343975,0.004341292649999244
428,0.003178856441961922,0.0058272272038113184,0.004066497622033075,0.00518232319212578,0.004479856537528676
429,0.0031765415143278734,0.005924632196107088,0.004083257986196214,0.005272147392152202,0.0045201344124201955
430,0.003087724033694179,0.006187596721145932,0.004122680604078669,0.005467043166965044,0.0046071099758906294
431,0.0028835205778289957,0.006461858616704724,0.0040536868012572376,0.005540410702999922,0.0046073797376110755
432,0.002867412349204923,0.006652337741514361,0.004170129064321523,0.005626376820372547,0.004745524691988376
433,0.0028855857365777202,0.00670419609195296,0.004265209952588118,0.005608241978046214,0.004864223844841299
434,0.0028835411897766804,0.0066238932317331,0.004207463124818575,0.005524864724152543,0.004868672517736881
435,0.0028648964231549343,0.006429460498610759,0.004073324425983789,0.005324405024823914,0.004780531415015304
436,0.00286620051219114,0.006346264474755247,0.004003331090369954,0.005263537570686751,0.004712848191197174
437,0.0028419028051015933,0.006378460325877343,0.0038724314159273862,0.005277621013071106,0.004640991511453644
438,0.0028776915194611724,0.005944543432631931,0.003738564014473635,0.004997266878685824,0.004428991464131271
439,0.0028757764375161496,0.005629782210843467,0.0037550696008474375,0.004767457959817061,0.004282487665877612
440,0.0026305205323839576,0.005227074497997729,0.003928432973130551,0.004527924565508827,0.004094569487706603
441,0.002212069486768939,0.0051307994520836805,0.003972075112408986,0.0044782811145136,0.003971730316012876
442,0.0020441666928289618,0.004839451469264053,0.003995847919206717,0.004221557079300416,0.0038445924513932184
443,0.0021436763645404817,0.0047021174672433165,0.004115813235424593,0.00417932548644751,0.003851052923319018
444,0.0019177705593964318,0.00462112887483177,0.0041689583412874735,0.00413256271455322,0.0038211852190120693
445,0.002165536592494543,0.004622272646273494,0.004208098858598321,0.004261722728671201,0.0038896658215550987
446,0.002200602455559776,0.004899266172955152,0.004269120394999934,0.004578564431839714,0.003998361297716295
447,0.0023450470718885228,0.005215811936712394,0.004112457855298172,0.004786454459295917,0.004107290645644346
448,0.0028101294814098948,0.00585325652350986,0.00426602939020291,0.005288875258173258,0.004482418060665215
449,0.003155431664315041,0.006338063179347042,0.004319372851176242,0.005637031532062614,0.004714549961211834
450,0.0031406999145483245,0.006306833238139318,0.004358951354103846,0.005642025859238862,0.0047121905379149155
451,0.003142897525177849,0.006169556037083492,0.004347553037135795,0.00554394669591093,0.004694016638692321
452,0.0031322102136979164,0.006387316530235524,0.004412411806986941,0.005770533503578926,0.00477959938888277
453,0.003131584647298853,0.006736556572097394,0.004466157246136853,0.006057309421787017,0.004872350159463946
454,0.0030935343752690712,0.006898001351216925,0.004576554190535985,0.006220497859810019,0.0049285831424697455
455,0.0029586943682069957,0.007493585993886714,0.004485365024750382,0.00646562453157445,0.00497676438474487
456,0.003109645979379124,0.007453728971922419,0.004467101882944169,0.006304880499747462,0.005040749233058556
457,0.0031983440956358028,0.007387221325075455,0.004503951443999659,0.006226838998480157,0.005162440938066817
458,0.0031383120358815402,0.0073534188471753225,0.004435252744299138,0.006140612583151738,0.00518859337905622
459,0.003127502520489735,0.007115813837477348,0.004332758920986654,0.005960524438123466,0.005112870645998264
460,0.003105158660023643,0.0069810655183554235,0.004227338869779234,0.00583533329079915,0.005021777631565336
461,0.003110542121792222,0.006928252354619563,0.004096568844631689,0.005807218009644891,0.004915896438725405
462,0.003135156343137698,0.006483180344876652,0.0039903048269975105,0.0054940160963597735,0.004706189568677716
463,0.002706257474381408,0.005918603983159952,0.0040854619245864615,0.00506412447080316,0.004400440384814494
464,0.002007329990720109,0.0048006631370591454,0.003952555167372253,0.004133300669023894,0.003741486554859948
465,0.0014924362665540841,0.003738363142149467,0.0037725926840909956,0.0032496853855793,0.003128205003353334
466,0.0013311169847275068,0.0032810756262760445,0.0036560180327542048,0.0028242545913799875,0.0028780516827802026
467,0.0012887561219644976,0.0031461506820612654,0.003741569179709768,0.0026799574289511786,0.00283330890837756
468,0.0012547495467650895,0.0030966306181729746,0.0037110030481910454,0.0025286261442287058,0.002798121897521174
469,0.001329363237067028,0.0032055414869055247,0.0037407976270261763,0.00272513679535437,0.002889905680426038
470,0.0014785680971445975,0.0036013740906008134,0.003686605840128338,0.0032210615744124945,0.0030733407344989984
471,0.0017858367630008472,0.0041971529279891395,0.003763487398525632,0.0037461864177521244,0.0033952519533712207
472,0.002418428377744329,0.004935805087316634,0.003826569677757574,0.0043766983351788535,0.003886839698016884
473,0.002843667624627318,0.005176352874277411,0.003843672375030472,0.004627269334731613,0.004107271883237597
474,0.0028628737008979622,0.005162818117701087,0.0037887581179442075,0.004602739982300827,0.004073578445792705
475,0.0028122081022326707,0.005459866835268627,0.0038334066418713414,0.004826456975076998,0.004160125287030835
476,0.0029108540278500795,0.00587987956056896,0.0039395008686835395,0.005183198016041383,0.004325459397078868
477,0.0031919237186111985,0.00571885053345729,0.0041144612861549554,0.005123794052080074,0.0043741692887307474
478,0.0031908254040866296,0.006090769835274266,0.004195737138365583,0.005434407570770211,0.0045191913768858755
479,0.0030977944083702955,0.00669994451344486,0.004176723730358717,0.005711574291852302,0.004645499100281925
480,0.003121078129601547,0.0068684781656033166,0.004336836799433,0.005758932190789177,0.00481780653204302
481,0.002938579445729366,0.007349187280140604,0.004504749500263532,0.0060444057381990575,0.0049951237359535435
482,0.003024432048619186,0.007492734267454428,0.00451250303957946,0.006120063299392652,0.005119062631311704
483,0.0029985917924486775,0.007546778965428228,0.004423337872218231,0.006153908671206645,0.005145783652171119
484,0.002831409752594368,0.0074298010444415795,0.004379106809247505,0.006064580731821643,0.00503679043679291
485,0.0028385794715525,0.006638097114273392,0.00432475153258969,0.005500625775509121,0.004787494436671878
486,0.0030928001045558646,0.005532813319788321,0.00422625469017633,0.004757677417381168,0.004449393116377623
487,0.002915787219934662,0.005104140604841335,0.00426140236847188,0.004441434249946974,0.004276188145044775
488,0.002384462257694413,0.004645487533139487,0.004202178779976423,0.00404973316320018,0.003932604463948883
489,0.0017772607301691505,0.004316001894601096,0.004194049462115294,0.0038092791865068404,0.0036222693616932296
490,0.0016146356937849582,0.003842173475362017,0.004147266564615752,0.003403671820670753,0.003395234663142989
491,0.0015271678397772647,0.0034958382464243265,0.003985764931849268,0.0030583091962698874,0.003184245102062003
492,0.0015856939678650735,0.0031413142274600266,0.0037992630626326233,0.002735328855480692,0.0030250012382244456
493,0.001914785451149389,0.003292212445378734,0.0038096236908319397,0.00290489318049038,0.0031693577333496356
494,0.0024159463232728867,0.003665321868876066,0.0038659554469128443,0.0032120407684923385,0.003447294126887054
495,0.0024138315064905344,0.004281210999991044,0.003951570312184596,0.003687810350120812,0.003679014767920514
496,0.002816743632961357,0.004647351759828921,0.004043212066172391,0.00398746908494022,0.003948321239330347
497,0.0031972916910090275,0.004539808324293136,0.004056290105378434,0.0039311293252914424,0.004011180701679998
498,0.0031806082857347173,0.004400777415237428,0.004041324723882192,0.0038214174280906603,0.003950542351272475
499,0.0031788185434242573,0.004263961191212282,0.004037115310448573,0.003700125274110541,0.0038919175197363594
500,0.003178904646901044,0.00451664181985296,0.004115260818056533,0.003914722031789117,0.004017535790643073
501,0.003179760113317599,0.004448421869178341,0.0041142177614011625,0.003902142034687772,0.003996651018839132
502,0.0031790190223636152,0.0044859747741456645,0.004141914968597619,0.003941212072788313,0.004031621241179079
503,0.0031606436387415287,0.004766771586845621,0.004188888048274507,0.004132007769327302,0.004142217217879252
504,0.0030286360924966695,0.004908486280163654,0.004141432086345023,0.00425237610886366,0.004134661859234476
505,0.002989547269334096,0.005108400085246448,0.004104346759769298,0.00447293950028404,0.004198380521921229
506,0.002914162372658915,0.005264450335603859,0.004048902959414795,0.004564816406305795,0.004246967847486165
507,0.002829577106496038,0.0053749515945714435,0.0040483338083577985,0.00465839158205695,0.004274144290522247
508,0.002842570996714173,0.005366243978189798,0.004079072265894419,0.0046467339967699054,0.0042839776277493954
509,0.002847469802189294,0.005472027631721722,0.004088181625294035,0.004725723801414299,0.004327704205231324
510,0.002954883251081434,0.005058908095234315,0.004080428445232808,0.00441730244958357,0.0042123163904527585
511,0.002759368149463052,0.004860652884578351,0.004112044583936608,0.004259814571545233,0.004085864942403806
512,0.0022453514676657156,0.00447232840269919,0.004133060510863201,0.003948024716723448,0.003812099833955704
513,0.0018979739141019951,0.0040661117671173495,0.004177116752872699,0.0036646680576923334,0.0035830445966036277
514,0.001931163961803315,0.0037383024116566976,0.004148378755749031,0.003432972217146186,0.003491849051677003
515,0.001793536217710451,0.003698299991304723,0.004131840237570266,0.003383476505175242,0.003455146065210952
516,0.0015051639811240326,0.0034658003315914095,0.00401653817261004,0.003174719749386004,0.0031985807805422423
517,0.0016426373024944329,0.0034997399737413115,0.004011265436985949,0.003150360153651859,0.003246580626376533
518,0.0018788276119281599,0.0038018775754149682,0.004020187598823304,0.003433260732580091,0.0034285390583396248
519,0.0022345574971891023,0.004089339339481635,0.003977552943408782,0.003657076853848366,0.003599803720484366
520,0.0026245685879732615,0.004573021847704188,0.004115258031030812,0.004039105682464629,0.003918472666155276
521,0.0031315697171724103,0.004702702537649908,0.004194098070927369,0.004133286817586199,0.004107388132852733
522,0.0031471249151031984,0.004959663978146905,0.004203640980744714,0.004158665392855654,0.004205479052657804
523,0.0031373412040664136,0.004924645774848418,0.004239701166382625,0.004195322536445013,0.004208534740515582
524,0.003141503284816297,0.005273412700909994,0.004345283858399003,0.004474418634995254,0.004346102919773939
525,0.003135013461938297,0.0052687699310527795,0.004357105055190062,0.004467345421891911,0.004347188509212416
526,0.003016208633362072,0.005540964134284302,0.004345700462435775,0.004647206196495147,0.004412109398114233
527,0.0028014734240032913,0.005675837147429437,0.004288573526002204,0.004685519742633059,0.0043847644322520364
528,0.002861887348265406,0.005403414554189052,0.004146609516545188,0.004616946815890987,0.004272423185584018
529,0.0028382786310329517,0.005366141503573256,0.0041478751951999175,0.004577507057204106,0.004302902622279428
530,0.0028607157232650136,0.005406373417980546,0.0041545220120789116,0.0046034266727469865,0.004368829472139725
531,0.002856191317379062,0.005445346539427004,0.004084828781774589,0.004613248341949729,0.004381872796937174
532,0.0028649131015969945,0.005592961823520435,0.003825146472545083,0.00472434025728826,0.004366889779316204
533,0.003019745901118052,0.005679185336029274,0.0036691024510654936,0.004814817601975941,0.004358894705040537
534,0.003067091725191534,0.005408377062606971,0.003577330375809953,0.0046517712071873895,0.00419847565466016
535,0.0028172273235853593,0.005271508038800582,0.003669161308014913,0.004522886416242438,0.004054536780161893
536,0.0026460892959129156,0.004981892171648351,0.0037423913429786167,0.004324622765986598,0.0039031777263080604
537,0.002456223524578989,0.004710113499492283,0.0037404886393355,0.004112412370770807,0.00374430956640231
538,0.0023291858679653403,0.004530504347602297,0.003764203822375853,0.0038841766705023585,0.003653646072948011
539,0.002241180863887375,0.004242605695151464,0.0038609714463437583,0.0038440695496969788,0.0035983056786810133
540,0.002134139421503805,0.004357155753290745,0.003902277380834918,0.004029088445196354,0.0036592361052963547
541,0.002435790136655497,0.004416254786887325,0.003910934632603405,0.004056374942380043,0.0037373852334896956
542,0.0024045281243959753,0.004929814410645054,0.0038421979487068304,0.004499860434641702,0.003886708143969279
543,0.002735953041923722,0.005538078736753019,0.003968259607351963,0.004988950700081734,0.0041980864592843945
544,0.0030786647662184984,0.0062081972353304204,0.00413157664097228,0.005539587406284005,0.004566832051410236
545,0.003168481332357255,0.006268246242643323,0.0042660191380174545,0.005540520548636201,0.004633124375296972
546,0.0031465236257237333,0.006264157765895453,0.004268795102636047,0.005443304750917519,0.0046075268068351384
547,0.0031724663117073003,0.00607737255891197,0.004224645515797079,0.004905418286467487,0.0045684267125033215
548,0.003164795109758786,0.006342586055707595,0.004278059412942516,0.005214611166865677,0.004657155361556512
549,0.003157781386005218,0.006555237302347948,0.0042195658748653804,0.005192542882433734,0.004654858809941024
550,0.0031267514195533717,0.006569975444429351,0.00416651206888396,0.005187368072672835,0.004635752126270688
551,0.0027990455289057174,0.006677365593034092,0.003988926562865629,0.0053939400980611224,0.004589965239430625
552,0.0028881867923913744,0.006318430587830347,0.003991443395635557,0.005104262913460104,0.004602281388140924
553,0.0028702853322039603,0.006105359531725934,0.004065198725328064,0.004833827927590263,0.004562112084448124
554,0.0029596058379076752,0.005664083543969835,0.004040661092109566,0.00447097089295309,0.004427630706415636
555,0.003020802790600905,0.005368659600716351,0.004019505134993928,0.004287173495320929,0.004326112787236248
556,0.0030207030842269796,0.005278735650830835,0.003915863564493795,0.0042589069712667274,0.004244934864913996
557,0.0029119349444175317,0.005319501492787772,0.0037619867285355172,0.004266824317923935,0.004169509527711006
558,0.0030436880668743946,0.004984181840397919,0.0036280756216017997,0.004041432802443493,0.004015065780930987
559,0.003037578452088302,0.0050668218811263,0.00369952307388718,0.004130586849764202,0.004053739718437064
560,0.0028142181623954745,0.0049384136638889525,0.003759678583653512,0.004013146058997397,0.003959758839111157
561,0.0026654625342866674,0.004692719367709906,0.0037652595350382086,0.003547811492007012,0.0038305194789134173
562,0.002301948850187558,0.004313487642896033,0.003737796251026373,0.003152951111016127,0.0035862203846262057
563,0.0020495153925750736,0.0040888578555796215,0.003843891178956044,0.00304119281217834,0.0033965869921031427
564,0.0020273622784685746,0.004312033337417302,0.003910672754009272,0.0032560502553654115,0.003531496553209426
565,0.0021243287316510123,0.004433598349013595,0.003929743816057135,0.0034864678085352483,0.003666331987402286
566,0.0021331243769191245,0.004783580037269602,0.003841286311429524,0.003926712413141473,0.0037763637781619863
567,0.0022792066500331456,0.005218194393424515,0.0038615781130329242,0.004234966125316541,0.003979778836037279
568,0.002670928130965422,0.005623303940251694,0.0038757865077320053,0.004637045810342426,0.004233204084066163
569,0.002979044107878473,0.00580432092548313,0.003885356896099711,0.00480859229894659,0.00434417375675693
570,0.0031114072766281558,0.005976769152171067,0.003910756184218347,0.004979860646376844,0.004430101643563675
571,0.003144548222103441,0.006354920357317592,0.0039289042603104325,0.00525020045423996,0.004553491941459142
572,0.0031773429175648827,0.006881916015713037,0.0039634727044743495,0.005653638638446868,0.004708500852072802
573,0.0031281397751241617,0.006991429832719666,0.0039022878018807375,0.005638082534412265,0.004669953592460822
574,0.0031026985876373503,0.006976584944787428,0.003998699466402658,0.005634182280506712,0.004668982380144672
575,0.003003208758211414,0.00758203200316896,0.0038017312684871353,0.005979142390455416,0.004730959972876167
576,0.0029476006654685707,0.007765558135558883,0.003659330269069025,0.006192596210803859,0.004771388037426728
577,0.003091868287282107,0.007506547132974733,0.0035056287874880255,0.005981478569728325,0.00479293360899607
578,0.0030851897732097648,0.007369597899745451,0.0033698268295123913,0.005858099465607326,0.004772527021247815
579,0.00294126628309049,0.007463250016454655,0.003308024516361261,0.005923575808826416,0.004771786541537763
580,0.002873944602484006,0.007492951458773958,0.0032961348853491126,0.005974457316427534,0.004760666368420735
581,0.002784150174712902,0.007490219862806604,0.0031789463008973485,0.005974242251785527,0.004655096070183319
582,0.00280148512879728,0.005946466978091151,0.003382790065634603,0.004982238981794624,0.004211326307501039
583,0.0025930346547278034,0.005213927208132728,0.003605868700023022,0.004507751938210552,0.0039436796269403124
584,0.0022902914293807617,0.004800916044367386,0.003680216269958906,0.0042316001333570314,0.003723559794384266
585,0.0020805041474779695,0.00444141360142734,0.0037203289330509934,0.003925549154148393,0.0035584131442066846
586,0.0022426152642046715,0.00429948832311616,0.0037149736789121044,0.0036936485444503562,0.003590321300990543
587,0.0021460854094292607,0.004350924952777861,0.0038709697683294315,0.0036902567835382207,0.0036466911497052513
588,0.0017737228421626785,0.004192566297255687,0.003907729025170588,0.003549804092080551,0.0035213506856319418
589,0.001435548623768627,0.004270771027979389,0.003931548115011454,0.004281024552568276,0.003342745847002401
590,0.0016238245454709079,0.004467308408115433,0.0037974037897184998,0.004476807377161676,0.0034645252788358294
591,0.001998637144468845,0.004787792901734585,0.003812546984043756,0.004168607991682117,0.0037277396694241306
592,0.0024966859463490657,0.00510205047329267,0.003842522591090512,0.004530863084684191,0.003993168725748143
593,0.002840650997935942,0.005266361307436789,0.0038230303855387427,0.004575231234868369,0.004120555255911224
594,0.002836192740029754,0.005263267557015444,0.0038607596067027107,0.004533789676407394,0.004121023430723779
595,0.0030633670531228095,0.005157523007839624,0.0038621804401028094,0.004025860410761427,0.004105886728565808
596,0.0031547198026445323,0.005552332950166051,0.0038821683931586047,0.004046436965828128,0.004233438258723145
597,0.0031004147175761206,0.0054627936164860095,0.003945875776778789,0.003998664935884708,0.004203512093700244
598,0.0030705560655102057,0.005665005340792849,0.003929054485250718,0.004629101380324635,0.00425934718983713
599,0.0027787637449110058,0.006023497954185603,0.0037717807830257967,0.004467530251528342,0.004206924000872622
600,0.0028723401677595295,0.005983449917213154,0.0038263517206766203,0.004992972537490702,0.004318452409497516
601,0.002721502680676903,0.006160579695028701,0.0038891718497856016,0.005085727632995598,0.00440429962340689
602,0.002681988713041755,0.006291675754798728,0.003743529771287911,0.0052138390575824116,0.004456107505984791
603,0.002682721152257587,0.006283058283090611,0.0037159806061439564,0.0052765727360789575,0.004472144486135898
604,0.0026849497605642885,0.006434991344586135,0.0036447814228798936,0.005419983902368676,0.004506258022488241
605,0.0026867005326816156,0.006538821173829942,0.0035030895969290162,0.005499913859948886,0.004466919593863581
606,0.002718308292378662,0.0059549875914181385,0.00360507790331781,0.005170083796613995,0.004284863895248004
607,0.002406816142457492,0.00543759065181841,0.0037882229970659705,0.004895318870398549,0.0040572238916296586
608,0.0017668669722154134,0.004670921546832779,0.003807247642838723,0.004403686945021678,0.003546609429668581
609,0.001550963398805174,0.0036322381795651924,0.0036625912930084285,0.0035981168000950676,0.0031030061726351633
610,0.001251385305814276,0.0030236179281080376,0.003533465800102483,0.0030713794097934166,0.0027105602244105378
611,0.0012021704321979608,0.0028296655322876656,0.0036263597643955807,0.0029401613840620276,0.0026313434860776104
612,0.0011650298885521639,0.0025764777729490175,0.003583507974643714,0.002723089306550702,0.0025129886633723656
613,0.0012441653773980648,0.002819269112334366,0.0036070326160206724,0.0029961609941670914,0.0026352303346718164
614,0.0014860654831131647,0.0032496319115637973,0.00355714379372455,0.0033240599063642105,0.0029002465949155287
615,0.002018554059500189,0.003966116888474517,0.0035328340466914223,0.0037788061972228665,0.003309875077553054
616,0.002917461198829381,0.00463067920524475,0.003593422781842247,0.004301547411506745,0.003823508891687163
617,0.0027255677348815618,0.005111830949699669,0.003681075585223294,0.004604483643942687,0.003996280211147728
618,0.0026708050608961922,0.005083156829276371,0.003674462853134795,0.004577878311190343,0.003977367301259829
619,0.0026611893615672987,0.0050235513327128245,0.003655733381114261,0.004544325441822222,0.003952035914555162
620,0.0027152294237559,0.005283307870395502,0.0037149196426770285,0.004790144591722024,0.004045674610461756
621,0.00285426750432034,0.005164929419589488,0.0037749300235458455,0.004693244531439828,0.004036193370864412
622,0.002760181565588406,0.005214694800792887,0.003704946310831672,0.004613382142535453,0.003985530797698326
623,0.002659828714934695,0.005467937059361317,0.0036352218612058325,0.004836774704825129,0.004029440151555853
624,0.0027582721580460172,0.005704532679401823,0.0037605942123595574,0.00498679169270082,0.004197440133275116
625,0.002718687089991571,0.005798099252327472,0.003813812527215158,0.005045108567624345,0.004267438799092521
626,0.002703719748857012,0.005622923475324089,0.0038056901463490744,0.004936825520127403,0.004207766738854737
627,0.002694220751954703,0.0053302728496993825,0.0038063749219541107,0.004709705147951548,0.004095414520573226
628,0.0026711987863119245,0.0052904643302040975,0.0037747965015720595,0.004677805906740276,0.004060472931396717
629,0.002672473767010764,0.005289972532068053,0.0035943629640381642,0.004696579091455969,0.003995889508233372
630,0.002847634577726034,0.004788097883703821,0.0035242146400723826,0.004349480122735436,0.0038423660811759915
631,0.002705211439590382,0.004898355778184606,0.0035265845834670465,0.004385192912188725,0.003845353209515127
632,0.0025708400618819753,0.004557051546912308,0.0036259296285867547,0.00409035224126368,0.00369430761225801
633,0.0021288468658326757,0.004251116106936597,0.003653252860193075,0.0038396963483341893,0.0034653734012297433
634,0.0021014576210263074,0.004275978100430361,0.003647598969297983,0.0039037795112832323,0.0034527426701954594
635,0.0022466552751202757,0.0038077910799759244,0.0037749742490417217,0.0035439581351417873,0.003403064268546088
636,0.0022759683910481446,0.0041497902575330465,0.0037683018119354173,0.003829419372821907,0.0035584685459138527
637,0.0022775714122860017,0.004549632685038967,0.0037503742764779455,0.004191445584994364,0.0036831057931923337
638,0.0019948988507096825,0.004831677371376957,0.003596695590093131,0.004481800052167275,0.003670240676159007
639,0.00231456848365217,0.0049872550918515154,0.003661686449126225,0.004631768241900635,0.003867814335130641
640,0.0026188488298578808,0.0051881502593439455,0.0036767701612777687,0.0046471420123801645,0.004006473574728155
641,0.0028041886237250816,0.005240845836626661,0.0036676283233497728,0.004304842641360941,0.004045125221750009
642,0.002783252994763902,0.005231589345879166,0.003667721400445036,0.0041647046525465125,0.004035697182790244
643,0.0027856724101647094,0.005133665716656906,0.003651569945851093,0.004077326849084194,0.003983397893959865
644,0.0028299367962374335,0.0054243016252297485,0.0036663370433703607,0.004301014991232867,0.004049932892411787
645,0.0029274272839494844,0.005285135741320201,0.0037308129124761467,0.004566945260051523,0.0040580645637637155
646,0.002795987520216011,0.005115486042542531,0.0037509812499387563,0.004529838026789662,0.0039763270503259335
647,0.002742232314203153,0.005119497462963606,0.0037546342910470924,0.004416651370043573,0.0039358881549997685
648,0.0028859787654931363,0.005005011542198257,0.003851531164067352,0.004265398540027584,0.003945913915822244
649,0.002804179117148636,0.005415192387802248,0.003861985863520171,0.004569904122589601,0.0040839370798205574
650,0.0027440663842886906,0.005624655598779537,0.0037842231947441767,0.0046952447024897585,0.0041107235782846885
651,0.0027542753441311316,0.005570590088318945,0.003737353708515524,0.004692609454225799,0.004107213106970508
652,0.0027485092831787384,0.005478306883126362,0.003731662694637777,0.004614673441180021,0.004071793422137215
653,0.00276740334913451,0.005368753792267742,0.0037619346984778296,0.00455028589277059,0.0040450205573958125
654,0.002785898149619419,0.00487402442540116,0.003884108449347071,0.0042087886150448785,0.003926915986474728
655,0.0024848086264274327,0.004549564961351972,0.003923005487747315,0.00396011032325834,0.0037183621817753515
656,0.0017740878247339122,0.0037583603755777985,0.0039776821416607185,0.003375244425629977,0.0031591404406268076
657,0.0013618265297023879,0.00319431406129849,0.0038864390697072415,0.0030114231666381708,0.0027953258115520187
658,0.0012332444289038654,0.0028764918452783327,0.0037693306998138345,0.002832918054244546,0.0026006739474776957
659,0.0011690875220920726,0.0027434847653984933,0.0037125293390970347,0.0027769983144195595,0.0025250285510648018
660,0.0011342884531466424,0.0027652372819451125,0.0037059976520468826,0.0028802440036748956,0.0025322977808346393
661,0.0012681463232463084,0.0028610879360981716,0.0037260943912766557,0.002947916814714723,0.0026279921134444964
662,0.0014377380584764269,0.003082059022946039,0.0038653309937713067,0.0031933926368939557,0.002849796023142832
663,0.0018363902590248806,0.0035732835816545748,0.003954394404915467,0.0034163360501109495,0.0031564099058946906
664,0.0024956292621242633,0.004454538096175308,0.004037555576626743,0.00402464081359311,0.0037183012574270877
665,0.003103692777193895,0.004550630730776007,0.00405262144194617,0.004160193237674219,0.003959387000613612
666,0.003104502783736542,0.004102400662888912,0.004004388908770514,0.00381003436821327,0.0037855192086708434
667,0.003110412843509364,0.0037427458622989814,0.0039977819955705285,0.0035398641682791833,0.003646618037986027
668,0.003111172395506696,0.004071261472089717,0.004009714485689517,0.0038395884600042596,0.003774265246767026
669,0.0031052165926022997,0.004063773869281738,0.004078127358831244,0.003854866844762293,0.0037957482132565602
670,0.0031052649760935132,0.004046104290405561,0.0041152254511942895,0.003841955869925917,0.003813243813308053
671,0.003105153049338313,0.004036880314633504,0.00403858702502568,0.0036976945381429135,0.0037689698046927448
672,0.003096357837187574,0.004245244826385025,0.004014425938903436,0.0038464935611663567,0.003836773782911599
673,0.0029574849715153515,0.004712510293622629,0.004009460405198515,0.004224491041520427,0.0039728622071722956
674,0.0030129197895655143,0.005121516212170848,0.003930870116325233,0.004582110214277504,0.004122202609146001
675,0.0029890448891468748,0.005310948628570169,0.003867759181835569,0.004784947445126055,0.004196674659936888
676,0.002919930823717073,0.005173277263824902,0.003869091283962625,0.004677998205166655,0.004142920214458829
677,0.0029852769546124852,0.005256360320357618,0.00382313179395528,0.004755430676134338,0.004177207473577028
678,0.003045765308124068,0.005247359582177725,0.003828801844441672,0.004806301758837808,0.004193646976497939
679,0.0025954058272375587,0.005215831033674858,0.0039555601430885596,0.004888078312108226,0.004077852463024768
680,0.0019057696960914367,0.004290147338129747,0.0041386140041848865,0.0041344103742403625,0.003509874020826362
681,0.001430264792104552,0.0038193205983772555,0.004182655801007095,0.003797365352737086,0.0031249093478657743
682,0.001270056240787216,0.0035020941230354237,0.004048874923093889,0.003610321759487109,0.0029044439676313657
683,0.0012126731351267423,0.0032579254160840132,0.004016729062105565,0.003404824762669928,0.002785913828916484
684,0.0011867220407246722,0.0032235495909041715,0.003966061396995878,0.0035253303214136215,0.0027543167758736727
685,0.0012428503740760937,0.003409125056912132,0.004050106003608945,0.0037472707981081226,0.002841927137679441
686,0.0013812397133546532,0.003972922924001724,0.004128812712468946,0.00418478095524556,0.003121015780819847
687,0.0017302325404401633,0.004849110906832795,0.004217259302929184,0.0049231987655183424,0.003631148011044894
688,0.0023190248483329406,0.00563628585170215,0.0042170297023558815,0.005335764848754575,0.004159488571390612
689,0.002957652656691426,0.005770647214620913,0.004197964966822246,0.005312218016039165,0.004436179759359971
690,0.0029564112970688985,0.005785576802602314,0.004207921460618575,0.005267270722370976,0.004446515192673857
691,0.003073745719846233,0.005947120407411307,0.004150097356031001,0.0054511448648830365,0.004514766596429176
692,0.0030291893956697078,0.0062389615805092695,0.004121445831606903,0.005706438075114729,0.004610093407782509
693,0.003072779958088109,0.006175514215102721,0.004050046733143719,0.005733026093420569,0.004591961617604822
694,0.0030930148871321952,0.005879478601342042,0.004143071108552178,0.005540654465196237,0.004503805374628826
695,0.003090498221983024,0.006428466920361457,0.003955602319327652,0.005950374465618736,0.00461576689222908
696,0.0030117247419814393,0.007226506795802315,0.0036115570458671426,0.006641267277242325,0.004805611596890889
697,0.0030699746965578856,0.007403890318295813,0.003234003748584584,0.006699148107014069,0.004843467246644813
698,0.0030214722189445915,0.0072190976237465525,0.0032366805939509297,0.00652592246436027,0.004807859673700579
699,0.002895067585174204,0.006960769980755431,0.0033176336999954396,0.006289817862524996,0.004730548720131324
700,0.002903381446563527,0.006805308501819928,0.0032750090719538953,0.006177619891336966,0.004678323766138185
701,0.0029945825666811447,0.00727727771039912,0.002775612279502227,0.006627634322211143,0.0047916272198085365
702,0.003058218643796929,0.007885036977612007,0.0027277098701785152,0.00704732940660659,0.004857236086255681
703,0.002796912297423704,0.007796395132852114,0.0031623281818458837,0.0069372988213746226,0.004773195286598225
704,0.0021928208331326885,0.0068204655432005,0.003569620298456073,0.006294074933126424,0.004391440783143964
705,0.0017688519203071854,0.005753783212372012,0.0038953524334683826,0.005605755002365755,0.004017061569181531
706,0.0016187654358020807,0.005142146735836641,0.0040261788612934515,0.005245997606521556,0.003811557514702019
707,0.0015565780246143044,0.004885327976169277,0.004139538517680292,0.00510678395298255,0.003734469385353035
708,0.001638789996196482,0.0046955595420954946,0.00411513645324829,0.005023007728054514,0.0037576174905730305
709,0.0014936628731321057,0.004760001425191126,0.004073364942361103,0.004990344537134881,0.003680153578857054
710,0.0015630672784864611,0.004783232795413113,0.003953384454062841,0.0048696833880964,0.0036648180107090853
711,0.0016757846386446793,0.005328013938386794,0.003996271657603681,0.005137515108990722,0.003846180572751296
712,0.002347977431476174,0.006004510846557331,0.0038907194079337818,0.005492714528706666,0.004324507790297001
713,0.0030472347257153014,0.006297511929991348,0.003809731774403981,0.005360440899735119,0.00458076470685504
714,0.003124035002713813,0.006125356804655015,0.0038206497597927814,0.005580606242585259,0.004535922800002423
715,0.003108313773242446,0.00628873022509403,0.0037545691912690376,0.005758522311123486,0.004586887558754657
716,0.003166472051276634,0.006726995287237079,0.003687012144778776,0.006144689719160355,0.004723370686773031
717,0.0032113028505732027,0.006557323973164377,0.0038936559511439954,0.006027635380837071,0.004694447190181985
718,0.0031301027152497397,0.006812555567337506,0.0038392120380974573,0.006285365462469159,0.004759255441644745
719,0.0030873595804045417,0.0070264274492298755,0.0037131880757832136,0.006408743149896814,0.004793653290863323
720,0.0031061875902386083,0.007216198931153208,0.0035300938953013424,0.00664816233113166,0.004958034451764301
721,0.0031172944724913837,0.007213637288494254,0.0034266901367430436,0.006556170044296146,0.005018905757698681
722,0.003048541347850413,0.0073105937418717504,0.003289593212452753,0.006662765457249053,0.005065404426945731
723,0.002931934459927089,0.007274209564004327,0.003534152702039226,0.0066149105155722246,0.005042831823468008
724,0.002870442446774972,0.007059832696704707,0.003915189346375556,0.006422589985849148,0.004959364600604538
725,0.0028265619851998392,0.006818587718067551,0.003937780438382553,0.00618450243904358,0.00477903372254729
726,0.0028291924109535445,0.006437839688648889,0.0038145574330709416,0.005845843844491842,0.004557100974422385
727,0.002628655748654417,0.005827765931757856,0.0036165180036456723,0.005198000273490248,0.004223952111122665
728,0.002235508784370475,0.004698848060055167,0.0036102995609125794,0.004268930375365068,0.003678623064954835
729,0.0018655517668621899,0.004145451774000545,0.003572346473072937,0.0037892357165211373,0.0033238724749545577
730,0.001630648789199336,0.004008551486527126,0.0034807860009429875,0.0038045457103113526,0.0031662327882007154
731,0.0015544968972124528,0.004116482596287305,0.0036551396397435463,0.0038724586783322767,0.003187532790179685
732,0.0017572263210521397,0.004223024862719271,0.003696386023529244,0.0040326047757905025,0.0034185462232647497
733,0.001890140862244068,0.004414417323724023,0.003676862043757478,0.00409929865591366,0.003518658814495794
734,0.0019811622233263052,0.004783784883819329,0.003608855777498734,0.00438877820311743,0.0036422792378686918
735,0.002242656989054701,0.005489767202403775,0.003618831114877471,0.004913550363363973,0.003968156036534303
736,0.002557422623716592,0.0060058839769544905,0.0035157993020501085,0.0053062707695352715,0.00422935620400666
737,0.002777824362733914,0.006265507834896154,0.003577005223368551,0.005546127969058879,0.004389336377087432
738,0.002761389731627634,0.006119098064423672,0.003628687018145257,0.005462524918125347,0.004370857510352757
739,0.0027648140034527736,0.006234687513079458,0.0036260099773557076,0.00560858124545534,0.004412313416112996
740,0.002781291709472292,0.006681650516105963,0.003758182287546354,0.005859168696505806,0.0045265525699538
741,0.002777701303537692,0.0066691667912996124,0.003846970160048636,0.005815366361806125,0.004521892153025373
742,0.0028005118240607666,0.006849729463061993,0.0038151147174306298,0.005914139204026054,0.004553123850779672
743,0.002793194705334477,0.006946535769992259,0.003852142849194959,0.006090976782465245,0.0046012330393323695
744,0.002763035186566305,0.0070396263388512875,0.003930870143685123,0.006202828326015619,0.004670256725142268
745,0.002796165076120255,0.006703315459106836,0.0039868066396878754,0.0059306972902563055,0.004591622714742154
746,0.002794084032519817,0.006631026903823567,0.003974594862946748,0.005937485558027024,0.0046027190015475805
747,0.0029635898717832523,0.006338361645436496,0.003915025045939499,0.0059237841981269945,0.0045823471055155334
748,0.0030030534312723216,0.006253626940558894,0.003859002509957724,0.005927065051317623,0.004526757810846899
749,0.0031245775676625753,0.0061506822335284156,0.003980164604008325,0.005942728072982494,0.004527333304304726
750,0.003071065092203235,0.006322645556438553,0.004069302032922741,0.005981098356773404,0.0045778742237329445
751,0.002776825183696581,0.006472130280621348,0.00391732400875482,0.005991648407677369,0.004542866137193175
752,0.002458582986563684,0.0059274119645326495,0.003957701018727528,0.0057247517664508795,0.004315310881472005
753,0.002297512639600466,0.005110959844009569,0.0039358246637255,0.005210132732962757,0.004015741711589271
754,0.0018493298001738502,0.004559921821688401,0.003965482000281815,0.004890637195564193,0.0036316556326960294
755,0.0019437133420772466,0.0043267722771133076,0.004037974946920002,0.004741043278421281,0.003638932976374118
756,0.0019383498218268195,0.004353309353837448,0.004069836271459875,0.004710682986947587,0.0036375103782088037
757,0.002076639850660134,0.004491747475882489,0.004085351542670775,0.004671806175203556,0.0037344419856443697
758,0.0022300453383807973,0.004768104444291583,0.004100697156603856,0.004780823934815182,0.0038441480228438626
759,0.002611045339556792,0.0052032038759059485,0.0040671248629475755,0.005016114305518621,0.00411553746003001
760,0.002931139867002823,0.005971966756527819,0.00396585724879051,0.005466619325602976,0.00443448798893977
761,0.003060758578611129,0.00640067078793042,0.0041027615189946,0.005721664152492145,0.004631628225968265
762,0.0030303902419737024,0.007136747328986194,0.004091120377947506,0.0062632602554580355,0.004876140284458848
763,0.00303460803185709,0.007614386315660861,0.0040457076921514715,0.006686279993774962,0.005022883028019848
764,0.003064069593004893,0.007395467254024492,0.004102517384092478,0.006495532023272105,0.004984807385552465
765,0.0030639737030298208,0.007467487893237785,0.004094331033275629,0.00657151656999348,0.00501582941500343
766,0.003047657501391322,0.007530728812109424,0.004183440930373326,0.006684957594809658,0.005051691505013123
767,0.002973944531175502,0.008115380796397077,0.0039939605729791125,0.0070965442220682394,0.005198807178026396
768,0.0030761526304564912,0.008216352771936181,0.0035182231263688963,0.007265945183569197,0.005219912226444132
769,0.0028451489141626827,0.00739765570046305,0.003388868834203769,0.006547511030209358,0.0048998427842318285
770,0.0028505663213450974,0.006555706180668346,0.003510463744292902,0.005893880432802871,0.0046352189052839025
771,0.0028276712089217353,0.005956479560936072,0.0035628136844939144,0.005439417706735523,0.004420238315435032
772,0.0030309474708102285,0.00556636736485748,0.0036577949822063256,0.0051893332897639845,0.00433115602937782
773,0.003169119353815817,0.005439848089481641,0.0037366879893813414,0.005146038425787698,0.004282073301714669
774,0.0031885417409049663,0.005194462857275808,0.0036622056486987843,0.004938305031357066,0.004148970506167057
775,0.003068079855108106,0.005195483351632001,0.0036785920708822025,0.004877862372976963,0.004121172576964951
776,0.002689521203351385,0.004826578527570473,0.0036775931903023024,0.0044263685464001005,0.00386010942275293
777,0.002477875606015544,0.004665358947263918,0.00364766309323461,0.004288068072272366,0.0037397385339764675
778,0.0022804970805395106,0.004548971967213198,0.003634113000955526,0.004164642750772824,0.0036530836275392806
779,0.0021235484048744706,0.00449141714187937,0.0037312919195862156,0.004153190257601049,0.003601565056877859
780,0.0019926612529248644,0.004226905547306703,0.0037340696754699257,0.0040248587092555285,0.0035161884876695163
781,0.0021686882195421577,0.004365753146194017,0.0037031429577223792,0.004180997576345045,0.003626077975180451
782,0.00229577239179931,0.0046495406710342435,0.003580128443291817,0.004364715659690326,0.003705381309257273
783,0.002440357683501488,0.004715270121501582,0.003585178075495559,0.004330549653255259,0.003762973010917107
784,0.0027940520246962077,0.004886802263204035,0.003646524130499684,0.004436855629582447,0.003928306941129362
785,0.0030458974129638763,0.004840941534786551,0.003673437917165377,0.004422040566077943,0.003976437634483111
786,0.0031381945163859635,0.004807776611687094,0.0036941322645032385,0.0044088847427134125,0.00399158218280086
787,0.0031398046780179577,0.004743239685065076,0.0036812660515031597,0.004371754996067231,0.003966456976190304
788,0.003079843617615088,0.004977254011782878,0.0036665078999446317,0.004565691713417106,0.004007624715710478
789,0.0030549133079407573,0.004913454284826834,0.0036472324774824328,0.004503071401815706,0.003961197805803616
790,0.0029879790470929606,0.004776345950880457,0.003672288135238098,0.004399357921707222,0.003906055386593775
791,0.0028296270021462722,0.0048129772053103394,0.0036973909645977828,0.004339174019236304,0.003878454468377138
792,0.00277179773012216,0.004789330781014887,0.0038235266299292588,0.00430534711268379,0.003906318845221811
793,0.00275854136883417,0.005068931168079736,0.0038022458487838896,0.004582116687286984,0.0040300570568666426
794,0.002810237842509278,0.005203223592780327,0.0036873434760329323,0.0047609617540763,0.004116760910890279
795,0.002840418582966026,0.005154228363186342,0.0036139755357297737,0.004746406395499249,0.0041207356331255185
796,0.0028250846630697556,0.005174325343972616,0.003605629885201539,0.004757976646914819,0.004114227845552877
797,0.002846293415931649,0.005153403594301435,0.00358254648300376,0.004761479691054001,0.004059645447287605
798,0.002904216758460511,0.004824970074159815,0.00349329838586426,0.004472697842738042,0.0038869568644036554
799,0.0026884562785036933,0.0047726347580170775,0.003432232381464776,0.004395704415166392,0.0037889174108422176
800,0.002391989825106928,0.004410875000940317,0.003532363925070906,0.0040379984855089136,0.003612243637651634
801,0.0016729953531087038,0.0038997653446370636,0.003570215773259175,0.0035413311455734404,0.0031686795816681644
802,0.0015903909772021693,0.00366652883501462,0.003481388886951116,0.0035066991662914245,0.0030792631448199573
803,0.0017006514317313578,0.0035029930211955074,0.00365298838590156,0.003435610198622082,0.0031250199256053226
804,0.0014976254943440967,0.0032255030577393396,0.0036056985708053076,0.003267393310182765,0.0029427735751856167
805,0.0014720662744170743,0.003659548538380272,0.0037117498492658793,0.003744542544453452,0.003117701833306725
806,0.0016176299082615317,0.0036952195000927095,0.003515794507490779,0.003720974718322523,0.0030742307156776272
807,0.0016066146809225238,0.004101678539466919,0.00357617275624564,0.00405642983741052,0.003217078656606376
808,0.0022395391776606037,0.004502807542810103,0.0036713890145479815,0.004196346411022162,0.0036264611453929656
809,0.0027519604398141234,0.0050374805016416765,0.003671682384708898,0.00456893710989235,0.003954812807151755
810,0.0027400028861281306,0.005001473115393773,0.0036413108681460776,0.004514564827944063,0.003928563314321694
811,0.0027999065614857425,0.005202635145986979,0.003754330170910157,0.004743083742270561,0.00405811031775247
812,0.0028524348105863433,0.005597948904869357,0.003923438729272695,0.005122229798550204,0.004247141420443526
813,0.0029009502939388175,0.005712938128399385,0.003954877255462735,0.005252501723240851,0.004308592284904988
814,0.0029059035052348674,0.006089463808094182,0.004132665131483319,0.005637364686645477,0.0045036029581244155
815,0.0027733784029477493,0.0064674249897247,0.004151905047507407,0.005804781545708248,0.004582374512195297
816,0.0027404695050910217,0.006251808813140282,0.004122256978878775,0.005620871793242243,0.0045039134508902245
817,0.0027351878153968976,0.006579636519932771,0.004147396605666145,0.005939960889348261,0.004604207900562345
818,0.002724714688584906,0.006986287001485509,0.004117860628520069,0.00635730336187155,0.004719292867946761
819,0.0027572410322450657,0.007082079814489432,0.004014294121117072,0.006436178954881655,0.004751475043339021
820,0.0028516095169586423,0.007440062729727574,0.003893093153647577,0.006733228970697642,0.004838916305583691
821,0.0027930777326459354,0.007361762612155534,0.003965138305173544,0.006649053349669189,0.0048426152984893875
822,0.0027873937112775776,0.006886498521046082,0.004005364198029314,0.006278933698167822,0.0047333939274512285
823,0.0024017794549233574,0.006315052078086826,0.004045790831393197,0.005969718791219515,0.004438606339475801
824,0.0017189335054835862,0.005332001473281374,0.004070217983807679,0.0054952268560101705,0.0038240811839689915
825,0.0013822320978156926,0.004542746089552957,0.004128298913923575,0.005245017809074879,0.0034566318949987096
826,0.0012949802282618131,0.00382146455406644,0.00414443746325034,0.004564414166629755,0.0031814616759387676
827,0.0012429635189534825,0.0032536121363096514,0.003975407743745887,0.0037612136787445126,0.0028999424730464653
828,0.0011920820752913863,0.003080790669866344,0.0038294144834400217,0.003521081329335494,0.002774881745943683
829,0.0011969548190206498,0.0031041410503663117,0.003816957501398454,0.0035293162143749924,0.0027988469078498042
830,0.001354641637038577,0.003229655053268143,0.0038631883165816507,0.003656569235919963,0.002951321831685082
831,0.0016081515588485175,0.003977804597320006,0.004036192210017755,0.004145159397447524,0.003351336477878698
832,0.0022214751233529343,0.004884093285520129,0.0041639283123433585,0.004724818706710251,0.003930854786015725
833,0.0029096455757540635,0.00559103693027425,0.004255403353627845,0.00525481239974936,0.004409309823583575
834,0.002966896148443795,0.005816792348243195,0.004320254241626467,0.005410577086852642,0.0045320190701179375
835,0.002895968266332421,0.006084014079536027,0.004347949278768684,0.005647954478022046,0.004634384877290557
836,0.003010291223068949,0.006436209031407692,0.0043947812115737155,0.005990139508972114,0.004768761817677517
837,0.0031066733732066985,0.006299918686954561,0.0044438229648744755,0.00594684740155899,0.004772491322144199
838,0.003072678500193241,0.0066315504601292844,0.00448171883852891,0.0063457134941675535,0.004903276545325822
839,0.0029539823038908525,0.007007328619235281,0.0044036009487354345,0.0064722871028369,0.004926098590559263
840,0.0029155529346627435,0.006834450528909906,0.004337161488187265,0.006320419370497862,0.004847682169859263
841,0.0029392140379038124,0.006236986443923296,0.004195610814146517,0.005866593562937507,0.004659695431785163
842,0.002946840959842418,0.005983703086348615,0.00403576038722988,0.005696270008271003,0.004556329486781104
843,0.002941328176826797,0.005915564067583258,0.003959651010507712,0.0056085570297676355,0.004496050768435492
844,0.002959050652494921,0.006064333739595892,0.003910671594745275,0.005762156707050462,0.004536892838296106
845,0.003017519430878897,0.006323146229460815,0.0038454545356345795,0.006034317536188528,0.0046250902740846405
846,0.0030675553176596542,0.006114694416383674,0.0039139167737574174,0.005862269440563751,0.004590525965930008
847,0.0029018012984339684,0.006178693645939254,0.003912997775308966,0.005908135784542228,0.0045797282265583215
848,0.0024022827757864654,0.0058207663552951785,0.003999923995144181,0.005933341709363268,0.004341074433587927
849,0.001993447905765395,0.005550269115513566,0.004132878225487512,0.005807848174055556,0.004112929846424335
850,0.0016556859195299898,0.004844496584979876,0.0042365000717637285,0.005213123285102747,0.003734995126490859
851,0.0016960062642818506,0.004357133316299263,0.004215380960429614,0.004765177343786002,0.0035873229803630555
852,0.001418993018186144,0.003963449280159287,0.004072497243027145,0.004267209335734594,0.0032564094332299134
853,0.001442351280929249,0.004107576863423961,0.004117911030256121,0.00453046353634329,0.0033376650689083357
854,0.0015546909962316686,0.003904118499590389,0.004063817974701025,0.004113377159007698,0.0032935009066794073
855,0.0019828201672862284,0.004525953392397774,0.004139509382713549,0.004409222367660724,0.0036883667155698393
856,0.0026051658369413257,0.005283016657417721,0.004268884171680923,0.004869107109003069,0.004197287175699593
857,0.0031232105256781234,0.005862343863510994,0.0044486301955184975,0.005416257182278587,0.004606334713580962
858,0.00313538980945075,0.006144050498764145,0.004620032883656765,0.005597464588130129,0.004744851062533491
859,0.003122623849605283,0.006308932685639873,0.004628567056668621,0.005756634354407495,0.004809359779395598
860,0.003113097700572421,0.006418738613173876,0.00460062632655744,0.00584259711348102,0.004823061276205192
861,0.0031018687437988465,0.006339515638513954,0.00454512740519638,0.005828146383736544,0.004816019333468814
862,0.0030899162883562393,0.006773064301895076,0.004427687378332565,0.006191265757236706,0.004928870766352169
863,0.002911928223906781,0.007051452952426052,0.003842212522082903,0.0062800561179472796,0.004781076554752047
864,0.00289169709767549,0.006436648873975313,0.003705972417095786,0.005769082477377997,0.0045191254256496975
865,0.002931318670727032,0.0059997997970906575,0.0036807609252539784,0.005523897883595076,0.004399870797055646
866,0.0029217052148640486,0.005556638990243134,0.0035793394357432917,0.005165022508809485,0.00423066700200556
867,0.002927896197579737,0.005380482806730103,0.003551580907029271,0.005026773335641076,0.0041649557147253585
868,0.0029772185287973182,0.005374245463362978,0.003547302570454496,0.005038419543152493,0.0041742493078612075
869,0.0029120868378237985,0.005422320472391712,0.0034002489887340085,0.005054728298959195,0.004112793764034638
870,0.0029781518888051324,0.0051801816975343,0.0032962798293902627,0.004813765041848907,0.003991729856546195
871,0.0025872861185003548,0.004950789519290234,0.0033801873512532073,0.004658243307807047,0.003816859773934742
872,0.0018276218379504995,0.004135416814337731,0.0034626613366099453,0.004070537561174985,0.003272870813954645
873,0.0014084619440370679,0.0033705107347571615,0.0034113619015127836,0.003476358977194937,0.0028037192443196653
874,0.0011691858796635517,0.003038839804908139,0.003321536406393419,0.003186600029607615,0.00254650784061885
875,0.001123489080229964,0.0028566491495064716,0.003402531320138678,0.003011126952857636,0.0024865823621656965
876,0.0011119291775971531,0.0028008974362919623,0.0034527741423221576,0.0030153272476738445,0.0024961297570712817
877,0.0011802405295387188,0.002865472194102798,0.003456659499056195,0.003011350251704552,0.002557316938502548
878,0.0013276869543234994,0.0031876153830846534,0.0034683673870364268,0.003193085329070522,0.0027259855437495382
879,0.0016735518261510333,0.0036877452550925613,0.0034556150755786384,0.003442491483911912,0.002995979945464618
880,0.002351173844976178,0.004407502601906869,0.003476128494546629,0.004042864362260154,0.003511528270468222
881,0.002922802253919201,0.004690123346525628,0.0034998499744140366,0.004327224499445742,0.0038018280564941775
882,0.003098965978945458,0.004330668648560339,0.003585480249902484,0.004053399545998474,0.0037439600331923427
883,0.0031038343490999588,0.004228095821360862,0.0036055468183104305,0.003939377678478408,0.0037062303589359244
884,0.003107216328723741,0.00462666323980434,0.003537164162399971,0.004284349180673189,0.003809935414613419
885,0.0031172428400851565,0.0045773615053870936,0.0035756783061385742,0.004253353245023063,0.003798503932541859
886,0.00309923636007597,0.004615803768470512,0.003580036373977735,0.004307025071418242,0.0038205506395480285
887,0.0030369332048763753,0.005123270218223642,0.003539946280456643,0.004671528984488131,0.003956210500824817
888,0.0029658774449560768,0.005441593515238742,0.0035567199306775076,0.0048759891331637195,0.004070238031993582
889,0.003016580072500492,0.005759418794781137,0.0034147934633962473,0.005197363598040388,0.004208185053434217
890,0.002991577506409085,0.0064155839144024755,0.003068819474722223,0.005783391832487805,0.004349394093382164
891,0.003042730785333201,0.006747462019165842,0.0028143291818871824,0.006052453760990228,0.004429402789371592
892,0.0030515764198534045,0.00705309923136054,0.002736572059323404,0.0063139166194292285,0.004524411151122951
893,0.003073210180116488,0.0070369929578800025,0.002730363709979186,0.006260758687087366,0.004517789189591688
894,0.002986889809977016,0.006981362588812215,0.002836905420522798,0.006324919459103831,0.004470517764257298
895,0.002706326389702259,0.006731721034457071,0.003091158894356753,0.006267786073967923,0.004338888928173772
896,0.001907896397195843,0.0054623686495479575,0.0034910642124841656,0.005345577880807316,0.00372863835875903
897,0.0015417105584181303,0.00432641537158797,0.003642147452215926,0.004489040522061408,0.0032534625433052805
898,0.0013497914505822715,0.003863673257979422,0.0036563047422635987,0.004161701248315761,0.0030335485937285586
899,0.0013134459843336913,0.0036066015982358455,0.003770761665172757,0.003789374566226114,0.0029441635590064428
900,0.0013336553497709988,0.0034708463398459106,0.003693945894923038,0.0036278611673812434,0.002931867281115453
901,0.002040085979359719,0.0036148047515015443,0.0036736529653284733,0.00358807002574826,0.0032903276279333915
902,0.002235225849103237,0.004017042661045393,0.0035802474625972096,0.003785163960186984,0.0034550100595654386
903,0.00244884899366849,0.00428999252025721,0.0035610816066737948,0.003917846065443978,0.003587307620644843
904,0.002823850238561435,0.004737796708540568,0.0035341865019821424,0.0043915924254887195,0.0038304427596880706
905,0.0030661461854171223,0.004973565081238969,0.0035800249112718017,0.0045812769480625395,0.003971177679780804
906,0.0030828214924374536,0.004703120027048593,0.0036469102201225523,0.004353823660239705,0.0039017821326520923
907,0.003100647575343726,0.004750329097138366,0.0036177765986200408,0.004425787130628538,0.003917866547873568
908,0.0030691117686444877,0.005203925044616266,0.0035933313097140265,0.004809171637089957,0.004035349458403291
909,0.003020647235628065,0.005365445633412258,0.0035591854623340047,0.004947665070188061,0.004057036676551791
910,0.003003437992441685,0.0055088513102399305,0.003582171716565692,0.005085184012968096,0.004093515851672963
911,0.0028727722967775145,0.005832551884486311,0.003592953218833163,0.005240221721190919,0.004164380383698148
912,0.0029027193329250168,0.006131457783249412,0.0037017584178685174,0.005462418865726337,0.00432070274818408
913,0.0029240504913526735,0.006830903402952943,0.0035104372342626136,0.00611055425487084,0.004543717587254249
914,0.0029283267363537794,0.007203462418477888,0.003194936144839287,0.006506562462101094,0.004666302734636695
915,0.002941400001794228,0.007031704257759189,0.003120820089999311,0.006396480643812468,0.004653940193721704
916,0.0029446352468005714,0.006844656563383696,0.0031358437673328406,0.006249541994092849,0.004599693246491198
917,0.0029244123438417115,0.006815041628760986,0.003128772716918221,0.00626059079245628,0.004554700179918942
918,0.002989125754765629,0.006386933158614568,0.0031317441512170472,0.005920800151503797,0.004348691425145003
919,0.0029311107345654595,0.0060396377791720685,0.0032546370905301458,0.0057170594755959325,0.0041956191462142675
920,0.002535208499747833,0.005335478234063521,0.003473489403744511,0.005099051305818299,0.0038747256452730033
921,0.0021074793370881397,0.004455341543745964,0.0035775220191225374,0.004295485896137389,0.003485304524275886
922,0.0018344945465281466,0.004000416887116396,0.0035643713595074947,0.003911311249315275,0.0032799007837023956
923,0.001569374801763053,0.0034649648359332797,0.003707632716005037,0.003441288250863803,0.002999900645630171
924,0.0012673585896229812,0.0030699894046330506,0.0036022650013456084,0.0032020734587554466,0.0026792746627076285
925,0.0014163720527423569,0.003128277792112971,0.0034350032168922813,0.003279721522361855,0.0027579784628332517
926,0.0013814628586686756,0.0032346528247488306,0.0032688678214349595,0.0033274528795383144,0.002687512424242895
927,0.001715673240318564,0.0037133210456831768,0.003321606577229771,0.0036530923579681813,0.0029869585701176515
928,0.0024242211899417644,0.004254861373083048,0.003659300140647871,0.004074561087838795,0.0035517356349609565
929,0.0031101922180880575,0.004524939544146354,0.0036153508443908266,0.004235981478543601,0.003813699945558155
930,0.003130699235028086,0.004565882332223987,0.0036573819795859643,0.0042311651158413194,0.003843969530085893
931,0.003125336942889404,0.00478899972215704,0.003704804598173071,0.004454320710164223,0.003943963270807848
932,0.003137246246732056,0.0053960337721339945,0.003812170392763508,0.004968340499017211,0.004172421098438807
933,0.0031388971226903135,0.005998141894215912,0.003807825727599393,0.0054574539488220575,0.004342407607161352
934,0.003045997408817306,0.0060024469227048655,0.003864336369182064,0.005480794850222186,0.004355880407165626
935,0.0028721101502870608,0.006117351837027336,0.003739999170933087,0.005426680175298953,0.004291859111922018
936,0.002972756621048269,0.005634037192588902,0.003742246054558118,0.004982516895001942,0.0041419463949837745
937,0.0029473686938224163,0.005345668178335334,0.0037404551436252815,0.004772797155398515,0.004055975346684881
938,0.0029897206316623973,0.0053010434950103,0.0036287616685417396,0.004808814465984702,0.004058518080107069
939,0.00305324202960354,0.0051748180418687935,0.0036164433348475212,0.004773728222177737,0.00408076771080399
940,0.003046895931975808,0.005187317908198559,0.0035755097070814482,0.004785090783808464,0.004076485680603457
941,0.0030569030808228056,0.005399221620219195,0.0034642995616105524,0.004974170762251013,0.004107177929843257
942,0.003042196401880029,0.005241052172283227,0.0033800703398682262,0.004868908667086427,0.0040289628834144576
943,0.0027000450513094583,0.004930709405747097,0.003471037548404147,0.004653459385563721,0.0038483407361192094
944,0.002106866621151616,0.004354611253650689,0.0035522513017766126,0.004205118753388251,0.003445654234525906
945,0.0015811809561957013,0.0036767780883929704,0.0035777235775076017,0.0037961687567689083,0.0030352758955976143
946,0.0014173525817131629,0.003261753472819579,0.0034954446652744847,0.003405631888003047,0.0027899371808723593
947,0.0014140060777396318,0.0030162115535040395,0.0035517678868847526,0.0031571192477466764,0.0026929998034065663
948,0.001363961372796195,0.0030315859216626375,0.003605006848217137,0.0032497539581302095,0.0027337143849170704
949,0.001635112054973712,0.0032972413981425907,0.0036060774631784605,0.003402827127560518,0.002979147620983533
950,0.0016967992220396544,0.003326477385603624,0.003354077062713859,0.0032092124728329975,0.0028996599836604493
951,0.002021886373209271,0.003909184277545626,0.003389398279101257,0.003523306596889143,0.0032237521858150577
952,0.0025433757709181844,0.004534761133716421,0.003491652983712949,0.004080684494859982,0.0036554506644079585
953,0.002847854565251008,0.004915782317321732,0.0035800669906700497,0.004407163542468267,0.0038952821249537773
954,0.0029161034764787212,0.004511631563385575,0.0035661046434000577,0.004058085000974974,0.003757188460767443
955,0.003008035698037716,0.00421011563351761,0.0035485636233767034,0.003820390014800209,0.00365520790863612
956,0.003084277787559634,0.004114919624872899,0.0035491899853306147,0.003736464137350963,0.0036177596450769184
957,0.0030675074250963103,0.004264998803700026,0.003558805764396917,0.0038924689910973297,0.0036676924131688587
958,0.003003628614270639,0.004325190786842597,0.00358857239768699,0.003963870413778124,0.003686246329935792
959,0.002976899172979942,0.00462222086237996,0.0036001393256045932,0.004124195428628778,0.0037656646555509206
960,0.003047709391022708,0.0048282758367394,0.0036821717505434526,0.004323274738502115,0.003908077260965529
961,0.0029784916864328266,0.005028412926709552,0.003701794913981072,0.004493997342630661,0.003992724540863849
962,0.0029500191885127496,0.005091556594645623,0.0036236184574156127,0.004550379799045377,0.00401340425612037
963,0.002801181683482422,0.005183701298820296,0.0035178892528501594,0.004596783509520295,0.003998443754983397
964,0.0027958511311795674,0.0051651669500248,0.0035421450215780397,0.0045878255478738,0.003987933930872614
965,0.0028373547010458145,0.005192844953281731,0.0034679328913816664,0.00459668762919765,0.003968538379338094
966,0.0028575913123899794,0.0047578810842244385,0.003401768812096486,0.004252063148522324,0.003783830624582662
967,0.002756169891464753,0.004375116435980116,0.00346351929219374,0.00403646512240156,0.0036372332602474726
968,0.001958227799392305,0.0036521485931600432,0.00352988510950222,0.003560177578901236,0.003144422140234745
969,0.0014272205873790207,0.0030226403055856332,0.003397875775819282,0.0031945265102440966,0.002726749432033819
970,0.0012504732888631897,0.0026716621606767267,0.0033420403130742884,0.002927992923603869,0.002527712050891857
971,0.001179491175066578,0.0025356699726124554,0.0034034676633935253,0.0028192475259067166,0.0024679813221314103
972,0.0011606006703121564,0.002424149648215942,0.0033783701234333134,0.0028737029088854523,0.0024386607386562434
973,0.0012357908548591339,0.0025339956026740867,0.003410557711625393,0.0029477436081682706,0.0025278887614751696
974,0.0015753674156493503,0.002881435695077393,0.0034263607962008755,0.0029943853378070345,0.002801768941210839
975,0.0016767923337549255,0.0033442213057368183,0.003404066293985124,0.003219790344462034,0.0029387841443472592
976,0.0021856821939714418,0.004093751935601927,0.003485313167971458,0.0037063056293686857,0.0033794842041563198
977,0.0028054931015007605,0.004304364342603644,0.003582231382880982,0.003854789122205685,0.003656133462208119
978,0.0030018304846507835,0.004191013021386407,0.0035647999801020716,0.0037846759967830727,0.0036522738469776305
979,0.002998682198325455,0.004062536920659455,0.003553191629088077,0.0036986407341198313,0.003605933546859139
980,0.003001343269811981,0.0044458276918299105,0.0036075836311912344,0.004032211594452109,0.0037471974938377353
981,0.0030011087091807195,0.00462596405521973,0.0036338854274410807,0.004127108917197372,0.003801348121193886
982,0.0030002347395903296,0.004701945865912015,0.0037822330461232258,0.004222046317817589,0.003889277865724812
983,0.0030008031829061666,0.00519105184431902,0.0038683923140956796,0.0045393856638112125,0.0040619535516350745
984,0.003000415350352287,0.005319413072824844,0.00400261700117152,0.004661437043220454,0.004156015170047206
985,0.0030003016278197132,0.005605506724976639,0.004120938751765698,0.004942312068378286,0.0043205795752478595
986,0.002993773344163954,0.005577829420023223,0.004044156489092141,0.00490027982164819,0.004307886457549937
987,0.002851182384811788,0.005369630853918028,0.003809129382850001,0.004685772104174302,0.00412247485814466
988,0.0029052336629721825,0.00525469483492925,0.0037870918293430324,0.0046060504322602116,0.004094064174379274
989,0.0029250515941238145,0.00520135319672736,0.0038149247281693372,0.004568743483439122,0.004081670839632961
990,0.002906737387506977,0.004870464408656799,0.0038581988603923084,0.004259810791379435,0.003989063838796476
991,0.0026756409200727835,0.004590760466206887,0.003946692585532632,0.004092936276685878,0.003869133210005603
992,0.0019229528046400737,0.0038303563815824835,0.003890905166134259,0.0035163868943396412,0.0033109237208460694
993,0.0016243556569902828,0.003076012716504918,0.0037849365667693346,0.0029673961319779045,0.0029256080100996825
994,0.0013365776224918157,0.0026959924429717595,0.0036423539114652037,0.002467047865267949,0.002646917557763364
995,0.0012646582420955343,0.0025585642088137334,0.0035996186674630516,0.0022267013005747636,0.00255423165890031
996,0.0012505893834046393,0.0025637458152759232,0.0035374794456437333,0.0020890221035366396,0.0025264936182559684
997,0.0014323756803652499,0.003209422177727433,0.003795376724485678,0.0027722841271343493,0.002862091992527155
998,0.001871262114617088,0.0035157860091122235,0.0038070461209572097,0.0031185268933179005,0.0031664988398785302
999,0.00196783266339493,0.003880948360068573,0.0038178048203826313,0.0033119367623057126,0.0033068687706397514
1000,0.002342165471922206,0.004427598762897111,0.003888119550535017,0.0037349617941726037,0.0036160909432409213
1001,0.002936232230220281,0.004382421462793397,0.003891964455541124,0.0037726504309788865,0.0037894671323404345
1002,0.002989843124738926,0.004436893539026087,0.0039005298264590126,0.003783634731663196,0.0038379182350425887
1003,0.0029833418591699397,0.004425006636663103,0.0038816262556418736,0.003831070347736947,0.0038324792807542486
1004,0.0029857712647602085,0.004808599263733572,0.0039082346424935115,0.004126260853733495,0.003963907524466818
1005,0.002993461334815151,0.004902115048422703,0.0039307654081647435,0.00420145891765406,0.004002422835985419
1006,0.0029880922402539243,0.004947538296844709,0.0040291066966848445,0.004170802519944869,0.0040503123822118155
1007,0.0029391079359383154,0.005288037477903,0.004012560679157575,0.0044205329961622165,0.004146831166847537
1008,0.0028769041123105255,0.005455231115101179,0.0038580222087550116,0.004465672680864385,0.004137331299776526
1009,0.002904797309908021,0.005599720076776637,0.0037137063600296487,0.004534963518058087,0.004151990100039303
1010,0.002832763985985749,0.005749983722985133,0.00361762427348484,0.004654382490501538,0.004190422575278179
1011,0.0027700535376256417,0.005608040607508462,0.0036225336612540526,0.004490396142440399,0.004139134882595333
1012,0.002801713881361573,0.005405324314862382,0.0034872364365968896,0.004323413134814847,0.004025879013660448
1013,0.0028255723544320234,0.005330137303379434,0.0035239884306454403,0.004302563769173409,0.00401717129666562
1014,0.0028290630467583317,0.004838351611577056,0.0036927308377512603,0.003927910954593316,0.003896065573309193
1015,0.002639612055782122,0.004689746903154802,0.003738870367057837,0.0037174078908643934,0.0037653925006205713
1016,0.001869227647117634,0.0038334873979627465,0.003823634253265877,0.0030686144103483155,0.003194065490562577
1017,0.0012569993568188054,0.003092930850887618,0.003785483070065705,0.0024330073745788745,0.0027070041111255366
1018,0.000999354812474923,0.002524446192000707,0.003622796224313365,0.0021934177416161635,0.0023408505004884625
1019,0.0008977370267059355,0.0023614339031133046,0.003544462981017189,0.0020232323891547985,0.0022118126487176743
1020,0.0008927554455182115,0.002353471698172315,0.003553805751087365,0.0020032578029158116,0.0022111051611237117
1021,0.0008879266752849935,0.0024870921768755773,0.003674465178516021,0.002126163390495094,0.0022706541858856107
1022,0.001012323543018424,0.002975544679495788,0.0038120687859576185,0.002532579333523491,0.002554552403893677
1023,0.0012611803732207308,0.0033928186470641945,0.0038199161225914453,0.002922345925426025,0.002839873425431632
1024,0.0020898257988806947,0.0038935736341638213,0.003841541217262244,0.0033629078405742,0.0033085330028529668
1025,0.0029364500810969444,0.004324638933953241,0.003884472281142586,0.0037796154726190117,0.003771838228587863
1026,0.0029791799554390974,0.004551848353882827,0.0039427078220793,0.0038552136723225493,0.0038995593715583144
1027,0.003013056689887896,0.004353660224253701,0.003989019617741714,0.003739269809900134,0.0038599561899493825
1028,0.0031240744594820584,0.004438477589625463,0.004043641043043398,0.003812900169009598,0.003924784955665588
1029,0.003123382453299557,0.004471376882358619,0.004038840720110309,0.003860870968815939,0.003931509331433269
1030,0.0031219227508466505,0.004548252012363004,0.004055843583874492,0.003900552952933696,0.003952645444164665
1031,0.0030996079159897588,0.005356162705148239,0.004080701467648637,0.0044427098070752204,0.004195875279125974
1032,0.0029480285079674594,0.00552078684772283,0.004006044151999148,0.004514244176196757,0.004202741354408983
1033,0.0029903080148564218,0.005877308379850398,0.003810317913972427,0.004748424495006132,0.004305469980952403
1034,0.0029249408392604086,0.005721817902459148,0.00369344654567898,0.004696705464100336,0.004244084863919655
1035,0.0029511539614722354,0.005868086951757712,0.0036088406226479877,0.004852086671902775,0.004289139797328954
1036,0.002989576674882518,0.006146453110829489,0.0035167214948528857,0.005038929460610079,0.004423147989652289
1037,0.003004608125502172,0.006399956981013314,0.0034503267760839437,0.005128423964509511,0.004499735608165542
1038,0.003061771255424,0.006498463879164937,0.003294365385216839,0.005162149272192644,0.0044487374101909215
1039,0.002657714001092728,0.006384915928013737,0.0034835632482665105,0.005140670322770366,0.004237800169685535
1040,0.001863370794963809,0.005200307858842361,0.003635568874967,0.004460876650488726,0.003602600703848335
1041,0.0014529595329091651,0.004205446070685972,0.003629989229669098,0.003408478142022858,0.003069946864289519
1042,0.0012964297062293055,0.003609959400982411,0.0035554866968559007,0.0029423318522086308,0.002765953652030394
1043,0.0012704237631114973,0.0033084784965939783,0.0036676166573082858,0.002682736498119601,0.0027019333366213134
1044,0.0012259188856788394,0.003222665441811727,0.0036902130778536427,0.002751108467675897,0.0026903761081814945
1045,0.0013917527367120353,0.0033595359487994564,0.003690725695440638,0.0028562404934246526,0.002821464373166047
1046,0.0014849445893385627,0.003910490008792927,0.003608717712017458,0.003217173095104524,0.0030171657412492907
1047,0.0017229579698379528,0.004662638915997531,0.0035606956750523595,0.003755831707550595,0.0033413780940082225
1048,0.0023320821247277863,0.005290936176672926,0.0035864945344276926,0.004307913447220534,0.0038373672901516466
1049,0.0029542771823037237,0.006016413808596359,0.003626935072458263,0.004857599940031769,0.0042782338327852325
1050,0.003099621395458265,0.005635945394100899,0.003658639942283559,0.004592381541039641,0.0042084280788868165
1051,0.0031176879702141196,0.00556292108611887,0.0036305518900949193,0.004614944823005931,0.0041667566105614865
1052,0.003132006839202586,0.005704570560693692,0.0035830535455595685,0.004699443071742849,0.004188382492563225
1053,0.0031378351729957473,0.005625674117745001,0.003592189402560964,0.004618821832963061,0.004171475637307272
1054,0.0031461286734596446,0.005687141690148549,0.003676913646067181,0.004706189945315436,0.004230528907592048
1055,0.0031459208624169165,0.006417630024946602,0.0034941581554450733,0.005046223685583556,0.004405820188062522
1056,0.0031469130718119673,0.006969410584691111,0.0033670545078318182,0.005335566210516305,0.004595848410649821
1057,0.0031432442135053053,0.007439974448459605,0.002992719009519733,0.005618714323858528,0.00481753322071916
1058,0.0031464516968084514,0.007615995080626671,0.0026407737077806907,0.005710551578460289,0.004911516247806253
1059,0.003122593145723037,0.007685821243475741,0.0024981019685214405,0.005692779786662514,0.004952658281129793
1060,0.0031479351125686074,0.007636820889547644,0.0033920404641021354,0.005611154676018811,0.004942004118726198
1061,0.003153610604120587,0.0076306471585167466,0.0034107133875647937,0.005638608387676123,0.004888671539332659
1062,0.003145806397252324,0.007740215975176582,0.003152828868717767,0.005765725913908176,0.004812979871627296
1063,0.0026889044479489863,0.007387992033160685,0.002433076418935418,0.005567703775176202,0.004531188558659924
1064,0.0024819997192075376,0.006127322384692612,0.003119990971876016,0.004781426268493893,0.004164922932330844
1065,0.0020520208839647286,0.005370659734555392,0.0034107723448711285,0.004153514870856254,0.003798530771281933
1066,0.0018375752369574128,0.004616210966356587,0.003508524941847312,0.0037704613731558254,0.00344609326878554
1067,0.0020695917743038905,0.004120249130209372,0.003798625719672349,0.003414338865648205,0.0034841620640198765
1068,0.0019205838603970787,0.0039604139502191415,0.003799457982364573,0.003182800863551125,0.0033841540858329027
1069,0.0021302047477239298,0.0041109843281992445,0.0038224584932431025,0.0034231306126467887,0.003520396809252045
1070,0.002364944813896884,0.0044465235014454745,0.0036931674624982183,0.0038588287255668626,0.003668841647744661
1071,0.00282353780496695,0.004972881840154678,0.0036827900656534918,0.0043137068233791,0.003979473697387802
1072,0.0030737662216173338,0.005702811041022416,0.003715776835401924,0.00491512544628963,0.004294008999408635
1073,0.0032706071429392893,0.006119767687910906,0.0037130942307675905,0.005249356540673814,0.004484633189352292
1074,0.003312421099073014,0.006153586876186452,0.0037426862216132653,0.005056968454556098,0.004503897764367463
1075,0.0033139788855099874,0.0065703721818270505,0.003633275562250028,0.005373598989556505,0.004642210729185489
1076,0.0033153676519834313,0.006486719372655018,0.003637046503558771,0.005322332664167118,0.00461868981245039
1077,0.003314810532911026,0.006719977923840612,0.003620615061079329,0.005542318566683267,0.004686074841019205
1078,0.003269246025639748,0.007072546440806617,0.0035304031587123866,0.005733578551641852,0.004769073192703152
1079,0.002995073239142092,0.007618992287101924,0.003224675090297865,0.005841191515219921,0.0047982485384935
1080,0.003078232182828279,0.007930245703374167,0.002803260118472933,0.005971047273540788,0.004965629899376112
1081,0.0030362666542237387,0.007963221914893319,0.002466144457082899,0.006093550686157646,0.005026336445148893
1082,0.0030170098024445177,0.007920752480921733,0.0021335558922948405,0.0062362331916193696,0.005035057706611918
1083,0.002964371110253897,0.007751375726578472,0.0021937544049288964,0.0060204561553108,0.005015017596745833
1084,0.0029343423434824083,0.007570709531090455,0.002874988357519278,0.0058754468168852,0.004937011746369872
1085,0.003008523390518563,0.007353828015527391,0.003206099937293361,0.005756024016504663,0.004796406659828477
1086,0.0029943625825500702,0.0074915078317361735,0.0029946996434173025,0.00581121150332571,0.004613274045929397
1087,0.0028797590272998876,0.006518102273292528,0.003034756548270342,0.005154944838005481,0.004299663495304653
1088,0.0025725466696903208,0.004960624744681972,0.0034304036625347743,0.00400642106644482,0.003773817788666856
1089,0.0023292679036236116,0.0042615757770192355,0.0035103518521089117,0.0034641995660455076,0.00348133177181651
1090,0.002049115015928679,0.003676122612287234,0.0035039193162180607,0.003030560659588497,0.003177006193120321
1091,0.001999426511693931,0.0033077095849126056,0.003561963947360884,0.002886506182343288,0.003066305849905257
1092,0.002079186442090111,0.003441699171821355,0.003610398628493761,0.0030716942779029804,0.0031843820088527834
1093,0.002264711812520521,0.0036416508594818305,0.0036048046650264563,0.003295145348590337,0.0032745087659208105
1094,0.0024528915353898904,0.0039746055850657476,0.0035320807664412693,0.00353600289949123,0.0034289076220192227
1095,0.002363570648060608,0.003864811065121031,0.003503663862260146,0.0034347894628221076,0.003369941990511446
1096,0.002671710828049681,0.004214062996780974,0.0035142971652592204,0.003750720705394165,0.0035658730037722215
1097,0.003013016097768803,0.0044128252811721095,0.003514407779700425,0.003921481852073472,0.003706343402787565
1098,0.00307347784211724,0.004301535454365579,0.0035153123488510843,0.0038274556863683385,0.0036800429780373496
1099,0.0030244205524784687,0.00420929743743277,0.003529535674992285,0.003750063427483162,0.0036493067409124843
1100,0.0030968857505550276,0.004611109749831986,0.003546853168080244,0.004073157171737936,0.0037980181746687393
1101,0.003166747264972565,0.0047061989106867005,0.003545211343351439,0.004168224572898403,0.0038498395341731427
1102,0.0031218644818397367,0.004734455055188174,0.0035671793422667676,0.00393606193157748,0.0038300013901654967
1103,0.0030783501452742923,0.004947868577496964,0.003511384938009962,0.003961154811702697,0.0038442243546939043
1104,0.003055620571868499,0.00518514838301819,0.0036187768471437755,0.004045997160431811,0.003975514118575862
1105,0.003058301881909036,0.005253838115771537,0.00361611793973681,0.00409765943130934,0.0040537498623698254
1106,0.0030657703205029595,0.005095383050471586,0.003526821904058497,0.003984665665169504,0.003995510475684169
1107,0.003028791975623642,0.005043529132766087,0.0034385364615962884,0.003939919102901101,0.003984961196203996
1108,0.0030384317562881158,0.0050206707409208694,0.003437641931636951,0.003918576366574528,0.0039786093588889725
1109,0.0030281807517358373,0.005060961213474963,0.0034430042411388384,0.003936532351629158,0.003918315467210244
1110,0.0030997203573070627,0.00472046915579248,0.003390919822380905,0.0038005905635542,0.003788015407286393
1111,0.002888668613605068,0.004574497172832639,0.0033113940175293452,0.0036647040067200776,0.0036708118171622445
1112,0.0026306854672496927,0.004095805278276972,0.00343178354573874,0.0032627536735844345,0.003463825853663391
1113,0.0022877358099044347,0.0036011894388278836,0.0034978302958536033,0.0028791727978821602,0.00319690333018718
1114,0.0018686073707686575,0.003089594175986771,0.003450004153200491,0.0023922111144658617,0.002866679354912624
1115,0.0016857257339737502,0.0033389592013916753,0.003593979381356272,0.002552313032874039,0.002921952593585072
1116,0.0014048695187992549,0.003381044404063331,0.0036523818551898158,0.002672942676747821,0.0028084118814070747
1117,0.0015010511193248555,0.0037085553861391216,0.0036598930295602262,0.003105875333686059,0.002987469332897912
1118,0.0019095796885904264,0.004020449691121515,0.0036207995349105105,0.0034540124970429405,0.0033222647761623103
1119,0.0021478549681373123,0.004265562660025341,0.0036017481234415618,0.003638663447139015,0.003493646389399143
1120,0.0026522257062344696,0.0041071977935892776,0.003525675147154889,0.0035571723553247422,0.0035251696925220773
1121,0.003141161787552366,0.004332228890440164,0.003515921333196381,0.0037655874278365877,0.003715633320851811
1122,0.0032204173712402483,0.004373055652134612,0.0035531308985571634,0.003816277731652607,0.003762690286105717
1123,0.0032188083801141533,0.004617423200325238,0.003579719150298676,0.003996616900098851,0.003861953821555037
1124,0.0032263595746735993,0.005583578952532974,0.0037035925360072415,0.004716540734197105,0.004197500066716199
1125,0.0032170143427193965,0.0059147947732260675,0.0037221465271359035,0.005066501401891046,0.004303028621970496
1126,0.0031636048420363517,0.005735610665287512,0.0036873693347957725,0.004985349334295995,0.004225876348182729
1127,0.0031106283904327276,0.005864497694507246,0.003582644345390501,0.005005578554660142,0.0041810608810283305
1128,0.0032013197364469913,0.0056249781434750575,0.003550504641240753,0.004828762769117385,0.004202608369233586
1129,0.00316492078451911,0.005612809583876962,0.003516914385380161,0.004781998108493108,0.004232197769337978
1130,0.0031265400235050483,0.005295861955755247,0.0034665927081469353,0.004530608119421363,0.004124887899152242
1131,0.003055142728807595,0.005244120178151613,0.00342130623193922,0.004483613762262912,0.004086743997341764
1132,0.0030384801103351634,0.005214836739851045,0.003380496204574764,0.00445242358713778,0.004055201348607294
1133,0.003079166305557027,0.005359021129560955,0.0033037395203991157,0.004587810083932191,0.004067783994458788
1134,0.0031620943062536946,0.005034850926360226,0.0033140575871992597,0.0044144660185626,0.003928825060668009
1135,0.0027039394622914506,0.004883070658130741,0.0032857452331597377,0.0041224139516726896,0.00374807396833029
1136,0.0018949284787251586,0.003921707043357904,0.0035039760885828657,0.00307795035213732,0.0031612416826775525
1137,0.00150124984914651,0.0031109805626452222,0.003486818065716213,0.002628150189737153,0.0027118439285482594
1138,0.0013248061268955973,0.002811971799609309,0.0033596312361479355,0.0023397744074756303,0.0024781811304527964
1139,0.0012505011156742722,0.0027056514757257378,0.0034670827622987066,0.002232562359327254,0.002438804090209372
1140,0.0012396168606224225,0.0026175919550779077,0.0035243848132120712,0.0022290864080578236,0.002417796368378024
1141,0.0012857838399294393,0.002677738436343793,0.0034670344460412976,0.002357176090197119,0.0024672507045128437
1142,0.0014252122271325542,0.002849502076142501,0.0033622172377267318,0.002519235470000479,0.0025674262382218253
1143,0.0016867712458152346,0.0030887098178374052,0.003375258835607787,0.002704518701560408,0.0027672125600271724
1144,0.002327326479756612,0.0038660012932955823,0.0034699591023145122,0.0033300938832446646,0.003299254407166306
1145,0.003005253937122796,0.004531734602207815,0.003521251565478303,0.003898723420956457,0.0037490525534500997
1146,0.0030783985716444913,0.004677749731440001,0.0036081497985673895,0.003992117259435238,0.0038564219326787655
1147,0.00317502309363652,0.004605655917267606,0.0036027200926040553,0.003951642284645649,0.0038510905415953174
1148,0.003202554937611895,0.005027365542318984,0.0036152266435061234,0.004257437808579766,0.003978086422478807
1149,0.003196108822807908,0.005453233947454803,0.003588214275299284,0.004554980371798135,0.004089321884367477
1150,0.003183824290903362,0.005387618114765297,0.003688002514140898,0.004522672443792615,0.004076890324080894
1151,0.003129067759401454,0.005882490870005596,0.003592885942532852,0.00476397592249108,0.004164608999762661
1152,0.003162487234900536,0.006529509970701622,0.0036114943881711725,0.005151596551450387,0.004405812882404237
1153,0.0030691325545599306,0.00743913270288423,0.0035815818793060836,0.0057288340458085205,0.004697570062394156
1154,0.003106483980086624,0.008022554085116625,0.003366539689995402,0.006119614291311428,0.004888322295439494
1155,0.0030732004746597606,0.007985399432046564,0.0031965404683589383,0.006093259625604346,0.0049102381517510466
1156,0.0030438857867637935,0.008105264822079367,0.0032398916917490673,0.0061879430444626475,0.0049388683739094484
1157,0.0030122272275119157,0.007925410712171201,0.0032130432693173953,0.0061397948324304445,0.004914788918267366
1158,0.0030946402748493473,0.007768605902838792,0.003368761371382413,0.005947984326660452,0.004890808767200492
1159,0.00291937608283539,0.007309115122331213,0.003518600476897336,0.005605556662093346,0.004735248471170553
1160,0.00242479558425589,0.00643481437258932,0.003645646219641818,0.004933068934880091,0.004254749249564764
1161,0.002047172253632425,0.005598815568925648,0.0037470075157034267,0.004401583816346262,0.0039322720316452234
1162,0.0020277455489334877,0.005066601983399188,0.0038030101635575285,0.004001518316106309,0.00379057132872927
1163,0.0018145643082105112,0.004666313481163067,0.003880144505832487,0.0036905859484317577,0.003566570736069431
1164,0.0017415240442952235,0.004392509042560599,0.0038796841224455203,0.003472657095529662,0.003442861895784221
1165,0.0019797740277818538,0.004421610500701732,0.003888975876330968,0.003569941176478745,0.003555334936469088
1166,0.001887976958743753,0.005040084308078076,0.003848114364439733,0.004095678173210081,0.0036884173773236426
1167,0.0019160022954407279,0.0053002584447825645,0.0038838861661659673,0.004374387974922243,0.003817570207587909
1168,0.0024249587497932644,0.0056307830596471695,0.00394162958253567,0.0046511190145818926,0.0041302594344601
1169,0.002999701241633476,0.0053074538246411255,0.004045038236531405,0.0043952315109272895,0.0042277219376345675
1170,0.0030908529830180245,0.005112955483843412,0.004052551691286627,0.0041971648715293285,0.0041789178029126295
1171,0.0031401492720802104,0.0048641649913032485,0.004072237849847481,0.004028165248735143,0.004111039143999087
1172,0.0032231702268311216,0.005070478168414058,0.004049977521710121,0.004197364597757109,0.004198389979975873
1173,0.0032345375669859924,0.005316332270196492,0.004029543273276046,0.004372990324521385,0.004279116253440444
1174,0.00323725941291785,0.0051473917714898966,0.00411694497784646,0.004274305123393277,0.00424504366608444
1175,0.003225600145956036,0.005795173234524,0.003997529219813034,0.004741151088133427,0.0044553867960385315
1176,0.003212181935960633,0.0064384718747929285,0.00378837693436216,0.005031441192942392,0.004579803619723748
1177,0.0032121705438785705,0.007060866157492681,0.003530734310840073,0.005320477707780581,0.004717091717644428
1178,0.0032175279656341403,0.007580707798499777,0.0030823207420649823,0.0055878478216015255,0.004866067193871687
1179,0.0032116168374559033,0.007740725783120009,0.0028826233478589946,0.005639086595090762,0.00487554645789324
1180,0.0030397908787413615,0.007840864314471884,0.0027602489814958398,0.005628100849360184,0.004818070757648262
1181,0.0030550961444900603,0.00798184307923127,0.0027945656985377165,0.005703003716839014,0.004783285792352146
1182,0.003144081044071372,0.008046889778280839,0.0028520067143173538,0.0057441424129147985,0.0048065295781366535
1183,0.0025611310242878954,0.008133252887690085,0.0030260142304049872,0.005675981246378663,0.004613661607447904
1184,0.0017860100658992964,0.007279544804661818,0.003412693997310883,0.005189173363881672,0.004039506402401541
1185,0.0016035142239872518,0.005776067752447007,0.0038370215195693124,0.004291648296990104,0.003606776363037794
1186,0.0013273736111211014,0.0044142380189353715,0.004006959702018232,0.003557049595959262,0.0031505419487165014
1187,0.0012856265775058925,0.003963838120757054,0.00394102526310148,0.0034022924350620236,0.0029840095256701395
1188,0.001263830159687696,0.003897963091890678,0.003962700569923015,0.003472766321929528,0.0029611451559813052
1189,0.0013294359891306,0.003982375180311779,0.003966654064407748,0.0035796277892416865,0.003006958121676919
1190,0.0015135420615293943,0.004511974231197223,0.003972406101580077,0.003985648253374324,0.003314174827539715
1191,0.0017308096927665221,0.004695587658171263,0.0039421669873024295,0.0042036599320467065,0.0035065751808528436
1192,0.0021935265251129253,0.004962393709969983,0.003893332734608038,0.004208801729215347,0.003736687881944693
1193,0.002873771752216704,0.005155052153769957,0.00393214220464354,0.004187371084050371,0.0041015467320065805
1194,0.0029935791190166513,0.0053679112397447505,0.003985020702576141,0.004393591760099132,0.004232159436262873
1195,0.0030368494416982664,0.005431972575445293,0.0039779190519684,0.004487608713981547,0.004246710302496658
1196,0.0030697210210104044,0.005409013755333053,0.0039901376097608784,0.004521350599924799,0.004261701351470104
1197,0.0030632636083986003,0.00560142110858149,0.004056483146135867,0.004576374256423694,0.004350469342608577
1198,0.00306950722171836,0.00582578704310366,0.004054452965795233,0.004759910749964918,0.004427384979208537
1199,0.003004491284161812,0.005885049141665676,0.004019504583715125,0.004662495783196749,0.004363928499014513
1200,0.0029380359894345094,0.005721882740647203,0.0040408665808432925,0.004493126164091624,0.004293321030119201
1201,0.0029666339983689294,0.00573591907915854,0.003914215159193247,0.004448260238173392,0.0042647877671293495
1202,0.002977546182635448,0.005730131297235755,0.003781720418046843,0.004446031114327197,0.004254857976126548
1203,0.00297400716405887,0.005716177998781459,0.003644309106336213,0.004647032920440105,0.0042467752995512175
1204,0.002978136396733883,0.005789236141506113,0.0035248987055016955,0.004715886809235998,0.004237432215204406
1205,0.0030180412786827713,0.00606986327574746,0.0033368804310404693,0.004877768069319696,0.0042485212821343115
1206,0.0031107492763329304,0.006705917873344909,0.0032019241849916853,0.005362127542815073,0.004303052477545569
1207,0.0027465671179617897,0.007139553535692255,0.0033070619478601793,0.005387074912831787,0.004306036566160894
1208,0.001895514448874884,0.006935205486052953,0.003455913340998417,0.0050384333724005324,0.003942869626147076
1209,0.001489418732294727,0.006262452037567711,0.00356016979403389,0.0044080917060715825,0.0035380374396306044
1210,0.0013408631891028452,0.003847576842172525,0.003723898422800264,0.0028747029478285767,0.0029385573218185398
1211,0.0012637279865942508,0.0030589582295314772,0.003927167528409808,0.002104713855821414,0.0026846901417471513
1212,0.0012493888421209467,0.0028282811980700324,0.003857322275420643,0.0020654295600406464,0.0025842811958596457
1213,0.0014068041711798585,0.003197595976107788,0.003863880232079478,0.0026117945885454435,0.0027992545578461327
1214,0.0016479120467801798,0.003602966888918337,0.003796014937510358,0.003082508601365106,0.0031213965258358248
1215,0.0019916272593076935,0.003729886591551557,0.0036874219465700283,0.0032970868699117154,0.003294801457627789
1216,0.0023507982214282415,0.004305923495832087,0.003736017401386853,0.0038317704333777976,0.0036253767015681617
1217,0.0028660480804191587,0.004716692076653356,0.00376083312899235,0.004103423301323295,0.003919673880525669
1218,0.0029538419383631064,0.004361658100643516,0.0038412826111234814,0.0036697593536910043,0.00381571673930114
1219,0.0029744470932636814,0.004209381561157253,0.0039440437487951495,0.0035496204500819178,0.0037870965392024438
1220,0.0029200790204822378,0.004585543566895161,0.003873703749311844,0.0038243024126475827,0.003881261923246016
1221,0.0029312221765458424,0.004639646522651037,0.003926894982757154,0.0039040581813768165,0.003925648456914783
1222,0.002933785825727546,0.004779670736063441,0.003964137929008448,0.003992716855289093,0.003984266475543892
1223,0.002932368985105039,0.005026788595204934,0.003899197584834262,0.0040770218874636764,0.00403529110727004
1224,0.0030044977308540557,0.0056867571929399,0.00372752953993345,0.004403797851405987,0.004216979347236488
1225,0.002989377155355061,0.006635903372066007,0.0034276607697663747,0.005116467800418274,0.00446378474684121
1226,0.0029205874169966678,0.006478593215894447,0.0032279678889085743,0.005198944700369596,0.004446073362175966
1227,0.0028820811161948384,0.006184863701118406,0.003286895315334329,0.004971169324678224,0.004336991754462734
1228,0.0028993266975114616,0.006426899561590213,0.0032346637621365887,0.005155951079053872,0.004401547974914911
1229,0.0028894438452489284,0.006870510057548889,0.0030887356047878413,0.005471652740867399,0.004499438330286737
1230,0.0029234507096173824,0.007303094805903675,0.0028667778128366062,0.0057277446633936515,0.004588887471297182
1231,0.002606443796820302,0.007092455676123972,0.00321371401885257,0.005502028386783421,0.004444060612392421
1232,0.0019802823904410943,0.005278935962928768,0.0037133302686184607,0.003851903645638332,0.0036629666386802594
1233,0.0015773924490737451,0.004051778117621026,0.0037990105151142917,0.002744763991014413,0.003106901335549202
1234,0.0013931794693336612,0.003524655243575403,0.003757776279923434,0.002817569285446226,0.0028613655146889055
1235,0.0012656790988755258,0.0034092660198603805,0.0038343925153493507,0.002807663416460814,0.002801293007232079
1236,0.0012649792592015954,0.0046531602474845345,0.003941978430680264,0.0040661038952129035,0.003172963044693872
1237,0.001304901366543198,0.003924538154925615,0.0038862650786313556,0.0032146260491237723,0.003006530392044694
1238,0.0014258158688167598,0.003894751817078754,0.0038099714249906556,0.0032157991963303557,0.003051337720616585
1239,0.0016698318327879112,0.004343616049676902,0.003828619814276899,0.0034832466112437177,0.0033215877312520264
1240,0.0022994194161811113,0.005304148951034625,0.003910605412558725,0.004211358688909408,0.003889341395742345
1241,0.0028973634513633864,0.0063436027206897685,0.0037735798347215033,0.004917564977860724,0.004396453507314153
1242,0.002917302928976729,0.006485612732981899,0.003786851400123259,0.0050472501077907595,0.004464368561690297
1243,0.002885221630209304,0.0069743663548858595,0.0037076751966181637,0.005395180413855476,0.004601915748446056
1244,0.0029895225281747124,0.0073888355138283695,0.0036233699328957094,0.005660265766729076,0.004750990330565799
1245,0.0029444525454924383,0.007659590854738245,0.003535918006283096,0.005818307274676217,0.0047976767241904176
1246,0.002914304469032372,0.007759113415857127,0.0036540236144908525,0.005912628045126867,0.0048582926500585905
1247,0.0029220556558707494,0.008158291184310667,0.0033827330665067014,0.005985032907749061,0.004887429124124363
1248,0.0030016514155252597,0.008397477965815357,0.00301971390390078,0.006100740335811465,0.004916688611039671
1249,0.0030238827806948147,0.00884994969901303,0.0026033969992376818,0.006398887316875569,0.0050380345866199655
1250,0.0030418289542690287,0.008723801177368092,0.0023033835852755676,0.006263470566911604,0.005048827771123655
1251,0.0030614294376123245,0.00864943061201306,0.002094118777489443,0.006263511787779796,0.005069330002583766
1252,0.0030303973568089554,0.00866642341207112,0.002236065523449124,0.006280931635384583,0.005057715945416788
1253,0.003052431254252912,0.008617467646029945,0.0025735342431873276,0.006290186292357275,0.00506684706332037
1254,0.0029370758869371105,0.008779190289670441,0.0029487940414910092,0.006335308063609836,0.005060937550951499
1255,0.00271471758597422,0.008595808787634987,0.00332731638229179,0.006074726919611317,0.004914673288253436
1256,0.0021390877252213908,0.007556532766723039,0.0037065438236644605,0.005327589337334456,0.004389382656081509
1257,0.00165515912559824,0.006604488523159045,0.0039583800948832975,0.004821826870027702,0.004008511983291222
1258,0.001450808438618263,0.005658030687628306,0.004021779374243325,0.004557999159837087,0.0037363375127147163
1259,0.0015568287233405592,0.005457976535751742,0.004152333860845411,0.004668161979998332,0.003807231898314718
1260,0.0015949438463363846,0.005007563201589267,0.00416473724066583,0.004224232253512843,0.0037460453992439378
1261,0.0017631309817570796,0.005301511863158719,0.004177630255565704,0.004526958545810038,0.00392694449455984
1262,0.001719171880504737,0.005621159422053825,0.004114245983695012,0.0048165753596211705,0.003922506444268528
1263,0.002104423935879242,0.005900045470124369,0.004126690770614978,0.004958058335789824,0.004161814320946491
1264,0.0023879892329495573,0.006077878256558496,0.004403784744000738,0.00491923587031305,0.004349007594659032
1265,0.0029705292921015777,0.006632148770188788,0.004504797841737242,0.0051459689931699715,0.004783433613381439
1266,0.003036464230565143,0.006690508930461589,0.004512572349818379,0.005227840973403712,0.004839098086201132
1267,0.0030425506338612597,0.00687248665997883,0.004252972255048392,0.005349937861944905,0.004807701886052123
1268,0.0030387004113886194,0.006921465190365777,0.004015917207643872,0.005419562392717345,0.0047489484115214075
1269,0.0030405488275225684,0.00684440223910209,0.0039042751751213194,0.005367180968754477,0.004703922637633504
1270,0.003040673878509993,0.0067638704431701654,0.003913580755095569,0.0053598541349452284,0.004700536329712511
1271,0.0030376669860058395,0.00712785971486792,0.0036946640059806963,0.005786846257291037,0.00476282713180042
1272,0.0030430416506089233,0.007713918496990311,0.003376890865515102,0.006061068096813489,0.004885406605957795
1273,0.0029944498199378088,0.008155862835937947,0.002992494874453825,0.006249196575698562,0.004987135415596367
1274,0.0029315273586168686,0.008120598751675187,0.0026937042194404956,0.006188659740976294,0.004979276982120331
1275,0.002900095655249446,0.00803953688140778,0.0024843529973493585,0.006186999246397943,0.004957665128526889
1276,0.0029822770174437354,0.0075054585654038405,0.0026479272837861764,0.00584782424318656,0.004806724693206318
1277,0.0030069200064004914,0.007463859805523175,0.002643057349607313,0.005851160205763889,0.004779416938625179
1278,0.0030221991038363056,0.0070022643706951345,0.0028342726886283576,0.005453596927760567,0.004651432364948692
1279,0.0029685430753128355,0.006961208957768278,0.0031164122632058376,0.005274517363769091,0.004606183615526833
1280,0.002394709975665087,0.006021561398435647,0.003663996411241733,0.00417403075723349,0.004154583815542106
1281,0.0021446029619382506,0.004669892043367442,0.003959606121863435,0.0034309532732460703,0.003737139326223361
1282,0.0018930627503410144,0.0037865821182622023,0.003950716685727729,0.002843555599260743,0.003340545662688415
1283,0.0015633529704693974,0.0031784727818123157,0.003932644913530757,0.0024406879991904877,0.0029684565025425496
1284,0.0013109996485773678,0.002750598724923597,0.003859108105758857,0.002311759252550441,0.0026711141878477626
1285,0.001332285804434692,0.002716319910504649,0.0038461139230835223,0.0023153917910163566,0.002641462472387352
1286,0.0014088741348263073,0.0029894126022450987,0.0038700539740435516,0.0026187039089870514,0.0027807555952756996
1287,0.0016243617965938728,0.0033959256832000366,0.0038753505891735056,0.0029792619344376626,0.0030292357648024214
1288,0.0021471613657641103,0.003972998010271633,0.0038947769531225648,0.0033854515305121982,0.003423712314895715
1289,0.002772520055638121,0.004495299848210516,0.0038454743673419518,0.003608638388428869,0.0037905396602228632
1290,0.0028097543079611317,0.004444278636182296,0.0038318274251151487,0.0033795327804227813,0.0037695281350839547
1291,0.0028092739912220265,0.004361803475913297,0.0038151491754286073,0.0033036522175566947,0.003726878524748325
1292,0.002824242513827507,0.004415437312833563,0.0037379306281227387,0.0033677545323206265,0.003710195071855443
1293,0.0028229218269421315,0.0045061967377528055,0.0037095009099850523,0.003515604723498507,0.0037388830656733055
1294,0.0028267693828350903,0.004635547070834316,0.0036793109534597086,0.003811442346934604,0.0037837099763275285
1295,0.0028104401445241465,0.0048199707225345554,0.0035779698369962764,0.0039032552620668955,0.0038086375133727056
1296,0.0028971682474244337,0.004826594012410262,0.003715034708740366,0.0039936954284151465,0.0038867465244591267
1297,0.0029065681207310064,0.00502263430468992,0.0038158970145165646,0.004260167854737299,0.003998238680905985
1298,0.0029248770656097735,0.005099455109509585,0.0036175028532032445,0.004302421096517935,0.00402409736055392
1299,0.002896599338946054,0.005161430374132502,0.0035088007753483826,0.004344348582649495,0.004050878172794911
1300,0.0028862427753527232,0.005194136525825383,0.0033301841927463427,0.004337587244615002,0.004015185664536635
1301,0.0029042527402899274,0.005323960088213286,0.003225826221885896,0.004359213481052778,0.0040036781789045016
1302,0.002914094560558776,0.004982641809648488,0.0032806135837884476,0.004153863036620223,0.0038877399104408797
1303,0.0027081148381908385,0.005099640922187171,0.0033545524199212525,0.003989792430325476,0.0038304394037219107
1304,0.002003770240533432,0.004312388300641428,0.0035448996326167565,0.003293404765681498,0.003344965296599064
1305,0.001470737952212886,0.003753638480664906,0.0034397065016235837,0.00288645097406652,0.00289058477776631
1306,0.001325409079660108,0.0030729811138657972,0.003262981420190876,0.002437603300043387,0.002583797283373874
1307,0.0012365187225566565,0.0030389380439572317,0.003227014627589104,0.002360247873602037,0.002517016056674083
1308,0.0012032644795552164,0.0027911130717945434,0.0031936229985900775,0.0021974952232963344,0.0024218880413027343
1309,0.0012630645555203694,0.002981977048340106,0.003211988640969878,0.002463238270628029,0.0025127492525987135
1310,0.0013687883747302496,0.0032639594910494393,0.0031242535440752727,0.002834853523022834,0.002641259070092966
1311,0.0016114607305457572,0.003772879177934534,0.003050740116727503,0.0031642097725250637,0.002906303763163929
1312,0.002187554819615027,0.0041173133444587645,0.003073711700859798,0.003404693979711581,0.0031896232958905485
1313,0.0029870570498555754,0.00396608070282413,0.0031415834044975304,0.0033960357017397045,0.003393603641808634
1314,0.003014380719220429,0.0037949563470134414,0.0031762321201093944,0.0033333274539796144,0.003358935258523158
1315,0.0029648652367800887,0.0037600401489848315,0.003192179214401992,0.00328065403772899,0.003339574026102996
1316,0.003056406959152359,0.004233307818399631,0.0031319947616507255,0.0036347434804348644,0.003496692177213119
1317,0.00328568381618688,0.0043877950016191335,0.0031666464002155937,0.0038012621800713616,0.003614665512168247
1318,0.0034167415126940734,0.004541198281433657,0.0031241995596881043,0.0038785400990296284,0.0036823615624688743
1319,0.0033567796261932087,0.0045954708918566475,0.0030760391666791393,0.003928478966633781,0.0036998452868084084
1320,0.003369511803554598,0.004607129594637023,0.003078220162099863,0.003923733652593471,0.0037380498009803725
1321,0.0034052208974274067,0.00505822398638407,0.0029633987980178123,0.004199337844958656,0.0038886508169958004
1322,0.00326626558356169,0.005100426207918173,0.002820135437326156,0.004190860358108677,0.0038349550526906835
1323,0.0032496447237508014,0.005121140951512534,0.0026650171954525253,0.004204842728833258,0.003825642388586032
1324,0.0032255814690089497,0.0052090273450370065,0.002530796212501691,0.00428135606473243,0.0038207772088886763
1325,0.003277155814233755,0.0053721408285292375,0.0024730596221137096,0.004375587030083621,0.003880264262009089
1326,0.0032680515401763946,0.004983727032160517,0.002731475693314645,0.004113553358113337,0.003791410330463663
1327,0.0030731070042286156,0.004604033590576519,0.0029059619674771586,0.003815635973401336,0.003635186266466127
1328,0.0024784538956386334,0.004207538192343351,0.0030820226780011862,0.003447711100886456,0.0033663832604825996
1329,0.001953892780401396,0.0037548541115414035,0.003218349016273045,0.0030270648551352472,0.003047641356056603
1330,0.0014003231485417795,0.0033072028361273097,0.003209654418407689,0.0027456122929849416,0.0026733770704628727
1331,0.001398026460552061,0.0029676309713482715,0.003218673073452882,0.002545002507252226,0.0025809806654363476
1332,0.0014231189597952096,0.0030254612068332403,0.0032573152308916385,0.002563970714389514,0.002582128329233099
1333,0.0014453241557563473,0.0027545430655113667,0.0033616029333876462,0.002312941340003467,0.0025066008403166105
1334,0.0015839409464008468,0.0032124503439185893,0.003633398945517821,0.002700170093549644,0.002800668069657874
1335,0.0018149355161252202,0.0036546358472968215,0.0038529460322535574,0.0030175769172988004,0.003102176621959721
1336,0.002352323980160295,0.004385119288539107,0.0037925442489839495,0.003557803755357879,0.0035245571191541256
1337,0.0030666208649692685,0.004347491555396269,0.0038293401805389047,0.003648438788277561,0.003774727972377565
1338,0.0031796264937662484,0.004512070774196276,0.003790239583279114,0.0037935733771366697,0.003866425606344244
1339,0.0031807711663441275,0.004399877373699157,0.0038172742642003975,0.003718379001981234,0.0038324895794193494
1340,0.003205510253553437,0.004624863165242783,0.003788476461370131,0.0038707825684144983,0.003904297139994578
1341,0.0032068860706705093,0.004741516349273682,0.003752873912861029,0.003963174111278508,0.003941870879937617
1342,0.0031920416885993647,0.004924226544808851,0.0037776286309729574,0.004070496111571438,0.004001370176736957
1343,0.0031037657817773595,0.005811360822175654,0.003588450025718922,0.00464320033517339,0.004246088302073486
1344,0.0030224179160111184,0.005509812944701442,0.0036494669845074843,0.004391714762516625,0.004115595052885067
1345,0.0027462877476006867,0.005329108103394226,0.003638180122988419,0.00416965100315718,0.003955330186693423
1346,0.0026933562130751036,0.00534033672012618,0.003542443205806896,0.004134319967307064,0.003918631215506208
1347,0.002695985641984982,0.005473584902985205,0.0034345779809877536,0.004201292868215526,0.003959805209189962
1348,0.002727868699335524,0.00566863916560782,0.0033452504180712605,0.004341042239361954,0.00401463574681145
1349,0.002805681310612747,0.005666772197432604,0.0033898779972567545,0.004327117146078783,0.0040717968204834615
1350,0.0028057478675572157,0.005054620649327769,0.0036693171853241207,0.00396833501976212,0.00393352833813844
1351,0.002584435823181379,0.005058949322974685,0.0036494703405695094,0.003954210093067411,0.0038424043201028763
1352,0.0017281178496781737,0.0048244695415783296,0.0037230847965108753,0.0037520007383011634,0.0034453612713018582
1353,0.0013149446580741468,0.003751867122127312,0.0038884039278011115,0.0030513842071300677,0.0030285237380114826
1354,0.0011172107933565651,0.003174598359965373,0.0038372793748015525,0.002649656563430566,0.002777632469730557
1355,0.0009315262933370321,0.003041578399842331,0.0037642465211028633,0.002553999883181907,0.002574588264012005
1356,0.0009462710600725556,0.003219302207179732,0.0037471735336727903,0.002753552162310679,0.00267963908315455
1357,0.0010045844207215674,0.003244682429740689,0.0037551117665481936,0.002738082180798797,0.0027179351130874898
1358,0.0011896082882542304,0.0035658153574731704,0.003772140942290693,0.0029830506468582992,0.002917992460558977
1359,0.0018190924486932495,0.00456291365057612,0.0037079948756753136,0.003686207386764469,0.0035218470428354607
1360,0.00199411422198714,0.005091239355925486,0.003615247806839249,0.004108723987993309,0.0037439008977863935
1361,0.0024703395464735402,0.005099434036575207,0.0036324271567973044,0.004185855343713483,0.003937059440337873
1362,0.0026106330384359907,0.0051137706118320235,0.0036327191213365554,0.004208529423557571,0.0039740023285427
1363,0.0025911915424464255,0.00478185062095229,0.0037394437452449416,0.003943448366905666,0.0038705157076953313
1364,0.002622966195020632,0.004814551170540026,0.0037577034099972703,0.0039744967989802866,0.003880182477103847
1365,0.0026313057456209075,0.004520696431597018,0.0037977998494595536,0.0037737486925913033,0.003772072930399045
1366,0.002609185527156356,0.004570622241638783,0.0037785895394315374,0.003764170610335547,0.0037622701451597938
1367,0.002562970279826315,0.004596254980016517,0.0037137859653323018,0.003758493389584845,0.0037341676029223714
1368,0.002514717506455004,0.004475888217133088,0.0037193877358692663,0.003649051328568451,0.003669409774062845
1369,0.0025290515829289447,0.004526682488054768,0.0036302430979311857,0.0036689575504911245,0.0036701485187379417
1370,0.00256799842521197,0.004789524023418977,0.0034937572406704776,0.0038621862518189226,0.00376858347996274
1371,0.002470162055468976,0.004847258065289497,0.0034181757761502386,0.003850859476856435,0.003750682156840936
1372,0.002464655679825584,0.004832257789119307,0.0033821321733649335,0.0038227205497292304,0.0037380605449171935
1373,0.0025181963779795434,0.004787981214507255,0.003400470733425519,0.003803056749944483,0.0037469312494003244
1374,0.002498735511554694,0.004393357056821271,0.0035769432976113648,0.0035143785875334757,0.003629209629262534
1375,0.002460066715216952,0.004246994213832209,0.0037289276823029216,0.0033719842176755913,0.0035906744803352424
1376,0.0024084823926598556,0.004099253463682119,0.0038359423774388564,0.0032349695111548523,0.0035376501673711714
1377,0.0021370667183561957,0.004133088401137108,0.0038243357526842065,0.0032272535206692376,0.0034674066212247623
1378,0.0012953903621682494,0.0038755246266691714,0.00383934323396547,0.0030554074374629157,0.0029759677116754165
1379,0.0014333088269670488,0.003545010219842724,0.003803843260881675,0.002868351088269278,0.002985963811656165
1380,0.0017918585608416452,0.003516281271659076,0.003799528337313309,0.0028839576562315586,0.0031584464600754405
1381,0.002246411670512192,0.003299311112483474,0.0038192857394806065,0.002791394776450447,0.003214890672028118
1382,0.0020284117281708196,0.002924849312278497,0.0038291081654651905,0.0024884467604318404,0.0029512104881642734
1383,0.002039412360850731,0.0032493172670182762,0.003889634512325122,0.0027262594775283207,0.0030882760554984323
1384,0.0019540219544437265,0.003771181806469088,0.003918340722917524,0.0030467814987461127,0.0032417291795064263
1385,0.0026624715679433764,0.004103027159031229,0.003978155229439358,0.0033397406018832038,0.0036102044350191363
1386,0.0027466672982124495,0.0038271206817644954,0.004095419165137292,0.003150842333552319,0.003552236725699379
1387,0.0027350267715840855,0.003852446443486646,0.004101152182751883,0.0031617994465822333,0.003561284057284118
1388,0.0027558494003388605,0.004119021672071621,0.004109271333602536,0.003320552031794009,0.0036718007175849526
1389,0.0027399968240688264,0.004161121191424587,0.0040958479601688426,0.00333861655280789,0.003685851327069792
1390,0.0026859768994807443,0.0042556193508006485,0.004062492168897805,0.0033335330359989595,0.0036996852639497647
1391,0.002756413025663288,0.004026736058692374,0.004039023700710242,0.0032099669279809424,0.0036377970958912757
1392,0.0026338677448292437,0.004168704357396673,0.004032696832048171,0.003278653390161401,0.0036678418400356745
1393,0.00253296795648447,0.0046078319786252014,0.0039609469025285345,0.0035325291516562843,0.003796645179367781
1394,0.002524289658779864,0.004964684638615792,0.003824272905190625,0.0038050710496726264,0.003920247355960372
1395,0.0024583488798295334,0.005123366860490361,0.0037468990687309117,0.003893186484984075,0.003967575116809881
1396,0.00246067617938011,0.005146779268541893,0.0037325954822374947,0.003916619208090224,0.003976257629391807
1397,0.00246637979927343,0.0051756327819251794,0.0037092028372911804,0.00393603399316686,0.003979303992145681
1398,0.002522021313570788,0.004795908916975583,0.0038280624999885533,0.0037842312618602755,0.0038817469745578035
1399,0.002114695312969949,0.004614128376381604,0.0039002517659287466,0.0037339517171429853,0.003690192397401059
1400,0.0018226070783463693,0.003955714690216071,0.00400329991755732,0.003226202490655862,0.0033566034680539264
1401,0.0010075164209408741,0.0036123425721587246,0.0039056391491835854,0.00288113137724147,0.0028867711316198606
1402,0.0007072988068108248,0.002723601754293285,0.003579496194889666,0.0021610061880139144,0.002297586758192146
1403,0.0008097604964762768,0.002768420198165571,0.003429510660555396,0.002327145341773824,0.002352109602523501
1404,0.000601465142502964,0.002488482927940524,0.0032692103587074074,0.002118595089632,0.0020996926752639075
1405,0.0006729140414799254,0.002348846813313934,0.003130622732998712,0.0020300986469671206,0.002079740384590119
1406,0.0007560478182278524,0.002486867505625458,0.003147713728788079,0.0021679884820998106,0.0021345708614701965
1407,0.001012055660599402,0.0028904496628792808,0.0033064266426082014,0.0024447153799787265,0.0024276572502346543
1408,0.0018373178766352865,0.0038193001685156536,0.003419823838534559,0.003182429700001222,0.0031109329908105394
1409,0.0025592974903520405,0.0041925247250812064,0.0036758835011083467,0.0035044445652677105,0.003547433399164378
1410,0.0025850131352551406,0.004292855951258921,0.003832500580735973,0.003566987269666103,0.003641310001116742
1411,0.0026652994628821127,0.004074173486259569,0.003971687876709906,0.003445924266205213,0.0036158497855096577
1412,0.0029041709668687554,0.004449290852266944,0.004012333261229381,0.003705332514407322,0.003843938028638636
1413,0.002899878599225849,0.0046491644919806775,0.004005856605983338,0.0038141680666954844,0.003911342494752616
1414,0.0028924937272866227,0.004853665780872797,0.004001011706783024,0.004015275650774755,0.003977072663632936
1415,0.002886717261420128,0.005100544250884276,0.003984710254896349,0.0041460793062670954,0.004066060345114164
1416,0.002867176427321161,0.0054672353327208855,0.003901279427934421,0.0043600522609118925,0.004181280806735889
1417,0.002725345371920839,0.005178447087061561,0.003978104120873074,0.004145406674976701,0.004073735339711386
1418,0.0025506796176789216,0.00533665685128323,0.0038638680681897385,0.004210958364714164,0.004085384405226064
1419,0.0025242536868894457,0.005297680570051873,0.0037862112789909244,0.004161090269070252,0.004079407441517817
1420,0.0025579992896588967,0.0054309811549724295,0.003783701019512418,0.004248717032048399,0.004125364271712549
1421,0.002571429861785526,0.0057875631215592695,0.003526627395919654,0.0044473909609473285,0.004164679391363095
1422,0.0026697543115797324,0.005485503507125055,0.0035296549891931624,0.004235440975095073,0.004085396693913649
1423,0.0025361719219928894,0.005246956694941426,0.0036076578614865564,0.004042394674187331,0.003966007147796399
1424,0.0017932595286489288,0.004409773031943942,0.003845872031748752,0.0034040789407508588,0.0034999962095646495
1425,0.0009103148787569165,0.0031491190318309937,0.003617481407051073,0.0025559567928407157,0.002602521659761378
1426,0.0006774420360299656,0.0024254702933829597,0.003339017755774846,0.0020783169881653236,0.002136815522504941
1427,0.0005982379277188182,0.0021615103336304524,0.0033023700151540935,0.0018930409641151706,0.0020450830132066194
1428,0.0006052694503116999,0.0021155085798294244,0.0033009935327431724,0.0018387942956345623,0.002035212164397541
1429,0.0006553813474898745,0.0022156824642381697,0.003315932750762104,0.001893942630309675,0.0020868233008066554
1430,0.0007962662196030825,0.002472156352270854,0.003290025249148314,0.002040833537782336,0.002208978390321593
1431,0.0010134649952193023,0.0030627136833480824,0.0032858361081152592,0.0024396187063150288,0.0024987280721380494
1432,0.00149914619041021,0.003453172492372534,0.003510698341285994,0.002698344358838153,0.0028565092368961365
1433,0.0020585445818464797,0.003860527155482632,0.0035336368299916576,0.0030204413897251467,0.0032266577204000148
1434,0.0022321539927741348,0.004099491689532122,0.003687373299349652,0.0031983728395090245,0.003396318357583405
1435,0.002561847690528955,0.004480659489112547,0.003761082730962382,0.003532699622401578,0.0036738496795228072
1436,0.0028574364785933005,0.004677383473739614,0.003701160166184013,0.0037165767873039517,0.0038379063786965167
1437,0.002949425958763511,0.004779044558311471,0.00372140124725417,0.003795048160189149,0.003912893767618524
1438,0.0030655716513774134,0.006212079133249074,0.0029408815424908515,0.004728335285315586,0.004395519200228897
1439,0.0030101988910253828,0.006569613374190691,0.002973035471297971,0.004962140688982331,0.0045122044034078546
1440,0.0030108149523507544,0.007044028575675283,0.0026317685666322893,0.00537911139425371,0.00465485675610668
1441,0.002885550169550204,0.0074679989121254255,0.0019946851412300983,0.005681250727183055,0.004804273362950055
1442,0.002779607160723414,0.007459414992038527,0.0016416363217656492,0.0056757029378768755,0.0047905509671421
1443,0.0028737662179594277,0.007216900317633473,0.002303812395463492,0.005520446123594144,0.004774455577534586
1444,0.0029912677762149935,0.007077034570607946,0.003008343694426938,0.00544869317183331,0.004761463558442877
1445,0.0030669945281310163,0.006970408238493281,0.0029573955963043083,0.005418121917602873,0.004731985770933999
1446,0.0030488669154228646,0.0068268397037441,0.0029581612674766775,0.005185754286048947,0.004658708655244976
1447,0.002499473227663437,0.0066428164359279614,0.002506864003134449,0.004886883779237458,0.004296000916432241
1448,0.0016325696813883149,0.004884507960990135,0.003733170001715049,0.003791031988354082,0.003513124548613241
1449,0.0009284998749460748,0.003694374986388459,0.003953248595609396,0.002919388411123162,0.0028436754176864487
1450,0.0007706927083490865,0.002947751268998665,0.003721848781399094,0.0024166904514025278,0.002454453280080146
1451,0.0007015962738332019,0.0026596908341126346,0.0036900773581215692,0.0021527796108121457,0.002322685073263892
1452,0.0006848313729754516,0.0025019761097278825,0.003626141854782623,0.002016116947219767,0.002268202278464146
1453,0.0007624192569499908,0.0025956014293867964,0.00364528254447134,0.002064328009116314,0.0023578466759245193
1454,0.0008808460136710215,0.0029474466481379173,0.0037074389458993883,0.0023318816329896434,0.0025285770829021645
1455,0.0010621869679591442,0.003645532031513869,0.0037401013063485746,0.0029089148808302203,0.0028646552015753218
1456,0.0016797041122678699,0.004780107956236228,0.003688057927646399,0.0036801626854642173,0.003581213891701751
1457,0.002469483161398767,0.005561383691739061,0.0034434884727889735,0.004192314751322587,0.004096369856246292
1458,0.0025335436394630663,0.005173241630811743,0.0037168808867848193,0.003956025088602923,0.003969213099374489
1459,0.00255604146016681,0.004822032188493031,0.003868841452454785,0.0037128883234381293,0.0038775437337163843
1460,0.0028642648701475188,0.004642056641765461,0.003954240179200797,0.0037307374499857176,0.0039182362952375335
1461,0.002879279417218764,0.004737593644238518,0.003886865919422483,0.0037606096432674222,0.003947842046539458
1462,0.002878464437680751,0.004818809966897511,0.0038377041634091082,0.0037540623096886014,0.003970713564997123
1463,0.0028364943422296805,0.004580422109113185,0.003990511109749811,0.0035939385382473613,0.0038915454012243065
1464,0.002881730529913904,0.004198783011700976,0.0041165021034077045,0.003427547094069185,0.0038146764556667347
1465,0.0028441621914569834,0.005005422723353161,0.003799875618570238,0.003942277867416745,0.004055922382950716
1466,0.002583298737712158,0.006302011338944029,0.003163722681780564,0.004687373594538719,0.00436985563651403
1467,0.002647691652488946,0.006680219550801008,0.002896398317867786,0.0049565746466763965,0.004567847924363107
1468,0.0028045188371920446,0.006726440498161,0.0033271823275733367,0.005065660215740691,0.004704363333628353
1469,0.0028608303692916654,0.0067632254331181,0.003414938493998747,0.005186124136851725,0.004732857969686246
1470,0.0028788351799437,0.006690919427355249,0.00355560638546749,0.005086918824627216,0.004708072896502117
1471,0.0026501768579548736,0.006753066311881047,0.002977513059343333,0.00524797692913936,0.004600825136099155
1472,0.0025210423725698238,0.005810198283227392,0.0033796224704944903,0.004579744362266153,0.004293661550813241
1473,0.0017556574493611697,0.005104981577043358,0.003631368459142334,0.003948264645276206,0.0038213993828881093
1474,0.001295164493532059,0.00450328051238459,0.0038407394964820106,0.0036243378782869606,0.003328185716303734
1475,0.0012762637738055833,0.004029562462169767,0.003931855978102317,0.0033451867254132035,0.003205797772949225
1476,0.001204660481351992,0.003634459140070094,0.004008329396158354,0.002965616047988525,0.00301203850680839
1477,0.0014577877950452704,0.003955733174701843,0.00392481214982063,0.003299228742308916,0.003294676643491248
1478,0.0013621152092319372,0.003921794474887006,0.00395333772297442,0.0033519893651598664,0.003222340609215849
1479,0.0015850193936555964,0.004592814931320423,0.0038032924154278516,0.0038480750532976934,0.003543137024276921
1480,0.002100805768700338,0.005545156892547837,0.00362492702231644,0.004367857835272982,0.00401358538280509
1481,0.002854054392202067,0.006327676729388163,0.003344681142341418,0.004928128808161865,0.004474697530099563
1482,0.00287743863384268,0.005926331563290964,0.003497085955264201,0.0044473093412464295,0.00436549632863614
1483,0.0028752621587756558,0.0050631692868832925,0.0038759154838727875,0.003862116004884579,0.0041034531476011596
1484,0.003003416728199009,0.00469016590248658,0.00401553479332814,0.003631767946444232,0.00401306001165515
1485,0.003182293925963456,0.004789481738367978,0.003964980835742328,0.0037441892121198228,0.004090004177812895
1486,0.0031858411692293675,0.004785719917149899,0.003920588610934231,0.003968780899912632,0.004094091281512936
1487,0.0029548163764473293,0.004923263347588473,0.0038050946931870136,0.004052032578391949,0.00406772965197971
1488,0.0029270284313893495,0.005149057432114589,0.003674234086614846,0.004189770369641374,0.004089833629364269
1489,0.002927308144636493,0.005305442391811178,0.003534527548594903,0.0043043119571396695,0.004117372503388568
1490,0.0030387973181460327,0.005580078250485669,0.00331768031729418,0.00449307580762388,0.004233208562014159
1491,0.0030173529078201516,0.005632290969867731,0.003321019081731006,0.004499275787802332,0.004249132690106099
1492,0.0029390019812600737,0.005737759798396227,0.0031873099853803335,0.004590267034370404,0.0042820835041956435
1493,0.0030969232823223193,0.005673118498047697,0.0034696452933374758,0.004635394212836821,0.004367139466109607
1494,0.0031602002780599823,0.0058984061446074884,0.0036382036730201015,0.00481116861820107,0.004501647283285156
1495,0.002760550363724778,0.005811468661006997,0.003626897655436779,0.004333302749905582,0.004355923806238414
1496,0.002417809366454257,0.004857066930960424,0.0038404305402049846,0.003430354698060602,0.003916647499812907
1497,0.002060988711138971,0.0036762937539055692,0.004195718564262861,0.0024998585810173555,0.003409659649209817
1498,0.0014671025008035723,0.0029669608541581655,0.004267259847472433,0.0019242940561114183,0.0029516758504330026
1499,0.001318330847650521,0.002879653665982865,0.00425264523015398,0.0018073808242265303,0.002916632533524197
1500,0.0012404055776103712,0.0027982550047321573,0.004293869505555029,0.0018627813469845502,0.0028270145811176554
1501,0.0011297183136141436,0.0027746553492452647,0.004210124603827634,0.0018711766392551295,0.002760178441436648
1502,0.001181623142216472,0.003105064841211075,0.004119531137107987,0.002301289169997688,0.002896869478059088
1503,0.001295142755702843,0.003082405412641163,0.0040904290546788504,0.002235245282948996,0.00288497182241767
1504,0.001991076080938051,0.0039046558268801537,0.004038488016583547,0.0029085799823098464,0.0034586124401448965
1505,0.002308114002549056,0.0038685746367370264,0.003997412974610315,0.002888970499838273,0.003516180724563364
1506,0.002434977105490656,0.0037950932791748506,0.004019749578639337,0.0028423879704559288,0.0035012108757813804
1507,0.0024476461896692794,0.003806821676339142,0.004098182233753904,0.0028694516659597286,0.003496522172516736
1508,0.002569333297334259,0.0038450010722934245,0.004068025786750557,0.002935616211342522,0.003554579400964606
1509,0.002540173641429047,0.0038586848927770158,0.004049148239059134,0.0029954563952410275,0.0035511020537369645
1510,0.002644037481268478,0.0039601043698834805,0.004046827482389739,0.0030585198457886036,0.0035966924227586604
1511,0.0025641672691181987,0.00405857905743072,0.004050041893153155,0.0030663837819365344,0.003601043122592721
1512,0.0025315920740890813,0.004338813648048445,0.003999181191132169,0.003226202702727114,0.0036751700583652286
1513,0.0025120625247022654,0.005237952275107337,0.003853271329865875,0.0037317795979672054,0.0039026653737906517
1514,0.0024502443034131755,0.005504537628573335,0.0037711962457200867,0.0038553280006084615,0.003957373743285858
1515,0.0024965926197892474,0.005784843263890996,0.003710165610682616,0.00403756308114135,0.004041358471824268
1516,0.0024679488938594064,0.005025020026407664,0.0038314341484024747,0.003603520697419742,0.0038463091952753137
1517,0.0024613384839181148,0.004999713011210658,0.0038306762340271036,0.0035841713892684067,0.0038475748538455176
1518,0.0025226118604895387,0.004359572784323846,0.003946788108833182,0.0032371365826781642,0.003699882137726579
1519,0.002394522699149899,0.004184681462012297,0.003954881426210672,0.0030957967345558767,0.003612616968653155
1520,0.001779328853277947,0.004043745295828445,0.004000027008652226,0.002941860190193317,0.0033483396151380187
1521,0.0015132295514864104,0.003842436088425999,0.004027047318630548,0.002857196089619265,0.0032228531377403074
1522,0.001404542726830978,0.003358874545109911,0.0040269944154092225,0.0026624897144861045,0.003070719266062045
1523,0.001345022516113592,0.0027349647466913753,0.0039188002717569,0.002172190389555511,0.0027402714630108895
1524,0.0012976393637214691,0.0027321549699752235,0.003981561518532738,0.0022211787155117656,0.0027494889535340035
1525,0.0011697534410988774,0.0024913494304439443,0.0038604261602837074,0.002040239208763609,0.002543698058811666
1526,0.001808569923222929,0.0029284018759172456,0.003901486282026071,0.0024112131686014346,0.0029917354511718687
1527,0.002058835930967069,0.003627264556254409,0.003963762870569961,0.002870126249952234,0.003324286161243755
1528,0.002518057238299783,0.0041199650826046095,0.004051523411370407,0.003289770262753459,0.0036621679398912625
1529,0.002831975997006856,0.004125744587251609,0.00406213623335276,0.0033346605888609827,0.003766152827330137
1530,0.0029179787779119795,0.003985445640970929,0.004041917197719107,0.0033129042803723254,0.003740036103053949
1531,0.0029814498609986692,0.0037828859184456595,0.004019097633712594,0.0031454753543663453,0.0036604149701095472
1532,0.0030029510281134797,0.004181184475885649,0.0040616182005066516,0.0034519514868385486,0.00381703712282239
1533,0.003013844049445456,0.004172424359675274,0.004095026241975651,0.0034528157250133624,0.0038326664424621474
1534,0.00309941441881859,0.004249176117707192,0.004068213650093375,0.0034681290960264424,0.003859587674822865
1535,0.0030442796143607077,0.004385032943775189,0.0040622662905172,0.0035725997947113133,0.0038935721390964376
1536,0.0029756431769847815,0.0046253321746463506,0.004034529969944058,0.003675954490369676,0.003930606242963185
1537,0.0029370907859891005,0.004963101909293442,0.0038869072475016917,0.0038333909406491153,0.004006374234660406
1538,0.0029335320349725986,0.004972891893259332,0.0038072707666776174,0.003843351467321817,0.004027739684741435
1539,0.0029258535159290273,0.005035154799573346,0.003860254712470993,0.003985023071923616,0.004079129999196936
1540,0.00295519970349667,0.005018958744945976,0.0038810051544158498,0.003996368041416936,0.004089153787471114
1541,0.003048467007809876,0.0050327170288739405,0.003840298159246527,0.004019029815987793,0.004092907581867104
1542,0.002956293520539976,0.004604199288223485,0.003874280956955802,0.0036885020938103776,0.003903944727488253
1543,0.002856751256126941,0.004432377422179889,0.003962482181195424,0.003582225792607716,0.0038455567419581017
1544,0.0028177913795006267,0.0042855790403064625,0.0039903593781393165,0.003363329759155134,0.003799640454117841
1545,0.0025383417903599684,0.00415868226892839,0.003973201442536869,0.0032416780196198223,0.003659963417342286
1546,0.0016520048450190045,0.0037737486931270145,0.003946212622625553,0.002963175138183046,0.003198705990679538
1547,0.0015172136840821485,0.003018470217398899,0.003948274133693888,0.0024849615358669827,0.0029042418036325703
1548,0.0016477882208606603,0.003173925638425833,0.004037099110402081,0.0026308745903329545,0.00303149711980233
1549,0.002211378571573352,0.0037975088137957936,0.004023833998829574,0.003169999078275676,0.0034301298041546236
1550,0.002365478915692699,0.004151151842637958,0.0039452239637583235,0.0033491227128214633,0.0035523075381064394
1551,0.0023529343375002926,0.004179906316540967,0.0038801051041142945,0.00337215326375456,0.003548331079769831
1552,0.0025745368283263607,0.0043586754306428055,0.0038924247484932485,0.0035631491925090693,0.00369558922596768
1553,0.0029560166349482647,0.004230055580336237,0.003920355599644004,0.00349317825478502,0.0037635199034458827
1554,0.003068547029655763,0.004113787604043549,0.003931260771894093,0.0034226094557177453,0.0037589883876670426
1555,0.003107333646856544,0.004132939076362765,0.0039649360801885854,0.0034652243225114098,0.003788487797659485
1556,0.003215723427046081,0.00459069439711931,0.003930872948408658,0.003801483424318717,0.003952328057055494
1557,0.0031943569881224478,0.004638320564926234,0.003927212174408956,0.0038661314507552834,0.003961084757557766
1558,0.0029515109519749746,0.004770663654657022,0.0038735060623188455,0.0038925422447429465,0.003947112541231011
1559,0.0029117177874987766,0.004811425632356681,0.003807082423520938,0.003883128046245671,0.003929917641580499
1560,0.002943117651035872,0.004775796047832052,0.0039411117474827785,0.003846008212143784,0.003958251425048672
1561,0.0029242350646378388,0.00496576757780205,0.00393968325554072,0.003944845634363573,0.004047926618211822
1562,0.0031676664658529686,0.004989567888019112,0.003869783163535527,0.004057440664765403,0.004123744802857469
1563,0.003069952765338454,0.005049474529104301,0.0038374915484978163,0.004092125760904237,0.004128877288111148
1564,0.002965792875790708,0.0050972776938533245,0.003857554266220738,0.004083681672933951,0.004131583835737821
1565,0.0029781844782898314,0.005087379220677092,0.003832585314677727,0.004097429650364481,0.004116653109437718
1566,0.003028264792576613,0.004679938067890333,0.0038402706315457,0.00376896486100442,0.003976132546366134
1567,0.0029882694988865965,0.004556566987872008,0.0038950259814685114,0.003668921755847055,0.003915190985340554
1568,0.002775854790355616,0.00412130296652554,0.003934914119095873,0.0031874738568970318,0.0036865671217429547
1569,0.0020061975483219936,0.003376038137765689,0.0038755240197449544,0.0025994673611611026,0.0031172986530980974
1570,0.0017190120465338677,0.0030329853344848168,0.003692694473775371,0.002446918791754716,0.0028409511347077714
1571,0.002201840356688063,0.0029087929423077226,0.0037935146083578606,0.002399937049620061,0.002994869377804704
1572,0.0024386918122777336,0.0029682788970681485,0.0038913467134700725,0.0024962536862602287,0.0031240455771111993
1573,0.0024287137937963866,0.0030418197253033043,0.003970325740656867,0.0025419519645353303,0.00317350022265711
1574,0.002081553593051112,0.0031931476918800536,0.0037298203677019947,0.0025774499007211638,0.003068256931901701
1575,0.00247245785445942,0.0034554089453660715,0.0037342254240166147,0.002960991677629998,0.0032908209419808205
1576,0.0028436634282343358,0.0040477394643753765,0.0040198822062583175,0.0035095979164490865,0.003716021787520422
1577,0.002996935732180981,0.004161382755518186,0.004511676651566833,0.003592658763271076,0.003980412941511515
1578,0.0031652331796221097,0.0040203735601192165,0.004719311023930795,0.0034238698071178087,0.0040376674371035
1579,0.003226201244010095,0.00403738790995704,0.00420697322033076,0.003473270924877937,0.00387943997032189
1580,0.0032579307314970166,0.004417711777492836,0.004087512884231329,0.003778927581752013,0.003971494248353366
1581,0.003250339476712835,0.004680736397485478,0.004104410375723517,0.003933190978753618,0.0040592821939603
1582,0.0032072442369262565,0.005069158516175089,0.004128298086282955,0.004168920894974089,0.004175580915564077
1583,0.0029921202942542074,0.005350699314335353,0.004077824503061051,0.004302546140745705,0.0041778701278702085
1584,0.0028915180313752883,0.005437537163795057,0.004087110307267601,0.0042808438935522716,0.004193975103205615
1585,0.002848804691761621,0.005780121039487559,0.003976157661967336,0.004617609600883822,0.004307154877480232
1586,0.0028495304193238958,0.006023233887866639,0.0038261402850202943,0.004778953147308478,0.004383187723118713
1587,0.0028369842789758445,0.006306405395205163,0.0036474779819250934,0.004966110867888107,0.004458855162881448
1588,0.0028298493931470975,0.006478992510817807,0.003582930482359337,0.005112321248645336,0.004481991636807144
1589,0.0028642595467838253,0.0064618725903914515,0.0035327748377556884,0.005095888144752077,0.004453833277468767
1590,0.0028544011156452108,0.0059110844989154546,0.003652814571225081,0.00469178519251518,0.004301214067150682
1591,0.002486655075226008,0.0053111722268271875,0.0037831295063118623,0.004246495458027044,0.0040303665223922
1592,0.0018225655595887446,0.004319155505746026,0.003987186701312738,0.0035368751431828047,0.0034900875927278206
1593,0.0014825709507398479,0.003627854392482304,0.00396381443778395,0.0030732342666763353,0.0030906409197617134
1594,0.0013580412674834448,0.003233383929075027,0.003868567914092591,0.0027105515597957413,0.0028456099622060794
1595,0.001539899553036577,0.0032997714189439567,0.004013941035440798,0.002835974889581581,0.002977596448955949
1596,0.0018468844894232836,0.0038104922153474104,0.004164512932238326,0.003165539193601382,0.003386766789847105
1597,0.001923119559405893,0.004759308601266605,0.004086457570380284,0.0037097679960832854,0.0036488685545161457
1598,0.0021444310003638258,0.004724120728246788,0.004024559714790914,0.0037122489735993895,0.003715560135201167
1599,0.002564696569583741,0.00573639564506067,0.003964919963359796,0.004300386187005867,0.0041488362560817785
1600,0.0028423136033274214,0.00624948658799497,0.004029748963922276,0.004738323824940179,0.004427622591908923
1601,0.002956293457495952,0.006605006774442385,0.0038634799521546797,0.0050364478161284585,0.004562309187538806
1602,0.0031726862410349703,0.006438590734413061,0.0038408433199251307,0.004981376975147303,0.004553532510721419
1603,0.003172502409831442,0.006492348325169144,0.0038499901390238837,0.005039857971913562,0.004580222831584612
1604,0.0031768571151514374,0.006452986643539342,0.0038953213194684332,0.005074652421290155,0.004565323493031239
1605,0.0031747190609622573,0.006328626275571748,0.003862667153578825,0.004911717825974904,0.004490871920764302
1606,0.003177543497486914,0.006799745994615321,0.0039061018599984695,0.005180487048933057,0.004635585615317782
1607,0.0031642378653850144,0.007900815939729269,0.003612590090423724,0.0058354002584295765,0.004922073785219912
1608,0.0031618597058822185,0.008504152010414738,0.0033334287028541016,0.006157107011769887,0.005061353261991407
1609,0.00317427471713394,0.008651598106065068,0.0029475255433138036,0.006188877341589892,0.005115803478663166
1610,0.0031394579607749444,0.008534185238358439,0.0026364136391696185,0.006101051309565238,0.00510381243976045
1611,0.0031467666222703226,0.008398726294001957,0.0024175772115880884,0.006022033736924203,0.005121756569045114
1612,0.003104481214882061,0.00844436136129233,0.0022855691781011613,0.006222985992053058,0.005122539363952479
1613,0.003055206762623122,0.00863984442016231,0.002401474549897737,0.006554528901896389,0.005134037247236045
1614,0.003082286919817438,0.008704639372020576,0.0025507848810199358,0.006569562185174479,0.005114525432456307
1615,0.0029639457387818655,0.008522408406391591,0.0029766977013632747,0.006395600488103769,0.0050306686486876325
1616,0.002666124204653658,0.007690452223410857,0.0034424156316510096,0.005797967619653834,0.004775786167210041
1617,0.002431978860205537,0.006508960318049844,0.003909416519647197,0.0049330954032122815,0.004440190926093329
1618,0.0021686855376116,0.005731455425735154,0.003962465711887587,0.00431114009053015,0.004143200672712558
1619,0.0017706038595327676,0.00526891294504319,0.004020985876887405,0.003938750237914229,0.0038676465708974107
1620,0.0017162163169284997,0.005329349670461596,0.0039151385479009445,0.004052167109648846,0.003921640330091729
1621,0.001792285826098528,0.005727419179575806,0.003928215672967783,0.0042829370439507125,0.004073765546427998
1622,0.002066043870348232,0.005761260957355782,0.0038884437996179896,0.004326763993398217,0.0041506190333814134
1623,0.0023954524909499592,0.006789222758179948,0.003721938216226391,0.005036308201950109,0.004506808681618335
1624,0.002755163707746942,0.006940367414320517,0.0039129818403199745,0.005220878527391427,0.004638398574216905
1625,0.0029659945653632068,0.007196936041846063,0.0040742285688352455,0.005401048003525475,0.004777024650134245
1626,0.0029908072452713512,0.006816788217310773,0.004064785114352822,0.005158936688092754,0.004657658219325164
1627,0.0030610288889489088,0.00612082310953642,0.003723252881482803,0.004803080910898297,0.00437650226769455
1628,0.0030706806677543194,0.006071877921207321,0.0036355979679713974,0.004766206038459883,0.004303691788632568
1629,0.0030677533111057773,0.005933276313084746,0.003677764150381828,0.004694817069963606,0.004267622778168042
1630,0.002961219997779622,0.005965736290667362,0.0035334430577704055,0.00466299980424822,0.004186645919951395
1631,0.0029427868012692634,0.0057160466834863515,0.0036015165338681215,0.004515741138809958,0.004112461812151347
1632,0.002885638384999644,0.006067990390766824,0.003581359354543545,0.004713313624897515,0.004221252604163404
1633,0.0029037124109127796,0.006397689559746673,0.003380930578129662,0.00488956711149065,0.004316881197585772
1634,0.002859331144566737,0.0064438791759419255,0.0032354526371833467,0.004902331124756942,0.004332169576675234
1635,0.002850480697616708,0.006313496322381386,0.003168007687892175,0.004807709218326346,0.004318972668236926
1636,0.002873641601969087,0.006108315052429246,0.0031499732657527062,0.004715830479090801,0.004246951531158918
1637,0.0028959160753326734,0.006076749457859075,0.003121560409892845,0.00470798063122832,0.004226042042325027
1638,0.003025468160262162,0.005620665987849326,0.0032209108476277774,0.0044069005747550466,0.004132588966795774
1639,0.0030718762449332996,0.005411227204382616,0.0033983831654730476,0.004222920501047836,0.004084686258322075
1640,0.0028405110041673605,0.004874624494282042,0.0036438686916562594,0.0038380284380892917,0.003862315224946875
1641,0.0024564263803614323,0.004493691138150348,0.0037582667117457727,0.0034651143952994607,0.003638146546355973
1642,0.0016269988046827568,0.004012809109592653,0.003755307770261592,0.003104089124222958,0.003182486855315513
1643,0.0012398744040746845,0.0033129250408316883,0.0037505432856011233,0.0025999511324508997,0.0027755568627243123
1644,0.0011813018356432278,0.0031626138880201213,0.003758574851631194,0.00255172506072059,0.0026928975491572727
1645,0.0012485139521949621,0.0034611718128358996,0.0037760098368772614,0.0028583078982121397,0.0028152368038549826
1646,0.001326079642375908,0.003733215828854531,0.003702118755032183,0.003076084065673838,0.002913511074808976
1647,0.0015361722799472238,0.004495322614589868,0.0036176811836402317,0.003540513366338502,0.0032112769037101864
1648,0.0021100411240318343,0.0050689981672201795,0.00361413065473153,0.003870313855544232,0.003615399918239157
1649,0.0028448344087270167,0.0056679235987853625,0.00353690118391464,0.00430506394191228,0.004039584906443648
1650,0.0031210730382355677,0.005317765873270983,0.003588068585956359,0.004132874608299754,0.004033304952240441
1651,0.0031596206898057604,0.0051372440169893735,0.0036068916777539177,0.004028806606393321,0.003982419381807411
1652,0.0031637071656302534,0.005866542941519175,0.0035509178354998657,0.00445104568183136,0.004146792512261499
1653,0.0031511919787020016,0.00602120997364726,0.0035521144888420652,0.004546021301802386,0.00418180233935499
1654,0.003116030524305797,0.0062422719592493195,0.0036011692153078037,0.004658307233398364,0.004234307823720563
1655,0.0030154780782730684,0.006275070011057022,0.0035579238961291173,0.004663785143938471,0.004182180180421061
1656,0.0029731016187244,0.006493062098757931,0.0034279708375606617,0.004750923774817266,0.004213900479422904
1657,0.0028907128204271573,0.006822755462977921,0.003264457762600393,0.004922516642004266,0.004300806535659153
1658,0.0027878273848528823,0.007006973144878878,0.0030325298447917556,0.005020076859338528,0.004331549080588791
1659,0.0027968659487195824,0.006820443794170561,0.0028989410313227473,0.004883416370534709,0.004295241505617215
1660,0.0027812296691504474,0.0067925353205865475,0.0029024533676618343,0.004919920083511651,0.004290601739616882
1661,0.0027943585496827046,0.006765650650025596,0.0029014496950289428,0.004899910272149198,0.004289086659052617
1662,0.0028720236546189277,0.006087052067190845,0.00319119482769443,0.004516477903516261,0.004175637538651186
1663,0.002850929432080039,0.0056132757182809,0.003467801357778905,0.004213190771930046,0.004064658932739355
1664,0.002770548464891179,0.004522281370126576,0.0037603613145935446,0.0034513879022808054,0.003750626692931383
1665,0.0024307835039936816,0.00371725481444003,0.0038200656542978417,0.0029047338661430167,0.0033769598983183374
1666,0.002107319701618782,0.0035258172413944323,0.0038171560348451475,0.002778977838922455,0.0031810002690959346
1667,0.0015494461694997592,0.003645600101954392,0.0037909261746517267,0.0028031889900584574,0.0030147094153317676
1668,0.0013098332235638782,0.0032820622631460406,0.0037356853042728837,0.002533866933097355,0.0027969380585828813
1669,0.0014267678141304326,0.0035015997518173265,0.003816898023729252,0.0027192032639154124,0.0029223709985577414
1670,0.001746760810333253,0.004145876667471171,0.003871525775903834,0.003315095273605475,0.0032779488960932865
1671,0.0021237335313655475,0.005097263858014907,0.0038793112326293657,0.00401559440788729,0.0037003860814369266
1672,0.002762204862193598,0.005447340530437406,0.003799481091068937,0.004356504938979006,0.0040414530768877665
1673,0.0029781928672140624,0.005592277544592635,0.0038013776409939505,0.004365456125320529,0.00416406140646626
1674,0.003056463306607875,0.00555918904072462,0.0037609977428273386,0.004321134135795605,0.004155451715834754
1675,0.0030328629703128907,0.005520323272831965,0.0037451109409091183,0.004292609440997793,0.004124674125765807
1676,0.0030721496074230686,0.005644100376616304,0.003853602888517402,0.004376820234138603,0.0041705969174351265
1677,0.003071338635965698,0.005550961114263743,0.003963799903619058,0.004323854380679424,0.00417837276597856
1678,0.00300174189591685,0.005909369549289968,0.004100136709333978,0.004555622197383384,0.004310416070763691
1679,0.002954951643780788,0.00638470526970924,0.004110907858841527,0.0048267964431582345,0.004440753716848775
1680,0.0028980274382237594,0.00663597096296474,0.004149843706874027,0.005076999250172494,0.004530520581398893
1681,0.0028720747332891547,0.006746777696481608,0.00410364168307505,0.005132977664320788,0.004568549354223477
1682,0.002828553651525445,0.006534139320505615,0.0039471930158675875,0.004951952221095473,0.004421508850856928
1683,0.002755330665273501,0.006329505687826577,0.003891449784513505,0.004776203875594398,0.004310678913869917
1684,0.0027325387158494427,0.006137582172141546,0.003872669537915379,0.004631303928449896,0.004226123637849532
1685,0.0027340645948559024,0.005916025694098469,0.003918645157695721,0.004510690327289826,0.00420439338766699
1686,0.002782850701198989,0.005269939974990567,0.003980418126989637,0.004142277170239023,0.004083397016850605
1687,0.0026942356120166337,0.005000005116293658,0.00404133852102897,0.003940159503657767,0.003995938867600473
1688,0.002453908657059067,0.004504681780785415,0.0040149007506128315,0.0035531334167707464,0.003765123708442943
1689,0.0021623794395908935,0.0035699149702939532,0.004027724274611448,0.002855788334143311,0.0033447982273987517
1690,0.0019634503163129483,0.0030440786454209645,0.003759717568463789,0.002517908627598735,0.003016634707226034
1691,0.0015988332362937164,0.002946270753778633,0.003709345030018836,0.0023652605202930674,0.0028411710972461013
1692,0.0014295033363584395,0.0033119493922611617,0.0037145107707998518,0.002629710197661625,0.0028879852109570314
1693,0.0019014847439066723,0.003562967392293129,0.0037332641297072203,0.002916757147625261,0.0032197706101953234
1694,0.0019083973284333216,0.0036715462019088142,0.0037104314344437424,0.0030082052337387388,0.003234083180870088
1695,0.0019522807322389529,0.003910510701068546,0.0036969761906752428,0.003106759006711223,0.003301908919952708
1696,0.002335854282861095,0.004298792688019739,0.0037055720586067578,0.0033921919629406093,0.0035185007623243017
1697,0.00299325122927991,0.004043581738019257,0.00374549311564469,0.0032862504438708824,0.0036219850580328397
1698,0.003058543181800184,0.004162066175223961,0.0037812693736706308,0.003395098669457677,0.003694520474449385
1699,0.0030561822536136823,0.004459092612846992,0.0038759397145438786,0.0036049958849126407,0.0038220980091343447
1700,0.0029908820523816917,0.005348906265919362,0.0038942973975028576,0.0042020999992957485,0.004064340179571381
1701,0.002943441920215847,0.005733306761325274,0.003810069420683881,0.004425050096030675,0.004139745715036587
1702,0.002960478261316516,0.0062007129850549115,0.0037930552865619,0.004687922250626387,0.004249150953806619
1703,0.002865372533394622,0.0067232042649432375,0.003638924385851467,0.00488264348130626,0.004332647220446969
1704,0.002879612016756934,0.006782223863112656,0.0033690434436617163,0.004867351156458397,0.004321394235001087
1705,0.002829641754591335,0.006777902667632438,0.0030723430104919684,0.0048240519091463435,0.0042760716025802585
1706,0.0029384950044424236,0.006753275224738287,0.002681450391713621,0.004850081042462945,0.004291624801210479
1707,0.0030541850413376864,0.006643237499954349,0.0024411289631419944,0.004810104954705962,0.004317589472715223
1708,0.002926600917523136,0.006568346215490734,0.0024519213204853515,0.0047087915838309536,0.0042395275768252645
1709,0.002758224993867572,0.006796838538190905,0.0024802022094520906,0.004867952328548747,0.00419835291057031
1710,0.0027556266113208955,0.006716964077689061,0.0026467742202188147,0.0048202130941314755,0.004139152627555686
1711,0.002279254514425353,0.005908601126364197,0.003098796654527064,0.004336671044592251,0.00380708737933939
1712,0.0016869282704666442,0.004524889279943664,0.0034758981084576555,0.0035129414526560206,0.003209992918751944
1713,0.0013761892924190747,0.003925526339065328,0.0035453714738270855,0.002997113571798841,0.002890871042840459
1714,0.001284500625696647,0.0035336946443160753,0.003684496460047437,0.0027402901008428426,0.0027793420491243107
1715,0.0011792410241174885,0.0030837790969368713,0.0037809729000873498,0.00244616406185052,0.002629243813453344
1716,0.0011388765210257968,0.0028577590952058897,0.003650622768531327,0.0023020186030411906,0.0025135079639116683
1717,0.0012083166279052517,0.0029037769852780517,0.0036522563918994634,0.0023597516275736274,0.0025572519701590798
1718,0.0012732174588732928,0.003037513349452133,0.0035066672834485457,0.00250024482362006,0.0026066494535101708
1719,0.0014988103764622038,0.0033767865733604807,0.00350424200654629,0.0027028730636744105,0.002810151494270259
1720,0.0019122935048049802,0.003993752142604334,0.0036673449997514317,0.003177615080950278,0.0032335104034335624
1721,0.00269321742722411,0.004882538996639829,0.0035964397620097785,0.003714814092140204,0.0037499978050153514
1722,0.0030207489332235663,0.0052460916959166624,0.0035630051760063967,0.0039042950201945196,0.003945543000499116
1723,0.003065992073056921,0.005817266118047989,0.003521620195943084,0.0042362955400862806,0.004122679187349683
1724,0.003072711760942144,0.0063643636310249906,0.0035247463713444695,0.004558471916544213,0.004275805036176225
1725,0.003068533777040597,0.006870191760046419,0.0035029155979665566,0.004821444306208451,0.00442139805762459
1726,0.003048485325369319,0.007223394206535401,0.0035953787324862602,0.005041912665002927,0.004547497033252514
1727,0.0029406033111769626,0.008028932661132368,0.003302417313350175,0.0054306645493057285,0.0046593419289680344
1728,0.0030210134915553675,0.008011710059523856,0.0031669818426283583,0.005446240306930912,0.004691936985355286
1729,0.0030296351725119103,0.008278843048666787,0.0029652304458765307,0.0055698133343997005,0.004851218706790353
1730,0.0030539553231011024,0.008538812755255734,0.0024090498280868186,0.005774778852192625,0.004998056320664283
1731,0.002870908037934892,0.0085690710634498,0.00238525100477148,0.005786754462021724,0.0049949023908962935
1732,0.0028170728131717017,0.00845965304735567,0.002523202693720602,0.005763717454765607,0.004952893909534203
1733,0.0028085291568048145,0.008513955132458019,0.002377750790389509,0.005750416989495717,0.004868333933916021
1734,0.0029234331604205926,0.008600392764260171,0.0024156447673561424,0.00597990055485636,0.004821784756233564
1735,0.0024607068764776452,0.007972500818297751,0.0028535764170012318,0.005650923383288926,0.0045533261309141735
1736,0.001889299657516482,0.006050672024717292,0.003467990121806069,0.0044401266955973765,0.003888496521731147
1737,0.001537922815114745,0.004692238052607173,0.0037705834873035327,0.0034806080188865755,0.0033492567764251777
1738,0.0013339729853567,0.0036106360649763897,0.0037477249688894787,0.00268945839232,0.0028755656780604755
1739,0.0012748276529901726,0.003503540791555525,0.003848564374562866,0.002643401347776919,0.0028376611053061444
1740,0.0012774172837357579,0.003385044698670919,0.0038684116984391446,0.0025686018181368423,0.0028366013484279347
1741,0.0012810752911088356,0.003367375324115886,0.003826055651175879,0.002691292268841864,0.002816632327686308
1742,0.0013877274587979942,0.0037258191368524027,0.003691054455343287,0.0030251236227608396,0.0029262944994477525
1743,0.0017862271389666774,0.004893821423227382,0.0036462280500540556,0.003868387378019498,0.003456554883702743
1744,0.0023980982428517183,0.005849103228076928,0.003513174407506526,0.004511889346921462,0.003939738928037072
1745,0.0029737082174216755,0.006153958617334305,0.0035168872008327396,0.004588368653302946,0.0042489385135573345
1746,0.0030995405440096247,0.006479664920711909,0.0034700865119192677,0.004624570103270398,0.004407317013680333
1747,0.003091226658108263,0.0070233513834966595,0.0033844150275833176,0.004941953261607778,0.004579455324181457
1748,0.0030351038230568067,0.007426082574517024,0.0032802528573816644,0.005172006331489593,0.004653910294981949
1749,0.002944393516288782,0.007526433356019168,0.003208304816236362,0.005242803345717987,0.004658683865540934
1750,0.002868993568801781,0.008105257470592979,0.0030427120947304417,0.0058425237536189455,0.004809382943401189
1751,0.0027234224946650464,0.008461044936571063,0.0027604935992507633,0.006073673244497761,0.004816822474055182
1752,0.002779691387225554,0.008506324482146582,0.0024013353114182372,0.006086692012228236,0.004943529886677916
1753,0.0028766169429556235,0.008301872138915275,0.002116658031200617,0.006038008252195204,0.005028486540437719
1754,0.002763068585726427,0.008218282932162386,0.0019194058362061355,0.005937772346951418,0.005020602689071994
1755,0.002967924600614988,0.007986481686659275,0.0021195097680268395,0.005827206084929328,0.005040401663870236
1756,0.002964846456262265,0.008019501445985245,0.002835252095244628,0.00580041856187023,0.005008858781881794
1757,0.0029808829093740394,0.008010857646754974,0.002780006418003867,0.005728433954870098,0.004867940402982357
1758,0.0028963677446937662,0.008215385320152813,0.0022352901334714388,0.005859897304110928,0.004763945713016189
1759,0.0027709091538852654,0.008439270142029552,0.002239987848661493,0.005805863218090939,0.004750963715446069
1760,0.0028978044164553003,0.007326230212504189,0.0031112869514650175,0.005230271686991913,0.004601525194488809
1761,0.002680767016750172,0.006752812152450649,0.003346176002306548,0.004926494401174879,0.004461138421235706
1762,0.002535565423742353,0.006826185903295387,0.003402331962900819,0.004987073943329908,0.004444240683712297
1763,0.0025180113307909403,0.007053246538471824,0.00352137253859704,0.005050810371688179,0.004548880907328361
1764,0.0025402273406490497,0.0074013417077697765,0.0031577032875662343,0.005330452796232274,0.004679027465098508
1765,0.002440692935413489,0.007196678151209689,0.0033245083653579153,0.005088641099991257,0.0045297630972863726
1766,0.0025105986485524194,0.007237604628922146,0.0033166189796165887,0.004822560292036785,0.004518785338304691
1767,0.0027194444764721336,0.0069276715994775594,0.003266225385489388,0.004763526991738291,0.004502466880542783
1768,0.0028623447711318382,0.0065940354929299155,0.0035323189482455684,0.004475856908539112,0.004500441041295476
1769,0.0029648745724304825,0.006561008483936019,0.003700039311896221,0.004761861773198522,0.0045543739474673784
1770,0.003042112528368228,0.00648060793481761,0.003460016637486024,0.004851036040723268,0.004458044950293694
1771,0.002996913192687562,0.00657580380544305,0.0034821951560160347,0.004909808472534975,0.0044734340825616226
1772,0.003020542267585151,0.007444815493646154,0.0034326745064083846,0.005399594247613886,0.004642390597136961
1773,0.003041400733971415,0.007455565524989975,0.0030943726489520225,0.005476854659621611,0.004540055959178207
1774,0.003061997290640343,0.007373548474126865,0.0031705650277536242,0.0054084542726440185,0.004459732026066967
1775,0.0028260104483046724,0.00782977258669337,0.003059457577055255,0.005397402715155124,0.004407159613261665
1776,0.0028045766223221843,0.007737849552143574,0.0028852412443763293,0.005318623176713347,0.004472241870736411
1777,0.0028237589590490793,0.007417614798929702,0.0027863957050768984,0.005182609750340571,0.00448164484726055
1778,0.002830098011867087,0.0072663676561294825,0.0027157328149610346,0.004970365961022548,0.004463670333326967
1779,0.0028324827555981902,0.007297279755441799,0.0024919314657605635,0.0049081932329590365,0.0044052530340250255
1780,0.0027901493820652627,0.007135576353772511,0.003013109377052543,0.004533852165249712,0.0043304401334114066
1781,0.0027484406263988815,0.007141137914796777,0.0030507663856230416,0.00426421866462512,0.004217055187503108
1782,0.0028071389069968637,0.006049359714140674,0.003037355065373306,0.0037068961704157374,0.0038992003194885075
1783,0.002742186338344802,0.0058998781687248855,0.002949732961474003,0.0037224918728640355,0.0038398911658820366
1784,0.0028560781012873606,0.005551724926066949,0.0030669434833700006,0.003366222972884265,0.0038122118134206306
1785,0.0027519180853341624,0.005307715011575583,0.0031955081532304475,0.0032243801535552273,0.003729336740919724
1786,0.0026766280674995753,0.005343887446796118,0.0032071366451204876,0.003460836478850012,0.0037135338174294564
1787,0.002730346858358776,0.005520501544903673,0.003337569941640661,0.0035158178448408983,0.003833445945345153
1788,0.0023620517954952877,0.005631215799813113,0.00336605755024949,0.0036894185215908494,0.003811250451055947
1789,0.0024991089974455384,0.005469154889986821,0.0032939838475217133,0.003934273455426032,0.0037616846383920943
1790,0.0023505193660706422,0.005297396439770109,0.00313164067295059,0.0038902363024544756,0.003613286930750023
1791,0.002549415732408128,0.004944349136096084,0.0030255669726692606,0.0036994465560669008,0.003538463994957496
1792,0.002680995006556364,0.004943135353758356,0.0029427806204513967,0.0032555445879072476,0.003535485799312247
1793,0.0027943013249941,0.004945113742088509,0.0028640796572267473,0.0032403052649333784,0.003536056365033065
1794,0.0028936406826955995,0.004724649153982069,0.002899742260362731,0.0031666574327390683,0.003508484320340453
1795,0.002914547511000211,0.004432962689819302,0.002905939343960487,0.00307380759820487,0.003432229922068422
1796,0.003053742352893343,0.004614961227368241,0.002898600142148147,0.003273516741712619,0.0035148344070661903
1797,0.003058285306308679,0.004705117691601502,0.0029168800619704355,0.003344947936712162,0.003539404369203105
1798,0.0030282172354316687,0.004989779447024569,0.0029271783044197003,0.003509182224170338,0.003600454704816529
1799,0.0027601007551873017,0.0052840385101665666,0.0027799648848667925,0.0036023390043676802,0.003577993361505258
1800,0.0028014596718406886,0.005266091348579332,0.0027369205970125803,0.003568480729121707,0.0036362367719184885
1801,0.0028336732074476503,0.005101103718223982,0.002769776580324527,0.003539647829204284,0.003649199181493359
1802,0.002998348522968365,0.005263391505218498,0.0025853090809739286,0.0037375918225267396,0.003753025227593045
1803,0.0029708206794877025,0.0055222342279575365,0.002413190317785849,0.003899253786049523,0.003828886911163089
1804,0.0029241563640998486,0.006087222583049381,0.00225611114217926,0.004176397737377092,0.003952071728705976
1805,0.002793789370186223,0.006373425802316348,0.0024020296342661743,0.004297809497845093,0.003968250646481588
1806,0.0029752338814098165,0.006482850386368991,0.0023666344123435385,0.004394955872562846,0.004009381974860219
1807,0.00278513630257694,0.00682902400612422,0.002537024046348356,0.0046589647277186464,0.00408462362998953
1808,0.0025575510729270085,0.006452846851143926,0.0027561558738301343,0.004444166111415919,0.003966975494260021
1809,0.002266244931798041,0.005609797410817059,0.0030236857614250605,0.003878279798945458,0.003670324312439167
1810,0.002118438510980611,0.004695184982139231,0.003030305415114711,0.0031623981522637696,0.003344821698960914
1811,0.0018717063354143878,0.004084850955850794,0.003080316851033989,0.0026593841816152535,0.0030772105150818846
1812,0.0016086891887175318,0.0039014711246569737,0.0030168203082824646,0.00252291555342933,0.002897295715100256
1813,0.0015403333953719807,0.003968622984408181,0.002969751577130944,0.002538603854012047,0.0028660311347271277
1814,0.00163210775925955,0.00415624695489304,0.0028438385075650226,0.002723960874902299,0.002921876934968711
1815,0.001871279628882538,0.004921599586274748,0.0027985868019196176,0.003374767775068105,0.003201798567276427
1816,0.002201980990333759,0.005590928860417163,0.002771098826202262,0.0038270021108683877,0.003506977314827386
1817,0.0025954397652266635,0.0058182708322207745,0.0028111357624736742,0.0040771461966848605,0.003716934583742771
1818,0.002796303295537046,0.005718483817754849,0.002862686770364001,0.004254078955016234,0.00380108688224777
1819,0.0028058487989476074,0.006001777151219328,0.0028229640301211567,0.004424428883577901,0.003885854321608272
1820,0.003000939051312985,0.006196366135731834,0.002772510398978941,0.004512566448208373,0.003941494838937239
1821,0.003066113761557276,0.005764642404292034,0.0027509308065981437,0.004274643647763596,0.0038451519472735714
1822,0.0030268112354085394,0.00559157038961889,0.0028669002324031813,0.004165260819681889,0.003789159645098093
1823,0.002884078693638736,0.006018894860165378,0.0027533648616901007,0.004341517554812632,0.003825173649159069
1824,0.0028922835890855033,0.006275696976122489,0.0026170996330725504,0.004426432406822755,0.003913425938834746
1825,0.0028248890709755073,0.0065756137891292855,0.0025180844114924225,0.004724673462926233,0.003995703132790298
1826,0.003000677740852975,0.006371767698186521,0.0021499000333498725,0.004608876439550581,0.004024919319601671
1827,0.003016396142861043,0.006382392285860808,0.0018300278585204807,0.004479755947412264,0.004036668073887455
1828,0.002862354558533645,0.006518804885167442,0.0017853350488873433,0.004595339003683548,0.004019190628013055
1829,0.002988391307359742,0.006383397231123489,0.002296527674623044,0.004496841118898581,0.0041112933097814395
1830,0.0030625407620362833,0.006566451179362975,0.0022378527593089085,0.004252634315674416,0.004193827623482344
1831,0.0029287698273253618,0.006647868059760056,0.0022179696135167814,0.004111056815630432,0.004170892885569156
1832,0.002384136696059746,0.0066228420502656956,0.002364993615979839,0.003960571627029614,0.003972393777255581
1833,0.0016814622846650902,0.005443480447811467,0.002915962578971604,0.003065050966094204,0.0034139120828784943
1834,0.0012395645612835126,0.004400132324948925,0.0030605585369453975,0.0026789614561172855,0.0029237734932548052
1835,0.0016378374009947214,0.0041855583779914435,0.0030805112370127386,0.00298221975078274,0.0031308436573452654
1836,0.0014069898356032246,0.003944954860677592,0.003051674507841498,0.002899692406054195,0.0029372548031074133
1837,0.001256620345332878,0.003908750344719328,0.003035267870364087,0.002947147124105815,0.0027929290063848345
1838,0.0013256537678216287,0.0042982217265078995,0.0028942074424664283,0.0033450833773568515,0.0029000583687042694
1839,0.0015233803113993206,0.004758408908514355,0.002877983774966996,0.003703848362405635,0.0031143436490960897
1840,0.0019319888360312045,0.005509341148903184,0.0027539975911678293,0.004007752538949871,0.0034656431877560703
1841,0.0026783038760245692,0.005885877811657487,0.0025516817039365368,0.0043828229377155725,0.0038630441880364735
1842,0.0032010108652511995,0.0054341743030690585,0.0027454167154909287,0.004232271640194688,0.0039285022437090785
1843,0.003204845556102152,0.0054601356488637506,0.003142266834163685,0.004151731640927571,0.004044311874902445
1844,0.0032070648976672937,0.005591688800146103,0.0033987404685838474,0.004229752583618693,0.0041651989388828
1845,0.003205753924739832,0.005687348815059585,0.00336164476047353,0.004305685316866456,0.004183730764312792
1846,0.0032038588782103768,0.005613311854632476,0.0034865128275676856,0.004138831876049492,0.004162882293304936
1847,0.0032031221571117755,0.005374094387670897,0.0034672168877704053,0.0039008780095879598,0.004066194151442858
1848,0.0031991366688360386,0.005440530486172897,0.0033938683611155268,0.003865802615074437,0.004072755353120432
1849,0.003138573827740215,0.006266000410709134,0.003038914056535946,0.004321955517319335,0.004270373186931805
1850,0.0030846793828664537,0.006570013385647293,0.0027038090275149757,0.0044836883058716704,0.004293567827570318
1851,0.003075264946428038,0.006659227583096612,0.0024063335294074143,0.004526753990573332,0.004301171317117169
1852,0.003028722770562215,0.006872205390040447,0.002265833002596118,0.004634279944176861,0.004329791771367323
1853,0.002979216461449655,0.006758343969260331,0.0022780210770578166,0.004601924460982606,0.0042965878121772345
1854,0.002916937652136927,0.006323721190265187,0.002597341073516405,0.004412839546499044,0.00418161656571265
1855,0.002806783060615919,0.0059785476627147345,0.002934097120211364,0.00416887450545307,0.00406249739291756
1856,0.002551440175244601,0.0053316266054382255,0.0034156605473632455,0.003626282974713906,0.0038422284007815924
1857,0.002244645079047649,0.004534761134245243,0.003679538669379624,0.0030817811852157932,0.003575529408381653
1858,0.0018004526096338275,0.0038493179934667907,0.003654894202919563,0.00266827855958742,0.003159419509887064
1859,0.0011949565559218767,0.0028938998845942005,0.0034407705452115514,0.0021258800827113154,0.0024816265423613297
1860,0.00109813246366451,0.002590367384187034,0.0032884365500443387,0.00207220280893758,0.0023373183062921398
1861,0.0010649806296410943,0.002614161958169777,0.0032510707954940174,0.0020812403686470992,0.002327189183195264
1862,0.0011976553773278874,0.0028129651429824186,0.003390374566994689,0.002229156801919985,0.0024849461732228888
1863,0.0013859364041882102,0.0032386839579438193,0.003515628315496417,0.0025143118577435264,0.002716172926459304
1864,0.001960811223671019,0.0038486648371027434,0.003589988107098278,0.0029046748255693346,0.0031496628725254474
1865,0.0026389346744997507,0.004752369847389225,0.0035269292612645454,0.0035719742921387567,0.0036569144795352794
1866,0.003054232695632875,0.004808550031844915,0.003493206735128937,0.003659757503541599,0.0037813667396955856
1867,0.0030359150931846815,0.004205713516630186,0.003605200674166519,0.003298049435172107,0.003615156625517603
1868,0.0030496332972341678,0.004283666773660615,0.003604197195539149,0.003355738502590146,0.0036295906054302214
1869,0.003008296263560257,0.004342022838027464,0.0036394602191308027,0.003152533668048396,0.0036347790327931648
1870,0.002970659928613056,0.004559128471241337,0.0036778891402460827,0.0030777013607192647,0.003697278740347338
1871,0.002933171473454971,0.004822870323910546,0.0036753511506395363,0.003174357159147491,0.0037553043354373967
1872,0.0029101252136228732,0.0050999406981924724,0.003569029856896702,0.003283284877065507,0.0038116232879985223
1873,0.0028958930183974243,0.005336516808639815,0.0034294126433972254,0.0037096560322249944,0.003853376263859142
1874,0.00289553133229763,0.00565566176635544,0.003254069259788031,0.0041366458010340165,0.003936745276440242
1875,0.0029142841578272847,0.005524197976931316,0.0032054490146933134,0.004084082170092671,0.003928969958291603
1876,0.0029339162443311954,0.005664675453820465,0.003115235462587835,0.004143166342064177,0.003942261046217014
1877,0.0029204029167924045,0.005731828020491928,0.0029668977213850476,0.0041746337665375275,0.003905307692029668
1878,0.002973557745763866,0.005358234594572849,0.003473607627915937,0.0038266462337417273,0.0037310133529834095
1879,0.0026140868438821754,0.005282279430079981,0.003536698897277407,0.0037588181702824736,0.0036330243594368456
1880,0.0019235019837938185,0.004651986555775286,0.0034523160330174763,0.0033386371193263155,0.0032365454186518627
1881,0.0014360771507870183,0.003445130776733702,0.0032226523278537796,0.0025244851256409984,0.002693586030074506
1882,0.0013214487752807717,0.0028930771076920766,0.0031135316129947393,0.002100246438076119,0.002446920512219643
1883,0.0014048382902132465,0.0027499297130635252,0.0032037893798424577,0.002046301924048951,0.00247557805722726
1884,0.0012110818119329843,0.0026675309970789463,0.003127955250818288,0.0020314138475882983,0.002324324363029185
1885,0.0012639153676906587,0.0028315480228887566,0.0031839016816204713,0.002201252734653734,0.002422412057900727
1886,0.0013451199082488772,0.0031374619182491796,0.0030764398005494803,0.002473007113113627,0.0025389899590048024
1887,0.001553326563736593,0.0035036361252852033,0.003101968914009293,0.0028632732366171915,0.0027520105250098646
1888,0.0021196936870331055,0.0039805971511306165,0.0030944101972471705,0.003312767082341646,0.003101667774206841
1889,0.002762727244541718,0.004694696490125202,0.003037563303141412,0.003771395444687713,0.0035039754101936086
1890,0.0030365146273327024,0.004217785814044778,0.0031798097486835895,0.003400716293117745,0.0034867768605277498
1891,0.002919960687979664,0.004549747771356766,0.0031248534897004914,0.0035498217520555818,0.0035382378930780695
1892,0.0029616069374929924,0.004959425673272022,0.003024997533554402,0.0036017222663429316,0.003610526634534108
1893,0.0029554174368994785,0.004732454915792484,0.0029379618982443173,0.003391917922246626,0.0035133384473344798
1894,0.0029204458720436944,0.0047838089380683995,0.002979147045712041,0.0033624764171065503,0.0035089677908091105
1895,0.0029124773207763323,0.005043086819871709,0.002923861477344557,0.0034478257107996993,0.003540980238779252
1896,0.0029504148213876213,0.0051503797473762105,0.00303609999770831,0.0034906966819505587,0.003665646013370953
1897,0.0029351271553103033,0.0052393346817770905,0.00306003033591964,0.004036921087022492,0.0037590255670169248
1898,0.0029943648540501112,0.005561745549734653,0.0028890000771928767,0.004429313107174322,0.0038905017618101586
1899,0.002955677451131791,0.005571908200616251,0.002821545364126726,0.004436454501219919,0.0038991694267553135
1900,0.0029158892086866544,0.0054907294838757136,0.0028702855117301545,0.004378411437452615,0.0038668647870015475
1901,0.0029286168254276934,0.0054010269512624375,0.0028215567816984753,0.004325948527045676,0.0038091322372366047
1902,0.002941702737986112,0.005183740007766269,0.002812551241997589,0.004116222700849584,0.0037201945079294698
1903,0.0025931664105586193,0.004867398183758347,0.0030302772919441555,0.0036943996472537932,0.003531272133078712
1904,0.001978196175359047,0.003930648965624386,0.003214571498294693,0.002952438615396091,0.0030682551562981456
1905,0.0015159958102783655,0.0033809664520317584,0.003182221809734866,0.0027763863841286825,0.002730136263961883
1906,0.001357571070354713,0.0030785073343430813,0.0031998674322031525,0.0025468105782668737,0.0025638193749579837
1907,0.0012448725509973287,0.0029122844453305188,0.0032436364273501833,0.0024108411060230635,0.0024793375898954735
1908,0.0013087649744437909,0.0027712911340764105,0.00319178925042269,0.0022581153390431787,0.00245902419516106
1909,0.001262763530284536,0.002892346555782882,0.0032112459043996205,0.002374818398054572,0.002502413999463245
1910,0.0013778354800382674,0.0031178305165672493,0.002808824615359353,0.002589741545277563,0.002497968830538746
1911,0.0017033180769651937,0.0034748634024605435,0.0027232836976842953,0.0029132982804147066,0.0026995536106389985
1912,0.002135858267459098,0.003966626858205494,0.002678465388793591,0.0033354508472279486,0.002955584871839541
1913,0.0027402511306531627,0.004186857047708832,0.0026767858690269495,0.003546918984145406,0.003217219600701014
1914,0.0030669010861066642,0.003935397165295141,0.0026765793100628336,0.0033845193588309245,0.003230464925786889
1915,0.003177736949301166,0.003858902451079115,0.00267201827255753,0.003067102516988547,0.003227166727712271
1916,0.003150663882207013,0.00425455616522998,0.0027055875825601006,0.003162222612756778,0.0033428414435103843
1917,0.003128686014412685,0.004219986706525079,0.0027058697636013302,0.0031432567918330905,0.00331951542329439
1918,0.0031034107655210827,0.004178853378684938,0.002689363299041515,0.0030795783889804524,0.0033026647211164576
1919,0.0029203084856540573,0.004536079601623858,0.002600523874538963,0.0031902040638177214,0.003337592678780509
1920,0.003122085922889261,0.005265581603105553,0.002563575777728271,0.0035276786348154075,0.003636697668685988
1921,0.003188954301043801,0.005684204405762715,0.0024523287127464505,0.003997530353082208,0.0038381073727032145
1922,0.0031459688333717374,0.005992301300381651,0.002189794140326258,0.004363639029850159,0.0039471982720636544
1923,0.003151768748287651,0.006114286739872294,0.0020528480658717355,0.0044645009434893515,0.003962205822864227
1924,0.003070955966154043,0.0063025000191509785,0.0019951621753943093,0.004571055654199434,0.003997369759098321
1925,0.002910208582660974,0.006128365785875707,0.0020546282250649217,0.004689343744391425,0.0038904436767829703
1926,0.0029227772654911387,0.005978994565500464,0.002218971105224614,0.0048187607203237955,0.003824417633813794
1927,0.002856441714379774,0.006182611564095403,0.0026290763953691894,0.004894295192450635,0.003910997752882982
1928,0.0021271231240153387,0.00573210169234969,0.003041076065473863,0.004472214528773582,0.0035955848406606494
1929,0.0015833323501365428,0.0047621410136595346,0.003268391730841668,0.0036389578038298824,0.0031641631940615648
1930,0.0014434847610873345,0.003965437721680314,0.0033637285415974477,0.003040398110292326,0.0029110535460980832
1931,0.0013304233587871762,0.0037771380856227543,0.0034150440864416567,0.002960452024341403,0.0028160183940239615
1932,0.001273890198624619,0.0036351453809877173,0.0033745273932053676,0.0027444356918468675,0.002753543965753832
1933,0.0013472502254920438,0.0034017249553090225,0.003490720518655635,0.002748201214998351,0.002757934680569682
1934,0.0015375785287724364,0.0035409686494655983,0.003480296909838422,0.0029035633319125036,0.0028826173563990067
1935,0.0017347790250005447,0.003926955980334947,0.0036304299489040193,0.0031271641269414747,0.0031298254013093466
1936,0.002339194573612482,0.004586020980973391,0.003694769925702836,0.0036259705303686844,0.003594780917284783
1937,0.0027827288615594574,0.005111279639622694,0.003633810052931902,0.003983494461993313,0.003888354732750952
1938,0.0032148634780978422,0.004958670571659404,0.003661388631727359,0.0038526450481649625,0.0039812333247508805
1939,0.003211925281956446,0.00514145314676432,0.003659520401448922,0.003925655947699442,0.004043441037074301
1940,0.003205398959554984,0.005388754713091201,0.0036465729886925144,0.0040541210263204215,0.004095047477323556
1941,0.0032032157592667867,0.005473163706181661,0.0036846958910542946,0.004112660710975593,0.004131357021446283
1942,0.003161386218269891,0.005717520575325547,0.0037183985502434735,0.004210306294448223,0.004188328557627873
1943,0.0029884616369947633,0.006091637095835098,0.0036717853499497436,0.004292027082230193,0.004222100248323079
1944,0.003037317144108828,0.006235998839072456,0.003815302510883899,0.00432433503055949,0.004370798203239661
1945,0.002907738329300849,0.006647805450030414,0.003873576329139596,0.004517294073294146,0.004529091666682549
1946,0.003034487771087338,0.006811102370311448,0.0035941236764771276,0.004616654295219835,0.004652859439700162
1947,0.003157806122863819,0.006599758917209705,0.0034459624830745863,0.004533861999473732,0.0046725546151733565
1948,0.0031397364960940037,0.006571952162190716,0.0034362312266091708,0.004554939566613507,0.004645154627441482
1949,0.002922320099467211,0.006628724007595691,0.0034031312638389006,0.004841541631454045,0.004531021031221534
1950,0.0029684994460425942,0.006026919486879852,0.0034456344712091554,0.004622967132953592,0.004315089703117837
1951,0.0030823371564653213,0.005868237145087387,0.0035402576041103106,0.004669466620958976,0.00430686825564364
1952,0.0027975786524428708,0.005881838436615759,0.003650028261144588,0.00462995029393887,0.004223016928195148
1953,0.002478697415994852,0.005476040751640825,0.0038351176520137645,0.004082306264515419,0.004038853075172915
1954,0.002152001839489202,0.004772736683207609,0.0038509298529486482,0.0034839311436150396,0.003703983789609741
1955,0.001811250778776688,0.0038010776176208363,0.0038534735674490657,0.002919060374239244,0.0032212473708618204
1956,0.0013301076387888125,0.0038221055720903756,0.003757284425889724,0.003102304685707335,0.0029643296294557613
1957,0.0014162573751480953,0.0036599365358720376,0.003732407662964212,0.003109360237762029,0.0029707310197341612
1958,0.001481478726713354,0.0038591581738741175,0.0036613578053912273,0.003289845233896425,0.0030558323385722038
1959,0.0017018127703461114,0.004249111160867489,0.003609171919996886,0.0035940719393324112,0.0032126023655166245
1960,0.0022255060935808097,0.004857393550337899,0.0036323779855961806,0.004037732576854841,0.003581002608730796
1961,0.0028741797872444434,0.005115282282693788,0.003631647060261032,0.004096543482752606,0.003901072711899234
1962,0.003138459784222006,0.005152187132625677,0.0036063668820092744,0.0037595589398087153,0.00399828848545832
1963,0.0031016733795496162,0.005250319193499811,0.0036129244965689257,0.0037933888251268032,0.004025051512759497
1964,0.0031218466977751985,0.005587748573383523,0.0036086868593357187,0.003986033127286159,0.004107878348631492
1965,0.003141256077285036,0.005632870240521202,0.003644748878070743,0.004001692039269058,0.00412218126167137
1966,0.003070700359419622,0.005567387082036224,0.003683687784547171,0.004050159810582135,0.004076541879922199
1967,0.002871757876008562,0.005492147247118366,0.003639795136196709,0.003974374966332702,0.00400589220570249
1968,0.0030398419872360964,0.0052945046904502475,0.003776410972731331,0.003866999822618489,0.004038070298372688
1969,0.002906718475747433,0.005491654492707286,0.0038497893093327505,0.004128836319619161,0.004100863475302695
1970,0.0029564851478563687,0.005744184748292667,0.00372501992938597,0.004443631449049054,0.004207825499623613
1971,0.0029282692335778626,0.005750140532997638,0.003663994741692368,0.004460480146711703,0.00424702291438563
1972,0.0029275498256633816,0.005728831135118332,0.0036682639563318962,0.004448748601619798,0.00424822322441736
1973,0.002911837547383498,0.005772981222611802,0.0034969376978370033,0.004474830452413768,0.00418195266759468
1974,0.0029617457554189258,0.005435834109708936,0.0034260180201103932,0.004291378965120817,0.004021870508545561
1975,0.002937338193156029,0.0053445133600825145,0.003518748776383517,0.004204640235361174,0.004010109855151529
1976,0.002273913649500143,0.004822156955041779,0.0037035785000321254,0.0037816243981200317,0.0036332499733837385
1977,0.001676305081822131,0.004301419188770504,0.0037533889938926213,0.003280961774429523,0.0032323310123752655
1978,0.001604576345415283,0.0038634740707502646,0.0037211838611065067,0.003005554369711495,0.0030390239602856315
1979,0.0016414294889709653,0.003714554044102772,0.0037943171355786986,0.002900385901014573,0.0030312539648601165
1980,0.0014207357180765722,0.00383968426134783,0.003829514144182072,0.003086778118861168,0.003045645618056275
1981,0.0014009358451646308,0.0038218685170399083,0.0037882964723483983,0.003128513410966982,0.0030255911949552917
1982,0.0013579396133895185,0.0039056422107081458,0.0036789811449067966,0.003280074807030038,0.00303789478956448
1983,0.0016590729866727545,0.004382636230540924,0.0036377656085354506,0.003637502182146924,0.003274487647015503
1984,0.0020563337811427655,0.00506702566280945,0.0035367215416123106,0.004258813634864006,0.0035951001404844504
1985,0.0026567267110042744,0.005149936205693244,0.0035234225353591125,0.00427146595186188,0.0038237199126481495
1986,0.0029222726979337074,0.0047619935193610585,0.00355048239085945,0.003443318062884905,0.0037833568237945867
1987,0.002938559721952833,0.004401523485676782,0.0035370726513582144,0.0031458652935346903,0.0036505279102697938
1988,0.0029725557768941163,0.00445239342835978,0.0035571700685920666,0.0031658122476528284,0.0036604691714876717
1989,0.003012093037301151,0.0041318222945075055,0.0035799522474517,0.0029506730862039754,0.003568977707140002
1990,0.0029998279790460643,0.004115009445712612,0.0036018551552648927,0.0033361621481223605,0.003575465910826991
1991,0.0028845690982823575,0.004285619773184018,0.003612883770731565,0.003575120030732452,0.0035975374707766087
1992,0.003015324038210941,0.004381881475497364,0.003786210128105059,0.003646402590907321,0.0037358566004267496
1993,0.0029723290949034923,0.004662003337464884,0.0038833297833728822,0.003804154180215463,0.003839486716700376
1994,0.002930539916884604,0.004956618309054779,0.003818340557661168,0.004013452142563469,0.003924994132678682
1995,0.0029062988353878473,0.005156153969009403,0.0037370386794394455,0.004129946743573771,0.003975768201257568
1996,0.0028806742309873947,0.00522464999797567,0.003705916847731267,0.004244233204127183,0.003981378177256597
1997,0.0029339799558541885,0.005214895582323843,0.003700223366360916,0.004399771058572718,0.003998192727098532
1998,0.0032019081209719623,0.004744164311452832,0.0038004030533726604,0.004115792066725506,0.0039537202076081815
1999,0.0027116285832892275,0.0045589930989313795,0.0038667905220065276,0.0039549867713937,0.0037445247691464847
2000,0.0018822159335083655,0.0043462742788373645,0.0038638925938745874,0.0036866184410087625,0.003358504490612427
2001,0.0015043229934431385,0.0038834282230491937,0.003939765828656597,0.003217328718589317,0.0030672343615519306
2002,0.001318175241669093,0.0029238318726588783,0.003648514973159802,0.002449980943488756,0.002608365410336834
2003,0.0011898698547978027,0.0026713458709048455,0.0035854248588217405,0.0021798081092675586,0.0024786718614031953
2004,0.0011515652430737929,0.002639527774360366,0.003621218315547086,0.0020569965701060797,0.00246274243811716
2005,0.0011830599694223275,0.0027461646308784672,0.0036609573701527677,0.0021350890928833605,0.0025010300190379357
2006,0.0013618340803308502,0.0029553891248924923,0.0037713207813465624,0.0023910865463886034,0.002666691868000751
2007,0.0016058651965407255,0.0034714758258669706,0.0038357706700464437,0.002856913602176762,0.0029952521591649333
2008,0.0021227915447253956,0.004419369785453279,0.003933215592756087,0.0035686214081081754,0.0035485383436074766
2009,0.002734500298343917,0.004731856604950306,0.003956243067950728,0.0037975539734017303,0.003892535074776307
2010,0.0029741702747591013,0.004535068143011964,0.0039636536384671526,0.0036969334458040585,0.003896810342514151
2011,0.00294091832431742,0.004483512160114733,0.0039112589529287,0.003664599110908067,0.003851985663447296
2012,0.0031033018233313165,0.004437291608202985,0.0038533927849163166,0.003632228837801947,0.003835264903050456
2013,0.003144782924294395,0.004210815719735938,0.003954250858537957,0.003481892613904507,0.0037993655675059336
2014,0.0031635238655885684,0.004278890177323952,0.004042659096599445,0.003460309354867169,0.0038392530547075817
2015,0.0030691142936693327,0.004455522990184022,0.004161570901590032,0.003539418650923458,0.003912467850542906
2016,0.002916817872077746,0.0045908634405302275,0.004246733133574888,0.0035755349153378524,0.003931582403096554
2017,0.002895943432197251,0.0048090727526681806,0.004242350437915741,0.003804736611792567,0.003979134645353774
2018,0.0029471895701002034,0.005077118063317444,0.004260232577625976,0.003961727758973538,0.004106648777036747
2019,0.0029908777710443485,0.005174659077467711,0.004316046275062081,0.004030680323005396,0.004194143219097438
2020,0.0030071563302654907,0.005239146084273091,0.004344466064159049,0.004076189794421847,0.004236278913519286
2021,0.0028951153523118804,0.005543175283909058,0.004366075228478807,0.004297790067406959,0.0043251333024778345
2022,0.0030329308730961306,0.005094382219692632,0.0042901143660409695,0.00401132851184074,0.004192066397607748
2023,0.0029603042700963515,0.005003448491029009,0.004169047193489521,0.003901120842436409,0.004104873277941191
2024,0.0025981128196313733,0.004872330450107654,0.0042054635597256265,0.0037078221203048463,0.0039150524873434725
2025,0.00197798373602434,0.004476471822928511,0.004281207404568681,0.003486809825012305,0.0035841739905481105
2026,0.0017438496977512771,0.0037841139666902313,0.004134653105911479,0.0029521245682551924,0.003255863247320701
2027,0.0016021769199044058,0.003570805728824803,0.004058578783096571,0.002722867725653982,0.0031107905253737593
2028,0.001407887944495431,0.0033199249945705805,0.004017352467654114,0.0024926042870756383,0.002916172579865109
2029,0.0018950846780928009,0.003572171652813474,0.003987918635219777,0.0027749771091239526,0.003265443320793065
2030,0.0018175776172834575,0.003934938933541263,0.003943460716012074,0.0029697451504104217,0.0032972134936007573
2031,0.0018121612092376698,0.004102947821358623,0.0039119631001181855,0.003124637605486283,0.0033231147854798342
2032,0.0020742732158879882,0.004798797660087232,0.003876449649785059,0.003655574799118554,0.003584321088823176
2033,0.0027260373577133023,0.0047579491541883765,0.0038924411861164217,0.003797052210495399,0.0038148383759096477
2034,0.0031348516673101634,0.00425930273383175,0.003916201697753438,0.003338413404918532,0.0037896410630822185
2035,0.0031349361065022715,0.0039494768787007905,0.003936964751588788,0.003123247925858641,0.003683345753899843
2036,0.0031429331997099453,0.0038760344408011165,0.003928814326429551,0.0030739173448421403,0.0036500970285383515
2037,0.0031234344543674348,0.003957808860313324,0.0039280941678293815,0.0031312839325402125,0.0036735392389135022
2038,0.0031098107325200786,0.004339704533604388,0.003922830128565224,0.0033395599614791218,0.0037971950752099643
2039,0.002948032279417435,0.0045827915520658,0.003902630192059941,0.0033871598270360124,0.003817462467954165
2040,0.00287113930092199,0.0046801282329853875,0.0038920072017407407,0.003368823955023591,0.003816360325660567
2041,0.00290411110555349,0.005007734237767601,0.003840870701587929,0.0038269933970715335,0.003915880417629561
2042,0.00290269560180067,0.005089668196097769,0.0037806683058053485,0.003968448611825405,0.003951067714926795
2043,0.002868191519692354,0.005092636122088787,0.0037355396833914614,0.003957079747711051,0.003948896796580325
2044,0.00287379691134777,0.005102118158480791,0.0036843592246760325,0.003974199188072711,0.003941155529999041
2045,0.0028807316472482945,0.005180083350094463,0.003528130518367785,0.004038785904320788,0.0039190828223609215
2046,0.0028769490276880486,0.0049532509270840365,0.003449803679331967,0.0039322192972531264,0.003810670558699981
2047,0.002780670103490221,0.004720882264137606,0.0035224652852110946,0.0036672084136886774,0.0037025051169140228
2048,0.002303759796045509,0.0041426886273296356,0.003563179978886346,0.0031235930232101075,0.00334980758877487
2049,0.0015095545509371537,0.004052371558380428,0.0035527040424352683,0.0029641328083956655,0.002997446511674868
2050,0.001249024238856235,0.00333082342009949,0.0034477586215363124,0.002490966082185265,0.0026534136676558944
2051,0.0011802645719800097,0.002902494643984188,0.003482259028614733,0.002149499865062762,0.0024803874544476532
2052,0.001158182166310366,0.0027321696749122806,0.003385536456640485,0.0021546586461171848,0.002405559654150097
2053,0.001184229471199978,0.002973584290983376,0.0035061566281946134,0.0025104826560207894,0.0025551120653267757
2054,0.0012751036556962144,0.0032402511612433242,0.0034466075362731335,0.00281914797113125,0.002675290062962862
2055,0.0014933057479919773,0.003548269511599814,0.003399484500738843,0.0030860443116168955,0.0028254421191262406
2056,0.0020257810372852477,0.0037861210933038446,0.0034211190315923683,0.003276164637602907,0.0031060814603394347
2057,0.0027390363743925476,0.004104380669370361,0.0034799672349791005,0.0035061322901739182,0.0034553325708187
2058,0.003140754897037089,0.0038043997619841047,0.0035786504958753404,0.0030733526803738624,0.0035176705719485663
2059,0.0030657211005646924,0.003701701747451987,0.003557106456268313,0.002942149640708303,0.003453965541906916
2060,0.0031198170599162113,0.004030231111005922,0.0035376861807105814,0.0031878429972982273,0.0035613386940344786
2061,0.0031420372971828034,0.0042052122024804585,0.0035483589508569706,0.0033172628363582007,0.0036352811108286537
2062,0.0031341029016126527,0.004523686916225328,0.0035459616115069855,0.0034990158589749978,0.0037290630195085015
2063,0.002933017817459644,0.005206377869462518,0.003460041932490863,0.003971931932254729,0.0038175605082677987
2064,0.003038079841351517,0.005657290538019576,0.003516306882245724,0.004265312737428993,0.003990691727857554
2065,0.003052515814552265,0.006080105136637612,0.003569856246026876,0.004477198691721794,0.004166823020975903
2066,0.003159053913722479,0.006684510279808056,0.003242264904527552,0.004890511263001576,0.0043976626989598346
2067,0.0030934165213965864,0.007071484057560428,0.0030115658025105354,0.005107106767856026,0.004526801034577445
2068,0.003064747652924792,0.0072872668127737916,0.002917069070709249,0.005236436990331059,0.0045984097835598215
2069,0.002970718477240012,0.007466536922759642,0.0029688010374662737,0.005685614103002381,0.004532588060033389
2070,0.002892901698551532,0.00713266956632512,0.003114585886031068,0.005557799055387674,0.0043605964246421726
2071,0.0026293986079631445,0.006196867984551914,0.0033698944107979976,0.004888703724553658,0.004028332647051874
2072,0.00187224998684509,0.0051010266359530895,0.003524416865269564,0.004106214339500521,0.003484895389884804
2073,0.0014774093629501904,0.004114163847866631,0.0035620515502853703,0.003311252737009733,0.0030312358629359616
2074,0.0012916259629430625,0.003583478595288229,0.0034933400187012104,0.0029047981931186718,0.0027349883385362275
2075,0.0012668299895657402,0.0034312450144244524,0.0037222704693080236,0.0025980032776322954,0.002749807834850606
2076,0.0012240987430444585,0.0031309324562457763,0.003682524889999513,0.002357751568699834,0.002630234851393838
2077,0.0013149297466351758,0.0033693833636543008,0.003727541556142533,0.0023644295481841373,0.0027593193952968336
2078,0.001483075521953785,0.0037507210876876933,0.003678195923048085,0.0029102610264196624,0.0030097681460631875
2079,0.0018199638365673657,0.0043220340888406065,0.0036463973374767224,0.0034672058135208185,0.0033042251279010943
2080,0.0020972923035576197,0.004904282780595274,0.003583625157276342,0.0039517171626538075,0.0035743653325432667
2081,0.002779454291051742,0.0053278651491202285,0.003697322743517464,0.004116477145538184,0.004034008485217907
2082,0.0031641655818312707,0.0053131287944766185,0.0037757599339178173,0.0037923122321961993,0.004143882522275984
2083,0.0031280844203834196,0.005761574453353516,0.00378296714082822,0.004047136315979319,0.004282523780947651
2084,0.003158049560324275,0.005926511105541309,0.003730684361603001,0.00431023749948955,0.004348036514370164
2085,0.0031646452189250467,0.0061929685667033605,0.003664934824509122,0.0047959059329643035,0.004434656987838786
2086,0.0031650809936149505,0.006347270654908175,0.003763121435239527,0.004880238591950452,0.00449342380590351
2087,0.0030898291575654864,0.0068970800108293095,0.003638635416517845,0.0050724030207928835,0.004605890755637725
2088,0.003157381413442873,0.007252712874422292,0.003508212673500616,0.005252223058737261,0.004804541875903372
2089,0.003117335308294086,0.007362395480895632,0.003367714708874596,0.005263938536998566,0.0048845138373929805
2090,0.0029558780591553667,0.006930958825013079,0.0032589285666245475,0.004935429283606303,0.004698623505020371
2091,0.002943552107974434,0.006500767428952752,0.0032105826613320282,0.00464910924954751,0.004526677864399944
2092,0.0028866176117483405,0.006160456877088893,0.003355321303891553,0.004572427795996405,0.004425275155723004
2093,0.002898864500666793,0.006173700238396396,0.0033188790537172184,0.004617500739203158,0.004381491378265188
2094,0.0028749829129081418,0.006083181347385486,0.0032206897506314256,0.004589802025469828,0.004251929466458584
2095,0.002764678291579538,0.005949590028186038,0.0034469062816465503,0.004455395928764846,0.0041790776843309875
2096,0.0024040603989769274,0.0054340516074364,0.003684009948086863,0.004042147438397524,0.0038984252793440245
2097,0.002090556501713629,0.0049504816029897715,0.00372421793374194,0.003522825875419525,0.0036284098845625243
2098,0.0019876697954205264,0.004626098102396386,0.0037765517393826696,0.0034983691824651297,0.0034980943536180756
2099,0.0017903300978866503,0.004452900947400777,0.003919295746336765,0.00338564870234908,0.0034351672195837213
2100,0.0015600823078948099,0.004130695963901632,0.003925727889031322,0.0031394807416639144,0.00323951990742818
2101,0.0014887738569294225,0.0041211850114943865,0.0039036730631689426,0.0032758206567572133,0.003188454295977292
2102,0.0014822019281975104,0.004788854078728115,0.0037235022267703673,0.004063422761967572,0.0032979743493567644
2103,0.0016089267774259976,0.004816085804893112,0.0037149157896656923,0.0041037695717715,0.003367368207114277
2104,0.002097755593696616,0.005039295780623529,0.003703084215323069,0.004276623804888388,0.0036553092411869214
2105,0.0027216776835485143,0.005270914830085092,0.0036655998408728963,0.004404077148716175,0.003933962912746173
2106,0.002982566600914711,0.005550607162979312,0.0036817606844676866,0.004539531664800737,0.004124726617736482
2107,0.0030124404167450715,0.005565534925871472,0.0036655481898447938,0.004563249150530858,0.00414351841651351
2108,0.0030176168562751583,0.005626552074548336,0.003676439896346911,0.004592294992838792,0.004145050760781269
2109,0.0029772657279644897,0.005534035197880027,0.0037685980749584216,0.004513509844430033,0.004131851777438017
2110,0.0029297519190611596,0.005751100364063985,0.003798879637560378,0.004613995170040143,0.004200833110601054
2111,0.002955915119889823,0.005800906084160888,0.003722276797688131,0.004475704542269006,0.0041644291787264155
2112,0.0029719082279820366,0.005507637913522794,0.003993081010360813,0.004368154568080239,0.004206635227770705
2113,0.00296111745402263,0.005751116555570799,0.0039689678254021055,0.004591062706067763,0.004360516423172493
2114,0.0029408563807949662,0.005983012624676563,0.003848178484881805,0.004726799883511308,0.004442576090066544
2115,0.003015066806341871,0.005877700262592802,0.0037097443072146184,0.004655591536886268,0.004439237859218539
2116,0.0030517719113776413,0.005975515274359282,0.0035756054814995264,0.004711282273455449,0.004473443132946514
2117,0.002998322809142842,0.0063948317093732885,0.0034145445590241436,0.005000696132469838,0.004552235866253032
2118,0.002959211036821416,0.0066901616224883005,0.003168427830657505,0.005219143052816532,0.004553155409313056
2119,0.0027885026309648364,0.0063506703371832545,0.0035423362149307374,0.004945138146222297,0.004407520196766414
2120,0.0025240813317436374,0.0057359686417157805,0.00399383227479502,0.004453046689216424,0.004168149626612805
2121,0.0018994852438984635,0.005565545742056512,0.00411512551091058,0.004007853369876034,0.003860930198843574
2122,0.001777596557139758,0.004983122467846579,0.004186615760502635,0.0035151789308606146,0.003743354682097719
2123,0.001435824030251571,0.004151412608701096,0.004297772444221098,0.002778042309200866,0.0033234738297092353
2124,0.0013654824439954317,0.0035955563167575045,0.0042353315685239035,0.002415937457377649,0.003085329053202628
2125,0.0014584205629975047,0.0035764943392802215,0.004213766470770027,0.0026061068366848806,0.0031038217946337044
2126,0.001437267847584882,0.004126241188028903,0.004173036688103977,0.003417148795346481,0.0032914431805236566
2127,0.0015677467852410294,0.004690973429555514,0.0041860605893988545,0.0038694285231936185,0.003528276185775652
2128,0.002018208473802285,0.00528571530922971,0.004118812206408961,0.004272838472852931,0.003896435619923394
2129,0.0028045368730462692,0.006016335860393738,0.0040844785931212465,0.004399518636393177,0.004389022164262105
2130,0.00306828146252106,0.006386072794737408,0.0042125625809978995,0.0043219156598918364,0.004631120388618708
2131,0.003077657866887329,0.00652939209286892,0.004038231514702902,0.004965322261248912,0.004656180411774946
2132,0.003103443766497587,0.00663440553008644,0.003971540804931092,0.0051331631374884916,0.004670450180896384
2133,0.003106698040253376,0.006544166958976422,0.003942532596943894,0.005069579401038691,0.004611964471661838
2134,0.0031061839645417305,0.006491037158527346,0.004036882649826224,0.005013404427573121,0.0046176823171177085
2135,0.003035493846496521,0.006869123998776763,0.003931600444351025,0.005185020930051184,0.004655283230946699
2136,0.003049190121175423,0.0068858329360575055,0.004030461405429928,0.005261987617717647,0.004693680891211572
2137,0.0029875358022328157,0.007030016605004967,0.004135945932720038,0.005295345654287571,0.00479565934940198
2138,0.003075992580711805,0.007257108326030503,0.004026666958235594,0.005448716196449291,0.004955508324315911
2139,0.0030661033902985055,0.007450302728422802,0.0038789969741636543,0.0055442663126442256,0.005051718948189046
2140,0.0030870930205806595,0.007340644608844802,0.004274086940431117,0.0054947951167238765,0.005050650612630066
2141,0.0030937244201475296,0.007358756072397258,0.0043632898865604355,0.005056649302032531,0.005054012692521946
2142,0.002965885637135132,0.0073890485536326905,0.004250629331040425,0.005546910637791811,0.005021493194482622
2143,0.0023084556724933024,0.006538974067331609,0.004206110458556736,0.004891360086300675,0.004462288987804715
2144,0.0018243249283164489,0.005127120040179815,0.0042584025052093835,0.0037768427233199793,0.0037549231300194087
2145,0.001474979814471536,0.004194833895631575,0.004211435522040258,0.003041957477024979,0.0032560114524882323
2146,0.0013324802622208178,0.0036120030302177067,0.00421346079468811,0.002543247806271977,0.0029527424753482885
2147,0.001243500259631977,0.0032647462375850964,0.00420957200004646,0.002307566402483,0.002782817887873074
2148,0.001256498303405258,0.003119160017163652,0.004201554584758645,0.0022136706198225596,0.0027200455187513023
2149,0.0013226596290952534,0.003138306781131746,0.0042355853648657045,0.0025098849564582017,0.002781461078934916
2150,0.001345950138898457,0.003393035634332022,0.004238431859570138,0.002811691821494953,0.0028952456036190574
2151,0.0016119847145411757,0.004079059497189412,0.00427700655561548,0.00337337190450347,0.0032769932169451604
2152,0.002045949030541703,0.0048759519716626565,0.0042920421006750285,0.004050392495306048,0.003772146245243185
2153,0.002650659046217722,0.0057710370163031694,0.004275127234296214,0.004645447478335903,0.004338237181547445
2154,0.003084506376744674,0.005973800006265827,0.004316670982530769,0.004544166259077052,0.004556658448537694
2155,0.0030152756248181234,0.0063006247203013024,0.004341249316267229,0.004743352905879109,0.004677509218017807
2156,0.003034732484494919,0.006448937822671645,0.004344159034924188,0.004837913484058793,0.004745080720914811
2157,0.0030318101175048195,0.006603256353012396,0.004306873599166976,0.0049811059528379435,0.004787711166461374
2158,0.0030680149036321847,0.006503635430785676,0.004451600844744986,0.004894302802737659,0.0047965438067112355
2159,0.0031070039246300562,0.006634147088118185,0.0044353094164197365,0.004874455501962678,0.004791079942308915
