,南部,中部,北部,東部,全台
0,0.003087043478236641,0.006821425419264694,0.004329539040995176,0.005211947945895436,0.004821507856508836
1,0.002896798089514302,0.007279008276509836,0.004238649853302215,0.005459165333182948,0.00491821044839468
2,0.0028969870792094465,0.007398835393840962,0.004035520522659233,0.005514862260480544,0.004978201224499908
3,0.0029208858908425727,0.007364820584317601,0.0039107847302874395,0.005482100319979707,0.005007889996752836
4,0.002983561665661611,0.007337396087122417,0.004188042435660877,0.00548835297019518,0.00500894829016114
5,0.003115719122480695,0.00727522809456864,0.004418694830855087,0.005450080154291959,0.005009468301708451
6,0.0031219677077111833,0.007174205763380084,0.0044480715975515565,0.005423568961862242,0.00498785797149053
7,0.002484051481346561,0.006669089951250862,0.00431509539245957,0.004994668247485189,0.0045897601563818025
8,0.0017790805125130708,0.005318579812169556,0.0042693246282506795,0.003935509002127606,0.0038107215945431183
9,0.001469291768650823,0.004290843843345065,0.004249934383931126,0.0030527074036090173,0.0032744825927682824
10,0.0013173957672751664,0.0034176754981491628,0.004181819207427987,0.002488091517902849,0.002892004498552435
11,0.001259783634548152,0.002946410287333088,0.004005055723278208,0.0022149147890231508,0.0026500306637164722
12,0.001238214264375656,0.0029185740936016813,0.004020376363269696,0.0022089848463635736,0.002642718399772271
13,0.0012993241356097417,0.0032807295200993503,0.004155061407800522,0.0025487709006077114,0.0028501448481808764
14,0.0013953241278422857,0.0036332483421574403,0.00414568465926549,0.00292281494253161,0.003030364188460928
15,0.001595487283714626,0.00421935003342991,0.00422253515175667,0.0034830649877892464,0.0033899355656870456
16,0.002004456216232673,0.005238048869942213,0.004374485140442588,0.0042944512013423876,0.003942029719969791
17,0.0027472213239444414,0.006078788366788693,0.004452695106694609,0.004872004979529373,0.004516914072242105
18,0.003084859878243708,0.006043213170205164,0.004485758853363611,0.0046495362184777,0.004623708110070326
19,0.0030869121977145702,0.00590881095769348,0.004460423500678246,0.004554259732881737,0.004569834007668956
20,0.0031146139249106078,0.00591047771798714,0.0044501407468732195,0.004566192378333938,0.0045838552809223665
21,0.003151617547178432,0.006093526665975811,0.004433931029918996,0.004699134402170228,0.004655020666132671
22,0.003159457431201582,0.006127104492303773,0.004475829257018277,0.004709083217281291,0.004677925112573057
23,0.0031675143630288407,0.006220085570584284,0.00438776171848778,0.004646684302017741,0.004642285907730638
24,0.003122911782479195,0.006523032657683512,0.004280641785875691,0.0050389551408091685,0.00469721094995868
25,0.0030336212270786417,0.00679718928890224,0.004127437373868005,0.005281128074744121,0.004760074956492005
26,0.0029871567789436595,0.006919468556403641,0.003987152380321352,0.005327301850833291,0.004814759316014566
27,0.002938793421157348,0.007017723416841914,0.0038899919703045604,0.0053651202242015195,0.004838423374237745
28,0.002870630667296963,0.0072226869564836925,0.003924504462212769,0.005508260407627062,0.004906439427780282
29,0.003085204918334817,0.007059477993345803,0.004326581718607113,0.005427948064191384,0.004918973665730258
30,0.003097931391755598,0.006836684100003292,0.004408115920857123,0.005295652491771921,0.004873131322387233
31,0.002311052958597853,0.006295959655450843,0.004367085578232076,0.004773232523878849,0.0043691541941694514
32,0.0021029310930413183,0.005309788689785224,0.004306683976742364,0.003953780470499397,0.003998139570706395
33,0.0014846276052941758,0.004349041636109909,0.004340865748888416,0.0030456470486489107,0.0032621239086204233
34,0.001516531311861362,0.003471930151520476,0.004167886564891528,0.0024497951967140438,0.0029650343061241756
35,0.0012762158489189662,0.0033474061664259744,0.004194295018740144,0.0024257622269604996,0.002823119932702421
36,0.0012423953531919354,0.003142426061491885,0.004114426084840986,0.0021800157951914114,0.0027449692933786676
37,0.0013815668933159055,0.003582576671876006,0.004252714969108597,0.0025286556217475505,0.003019714456554533
38,0.0014499456922172189,0.004061056316434932,0.004269808591887588,0.003042024385728231,0.0032950714670345192
39,0.0015380070634819238,0.004666681049330741,0.004284444537316063,0.0036820928342082976,0.003582985016750692
40,0.0019642801836918275,0.00570898817511539,0.004259180509648618,0.004531548158693319,0.004139560493023083
41,0.00279886123636391,0.0063997969482351555,0.0045087243622785305,0.005119933982374721,0.004674900456836089
42,0.0031838171861264747,0.006020333940126424,0.004589676818229654,0.004588605001726791,0.004659893436478785
43,0.0031831711913543745,0.006052121132406767,0.004567573425005058,0.0044608373685466095,0.0046647652499443104
44,0.003170789630889839,0.006225391993531251,0.004489110269013936,0.004575919522036955,0.0047196347273648215
45,0.0031404044838299165,0.0064270309249239875,0.004420449365430042,0.004671494569524334,0.004763370951578587
46,0.0030925258469046125,0.006413935170900171,0.004305687176951304,0.004623303812438371,0.0047069482433368575
47,0.00292681729990673,0.006873994921524246,0.004134373863692867,0.004983377493545141,0.004715711382598435
48,0.00290515660524183,0.007281595738197306,0.004087634816561909,0.005439367797943703,0.004835780183980795
49,0.002903119957774229,0.007256082280054543,0.0038922380269057542,0.005419394566186135,0.004878084930558913
50,0.0029773983899883307,0.007052302442715907,0.0039311521949931105,0.0052816115727637595,0.004881240083632109
51,0.0030045527326307553,0.007087691456154913,0.003872358420299086,0.005327944998893558,0.004913823772152083
52,0.002917680186244856,0.0071987648524391035,0.0036715756069265037,0.0055317953360574665,0.004855273699595528
53,0.0030055158357931134,0.007307264031416465,0.0035006464576549604,0.005621136021275369,0.004808103588066955
54,0.002891727855993204,0.00761060601347185,0.0035680921277155527,0.00585359179311105,0.004739082029890369
55,0.0026344289449697325,0.007127972849783307,0.003765104732194072,0.005476312542410326,0.004523743138008098
56,0.0019664673170964415,0.006063026065632121,0.003882619349049307,0.004792513268447345,0.0039620697151220635
57,0.0018425216988406773,0.005085659199845552,0.003845590494311985,0.003943946691661288,0.0035606274220604636
58,0.0014614277073738988,0.003959178313958909,0.0037053204465011874,0.003159537312334109,0.003042890933808053
59,0.0014194655464940783,0.003871530843515804,0.0038177976886080525,0.0030334973834072808,0.0030289475129761452
60,0.0017299667462257837,0.003963143077412949,0.0038749733727181787,0.0031012898092979474,0.0032617555593581525
61,0.001979210379551219,0.004484039977130446,0.004155598977909785,0.0036381842379110295,0.0036326214886313996
62,0.001506296271410687,0.004374408224389615,0.004121579316478632,0.0038144149930590746,0.0033658392877848995
63,0.0019000318139738967,0.0046070462146742455,0.004357650826293686,0.003932367912533576,0.003676954458770615
64,0.0024335316778251524,0.0052626656566624255,0.005149956336975585,0.004440089109019378,0.004345540384259661
65,0.0030683879289845066,0.005526864493770619,0.005250992553692389,0.004502709663151763,0.004683137901652325
66,0.0032390269757468907,0.005545711370658108,0.005082813685184345,0.004133198889866245,0.004660577907237578
67,0.003241643719321439,0.005846709304528631,0.005062099760699178,0.004290801652047414,0.004744850970438564
68,0.003249751861845772,0.005982269885252399,0.005100725486178378,0.004412109447143107,0.0048057130347201995
69,0.003247355233656689,0.006364939666403937,0.0045810336997119,0.004632723796366923,0.004731353043509799
70,0.0030728875021336977,0.006859417615459739,0.0038315855177122036,0.004931738461705327,0.004576227233393051
71,0.0028842580051704637,0.006768850147225863,0.003382796398737141,0.0055046130888658645,0.004447334012977069
72,0.003173056292125807,0.006630724054227212,0.0034214966787321256,0.005304217182944694,0.004576738958904157
73,0.003135308591687474,0.0070220409463701405,0.0032638056374604684,0.0054539143725600425,0.004712196831466103
74,0.002996348514752367,0.007026610612659162,0.0032051463327129417,0.00544420552827243,0.004769674876906258
75,0.0029033207332617435,0.007152018567393807,0.00301807244976382,0.005526244205757379,0.0047936774167559116
76,0.0029146770613233675,0.007246811238164202,0.002915214110210772,0.005613769865080757,0.004698512063933474
77,0.003029529741845204,0.007139239259727169,0.002806531118036982,0.005572274190736886,0.0046351603843698816
78,0.003079703591129643,0.007153362528443693,0.002714172131433089,0.005581369829627749,0.004546064255391247
79,0.0026599475491326514,0.006917039946585072,0.0031780214804230907,0.005167424540931295,0.00434719018739398
80,0.0021378722970421993,0.005555878034139972,0.0037763450424473954,0.00392954608187945,0.0038402966709067763
81,0.0015834313089459402,0.004623374064573571,0.0038066668346801165,0.003271793171048724,0.003317912096502289
82,0.0014584838033446991,0.0040855642278163715,0.003626474259308117,0.0029351342620059485,0.0030651829898727463
83,0.0015286670517663846,0.003546084165600419,0.0035825985716672125,0.002508882773713378,0.0029452167809049814
84,0.0013217866281273036,0.003490224861592731,0.0036480613034901633,0.0024045593554039854,0.002793245632627507
85,0.0015570825614178566,0.003481644718666579,0.0036255974801476807,0.0026221675956550946,0.0028918617397277915
86,0.0018617542241427265,0.0042014512561072475,0.0035872211087634113,0.003351955224430089,0.003252587830325153
87,0.002257366838311062,0.004678894760777525,0.003663458340683927,0.0036918740924601306,0.003571945985948918
88,0.002684348903439069,0.005344399263015553,0.004037600830105631,0.004266792671338777,0.004038184621658459
89,0.003166113357519603,0.005466724212532555,0.0036857202232283832,0.004440474167327219,0.004107480003518046
90,0.003024468713441281,0.00606639092443691,0.003384641199489797,0.004791224019237486,0.004083587366777473
91,0.003189095391970028,0.0059836843902953225,0.0033094153268500136,0.004787843505276089,0.00412938214796361
92,0.003189038177683453,0.006020774917641712,0.003424028864738754,0.004784827085280531,0.004210313972182741
93,0.0031571534691491585,0.006335921796134581,0.003761057399795653,0.004986149483769153,0.004422914572149496
94,0.00291679466251179,0.007162476408690487,0.0034895102739775172,0.005406183186590253,0.00447946937513426
95,0.0028533870948918845,0.007961797889978835,0.0032546796320867748,0.005563056092575031,0.004553033820319258
96,0.0029955630957831793,0.0071580833427481875,0.003317540384807867,0.005048372686948882,0.004566858394809945
97,0.002936173168667208,0.007330851352497397,0.0034393606186302935,0.005136114639237136,0.004684044264158824
98,0.003088808972327525,0.007206761884451988,0.0032794893136187378,0.004993134878010939,0.00468604478453879
99,0.0029132133935863263,0.006618747263857564,0.0034401609709158783,0.00467422716874309,0.004480430395227053
100,0.0028598309254130377,0.0056513725199627916,0.0036001266906689616,0.004152302552583828,0.004191813255649924
101,0.0029051590985711973,0.0059536758130627875,0.0033342996152934995,0.004413136174062685,0.0041594491612644184
102,0.002826404983985477,0.005505098098993371,0.003216018376878222,0.004115474602602759,0.0038869204190179816
103,0.0024327728779566537,0.005122625714998067,0.003336921545707979,0.003795240942323262,0.003643400092016373
104,0.0018112104773500782,0.004364346344835534,0.0034621916191731788,0.0033022412564758714,0.00319808561915997
105,0.0013812064586405104,0.0035883228155862046,0.0034954809029874084,0.0028158042443755097,0.002794778375263976
106,0.001277514887606105,0.0031121084568371386,0.003381566564908268,0.002219878807321692,0.002585648269728927
107,0.00152772289795552,0.003261931049738494,0.003572868657322188,0.0024983274847617623,0.0028084946927316953
108,0.0013944221992178048,0.003371368176684452,0.003682602096849985,0.0027698630545448916,0.0028300385614266794
109,0.0015403767571703913,0.003581786370674101,0.0036547317005603368,0.002424274065501255,0.002957710938462771
110,0.0013563422705229547,0.003684692493859082,0.0035969044884147173,0.0023937579537131786,0.0028672227395400616
111,0.0016091622713608749,0.003569635692977386,0.003472001309119956,0.002239214068261913,0.002928623412020452
112,0.0020234874415747915,0.0041709248937278525,0.0035130795796904286,0.00289126136510823,0.003277981102367886
113,0.002617620454792113,0.004750409264441616,0.0035167068214824065,0.0033124539713867496,0.003630984450089914
114,0.003100811381397017,0.004524930234629409,0.0035123310871522672,0.0030315703225508544,0.0037027277424888814
115,0.0029871494722835982,0.004483505357101604,0.003494684956855858,0.0025050609577321604,0.0036537490179944783
116,0.0030118254037123683,0.004840738391318165,0.0035226132166291074,0.0027521843008431806,0.0037449980566624658
117,0.0030873908657093885,0.004797488872639592,0.0034949807392969257,0.002876372171136173,0.003728782428774572
118,0.003041124426151888,0.004791148599066926,0.0035081304544783555,0.003183138672644152,0.0037349033228440886
119,0.002880679626031047,0.004980948995572254,0.003439599564746313,0.0032236633362265656,0.003703920461159676
120,0.002834847562754232,0.005130585170089826,0.00356096595710722,0.0032366728729166967,0.0037962147861719266
121,0.002941741421098208,0.005066710694556795,0.003691871922539151,0.00326741031953578,0.0038931251353492126
122,0.003041635959832117,0.004970849712635167,0.003689899482372573,0.003249983384301607,0.0039346277402794025
123,0.0030054938593399518,0.005035242296407059,0.003657926932177208,0.003307560390559296,0.003960399801074488
124,0.002889732682809774,0.00499737913447859,0.0036405924053721866,0.003357392701379128,0.003913566354033305
125,0.002866332454857529,0.005048471629890608,0.0034708469724179665,0.0034157444291254262,0.0038600164643020195
126,0.0029213354372260585,0.004864119484050097,0.0033165867050948803,0.003638643631064347,0.0037304284341385958
127,0.0028537479036399847,0.004654177953940015,0.003364289594433658,0.0036411342073941616,0.003651348483879202
128,0.0022455769425951144,0.0043714576217972236,0.0034565778836533542,0.003088752750321978,0.0033719739045497076
129,0.002414261943428294,0.004191998072733659,0.0034703185087013536,0.00311767605191503,0.003377129717537532
130,0.002784946665430829,0.004035198937359853,0.0034759611652000946,0.0029147108517847756,0.0034648989131044086
131,0.002348394287784513,0.003905316666726031,0.0035400082956545164,0.002470386123865855,0.003276051791408244
132,0.0021000982829803947,0.004246043960814418,0.003584729813493494,0.0026631410565291077,0.003344525175699063
133,0.0019210279367508742,0.004486829940817937,0.003601039671647385,0.0030211967221936004,0.0033888389352563293
134,0.0016469719089918324,0.00440923557457766,0.0035670093222967218,0.0031772242146207476,0.003304925430492092
135,0.00167610390465832,0.004445630600404799,0.0035515164776305087,0.003312118977418211,0.0032410012591639115
136,0.002269012954178743,0.004534872048832676,0.0034890628733746988,0.0037420153911503426,0.003433718853810996
137,0.0029458114078058702,0.004365299243382812,0.0034509097077703326,0.003843634948847493,0.0036037971985407946
138,0.0030793317091225127,0.003880846063780896,0.0032834324208011107,0.003092602501507097,0.003413953869702358
139,0.0031865833426230434,0.0037010191952574567,0.0032994232526096586,0.0028800318039118233,0.0033851232877130763
140,0.003208013451308066,0.003997888899403452,0.0034878121878159003,0.0030247256746549376,0.0035479301171374962
141,0.003147388632537308,0.00410121528810149,0.003500536114882325,0.0030813592385079917,0.0035651645444719987
142,0.002978158920676342,0.004266244455117191,0.0035337352853660985,0.0034098438026815754,0.0035880744813968674
143,0.0030223747815339157,0.004320782026609538,0.003514284682616867,0.0034000369503526125,0.003613889559920905
144,0.0030979757790582704,0.004369551435194799,0.003689554873189551,0.0034309373061581646,0.0037304773068015874
145,0.0030568899078996293,0.004391168696548687,0.003880747888284473,0.0034518666027488713,0.0038174752276679417
146,0.003066942269180618,0.004403191746571514,0.003951349579937003,0.0034460409807700555,0.003855110231385322
147,0.003103028064513902,0.004386969270776614,0.003938454798220757,0.0034704524873099708,0.0038576022992855208
148,0.002923614690522826,0.004418166597331407,0.003884733280268503,0.003433584783710399,0.0038058388573598083
149,0.002907608265946125,0.004434543945381084,0.0037085357642287135,0.0034757639038025773,0.0037340555269555634
150,0.002906651068863789,0.004135110290382251,0.0035470923874189233,0.0033804293261928704,0.003580516390264819
151,0.0027916212061731183,0.004228370010900203,0.0036048115215505114,0.00353413918014024,0.003569964775338315
152,0.00221974130337516,0.003984838835570256,0.0036174342836692306,0.0033396149819010608,0.003297908817267719
153,0.0017754620314015734,0.0033988672566347623,0.0034396481108262297,0.0027796848738961617,0.002911827601038689
154,0.0015352484014948084,0.003182611819427331,0.00338437240714093,0.0025081042984597015,0.002707145586220289
155,0.0018052916209746778,0.002922188470984049,0.0033702699903246664,0.0024655278449684528,0.0027256927200802325
156,0.0018569466239190147,0.003385701660901534,0.0035408026713820255,0.0027849306029072668,0.002938340541085269
157,0.0018667713980472336,0.003683024308114526,0.0034524373567747717,0.003134517952687672,0.0030279230466680454
158,0.0017654850113002143,0.00409701256123569,0.003298683770293233,0.0034280557318813946,0.003070269989257051
159,0.0022180880384643424,0.0042623561920295564,0.0033973814263028456,0.0036014975895929573,0.0033230950251717287
160,0.0027265297170040058,0.0039806537033548845,0.0033939660644817134,0.0034455896489501655,0.0033932143893368035
161,0.0030227904817810678,0.003863934833697698,0.003439955582010021,0.003400354221819891,0.0034628853727391063
162,0.00298504327466142,0.0037551687339462997,0.0034342082672305877,0.0032359640622176174,0.0034158885529529236
163,0.002972404972308662,0.003544504375656286,0.0033326108061397805,0.003057892466161832,0.0033015055677622566
164,0.0029930727283934595,0.003968490476262962,0.0034460000255460217,0.0033129280904019226,0.0034689556965392505
165,0.0029955199530126188,0.003717187825008772,0.003419845183680664,0.0030899372596378946,0.0033829536648099187
166,0.002978225270167216,0.0036549920406984105,0.0034216914857263434,0.00301446871910807,0.0033658100395459628
167,0.002953089918541504,0.0036687719644329067,0.003426979615855587,0.0029585148576435423,0.003364832036540786
168,0.003115743700215448,0.003919730673265392,0.003677370026665809,0.00302588009227225,0.003583052834668608
169,0.0030241681573009113,0.0041158323440508805,0.003880798761479365,0.0031077605459597347,0.003707881732820946
170,0.0031605262041569547,0.0042950837835763166,0.004084465661379949,0.003248654624906572,0.0038946790568716557
171,0.003061556260060474,0.004399498580024759,0.0041045130192484975,0.003418184822241374,0.003921474065949209
172,0.0029575123724285366,0.0045327800516947415,0.00408752100331234,0.003459233649184346,0.003910091476605387
173,0.0030202478161703815,0.004577346283495607,0.004106155481247563,0.003509065884810631,0.003943688160828862
174,0.003201908318005417,0.00430065053210691,0.004114987579343871,0.0034103375213385616,0.003909780048220028
175,0.0030151275955252687,0.0038830687387394194,0.004057784671443482,0.003143327018658546,0.003686255168855357
176,0.0024979647699816757,0.0036230092245303856,0.004014336748324774,0.002939465590357209,0.003423422990902291
177,0.0016443595247199717,0.0033722807982448436,0.003921751658246192,0.0026648210418542383,0.002995191864768622
178,0.001298806597470944,0.002650501924921972,0.0036540009120904927,0.0021565832218870978,0.002516845324899019
179,0.001225793557473871,0.0023017761648586256,0.0034758714076412243,0.0019165884400324717,0.0023250152603004567
180,0.001214152984622889,0.0022761527680945806,0.00341240413810551,0.001977881735576606,0.002315698911453202
181,0.0012568196368597717,0.002340283889017295,0.0034192085401056225,0.0019823141262999876,0.0023341972490331826
182,0.0013914077435366692,0.0024875741944153725,0.0035576291250176777,0.0021373705017317035,0.002463231472119428
183,0.001658369121560142,0.0027139436582944076,0.003604314617033335,0.002416183143594747,0.002706978575486897
184,0.002168105415689898,0.0031498963870802378,0.0037557265342928847,0.0027897774157074804,0.003056153308984599
185,0.0027145695188821517,0.003505729484256625,0.0039044648219602567,0.003116796774624036,0.0034048381932396178
186,0.003141246565248531,0.003477800924587575,0.00393211180646477,0.00291202873895185,0.0035233725361456846
187,0.002950236436777769,0.003500381904156125,0.003922529978412849,0.0027372234333276507,0.0034811485710527644
188,0.0031005182284972238,0.0037974804577139117,0.004004698913762331,0.002889717111325634,0.0036537115196952955
189,0.003175651789192137,0.003877183894548634,0.004175808553027879,0.002959061595155178,0.0037727439725779924
190,0.003001055805592314,0.004055240352297983,0.004219094904595158,0.003168851581771645,0.003811583135480693
191,0.002979153503521396,0.00418027728187011,0.00418448467134808,0.0033501787953039352,0.0038066538305600224
192,0.0029085100894538675,0.004247175900916527,0.004097540200550679,0.003418448528769147,0.003764584030465033
193,0.0029128358273574004,0.004374716548997133,0.004109943801315135,0.0034731859247143543,0.0038104178884717016
194,0.002880897259758062,0.004800577717095876,0.004110856368473783,0.0037329778075929575,0.003944739869880647
195,0.0028961326545299208,0.005180987170041203,0.00401601207423978,0.00405330549273931,0.004064686195132842
196,0.002871343632640165,0.004917323600320656,0.004039122449873867,0.003966664337919041,0.0039778107393619675
197,0.00297355763829784,0.004990958405823324,0.00407281887498009,0.004037412666433225,0.004041715231726488
198,0.0029815937153585656,0.00465077715783906,0.004145874144576044,0.003831705903789172,0.003952209163747623
199,0.0022752280203103634,0.004056012705833736,0.0040609943345831885,0.0032792635087361493,0.0034656861402565247
200,0.0016618397727317575,0.0031771375060456616,0.003936563737463712,0.002586691784082799,0.002906209243377822
201,0.0012107955401275596,0.002558662521193232,0.0036956914735582665,0.002088614966125154,0.0024534005515101233
202,0.0009713923458474302,0.002254293030124936,0.0034211547007973377,0.0018035236975833474,0.0022076472594272636
203,0.0008970074243783324,0.002191399949633514,0.0033616325895753194,0.0017729200119325085,0.002116829861771589
204,0.0009012039714153305,0.002177366825701996,0.0033470460241601407,0.0017638789138004153,0.002103147370044074
205,0.0009565871840392602,0.0022605946887619757,0.003355918512543597,0.0018484555654691636,0.002149702696085879
206,0.0010444591535917866,0.002368860443198476,0.0034170675531726064,0.0020223817309326037,0.0022656973112439487
207,0.0012336663142815845,0.002657140064003852,0.003558853917563296,0.0023457675244012628,0.0025095970680482304
208,0.001768215030367418,0.0030440603415160155,0.0037131936052323014,0.002682575404498788,0.0028677100568859984
209,0.002556316885224266,0.0035736856708947226,0.003973907168750542,0.0030174633098438257,0.003392488255228909
210,0.002947085952285664,0.0035937604526293065,0.004017236556820342,0.0028939397458123536,0.0035176039561932507
211,0.0028012234749137375,0.003576740058805894,0.004021863344322691,0.0028595329016268215,0.00348208376700768
212,0.002921407259903263,0.003949147895729594,0.0040764654348105335,0.003130537633274555,0.0036686249960980483
213,0.0029768915172712204,0.004233590253024012,0.004138607945083745,0.003347711551374792,0.0038002426543583055
214,0.0029361410547252115,0.004201240901269375,0.0041570860477248605,0.0032237898472695,0.00375406488377424
215,0.0026843294508006807,0.004604280269274954,0.004163660299497411,0.0034370455886322732,0.0037912781961028986
216,0.0028309590400861385,0.005202882281655405,0.0041109865161438105,0.00402474514973284,0.004046675702769158
217,0.002830647378980586,0.005361799189886967,0.0038515535875835224,0.0041292539632246375,0.004097186440221549
218,0.0028051005345438155,0.005784942811065569,0.003717554875598009,0.004409799662721832,0.004213238155882005
219,0.0027639865429475168,0.005394069509988398,0.003825520167411485,0.004312734198986413,0.00407712205000047
220,0.0027576144799265497,0.005106753550434218,0.0036610991316026885,0.004138901568337396,0.003915227067652868
221,0.002803462039702562,0.005173642264120201,0.003550218242285366,0.004204099792286218,0.003916449133155491
222,0.002820552125616997,0.005544523623437882,0.003414996919977111,0.004453745422979663,0.003962178423385042
223,0.002618161587016192,0.005586706798170955,0.003491585654776424,0.004434408091536053,0.003907848861480509
224,0.0024294104834378166,0.005135602224467871,0.003589977870874836,0.004024686267738252,0.003746165641685725
225,0.001725026630522311,0.004544331983414373,0.0037061818277654974,0.003522342999342866,0.003269459377159764
226,0.0014657404481365486,0.0037419305855805685,0.0036669025942638023,0.0028515691295752025,0.0028893041750582865
227,0.0013997762130052718,0.003139726471833693,0.0036763071424193243,0.0023653328908703045,0.002694089505361674
228,0.0013445534716598026,0.0029013452362169558,0.0036026253535134185,0.0023659400486854758,0.0025764622173845217
229,0.0013967035277786324,0.002805900065821195,0.0035514786805048368,0.00246090250433814,0.0025665070233116993
230,0.0014783712980153533,0.0030377342082382013,0.003592785452599509,0.0026668782294588787,0.0026875542857895977
231,0.0018378724151627533,0.0034841293270823285,0.003628093182953238,0.0030244116639231277,0.002990826101078763
232,0.0021750844514528897,0.004190452129244796,0.003690837555652008,0.0033773073155327366,0.003304387701905096
233,0.002799174098548756,0.004831504530155989,0.003694963058593755,0.0038336909043078806,0.0037610416345215014
234,0.003097129835896804,0.005015408029066422,0.003718531700127122,0.003958020064496097,0.003946078870267856
235,0.0030699531608514912,0.00486738238472553,0.003691167104727353,0.003867383546039774,0.0038979431058216835
236,0.0030437605586416906,0.004853944802171489,0.003697103689569723,0.0038745715518999522,0.003897349886736721
237,0.0030756516327627554,0.004866943595886032,0.003724821526474615,0.003898635760859619,0.00391261691321253
238,0.0029944301580239674,0.0049024569904561315,0.0037836111468444564,0.003895006218581081,0.003920756268535128
239,0.0028922572476538467,0.005290786535610297,0.0037387189803211383,0.004082365192414739,0.003992272415469627
240,0.0029967273206534554,0.005340011563181913,0.003764973643818503,0.004078360693727285,0.004072343054357058
241,0.0030539529848312417,0.005689020411208966,0.0038370027631139964,0.004365553987680807,0.004253595446087831
242,0.0030603211486849567,0.005891333317549039,0.0037687790558569917,0.004583628378939321,0.004376122309457133
243,0.003042407789406708,0.006147483026414699,0.003617343323097399,0.004736281931286726,0.004512956104396422
244,0.003005498918455097,0.0062273821858570685,0.0035476223114178063,0.0047905003854416765,0.004549584565173546
245,0.0029940769031235924,0.006299727012868508,0.0033428249123246697,0.004855312979314498,0.004489231548957522
246,0.0029654565586311986,0.0063651818201151626,0.0032610041737087705,0.0049239229029180084,0.004400183974250473
247,0.002537535223343202,0.006105338351665011,0.00349566242868762,0.004653884910508429,0.004222058087919277
248,0.0019474367859875778,0.005573838884914206,0.0037000710114737097,0.004183891944718815,0.0038352479260268255
249,0.0015070607152198033,0.0046914554761660334,0.0038102076382070297,0.003533477492172843,0.003323544212603877
250,0.0017096033132901543,0.004103944037191688,0.0037137138354389177,0.003104802490270556,0.0031996754806203286
251,0.0014325109353126827,0.003870252971213734,0.0037819232962528994,0.0031335133258930227,0.0029448746165497775
252,0.001678621659946443,0.0029974699568968855,0.003549037733129706,0.0025231184054281576,0.0027830164866510776
253,0.0014485887927375685,0.0030922288764879645,0.0036227605072570402,0.0025275190748172247,0.0027294653738243794
254,0.0015770176292048742,0.0032087046689853213,0.003566774447297968,0.0026904742769863865,0.002829057622216055
255,0.0017426023755266005,0.0036194986649843637,0.0036064813188630713,0.003018849154897053,0.003038749814381147
256,0.002174849454827803,0.004345955042502768,0.003679784449274869,0.0036402132305947393,0.003436727299195285
257,0.002748973272333106,0.005370833000448594,0.00374102659400006,0.0044934151124855016,0.004000470659121936
258,0.003145478647249603,0.005198596696656758,0.0037086711363676595,0.0041764713887632934,0.004045010613022947
259,0.0031426026930085355,0.0050343486170863596,0.0036586967822006457,0.003982584259026765,0.003979003024831864
260,0.0031565536731697394,0.005150779108006605,0.0036840979712959034,0.004069071657056872,0.004029441781348228
261,0.0031016408612799516,0.0054221076959729605,0.003663951655161386,0.004234380934099193,0.004096245758239546
262,0.0029356842712889523,0.0054626829450429674,0.0036864618478812524,0.004177402076022923,0.004063895747464537
263,0.0029815739347431786,0.005449789699029925,0.0035635832976940417,0.004002651904635497,0.004005433877716215
264,0.003061385793007211,0.00540802480509558,0.003674119740320018,0.0039192269061485785,0.004087576691803856
265,0.0030461936192070697,0.005595315788875793,0.003760780739170942,0.003998849460808071,0.004231540155945242
266,0.003037192977912423,0.005885361019959575,0.00361789968665633,0.0044040252572473265,0.004357214487152325
267,0.0030559249422587222,0.00620670952218982,0.0035347537039008186,0.004611949570806616,0.004468689732679872
268,0.002956748189320808,0.006447980667192858,0.00331329677686473,0.004850494637515225,0.004480774492835517
269,0.0029380229543922356,0.006432980677706758,0.0031449086819588623,0.004837722913153759,0.004393832243472654
270,0.002979906887998391,0.0063597626349690736,0.00301838834946836,0.004835340013314718,0.004309567693451839
271,0.0025645874029507415,0.005772982425297768,0.003351695540089953,0.004409800759067374,0.004013511845692801
272,0.0020434350481530307,0.005020670749507434,0.003554005094336267,0.003899178071088362,0.003572592168091483
273,0.0017168192652058322,0.003997428549238999,0.0036764146692708642,0.003106062420468192,0.0031053655943098814
274,0.0015324886035756305,0.003146702497066963,0.0035262200156155996,0.0024940364008816814,0.0026865218399015826
275,0.0014336725609099062,0.002933498045322306,0.003608524804899277,0.0023192784192083956,0.0026044325495804834
276,0.0013965983518294993,0.0029855852823287917,0.003645387653721901,0.0023710284079231213,0.002629959985827025
277,0.001468918838919667,0.003220625803420371,0.0036483572751102454,0.0026493855325027777,0.002749407135292063
278,0.0015309193698550877,0.0035443553268204083,0.003640953015817393,0.002963120178788845,0.0028972923427077234
279,0.0017499672560748812,0.0042328633066510265,0.003734471574919636,0.00349091921985502,0.003259957029430578
280,0.002379937063211587,0.00459026306457439,0.004207557964019942,0.003300561743903669,0.0037606724267678394
281,0.002791682702465426,0.005724075086665759,0.004377043456715881,0.0038796371092128757,0.004351530609557101
282,0.0031634555327812847,0.00592781966848513,0.004228233120779056,0.004165746390624724,0.0045234792857257585
283,0.003139994369331877,0.006095415770840744,0.004216228037025131,0.0050201572903890955,0.004605329560459776
284,0.0031083392170723027,0.006264747841581698,0.004198467122662817,0.005251523070502813,0.004648373501483922
285,0.0029755056336402126,0.006423727013610694,0.00410981358344891,0.00533726012344783,0.004642947469842421
286,0.002936510111550527,0.006382877088765513,0.003924179370269262,0.005270002618363018,0.004570748288423173
287,0.002754496086595981,0.006479268484015762,0.0036747900797912394,0.00511842966321212,0.004478540507941113
288,0.002867882825884392,0.006303614857028896,0.0038522136395540436,0.004945020474473628,0.004535675875105491
289,0.002836989729473999,0.006464299538424396,0.003863194554563532,0.005019145565434582,0.004650447795495323
290,0.002824138277485242,0.0065905647029627845,0.0036060324443772545,0.005063811741677245,0.004718487377253298
291,0.0028009762133477892,0.0064038506568267544,0.0034325600901781786,0.004918507537128969,0.004619739390604494
292,0.002839032856140491,0.006332460949906643,0.00341692741686641,0.004895922168663208,0.004582487120049112
293,0.0028376686138917944,0.006402711149201687,0.003353691120036807,0.0049497452332594675,0.004557656035757752
294,0.0028397562731885865,0.006525302336570649,0.0033357751032665464,0.005054480032120603,0.004556319126683151
295,0.0027929447684312153,0.006133747219268362,0.0036779251227996488,0.004905197352535759,0.00450000673831043
296,0.0025142187243669986,0.0057347503123583105,0.003928703418349764,0.004707334469094167,0.004221474268331532
297,0.0020789886695852973,0.005053890141315493,0.004072583662996658,0.004122613654212455,0.0037913779814263858
298,0.0015304411603923192,0.004458458632209455,0.003985800419754047,0.003533325534090286,0.0033264252630994012
299,0.0015031101526443175,0.004817139057086929,0.004191904640174329,0.0038460402081989986,0.0033641617825255605
300,0.0014680266686494389,0.005145022527724125,0.004354980912389607,0.004143194255537062,0.003606919171278172
301,0.001664377715867084,0.005426748211913387,0.004346215183823933,0.0044891232413995855,0.00386743275582361
302,0.0020412329131427034,0.0056532097471570265,0.004182303268995138,0.0046268435958939855,0.004151152527761093
303,0.001971536575242894,0.005792988096732209,0.004143966089013078,0.004625774993961558,0.0040361505089584965
304,0.0025282864827141016,0.005751481026452196,0.004096395955495537,0.004107875160521106,0.004228044629695421
305,0.0027309029524364174,0.0059108106433638065,0.004057723316514785,0.0041215158232723184,0.004312628618335747
306,0.0029696084520487507,0.005987296162076684,0.004382143453308985,0.004209789070652139,0.004499599684844906
307,0.0029196645545503932,0.006127871241479356,0.00422334888692958,0.004262361152372607,0.004467216529556516
308,0.0028197036021264514,0.0061656326627467905,0.003961303414540103,0.004376447119035255,0.004338180501018878
309,0.0027523924252751634,0.006103609444013737,0.0038903212678321067,0.004750904771428625,0.004273326596911055
310,0.0027483643719351525,0.005783730374713294,0.0038427204042235192,0.004865839290927246,0.004140880964826374
311,0.002731411422093384,0.00578460439961417,0.0036934783046242777,0.004681784138541697,0.004002688700180784
312,0.0027778568203590927,0.005263899998457825,0.0038364148712088674,0.004313858380835397,0.003920264760816883
313,0.002917535543985713,0.005240824664413494,0.003930807466124719,0.004322352079504272,0.004039893840935496
314,0.002925873748882421,0.005575874316145413,0.0038440991264066886,0.004561395291086256,0.004185382915151107
315,0.0028092307999085407,0.005876595829150025,0.003713882552836214,0.004747536112140619,0.004276505661205678
316,0.0027239016790508845,0.005989247739179721,0.003462810289331525,0.004810539105436917,0.004219071463470754
317,0.002705856060986861,0.005632455922866292,0.0032922287537133785,0.0045689120401339834,0.0039978492280631495
318,0.0028413387714409754,0.005294208918389449,0.0032637394076343667,0.004369695738744531,0.003890753911965817
319,0.0025348768217087155,0.0052365396588606615,0.00335673466165228,0.004315796118546346,0.0037638792406410205
320,0.002282403399114969,0.004827726880540448,0.0035326724401173073,0.003988096379089671,0.003586904417480218
321,0.0015599950047403177,0.004197963222776187,0.0034459373372295312,0.0034481354817072207,0.0029399040500407867
322,0.0017377153514911193,0.003509379412005588,0.0033830129823228246,0.002888935699261383,0.0028310485018399898
323,0.0016526096261967732,0.0033534694251466965,0.003538549242412323,0.0028658589175799545,0.0028151459675215635
324,0.001624287984400039,0.003553658193558476,0.00363866940640602,0.003026946147074931,0.0029201073911386813
325,0.0018320475167408722,0.0038574453021202565,0.0036594446950415278,0.003355260106603766,0.0031316925833213835
326,0.001995403310750983,0.004177741041296276,0.0035694118301625053,0.0036058523559254047,0.003300882298028104
327,0.0015610284108410512,0.0038830796147698186,0.0034142994175587527,0.003251321758006773,0.0029258205614744997
328,0.0022133690225285066,0.004518681259478871,0.0034433540324650624,0.0037360431676624027,0.0034061711410796726
329,0.0026056247349814043,0.004809375733208705,0.003458791787197484,0.004038600165662189,0.0036459222576433435
330,0.0029821480157667933,0.005141076543744463,0.0035462996419281722,0.0042840294733633814,0.003906433851979687
331,0.002969969463288157,0.005195680731267976,0.003606460871751702,0.004272388695168623,0.003944215387836014
332,0.002985824001994255,0.005185285535847411,0.00362836666165517,0.004283095911767402,0.003939477660831675
333,0.0029834914920955366,0.0049330124445331825,0.003672577361829592,0.004098160230919925,0.0038457672279944934
334,0.0029748236813940633,0.004814926514569645,0.003734175693373082,0.004031713199767843,0.003834497550511038
335,0.002990669162733579,0.005112586822061091,0.0037692462069605854,0.004151271070162609,0.003940455031328758
336,0.002995821347677414,0.005713991573613226,0.0039730499613934225,0.004495643066534678,0.0042330243761387505
337,0.0030008104605579716,0.006130621860615789,0.0040948005415973685,0.00474217847140439,0.004502577768839098
338,0.0030016128539168707,0.006476482559402435,0.0041164584736136855,0.004957280283996306,0.004724244579549955
339,0.002929893134622767,0.006602364646552264,0.003998402162835406,0.005011951121600006,0.00472873351573786
340,0.0029425863478566884,0.006399277270771261,0.00392507805782643,0.004882216962624126,0.0046449689931891925
341,0.0030061543252049897,0.006075850663567038,0.003971930027304996,0.004707377709824925,0.00457597710298012
342,0.002884608175631293,0.006183344117931511,0.004248050866531286,0.004800587400011142,0.004625340885696931
343,0.002509095447323128,0.006048858356413399,0.004424431226047876,0.004676476483989789,0.004429173297312546
344,0.0022266949173655537,0.005477862100938255,0.004539367212343153,0.004310469571799506,0.004086951134350057
345,0.0018406131920544783,0.004858943605590365,0.0045454516744370685,0.003703177286446611,0.003723106133991385
346,0.001454133720099232,0.004777260294714755,0.004600969026528529,0.0036964541759697913,0.003509630205204947
347,0.001418706993853778,0.004803918558009721,0.004747739967001416,0.003747812924825842,0.003499986914797099
348,0.0014146768788040104,0.004839883031403417,0.0047156106617314885,0.003849957088851467,0.0036239079936477877
349,0.0016095069888032146,0.005145954602291756,0.004509445153018734,0.004086049200794828,0.003882654768948182
350,0.001686462452584317,0.005462986118717983,0.004419411976068669,0.004280490383050187,0.003913703344710855
351,0.0021184064934562435,0.0052147773681884705,0.004047495304744899,0.004204828170788132,0.004031842210949177
352,0.0022002836261724645,0.005988963197151956,0.004028279257086901,0.004752010242798626,0.004226072828567948
353,0.002541901740801718,0.005690243637894806,0.004178323207696071,0.00447922901715487,0.0042517870483369585
354,0.002693320097108314,0.00555760637238818,0.004170124417555497,0.00439356207666472,0.004226955448302611
355,0.0026852002073866877,0.005323423467028667,0.00405297141384765,0.004214961117922113,0.004092353704094618
356,0.0028124083290706433,0.005220320544188861,0.003732339340299847,0.0041559729854205325,0.003948774848502439
357,0.0029651047687549903,0.004747162870159562,0.0034798315111684674,0.004096921460520515,0.0037682647160940923
358,0.0029165437444267617,0.004680060189199602,0.0035105605002013996,0.004130227023796542,0.003732442959469008
359,0.0028650062041801834,0.004673672982904142,0.003461575619408115,0.004036067947782234,0.0036858699755536904
360,0.0028857526719965644,0.004572646903784046,0.0034047851042386134,0.003896729730511223,0.0036162546380857762
361,0.0026781921519697873,0.004433876565677351,0.003338236794789525,0.003746647980983417,0.0034940830173065254
362,0.0026572983049679235,0.004600008241029389,0.0032986535203090015,0.0038540260088642717,0.0035457508037791104
363,0.002642625091960303,0.004681894292995941,0.003286303134411076,0.003900459398608814,0.0035752674828937897
364,0.0026873622248835783,0.004656446441513936,0.003278813686712366,0.003896942657011792,0.0035809437848720324
365,0.0027576879809646116,0.004568180918470079,0.0032742577147152536,0.0038551883261788273,0.003579594629658558
366,0.0025920323370463806,0.004245951720086128,0.003239453580842419,0.0035962333075482632,0.003424756240171713
367,0.002179642149463669,0.003984166741954055,0.0032343482209894825,0.0031595870256757967,0.003165223030659733
368,0.0018241330249205686,0.0037966004977094373,0.003267899083413096,0.0027679794279842278,0.0029546102252910687
369,0.0015985978980364876,0.003667297063291366,0.0033229809948450363,0.0025945828522035566,0.002792226172116609
370,0.0018169797778539347,0.003516404686414341,0.003311229526365027,0.0023874908363461307,0.0028846689763482266
371,0.0013237764867438204,0.0027564974052570147,0.0030075855502629313,0.0018563073720936519,0.002366821742011493
372,0.0012256599104042338,0.002401599898340444,0.002807553918625397,0.0018020159854687475,0.0021440955573984693
373,0.001169401009021678,0.0023203591684515623,0.0029029534116488827,0.0019429490495515248,0.0021209179830791536
374,0.001302244124029565,0.002577440015687069,0.003042240691054584,0.002007865925421536,0.002291220353171887
375,0.0016078957177681947,0.003264481782574396,0.0032348231641925297,0.002405627281029904,0.0026756363880823517
376,0.0019574135130366343,0.004010702448108228,0.003350349746081856,0.00296160457844974,0.003091152455379694
377,0.0026050006521691556,0.004418514235412889,0.0034909699435167704,0.003308770198703058,0.003524666881361055
378,0.002810180082947818,0.004627484080650857,0.003732533215995688,0.0033032358068892757,0.00373785201906114
379,0.0028198250732539595,0.004656725628011867,0.003796698718031656,0.003310412653537666,0.003769120343774483
380,0.0028367638803266557,0.004970597678112869,0.003891182627647277,0.0035088405136718477,0.003881619684455094
381,0.0029296816167247975,0.005018359751114327,0.0038731783922621014,0.0037241248083199384,0.003921633241215592
382,0.0030230817170600094,0.005062997581885476,0.0038206921229277414,0.0037714939746998203,0.0039490705801267486
383,0.003099152270365087,0.005056147928891859,0.0036939612733966477,0.003681837648481017,0.003918875087245798
384,0.00296116735758001,0.005274647521915098,0.0034771329854492807,0.0039057772667899985,0.0038799791546965143
385,0.0030383965552962322,0.005377531622390609,0.0034040647488901878,0.004104673902104218,0.003917870685049128
386,0.003100548696487611,0.005293048175150736,0.0033372257189315676,0.004042244350633172,0.003910665639585614
387,0.0031575230770752977,0.005203442027247245,0.0032973045298273196,0.003983320518252882,0.003911574090241464
388,0.0031563726010058837,0.005206133985327116,0.003267586146295221,0.004290215459375482,0.0039002686344474994
389,0.0031671540334156883,0.005251172114920247,0.0031387259509595604,0.004362615744850837,0.0038385861904319217
390,0.0031604772439241743,0.004915972314951236,0.0030173479507519035,0.004141129725274933,0.003668479026477846
391,0.0031446419311763193,0.004691907347355403,0.003057814511562353,0.004006631655202381,0.0036208939016259822
392,0.002685821241086143,0.004501233164402621,0.0030710800031969916,0.003812958928266348,0.003449484927306953
393,0.0027949137809085466,0.004126217104355633,0.00305460017189354,0.0034860577517079176,0.0033370338063636205
394,0.002395067409217458,0.0043420268561584555,0.0030914243011514126,0.0034645021373120063,0.0032801417642902525
395,0.002082241117772633,0.004492016660612044,0.0032315943052287454,0.00352626449768137,0.0033292513296916478
396,0.0024875104726841614,0.004795999506228493,0.003409446664864961,0.0037051459768990087,0.0037226477290468094
397,0.002912671618713809,0.005208207914205332,0.0033673553340263524,0.004044527049573018,0.003936175199747901
398,0.003055333738447839,0.005576586232535306,0.0034315608421313024,0.00433083941813781,0.004079219534265045
399,0.003018130221936887,0.0058978033003263645,0.003449937097115172,0.0045377074976701475,0.004117050145519947
400,0.0031477373994785616,0.0061472433938010405,0.003363642258445331,0.004880172212622092,0.004147837409679564
401,0.0031645630433579904,0.006263924037405168,0.003317289418636265,0.004919249037337797,0.004123443359452099
402,0.0032452205822326463,0.0057629692349858985,0.003444749869489408,0.004474347432671317,0.0040736537787182045
403,0.0033151978375011108,0.005738138926434016,0.0034743941334616796,0.004420038889000696,0.004089279500153027
404,0.0034352576667761804,0.006126013602948103,0.0035772187915031326,0.004661322880811918,0.004239226524666318
405,0.003405778197133986,0.006290017674597824,0.003661410375213934,0.00476651115375443,0.0043052432092788116
406,0.003315487511482438,0.006260598843064128,0.0037486821973438523,0.004702504675871699,0.004299752114019335
407,0.003230014547833735,0.006383656870653261,0.0036012986487468737,0.004533222122087232,0.004215465441008241
408,0.0033683776311590288,0.006302514958173607,0.0035832979540770912,0.004396096181032782,0.004258172532729268
409,0.003360049567381093,0.006190428683042145,0.0036163679276105453,0.004411931697314924,0.004346840743440943
410,0.0033075345576344247,0.0057538888865260535,0.003488351432874256,0.004248962668539081,0.004220349131555916
411,0.003242306711693476,0.00566458094273719,0.0034061736372670856,0.004177989402603494,0.004146568243360399
412,0.0032357342282512786,0.0056114930490036566,0.0033505745521312568,0.004130531693407081,0.004093911209958274
413,0.0032424880393512987,0.006037917435402005,0.003327933643693617,0.0044258657958634725,0.0041738828655132985
414,0.0033457027330075855,0.00602182411373769,0.003236568934281975,0.004428256870808853,0.004135496487508503
415,0.003383958266666731,0.006188765277902764,0.003324841860577655,0.004181247833869758,0.004214628607117756
416,0.003304824062928701,0.006049416124957234,0.003416030799541041,0.004029057421074025,0.0041358353458421475
417,0.0031068171334547676,0.006195213950177179,0.0036278844948910145,0.004154793024326199,0.0041905717594160645
418,0.002973374687582079,0.00604071987986051,0.003562094711498065,0.004361194627506198,0.00416738157158857
419,0.0031265326054106058,0.00527356154019968,0.0034248006427279173,0.0039062439879180735,0.00402344262721637
420,0.0028058594684836537,0.005089083265976602,0.003280266943025842,0.0042856600229308145,0.003875067648961441
421,0.0023432547872005325,0.004824044820942976,0.0031472995165319193,0.004201169354107116,0.003592567894510925
422,0.0026035318910169443,0.0050847171093935575,0.0030985853891405055,0.004467544198328008,0.0036855440148249605
423,0.0028549551686602045,0.005366527993630487,0.0031802098662966987,0.004687012440006913,0.0038118734167569904
424,0.003101795758821548,0.005394400145744454,0.003203913829620312,0.0046649019698698085,0.003863644204456226
425,0.0032002723213185973,0.00537877383760873,0.0031860764280034737,0.004325785522652832,0.0038449079022973153
426,0.0033141406814567753,0.005455070950657913,0.003211554703205025,0.004350231477494687,0.003890306141978753
427,0.0033145773215426683,0.005371495636540588,0.0032346206621406814,0.004290322309016966,0.0038853848897839986
428,0.0032808837755256884,0.005478584665768184,0.003256410751166075,0.004432344778808706,0.003911215519832832
429,0.003395990601576736,0.0054608688868597035,0.0033808181016020196,0.004442465557065924,0.003990059048768906
430,0.003460670291920629,0.005410225132477967,0.0035030782996152234,0.0043857063944688955,0.004036626933918525
431,0.003297585149495145,0.005673133642574315,0.003431620875252462,0.004372732332525748,0.004016526951209462
432,0.003263271383122458,0.0059734433522201725,0.0034893416507973756,0.004381410208473746,0.00408593482061186
433,0.003177862588873581,0.0063040178971802,0.0036068168827975092,0.004525865518561658,0.004191053021449702
434,0.003207466444720506,0.006199562305599462,0.003449893645629543,0.004470343729430595,0.004174377610292705
435,0.0031892338338609326,0.005847889434295122,0.00334248631578051,0.004244338717317326,0.004099449299176069
436,0.0032208117251442867,0.005642356133171554,0.003308780149059556,0.004054802345430986,0.004053260249856981
437,0.003380311613055441,0.0055699332405807905,0.0031740961993773284,0.004055053267127955,0.004008088706129861
438,0.0033525196164298095,0.005242177942663074,0.002976299557879363,0.003926934106016743,0.003798610685360615
439,0.003114356582757103,0.004854140964354074,0.0030001501582109,0.0037048511980409104,0.003604736079425106
440,0.0027796545923232546,0.004141550344025663,0.002965402535702354,0.003200997920921711,0.0032819484030082494
441,0.002679403206215083,0.0035712910214483005,0.0028829619291956925,0.0028626260921771124,0.003061087380951486
442,0.002045523386098681,0.0033140432078969614,0.00284753498505101,0.0027654558089436304,0.002779081844073753
443,0.0017979879926086956,0.0029857526810621537,0.002779726391901311,0.0025147544232445272,0.0025630874878657043
444,0.0019345853274040634,0.0028716220905863404,0.002580940394957317,0.0024399748447728803,0.0025425561203029716
445,0.001988447725557927,0.0028626841197689572,0.002549801734250153,0.002437918248674758,0.0025383999188035708
446,0.0021951003243845923,0.002908473632889701,0.002556965509666944,0.0024631305413770712,0.002603960413701146
447,0.0023617565306774135,0.003113496451465893,0.0027511791968415737,0.0026631986629131505,0.002779745693120692
448,0.0023600984991833875,0.0035069171123260044,0.0027682914527652727,0.002996823853766076,0.0029074521663274146
449,0.0030613023615126034,0.004048094717608983,0.0028303426584230596,0.0034347047424847627,0.0033172316167838396
450,0.003399551322247284,0.004188372583219743,0.0028576729938325153,0.0034101356756284376,0.003463664566633588
451,0.003366165816961366,0.004358861569781383,0.0030273574546247476,0.0033597789135605175,0.003562002075504936
452,0.0034265234624850844,0.004706196623288246,0.003114258746695976,0.0036088094569657267,0.0037034864499670976
453,0.0034732413073114833,0.004706567764280442,0.0030878962567394055,0.0036123964870584885,0.00369848523991185
454,0.003437449933446858,0.00497323199569324,0.003217135510218536,0.0037381023402818982,0.0037985406954979535
455,0.0033422593009852447,0.005467884093105206,0.003165171042039909,0.004171689998377238,0.00389394535962839
456,0.0033001323556147025,0.00589020451733376,0.003198705223542544,0.004441205802720928,0.0040224886993330865
457,0.003248363772570926,0.005851129866668149,0.003267737879247811,0.00439078169538886,0.004097399843967651
458,0.0031874793431689937,0.005424784797632282,0.0033873407219978855,0.00433371924858345,0.004029585482118463
459,0.003234132493621644,0.004885202929831454,0.0036264994567612834,0.0039998683240466005,0.003970278556507871
460,0.003209850478926807,0.004787717635163281,0.0036674856861242788,0.003947244333718158,0.003952215779255804
461,0.003217674738667597,0.004925468815124266,0.0035420650025358613,0.004030314538413576,0.003927616713066645
462,0.0031141779088566077,0.004588941046222694,0.0034254894539536263,0.0038277012175178655,0.003730847812047449
463,0.0023679394457106024,0.003938190563832277,0.003479249344793937,0.0032947141478746034,0.0032700093316644983
464,0.00204572357570548,0.003301944483509259,0.0033836984263823215,0.002815554015626717,0.002919136506340228
465,0.0019168547916847837,0.002912810954970006,0.003281149250230744,0.0025049204084125853,0.002709686698265243
466,0.0014736370192334524,0.002728403568552995,0.003206918879016881,0.0022926066646244136,0.0024626237972958298
467,0.0015048338317750836,0.002563577894963846,0.0031403966000191647,0.002110445218723075,0.0024204781152182262
468,0.001295426109184405,0.0024100643148486202,0.0030611065366720406,0.001969089536491055,0.0022524054255568613
469,0.0013932427263906302,0.0025205662195679824,0.0029555374051453676,0.0020937358010258175,0.0022959116283430363
470,0.0017136822745032801,0.0027544794646910753,0.0028787090311099277,0.0022778504485389266,0.0024901076122246066
471,0.0016736019635243714,0.0029572147893719802,0.00286567919359732,0.0024527599054854606,0.0025080015358599113
472,0.001970932049788012,0.003341196347720294,0.0029821205256330948,0.002840796662091719,0.0028026850185599713
473,0.0024675455609666484,0.0037116534833305146,0.003262643333436763,0.0031537740218873012,0.003180413115423029
474,0.0030593076829205767,0.0037776157130693256,0.003449269328435523,0.002944505550431144,0.003428828550549979
475,0.003101631735531075,0.004032149341787919,0.003517248153724582,0.0031119107798477505,0.0035455012125142765
476,0.003130793665641273,0.004329326894280191,0.0035671017381582386,0.0033143313517753374,0.0036647988743785977
477,0.0031099232141542895,0.00451256860026463,0.003579126265905415,0.003408629582683861,0.0037118627356284096
478,0.0029406103610956965,0.0046600077820000245,0.0035368261010293688,0.003418603735194153,0.0037010514602246053
479,0.0029343908314035474,0.004970736170347513,0.003530560691779569,0.0034788164369805607,0.003780978223684738
480,0.003015524178716576,0.005044254205864652,0.003717741719781394,0.003646428770815306,0.0038974171752730676
481,0.003101138446395668,0.005264340210356647,0.003815718422016041,0.004283744867881414,0.004075735012119487
482,0.003227406798105988,0.005856991303529543,0.003737673863730498,0.0047327839642324595,0.004332910375936241
483,0.003252717793223225,0.005835303197033665,0.0036707365283856763,0.004729547135867216,0.004353781137804221
484,0.0033382135063235964,0.005690772575995484,0.003608781161946878,0.004659298103538965,0.0043384475781664475
485,0.003296343936969094,0.005658451671227407,0.003515848753242606,0.004672478503509076,0.004274180417309273
486,0.0031005851650841194,0.00524531874259385,0.0034341983304358,0.004381734790938143,0.0040333398979610835
487,0.002259518944121927,0.004470948121236094,0.003543432650933745,0.003675302507549229,0.003500918091399877
488,0.0017609501196449947,0.0035787958319952115,0.0034394892472269494,0.002980789920737212,0.002940761866641109
489,0.001408225106297145,0.003018185430143933,0.0032604410916224798,0.0023866983813939525,0.0025603832251767595
490,0.0011780403048371594,0.00263501473805792,0.0031315237373794732,0.0019676294821158015,0.002303748416398296
491,0.0011308376595090556,0.0026616898853808655,0.0031984548733178853,0.0019292152553930758,0.0023089970183026716
492,0.001041978641419702,0.0027248551080563998,0.003266006650395229,0.0018435955916688445,0.002326035899517194
493,0.0011691448850116469,0.0028913447623078216,0.0032505804121690726,0.002078362535325564,0.0024266363360802875
494,0.0012571725104035677,0.003178969816333633,0.003203550342995439,0.002431400478658582,0.0025523090598244553
495,0.0015058073963640278,0.0036883818303277876,0.0032381013012757927,0.0027947114122022767,0.0028557566682614654
496,0.002024907251456059,0.004282807327102028,0.0031382913942711345,0.0030740370252485922,0.0032341694519867955
497,0.0028376880914527582,0.004885511939304086,0.0032881585850626856,0.003864126282577507,0.003733642640137403
498,0.003332579315936852,0.0051106726568456665,0.003441678914604226,0.0038845650403327675,0.003994482546983694
499,0.0032437463591968156,0.0051995988384509395,0.0034596706567521706,0.0035956762407266148,0.003990301001208956
500,0.0033228598910591467,0.005240902503528163,0.0036277991029525923,0.0036235575040435633,0.004074319811587242
501,0.0033648868985147865,0.005281112909354814,0.0036185657388006372,0.0036599994489621883,0.004099803929082031
502,0.0032880631932935772,0.005306553866550317,0.0036126339399501542,0.003624558753722898,0.004090414869970828
503,0.003086597346338944,0.00524161340601912,0.003764842016887364,0.003525936481548092,0.004063043035193703
504,0.003093958063606197,0.005310314954965443,0.0038531572105442273,0.0041122791953159986,0.004119248132622369
505,0.002853743494460248,0.005631713639394928,0.003940783519424456,0.0042309282142567965,0.004185730481172706
506,0.00283510160325711,0.006052940612222797,0.003912430966026107,0.004448549632276051,0.004300690149683214
507,0.002899547590277038,0.006249583875691122,0.0038303707885038725,0.004568891337981846,0.004383481341638797
508,0.0028620880124880423,0.006060019848840664,0.0037865143593991046,0.004435515117888301,0.004285400742589411
509,0.002951711602025302,0.006138571500315688,0.0037826334455761017,0.004544038989173887,0.004348643103087826
510,0.0028392788203683633,0.00568852917785323,0.0038103649188805052,0.004252548229443009,0.004194775249336711
511,0.0022083435619224523,0.004545667585463348,0.0038731339635261794,0.003214192115881752,0.0036083984733532868
512,0.0016670007060471314,0.0037614455457304088,0.003853970674798106,0.002472778308406948,0.0030567051314663233
513,0.0014792963011316777,0.0032638817277392635,0.0037488279731958405,0.002024916221670658,0.0027319861804106413
514,0.0012224015926440407,0.003007406027363936,0.0037092550693374362,0.0018476074235054666,0.0025132258572040465
515,0.0011504023674553652,0.0028723880185918165,0.0036797451994075164,0.0017849849661589964,0.0024378756031225896
516,0.0010240568547815584,0.002817690163202321,0.003298608915591857,0.0016207109352079751,0.0022961159194184845
517,0.001016318370612818,0.0028926848564613484,0.003343559252180526,0.001824180363941066,0.0023402784607789795
518,0.0011131863997478962,0.00304122633460663,0.003519143075784186,0.0022356526189297437,0.002508419227976552
519,0.0013857267367637155,0.0033525278392605657,0.003668528510767718,0.0026997952673713504,0.0027889340999016888
520,0.001749112967316202,0.004097678342775488,0.003932673430413979,0.0033689535490085726,0.0032702357495772764
521,0.0024851622141293947,0.004831866404509546,0.004001756149629469,0.003973486820381168,0.003814335503673958
522,0.0030851989369092675,0.004896607059226692,0.0040456038702289705,0.003762787948360385,0.004052314499788962
523,0.003122668023320173,0.005144509210954665,0.004088461360516861,0.0037046207192525313,0.0041493735663557735
524,0.0032126297580378944,0.005242480763406134,0.0040925542154709215,0.003821340144084416,0.004219249376320622
525,0.0032153904917240363,0.005229875255137543,0.0040565319415290044,0.0038449580748763476,0.004214686088229402
526,0.003132186936649898,0.005424580418725931,0.004130915610326035,0.0039016694660897705,0.004270786638135023
527,0.0031576739448046435,0.005574721427527111,0.004161391297730449,0.0038241479128544834,0.004282969525754003
528,0.003145074679559406,0.005679322818119589,0.004232626223653541,0.003929500381500675,0.0043305634003409305
529,0.00311693148278886,0.006065723194035331,0.004170744463510157,0.004022160293772623,0.0044041074343858875
530,0.0030444122430636836,0.006368323005993282,0.004067199130585989,0.004094859438248629,0.004441191526308635
531,0.0030944055943194658,0.006328005986420052,0.004003690182720585,0.004077156484662452,0.004457918263558299
532,0.0030724946452575885,0.006421976284323197,0.004049870563402999,0.004119148553961058,0.0044859185500178735
533,0.003043035175972412,0.006338950598133952,0.004079387801180412,0.004134776282440438,0.004461139492102529
534,0.0029812491734071685,0.005544167375075469,0.004089402306826675,0.00396523887551966,0.00422757515086939
535,0.0022259828262646444,0.004526608432560116,0.003960847720011423,0.0033712162622784943,0.003592719211672129
536,0.0017038146163370685,0.0037217148848174837,0.00389962794236827,0.0026865618607469968,0.003080967317377523
537,0.001138967259856506,0.0032250171272035825,0.0038450605752695923,0.002139537872361618,0.0026590577522746617
538,0.0009298820442817616,0.002697861804569858,0.003696295927831332,0.0017729075884085738,0.002356014323124539
539,0.0008567381169696838,0.0025628079689469768,0.003654418132864245,0.001606139554390976,0.002271167423024459
540,0.0008442569231636236,0.002517002756807632,0.003611034599547883,0.0015528252044934104,0.0022460659036057542
541,0.0008893731271856211,0.0025980086369700446,0.003665365269019923,0.0016604753399523352,0.00233336267743936
542,0.001039124280535344,0.0029594192132387687,0.003793603337534479,0.002048000397901787,0.0026041451517748353
543,0.0012600732450598897,0.0033951563355672327,0.003942276885229444,0.0026788364510885432,0.0029823326654428205
544,0.0018523816682533098,0.004271424752139104,0.004155792212566873,0.003590269770631364,0.003591339934976078
545,0.0026746041632369124,0.0049751359891979765,0.004342058968556961,0.0043043415882344045,0.004150788542540259
546,0.003192135250262426,0.004917263396383291,0.004305213505683978,0.004229878787188772,0.004234612377859576
547,0.0031784260365683792,0.004866222344270762,0.004299629450693851,0.003983638519329913,0.004207504969284922
548,0.0031822407442481915,0.0047992977364451446,0.004259695879784929,0.003927087903647726,0.004164839431485096
549,0.003035679326134547,0.004912020624800459,0.004205982610797385,0.004116325565608828,0.004157501650352229
550,0.002974332734730846,0.005044575979010712,0.00417768483859869,0.004183049916243607,0.004192576193424706
551,0.0029429469672876663,0.005206322586836477,0.004103937379724542,0.004181380619326804,0.004187204618728903
552,0.002946971349694064,0.005080565537030236,0.003960728708771308,0.004074007736972392,0.004115488577525375
553,0.0029757682204315707,0.005238801985200978,0.0037688452119670627,0.0041168037908088356,0.004159185183903702
554,0.0029816593447609323,0.005477304312121431,0.003567470502888,0.004200940515480737,0.004209487294187471
555,0.0028774316403167833,0.005507912330248967,0.003327319581197693,0.004156532011795313,0.004174438186999517
556,0.0028813920386205542,0.005477865335582817,0.0031874951790537144,0.004137952091882219,0.004153663276903996
557,0.002923118445387524,0.00545528608348718,0.0030894199968373513,0.00414437727726833,0.004121364675032822
558,0.0027594295383926654,0.005152862739230156,0.0029952537679170986,0.0039502694220477945,0.003890143423532123
559,0.0021621450784371195,0.004364115200772726,0.003266477335845605,0.003351652729695499,0.003419125933429721
560,0.0017634947042460924,0.003559121474967527,0.0034520920401597344,0.002678997150967688,0.0029829497238127714
561,0.001426554837475859,0.0030888557011076287,0.003351958801341533,0.0021872556623200564,0.002651028872178787
562,0.001111796636175886,0.0026611417040370883,0.0032901760020226734,0.0018632832214704534,0.00237967496446444
563,0.0010343531967653466,0.002542616482303088,0.003318237859254445,0.0018056634607128573,0.0023120629915884643
564,0.001026276302598156,0.0026493324703013897,0.003440410030497996,0.001738048488572096,0.0023907906304578945
565,0.0012157506237040461,0.002960178025923939,0.0035160595144999936,0.0016418766095270781,0.002582551007567497
566,0.0014101067882833407,0.003403174002954866,0.0035026923028590325,0.002436660984042594,0.002826003247549828
567,0.001689793514195008,0.003668200551570547,0.0035359557432681635,0.002958465898260971,0.003079653402881754
568,0.0021351310862583006,0.00419296797680047,0.0036156367001155066,0.003541234525498852,0.003452010810311657
569,0.0026120762299758358,0.005106553020939013,0.00372768763714217,0.004239536800577385,0.003931506919360074
570,0.003147978209452954,0.005574914139815323,0.0037353173668373237,0.004440301302390696,0.004243099787650192
571,0.0030325739531129594,0.005828580989949743,0.003706234587005165,0.004338742880521352,0.004276353680863996
572,0.0030070045712281054,0.005738086333256025,0.0036507829232306998,0.004179443153389076,0.00420168532937084
573,0.0029349636307956723,0.005666932699403597,0.003577641580285459,0.004083014861168729,0.004122029006373874
574,0.0029420690612615348,0.005613739670348199,0.0034429272708699876,0.004192305087831214,0.004062045582420484
575,0.0028802782868806217,0.00549644961997607,0.003465572558249565,0.004183000500934022,0.003999338919891441
576,0.0029494825859376897,0.005442268461927246,0.003563681840459515,0.004027022148799324,0.004018410526401875
577,0.002954152732215654,0.0053548097044021315,0.0038352154297813922,0.0038726565651704624,0.004066035036843706
578,0.002985968400725951,0.005485371492858183,0.0038119362568597055,0.003938003701371575,0.004162151519425396
579,0.002996201949156869,0.005488430407797275,0.00374229034136304,0.00395915450808697,0.004188330320332515
580,0.0029158400041374207,0.005480692235321206,0.003640253888072952,0.003931030025667715,0.004132465880771263
581,0.002903124133857764,0.005524187153644316,0.0034254293252666402,0.004003205289181423,0.004056481454430722
582,0.0027423572664736734,0.005122053228265476,0.0032639471494292967,0.0037488598345675563,0.00380834075677308
583,0.0022062491639274558,0.004364905588643469,0.003383480529727365,0.003126953487392259,0.0033827370875031807
584,0.001817358580547673,0.0035025692742777573,0.0034854107526572854,0.002699011054263605,0.0029860700044566525
585,0.0015875281810670517,0.0029905214841699944,0.0033974434776261613,0.0022788219620755042,0.0027109922077439004
586,0.0013864950635658654,0.002735034426878339,0.0033240575358661367,0.0020926503143664362,0.0025417093152662646
587,0.0013999059665279834,0.0026554819887114954,0.0033990335667248776,0.0020375082004650677,0.002530504697454449
588,0.0012856096802447699,0.0027222040098280353,0.003491766579696457,0.0019638532160368115,0.002563638291024507
589,0.001359226036969036,0.0028990863621251688,0.0034811013919004096,0.0021836241358231313,0.002626039859964023
590,0.0014147838473110065,0.003051424165492982,0.0034101499197611864,0.002455040331983903,0.00271614774978944
591,0.0015866689037236732,0.0034341230139265716,0.003452513291660765,0.002888199743704308,0.002927025004587229
592,0.0019478256196267217,0.0041593961137704185,0.0035686099776080474,0.0035091424901644865,0.003340121226402485
593,0.0027021667084800582,0.005009999855989771,0.0036844674755589072,0.004077266323286804,0.0038757162261730555
594,0.0031423783451186857,0.005330026711812589,0.003737470316438596,0.004037436037149242,0.004095270780872462
595,0.0031550726641209133,0.005770714535417709,0.0037659419636107074,0.004225367970750643,0.004237085130063864
596,0.0030314255499596537,0.005764858983377888,0.003680607088334329,0.004203779896922583,0.004168029290599147
597,0.002996757197038026,0.005624156160996107,0.003592966998795521,0.004123196935842991,0.004103655770083283
598,0.0028932810474422135,0.0056015941442078936,0.0035024964371212527,0.004231945640962782,0.004060008923646761
599,0.0028514288256662064,0.005669913368546776,0.003303671062986445,0.004370865606704984,0.0039957076758855735
600,0.0029031151453865816,0.005194963053825312,0.003601490573385003,0.003997645406284752,0.003927783064290649
601,0.00287608080442422,0.005434812622834838,0.0037841818930367675,0.004103791159925505,0.0040756518927986315
602,0.002840052894065062,0.005641368425601052,0.003744534079935686,0.004267568871783083,0.004165606289901292
603,0.0028389213587852865,0.005663635728362418,0.003687346687746315,0.004290742397369503,0.004181600132992646
604,0.0028547077208709473,0.0057469699617885405,0.003565590424593731,0.004374656420644264,0.00416105893741262
605,0.0029324345946120252,0.005789571526963819,0.0033158168288764636,0.004433088053375444,0.004098989056344452
606,0.0027837764734414644,0.005470109621325674,0.0031851255102668713,0.004222968593869882,0.0038910712365280045
607,0.002331485864632156,0.004599546472139084,0.0033897727976178117,0.003618322259706859,0.0034994099267117245
608,0.0018276706970481572,0.0037583157514764496,0.0034027106261079435,0.002891665222142916,0.0029923646496223797
609,0.0016024243098459782,0.0031453399155671824,0.003383668736237881,0.002425567904726153,0.0027167043351685525
610,0.0013517828275038956,0.002960732918753473,0.0033754573478998323,0.002226290615796815,0.002580073032600665
611,0.0014462519048913391,0.002923833327276429,0.0034604657530997534,0.0021165803791539212,0.0026291633157394254
612,0.0013869431380685309,0.0029385916732490853,0.0035379701730185336,0.0021985400739380654,0.0026506868504975432
613,0.0014914586624211427,0.0032354329565158725,0.003607181128115394,0.002460574485077015,0.002812273907701235
614,0.0014862179821874663,0.0035154896451793523,0.003651381734156692,0.0027787961090978515,0.002979577441987668
615,0.001768911723995613,0.00412028476809186,0.0038188031417518164,0.003488877511530221,0.0033848656360293077
616,0.0021872440478402267,0.004781635817507165,0.003955036930840823,0.004144738755801481,0.00376799807471745
617,0.002620097112965026,0.005662280931847779,0.0040022213374694224,0.004559824433800564,0.004116897378293757
618,0.0029875305114810675,0.0057882610613600146,0.003957134068576183,0.004437883061319443,0.004234863319327742
619,0.0030224676501128967,0.005779742379465344,0.003931729972433588,0.004417578281422604,0.004222361694299541
620,0.0029486459229168733,0.0057419173037588055,0.003859463590526905,0.004374356420473463,0.004143658187787658
621,0.0029105602069329152,0.005690426666706011,0.0037972529470358778,0.004314523044640577,0.00407833515335072
622,0.0029292021313223316,0.005489363740661153,0.0037891760219046643,0.004160249426050267,0.004028813331281338
623,0.0029067290655634607,0.005691824008741785,0.0036841477965857215,0.0042760773360685685,0.004020769132395925
624,0.0031021517409071425,0.005714462380920523,0.0038784253846607013,0.004360728528772916,0.004154634778620781
625,0.0031620404067491687,0.005837007630872874,0.004048241355556251,0.004435019564425326,0.004317536383459618
626,0.0031685690397136855,0.006012859811347357,0.004050689481521587,0.004586134601367388,0.0044442209067453555
627,0.003209027112283469,0.005974632272427673,0.004010311917456363,0.004624230037431925,0.004450574386804975
628,0.0031648585192043375,0.005997711239913896,0.0038879801312419553,0.004644116874623881,0.004412286390563958
629,0.0031222909383305268,0.005998956660318028,0.0036995958831434906,0.00465389709699742,0.004322317687628567
630,0.0028460397588059455,0.0057546764818070025,0.0035811229556870715,0.004447442524530485,0.004090913351318326
631,0.002278389944079843,0.004994816445717503,0.0035500773737794987,0.0036167696403319512,0.003583664470912833
632,0.0018217071371359078,0.004187791108383215,0.0035507261096577457,0.002956841456562563,0.003133157297550769
633,0.0016302072775939568,0.0034178762309731493,0.003539412468629804,0.002414867640192635,0.002822880577569473
634,0.0014037403902710688,0.0029144357887165586,0.003322584715484469,0.0022062474258344395,0.002543292812729146
635,0.001345477908959999,0.0027880954307247852,0.003296878437036374,0.002079823187586738,0.0024716591874805903
636,0.0012769421526959892,0.0027953364199252402,0.00345505384997712,0.002156063153670518,0.0025267658783548596
637,0.001330585971623114,0.0030036831118943545,0.0038709072091387313,0.002330668546506562,0.0027663452182242598
638,0.0014150928110640514,0.0032169143368177477,0.003820677134096567,0.0026511123621378104,0.0028737908632132307
639,0.001616264867303303,0.003517426558094334,0.0035328175102458223,0.0030008220758382053,0.0029655113314772433
640,0.002168306923401723,0.004000609845287453,0.0035602861801559108,0.0033523870034877852,0.003304863435462694
641,0.0026485054533007925,0.004701549490122912,0.003670724971066431,0.003880617539672386,0.0037107820633094277
642,0.003013109090741892,0.005184516310982965,0.003796262909420045,0.004283350601158143,0.003998404145938505
643,0.003034620934075912,0.005626088042154711,0.0038852104516866426,0.0045598365600081,0.004153382132120903
644,0.003052470594350738,0.0059635688440396635,0.003964268536663403,0.004825996789327944,0.004269483248553205
645,0.0030397480197595387,0.0061986352369840765,0.003979287063862885,0.004917572374329664,0.004329238076130183
646,0.002929052699727696,0.006208194930094379,0.0038413744982676184,0.004819853035155632,0.00421835260637447
647,0.0029093640014540285,0.006202999285773158,0.0037102199504269713,0.004640378525185982,0.004123294485139912
648,0.0030180013621857473,0.0061123716241265,0.0037663739075129146,0.0044254111776621105,0.004123349777826978
649,0.0029631184674602197,0.005877857382272996,0.003950895667611947,0.004256835734690883,0.004143821694252969
650,0.0031276970602281766,0.00575286113976305,0.0039541266100803305,0.004279833126867981,0.0042526815373006115
651,0.0031371362122564607,0.005834570247744871,0.003787888371391463,0.004006201279187082,0.004299102288379344
652,0.003175298449293425,0.005896938882370503,0.0036106972847384775,0.004056928714673749,0.004309316490726519
653,0.0031729314059948974,0.006023895495073185,0.003413664924355121,0.004174066382266838,0.004256387393847973
654,0.002919254953005829,0.005703020980162583,0.0033631993162770947,0.0039058706289802924,0.004013995469680683
655,0.0022085918306663185,0.004686622138480103,0.0034824865487554273,0.0033859269526735998,0.0034668007328186494
656,0.001761300183594851,0.003629067977413285,0.003481333044634362,0.0028810514501400497,0.0030007268424239834
657,0.0015430467776836833,0.002860444558560423,0.003375937859848589,0.002409481046988164,0.002649227785842557
658,0.0019309593134646914,0.0025400461216460364,0.003320176073939456,0.0022464159540903643,0.002680291632885992
659,0.0017670490239003545,0.0024463715903141146,0.0035213232408166854,0.002199655186202117,0.0026725376577313685
660,0.001943249596852531,0.0027298671648083436,0.0037156307666527167,0.0024789929458625057,0.002940844417440635
661,0.0014589370214708286,0.0028428996439930593,0.003787299721769704,0.002558436860202164,0.002824645996491176
662,0.0015039986374224207,0.0031134081153809585,0.00387577444735706,0.002794007182987604,0.002961237168287058
663,0.001620504880775472,0.0035702315377531494,0.0038188166563625425,0.0032218601011932474,0.003130943366593235
664,0.0019893653159602925,0.003988143203102544,0.003541984471379776,0.003526325145981324,0.003260114673225307
665,0.002562305512282584,0.00451562728547359,0.003585114786428264,0.003965912220217117,0.0036044982319163228
666,0.0028478316633736844,0.0045007067592288804,0.0035483169079631826,0.00395480908826454,0.003652869491271576
667,0.002856327853867534,0.00429483156796392,0.0035103454593967054,0.0037758984349127054,0.003571414131061454
668,0.002960026498225833,0.0042369597255907535,0.0035626688868854632,0.0037365327987065712,0.0035880349362018313
669,0.0030715055538092302,0.0040538680736786166,0.003562077088236372,0.003504695749056836,0.003555995470712228
670,0.0030666283012806203,0.00399167528182873,0.0035154513308895074,0.0033085260634140527,0.003504449048973621
671,0.0029048421152505868,0.004140712516938741,0.003535158650646844,0.0033312767685080885,0.003499801690179057
672,0.0029466740277155337,0.004363994870318034,0.003748766167712274,0.003475772583465834,0.0036603313004419016
673,0.002866602246624587,0.004505286637039586,0.0039050747126126964,0.003520865807329432,0.0037404866453805098
674,0.002871474002750128,0.004618984273765983,0.004018556847320055,0.00370655051332607,0.0038381394704054997
675,0.0029469807235235046,0.004702834831570194,0.004033154357088287,0.0037888922828450827,0.003906579197070208
676,0.00289111409899828,0.004717147075903934,0.0040059083803383735,0.003789072675704631,0.003882604298145726
677,0.002952350399623605,0.004696697419473021,0.003956266022298876,0.003770987851015493,0.0038631294033144373
678,0.002919283641460694,0.004205590024018203,0.003856626147046503,0.003454169580445677,0.003670825715883732
679,0.002769368507328667,0.0039107955271618835,0.003827665071026292,0.0032244573862044803,0.0035341615561511387
680,0.0021394586089636485,0.0036889851194825936,0.0038175957376259573,0.002981939744381441,0.003259425773419794
681,0.0015377477410996809,0.0033280427506681694,0.003854810095545917,0.0027172114644335244,0.0029548370457298193
682,0.001126908839318551,0.0029985470795537783,0.0037951837624057554,0.002501023900259468,0.002688057060926254
683,0.0013018179370726675,0.0028366548934771496,0.0036312876883451985,0.002293406901612823,0.0026771823374863654
684,0.0016447518725363388,0.0031805077240119038,0.0036930920309504447,0.0026133393641602975,0.003023085655982134
685,0.001683651867238066,0.0031567808411227375,0.0036097629504122635,0.0026137131158081354,0.002977425859899309
686,0.001563715365045714,0.0033705785711402566,0.0036309259401298543,0.0028523279714128273,0.003044284165050607
687,0.0014621712019472451,0.00346556901517179,0.0036930017978726347,0.0029240034529963857,0.0029901342014222003
688,0.002013634225540457,0.0035380731536397785,0.003622401985945779,0.003007413801300597,0.003173186034718428
689,0.002617334232327859,0.003615793026778767,0.0035975858416691657,0.002996012452307696,0.003334906703798783
690,0.0030055681302340446,0.0035404300469966646,0.003599837255370474,0.0029490531164510854,0.003413544297423224
691,0.0029314443004918424,0.0035873701370157376,0.0036395629962572614,0.002964904620746555,0.003423739805224286
692,0.003055461804851656,0.0038965511610959055,0.00382710947419538,0.003212621469446816,0.0036210811367683206
693,0.0030953718117356552,0.003949078992043145,0.00385763459689275,0.0032596786568542266,0.003662520759786211
694,0.002960647759215818,0.004047529107483648,0.0038607119569493216,0.0032536427531867987,0.003646632699474473
695,0.00291317747505052,0.004305578994717639,0.0038772686230025637,0.00335688652499715,0.0036813402494261403
696,0.002861987503250051,0.004508534898966645,0.003911390063636815,0.0035480742385648836,0.0037139638922565076
697,0.0028633958649618356,0.0045496469809127,0.0039941142017164205,0.003684710417566071,0.0037727385607426826
698,0.0028611158368507528,0.004549164584888503,0.004052566870124599,0.0036807643377156102,0.0038134588371071003
699,0.0028571294501888818,0.0045688865490954534,0.004091121132564066,0.003688743560686124,0.0038379236215324727
700,0.0028802348275937992,0.004654176107576803,0.004139130139780358,0.0037502361315427625,0.0038994345821982534
701,0.0029479001415628914,0.0046657663444555795,0.004139342671304924,0.003799417594881637,0.003927083002824166
702,0.0029251675624488945,0.004233037042454879,0.004099465230928035,0.003510626029117966,0.0037812091269539137
703,0.002652238933070001,0.004283180220609152,0.004088798844036944,0.0034815735731222883,0.0037043594950430915
704,0.0023997250448507187,0.004396536810625229,0.004103976082114465,0.0035996275926120057,0.0036740556936544415
705,0.001507428036363451,0.003851456051090513,0.004086729594287446,0.0031367025367420964,0.0031276305797929725
706,0.0014442489653126178,0.003100972226347742,0.003934705627596715,0.0025349050692296165,0.002879890523268958
707,0.0013306215923646495,0.002565716952294068,0.003616943445343682,0.002103900602041833,0.0025823713811096946
708,0.0015466274752805162,0.0028238102723346634,0.0036279691310876255,0.00233738097472117,0.0027816862296892943
709,0.0019223041400716538,0.003278227575336339,0.003708071911909627,0.00277147286994222,0.0030693642099731086
710,0.0021169207222307743,0.0035692814742211308,0.003762089432103806,0.0030523987796943464,0.003221745182370893
711,0.0024764249989769776,0.003980621878908281,0.0040591378469672125,0.0033496606331398946,0.003573725059537334
712,0.002691276107708588,0.004164578081729747,0.004075328224183946,0.003475597689531625,0.003726768293346992
713,0.002846723885316564,0.004279546784180336,0.004113829557100976,0.0035633175721499076,0.0038246598836972016
714,0.0031106443488571702,0.004300158838824902,0.004121968435355573,0.003644822083301318,0.0039037786816469734
715,0.0030790863747446064,0.004213264305404881,0.004069622526201824,0.0035329258370490955,0.0038395143432131775
716,0.0031727866364468236,0.004350981715341692,0.004133824238434049,0.0036471225956623593,0.00392215308501323
717,0.00312321510995351,0.004243929950244835,0.004097937101533059,0.0035783693563872848,0.0038636923936886973
718,0.003047126087631676,0.00418947936875987,0.004055565562145112,0.00342626385311474,0.00378985962380286
719,0.0030874957693234474,0.004666075538759287,0.004166848642492413,0.003705675934274359,0.003961810668711026
720,0.003009011712151598,0.005155575050045645,0.004242212393495821,0.00393103069528119,0.004085795093268232
721,0.0029437760322428906,0.005343925843198161,0.004231910600112597,0.003982489566555037,0.0041243108254767746
722,0.002939273919728592,0.005566191947088691,0.004269313785442042,0.004152574386594976,0.00421444275696685
723,0.0029236166859960685,0.00545443939610305,0.004226322886666566,0.004113678081197813,0.004175563305104828
724,0.002868318250118359,0.005339358385852496,0.0040567793361591204,0.00401810191784878,0.004072862989238698
725,0.0028630303259810923,0.005251243586813143,0.0038656301487155985,0.003929703648273485,0.003962534391958821
726,0.002814228749951203,0.004832234950864561,0.0036722322536145656,0.003558034589805215,0.0037707619901587654
727,0.002871795881001606,0.0045023152152900816,0.0036858811186462124,0.0028401795781386433,0.0036750597547805398
728,0.0021201097431722596,0.004051024373786897,0.0036386159339736163,0.0022508835587644414,0.0032482502115510343
729,0.002165125643562455,0.0037896517762197345,0.0036368788510626844,0.001994146321456538,0.0032051414926430937
730,0.002644805959111627,0.003796518439985074,0.0036106475936523376,0.001928388151351209,0.0033935182025435036
731,0.0026733366037380362,0.004250128723068986,0.0038233467688480677,0.0020920439592318576,0.0036098612597802848
732,0.001811746532033797,0.004335364478321845,0.003963568925769128,0.001973809728816353,0.003411606086848939
733,0.0018824672263037605,0.004454892477057747,0.0038757556551575556,0.002522960409445831,0.0034762201052420255
734,0.0015567502974840862,0.004309559259115079,0.003669600772997444,0.0025375078094426553,0.003166121731345399
735,0.0019703185129631125,0.004618392395123213,0.0036073327670733996,0.002720515596032454,0.003428419195750972
736,0.002505966141949534,0.00460285015256335,0.0035896062400275586,0.002829633115083091,0.0036042161801700923
737,0.002824543163733938,0.004300871883903782,0.0036468734555959717,0.002579029240640203,0.003611695481569531
738,0.002953713613483684,0.004073786917647178,0.0035889801915957647,0.002644872077515622,0.0035533631914081696
739,0.00290140587271404,0.004029278007065029,0.0035628099485497363,0.002781209855633056,0.0035208639041984188
740,0.002949780577515878,0.004385090729660516,0.0036838352088589335,0.0032129974584528057,0.003681206334670575
741,0.0030976477816524305,0.004223362443678435,0.003733254358899306,0.003143931369941697,0.003702159437392686
742,0.00303816426466204,0.004327072177198336,0.003691878961251274,0.00308800925646145,0.0036833123422791905
743,0.0029209192790499564,0.00442509838453349,0.0036722349366771156,0.002814945872361129,0.0036464571435981612
744,0.003041750491455649,0.004337263499361535,0.003801961623153706,0.0025444798853219005,0.0037036696923223736
745,0.0029828991814885796,0.004464638614719139,0.003973292623498804,0.0024976748561784073,0.0037983185193426728
746,0.0029699835265077634,0.004653097961956596,0.004070106971205071,0.0025357526912268406,0.003911047296060431
747,0.003021667190262598,0.00487047134809644,0.004093488229664459,0.0027288155572383014,0.004020776090581709
748,0.002970304868005251,0.004742697434764625,0.003994460456541377,0.00274438089785294,0.003936569488633116
749,0.0029620306837086553,0.0047741999561074396,0.003857788313823771,0.0028387749103695246,0.0038888825535463595
750,0.0028559126647530915,0.0042807629785853235,0.0036708569452052267,0.0025612004570525226,0.0036409717091691212
751,0.002418346637859764,0.003921159518848567,0.0036534230849295333,0.002288069358793919,0.003378016535372392
752,0.002177694569719223,0.003766388190315211,0.003629005053560281,0.0021608174621959002,0.0032135028411955733
753,0.0016548932486940328,0.003221221342726594,0.0034887719916227794,0.0018489506965123608,0.0028292918969764044
754,0.001595505478202779,0.002872385246366381,0.0034055826054745835,0.0016893279062993368,0.00268849634994284
755,0.0014171151752248878,0.00283544283624906,0.0034263083575986754,0.0017068808291848666,0.0026029900979992857
756,0.001820040452002702,0.0032572493237883987,0.003621843969347247,0.002030291305052299,0.002990498806476
757,0.0018503001930265392,0.003646264020636237,0.0036693407189904853,0.0021343416185418194,0.0031512036565163946
758,0.0019846865204874147,0.0034986388342754236,0.0035229658606238095,0.0021363047299540134,0.0031129971290432146
759,0.002085230918900495,0.0035202776359529796,0.003581422740431762,0.002276134673585017,0.0031413007295897984
760,0.002448912978755112,0.0037974677407701463,0.0036254729490268513,0.0025663819901347844,0.0033369451092197253
761,0.002680059294675951,0.004464572822565498,0.0037138657607762096,0.002904561681917575,0.0036283669156857035
762,0.0029139391533869,0.0045657734212671925,0.003737276379150274,0.0031353903594532255,0.0037421431726705544
763,0.0029532341076873416,0.004389261441916827,0.0037289954374737093,0.0029303733701958397,0.0036923631151745836
764,0.002984436588182787,0.004655858261095229,0.0037868429033134756,0.003154145901208982,0.0037808346775270694
765,0.003036731856874659,0.004550714869515695,0.003771507265885185,0.003095002815875822,0.00375762329668996
766,0.0029572067695009096,0.0047510744731712245,0.003740641326271046,0.0030228990638373533,0.0037502598632225366
767,0.002874658303695382,0.004911327582500199,0.0038051122172671776,0.003090094330643324,0.0037915767970340287
768,0.0029338079871413097,0.00488484769026154,0.003965192434808157,0.0030692995858400958,0.00391019224041665
769,0.002937937219266026,0.004892055624177682,0.004127946367543028,0.0029823478120903292,0.003994202109143698
770,0.0028790896361637597,0.004959342315270909,0.004223899417742853,0.0030621957112432203,0.004042096657377275
771,0.0028865843789543924,0.005141327634253571,0.004267713166059485,0.003138152644838666,0.004117501770396851
772,0.002882726134182619,0.005216383202406586,0.004219949921299331,0.003420772700111799,0.004121439296630435
773,0.0029023914815648278,0.005449956412443925,0.003986322857844648,0.0036031021934984676,0.004086091791123555
774,0.0029431437130567825,0.005121858164792037,0.003791672176992232,0.0034857148027530034,0.003936534773884713
775,0.00300434334717843,0.0045657202560659875,0.003747435604883959,0.0033966815671140588,0.003783313323076757
776,0.0028984367876533535,0.004093376084344442,0.003676071502199695,0.0034205447219457963,0.0035943670097044037
777,0.002703820301907326,0.003828948600348836,0.003637499939022663,0.0032939463256221393,0.0034479548534870064
778,0.002389294098577268,0.003416393377860594,0.003483223498559467,0.002970947992275469,0.0031727527205472564
779,0.0021380510677844553,0.0032764125128334266,0.003508689129963169,0.0027052862996571636,0.003064568802494314
780,0.0017741663876200545,0.0031347865724575476,0.003481809962997384,0.0026973961695587684,0.0029315220918245087
781,0.0015482133406625222,0.003019109449747766,0.0034130121366436426,0.002529897604724755,0.002813204169989736
782,0.0019141123519781365,0.0035281005374849872,0.00344222382572227,0.0030675123917436814,0.0031322643122556585
783,0.0021174080405131942,0.0037486923653279693,0.0034317847730847965,0.003265013988191588,0.0032173080507297246
784,0.002560602542199439,0.004150089719877604,0.0035249937344675394,0.003494528676363346,0.003474258743073829
785,0.0027190230646938615,0.004580604211844831,0.003557760997724154,0.003746638380107998,0.0036384280168965484
786,0.0028331211875175354,0.004572727161709931,0.0034720180094065457,0.003223562324926089,0.00361722777879384
787,0.0028294604718390767,0.004495033665508906,0.0035251984207419593,0.0031098801988928577,0.003608088237136431
788,0.002841323848456281,0.004930930639875302,0.00368569372874536,0.0033315781843675394,0.0037675156663475634
789,0.003017245194030423,0.004985191313994939,0.003899780486868525,0.003488448803168764,0.0039008506828797185
790,0.002860912896451856,0.005382403920966201,0.003934245365107361,0.0036109829188440924,0.003938034669696196
791,0.0028507461943577304,0.005824501815631491,0.00401318436808506,0.003683258960842584,0.004045127535065187
792,0.0030614925011484577,0.005997747183916485,0.004182798663827771,0.003961183278235828,0.004274197102174422
793,0.003116851708221195,0.006191005063486788,0.004293038168645486,0.0040370760649062485,0.004433273712849663
794,0.0030994759894393278,0.0063953290694013605,0.004387023673629955,0.004064421118339106,0.0045484311681941204
795,0.003103099915428664,0.006566366625322353,0.004364837255205886,0.00413620436967151,0.004623594487621939
796,0.0030719280474583426,0.006644556924075503,0.004267212877794318,0.004161094749924302,0.004616470904746997
797,0.0029797003087334672,0.007025161962365859,0.004228625321765883,0.004050324363006155,0.004669793438195574
798,0.0028827181596896762,0.006510770437472285,0.004090209184134826,0.0036975402492773366,0.004454733687750837
799,0.0025543530754159965,0.00531560601331576,0.004051436052605589,0.0032134234350632996,0.003981694312715929
800,0.0019783611162357616,0.004403848825948032,0.004020955964056317,0.003258086491293191,0.0034802874534969096
801,0.0019153980180166591,0.003902207803446308,0.003940126086908135,0.003098231231593795,0.003241491638969932
802,0.0014581966261522127,0.003516136810438569,0.003800805524188696,0.002850664563517725,0.002844391618069698
803,0.0014417101080716223,0.0032862304920744717,0.003839874474394248,0.002632639522118274,0.0027553803573359356
804,0.0013487537550739357,0.0032167432434178165,0.003788432546504401,0.0026246087294500785,0.002689052931685456
805,0.0015456673734611356,0.0033291152148020435,0.003789218928684751,0.0027582901460063663,0.0028533456283575944
806,0.0018096689979234595,0.003447669448682524,0.0036944499642333453,0.0029015163347882386,0.0030138954635029755
807,0.002098185438242463,0.0037668335954388365,0.0037611523243661466,0.0031383550708861483,0.003263182024211136
808,0.0022959473425684268,0.004382602479374872,0.0038071866384987154,0.00317823240437916,0.00349807492573789
809,0.0025802181161386282,0.004868034458915878,0.003916844797819984,0.0033475846221469783,0.0037469060994198824
810,0.0030186175327620223,0.0050754132747283945,0.0040264942095858515,0.0035682660070824232,0.0039884253391542475
811,0.0030058874551818437,0.0054525559205827225,0.004058051353715294,0.0038077862932313963,0.00411286170404797
812,0.0031446156961329186,0.00546747470736856,0.004055414430363299,0.003912535363941746,0.004179947902873165
813,0.0031663029816493553,0.005173812791196436,0.0040345285965063035,0.003615708835303208,0.004102530018573865
814,0.0030174142332006723,0.005469640661977208,0.004068390388266159,0.0038527815146210827,0.0041663329494922964
815,0.0028571411531516616,0.005425041464582312,0.00417631151348273,0.0036852712017612145,0.004156997045953638
816,0.003067258870004763,0.005479179159453695,0.004322935278782895,0.003693804981069465,0.004263855352803951
817,0.0029169355363335638,0.005727564590282366,0.004424780627039582,0.003785829403603843,0.00433456891025424
818,0.002919760237954267,0.0059651258291380516,0.004482355993499849,0.004237468780220161,0.004458331080707131
819,0.0029370614514321737,0.006087836796706884,0.004488956311547741,0.004370742029967479,0.004533961382920337
820,0.0029621992226014603,0.006003938412231892,0.004495157615395146,0.004321057787880831,0.0045292391614676205
821,0.003049523703768734,0.00597102712783124,0.00453776508774069,0.004351353690265256,0.004551157234855217
822,0.002785853463493399,0.005615976095776507,0.004536667543413208,0.004184861199194687,0.004364362172129267
823,0.0021710068278578414,0.004728144834214017,0.004483913425275028,0.003447411206370988,0.0038675705316099608
824,0.0017645863415455734,0.004161231153469026,0.00438530158728543,0.002849001923371631,0.0034392446610349878
825,0.0014192355058200619,0.003721485128997665,0.004312426323483504,0.0024525089472261776,0.0031409662943454224
826,0.0012315933014455137,0.0034166875342684037,0.004206529413056844,0.0023571092871683946,0.002933454425143193
827,0.001184293501216637,0.0032508540703128433,0.004134294304375394,0.0023729371695884968,0.002844668284373218
828,0.0013899802913832327,0.0035150544412590455,0.004150314178431498,0.0026372630453439564,0.00309204463735328
829,0.0014394154641917008,0.003819304568477448,0.0040973806415894685,0.0029480600378832644,0.0032138896335687627
830,0.0015086362347740384,0.00402529069464536,0.004272386692934422,0.0033044398606741094,0.0033609481682566945
831,0.0021315867624150833,0.004672232088368363,0.004571258141665267,0.003956942701888602,0.003944241546227288
832,0.002413412421998822,0.005720933079389345,0.00480384490972574,0.004715029330166913,0.004422941071388099
833,0.0028556327114417812,0.006438189044441769,0.0049231234686904,0.005141425246617221,0.0047967518267148365
834,0.003186578148546554,0.00657999763888705,0.004835937584532945,0.004661113078481004,0.00489774320032456
835,0.0032028108202863744,0.0066157224923607885,0.004763769238223652,0.004577108964247006,0.004894220254577443
836,0.003206118071540026,0.006448234313149006,0.0048197567223275325,0.004496021967558487,0.0048742683551046976
837,0.0032029696443281897,0.006316167153939727,0.004918185958114559,0.004416396521288368,0.004866053703831693
838,0.00316075006251976,0.006181196866425625,0.004856443304752421,0.0043414585420241646,0.004790380104931517
839,0.003039881412742712,0.006154377844055959,0.004845120583305792,0.004312724953948838,0.004752957164753068
840,0.003034465873901329,0.005900773631760097,0.004771729167791029,0.004110849887165224,0.004664241888647025
841,0.0029386157372102155,0.005776943892173699,0.004677599428159491,0.004292899036219124,0.004540699864773075
842,0.0028746109945260953,0.005831767613568834,0.004683530350760733,0.004569983355375505,0.004537104654721413
843,0.0028655697476337575,0.005847732574998862,0.00469010154925793,0.004561423942706889,0.004530192923621382
844,0.0029009830194139095,0.005651733929938807,0.004592231346940109,0.0044503221534194235,0.004463503578037404
845,0.0029385937809467463,0.00569234806237854,0.004544808016883874,0.004493699106913989,0.004464692224276382
846,0.0031532186754067147,0.0054310279832948645,0.004486238214767299,0.004424583314265332,0.0044438347625078084
847,0.003085623263905568,0.0054522427054351594,0.0045533617416026705,0.0044537887159930714,0.0044379640859318545
848,0.002703483077656878,0.005299988738254733,0.004607020956157243,0.004336863910465587,0.004331150952734392
849,0.0024786621493463577,0.00482763360929456,0.004604755121932825,0.004000022887375876,0.004147037218665713
850,0.0017454032457843395,0.004098613239511612,0.0044929785410600925,0.00350788188110247,0.0035987449097483895
851,0.0018948163965650984,0.004285504981803904,0.004448799866333884,0.003634540595679283,0.0036197839610490443
852,0.0014989773873649436,0.004425454788577786,0.00436132278131599,0.003736516243667462,0.0034513874303103748
853,0.0022332238868718822,0.004870494355852454,0.004380611791603474,0.003703439919801881,0.003955543134308398
854,0.0023322935809315286,0.005250163861967847,0.00446353895029644,0.004041818064803888,0.004236233200774716
855,0.0018978574495860292,0.0053755259077202045,0.004520064521060978,0.00419362433966743,0.004053038752890271
856,0.002283810963846681,0.005779045087914469,0.004828806928675162,0.004507056978925133,0.004419977373004455
857,0.0029161685886492845,0.005962139348735677,0.00490457576019016,0.004511156631911601,0.004706907579228906
858,0.0030955094248831293,0.006039418048059784,0.0048523143794185685,0.004497058032525736,0.004728925324384093
859,0.003124745733461777,0.006100970343297798,0.004884179015326724,0.004473425639742047,0.004780209907665485
860,0.003206054917752124,0.006413698221128194,0.005011375172171252,0.004639286834835347,0.004923400557391319
861,0.0031636364853006547,0.006197920538985951,0.004936285226549603,0.004376000852784613,0.004818551844653766
862,0.003109029636308313,0.005816243994965693,0.004903943540082037,0.0040879908369807014,0.0046764036602824
863,0.0031962094801775416,0.005698878924881024,0.0048772302948849235,0.003749291256940934,0.004631368844409561
864,0.003173394522732537,0.00562500158432593,0.004824705455063223,0.003590308934334666,0.0045775248557232695
865,0.003004148762254827,0.005559773699318245,0.00475467481557371,0.003412686698592342,0.004482842517619823
866,0.0029917202561724194,0.0055812600705768935,0.00472303025025163,0.0033283897872778004,0.004464422372889731
867,0.002884651134018579,0.0057344306117049675,0.0047548746897545955,0.003620847160899075,0.004502004274627963
868,0.0029121677435149196,0.005823395860216047,0.0047251030783298,0.0037710489260083524,0.004532409435738657
869,0.002912676416006412,0.005804585715539861,0.004728289046043218,0.0033976920722168097,0.0045093485734298755
870,0.002755991077671491,0.005350196033410293,0.004702918676778798,0.0032564185844153764,0.004332999214982221
871,0.002536004942396509,0.004763150486707411,0.004633481238873621,0.00295088819117935,0.004066554054257586
872,0.0024486297543837893,0.0045035130723953785,0.00464116632683975,0.002796784952481889,0.003939589417972053
873,0.0017938192479133783,0.003945484275574076,0.004563694850273379,0.00237404866725798,0.003499022024401865
874,0.0013077037000856625,0.003433179318981107,0.004291325604713843,0.0021683016515024176,0.0030472747561766894
875,0.001199320192074066,0.0028883842778977447,0.004001086537473389,0.001910812585285577,0.0027434692385151726
876,0.0010159979762620812,0.0026293497500360892,0.0038325339309941784,0.0017426090640333106,0.002525985511977209
877,0.0010639941018848209,0.0026940911168497473,0.003807834118479351,0.0018252135865441394,0.002587087120220821
878,0.0011682014099252793,0.0029014751274506344,0.0038552705244004307,0.00210244790672961,0.002706388286779708
879,0.0014482247074863895,0.003392893351527076,0.003995061993884187,0.002482242338421789,0.0030120988939511674
880,0.0019470900747220854,0.003942360180238686,0.004194765605484841,0.002836896666810789,0.003437028397133683
881,0.002739397782857845,0.004139211562449401,0.004366157795478394,0.0030135568747254255,0.0038107392395497104
882,0.0031332244016022076,0.004504188345306933,0.004526980163327123,0.0027636254170847374,0.004084665771335613
883,0.002984074528225448,0.004775456946054394,0.004564972788158547,0.002748234731882151,0.004136998112701256
884,0.003025240324018134,0.005059484920270724,0.004640612047947926,0.0029092552747341663,0.004254154639068128
885,0.003028186412157982,0.005257110828275939,0.004687378493418389,0.0036222239281757827,0.004336338758263456
886,0.00302861306084777,0.005579504896042454,0.004732632439923625,0.00407119584977232,0.004428935532822964
887,0.0029995271714426948,0.005877063268301935,0.004708532378830079,0.004306119076533113,0.0044965574129369286
888,0.0030448401973666786,0.006301864564157328,0.004728818975956852,0.004788535687562273,0.004696096572830255
889,0.003046777111991255,0.006333202531019149,0.0046707798978937645,0.00502775148665724,0.004740852372423948
890,0.0030544758155425433,0.006279629754630648,0.0045646813310011285,0.005024999897417377,0.004728740596813462
891,0.0030630740745540446,0.00609558631845815,0.00445776082504438,0.0048936861920767976,0.004631510037059847
892,0.0030303460194194055,0.006106965370785975,0.0043828043696694415,0.004899014328637263,0.004607483145392999
893,0.003099953225589463,0.006088926885761641,0.0043570405423170675,0.00491953663875341,0.004605000778692007
894,0.003033236202458412,0.005713775175291552,0.004237069906409834,0.00466047108591612,0.004419270003289377
895,0.0027006113758482908,0.005306848880589705,0.00424640299500408,0.004278268492534968,0.004155497530292698
896,0.002086039223042641,0.004289315457104829,0.004142006752126901,0.0034549634116060835,0.0035489063158574857
897,0.001672842323931226,0.0038470188835287994,0.004126730421535063,0.003064834159794543,0.003239459231059812
898,0.0015799677112327936,0.003384566243633292,0.0039400416780991125,0.002603823880524267,0.0030201958153259533
899,0.0017002851537869998,0.00315843943107305,0.0038506580849204225,0.0022737883623596177,0.002950982614890102
900,0.001990998158370602,0.0034253780953358223,0.0039050723679977246,0.0024466836895315424,0.003206737741955936
901,0.0020047415597304824,0.0036670156826063144,0.00383937320710707,0.0027987826742877824,0.0032793700970062518
902,0.0021077045140701165,0.004036639120020601,0.0038593663571848138,0.003188798169361515,0.0034962121905203606
903,0.002572220579227398,0.0046887499429957855,0.003932410496917195,0.003658367302583927,0.0039016405850845724
904,0.002839516411904662,0.005466603676588588,0.004108107109668595,0.004211652676265433,0.004214196360945876
905,0.002997538037834329,0.005986286238716706,0.004235126456599452,0.00355622472960882,0.00441420839751956
906,0.0033596511663347758,0.006040009088821734,0.004187016238144164,0.003620015106322848,0.004504729995710167
907,0.0033631818449853705,0.005909635537512863,0.0043057946698195045,0.0035762702058870937,0.004511091752342324
908,0.0033956126211022804,0.005753726515435067,0.00426166960693693,0.003938280295875074,0.004466866150731162
909,0.0033754871854384414,0.00584771316757009,0.00427173472550211,0.004502378632697709,0.004503765410106304
910,0.0032854839462609794,0.006159906963333593,0.004396196466808733,0.004669734584062766,0.004611113869474121
911,0.0032374874232899828,0.006452346684126857,0.004355408094255321,0.00463567451574264,0.004639887131362962
912,0.0033453825708022024,0.006451598552834697,0.004385330273237632,0.004607386216308512,0.004714153986664132
913,0.0032860543503456068,0.006673395608638841,0.004491877726814772,0.004676288923399411,0.004852195052947735
914,0.003273183967766535,0.006683934547284264,0.004503579661995125,0.004656811509785214,0.00491626503760732
915,0.0031937775933886586,0.006768696772250797,0.0044699442220287235,0.004639224786674388,0.0049265450000386
916,0.0032233077246830648,0.0066660091296451875,0.004410954446068025,0.004601211149055297,0.004877419525141774
917,0.0032677765418029684,0.006497728576110722,0.004245832532319843,0.004593196535956497,0.004753656007743755
918,0.0032489629166949693,0.006228651196436745,0.004142687500114085,0.004504884851895182,0.004606485945545904
919,0.002682117828717135,0.005741200976447022,0.004198465571857988,0.003954104793741301,0.0042770870854425425
920,0.002113986888581529,0.0045287670997665955,0.004059676788236487,0.003606177090267632,0.003636517389518403
921,0.0018080771674007627,0.003938088829531654,0.00394932238468362,0.003244774620191892,0.003313282056677297
922,0.0015950512156788143,0.003582334493052127,0.003860292572306081,0.0029137061097731375,0.0030865618940933196
923,0.0015394178013940375,0.003418909890525728,0.003842996296808812,0.0024548491784141804,0.0029881991072739835
924,0.0015959983070790525,0.003303205456137096,0.0036569353637264245,0.0024446044997058314,0.0029251364433677722
925,0.0017039676795683083,0.0033489424292627223,0.003642914534035671,0.002696551010604533,0.0029790989103968516
926,0.001813251167898006,0.0036281485047798844,0.0038486841238078388,0.003099420388130447,0.0031571842539013326
927,0.002201250187403737,0.004362876011293836,0.004114007902474736,0.0036269979954630456,0.003612214212439473
928,0.002666246853977811,0.0048494654406963204,0.0041588103755428076,0.0036517409459100817,0.00393750045087586
929,0.003232905261427976,0.005731608791300408,0.004220851845907731,0.004315483149576869,0.004417514267807713
930,0.0034837790163324803,0.0060538515013221425,0.004286524245728146,0.004318401543434789,0.004599087713555851
931,0.003487208883566936,0.006295743163544416,0.004443930856916996,0.004425794988039732,0.004740920687737945
932,0.0034190529161812686,0.006371418742307969,0.0044817822181795475,0.004672190787087246,0.004758049501069602
933,0.0032045932987511665,0.006487002532660208,0.004533034163970793,0.004754896214889171,0.004755069597049191
934,0.003000184993650192,0.007055692190818742,0.004542357158332597,0.005007058044583723,0.004872646275623013
935,0.0028925806970873957,0.007547149588018901,0.004451923612398509,0.005142964295409689,0.004909099764817201
936,0.0029924456583388243,0.007330316308660831,0.0044247032305857565,0.005146005897915474,0.0049135785028949315
937,0.0030995325551077734,0.007278307512187284,0.004417907697210453,0.005177052048753587,0.004991983687779674
938,0.002981670255217759,0.007519379392602772,0.0044373504571395645,0.005273672687927932,0.005111145613464253
939,0.003041218134718387,0.007327125276005879,0.004330894443869551,0.005230813157096578,0.00510996756755757
940,0.0030247717067909425,0.007312569848841471,0.004282164068492211,0.005165976792544454,0.005090308924367898
941,0.003053694478148365,0.007134240881570787,0.004099539621546078,0.005105649250854275,0.004943500066913251
942,0.0028182255796450418,0.006737591451982707,0.004002769022806081,0.004979662787105859,0.00462949853016039
943,0.00252048426669336,0.005993717591392731,0.004134891813934011,0.004559029595188948,0.004312542225888848
944,0.0019208171213076807,0.005136577613555041,0.004230257031618267,0.0038183262468993325,0.0037950453176552545
945,0.0016597184126940449,0.00449354641877635,0.004159381413828662,0.00340521311698844,0.0034862008538911085
946,0.0015854161876701798,0.004192871758439605,0.004094228456810891,0.003347856272377561,0.0033070937284401664
947,0.0015483248419967833,0.00417954432577864,0.004184014602341425,0.003381777534577313,0.0033071301533361573
948,0.0015427736796432576,0.004184055155000301,0.004165967268828235,0.0033156583253405665,0.0033789145728671467
949,0.0018563684772031968,0.004398999517666181,0.004176745251581293,0.0036739807624071525,0.0036214521494544057
950,0.001810384947337062,0.004652481472416805,0.004333650517849553,0.003633218839346671,0.003679304026641664
951,0.0020875318640458523,0.00516178196352446,0.00458587365261999,0.0039888222775250285,0.004022105840662617
952,0.0024289379324434917,0.005643447668697159,0.005136698555478025,0.004263888339991599,0.0045113406598118475
953,0.0028794653817008713,0.0061129267915541845,0.005617406086737682,0.0043464637948783455,0.005002199809622628
954,0.0030308110043212938,0.006293041642492656,0.005331665937597766,0.004144217235486508,0.004992443541334487
955,0.002940241659739678,0.006637006785877642,0.0043798346877358335,0.0043029261319013365,0.004675162332086891
956,0.0031798730008569054,0.00663401707933849,0.004474585596220593,0.0044535726248778745,0.004754701616814978
957,0.003126978275082712,0.006722766035900636,0.004463641041883947,0.004656634966397642,0.004769693612776056
958,0.0030301516000317474,0.006777167215726622,0.0043998319609219886,0.004417558615003873,0.004762115465717951
959,0.0031097699435521033,0.0069546398497318815,0.004194794569083001,0.00446158597762236,0.004736792558874439
960,0.003159692060399435,0.0073233538079538535,0.004340928806524577,0.0046015720829624225,0.0049497694313227255
961,0.003194794870026668,0.007411770785658471,0.004482727691428597,0.004691937473578918,0.005108833212697201
962,0.0031537290422347882,0.007553250770192243,0.004465384763782311,0.00476933967182421,0.005247778679141343
963,0.0032081838029137566,0.007323040623417352,0.004401224399459546,0.0051564413472829414,0.00520178597666493
964,0.0031736456010507874,0.007440417297937209,0.004316666324290529,0.00527327783505443,0.005180529379183772
965,0.0031351439063726887,0.0073705869352699,0.004166470412195967,0.005264792519906831,0.005060780827924035
966,0.0028234423612200758,0.007122483818242952,0.004119571617935079,0.005064456639056982,0.0048448627253400356
967,0.002467216803081414,0.00665929178013682,0.004271886927951153,0.004717376346187603,0.004562672743635323
968,0.0025657826702882055,0.006248623170596901,0.004355426260879456,0.004311538812322512,0.004390773328246222
969,0.002601471481883382,0.005363469326562865,0.004154761032433547,0.00352342611488647,0.0040932141967443365
970,0.0019477983770783004,0.005147045085734067,0.004262269534546774,0.0038343452245192273,0.003860921929567628
971,0.0023093922106008882,0.004664432230160763,0.0041548316501396464,0.003239404820065195,0.0038600629792912757
972,0.0017076470756151323,0.00460145348010449,0.004199580392235294,0.0036648985901873736,0.0036912496222458106
973,0.0017391173587819005,0.004733760503426333,0.004256482484540497,0.0037492908546403188,0.0037449621407801576
974,0.0017521890662838796,0.004726179123566137,0.00403476873895191,0.003837375558089522,0.003684634975849525
975,0.001832693679349863,0.0050109040847327105,0.004005853198034094,0.004166300725649815,0.003785579098093435
976,0.0023762165835754094,0.0053730344766391635,0.004040509816344275,0.004454253220550527,0.004084683143174981
977,0.0027688155825024525,0.005894987474834723,0.0041836081862171625,0.0038974722008018083,0.004373656288204971
978,0.003192564793994337,0.006096443067636216,0.00480344031868407,0.003963805543918392,0.0048064760545408975
979,0.0032100934867446734,0.0063073791646066,0.00503982856342724,0.004078803074098097,0.004944473807976236
980,0.0032233551273596352,0.0065099021242761325,0.004605614699919118,0.00413398578606012,0.004835105689207172
981,0.003213007115503354,0.006624537683303383,0.004223562259640319,0.004334024101910923,0.004739404600610698
982,0.0030656484808339476,0.007011066536831021,0.004138537984293421,0.004709544933287852,0.004778557776368395
983,0.002890587392022141,0.007536408004181754,0.0039950565377313875,0.005325601243048369,0.004824530701309253
984,0.0030119825446021276,0.007584685088669474,0.0040071793757422425,0.0056496409774191075,0.004930591047555799
985,0.0030750317976759624,0.007697156846224432,0.003954294637966358,0.005943886526041256,0.005112434889030622
986,0.003065439425997247,0.007647399165402204,0.0038241460999442027,0.00588268179178602,0.005142723799071288
987,0.0029562313065644727,0.007670546750311949,0.00376864294788878,0.005864720341247939,0.005110295328260084
988,0.002914220587169005,0.0076184728271636686,0.0036798674989773237,0.005834358932426343,0.005043773931788216
989,0.0029419435167322653,0.007450538684919663,0.003519893381053566,0.00574960619078285,0.004897120182435349
990,0.0026837002917312084,0.006903661441429885,0.0035165685182164275,0.00538548463539657,0.004597362385681757
991,0.0021833410911131727,0.0056313641067250305,0.00360390508754897,0.004476376543220876,0.004003946021196185
992,0.0018090606490439992,0.004680672608930047,0.003624164520175357,0.0037769768917454076,0.0034834960277115514
993,0.0017612289659121524,0.004018467703971462,0.003610466374659692,0.0031852220649113616,0.0031709921725022465
994,0.0015499022649380313,0.0036339411672091267,0.0035768975309471863,0.002868307900142339,0.002944693915475155
995,0.0014941976909859348,0.0035601349431530005,0.0036738858343120548,0.0028398742152504408,0.002932289919490647
996,0.0015037879053243746,0.00368511709182836,0.0037443675959443973,0.002829732228090488,0.0030215381169211948
997,0.0016201378074797166,0.003953175605530249,0.003814001097639563,0.0027793692641800275,0.003201124904490374
998,0.0017922301980609083,0.004305671532493512,0.0038525803264365228,0.0033130351509666717,0.003436085752437742
999,0.002064245887910411,0.004981372166527535,0.004027860579409943,0.0036380360289948325,0.00388613019025305
1000,0.0026555952830243966,0.005759988813541503,0.004230019893189873,0.0042644446554193,0.0044064699316743155
1001,0.0028390159489151408,0.006232465204620888,0.004595983091478877,0.004713976011730776,0.004728970092197842
1002,0.003066137701345136,0.006399598111020393,0.004508382376388643,0.004490987483953828,0.00480191933378317
1003,0.002993547709836929,0.0064736993266127545,0.004203904851207148,0.004467703912053267,0.004704151953214814
1004,0.0031551166756260823,0.006510363293889383,0.004504168879492879,0.004705668552517778,0.004873236080394686
1005,0.003011417490826632,0.006558825115762316,0.0044895186557273314,0.005095733983631393,0.004868347144937667
1006,0.0028935120964654957,0.006452333998851184,0.004497073329499956,0.005104576455076709,0.004796013777901017
1007,0.0028912040319713193,0.0064824718728606345,0.004438166406580794,0.004886709566361182,0.004695538301378538
1008,0.0030604189174499065,0.006326618364766938,0.004473685671557361,0.004744212529652459,0.004675716212500921
1009,0.0028967160395723733,0.006481359591424849,0.004641612524815596,0.004800893721744629,0.004751405925930154
1010,0.0028873654609514092,0.0065872840100126675,0.004669360189436979,0.004818478561801481,0.004783420404960752
1011,0.002879632967365678,0.006671826793948748,0.004656377423084685,0.004863957848108479,0.004809904514001693
1012,0.002886160062727794,0.006494422925913547,0.004571627763362859,0.0048284932189495275,0.004720447415522661
1013,0.0028856827339618306,0.006313120911885284,0.004505101985273371,0.004796750889923005,0.004635102119361038
1014,0.0026462213147834587,0.005836218427406974,0.004490573547897371,0.004510160586043394,0.004426946462056195
1015,0.0025273753600841263,0.005282642625996923,0.0044453581144581105,0.004046011145189838,0.004252513821103773
1016,0.0025313818386657155,0.0047651715534455874,0.00437597038842489,0.0036606744769153766,0.0040511457641771
1017,0.001750115666268598,0.004451261865142921,0.004334571351869351,0.0032606160351230508,0.0035650691586481984
1018,0.002063444334161407,0.004254137706622771,0.004216279166999603,0.0030137316774825314,0.0036443291156822797
1019,0.0018976127409518855,0.004596397355864153,0.0044683965910013055,0.0027901303190619752,0.0037299648323128815
1020,0.0017473351725492557,0.004901195219084942,0.0045934981936530065,0.003749876870883008,0.003920890165857754
1021,0.0017692425185238468,0.0047802157370411495,0.004521536635305658,0.003922070182716227,0.003923773115722036
1022,0.0019801359974262966,0.0049810520769143826,0.004610789758700124,0.004286411439576182,0.00412017467990314
1023,0.0023239616374742555,0.005032258123185424,0.004427924847817719,0.004307775583871402,0.004184044086509568
1024,0.0025339753381934046,0.005589282097278172,0.00454704848093793,0.004778076494507764,0.004403796768311423
1025,0.0027360384690701834,0.005642560129154759,0.0046344823756753716,0.004924382680461265,0.004498298785367761
1026,0.003051599526993082,0.005357034357707045,0.004473420215126717,0.004736982710072653,0.004406005369052162
1027,0.002988694814265332,0.0052441412126336216,0.0044446123456951024,0.004327775981440199,0.004339458930774537
1028,0.0031368294121917563,0.005262270246909716,0.004460358088188018,0.004132317692905658,0.004354857350013719
1029,0.0031244797669031286,0.005197803167572544,0.0044044059189471884,0.0037619040785059,0.004291275810902343
1030,0.0031025714141735983,0.005215150205568932,0.0043887214983944585,0.003647774344488618,0.0042851064924439184
1031,0.003072974399205786,0.005546878090009926,0.004340043895668442,0.0033887804184801877,0.0043099416728893305
1032,0.003055142861686782,0.005187354882501201,0.004295372993322922,0.0031718519511911717,0.00418517670775991
1033,0.0029939690001730026,0.005344663306265475,0.004420492288242216,0.003315889167586362,0.0042939668919192335
1034,0.002982409026837952,0.005464910584766037,0.004493571390320899,0.0038670433329761117,0.004403976245468136
1035,0.0028760990209193427,0.005423482826223316,0.0044701215512070475,0.003939275459045426,0.004376338064351066
1036,0.0028421177884765023,0.005280962247586573,0.004522168311939253,0.0033033545093831052,0.004341859071525341
1037,0.002810145515150342,0.005325864397813866,0.004554269793130507,0.00284339033470615,0.004330378192938225
1038,0.0027470877149658323,0.004848891817053078,0.004368024772146535,0.0026312137670273976,0.004096163250449702
1039,0.002551814088065848,0.004501158107117023,0.004253714132730414,0.002449196605458651,0.0038677926984998817
1040,0.0019170327671353745,0.004110578708036263,0.004236402494807248,0.0022509254999299624,0.0035118975777318224
1041,0.0016675809775923978,0.0040010575316467975,0.00417108556181915,0.002258784200641946,0.003403972987448786
1042,0.0018318665420526904,0.0038628720516695795,0.003982703274605739,0.0021851358348553,0.0033596447863113916
1043,0.0017885018609548591,0.003746190854817431,0.003843056460640531,0.00202317492004503,0.0032360858672267553
1044,0.0017172516910288974,0.0034353896396882343,0.003667886258795957,0.0019712106168481604,0.003084315606841507
1045,0.0016380738560388011,0.003436262019065332,0.003770893112801159,0.001961273997105391,0.003108303834240394
1046,0.0019556856649818695,0.0037626958179808032,0.003881861435683167,0.002392534004545813,0.003398241863161727
1047,0.002560425105033475,0.004457227146055463,0.0041057866619123775,0.0028469664952805213,0.0038932278365940106
1048,0.0027563964057911207,0.005170749509348112,0.004301010834675164,0.0029910089251594905,0.004185861917363453
1049,0.00284057101472795,0.005425558017438002,0.0045538184400293604,0.0032204990669284415,0.004359874514719585
1050,0.002995049465408979,0.0058578566408021854,0.00464694331695629,0.003551057040402831,0.00459397329421912
1051,0.00298548221357419,0.0062896641794320885,0.004742833022813589,0.0038448323527305313,0.004781179928450819
1052,0.0030102148679855396,0.006576486270866897,0.004753584688405981,0.00395514262007409,0.004867833052305771
1053,0.002914871567996812,0.007035113313205499,0.004818915454441836,0.004351023441724047,0.004996364040658676
1054,0.0028878657258960003,0.007167197005072359,0.004763057195899573,0.0044199082529852015,0.005028129072397695
1055,0.0028806909020768355,0.006646232691141167,0.004688390988270059,0.00415307514282009,0.004883918990769379
1056,0.002998745826118857,0.006682990179278462,0.004595724979262578,0.004143892498335193,0.004911109298764173
1057,0.002979305574922891,0.006911039474772462,0.0044914895200735515,0.00421990164810836,0.0049937037088171885
1058,0.0028864021357387568,0.006664695178542373,0.0044049006142283026,0.004035385091371414,0.004887487641049782
1059,0.0028892457955212152,0.00659303078360113,0.004242526782779403,0.004292512441390217,0.004814885892285273
1060,0.0029156373683719987,0.006359700559184285,0.004052293344424008,0.004174325902419032,0.00466494664402981
1061,0.0029829383238358024,0.006026013814150939,0.00391640032327283,0.004045107222672659,0.004464314858127771
1062,0.002760286767732759,0.005540831922382169,0.0038043635882803965,0.003736761691590452,0.004171618477256266
1063,0.0021260394076789146,0.004673834754500159,0.0038153862728800302,0.003199482861217816,0.0036573786610119632
1064,0.0016578349290350667,0.00395946489715373,0.003785808678736084,0.002791023296747621,0.0032013487942984063
1065,0.0014172040242497277,0.003473566601146729,0.0036737461132286785,0.0024604556210540618,0.002916927509920042
1066,0.0012772072799771184,0.0031281904912609237,0.0036042649055909224,0.002115482014632265,0.002753559314434709
1067,0.001236243833017143,0.0031235187689814723,0.003729666113689196,0.002142669769374273,0.0027805758172089116
1068,0.001247847487708492,0.003065711923988944,0.0036367170776358876,0.0020742908014288472,0.0027469734405628494
1069,0.0012642065171655826,0.0031964153986282695,0.003705645209004641,0.0022477277950849056,0.0028183703640172275
1070,0.0013641035651350878,0.0034686811083053147,0.0036601145320315494,0.00259463507355197,0.0029661154868447833
1071,0.0015910445945686805,0.003943091210635616,0.0037250834949828096,0.003017904189810193,0.0032355492485347057
1072,0.0021310999730690975,0.0047075199022325225,0.003897426329038738,0.0029390919186490735,0.003725001896324963
1073,0.002577411265635976,0.0054473091596954504,0.004083450645063119,0.003237659118674992,0.004148068152660966
1074,0.0031304985640574195,0.005906863068476103,0.0042221396380005445,0.0034971417249189947,0.00447483332004131
1075,0.0030761094550981905,0.006019450967365584,0.00421965611019062,0.0035573339106002868,0.004499978752294965
1076,0.0030043320840346015,0.005998664361657761,0.0042023655041092236,0.0036403643558142085,0.004469219406302425
1077,0.002903718683801095,0.0061681034800056345,0.00423140688772346,0.004197089902343594,0.004527635032135965
1078,0.0028748063255654645,0.0062193208607240116,0.0042665237308923375,0.004588176961952524,0.004544775990356706
1079,0.003042716465517363,0.006021849156782007,0.0040889196809471865,0.0043913841121094145,0.00441134833566735
1080,0.0031109922391215463,0.00574598060072986,0.0041326886883112125,0.004571023461276141,0.00438554370496769
1081,0.003137061413253578,0.005907396722453707,0.004277324309708714,0.004782870975878301,0.004530991311940505
1082,0.0031463252597265,0.006552665355489306,0.004296130127282153,0.005212341287094653,0.004810187124886137
1083,0.003003135649034634,0.007023959587322775,0.004269591852362291,0.005545805135040922,0.004997191123127697
1084,0.0028827502805961335,0.007041171043712888,0.004229522535652317,0.005486389694275023,0.004962197162333899
1085,0.0029422648118285237,0.0067189577813684875,0.004029798859187327,0.005348028953902331,0.004773807722756655
1086,0.002591852098073236,0.005994705307680269,0.00395026023566539,0.004761228160219356,0.00439264965179888
1087,0.002002173383213814,0.004762512429434917,0.003959652314074425,0.0038332252361478487,0.0037518248125418684
1088,0.0016866390947980888,0.00394099047979156,0.00393630175345394,0.0030793998737032044,0.0033130402952388964
1089,0.0014358870266862327,0.0033133181750067305,0.0037475744969555943,0.0025199547789447265,0.0029509974330578777
1090,0.0013138117432875873,0.003056736872916416,0.0036029914439045844,0.002412733762597505,0.002761241935385969
1091,0.0013656313128374642,0.0029872371608857884,0.0036837182639838204,0.00234378231416129,0.0027590307786269815
1092,0.001301880841106015,0.0029153366453864072,0.003579638330921227,0.0023342642106927965,0.00268425823982657
1093,0.0014036766557003592,0.003160709971735428,0.0037296110988012184,0.0026501675963789746,0.0028452964526966217
1094,0.0014622362953201195,0.0034199505514682605,0.0037303652553609657,0.002812194827420408,0.002985457333350153
1095,0.0016498364439898358,0.0036787906422496696,0.003634990305831882,0.0030234275569616612,0.0031149529802342395
1096,0.0020144189665057435,0.004525543112619271,0.0037704778483014277,0.0036086932052096527,0.0035413667955256707
1097,0.002555404388514833,0.0055040703743042116,0.0038177344704350756,0.0043623214498409195,0.0040974945710015465
1098,0.002990237804990319,0.005971731683807388,0.004046521585116319,0.004641388132050386,0.0044742941956196925
1099,0.0029920735487856077,0.005977692837158492,0.004042960451462412,0.004563492708456616,0.00444796843473663
1100,0.0030988714196791946,0.0062565982766884,0.0038749368366934947,0.004575087924783806,0.004457820607005308
1101,0.0031518964454881303,0.006103787881687708,0.00383056540562661,0.00456073519391025,0.0044091568172766864
1102,0.003099032488504115,0.006463343826201613,0.0037549853863532295,0.004762769851237799,0.0044954922909567815
1103,0.0029555155065758977,0.007184203036681175,0.0034622560671512754,0.0049520774540612236,0.004600744249845466
1104,0.003017855033629778,0.00721766533969123,0.0036669278667757093,0.004895347567033342,0.004712362900160768
1105,0.003046731228000317,0.007245232078452893,0.003634971421547612,0.00489945241157356,0.00482698337011867
1106,0.003058802653778851,0.007224312228002982,0.00359597643711962,0.005014494070670454,0.004867650397470854
1107,0.0030910006546089512,0.006927329983179748,0.003558744081012502,0.004716376680152747,0.004741261812749074
1108,0.003004264420465298,0.006934884653073508,0.0034296293329631137,0.004598074846079546,0.004676474992581223
1109,0.00299583933761027,0.00677779937815643,0.0032986542702440665,0.004462413291736059,0.004559467282756911
1110,0.002743070020972449,0.005877631815994879,0.003296599750476895,0.003900182568438265,0.004178507398386534
1111,0.0020707362524593643,0.0047645092743668046,0.0036203674491723336,0.003251424239714958,0.003606312009131462
1112,0.001737865833189849,0.003933356621589644,0.003753563775130613,0.0026936586781175767,0.0031695875421525583
1113,0.0014585600360712944,0.003509466520907223,0.0037319720624807663,0.002707679093474983,0.002910898407497027
1114,0.0013627375209359835,0.0033101497878599033,0.0036750133621385843,0.0026592194490966713,0.0027960747886509388
1115,0.0013245983618572464,0.003240623112670688,0.003727647074380927,0.0025420305191706538,0.0027728007035974565
1116,0.0012979957959504908,0.003223511623587721,0.0036507203317208197,0.002562346664032498,0.002757782337229924
1117,0.0014526859599542207,0.003431508309710947,0.003601999750249064,0.0027591220403041152,0.0028681637246288573
1118,0.0015172838598350286,0.0038010646118167317,0.003630993183697846,0.003098806700452036,0.0030440126850778846
1119,0.0017385021542571637,0.004267112455648545,0.0038296058114816794,0.0033080860330694122,0.003369198830958377
1120,0.0021079476985987524,0.0051155063610205925,0.0037201689593677327,0.0038035543625114785,0.0037560566787589716
1121,0.0027398437546245877,0.00582384895402596,0.003955618485519966,0.0041293191786141575,0.004291878073057348
1122,0.0031741076569969224,0.006276961484568624,0.0038987061624488444,0.004164971312419166,0.0045411035014213995
1123,0.0032135728732617173,0.0064310422285165,0.003976897971251644,0.004427981048819807,0.004634876051969984
1124,0.00322554119990106,0.006407160309622833,0.004123483202144376,0.00453659213240672,0.004681812182065023
1125,0.0031195842489410057,0.00651775930595336,0.004027292967838952,0.005001255210411983,0.004671313784998678
1126,0.0029387063395205784,0.006807771022425327,0.004007708224848549,0.005264705270914861,0.004706515065237848
1127,0.0028620088816601864,0.006972670930965495,0.0038512599138600064,0.0051346010191717925,0.004661909324644685
1128,0.0030923587300536416,0.0067651138041396755,0.003953264011376258,0.004883848311614078,0.00469410856499154
1129,0.003043978593845486,0.006787047341970895,0.004069746098612843,0.004857244948964786,0.004762302253864936
1130,0.0031475680246578,0.006879128851806032,0.0039827079376132946,0.004940432510081986,0.004872205047606925
1131,0.003160499389900142,0.006830864512109328,0.0038783984190508235,0.004958459743993601,0.004880976617583002
1132,0.003147502667791432,0.006804221750663694,0.0038161349567609718,0.004956627102503048,0.004841912714782596
1133,0.003092793773141264,0.006778090751097505,0.0036967911432900058,0.005039225800198883,0.00476806528914345
1134,0.0025985069863700455,0.006107306436094967,0.0036610581278862173,0.004557168094860591,0.004364325917820066
1135,0.0020235663274966297,0.0048960465660891515,0.0038696760456818293,0.00368877519945364,0.0037852086235665274
1136,0.0017462300182057345,0.004152018786268977,0.003922966106555158,0.0029627993173354833,0.003388253913339322
1137,0.0016020725809368214,0.0034889181900908902,0.003800740093975365,0.0024810161568878967,0.0030328535174331634
1138,0.0015016069353122551,0.00326230118397118,0.0037284581354548253,0.002309070134547782,0.0028636751566246464
1139,0.001549167924564388,0.003363491569242297,0.0038402920233744663,0.002395436923767972,0.0029620906535861302
1140,0.0016156033652104287,0.0037025837779849947,0.003943274277189276,0.0025902581854112725,0.0031850231998530017
1141,0.0016714502053596,0.004184863692565055,0.003858328378660242,0.002820902436902582,0.0033402695308161934
1142,0.0018597529839638458,0.005039480984236106,0.003993855287027735,0.0035712761722207008,0.0037682859652793358
1143,0.0020921500448037858,0.005529169943068716,0.004762648446799591,0.004128745845030981,0.0042679569979599255
1144,0.0024464655282544446,0.005954133500323932,0.005186914454868132,0.004529380866911788,0.004733294463355963
1145,0.002947641945033646,0.006490224767688604,0.005230282714268127,0.004867557947776973,0.005096943022079221
1146,0.003175402827982322,0.006599438306230241,0.005215853898590961,0.004264349547422583,0.005163588189144324
1147,0.0031349083663246265,0.006774298908596143,0.00517933574568974,0.004037386640486158,0.005193524887374116
1148,0.0030853836118338975,0.006841691543923372,0.0047199946737991015,0.004182099114619724,0.005050005594125583
1149,0.0030602077706969604,0.006746322336144764,0.004392981479655706,0.004868381080835993,0.004928971184256269
1150,0.0029513712954025635,0.006824750253308059,0.004172242534868547,0.005106987402486961,0.0048430444954288936
1151,0.0028820380210049026,0.007156200352433329,0.004044969342583165,0.005500624425810942,0.004877701739073243
1152,0.003058137748662898,0.006916776845144901,0.004143948267888099,0.005375564697632216,0.004871829460536097
1153,0.0030139333899331837,0.007038236445118908,0.004214557286731008,0.00540199181520321,0.004962034585801055
1154,0.0030333370100504254,0.007246991287942752,0.0040794177536269795,0.005533086682793222,0.005074523654473785
1155,0.0030223984670422516,0.007226531308704948,0.0039066333441245245,0.005565001151019748,0.005069398164411172
1156,0.002940371742635471,0.007231669321063217,0.0038311491265507636,0.005483311066676442,0.005013885050187578
1157,0.0028949434905310976,0.007129592694223741,0.0037205088153123853,0.005041752387477511,0.0048953080250707295
1158,0.002618350035698713,0.006354625120363718,0.0037088476567317557,0.004575797564533,0.004486256563075559
1159,0.0024003104964661916,0.005569379832629723,0.003827422421696268,0.004075784031163763,0.004172552808357659
1160,0.0022672302670517673,0.004688656635415412,0.003966374777825168,0.0035754935311903342,0.003801042543069025
1161,0.0020915671690389854,0.0040888174332000945,0.003955198769760712,0.003119147873962531,0.0035478243589083824
1162,0.0017201362893627043,0.0036965525886601515,0.003941541149183897,0.0027914107392945455,0.00325561499229674
1163,0.0014691251524391097,0.0036923830133694336,0.004114360220855282,0.0027423490522877824,0.003215518524872416
1164,0.0014519436042842934,0.003943301178452191,0.004272749574404489,0.002825489789744139,0.003365457619899205
1165,0.001478265095785288,0.00395807640719998,0.004195597638687058,0.0031026593517531854,0.003370435862718238
1166,0.001429819571856268,0.004414218918084405,0.004268940384989368,0.0036098269202831657,0.003578548859301724
1167,0.001701669988015271,0.005121997218609853,0.004342366552800802,0.004116182457291913,0.003901582607411136
1168,0.002481571847751873,0.006114792460541686,0.004419993038750755,0.004741861058379528,0.0045296163615257505
1169,0.002865968358573618,0.006543287736577199,0.004346722254834341,0.0051084797954561905,0.004758948369662272
1170,0.003105382802336834,0.0066414307888981085,0.004215004334164293,0.004848564694704573,0.0047996928039260095
1171,0.0031095833533413553,0.0069306541814214305,0.004132155849337354,0.005007064281432399,0.004885864080344773
1172,0.0030290604874774617,0.007099709796783394,0.004089228010037275,0.005085048123324559,0.004876443859850475
1173,0.003038308102488342,0.007306886205336188,0.004006834448714239,0.005066060844764401,0.0048543488339429335
1174,0.003013376058196761,0.007115590973115735,0.004098307042570903,0.004956276887456945,0.004771042562310279
1175,0.002916101770792543,0.007175999151131299,0.0039970968448878276,0.004786391704251248,0.004716058301530546
1176,0.0030248622006487052,0.007082171646491546,0.004064464656974459,0.005033026029243594,0.0047839443439536946
1177,0.002982444107888022,0.007411602670732291,0.00403079623907564,0.005213888703681205,0.004955434391438363
1178,0.0030537109480190654,0.007611290472815507,0.0038242923551291322,0.005368816628161212,0.005088310396652831
1179,0.0029097952352214037,0.007712542911665757,0.003736481563102553,0.005384549122044202,0.005081356036858533
1180,0.0029366820843444385,0.007865884446640818,0.0036110863812180627,0.005410026963247718,0.005066928674389858
1181,0.002916129561442871,0.007773144650256337,0.0034982102055667,0.005371049052473461,0.004962514964619862
1182,0.002800957123214627,0.00684511800743345,0.0035515068784770865,0.004846230320219242,0.004588583762870482
1183,0.002401871721934273,0.005916362545216297,0.0037482073583080125,0.004211438078849601,0.0041690043158993575
1184,0.00230076819815387,0.004854440577956373,0.0039385560541604,0.0037692433453238674,0.0038407014211103794
1185,0.002199492866209674,0.004403532850762276,0.004019952045796051,0.003585775557520074,0.003663096597826788
1186,0.002252218484403997,0.004850594964258048,0.004093679423102002,0.003640940679131304,0.0038605499137542455
1187,0.0019440154738797437,0.0043700742450752126,0.004018968306645543,0.003538583569388175,0.0036192920025284302
1188,0.0019109413639176525,0.004219877445641802,0.0039297620571327385,0.0032412614008368577,0.003481477737095392
1189,0.0015716886583443574,0.004299822880078936,0.003972940463049188,0.003319669413712454,0.0033759291639980835
1190,0.0015704268457899407,0.004035020326361266,0.0038858630069638607,0.0033598082761400094,0.003292419026371447
1191,0.0016466478645409848,0.004350110331046953,0.003931997602006179,0.003729559967480298,0.0034276354723222686
1192,0.0020395063522522026,0.004939194577308484,0.004079080296562143,0.004137282121724608,0.003776871907247591
1193,0.002691063828328709,0.005897860071960223,0.004154779053274659,0.004628007431022319,0.004322319630917286
1194,0.002918952848620601,0.006373508553819146,0.004275201272674188,0.004947036951355235,0.0045902123651075976
1195,0.0029147542963397,0.006567639200675013,0.0042681998657349614,0.004406545393483024,0.004632078871015389
1196,0.002936117667829799,0.006568052197554298,0.004229137938066913,0.004326085076972507,0.004610221402572501
1197,0.0029940730342734923,0.006133911905743528,0.004054141384390086,0.004080768053461642,0.004415610238954794
1198,0.003029171640978687,0.0060002719300225865,0.003985689547576367,0.00432187625862151,0.004365853474054001
1199,0.003097319293247582,0.006295884519258235,0.00387629030856161,0.004442730948859529,0.004412275986755956
1200,0.0031286065091255784,0.0062681104738982725,0.003941256580912932,0.004638233572742331,0.004502635031508572
1201,0.0029495973276476993,0.006631332744202263,0.003856184537722967,0.004697659889884936,0.0045453017868878395
1202,0.0028967302904059234,0.007141655888428048,0.003913720020198893,0.0048667496184304155,0.004658624426978762
1203,0.00294386287345524,0.007347578054274205,0.003706416299374697,0.005037661345974046,0.004722016600304471
1204,0.0029816185300482524,0.0075111764322175366,0.0035202257317591356,0.0051191552021342505,0.004759504664208038
1205,0.0030925377911187,0.0071702733503652485,0.0036607538526278885,0.004980617664592081,0.004735464576954471
1206,0.0027295516664236352,0.006443463058340846,0.003926166729509561,0.004458919811031587,0.0044632116935368685
1207,0.0022825082239886175,0.005558588561102585,0.004221739068826618,0.0038473108970308654,0.004054846161917053
1208,0.002200466205912808,0.004978358484660586,0.004292684018225521,0.0035252649467566372,0.0038844288782411895
1209,0.0016996725865748093,0.004192475966034004,0.00435812767742787,0.0029498963349847474,0.003409402720691867
1210,0.0016239790688455668,0.0034307908560348333,0.004249467278282439,0.002609305604000761,0.003096247321980224
1211,0.0013972063250787328,0.003294729487037206,0.004226878471860831,0.0027988166591989706,0.0029578837337791357
1212,0.001482695395027344,0.0033903246636983837,0.004231094683885993,0.0029018768833499425,0.0030292775720388624
1213,0.001600261516871711,0.003917274806689996,0.004400738509776364,0.0032699479373763493,0.0032962305145177785
1214,0.0017532433180014171,0.004480770928502652,0.004537105142757036,0.0037914608328330004,0.0036776055293637005
1215,0.0019499940474529997,0.00487691353052433,0.0044382339011495445,0.004020069989861232,0.003917392850631038
1216,0.00223699661982737,0.0054349707606541064,0.004450738128124207,0.004385774292778313,0.004156476849520966
1217,0.0029230580231232035,0.0059142610057366365,0.004451093443330542,0.0047300294723654985,0.004566813947754706
1218,0.003305159465875934,0.006422695259322063,0.004515966017551828,0.004962063128070663,0.004908575578346161
1219,0.003314920147977614,0.006854658460832909,0.004569049837595822,0.005054597188180074,0.005081001889742117
1220,0.0033464507004894615,0.006982655659024388,0.004587758535566924,0.005103938980432005,0.005139525101827287
1221,0.0035328579231739044,0.006804537879985594,0.004688603337687144,0.004992348213497111,0.005133410087874339
1222,0.003539230876033366,0.006734027210657734,0.004690957685296234,0.004759554138527334,0.0050743366159954895
1223,0.0035043406483490597,0.006779804875034924,0.004513838281378906,0.004778787185925306,0.005005080299964361
1224,0.003490559053007768,0.0065610708897034355,0.004368184787340631,0.004927207866729916,0.004882629195252072
1225,0.0034062669518074577,0.006431487265226601,0.00422237996399354,0.00491359177172711,0.004779655259364394
1226,0.0034267140535091008,0.006631463711596905,0.0040257465379484655,0.00510831911259528,0.004844420476678943
1227,0.003458898683857635,0.00656461811455993,0.003939767132527252,0.00510271174394045,0.004844336366293362
1228,0.003402879624607574,0.006572669759760131,0.0038622460750956694,0.005130147153839299,0.004794451524541562
1229,0.0033867322436487643,0.006519968736637686,0.0037780274118674145,0.005154943588270372,0.0047245271027607635
1230,0.0032175584578581426,0.005999556174694555,0.0036952218035506213,0.004805730277614857,0.004470413150117053
1231,0.0031031186322058183,0.005578044228430562,0.003925439757343443,0.004100834636856507,0.004341844531889637
1232,0.0025208528680812623,0.005114147000592919,0.004101064360601043,0.0033576726402271117,0.00399730584126158
1233,0.001790362683131886,0.004556611123506908,0.0041857328958373186,0.003039232083925533,0.0035597511415013114
1234,0.0016461836577399773,0.0037332557643587577,0.004023422266576009,0.0030943946531674193,0.003250835393875323
1235,0.0015903114540040497,0.00342085801049115,0.004037519771644997,0.0028983353045475245,0.003122579987298744
1236,0.0015892464329427638,0.0033851038071611717,0.004058107512162472,0.0029560667523171233,0.0031349020641330094
1237,0.0016733607874771124,0.0035318297347665287,0.004110043890972782,0.003041804465105199,0.003239912475663136
1238,0.0018148842727564365,0.003824508430718514,0.004173421253971774,0.0033964082821305052,0.0034520219487994964
1239,0.0021419812891911388,0.004404195663880551,0.0043369676574409035,0.004011704529147823,0.003821811996926497
1240,0.0027482787802838747,0.005045389635589755,0.004498600896326312,0.004517677908720354,0.0042609040200072695
1241,0.003314380107913292,0.00566471053652185,0.004713008197358765,0.004559522111576393,0.004696623630690813
1242,0.0038416131383487303,0.005933125360763221,0.0049340403290966395,0.0043422625432131675,0.004992983602399035
1243,0.003842569715255336,0.006083679991152165,0.004680201876974546,0.004441065334462453,0.004940923490767067
1244,0.003793418916760146,0.006190145860014227,0.004522353102612848,0.004548278525221711,0.0049028023021717064
1245,0.0036392193588760716,0.006364963718755211,0.00444815061665529,0.00475917374580998,0.004891405032848427
1246,0.003366779222401339,0.006514947104383362,0.004493994616038778,0.004927991389844785,0.004873921596096829
1247,0.003169994065862583,0.0068476290276600635,0.004385685502632502,0.004939519385916965,0.004825720484652257
1248,0.0031960615408723253,0.007079799682736134,0.004403078973263483,0.005591045378952559,0.004909778385145114
1249,0.003227982691749825,0.007144941371130014,0.004359496872249626,0.0056645322074314886,0.004988673792460585
1250,0.0032726247636044007,0.007165468406180179,0.004303721169813443,0.005693707272188861,0.0050766515575707
1251,0.0032356469515883637,0.007152212273363229,0.004194911695287528,0.005675254838219221,0.0050791870586682115
1252,0.003167081967230352,0.007144328605729057,0.004130589496359332,0.0057067121070212634,0.005035689963446592
1253,0.0031751693377342948,0.006947122228279229,0.003964787080700943,0.005615822407039373,0.004865034899467035
1254,0.002841144084428412,0.005909461398219053,0.003944885382596511,0.004894720256824207,0.004368702452940748
1255,0.0023037358498052742,0.004498165772263697,0.0039033882681605084,0.003850029835859439,0.003692984334068023
1256,0.0021491639972568426,0.003787790651597284,0.0037281502403511075,0.0031931350576665895,0.0033122631301039968
1257,0.001710977216341636,0.003149753119701457,0.0036003532000556176,0.002536276777081948,0.002853012513967109
1258,0.0016375499776282996,0.0028965274384080758,0.0035366102710076177,0.002340202720623267,0.0027373412892523655
1259,0.0016401791980564745,0.002950950713846263,0.003654569849405351,0.0023133859191502024,0.002790737804824423
1260,0.0016636331424346425,0.002994374821023589,0.0037318594058036517,0.002358482821083873,0.0028553350979709183
1261,0.0018048452172967817,0.0031827818443118743,0.0037789494363843937,0.002526968009795098,0.0030114705370755464
1262,0.0019031194057697238,0.0034858550095965813,0.0037911345999290685,0.0028274855501780926,0.003172086013714912
1263,0.0021690615096611812,0.0037869305887585497,0.0039188308362012965,0.0032030288314812963,0.0034288039669770265
1264,0.0028455410989340186,0.004404548190435839,0.004226436903534121,0.003836621385430461,0.003950782648404815
1265,0.0036556219123081287,0.00535560433960317,0.0045552310808032225,0.004634198685031849,0.0045906177653646345
1266,0.0040672743287348745,0.0059813447877538495,0.00477483065241958,0.005136554776125173,0.004975750958564644
1267,0.0038108516182799035,0.006190010574560929,0.004656973633114198,0.005168007525484809,0.004933086150015905
1268,0.00349114304276466,0.006196451094255536,0.004395474408429834,0.004286853312257024,0.004675489329193615
1269,0.0034423039078288246,0.0067827060773730675,0.00439488104934894,0.004541243700515229,0.004811098219626635
1270,0.003189354837040164,0.007335241508218821,0.004305322593036409,0.00462942262903194,0.004845854634320208
1271,0.0031412599331370975,0.00752990523208975,0.004040281712481748,0.005303169676583143,0.004765363864312712
1272,0.003151343461603105,0.00720905247994105,0.004107738498103956,0.005207831043271572,0.004709300877695966
1273,0.00325131764802966,0.006772350618307987,0.004233798820972438,0.004978036872981858,0.004688743353390131
1274,0.003359781734696159,0.006800865906222842,0.003927218996727888,0.005071998031583025,0.004771877727762974
1275,0.0033108551149956256,0.00675286418582184,0.0037287624488152016,0.00506154825313723,0.004741938846645081
1276,0.0032410344172480086,0.006714183077416343,0.00372403449762057,0.0050407106295580015,0.004691437921505161
1277,0.0031679699958091757,0.006758555830487318,0.0036190133287412507,0.005360738288756175,0.00461860355085631
1278,0.002935995765180035,0.006166355906313642,0.003611853707950231,0.005001698035776551,0.0043504269457379525
1279,0.002463468777552992,0.005652550821535507,0.00381586115071155,0.003065815874177538,0.004034181298161467
1280,0.0022133442539678688,0.005496649256583751,0.0040106675251371975,0.004450831193118116,0.0039036805889486907
1281,0.0018604900346905137,0.004995468329243937,0.004113913201260562,0.0041834552320179135,0.003658221564500098
1282,0.0016032114808270308,0.004620043549737649,0.00424582829767425,0.004101732460904442,0.0034934507887259447
1283,0.0016678372147420344,0.004268689875927672,0.004302285373310072,0.0037399250818385054,0.003458710711213891
1284,0.0016994615443766134,0.00385405298126065,0.00416963701768018,0.003256820955005785,0.0033940662525601293
1285,0.0017435819404401664,0.00386659151730562,0.004065015457311516,0.003264924703382735,0.0033670847482094733
1286,0.001860698935672088,0.00406715491042748,0.003991804820160328,0.0033969605070916457,0.00343199002695502
1287,0.002447179393947508,0.004762715744820868,0.004292059255869208,0.004041758823331881,0.0039902311545422925
1288,0.0025781162733088288,0.005316668226295374,0.004869405138462025,0.004371144879723289,0.004358329670135623
1289,0.00310926576670515,0.006094779360030678,0.0053039132053884505,0.004658266235854779,0.004954645170976464
1290,0.003435977958484148,0.006341124206564845,0.0053800714712908745,0.0044589917608437325,0.005159331088992887
1291,0.003447302094919169,0.006701611997955948,0.005141950434314605,0.004683342284231587,0.005207372924792138
1292,0.0034078943220653053,0.007011760231534856,0.004981957857768016,0.004830216761709077,0.005244678530249919
1293,0.003403578080243458,0.007017097786887527,0.004219393796409776,0.00514444911880676,0.0050028241159019975
1294,0.0033516255172021682,0.006818155756554085,0.003989473523185392,0.005051022972361974,0.004810190539878776
1295,0.0032708513585730016,0.006865560487598767,0.003776154631628157,0.00482683888674841,0.004712900807571613
1296,0.0033670672905161594,0.006696638192764645,0.0038188382504958525,0.004778501149573394,0.0047274184407366925
1297,0.003429639976113884,0.006728559430313433,0.003689541199250145,0.004813921168371085,0.004819261118216207
1298,0.0034235647775939814,0.006754373236434871,0.003543018624259766,0.0049907572021059025,0.004875308695732786
1299,0.0033577126114099107,0.006827809006498174,0.0034781719638345564,0.005452331840030675,0.004897323502695001
1300,0.00331803207635735,0.006867986463912914,0.00339495564933785,0.005537932212052418,0.004876289230763633
1301,0.003289607254907785,0.006942835070859801,0.0033155787691189786,0.005638417771031292,0.0048430971957262965
1302,0.003198268294289425,0.006564133600708553,0.0033828776188944655,0.005384786468892519,0.004671886057528555
1303,0.003093465373523412,0.00626093718356838,0.003640894297596165,0.005206479612872499,0.004585394156576532
1304,0.0026155235465439627,0.006041840068469889,0.003957353319028465,0.004968297934305504,0.004333949433414346
1305,0.002037820649958662,0.005534150584962536,0.0041481799006407695,0.004260472681489585,0.003934089107085057
1306,0.0018637723327579797,0.005163847877893501,0.004202874619687797,0.00395850770248195,0.0037783645722935903
1307,0.0016991535678768485,0.00450266049223421,0.004225294758344868,0.0035431512108159056,0.0035247603863809676
1308,0.001564826738003165,0.0041727998384702425,0.004172316868368696,0.0034669511590100744,0.003425980446313736
1309,0.0015751838307775223,0.004050035807450652,0.004081957019605376,0.003267915554567908,0.0033975745934854583
1310,0.00168324633807958,0.004359220942998223,0.0040550507752533755,0.003550719191713699,0.0035268916495132707
1311,0.0019075217329177464,0.004556046471139839,0.003988273502833972,0.003709955591013219,0.003643661976490291
1312,0.0026023097407077657,0.005263397978437825,0.004392692915385915,0.003949075780875805,0.004267683332341604
1313,0.003061486366577423,0.006170732775551731,0.00455783062670622,0.00425993637027785,0.004747728945356374
1314,0.0033578283009362137,0.006240907475208944,0.0047246922557380765,0.004212906567646435,0.004894328156125309
1315,0.00339879944339099,0.006656369944221393,0.005010704784891681,0.004478318229492009,0.0051387435285979
1316,0.003310691306573567,0.006725776248374158,0.004318096797722712,0.004665948551539267,0.004923715186998555
1317,0.003206050902687582,0.006722869626732031,0.003853275669344003,0.005149154600808611,0.004774414531930307
1318,0.0030883122764008655,0.006965134608928436,0.0038687476056384817,0.0052651357343581765,0.00481932946009512
1319,0.002941704020502788,0.007160004657429934,0.0036519390869883756,0.00527496704715434,0.004768500964187713
1320,0.003061380424502429,0.0071570985410842405,0.003589087929960093,0.005508822022011398,0.004791165572357727
1321,0.0030542455473669683,0.007621413668481048,0.0034526113708564106,0.00581804723336766,0.004984846700667254
1322,0.003084650416524317,0.007637842334419567,0.003135695821274242,0.005818237413347888,0.005024252416536123
1323,0.003136265443187431,0.007474195537326593,0.00300519802784508,0.005721543302105096,0.005039090856202737
1324,0.002987481490785576,0.007538309170129381,0.0029594782508389848,0.005726606710129884,0.004995877193512343
1325,0.0029149687297837087,0.0075206876431117035,0.002782781329427925,0.005709304808002352,0.004892320901111086
1326,0.0024497698118178092,0.007149292433852736,0.0029938736602379778,0.005411128889960806,0.0045000474004111765
1327,0.0022630121767402527,0.006032306509583877,0.003313394780358724,0.00472567998589596,0.004123881454020032
1328,0.001658875954774505,0.005198052758152359,0.0035542388036043844,0.0040025219242915515,0.0035504716995739594
1329,0.00210840376838112,0.0048416227634903025,0.0035850955290560906,0.0035987746246987163,0.003667878061101183
1330,0.0018769150347459616,0.0049437144858284696,0.0036533087641645373,0.003585962707316768,0.003611257553971896
1331,0.0016380577176814154,0.0047606251275089115,0.0038158141214634507,0.0036597706329663912,0.0035355753241136665
1332,0.0014491929555458351,0.004003972104447359,0.003912895476478797,0.003207795254675884,0.0032820487517008718
1333,0.0014060032983851819,0.004029606311027133,0.0038276160508632614,0.0033564561376803236,0.003220342120562222
1334,0.0016378618591987688,0.003996258754892108,0.00358149401233496,0.003274426678167961,0.003256077199504688
1335,0.0017655842541511495,0.004446927596587565,0.003557446348117051,0.0037843364133095716,0.003407241480909165
1336,0.0019515001988337894,0.0043392997450824875,0.0033463606154375846,0.0036978417855835634,0.0033593113039451553
1337,0.0023686289328153764,0.00445876751972697,0.00322154167562256,0.003728862893928598,0.0034615522132655616
1338,0.0026715167769254277,0.004603561945284836,0.0031733020919680797,0.003507063600477353,0.0035660901482044015
1339,0.0026632814561005085,0.004696686485996335,0.003192920812488769,0.003588272202756077,0.003604133603762145
1340,0.0026647470119654155,0.004994237192834791,0.003427168801089896,0.0038105812611759953,0.0037688285489849084
1341,0.0026690887626138397,0.00481128248934816,0.003501519674121572,0.003672569272210523,0.003721432491843833
1342,0.002664525086008807,0.004488484939880932,0.0035423627185478456,0.0034116714162314805,0.003604398643113243
1343,0.0026944532617406264,0.004842270976028061,0.0035696909196953936,0.003546860977585395,0.0037110899150582122
1344,0.002842546086868422,0.005108859441429927,0.0036890131171542304,0.0036504183479015156,0.0038606863316872
1345,0.002791009902037221,0.005376540893115166,0.003643608610376189,0.003801214182573818,0.003927328859047067
1346,0.0027847137736077216,0.005785602873613586,0.0035218559920221436,0.004071006668091427,0.004045817863704574
1347,0.0028573222374912,0.0059653495083377564,0.003394199917193611,0.004495093080309363,0.004121134274908543
1348,0.0028872677468000977,0.006003592150184024,0.0033737080199639415,0.004671289353826434,0.004148491693943851
1349,0.0029059518996818203,0.006012520695073283,0.0032792075151205162,0.0046746299238473715,0.004132093859922252
1350,0.0025672261126765987,0.005557431577679683,0.003351597903655115,0.00426970933139579,0.003914603562911741
1351,0.002495751536551795,0.005186763953056085,0.003532475498165019,0.004082870120956922,0.0038522671933984244
1352,0.0022826789548571064,0.005410481834969217,0.0036712775614699358,0.004061080269779061,0.003909813695949377
1353,0.0021204021264082063,0.005141981440469239,0.0037560791676317187,0.0038573730451919312,0.0037967352870944557
1354,0.0018574658256764692,0.005082893870616441,0.0037721571782784675,0.003855806451901347,0.0037017974215571153
1355,0.001505888500626504,0.005085014615200011,0.0038336567366731855,0.003802151438492373,0.003498485670228377
1356,0.0018075480429570858,0.004867479128326307,0.0038282125447564696,0.0037252383025183798,0.0036959305671541306
1357,0.0019817245871884093,0.005147370969589773,0.003750579100524451,0.004161512342594493,0.0039070345503944386
1358,0.0018327872076248758,0.0053117059788438566,0.0037574250549828898,0.004389393117450051,0.0038800937557045057
1359,0.0019243259752646338,0.005392538921401653,0.003769218051957997,0.004593953328421866,0.003934817436510591
1360,0.002062165562191032,0.005463514692938042,0.0037635540170535362,0.004700962855534209,0.0039309970940582094
1361,0.002611938151129064,0.005610015311752226,0.0036429440959737484,0.004784758845471762,0.004101646128941033
1362,0.002854895817422886,0.005335220158958572,0.003432166745668474,0.004503548620105669,0.003971300460270359
1363,0.002888711348506058,0.0052099857994339855,0.0033680763328828504,0.004378089996886336,0.003896112334722455
1364,0.0030447234973787537,0.005550348286645249,0.003707255584260197,0.004619438821606397,0.00413143720452214
1365,0.0031069707030762154,0.0056157946304250675,0.0037062983844931424,0.0046584999699046375,0.004185805950167213
1366,0.0030766134856319454,0.005786273782980873,0.0036481193705131323,0.0047021756144902446,0.0042076488656754
1367,0.002983720369733956,0.005784961663457772,0.0037246346294863165,0.004581366939088198,0.004182485191658938
1368,0.0029917780134851427,0.005803541375974032,0.00376077653621761,0.004531527743894073,0.004194261695760676
1369,0.0030194868463435864,0.006169410738643245,0.00378242470486119,0.004753256901032841,0.004379816210085553
1370,0.0030656839218281776,0.006513132786587932,0.003742416703723581,0.0049675683599795205,0.0045569920774430495
1371,0.002931269089456229,0.00708540099459446,0.003241434014081965,0.0053286609597602815,0.004670277052910434
1372,0.0030095470260673896,0.0070913434154113685,0.0030403536427173615,0.0054515435950292625,0.004705283538821478
1373,0.003080055478144289,0.007021802018549187,0.0030095745556668087,0.00542846830927254,0.004705555457729406
1374,0.0026169740219673015,0.0068245951683259445,0.0032257863289034097,0.005146223192779068,0.004463953957902528
1375,0.00204090413493167,0.005725510548089738,0.0036195569455212654,0.004130690780262488,0.0038422681235602235
1376,0.0017505672551105665,0.004209291606731988,0.004025247746576628,0.0029970280380851194,0.0032653273327511788
1377,0.001526148594893455,0.0035550390851047196,0.004094164936330473,0.0026298865881803344,0.002960108031752518
1378,0.0013329187820774401,0.003180443144120105,0.004048359516986375,0.002413053087884257,0.0027388862877580746
1379,0.0013348208585654449,0.0030443891702369055,0.004026720788399386,0.0023281416502200997,0.002697097552947866
1380,0.0013466433085942814,0.003267964933159577,0.004023008067741933,0.0025651178254702807,0.002812754225158178
1381,0.0014166931864064724,0.003612353297483247,0.0040722870249676486,0.0028051151538962846,0.002989242068320241
1382,0.0015886276209489136,0.0040302029744862565,0.004110157547390577,0.0032341725918991816,0.003213204427765116
1383,0.0018012072141911104,0.004755545400618567,0.004083731846647108,0.003789200572530656,0.0036051349019125874
1384,0.002302857989765462,0.00577986790865897,0.003995637330311599,0.004381304775209204,0.004139173511632218
1385,0.0028522728848358633,0.006429052113415439,0.004047637535343562,0.004497418865796364,0.004555028448528858
1386,0.0031431649032352947,0.006843617639567696,0.0037722615070031958,0.004591100346421273,0.004766417859282986
1387,0.0031972296523700527,0.006760612635148363,0.0037665427331963507,0.0045646453867675555,0.004768048915024756
1388,0.003211151067042792,0.006757032652872553,0.003792917494158573,0.004582510882916431,0.004776318178037717
1389,0.0031492061356145165,0.006686274577193616,0.003690841244915495,0.004567714975856895,0.004748964637568405
1390,0.0031711023011827644,0.006886563520853066,0.0033614996587355483,0.0051727787203919365,0.00480193945753666
1391,0.003054502264008083,0.006900377638342301,0.0030962632425439777,0.005163028518560405,0.004728464976305231
1392,0.0029812447957624708,0.00707117340202754,0.0030970898228419776,0.005494327747820051,0.004781383576574061
1393,0.00292041854176949,0.0070606743900766275,0.002704274519524802,0.005504296737235108,0.004837027058985438
1394,0.002893722111259775,0.006764667102644234,0.0025394438879415017,0.005273633385746254,0.004714296382742699
1395,0.0029138724660918874,0.00670323461315096,0.0024407894142432804,0.00533397479669543,0.004674925243283004
1396,0.0028980031572193136,0.006663717014498595,0.002358103557177097,0.005391767556299393,0.004605822024682801
1397,0.002883919147014193,0.006648611005686649,0.0023832633591056203,0.005428831076879278,0.004540334688491955
1398,0.002830856413180034,0.006600464425197165,0.0024332516711505314,0.0053279152688514774,0.004459174560068505
1399,0.003000653444441396,0.006637073019301328,0.002776251754377701,0.005209420376198262,0.004584734946217285
1400,0.0028122457125019356,0.006718164864451909,0.00337308849776234,0.005005012460130972,0.00456503346270299
1401,0.0026609273047908605,0.006427649427183621,0.0037384322926324394,0.004583162209190849,0.004552560001081063
1402,0.0020082357264031695,0.005882303877345519,0.004092833932644099,0.00422952644175528,0.004227688261182483
1403,0.001788400856060659,0.005516452928902539,0.004230765490411116,0.004084369079021738,0.0040807674311869385
1404,0.0016399233254761373,0.005452247702494026,0.004031584136422012,0.00453949297899489,0.003927883637564991
1405,0.0016791550409235713,0.005578814604930253,0.003869639865303705,0.004666916949512036,0.0038853619013484867
1406,0.0019303288090849137,0.005524604216774977,0.0037421850552092763,0.004577769120609586,0.0039918733966275285
1407,0.00171443094052435,0.005333210415467347,0.003937412037575787,0.004517186590919868,0.0037820319957467484
1408,0.0022533867223998045,0.00535534530295676,0.003849530769899693,0.004422231397664457,0.003947213520359868
1409,0.0025832860821164787,0.00560469840700763,0.00378318864639298,0.004431965451149539,0.004112703436346727
1410,0.0030075321316812803,0.005505286456365408,0.0035192914363406237,0.0032844070396366026,0.004071077532801782
1411,0.002929696525455886,0.0054430847510180255,0.003342295947017863,0.0032614561189393447,0.003962979491596361
1412,0.0030525333409627507,0.005190688198481008,0.003564393256137264,0.004061264074560505,0.003960287310674676
1413,0.0028887665022751486,0.004981570242811643,0.003477904463047282,0.003977056152379632,0.0038048512246983976
1414,0.002849765139325804,0.005272759558830807,0.003500381578774855,0.004268179975126435,0.0038558112029603232
1415,0.0028567442681923863,0.00543095211155413,0.0034608087022062702,0.004187563048320895,0.003844426583982413
1416,0.0028597494046374247,0.005564776728536481,0.003513728815882114,0.004200094493402957,0.003915951638942246
1417,0.0028728768329763276,0.005697338390846187,0.003529190762117186,0.004328480649078141,0.004037022713100452
1418,0.0028697336776039497,0.005543621699917793,0.0035252968992335928,0.004219017506104247,0.004064720208288347
1419,0.002892356799134758,0.00568477722329059,0.003341682515244028,0.00430671591360799,0.004109883401796849
1420,0.0028887096118768137,0.005644477928048304,0.003305783334424768,0.004368151021282468,0.0040685807898488205
1421,0.002859997835574369,0.0057160357193135605,0.0031627034567132313,0.0043899676658348515,0.0040190332442168845
1422,0.002526216856792239,0.004908926214614551,0.0031875150724232546,0.003701022923267934,0.0036602077430567294
1423,0.001958635785299182,0.003920028807180671,0.0034838937357472514,0.003017035500418814,0.0031761475979360165
1424,0.0017137136225409114,0.0035197025599907118,0.0035131916692416974,0.0025634882959002184,0.0029234694482089736
1425,0.0014453857123901536,0.00341912307719106,0.0035058418010128645,0.0023443590875095815,0.002787000957485211
1426,0.001182616911391915,0.0029166330077230575,0.0033333107506326167,0.0019542420902750024,0.0024678686838006795
1427,0.0012233258051996742,0.0029874020872558424,0.003432066014144702,0.0020514617108541265,0.0025444567285079806
1428,0.0011370102296903528,0.002982990204524179,0.0033235627678072453,0.0023196985577827586,0.002521905493268496
1429,0.0012644395251598015,0.003074681862582313,0.0033052906391337193,0.002495630698905956,0.0026495404816568265
1430,0.0012759555214440328,0.0034155121073100284,0.0032341870618652997,0.002734075583538502,0.002726095046210698
1431,0.00146025448543374,0.0038691239370976394,0.0034545355496111148,0.0031040570576049836,0.002975819656996535
1432,0.001981510451782535,0.004367091065985882,0.0034811592570713145,0.003384219734084757,0.00333661290888542
1433,0.0025790687095575133,0.005179123195190699,0.003467690319313403,0.004031998360929673,0.0038399788800783144
1434,0.0029004337161104084,0.005277955401602924,0.003316213904005588,0.004142672489788804,0.003932500971132408
1435,0.0029377149349907464,0.00511042372571448,0.003260797288251028,0.004047693056460331,0.003880865026175249
1436,0.003031302385585979,0.005621637473638357,0.003338175239297977,0.004149691835159793,0.004083063049216766
1437,0.0030753235305893255,0.0061690062440426015,0.0033254121481173346,0.004248716910484523,0.0043080370702249056
1438,0.002870254286950241,0.006663990604595783,0.0030620173417162614,0.0043539333388758475,0.004365532341025557
1439,0.002904349376997852,0.0069350733095597935,0.0027017316100799546,0.004756045621645903,0.004373072576290762
1440,0.0030305191960216405,0.00669514430985918,0.002928416046523834,0.004636510567409887,0.004410238864148149
1441,0.002979907430619477,0.006812114521142947,0.0029290454009961715,0.00465377478320838,0.004502615555783669
1442,0.0030353015857701947,0.006897609399663462,0.0027425595743261525,0.004881819400575672,0.004591495702854209
1443,0.00293772151822181,0.006983877803490328,0.002536069404708239,0.004776559785814016,0.004596456623648891
1444,0.002896193370668454,0.006941774291347796,0.0024319268660982015,0.004736297613898129,0.004550479982737812
1445,0.00294373857016402,0.006816663137999703,0.0022692469539121064,0.004738375493380532,0.004491096716251527
1446,0.002582976592640188,0.006054708617816828,0.0025084969939728444,0.0041757433548257625,0.004140998575407962
1447,0.0020973626521258925,0.005071609289475013,0.003252948628217232,0.003928408868456667,0.0036880685940707345
1448,0.001848998083268375,0.004377812637336928,0.003606344525029432,0.0033069747863845936,0.003344856461569351
1449,0.0016494341418847255,0.003705347288724656,0.0036533473165427503,0.0028843249185558193,0.003013250293671964
1450,0.001399957353121503,0.0033835691005598776,0.0035768746372407804,0.002569834705358767,0.0027862860409121675
1451,0.0014790030945967165,0.00333189350423107,0.00363468151823096,0.0024954795542076512,0.0028099328759053797
1452,0.00136824705716833,0.003531502659027458,0.003603611785165738,0.002752193318073627,0.0028849171753850896
1453,0.0015377988888403279,0.0038603346050664184,0.003714109810604581,0.0029011098440446135,0.003137086549998514
1454,0.001570289310647002,0.004436235090034916,0.003519379904629481,0.003498667695101801,0.0033327717677652064
1455,0.0017620136156434303,0.005080646753976632,0.003435579786923693,0.004002805140322466,0.0036535967647868834
1456,0.002268277903475438,0.005795099132259673,0.0034908631229211328,0.004660498935808097,0.00405394366762316
1457,0.0027357698392295473,0.006665328171382897,0.0034054231897557375,0.00517814070680824,0.0044806529419138905
1458,0.0031297793335154185,0.006955551504899507,0.003657277597410459,0.004456717523018486,0.004741012366869783
1459,0.0031255224459973917,0.007077498012945393,0.003400514766817681,0.004290317959022137,0.004699884765587948
1460,0.0031506941853352774,0.007152162764053955,0.0035748481814766326,0.004303308100223261,0.0048165173010204084
1461,0.0031506241855161848,0.007143206432794397,0.003446626875615559,0.004675822852655087,0.004789503160019068
1462,0.0029854052272937056,0.0069742539663798266,0.003469709631662002,0.00479924273242918,0.0046484473181743115
1463,0.0029911534878582008,0.006925259056163492,0.003290186466137606,0.005132988296178798,0.0045539256590238705
1464,0.0029137460052842397,0.0069911834442976,0.003314179377304351,0.005493339957485124,0.004590841144317449
1465,0.0028955669250355994,0.007138360470239692,0.003243284323020473,0.0056235287838407935,0.004671791561835151
1466,0.0029150692205100683,0.007041071605081766,0.00309650520368545,0.0055283975371785,0.00464756097291206
1467,0.0029233092550408723,0.007098531783284757,0.0028222155031663505,0.0055211734479789,0.004655389549664684
1468,0.003000408890251124,0.0071778618291781894,0.0026071512679089735,0.005635967457932182,0.0047023220175710975
1469,0.0029653809765984255,0.007162792390282861,0.0026246817338074213,0.005576304376915358,0.00468882379751676
1470,0.0025881631428352953,0.006488407590096991,0.0031202515877712046,0.005044784482291885,0.0044263926965955065
1471,0.002093079704840556,0.005343199520009866,0.003661559548512124,0.0042681243183660105,0.0038832450655682887
1472,0.0017864432152940393,0.004697040601673609,0.0039806884154052575,0.0037603187808153697,0.00355622793380775
1473,0.0015853598997896856,0.00402658526381554,0.00409544818101102,0.0032578059531628355,0.0032479734462110333
1474,0.0016183270997236201,0.003948922835186955,0.004132030114561199,0.00317188780282011,0.0032294049933562705
1475,0.0015741229384650653,0.004209814672884334,0.004218524718599824,0.0032072584921800287,0.0033454198961928036
1476,0.0015979178813484165,0.004588225257126481,0.0042351639941626655,0.003341260751680081,0.003570662815428876
1477,0.0017097850862969157,0.004502820509756226,0.004139346695556639,0.003313628976151206,0.0036481465065879596
1478,0.0014859533788597577,0.004703951737172484,0.003856516136234935,0.0038052351157787153,0.003503640364315345
1479,0.001761690488444957,0.0049379526838190324,0.003620531546526613,0.004160701282465586,0.0035585953264674875
1480,0.0020985714201417994,0.005326327145258375,0.0035231469552328763,0.00445209595430734,0.0037876972088643117
1481,0.002781411696505626,0.005261591038476252,0.0034856577278482735,0.004293959815670713,0.004031632305123535
1482,0.0031118140686432197,0.005408136805039401,0.003517899094614598,0.004261438001942199,0.004194321516516064
1483,0.003125180212912481,0.005612025332815264,0.0038022492734762223,0.004452000498732077,0.00435944625924102
1484,0.003137021425016709,0.005824761185172089,0.0039270427572088455,0.0046105860961616575,0.004502736293303224
1485,0.003161151726095094,0.006088042457284828,0.003797335230419281,0.004722033161054393,0.00455854452283647
1486,0.0031472687050455,0.0066197569628359525,0.003401671968857999,0.0050184184323903,0.0046957879942171295
1487,0.0031321669858312027,0.0068499350259257795,0.0030303558591355502,0.004975573021426016,0.004677933854131361
1488,0.003120643627617004,0.006691696145667718,0.0031666643665759836,0.004859924518898233,0.004608369633937795
1489,0.0031735468724886275,0.006731328623827746,0.0027950045729105053,0.00488678322408963,0.0046183124863960175
1490,0.003092717859873789,0.006842867807224816,0.002587147202881351,0.004916570445963452,0.004641344167849958
1491,0.0030629684669193132,0.0067844801877096446,0.002395188889636805,0.0049975732751606295,0.004618649919385959
1492,0.003057827448260732,0.006675904824196586,0.002278328789491205,0.00526316749590508,0.004531818754352766
1493,0.0030215771714036917,0.006424056451910078,0.0023091701934615356,0.005149828310643538,0.004357908713551136
1494,0.0025925804327603997,0.005599272004564434,0.0026131638663047033,0.004531621398534299,0.003971218446654046
1495,0.002058105788176891,0.004495438766198584,0.003307484367422585,0.003737074914093531,0.0034681705682499666
1496,0.001768984323314654,0.003696066660618015,0.0035495149438191163,0.003162078648111673,0.003089646834509946
1497,0.0014736885708667088,0.0031981760906006356,0.0035241713957911347,0.002808552507195374,0.002800956994344743
1498,0.0014236323884314226,0.0030293084563138574,0.003548518473053906,0.0028053577588505463,0.0027258391538469077
1499,0.0015278484960493978,0.0030203420702011583,0.0036549477190860524,0.002952454127741475,0.0028018022816931466
1500,0.001368739531097005,0.0033229172560163274,0.0037771678249115264,0.003186456100199824,0.00293698016201827
1501,0.0014969563285058363,0.0037342111777141232,0.0038188604839477507,0.00351925989648491,0.0031344964830605612
1502,0.0014579847173314254,0.00422395096146559,0.003641345975422939,0.0037204798638906435,0.003233301960478201
1503,0.0017854770454509917,0.004622476277162891,0.0036501879625003976,0.0038890477088830053,0.003510101385397299
1504,0.002160941536349119,0.005225612715455304,0.0034855587078073784,0.004302478863648702,0.003800443301046819
1505,0.0026065917005759845,0.005733923729109435,0.0032552075044316622,0.004365598704682655,0.004052956040379573
1506,0.003111157887139093,0.00587805488082661,0.0031750807384880037,0.004048071079742388,0.004201360289525748
1507,0.0031423193513778445,0.0058555820966267975,0.003171605057346279,0.003991010517261125,0.004207265230376281
1508,0.003189343910513124,0.005858267258928479,0.0034637126797093572,0.004053536736091042,0.004287418375577733
1509,0.0031623015774942423,0.006038796054114044,0.003376044900615172,0.004395276359767701,0.004325961778162134
1510,0.003181906624663565,0.006092698148069849,0.003378658450761265,0.004611958873067315,0.004362241782777071
1511,0.003191245554148964,0.006078367618937291,0.0032414284606579764,0.004608456215740792,0.0043060727991194965
1512,0.003169871841111568,0.0057050567738353925,0.003243681505405071,0.004493357702042601,0.00420935229616263
1513,0.003084211000961899,0.006477602499359475,0.0028853467709214565,0.004954528792383042,0.004411871882223022
1514,0.0030206261275018934,0.007184752702233261,0.0023317818185060297,0.005373669179306424,0.004637129863715736
1515,0.0029965431887800024,0.007226720375900196,0.002224064147587629,0.005479579216889443,0.004653542447362308
1516,0.002992804200847472,0.007195352000959605,0.0022703765532939837,0.0055046128598586356,0.004652772656424983
1517,0.0029254154020171143,0.007159883608889632,0.0022220443642217633,0.005346171095905179,0.00461869287350366
1518,0.002573089814448749,0.006342967733225975,0.002617404858907799,0.004760282296368021,0.004235107105260909
1519,0.002192098535620009,0.005514041850321699,0.0034132054094583946,0.004223677634565935,0.003921905709614788
1520,0.001872064237160196,0.004597523752886099,0.0037645078112001954,0.0035567790490564992,0.003524884292203901
1521,0.0018302571282276037,0.004412672477542318,0.0038656017731778466,0.0034413525532094387,0.0035282677852716397
1522,0.0017026621049346655,0.00444551225943354,0.003897963705463692,0.0035500126843641907,0.003542675270804319
1523,0.0015588683593527825,0.0042846056261614295,0.0038583180632833255,0.0034712647667410074,0.003388091892854851
1524,0.0015138371232150014,0.004040925186053994,0.0038091157096161953,0.0034776487244334133,0.0032930397826540165
1525,0.0015780360492170145,0.004205845959758328,0.0037805750618949115,0.003640059394907205,0.003354170266885903
1526,0.0016468832130889974,0.004122356212884436,0.0037353433166185295,0.00354121074223932,0.003291126871575654
1527,0.001928738582559216,0.005055849439956203,0.003948779643289316,0.0043590835702588876,0.003802229240673911
1528,0.002461602962740202,0.0060173567406206045,0.0038687392061137007,0.0049523488186904606,0.004358454770239377
1529,0.0027601450809395076,0.006838805141427628,0.0039295815725319426,0.0054690938145112436,0.004745879639728747
1530,0.003082894787255028,0.006862103143146599,0.0038899397983248843,0.005503237872027818,0.004818522668217896
1531,0.0031476305606393503,0.006988622771955975,0.0036706464747984185,0.005416974165764738,0.004788897398846032
1532,0.0031237900164882175,0.007186429862817865,0.003419569576830778,0.005277977398398046,0.004757354222448883
1533,0.0029678018520297497,0.007462011910368387,0.003028797091728624,0.005358572559275669,0.00469211547328649
1534,0.00303127142158437,0.007311046733611892,0.003681450698642071,0.005306450914441723,0.004850056220378406
1535,0.003069900081024393,0.0074267110178965106,0.003825997979451193,0.0053147727648541945,0.004898581685662835
1536,0.003139390187450611,0.007476208998615464,0.003969874610710945,0.005170846477202333,0.004916771258916087
1537,0.003121643495937252,0.007845897457630417,0.003888166872488155,0.005583980482548617,0.005033668870477613
1538,0.003117873310323377,0.007980648568934209,0.004006697868161351,0.005831276508064526,0.00510250152692345
1539,0.003122383898155735,0.008089571715251797,0.003928697173615634,0.005900010115828117,0.005166284023484867
1540,0.0031157030150565194,0.007983846160445379,0.003889891111004431,0.00581252853211419,0.0051638273300256485
1541,0.0030955404164321296,0.007914748583826665,0.003848300568058412,0.005724208087880899,0.005081352639374241
1542,0.002685064766672413,0.006906930535385506,0.0039040411629475517,0.004996587067799572,0.004639915262681839
1543,0.0022488736145762195,0.005351145514033919,0.003908342974444571,0.004090521693998564,0.003993530418246935
1544,0.0016990200566789617,0.004430908275526222,0.0038452280720344457,0.0035805502808600063,0.0033793024050089693
1545,0.0015217619314714628,0.0035488660329604984,0.0037565502451034653,0.0029365502918990293,0.0029816862577532774
1546,0.0014481769392396947,0.003290714747568776,0.0036580956826211936,0.0026862848519292213,0.002810791942745598
1547,0.0014686359134419233,0.0033009173543519553,0.0035900605070095406,0.0026691387499591436,0.002828951011253656
1548,0.001390392760324925,0.0031957027081999253,0.003572354853104053,0.0027051152253310417,0.0027458509762665223
1549,0.0013761119764303146,0.0031072450247075075,0.003536245515724536,0.002693050025811902,0.0027028993489897858
1550,0.0015161083945476233,0.0033362539838842267,0.0035460727114099266,0.0029084321174139777,0.0028337749031708045
1551,0.0017852049665347824,0.004000922629753778,0.003556531964022953,0.0034110328013661887,0.00317703380580091
1552,0.0023537548731852476,0.004747790284594511,0.003665257900921524,0.003925734284247925,0.0036689974389195325
1553,0.0027657342460510837,0.005683076178604912,0.0038551717311049974,0.004101530098260274,0.004114189638679205
1554,0.0030935430020271005,0.006406262358962499,0.003930588701449829,0.003989487120189136,0.004464038227173615
1555,0.0031369692491282817,0.006705933111157573,0.004045972532150074,0.004083855805957652,0.004610416901877377
1556,0.003202994273045169,0.006601441448475284,0.004559646832549879,0.0037692464100891982,0.004760433946110893
1557,0.0032181065710398873,0.006976217240912403,0.004963590540327062,0.004024746661247024,0.0050325005639496705
1558,0.0032095968522510075,0.007337298407738881,0.004538388238750878,0.005358598151156124,0.005036527196173812
1559,0.003212248937478786,0.008006053726268792,0.004271255753452467,0.005795232137532875,0.005192038653826823
1560,0.003208603391033996,0.008424341951531652,0.003851176432367633,0.005979579323545149,0.005291931976628632
1561,0.003157738493802025,0.008547119766472227,0.00349745926469208,0.006005976630861246,0.00534524005780932
1562,0.003119307538572371,0.008535685796928802,0.0031429497136935356,0.006028636960576866,0.005311530801292535
1563,0.003086628794059739,0.008559168769687722,0.0030992836035654346,0.006164783597022868,0.005302070203408678
1564,0.0030472297764970943,0.008543495672833865,0.0031725554997838875,0.0062315169758499385,0.0053290866108277905
1565,0.0030141674104256725,0.008492358100667502,0.0025991057610911432,0.006194102720151772,0.005246482198421886
1566,0.0026143608696961662,0.0075102408928589375,0.0029579144004738575,0.0056337287119546196,0.004781295802486831
1567,0.002224638458495258,0.006094611099717314,0.0034035575474561206,0.004742782796916061,0.004174432519850181
1568,0.0018618743925545996,0.005127273410351222,0.003707441661197824,0.004018699192428783,0.003680233716612654
1569,0.0017013385593123756,0.004431262493169242,0.00378082176989455,0.0035542645551821525,0.003366903552712849
1570,0.0014767943674401144,0.004083273711513475,0.003774717294786418,0.003193301861867499,0.0031422132695089876
1571,0.0014280529530930144,0.00405763223374298,0.0037854547828285665,0.0032560898881853428,0.0031132731816402867
1572,0.0014530044761796336,0.004181735454020962,0.0038094508699223818,0.0035296483925044623,0.003230214804986537
1573,0.0015416339736140292,0.004576533818135601,0.0037090727274593184,0.0037574198725779137,0.003399477034956309
1574,0.0016304224082972175,0.005032008436882486,0.0038244287221897663,0.004102494589323916,0.0036729073661286755
1575,0.0018521642759787105,0.005790737485467523,0.00413750729523899,0.00475266695969251,0.004110137538604208
1576,0.002229503221219803,0.006815644191348591,0.004157459863428937,0.005125231030978522,0.0045236817222383775
1577,0.0028274166368137915,0.007588235564578616,0.004320878812659804,0.005583489073816613,0.004969544714779308
1578,0.003183435725663087,0.007552449685044562,0.0046543309655585705,0.005751001612272934,0.005164464058551738
1579,0.003208141831156055,0.007835806337441771,0.004691597311949311,0.005353116158961002,0.005258617901208757
1580,0.0032153153722277237,0.00790933140949769,0.004869209013558982,0.005232273704794878,0.005337676466262493
1581,0.0032140889112254175,0.007988626149982869,0.00392891830380652,0.005201161248021281,0.005093682298969237
1582,0.0032144552796283185,0.007925329169250813,0.003176019576259836,0.005286080110251585,0.004900470301158036
1583,0.0031692669694836028,0.007937104016643843,0.0032088654422854916,0.005746210051333213,0.0048930339404862295
1584,0.0031347337920483945,0.008312694555622219,0.0030506084315142135,0.005926261018026038,0.004968835843295536
1585,0.0030689165358697332,0.00858159569017362,0.002729090471789228,0.0061208987984497105,0.00502439981685325
1586,0.003068590023212306,0.008516789607308194,0.0023253039004031335,0.006298734243504549,0.005008022299139515
1587,0.003191808137762557,0.00811197471092659,0.002223231163481136,0.0062183823396912774,0.0049326409433702685
1588,0.003180235038746727,0.007922506400291468,0.002151286357992825,0.006154774300177316,0.004893127373829572
1589,0.0031264973752705106,0.00805918232635568,0.002173343410097881,0.006219767845090291,0.0049256792515574195
1590,0.002712200208633596,0.007376309954648847,0.0026478300190503025,0.005764765409589471,0.0046188157763975305
1591,0.0025583774225962272,0.0063589282268313495,0.0030707022721525147,0.005028617997718221,0.00429283324535834
1592,0.0021030825194423516,0.005853101420589829,0.003630862052233053,0.004652976833412937,0.004010081761445402
1593,0.00174219646595204,0.005440428484389925,0.003746991377194684,0.004362932577932153,0.003812484139349023
1594,0.001414538316473129,0.004995604780720525,0.0038582280502415527,0.0040992769344561225,0.0035407902667024165
1595,0.0013443860268451168,0.004454509215055048,0.0038623809647821265,0.0036887594145415124,0.00333031261214377
1596,0.0013625227491403898,0.004488544370016262,0.0038412807956168886,0.0038157543918310144,0.0033945864762064174
1597,0.0015188246706084984,0.004890049854319324,0.003780812953511883,0.004191171990987564,0.0036237097916746574
1598,0.001543767883131898,0.005265606252348157,0.003693005433854303,0.004458062789966306,0.003727435053204878
1599,0.001922581787015983,0.005850135534763228,0.003746989010566531,0.004883694605235486,0.0040563404859654505
1600,0.002325946837623147,0.006425069477265512,0.0037108959874342946,0.005150899193015687,0.004381473408986949
1601,0.002971154109574884,0.007241357780882454,0.004081398348308177,0.00544071352536014,0.004944500063098861
1602,0.003202973436829802,0.007368143733917667,0.004371570866943224,0.0050844787947119515,0.005134407116550568
1603,0.0032193358698533936,0.0074706921782067845,0.004341029298568074,0.00512882762597421,0.005174455946090601
1604,0.0032259446641387766,0.007453416974717848,0.004615183112487598,0.00513366211278546,0.005231144475752973
1605,0.0032243658617091106,0.0074748730940612735,0.004343145144108163,0.005203960082648083,0.00513148054356509
1606,0.003223598364024799,0.007582679167589965,0.003985777647435407,0.0053757973332233065,0.0050650143901387265
1607,0.0032255310410665866,0.00774705668163725,0.0034877637547716545,0.005616290600822011,0.004968356973106413
1608,0.003229157349170548,0.007654918594094335,0.003295082611397081,0.005498168231445998,0.004913436372893164
1609,0.0032315634627365706,0.008063632685423705,0.002899192109035039,0.005621672058335573,0.005043115940247946
1610,0.003231933105998962,0.008151784441280523,0.002592891521901387,0.005691467913433073,0.005109781594561032
1611,0.0031835530728522294,0.008228202053486146,0.002544954165179681,0.005732787836375113,0.00513485089283444
1612,0.0030608835853808657,0.008411818801466029,0.0024784473002291375,0.006092998024313212,0.005109383369637616
1613,0.002978367097697046,0.008243183597169006,0.0025370230719724187,0.006336607283313043,0.005014236447471045
1614,0.0026630707776360545,0.007282497793966864,0.0029572630217292602,0.0056354117049225915,0.004573084096690068
1615,0.0023994268138281924,0.006587962147222845,0.0033106243235055703,0.005091060579039824,0.004239674698946199
1616,0.0025104464207255732,0.006224817402024228,0.0035353751231196632,0.004817706108238796,0.004155383934915657
1617,0.0020462778216260974,0.005862484447383528,0.003691176623035736,0.004627143688150486,0.0038418430239520883
1618,0.0019185400534571383,0.004961884704185019,0.0038291448160602238,0.0030601893097382516,0.0035984467036651235
1619,0.001847297429395044,0.0049459535046466,0.003899085182581822,0.002940022349331674,0.0035756537806419077
1620,0.0016779137663234438,0.005096998689108328,0.0038369313613313533,0.0030067487392180883,0.0036345178731390947
1621,0.0016486161119607997,0.005530654629377066,0.003918702433239212,0.003455276686305802,0.0037510310317832884
1622,0.0016094200191258195,0.006048479430655415,0.0038053825999732156,0.00464640632457262,0.003926162333965681
1623,0.0018493327093939984,0.006554681212560134,0.0036542871483527927,0.0050076426796712105,0.0041571412182538035
1624,0.0021752015719527355,0.007274364497248375,0.003137991426061176,0.005259953475339808,0.004336956218780177
1625,0.0026524658150430492,0.007904654996597642,0.002743617905349623,0.005545867017581575,0.004573892584472656
1626,0.0030175818958462657,0.007439831899225615,0.0028274330674264293,0.0056281938970601806,0.004577983572909891
1627,0.0030950805208509796,0.007047702310385327,0.0030394330665879945,0.005502546987775984,0.004528465333262428
1628,0.002913546346776333,0.00736925077262032,0.002822211813805774,0.005697822322753022,0.004536691944364285
1629,0.0028957726099762483,0.007181598808779758,0.0026393501644424748,0.005552759621088105,0.004434256809815903
1630,0.003082155529818982,0.006668335855948568,0.0027717110580354467,0.0052457760652626344,0.004343859147395514
1631,0.002994840070432237,0.006716712171219742,0.002668581721622781,0.005097761737521008,0.004277322104454881
1632,0.002972683672460336,0.007221856910080239,0.0024738357019789274,0.005380518918457072,0.004417011165723754
1633,0.0029472898376722615,0.007503697186799294,0.0024315287633163325,0.005504214173635212,0.004530612589272522
1634,0.00309681107907404,0.007749448481730381,0.0019632101888713937,0.005656079158693117,0.004670822790427521
1635,0.003131877942064721,0.007558605228857334,0.001837760224329441,0.005587510062679773,0.004668670431136343
1636,0.0031220607096170815,0.007545161605105538,0.0018991675125016394,0.005697763726956473,0.004658134693605484
1637,0.003068300043609885,0.007536452077696011,0.0019567697899602124,0.005742837355766278,0.004618673911910676
1638,0.002643860420257312,0.00701981574759541,0.0023132099735158583,0.005348862562885298,0.004339675593627601
1639,0.0021074339596428323,0.005665259632953419,0.00287032886486899,0.004507226093897446,0.003757057079227634
1640,0.0018960476064372933,0.004787212228560923,0.0032193311862940394,0.0038586454165694607,0.0034047591959012594
1641,0.0016519925879828843,0.004293514825098677,0.003522709750934821,0.003480986526934459,0.0031865475376582006
1642,0.0013961943451860827,0.003846891071315295,0.0038174361759758164,0.0030972790159178552,0.002998623258190844
1643,0.001512346987098657,0.00387910963197128,0.003929784906920509,0.003013502317551545,0.003085503118937315
1644,0.0014244459691225332,0.004192567126348651,0.003978491093516525,0.0032744327940680217,0.003226891037159073
1645,0.0015668567357471292,0.004455376984393571,0.003932036696656382,0.0035160736514358347,0.003411263630289938
1646,0.0016836845238427215,0.0047234094124449875,0.003662330980914042,0.003822385298815071,0.0034980897414166414
1647,0.0018757975540358615,0.005059518684891298,0.003333960563295212,0.004087624814193766,0.003653452964979539
1648,0.002258264900002104,0.005840517470104323,0.00328556431045911,0.004534664869872503,0.004032744125441951
1649,0.002550823208536469,0.006963936346389494,0.003168613419171207,0.0053083268862393965,0.004418656328073374
1650,0.0030938827724504517,0.007276277546695841,0.0030826857660816226,0.004824534792154434,0.004621100359909399
1651,0.0030676914645486777,0.007368371684127517,0.00297602114043837,0.004852600513219884,0.004622715770306243
1652,0.0031009241373435785,0.00759442140552129,0.0028411337679082782,0.005060421302323477,0.004688856682152726
1653,0.003136066085814444,0.0077491863595859885,0.0025979616204210385,0.005132559482978715,0.0046882729853370275
1654,0.0031778648186452504,0.007370324581883964,0.003091161409915169,0.004982564691381826,0.004681464979065151
1655,0.003034835186497205,0.008107625916417295,0.0029191442039053377,0.0052077266258486465,0.004838824081058732
1656,0.0029544134811451913,0.008352094073702696,0.002742246528202557,0.00572811073699295,0.0048937761716799175
1657,0.0031363804964037695,0.008211320567812532,0.0024042427826154347,0.005675157620154805,0.004912242079722538
1658,0.00312439992684361,0.0080551480122016,0.0021775909601227405,0.0055154439975381156,0.004829065756885207
1659,0.0030309630497560272,0.007952385356454327,0.0020369356435528275,0.005433968352997976,0.0046985979893249315
1660,0.0029297469841371845,0.007956358718488205,0.0022032297107285295,0.005522355816848634,0.004619304502348103
1661,0.002897737403969209,0.00790148643552113,0.0023015394380582065,0.005739089467187033,0.004593794899652747
1662,0.002596018002977575,0.006792630360782138,0.0027003960280992862,0.005345575310122138,0.004228104627527022
1663,0.0020781221282257945,0.0054780815774685505,0.0031293217873463093,0.004498343862298522,0.0037306787143038967
1664,0.001857538887627264,0.00434147507349443,0.003568212615964551,0.0036223726315196595,0.003329455036715934
1665,0.0016093798111182713,0.003799660553746097,0.003488352171705192,0.0031714005631000015,0.00300118078768072
1666,0.0015022565686627911,0.0034474974800027237,0.0034626991209084222,0.002867441421980869,0.0028446069465000684
1667,0.0015148178234644586,0.0034794073578809006,0.0035833504692625233,0.0029321067142263225,0.0028704812540734396
1668,0.0014770048638006157,0.0033998713865123834,0.003569333719169975,0.0028303668705753978,0.002884979794487002
1669,0.002026042837755092,0.0036052762078106248,0.0035500445740337147,0.0030353706238927494,0.003200268137190873
1670,0.002271457759398503,0.004210430786015086,0.0035689049273305807,0.00359717046543206,0.00346907024128398
1671,0.0023792726088877987,0.005135845753201291,0.003992297802233169,0.0042468776571923505,0.003957660247152541
1672,0.002844290569670675,0.006132675074006879,0.0043619219611504,0.004954096381063982,0.004552305475783931
1673,0.0028993825386277455,0.006711529062351823,0.0039470482165066155,0.004696190243621512,0.004610203344353368
1674,0.0030297406688946874,0.006913471871209704,0.0037028356791344442,0.0043733199645395356,0.0046187239099951885
1675,0.0030182788268131593,0.007157645154221444,0.0036683792099672006,0.004396018975060759,0.00467367633735881
1676,0.0030230742221417995,0.00738479134781781,0.003571108509816156,0.004347718889743204,0.004723187618557057
1677,0.003054861885669749,0.007113972452854846,0.003609473406475087,0.00463361292488881,0.004691549632899996
1678,0.0032004663297680825,0.006831107190359074,0.003658775619139859,0.00486012876266451,0.004621701918129028
1679,0.003224821268654053,0.006855274797414266,0.0034968746798734076,0.004541836486781241,0.004555093015742544
1680,0.0032259444144615225,0.006518783577211911,0.0035472291617838006,0.004517898849779122,0.004527220204948421
1681,0.0032270912839847932,0.007335890830992907,0.0033735855924156132,0.005146731620250244,0.004863208396834739
1682,0.0032243200794069365,0.0075242545058410255,0.0031205668334463375,0.005281389615145283,0.004974865234029058
1683,0.003121621680399428,0.007567165716467428,0.0027854421999937225,0.005241646476033946,0.004900417334447186
1684,0.0029411103267115344,0.0075464473881684075,0.0020887242565353873,0.005149097526209481,0.004669379342374108
1685,0.0029683444180790865,0.007321393531959837,0.002044413583826724,0.005040418251179636,0.004590825587306551
1686,0.0028918607202235453,0.006890749353294842,0.002280301587933779,0.004782141029155021,0.004476108019922002
1687,0.002829786194030732,0.005886731074422654,0.0029078998360543415,0.004287158900043556,0.004189771922090294
1688,0.002916166886751836,0.005544503868553387,0.0032233107041190036,0.004170494089228693,0.004112385483223773
1689,0.0022088031875437926,0.005352701598215265,0.003551406374972035,0.004123180781067519,0.0038446681143925825
1690,0.0022050024994421558,0.005677136085544354,0.0037320753283103187,0.004528374047838666,0.004055875381737018
1691,0.0022417956060215333,0.005865020938467867,0.0036692523777558652,0.004477754395417393,0.0041588987625395205
1692,0.0019650317883045058,0.005709891319361368,0.00333438154839493,0.004389151093925964,0.00400447646012695
1693,0.0022402475489373902,0.005468540126855202,0.00326036552826997,0.004444205276331304,0.004073391650828062
1694,0.0023198172356871678,0.006222875667153121,0.003145037663740143,0.005017189439978191,0.0042528192088300215
1695,0.0021506917511595835,0.006117305470071824,0.003306816367401223,0.005107588525466719,0.004062845745898118
1696,0.0023434177539412024,0.005652827717016824,0.003652444806864355,0.004588597474563692,0.004030490729248632
1697,0.0027092261712779345,0.005816969638439255,0.003605573775480553,0.0044943314207510085,0.004145728465479476
1698,0.0031445353842241854,0.005815204358247981,0.0035019043453780488,0.0044363683747528585,0.0042522918427425034
1699,0.0032212140045083586,0.005673247975530505,0.00349573012851155,0.004408471340145692,0.004219618513561098
1700,0.003197010690723195,0.005522102879900398,0.0036371206936442984,0.0043278201754273025,0.004202468662808948
1701,0.0031921312151941945,0.005831030284406598,0.003500542598094107,0.004511368877944268,0.00428239346928742
1702,0.0031830343820042325,0.006427613488077651,0.003027451686864721,0.004779888947825535,0.004369951200620716
1703,0.003168776242329261,0.006765460288353968,0.0027178609625334907,0.00481701784421776,0.004379995587935378
1704,0.003046086090373124,0.007150719442018802,0.0028440957640705478,0.004897338449643385,0.004377803736870064
1705,0.0029113367824737404,0.006862839371122261,0.0028246333334042972,0.0046715254775200245,0.004243953466808425
1706,0.0028890529912388506,0.006047720610294043,0.003052707731031816,0.004226001107780636,0.004037337732817579
1707,0.002882334715358408,0.0057300756939619125,0.0031051580556557073,0.003997911044461308,0.003941175257058668
1708,0.0029100238575409327,0.006227919562856474,0.0029150690294002454,0.0042941496550556475,0.004066439281324294
1709,0.0029500390030666986,0.006379841143547007,0.0028398695869843735,0.004381425094146154,0.0041115509990810525
1710,0.0028651463479398924,0.005765232546172475,0.0030520369899929337,0.0040883334859481745,0.003997128713051281
1711,0.002848321260292356,0.004620331318324602,0.0032994840103480172,0.003414547488990314,0.0036923191694844364
1712,0.0027057847854925735,0.004629019767999058,0.0033672170690944307,0.0034499248638161046,0.003653249016596993
1713,0.002396384432740475,0.004479106891407584,0.003454706571848391,0.003091490927977365,0.0035309385835557033
1714,0.0022109289280804086,0.004238147858437491,0.0037098143738414978,0.0028122578568698696,0.0034560882370664727
1715,0.0021700456766482875,0.004372306220192403,0.0040973745259349405,0.0028336660908204825,0.0036442430110623404
1716,0.0021346902700024165,0.0048140430193530145,0.004239381840560156,0.003048080922786311,0.0038159920728442934
1717,0.002385657357503729,0.00508498802873893,0.004222695607895488,0.0034131164952449842,0.003954901487441579
1718,0.0023865595753772076,0.005331452815105446,0.004004885192688374,0.003411380638876535,0.003935161677981304
1719,0.002623513131380644,0.005437929723041102,0.003933648583536666,0.003487938025775707,0.004028357595561488
1720,0.0027274243399628985,0.005359490236867237,0.003924964086271678,0.003140006197146905,0.0040505941718741115
1721,0.0028615604212986396,0.0054939622393982,0.003881309610248484,0.002852582514973543,0.0041075403211663485
1722,0.0028849835262704554,0.005485694375523026,0.003915676815321191,0.002812970823359947,0.004122049647993842
1723,0.002899202648296766,0.005289940431647424,0.0039042325284268666,0.0026896353314864257,0.004057537131690248
1724,0.003024271089979893,0.005015961858343624,0.0037956564695727775,0.0025966630084729306,0.003943095783543574
1725,0.002995118125793439,0.004985746658419834,0.0037910242473303732,0.0026633861825931223,0.0039308232596008096
1726,0.0029688314637849374,0.004885405737336728,0.003721511039643329,0.0025707896973134253,0.003849006534347048
1727,0.0028988327966880762,0.005422007587578973,0.0036020963309156967,0.002622327429243095,0.003953516218729045
1728,0.003025737390384574,0.0058207799878709325,0.0034828331736516424,0.0029700435387065008,0.004089152441630557
1729,0.002900357498309721,0.006083297899305306,0.0032518213943224265,0.0028656386831252103,0.004116272998136946
1730,0.0029798466667491728,0.006191443920245576,0.0031450704353106675,0.003235770888621149,0.0041396515014010095
1731,0.002939628045469103,0.006318927635144312,0.003053233859466912,0.003232523497363295,0.004138734893675255
1732,0.002882832876056981,0.006387370493956921,0.0031005400006704114,0.0035823818151194007,0.004117508601446443
1733,0.0028710140219818906,0.006327843638853018,0.003074628892143639,0.0036463960193457907,0.004076199932717962
1734,0.0026836702043043295,0.005804701942500203,0.003074470414702691,0.003536551255404756,0.0038345134181379434
1735,0.002686275135141947,0.005235207508200763,0.0031766053256364578,0.003388679510023459,0.0037292304932342044
1736,0.0029087756180652346,0.0046630208682348255,0.0033876828789782946,0.0032782977921222457,0.0036825176445287127
1737,0.002348938012057335,0.004680121002086314,0.0033442818497399474,0.003311793357907965,0.003485697264293742
1738,0.002203667807030708,0.004471294153174455,0.0034042219960977705,0.003226986325568968,0.0033923707767967797
1739,0.0026838659066752354,0.0046737281516701186,0.0036656060744079443,0.003067951723221351,0.0037467446156864777
1740,0.002339206296865464,0.005008925043711838,0.0036133879451073605,0.0029592130930900496,0.003800578908608629
1741,0.0020999932309979223,0.004729904614620779,0.0036488766288220835,0.0035599086962399707,0.003656147388461747
1742,0.0023327519990532365,0.005261462324625741,0.00339128110820881,0.004225486838625473,0.0038483703547329403
1743,0.002374780032806125,0.005472516838624681,0.0032113453809467247,0.004505350991719192,0.00385603339959981
1744,0.0025642227188229926,0.005710349918552024,0.0031152611104541773,0.004678092780975506,0.0039175898484481815
1745,0.002696814356955032,0.0058557913245633406,0.0030776653961123923,0.00469225470502036,0.003947499641747722
1746,0.0029560606153457886,0.005954517273240927,0.002982575298582487,0.0046200756239229155,0.004015131678873516
1747,0.0029511832916948202,0.006093121151408672,0.0029858930901848673,0.004132887614071424,0.004043116597071751
1748,0.002957097930940799,0.006083506380016228,0.0032576133585087465,0.0040082485778947805,0.004129676382663327
1749,0.0029769121930064107,0.005967898627078309,0.0030631457642741745,0.003956479867309502,0.00399446147456992
1750,0.003128229424618944,0.0058146198630896285,0.0030083637643950364,0.003919810618725897,0.003968128165164506
1751,0.002925552806432057,0.006172553437240108,0.00283573327633147,0.004169902696170742,0.003984094726364641
1752,0.0030089172733551157,0.006513623532411209,0.0027015916211991123,0.004606098438570337,0.004156929571403224
1753,0.0030481585771547537,0.00683278346665532,0.0023427542955549354,0.004832197426741095,0.004338565731426974
1754,0.003073698874981711,0.006785001671381466,0.002162505131407319,0.0047824707192637055,0.00436570257517228
1755,0.0032093955597478478,0.006676463300508203,0.0021902971068999692,0.004945192999445156,0.004397044299629245
1756,0.0031486975156352986,0.006743739057286078,0.0022061790124496207,0.005185048604267775,0.004380893115440054
1757,0.003020441315196328,0.006952255262944039,0.0026229033843083627,0.005260596828100837,0.004466602901253927
1758,0.0025611299103011132,0.006106709740835692,0.0033391627676407206,0.0047101818544451,0.004176613919563218
1759,0.0019487041090029177,0.0048045460474017984,0.0036661709155898516,0.0037479938354663006,0.003584605484738298
1760,0.0017309568493288816,0.0039010163290585107,0.0037384502102387716,0.002997800903090437,0.0031559975667279695
1761,0.001575195163191906,0.0034226677370526697,0.003721017151204485,0.0025690535009252453,0.0029203130784564613
1762,0.0014971537828715011,0.0031608051049270332,0.0036716586476150522,0.0023312141678303905,0.0027886297452425213
1763,0.0015077616218266729,0.003139571107860971,0.0036812483289677005,0.0016415222804094121,0.0027878472281486657
1764,0.0014250277092617632,0.0035407768215324426,0.0038646487409433237,0.0021708370201945827,0.0030002738796424916
1765,0.0014600055457417826,0.00400796914575943,0.003757578333229055,0.003114468977701468,0.00319777718919342
1766,0.0015060985932207763,0.004508731897504203,0.003722300729884689,0.003737742103733311,0.003419746693120013
1767,0.0016843631131131444,0.004987402648381736,0.0037552869513940105,0.004235724044452639,0.0036716664956483736
1768,0.002004568892776219,0.005904491214954616,0.0037024524522659224,0.0047099452639163325,0.004064108003272826
1769,0.002535920249063533,0.007202206504812107,0.0033890494821971788,0.00548147630256702,0.0045293708587296816
1770,0.0031196489651495493,0.007426102884224698,0.0031705507537170114,0.005059046537060778,0.004683266663038898
1771,0.0031811145314086225,0.006918124640872101,0.0033529079643695447,0.004705673549887624,0.0045974006899015245
1772,0.0032215821804628723,0.006466158677076256,0.003434255354863518,0.004516852087806379,0.004471771230672388
1773,0.0031694094876488265,0.006182092902118943,0.0034704336633414636,0.00429531374681857,0.004359605642789643
1774,0.003220964383526006,0.005932299147412724,0.0034998965455285518,0.004106925532448541,0.00430585829940261
1775,0.0031539229318888547,0.006179250850837833,0.0034166718479239407,0.004095726075539868,0.0043254024859630405
1776,0.0031482772414727416,0.006086792744461332,0.0032673640938369677,0.004623629548116939,0.004248885927283931
1777,0.0031158299345423863,0.006129892143368388,0.003093488890507767,0.00485208035168096,0.004196246952132876
1778,0.003216360703488403,0.00620437174333281,0.002866881789114196,0.0049111806323442996,0.004229143163490284
1779,0.0032488051719844844,0.006175610350894852,0.002775084759953087,0.004893372435596739,0.004237872962335524
1780,0.0032556977312640876,0.006130630606514235,0.002732617022731021,0.004826940814943236,0.004216383444449717
1781,0.00314288767091823,0.006048529015653348,0.002712321460246774,0.004681969167460705,0.004130878812541759
1782,0.002637260036146891,0.00549496287423568,0.002763418381019949,0.004170850592909572,0.003755483056416507
1783,0.0021508735005089405,0.004458138490038915,0.0030492241818951995,0.0035484951328109047,0.0033201775296685956
1784,0.0018542065287229473,0.0038419132801531066,0.003212570689640518,0.0029553725181792998,0.0030307043579327086
1785,0.0015444335572987811,0.0034782832808139498,0.0032040573605443845,0.0026070764556305978,0.002793957547841902
1786,0.0015245259788088062,0.0032742608193733935,0.0032376728312745367,0.0024458424410752867,0.0027286745230461033
1787,0.0014968491547492286,0.003304402097756331,0.0033315453894288433,0.0021918973224400386,0.0027546427767638094
1788,0.0014480021165405466,0.0035061224068419655,0.003406444425596372,0.002670234961456815,0.002864603507991648
1789,0.0015567794878219754,0.0037062244347094413,0.0034675655387116353,0.0029994239882976917,0.0030106702638012395
1790,0.0016177007208988661,0.004191023151531735,0.0034346932457540572,0.0031346359844555112,0.0032086300974292045
1791,0.0018056660598855998,0.0047772622702143275,0.003485440905161307,0.003934802452427268,0.0035221224321472884
1792,0.0021988598542439695,0.0055960164528284975,0.003471559024053404,0.004528957598706658,0.0038915961293123713
1793,0.0027052276147285738,0.0066544094422682385,0.003395601733005695,0.005080462591891043,0.004378491439377041
1794,0.0031267934093923526,0.007084249593241715,0.0033257226370308926,0.0037716480932911767,0.0045857555947213
1795,0.003143817956895455,0.006836134042688892,0.0032570491076236805,0.0035018392098509327,0.0044852255471828995
1796,0.0032023158123745676,0.0064984549355335975,0.00317921783234078,0.00396281525319434,0.004360587090145788
1797,0.003207751225334063,0.006094366889594211,0.003102736363057959,0.00414862582670479,0.004196243330740327
1798,0.003234615631274861,0.005539697744591398,0.0031222539623381685,0.0037836527862390398,0.004012730436924904
1799,0.0032618367599981006,0.005437898340681744,0.0031099472376542752,0.003449207651879346,0.003955003142723953
1800,0.0032099906280636846,0.0057000216065847395,0.003125877118959575,0.004198981643121408,0.00405993260971763
1801,0.003243408876018865,0.006182674267674734,0.003001191333878178,0.004822356882965399,0.004240711185611597
1802,0.0032302379301736364,0.006522747801662373,0.0027659059798018906,0.00502962516021929,0.00434204542186697
1803,0.0032368482996772835,0.006579050064187149,0.002586747650228113,0.005054415926649354,0.004370932701712343
1804,0.0032251715484153554,0.006594272556693218,0.0025520620102767065,0.005139888627256276,0.004374191956130918
1805,0.003140616018799603,0.006488530791301425,0.0024467518091056983,0.005081532082999341,0.004301148772561563
1806,0.0025864158796457737,0.005686511403187598,0.002626270472744452,0.004467825167361698,0.0038427152827185495
1807,0.0021237978945204726,0.004689392367114581,0.0029838210290625104,0.0036569966001734552,0.003398622628788567
1808,0.0018714543386644336,0.003911900881036017,0.003249087203903929,0.0030227401932779196,0.003064577916657107
1809,0.001570725617333498,0.0035220958124158363,0.003285765810135588,0.0028314859537735787,0.0028369796503132645
1810,0.0015341278210929687,0.0033837964834441503,0.003298551071501352,0.002774636001879411,0.0027844539869146907
1811,0.00158318729471584,0.0034711999568363453,0.0034318174130430062,0.0029310502178419885,0.00285919131587108
1812,0.0015793800825405395,0.003469741840849407,0.0034844801086878294,0.0029217690414800454,0.002899405500881586
1813,0.0016286323304890015,0.0034994139446153315,0.003467543587022608,0.002945022469840198,0.0029416490709054297
1814,0.001620914826539091,0.003756332052286961,0.003363210449252155,0.0031495799412441365,0.0029816149922349353
1815,0.0016281500034078657,0.004347285976488058,0.0033987152486399286,0.0036269292434771365,0.0031371645403352505
1816,0.0017626546773940443,0.005198773209126484,0.0034095664987928175,0.0039103062589195305,0.0034296413739185474
1817,0.0029446938842763865,0.0062545876508771,0.0033717224073695124,0.004675206816665515,0.004304157088377439
1818,0.0034326244605769594,0.0067151878917026285,0.0033432679784353952,0.005075601434168056,0.0045955750542642235
1819,0.003434195586850683,0.006804890048971738,0.003257745076450165,0.004778705104452173,0.004603858618221811
1820,0.0033911315167586575,0.006515684600981175,0.0031907243352392142,0.004616238903946449,0.0044587728270504496
1821,0.0034563230131172233,0.006300507206897575,0.0030989259161949044,0.004490022447152031,0.00436833250456317
1822,0.00355584513343857,0.005975618839051421,0.0030891137566409392,0.00430855802410754,0.004283175039532621
1823,0.003467604410474189,0.006084823746547965,0.003119801091681462,0.0040833932367379065,0.004296972958892544
1824,0.003558540273688813,0.006315795830737634,0.0030909411554118377,0.004113904060759975,0.004408629517771297
1825,0.00357374769080726,0.006645405596669166,0.0030314368583032876,0.004244083816185189,0.004545567143608553
1826,0.0037055034384038906,0.006419420087850295,0.002821023403088838,0.0041512450687622065,0.004503852602211426
1827,0.003599950995997381,0.006291871746564118,0.0027525277371247014,0.004024277595116816,0.004419534091724946
1828,0.0036205072176329544,0.006105301106831898,0.002754884739833545,0.004250083009798217,0.004365298941354033
1829,0.0037068963213452303,0.00601045151518501,0.0027405138763300103,0.004757286846230863,0.004366612593453256
1830,0.0032636934348164452,0.005649941058448789,0.0029370061014978906,0.004549702573545015,0.00414888151920501
1831,0.0026217129904268347,0.004753252587831472,0.0032957521447256302,0.003915090639371684,0.0036824616489226965
1832,0.0023176793571732936,0.004025358956168418,0.0034259197890556515,0.0032584857081274336,0.0033075456046409847
1833,0.0017820736545960158,0.003834627135269459,0.00338141739642421,0.003140959953993721,0.0030618181363768733
1834,0.001487985019643891,0.0037057511965711437,0.003386254959427475,0.0028806037946699898,0.002920583786448373
1835,0.0015611889642566706,0.0036586628668843647,0.0034342312973271094,0.0028382841720959585,0.002940762485535796
1836,0.0015549946496462323,0.0038258324205445275,0.0034368162640771483,0.0030442393568732786,0.0030389788932568855
1837,0.001739294903157815,0.004394903489971883,0.0034853165935639988,0.0033719570905071895,0.003336023389990157
1838,0.0017418750598134699,0.004764215087636689,0.0034896787002086506,0.003574573310947122,0.0034812020316444202
1839,0.0018431546302666018,0.004699195084285359,0.0034634290656098397,0.0032741216839344833,0.003459721847903339
1840,0.0022434742667920187,0.005443634442098408,0.003407650701695571,0.003444525749109492,0.0038472288486429604
1841,0.0026357923514286207,0.0061731971396729425,0.0033162309305141643,0.00379421104836004,0.0041617204875074535
1842,0.0032718343174238857,0.0063376851207297205,0.0035387897595510367,0.004036218461205973,0.004459379103651144
1843,0.0032592734179441776,0.006333010113923695,0.0036999552429291,0.00405040506025896,0.0045084573396672635
1844,0.0032454668974350766,0.006229937725286376,0.004024521130351175,0.004071693334937733,0.004568028584620443
1845,0.003174220582632418,0.00627927155698358,0.0036097507781650434,0.004109794174024668,0.0044356210475005285
1846,0.0032740085043876394,0.006302023370232141,0.0034927458045139552,0.004579647317976435,0.0044394498161189865
1847,0.003277944228600138,0.006897708673093967,0.0033482284318760037,0.005311210767325941,0.004565980541846039
1848,0.0032623474425039862,0.007156433148134354,0.0032861957652665454,0.005476382079813896,0.004640116486166676
1849,0.0032374498420958036,0.008222187749273635,0.0030219862277306195,0.00607871948787383,0.004949323619821647
1850,0.0032061641693396214,0.00873303554529206,0.002621841259051382,0.006373590872927766,0.005090750404035448
1851,0.003061929150586384,0.00861200518766573,0.0024915441666673917,0.0062584505259222776,0.00499780641946475
1852,0.0030498744804464866,0.00845040644600715,0.002365388499448613,0.00610239581307613,0.004900384036408186
1853,0.003036638396373337,0.008205497547033019,0.002385787080828416,0.005894114876476094,0.004800402957153329
1854,0.0026668377295224737,0.007027812939658009,0.002997330885100216,0.005232009341581596,0.004431847443540986
1855,0.0021057768134405534,0.005305609521002828,0.003734463469924656,0.004163011894227132,0.003839320827942739
1856,0.0017598074134787135,0.004443250223586621,0.003910325278672397,0.0035369825349439547,0.0034455374299661753
1857,0.0016031507480435457,0.003942927660648662,0.0039677636607518794,0.0031404846734749167,0.0032220270890923135
1858,0.0014403808599537107,0.004041316604186333,0.0040069954339379465,0.003301613684665255,0.003236090876551698
1859,0.0015075250104142149,0.00423029653479341,0.004058175399913141,0.0033002876234713616,0.0033150352416329906
1860,0.001405341644666548,0.004357934740446137,0.004086445546586882,0.0029565643938182073,0.003343482589926482
1861,0.001538477861932137,0.004508600810062853,0.0040553678074963205,0.003100818825793718,0.0034334601765710765
1862,0.0016195549954922935,0.004701212884123569,0.003913665908369994,0.003565957388955537,0.0035047335846766993
1863,0.0018892528691145506,0.005042931258947573,0.0037081689557002685,0.004030700771519885,0.0037100858764852725
1864,0.0023681254686843114,0.005761102971642389,0.003703700537042764,0.004538172466320818,0.004087333692575021
1865,0.0030943711202534646,0.006604939286937587,0.003643087023850267,0.005104250660352168,0.0045825186039262986
1866,0.003548138385836246,0.006847927451157529,0.0034380929900426427,0.005127314101009116,0.0047311267702736925
1867,0.003728267709025054,0.0067212961465754175,0.0035350589649773994,0.005075447875629835,0.004771682709046164
1868,0.003824150086841953,0.0069818042775999746,0.003753094580963893,0.005263574550535197,0.004954480611894137
1869,0.003921100291139744,0.007329899189917085,0.004195463168075533,0.005497345106433034,0.005249106439491921
1870,0.003978123945280945,0.007719859061986507,0.0041101095919849825,0.005829389380217345,0.005396172843074784
1871,0.0039047406071583265,0.007845526591814624,0.003740895681017291,0.005822139020266084,0.005279226232491958
1872,0.003924348764319134,0.008165836576031548,0.0036221315279203145,0.005951227652547443,0.005321959527564727
1873,0.0038272212540963048,0.008666218735643943,0.003061895230318592,0.006179326118408226,0.005307296620263003
1874,0.003876629757368139,0.008728801425384647,0.0024944800733119406,0.006331877442037509,0.005214217708596448
1875,0.00385040996498919,0.009045310421135279,0.0022688028051272885,0.006501874487163997,0.005270938338880653
1876,0.0038144771288480717,0.008867209049765458,0.0021334029079639063,0.006367596106612757,0.00520223504928162
1877,0.0039490810690075975,0.00830018485046136,0.0024373076700637086,0.006025796949937038,0.005140775678555728
1878,0.003741943031867326,0.0073003978436374265,0.0027898759614972,0.005582459735464256,0.004866367177847557
1879,0.0036589933412841257,0.005624670274457269,0.0032341677789415216,0.004497717453419043,0.004384587424455287
1880,0.003613203022858372,0.004820578295228934,0.0034412935717259893,0.003912480385238881,0.004129367041501361
1881,0.0035526840338703943,0.004801045772983257,0.0035748998219377916,0.003952093761011094,0.004139458636811041
1882,0.0026112762238910555,0.004429813810665963,0.0034406896849263706,0.0035010656225651767,0.0037007170019040694
1883,0.0017361555139015483,0.004108652643819871,0.0037732272631294302,0.003108263468153715,0.0032888360060118363
1884,0.0015770131338199705,0.004041749834956924,0.0035904603098022114,0.003066362353277041,0.0031416392030354937
1885,0.001684010769273021,0.004163972618522746,0.0036122381579992355,0.0033325324968010517,0.0032329103686855242
1886,0.001792239915376434,0.004727169160347929,0.0037261868855947115,0.003820689027852246,0.0035321576871309972
1887,0.002027893659531092,0.0055128753639827185,0.0036040898896212486,0.004416765396514289,0.0038867130582323542
1888,0.002423376008246921,0.006026367508071512,0.0035448063210629156,0.004681291853782763,0.004129025082122755
1889,0.003396707667668533,0.006891762520345279,0.0034328574333756575,0.005198877508207036,0.004704900332375023
1890,0.003947176939390338,0.007106106110423783,0.00372014025905715,0.004893503096900727,0.005028816933452889
1891,0.003985485628792186,0.007004615883666141,0.004074999814140086,0.004659574606666418,0.005113543479141277
1892,0.003995278158223163,0.007080819392966079,0.003855571852310735,0.0046775443879214906,0.005081716767770658
1893,0.003998002652175002,0.007221445400665987,0.0032286053049126666,0.004721737578015041,0.004956899655322657
1894,0.004005563168968764,0.00763178042637138,0.0030918074722098747,0.004878737617763314,0.005115091389601088
1895,0.003995879627030349,0.007995924935866263,0.002970215701563617,0.005756384502799743,0.0052579780617182485
1896,0.004009808405767346,0.008421193335572442,0.0029370936229948796,0.006774257815999404,0.005438549362519381
1897,0.004021293058454881,0.008636359803716418,0.0030298509464817356,0.006984830964363276,0.0056072953446560355
1898,0.0038833506648822697,0.008931102479552002,0.002507391432532972,0.007119298212270639,0.005653053972026975
1899,0.003918421930092095,0.008815455621483885,0.00218759107663707,0.00707212559860097,0.0056559021207701204
1900,0.0038725985768450744,0.008787142511029855,0.0021887770775906026,0.007074253494714328,0.005651891212728973
1901,0.003840224771574038,0.008707886104410107,0.0022864470858642502,0.007012178787201155,0.005638454126263675
1902,0.0033506108459654266,0.007733904003004808,0.0029083275463483234,0.006308109471143348,0.005189768214431912
1903,0.002545278760147548,0.0066828802970088355,0.0034975612866749986,0.005494124678063116,0.004583031175039447
1904,0.002294133731155958,0.005549386447338805,0.0038229039539399534,0.004600723484458553,0.004034410560334553
1905,0.0019109360132293527,0.005284438587245974,0.0038079285286378166,0.004278915042056473,0.003810937509285557
1906,0.0016818175108314279,0.005150846868530555,0.0038673377728227136,0.004138321967260296,0.0036799585302123095
1907,0.0016328519175230908,0.0048909748395105064,0.003839711339731999,0.0040634678203291036,0.00356882379229238
1908,0.0016043280449285547,0.0047630371225663905,0.0036800141051367067,0.0037516468145522472,0.0035196106861765677
1909,0.0016733474000386252,0.004830852549365477,0.003742553769816694,0.004132286457301885,0.003576862371202933
1910,0.0018197123457836142,0.005062357874335489,0.003912894978348426,0.004307671145333047,0.0037368877658941714
1911,0.002124680174694478,0.0057180554954835705,0.004253054181880411,0.0048330287081820075,0.004178460836514625
1912,0.0026617376274887575,0.0062841188100007375,0.004068468596620424,0.005180289160747664,0.004475365534044437
1913,0.0033913600010241334,0.007309428195007776,0.0038490762593913434,0.005782100356070731,0.004960899693379625
1914,0.003933023570503255,0.007349455194226872,0.0037181026081103464,0.005655364141973671,0.005094938846651526
1915,0.003957169264782475,0.007157194555361641,0.0038997702128824837,0.005402664542405352,0.005098385712056253
1916,0.003876395839286308,0.007310141330130822,0.0030574897686624775,0.005240218472746259,0.004855131506567274
1917,0.003947000032682315,0.0077686116559329685,0.002554936122649801,0.0053909688038077126,0.0049076609996464475
1918,0.003946915619684246,0.007750867712124106,0.0027724958271444404,0.005459783187660152,0.004963964900579076
1919,0.003933886246630366,0.008087598736872587,0.002678210252253764,0.005518093279382423,0.005070813796357559
1920,0.003940160404203402,0.008569168063295593,0.002641396929343613,0.005764674512986545,0.005296604294444409
1921,0.0038701553431588123,0.008858827940544788,0.0019307857044475398,0.005878243634359369,0.005311523621596721
1922,0.003808545061334895,0.008723340405467685,0.0013708485017243275,0.005808030344530743,0.005203867257497097
1923,0.0038428348556845343,0.008552267301509852,0.0010217600390460164,0.0063117112362344185,0.005134876043593561
1924,0.0038395281987231365,0.008475232791116725,0.001885465761590511,0.0063640480013796435,0.005132566876003795
1925,0.0037483696023726323,0.008595834470656939,0.0024144088425621137,0.0065085787670819345,0.005292896544151945
1926,0.003253694919936321,0.007849305961796525,0.0029739145273367028,0.00612900364762804,0.005148188003027208
1927,0.0025016290683651373,0.00657496438839378,0.0027864320062126594,0.005244562279578613,0.00436516535919389
1928,0.0024050413589593958,0.005608151347342467,0.00328054050394085,0.004480537005053738,0.003940474092062289
1929,0.001928095144341276,0.004727081614308831,0.0033294913588799895,0.003772819749017194,0.003441656355746447
1930,0.0017415179088188983,0.0046052576518020695,0.003342025926894226,0.003761149221254323,0.003313148282490326
1931,0.0016987015229963833,0.00423899116061539,0.0033566821577866684,0.0036055327831218636,0.003187466887553912
1932,0.0016771579678655048,0.004338102034844166,0.0033764737706797076,0.0036463055034680275,0.003249766635229262
1933,0.001788923564359799,0.004581541785083495,0.003589388252992981,0.003916456505717917,0.003486707445565529
1934,0.0019196070698862075,0.004990128312177034,0.003936073049203356,0.0044229336958712,0.0037755118441318938
1935,0.0021757216048122175,0.005438809778995493,0.003973412640091882,0.004756217289142045,0.004043418275626351
1936,0.002695430865070993,0.006087374860898579,0.004257363270660675,0.004818568286439283,0.004497287659216058
1937,0.003283950381675543,0.0068298612870852865,0.0046141890646288755,0.004987542462670305,0.005052662808855321
1938,0.003902041926535053,0.006946997848877808,0.004615355003837022,0.004587011872123728,0.005265588958230294
1939,0.003991788230342485,0.006796253199432347,0.0045949313050216885,0.004482544486737796,0.005228904808589153
1940,0.004001564321491512,0.006865906628822316,0.00448679825481058,0.004512396112078933,0.005213751262743932
1941,0.004000935215501314,0.007131757200584517,0.004151642774366295,0.005121432790076879,0.00517930445987557
1942,0.003988803761330337,0.007479280995551896,0.003920358193411508,0.00612748256912764,0.005257199044132826
1943,0.0038889370880689925,0.007933393277183887,0.0030897994639558068,0.006579730482230659,0.005170544899118123
1944,0.0038720413275355314,0.008017934357340635,0.002521229185378851,0.006643569418451991,0.0050733100725864014
1945,0.003903154054992645,0.008337355143447299,0.0021123834945048995,0.006877171158060569,0.005235474111440051
1946,0.0038381628224310993,0.008193011020369095,0.001887345001096983,0.006756776857530629,0.005171467034520291
1947,0.003802614425120774,0.008060356691563625,0.0015397893887582651,0.006642252503916288,0.005104362990110437
1948,0.0038178785043197464,0.008031579786733451,0.0015133868596399615,0.0066503344661981234,0.005106436148602159
1949,0.003819738234942076,0.008009906176950472,0.0015536699488875887,0.006640971721105308,0.005100725242705354
1950,0.003480735337426006,0.007404786604770977,0.002113335996872177,0.006142122941794542,0.004826743776337775
1951,0.0026894696780463065,0.006202223898902649,0.002887439563353731,0.005262877888393561,0.004279273939429301
1952,0.002846086082197861,0.0054109639322061105,0.0033161249541835075,0.0046998493958793795,0.004034838042289263
1953,0.0024682195936367906,0.005087556273408415,0.0033627483323019946,0.0043233196978067654,0.003782171381768551
1954,0.0019965978259147902,0.005045699901626448,0.0034636181772832375,0.004401841984056122,0.0035932708904220833
1955,0.0018720159176703701,0.004683532509760109,0.0034606046791628956,0.004045068899356606,0.0034465792325677823
1956,0.0019678255652512966,0.004726349590166769,0.003408730837369896,0.0039305367664588505,0.0035261582584016123
1957,0.002279978993075084,0.0053602901397912074,0.0037316358756437555,0.004069931103268635,0.00393299911360792
1958,0.002688006046228553,0.006026919208088234,0.004250098577771,0.00496571051914291,0.004451527202960018
1959,0.00315881811455665,0.006076036648747947,0.0046646859074927745,0.004941493240683474,0.004784953499111915
1960,0.003028806483655835,0.006473642887185184,0.004709351946027235,0.00526174112258611,0.004824456308487866
1961,0.003867354786712086,0.0069048575407131335,0.004609622657508717,0.005463933902100823,0.0051768297308916675
1962,0.004411586896167268,0.0069413048069487575,0.0045494862275804356,0.005215127856004102,0.0053131031828188525
1963,0.004429613006379618,0.006756786129127087,0.004519225657218218,0.0049466642650048505,0.005247194007081758
1964,0.00443716394046277,0.006687265453891586,0.004280077600627312,0.005088699406404413,0.005137413157436556
1965,0.004435258336031289,0.007076312152438253,0.004107552231960306,0.005346713223498188,0.005206733773349615
1966,0.004433523098241109,0.007279687141822575,0.003463938752401701,0.005444177970777121,0.005086736920145332
1967,0.004369520621684831,0.007741016322416329,0.0028568687935835303,0.0059284771861617515,0.005092739687053859
1968,0.004359716262034558,0.007780802312762835,0.0025839722465006527,0.0060439104209476634,0.00507132275723199
1969,0.004342113449219694,0.008076326432318173,0.0022278101194281802,0.006353178747516671,0.005175204119425358
1970,0.0042865998023864545,0.008176984198936352,0.001890095044277333,0.006419520277512054,0.005212248354187286
1971,0.004321900590387364,0.008044919728386358,0.0017102778201638562,0.006416995372074064,0.00516781630135509
1972,0.0043451785756758515,0.00793154074282495,0.0015664063689955045,0.006360399224732322,0.005119941024873954
1973,0.004379542689144883,0.007817719659401286,0.0015972929181701826,0.006532780003570689,0.005073703348060529
1974,0.003914825363027598,0.007185407431117218,0.002064580229359559,0.006133656018607161,0.0047848851291416306
1975,0.003039751352003871,0.0060661009843615285,0.0028673637111526745,0.005184661567647181,0.004226474349321671
1976,0.002673950057641625,0.0050663890993090585,0.00333695947024082,0.004360040352138347,0.0037924238266121126
1977,0.0033695950240727043,0.004697433501495617,0.0033752751740114394,0.004146328510682405,0.003926507808676657
1978,0.002196621444821586,0.004353059606017839,0.0034178082266209833,0.0038578370995666594,0.0033886538539419186
1979,0.0021142447470916493,0.004325880475181299,0.0034376081239826297,0.003836298021758485,0.003363164409674013
1980,0.0021067118297386513,0.004582582299516605,0.003469592258951821,0.004078830204022714,0.0035032842064611327
1981,0.0024672348665610404,0.004808982012488945,0.003582638226846538,0.004268619320424143,0.0037918937398874787
1982,0.002343147135611367,0.004796937778790099,0.003652311670708062,0.004192169920946997,0.0037305383574437996
1983,0.0031128779487644325,0.005488835692622959,0.003983519653608973,0.004755088225169976,0.0043083360116912385
1984,0.0035538405254664294,0.005795318488464204,0.004286123965809226,0.004926002566403562,0.004630062512225687
1985,0.004072534882633149,0.006443126414336491,0.004596463740496881,0.005429076756846424,0.00508598822632254
1986,0.004371864952245792,0.006606620629919722,0.004622173969776843,0.005126985519539643,0.0052225122647677385
1987,0.004419627536370867,0.00673495464277823,0.0045442983630099385,0.004716421994837588,0.005264475815628351
1988,0.0044395598418832125,0.006976746715991629,0.0043524868685546865,0.004967784883407474,0.0053041500740789675
1989,0.004431730258412352,0.007121459187921804,0.0037429890356660803,0.005187114186141043,0.005148696157540833
1990,0.00443374716012599,0.007212791475559198,0.0030403730245417817,0.005244985273944999,0.0050021507256613395
1991,0.004394313211043316,0.007990612833629286,0.002573195569691086,0.006250396573967953,0.005206697140658457
1992,0.0043602701924794415,0.008261204322608049,0.0023801435188514713,0.006420564181332642,0.005267379857162232
1993,0.004372678841958608,0.00841268706513873,0.0024089943187313727,0.006475524482070524,0.005327604978691776
1994,0.004341508369428526,0.008267738615492879,0.0021688201854650046,0.0063463313217509846,0.005220327029793923
1995,0.004386271985424918,0.00792906431196375,0.001999657277859844,0.006114664030455626,0.005088226094841604
1996,0.004391206511987219,0.007699701215649613,0.0020095381094374924,0.006042622748143361,0.005008277059898976
1997,0.004399732218406257,0.00744423448523322,0.002149775105114967,0.0060306534410771015,0.004905132556181487
1998,0.003983026272760303,0.006550430849417842,0.0025063745059149566,0.0054587616335738005,0.0045715362112417855
1999,0.003205759505912462,0.005521911112308591,0.0030247425846769475,0.004729408245183144,0.0040728357989063
2000,0.0028183784772021483,0.004824733363631503,0.0032261581450691934,0.004166918383989069,0.003710000663395736
2001,0.0025423277117483456,0.0043203063168918985,0.003263900553746619,0.003932015392098446,0.00343535478518466
2002,0.0024456253615710217,0.003971386660177908,0.0032354607788318305,0.003654748889214322,0.0032839081772869203
2003,0.0022399382048153157,0.0038124041286746718,0.0032828006108346097,0.0035390967272124897,0.0031796678001819695
2004,0.002125669695783623,0.003989262390139944,0.003342932935759458,0.003599444983717074,0.0032245909279667827
2005,0.002250836952454442,0.004347283718146615,0.0034524748917223328,0.0039047629994606614,0.003438693169324638
2006,0.0024106765826489877,0.004883014994585163,0.0035347745411946035,0.004412176469778837,0.0037093100722416614
2007,0.0027617162837665354,0.005391120271431904,0.0035606553425514644,0.004679595038987009,0.0039795014220718825
2008,0.003329850916005127,0.005665126129361585,0.00351655279457287,0.00475140145955406,0.004214697083455822
2009,0.003537191243015706,0.006589173938256546,0.0035472730240825676,0.005354658454062196,0.004532250610668469
2010,0.004080714575008709,0.006808370683325399,0.003438987903099777,0.00499017561013912,0.00471671262191436
2011,0.0041441724616350425,0.006882629026253091,0.003407507100764131,0.0049629762934503725,0.004742181761316736
2012,0.0041241318172552145,0.007046961856095049,0.003430765201049144,0.005249099901154439,0.0047820956321887815
2013,0.004001784763641361,0.007228620331631458,0.0033471600633565215,0.005326659620628676,0.004770580696134653
2014,0.004035063294851912,0.007105680762783091,0.0034055894089800175,0.0052501268315389826,0.004768764146592845
2015,0.003938442803163513,0.007307883900284715,0.003304795968333967,0.0052405314773522945,0.004795965337707794
2016,0.003907662761349914,0.0077544006704473095,0.0033014128802988513,0.005546432935754878,0.004924820311408118
2017,0.00386889805545402,0.007886532024206604,0.0031334996811935704,0.005975844434610833,0.004953032552078648
2018,0.003906310113436291,0.007876430841060433,0.002921384469587969,0.00611577706940688,0.004916420027113859
2019,0.0038035636329007056,0.007916978571996705,0.00272630044173617,0.006084620985623182,0.004859981535916087
2020,0.00392271889095297,0.00744079123379672,0.002764457294614622,0.0058252071070131264,0.004783653638015571
2021,0.0038834886056971695,0.007392328246694802,0.002718692810557001,0.005797170906017597,0.004757313536193757
2022,0.003373275640813341,0.0068299260717366505,0.002893539952850218,0.0056193421302300215,0.004509051453808515
2023,0.0030560833526263233,0.006339901669433448,0.003019054779753745,0.0052660298714994145,0.004279103619607056
2024,0.002663481887509212,0.0056549869731393285,0.003285219014181484,0.004749717497625279,0.003930653147853305
2025,0.0023964767813963693,0.005888739478431334,0.003393900878194735,0.004902716132705177,0.003893155782810817
2026,0.002157530593161911,0.004964984010725614,0.0034898773121700474,0.004322306535072703,0.003612261640036751
2027,0.0020391460121055,0.0049090435912208215,0.00355764092389024,0.004235157558300994,0.003604083781056331
2028,0.0017645945637254146,0.005912445822561805,0.003510773393063375,0.005114906572009859,0.0037417915678671387
2029,0.0018906494014533544,0.005515593549958197,0.0033360095604161957,0.004671288440462753,0.0036417000438591115
2030,0.0020138663785905743,0.005746909652833647,0.0033646764376021494,0.004718735972256109,0.0038032653975975566
2031,0.0022761965452909156,0.006318282570678919,0.003165806673150072,0.005022763667993272,0.00402800625102761
2032,0.003180993707389238,0.007004991379930755,0.0030064532740126017,0.005423600357791844,0.004497388665629253
2033,0.0033364768897881326,0.007200918620252667,0.002999598605961124,0.005503310869204718,0.004527008951769568
2034,0.0037831603940669295,0.006280256346129179,0.0030761769117139412,0.004872044738693151,0.0044075025515372184
2035,0.003866017534741694,0.005604269489621021,0.0031194041176831745,0.004464054641715373,0.004221611115796944
2036,0.0039208610191157605,0.005331379174371394,0.0031760948218161685,0.0042778596946325045,0.00413783612497452
2037,0.00379258889320874,0.005395468686701065,0.0031392232585399976,0.004108615533433571,0.004097119786481742
2038,0.0037652831071528885,0.005631607735357289,0.003018761574548794,0.003988297479217426,0.004129357298024533
2039,0.003762177845509663,0.005799444246575011,0.0029944653644643805,0.004022387084956563,0.004150847846666611
2040,0.003759610454904816,0.005871274157755286,0.0030330724463771687,0.003943424786364509,0.004156681051086923
2041,0.0037491678689582065,0.00611645733253188,0.0029211374507685218,0.004043380300841735,0.004223331580098546
2042,0.00373890885487117,0.0063792169462902224,0.002867333321181951,0.004238959987030395,0.004282854031772795
2043,0.003751852685402408,0.006860932955736107,0.002655955290811033,0.004740889430827051,0.0043807910065087816
2044,0.0037555780340506727,0.007111790936631948,0.0025480427628121957,0.004895784015369106,0.004446048883981301
2045,0.0037328935885068606,0.006837424571852472,0.002604020343544707,0.004763850080429572,0.004385475229365892
2046,0.003353239286773281,0.005847917380680516,0.002850281054003261,0.004131247130541116,0.004058034384630844
2047,0.002616723464247254,0.005283391828720255,0.003018295889076145,0.004104775880915994,0.0036644449940592856
2048,0.002162691694334119,0.0053455222097734244,0.0031263255001088503,0.004013432339074373,0.0035156297908562973
2049,0.001628946643424569,0.004793259163023619,0.0033312646228363255,0.0033095425009545803,0.00318685808978805
2050,0.0015765494306583792,0.004262814400520971,0.003437733317151196,0.0029414341228710967,0.0030591754102018234
2051,0.00144580912822825,0.004152770498401491,0.0034759447055422044,0.0027602588025216245,0.002973293592134105
2052,0.0015770206972269831,0.0042742067972090635,0.0035692026086408925,0.002581579167187922,0.0031000841908745617
2053,0.0015037392689624847,0.004509082220676869,0.003248951891721743,0.0026322331709237065,0.0030181532183823014
2054,0.001750630927356477,0.005164704602438166,0.0031352226172412104,0.002943225088517535,0.0032612312722737334
2055,0.0021100599202353095,0.005248053874918816,0.003108352152719335,0.003177975045524088,0.003456988750516126
2056,0.0026298903662135636,0.005630739294461593,0.002778297239576171,0.0033060181282609747,0.0036959735037341984
2057,0.003009214336697292,0.0056906647645680085,0.0027272639895632484,0.003407478296350563,0.003847020333676874
2058,0.003720304726605658,0.005293912671710185,0.0027165794105611235,0.00373409852857915,0.003976036054536683
2059,0.003777551359612988,0.005102079720818651,0.002707318423911008,0.003474997632865812,0.003921969657309609
2060,0.003807038398076644,0.005763203332790701,0.002967503069696513,0.0035459530374321872,0.004216453349305782
2061,0.0037733294101662284,0.005860318907386727,0.003117506697660154,0.003729401807048752,0.004289115549027489
2062,0.0037727822428539914,0.0058189410271432315,0.00329607051580312,0.0038958479959201853,0.004279352467659286
2063,0.00373054700556346,0.005987778411888614,0.0031787568168592803,0.003665062969590467,0.004266691870961991
2064,0.0037777194650355558,0.00614215847714804,0.0032099381100511104,0.003907791524985659,0.00430843210108546
2065,0.0038309118474576993,0.0064639865918646195,0.003000598235109362,0.004462949667610748,0.004407637126422835
2066,0.003810724834001143,0.006689914300514588,0.0027951731287675498,0.004812766215088268,0.004448031800245502
2067,0.003747738856186606,0.006909385328263964,0.002616118776657832,0.004877778088355276,0.004445070807000747
2068,0.003738633151920541,0.006788651996209953,0.002693634435090233,0.0048672320674374315,0.00442488920412603
2069,0.0037177888875940313,0.006610086733905052,0.0027623377931110713,0.004695463342873182,0.004392769976529248
2070,0.0032421539626617452,0.006236715117426265,0.0030585312191891752,0.004535191387967315,0.00421543233662509
2071,0.0024269034463887036,0.006155671759436581,0.0032709634044185603,0.004850947029293493,0.003970201181134076
2072,0.002008511776420626,0.005514213702585175,0.0033426941107579954,0.004525725911118562,0.0036635158937440345
2073,0.0017908859098289707,0.0051389968565947654,0.003386886891617544,0.004328497531157429,0.0034620535260550837
2074,0.0017034726207724915,0.004692165609856708,0.003394491266747782,0.0038981179265548463,0.0032391079224639444
2075,0.0016753651274942422,0.004250244092755973,0.003383425056081676,0.0036076060493613112,0.00311246208772321
2076,0.0017486253100807915,0.004306067754492411,0.003290623124279456,0.00385099050166696,0.0031972153965798937
2077,0.0020454173199063847,0.004538234833432497,0.003166988462046964,0.0039737118069277195,0.0033828818096029454
2078,0.00242605671068304,0.005084451242563553,0.0030436357429548927,0.0041124693845948175,0.003613453008288153
2079,0.0027696616560428664,0.005205860511795869,0.00268649896433302,0.004163637465768427,0.0036317041790767343
2080,0.0030432415992844215,0.005626442512444438,0.002624530121547014,0.0044225138400305715,0.003805676968406896
2081,0.003379966099232527,0.00634822550655538,0.0024577800687234823,0.0048766781492411955,0.004009468122770378
2082,0.0037373401968211145,0.006055167536441139,0.0025188233631700564,0.0046787588286340736,0.004029742319628855
2083,0.00376043873208754,0.005603130478362666,0.002751785063178667,0.004117672943751755,0.003972626825586369
2084,0.003769224627708679,0.006154049355861921,0.0029488846405575065,0.0042654750290670364,0.004126995848775482
2085,0.003751025690872693,0.006071544145809642,0.0031058387281293724,0.0041347837773722095,0.004130098526126322
2086,0.003949517934361942,0.00568748165506732,0.0031404939979196547,0.004094298398235894,0.004137055820708806
2087,0.003917268017929694,0.006070972678490916,0.0029091204262486894,0.004386673752246194,0.004233418661590727
2088,0.0038002350876798117,0.005998964766747783,0.002991242105696809,0.004285188852514824,0.004218254372503437
2089,0.0037868997964533913,0.005836091068918978,0.0031220412591919217,0.004160024227365103,0.004204520468110115
2090,0.0037840605326102798,0.006399245759085579,0.002899838504982992,0.004404619959586068,0.004351550707464857
2091,0.00382815854284442,0.006549652035840587,0.0026903450060712215,0.004475482311198746,0.004418138058453442
2092,0.003906522649748175,0.006460755138484863,0.0026763632548748484,0.004452043455745291,0.004453510998945552
2093,0.0038781808966824502,0.006145086857180484,0.0028096641282453058,0.004257700572014515,0.004371536743804459
2094,0.003423667278119774,0.005160104785582942,0.003279670451904061,0.0037526752903592683,0.004019507608783019
2095,0.002549356686672828,0.004337682298678992,0.0034917973366582595,0.0033714289095644664,0.0035325659696708415
2096,0.0020856694222593426,0.0038483509947394787,0.0034569463692326113,0.0029149724685245586,0.003171032245261534
2097,0.001831775348057922,0.0034894475157147523,0.0033135738452879865,0.00277363045968788,0.0029171791670503633
2098,0.001699313191880831,0.00347829952902028,0.0033004944635472793,0.002670657001140732,0.0028562415019271425
2099,0.001766132717054349,0.0033116916391428396,0.0032292249470407207,0.0026851181565664345,0.002821456589267687
2100,0.0018360968286909936,0.003273969121002703,0.0031470137785041077,0.0027560420891488096,0.002816382374300604
2101,0.0018182484076977074,0.0033033297432619076,0.0031621851662808616,0.002828692874190261,0.0028276940342653128
2102,0.0022880913806785355,0.0036475325184387934,0.003189982853098405,0.002972145253832473,0.0030851993605240584
2103,0.0028103588385997597,0.0040643862794230035,0.0032818824634320396,0.002945950582934255,0.0034046675985332803
2104,0.0032996404126234484,0.0041973761284750145,0.0031718412152059706,0.003071677256634993,0.003562564902655509
2105,0.003315510085955855,0.005333049105818304,0.0028944235551837502,0.0037913981516189354,0.003802296454635666
2106,0.0037530936411212,0.005668178070080366,0.0026293352261441212,0.004081039685896078,0.0039119086941981195
2107,0.003963554094955002,0.005799936223092996,0.0027024317718863863,0.004015978300359302,0.004069633885269647
2108,0.004125307917705069,0.0062257209931416485,0.00314825495487781,0.004443866009251838,0.004441384410409244
2109,0.00405954854379589,0.00668694811778006,0.0030845167022171137,0.004957612501653205,0.004504258479972833
2110,0.00399366679958064,0.006932158015152438,0.0029447745397048076,0.0051385264023423045,0.004499911588236725
2111,0.004020015189565638,0.007047205348380774,0.0028807307898652966,0.005100841079180686,0.0045480720949763855
2112,0.004104829007331693,0.0075892033215602,0.0027763358827818945,0.005471072265858479,0.004769993988843131
2113,0.004114129606536432,0.00804988536779644,0.0024872846075379026,0.005767651921177206,0.005013435894865218
2114,0.004025914684438578,0.008328587983900437,0.0021117199572781016,0.005916680025936705,0.005140664168811802
2115,0.0039020955625731356,0.00828403417455799,0.0020127531515452953,0.005822800963627556,0.005093072202204941
2116,0.003807710629626197,0.007690617337506798,0.002272910045864096,0.005565705034464809,0.004921904379299783
2117,0.003839620236461022,0.0073575440267212395,0.002302194008922029,0.005339408542974762,0.0048082395989330045
2118,0.0034560622654396388,0.00660036747081513,0.002671685707767806,0.0049395095546692115,0.004505107538340703
2119,0.0033128136544711855,0.005840062299863087,0.00305213212324405,0.004322367670182725,0.00427905836578715
2120,0.002715645206544931,0.005230646842543201,0.00331748848980669,0.003843934804306831,0.0038978468802308482
2121,0.002393245908007696,0.004652474943863477,0.00337745804175321,0.003563018146212149,0.0036107805749265574
2122,0.0022366730555793543,0.004757041213893181,0.00349658564945436,0.0035448056917295016,0.003601192356036623
2123,0.002107031630366349,0.004664300894995927,0.0035582204283527773,0.003817991836704421,0.003575017946091219
2124,0.0021034896327442806,0.0052851678209938505,0.003545818237442143,0.004286720282652321,0.003766620925754614
2125,0.002060347145629354,0.005017081691374912,0.0036255501299103906,0.004329990820056747,0.0037215668711968967
2126,0.002003413107191603,0.004688394123262514,0.003585354279530635,0.004005921421527282,0.0035564508196593877
2127,0.0026737631844915726,0.005361378516577612,0.0035771705765185614,0.004421033715381509,0.004005586941643299
2128,0.0032907827106512795,0.006046505934698394,0.0035596391751802734,0.004932063754895077,0.004399453135023989
2129,0.0036010983100287336,0.006631089459930756,0.003534011668209184,0.005294948590820021,0.004648019579951536
2130,0.003996745694878796,0.006881585682187237,0.003450065596184904,0.005163915779673442,0.004791685132555799
2131,0.003990089140914342,0.006851041580912756,0.0033521081694279625,0.005069634737007993,0.0047219939303368525
2132,0.003932013329923187,0.007032122087823071,0.003252036339091247,0.005124650094492309,0.004694239847388261
2133,0.0038456267344012494,0.0073949433566975024,0.0030643306317083827,0.00509592952953415,0.004686755260681449
2134,0.004008591683692245,0.0070596774234540065,0.0031096873146055693,0.0050284950119563795,0.004635812754106894
2135,0.004000594906058944,0.0077454233959010415,0.002850025007695713,0.005565461052626775,0.0047593476142810485
2136,0.004046461423698563,0.00742069653093968,0.0027771767868887123,0.005611624319543176,0.004795603267828932
2137,0.004091169682819345,0.007818733382200592,0.0024864446807189773,0.00579942930567401,0.004981249299825479
2138,0.004032524083076082,0.008884437187298649,0.0019121076490061653,0.0059472210355164595,0.005284165559543145
2139,0.00407505523449218,0.00877623525163975,0.001762247734192167,0.005940413452686936,0.005332371676275305
2140,0.004046061200833853,0.008514924029449995,0.001861411697374284,0.00558035805777082,0.005229206956322683
2141,0.004106857021587253,0.0082439764861217,0.001962674908551249,0.005098744819611043,0.005150021311166069
2142,0.0038063739914870427,0.008050813728668643,0.0023804535367513502,0.005710543926566285,0.0050655907671074
2143,0.00297349331411809,0.007830874412806506,0.002875808974131884,0.0055817764901686905,0.004811453245749141
2144,0.0026328883720803157,0.0073487957235495414,0.0032519282376761655,0.005314511402780462,0.004501164313925291
2145,0.002314647784400378,0.006321238714476814,0.003293429425661736,0.004605956681942823,0.004009289134047399
2146,0.0027710759922221924,0.006513869915684283,0.003325559614824487,0.004490608447754012,0.004238199078502936
2147,0.0033612376376581095,0.007113041230266069,0.0033690608137969674,0.0041536975551796276,0.0045920133794271935
2148,0.003019789895206604,0.007702009690678681,0.003261510956025388,0.004374777655632804,0.004697706765327543
2149,0.00300807040810663,0.007446780190328393,0.0033407374291941627,0.004133373131448949,0.004633052466900597
2150,0.0029502912690018432,0.007786876491395179,0.0034257828348886557,0.004228787070033915,0.00466308823573588
2151,0.003298214779601531,0.007987853219916907,0.003424645524800345,0.004266334094115418,0.004819726239195985
2152,0.0036275823165177364,0.008069094918498778,0.0033921201717318056,0.004128196845157378,0.004843322492167995
2153,0.0037283266236372192,0.008279908311231652,0.0031003271762127193,0.004228734306988606,0.004818804050796667
2154,0.003876370424635236,0.007727028663190154,0.0030677799558031064,0.004049510279035753,0.004681780434635831
2155,0.004006958700191791,0.006396838720439866,0.0030657043464328046,0.0035772369428043677,0.004424421372692407
2156,0.004031385928361531,0.005843427655581027,0.0032068742172317657,0.003338225360555198,0.004265140736681928
2157,0.0038727076418297816,0.005791747165058637,0.00320459507568812,0.003182853616012827,0.0041721022890182724
2158,0.00385416730374643,0.0054642782322630356,0.003135347262461432,0.0029644477554755214,0.004056738029563917
2159,0.003841244429374916,0.005396339757639634,0.003078188947469251,0.0028560155952792347,0.004018015245858477
2160,0.003913856694399988,0.005357981870607339,0.0031877961731917445,0.002661758466447225,0.004062499878510021
2161,0.0038902800296018707,0.005618613085856907,0.0031779928365716593,0.0028473412200777115,0.004149848942450714
2162,0.0038993552001301106,0.006273156518371301,0.0029043439989269557,0.003116145292417237,0.004296825407466499
2163,0.003924867313352684,0.006861469875998413,0.002545121795318445,0.0036829987503375085,0.00442106421116275
2164,0.003924180214354867,0.006732021802581982,0.00247782210176613,0.003673029466129418,0.004416036060170229
2165,0.0038776823063173984,0.006869797942179031,0.002456187539171422,0.0037108712119029758,0.004413890511207208
2166,0.003839061755952613,0.005993532709926364,0.002857401240217482,0.004040643254335144,0.004279851821074101
2167,0.0033708921381901376,0.004818455915664783,0.003227641657141771,0.003657692380604882,0.0038504438329765613
2168,0.002581933791250268,0.004445537358331,0.0031991214727237257,0.003434604123695013,0.0034399101618961623
2169,0.001692439604922728,0.003928491136755681,0.0031387796718906507,0.003166710793046599,0.002944510306141356
2170,0.0016280574393005881,0.003727862107593964,0.0032195184245074737,0.003181736592722126,0.002900703819023505
2171,0.0013371189019746352,0.003171532377826951,0.0031741760410168127,0.0027493009480625613,0.0026021253157890627
2172,0.0012844160954920852,0.0030984405692927566,0.0031443873367692273,0.0027048789514391358,0.0025839915246641033
2173,0.0012291323365429669,0.002973834494720648,0.003067796889227021,0.002549447455089998,0.0024809993401727626
2174,0.0013383321952003073,0.0030357788460283184,0.003002376606900493,0.0025905469551519354,0.0025220477143105898
2175,0.001750369850285433,0.0033664984988687257,0.0029565199122043922,0.0028645683790327545,0.002731514871711794
2176,0.002260282433079762,0.0037133988231006078,0.002897853846125909,0.0031301647431914515,0.0029495474238490672
2177,0.002924422408312192,0.004026789704007536,0.002795751230363754,0.003302897551983274,0.0032023077086299704
2178,0.003474148860763627,0.004328499887451782,0.0026772003307511884,0.002780155606455484,0.003411610034208334
2179,0.003565966386259075,0.0043555467801233115,0.0029078708425736553,0.0027154394320440555,0.003546128909487318
2180,0.003837884132940639,0.004783409739985952,0.003098327751203057,0.003051772918461067,0.003827403353530784
2181,0.0038964845097953053,0.004550537936989275,0.0031563165409853548,0.002878782036532048,0.003806952973978385
2182,0.004016336773406009,0.004779884410883908,0.0031980768452506674,0.003073679799793012,0.003947748040027343
2183,0.004086991692674701,0.005877656936817948,0.0029500254517284322,0.003613776731736033,0.004260024611712128
2184,0.003999047187596368,0.0071366539219292376,0.0024984808231780157,0.004202293464847592,0.004538641908044878
2185,0.0038706425198637563,0.008046696396925991,0.0023782668984919098,0.00461827922037107,0.004677706173322818
2186,0.0038823042088376035,0.008440896742649433,0.00197652045094797,0.005407298326097977,0.004814509052395305
2187,0.0038657796103993562,0.008376572728690681,0.001754637802294098,0.005758092040057593,0.004847583012522892
2188,0.003875391743564898,0.008356464197501632,0.0016112976080948525,0.0057402549408421275,0.00479240257282167
2189,0.004035452856519798,0.007793838952085664,0.0017394080123586551,0.005480054893506214,0.00469536479268841
2190,0.0035308528358509793,0.006772207668920956,0.0022594226850341007,0.004903484494692466,0.004389026669932503
2191,0.0028935694610019093,0.00531375972041693,0.0028876374164041744,0.004078776100967329,0.0038954542750549268
2192,0.0026415608327208908,0.004783078430008084,0.003218278265046805,0.003922245093684217,0.0036612791099448136
2193,0.0018815181929632172,0.00421281830549675,0.0034216911376603954,0.003405227589834368,0.003191329551844836
2194,0.0016521461961444953,0.0036210475686041764,0.0034693919644726103,0.0029170449646531175,0.0029142196784911136
2195,0.0018179436615451043,0.0034970011128602593,0.0034197165814245497,0.0028402083066767316,0.0029413677181734823
2196,0.0018114223997264753,0.0036174335388816287,0.0031905887224035058,0.0030236806139900298,0.0028868914736619893
2197,0.0017553255417105539,0.003918018877792572,0.003050674904490563,0.0032580870407085505,0.0029196255748874193
2198,0.0018753396072381423,0.004888478784019885,0.0029010060717523916,0.004111135316501936,0.0032448653605587257
2199,0.0020384620490379777,0.0057095719891418085,0.002819641874353454,0.004808944458408142,0.003562408239158958
2200,0.002888596925937603,0.006532816275637821,0.002823373805342993,0.005345167954280386,0.004066308737346692
2201,0.0035200744095317074,0.0064075599421372816,0.002956945021211365,0.004981316365183383,0.0042363497446100025
2202,0.003997596094120656,0.006455584201012812,0.0030179619364735406,0.004120962628162239,0.0044097577613784215
2203,0.004068273131949743,0.006571750010791326,0.0034838611112625564,0.003916118301230182,0.004626704827970161
2204,0.004068784672193926,0.007067145363156317,0.003928941199456578,0.0038662145910927327,0.0049239282072892744
2205,0.004051723458596187,0.007403338493483751,0.004421510845913363,0.003953358609683684,0.005180583099624445
2206,0.004031558012427559,0.007596912113363211,0.004772446109037107,0.004368233970704636,0.005351499921424027
2207,0.0040337549996747515,0.00825954767460885,0.004683578689815809,0.005801342348588682,0.005547842696626673
