南部,中部,北部,東部,離島
0.0,0.0,0.0,0.0,0.0
0.0,0.0,0.0,0.0,0.0
0.0,0.0,0.0,0.0,0.0
0.0,0.0,0.0,0.0,0.0
0.0,0.0,0.0,0.0,0.0
0.0,0.0,0.0,0.0,0.0
0.004999377024669824,0.0018204530566854043,0.0023465481042361366,0.003409915040677614,0.00034940600978336826
0.1261452363153086,0.11726764468412473,0.04581943929850561,0.12170644049971667,0.012229210342417888
0.3386815765429022,0.28755846015569064,0.21649993824873412,0.3131200183492964,0.07721872816212438
0.4927900988454191,0.4387352802278994,0.35939236754353465,0.4657626895366592,0.16911250873515024
0.6041697815433177,0.5299346464969609,0.4359639372607138,0.5670522140201393,0.2510482180293501
0.6474811030816512,0.5729613210852642,0.4682598493269113,0.6102212120834577,0.28581411600279527
0.6336105573552621,0.5754215986472282,0.4717179202173644,0.6045160780012451,0.28441649196366176
0.5817686269623723,0.5253248632755968,0.40799061380758306,0.5535467451189846,0.25489168413696717
0.473541199435169,0.4267507578873604,0.23897739903668025,0.4501459786612647,0.2059748427672956
0.3077840767505607,0.2739439087183706,0.11942694825243917,0.2908639927344656,0.1287561146051712
0.09021409585513747,0.08722483737793825,0.027355810794121284,0.08871946661653786,0.03808525506638714
0.0011743084973835035,0.021901802172356537,0.00043225886130665684,0.01153805533487002,0.0005241090146750524
0.00015574383254423124,0.019453711743826457,0.0,0.009804727788185344,0.0
0.00015574383254423124,0.010877016589735387,0.0,0.005516380211139809,0.0
0.0,0.0,0.0,0.0,0.0
0.0,0.0,0.0,0.0,0.0
0.0,0.0,0.0,0.0,0.0
0.0,0.0,0.0,0.0,0.0
0.0,0.0,0.0,0.0,0.0
0.0,0.0,0.0,0.0,0.0
0.0,0.0,0.0,0.0,0.0
0.0,0.0,0.0,0.0,0.0
0.0,0.0,0.0,0.0,0.0
0.0,0.0,0.0,0.0,0.0
0.0021658775645817755,0.007018265466234023,0.001852537977028529,0.004592071515407899,0.00017470300489168413
0.11113360744247859,0.08514845451914141,0.059219463999011984,0.09814103098081,0.010132774283717682
0.3113215383337486,0.27646055177246626,0.22866493763122148,0.2938910450531074,0.06132075471698113
0.47267941689509096,0.40739606660268424,0.35747807830060513,0.4400377417488876,0.13399720475192173
0.586583187972423,0.5421644348978567,0.40971964925280974,0.5643738114351399,0.20038434661076174
0.6289237062878977,0.22680864677117132,0.4748672347783129,0.4278661765295345,0.27603074772886094
0.6321019187640169,0.0505583230504395,0.4787575645300729,0.3413301209072282,0.2645003494060098
0.5778293462912202,0.04412656338071081,0.40934914165740394,0.3109779548359655,0.25698812019566736
0.4546878893595814,0.42471550660390295,0.23897739903668025,0.4397016979817422,0.2059748427672956
0.2714791510922834,0.25836113523147936,0.118377176732123,0.2649201431618814,0.12403913347309574
0.07348824653210399,0.08343006870496472,0.024947511423984194,0.07845915761853436,0.03476589797344514
0.0016436165794501208,0.021907895739073476,0.00030875632950475484,0.011775756159261798,0.00034940600978336826
0.000149514079242462,0.015722925521380802,0.0,0.007936219800311633,0.0
0.0001619735858460005,0.009277455326539006,0.0,0.004719714456192504,0.0
0.0,0.0,0.0,0.0,0.0
0.0,0.0,0.0,0.0,0.0
0.0,0.0,0.0,0.0,0.0
0.0,0.0,0.0,0.0,0.0
0.0,0.0,0.0,0.0,0.0
0.0,0.0,0.0,0.0,0.0
0.0,0.0,0.0,0.0,0.0
0.0,0.0,0.0,0.0,0.0
0.0,0.0,0.0,0.0,0.0
0.0,0.0,0.0,0.0,0.0
0.0038094941440318954,0.0009597367579178282,0.002161294306533284,0.0023846154509748617,0.00017470300489168413
0.10541988537253927,0.08985878159133495,0.056131900703964434,0.09763933348193711,0.00925925925925926
0.3038894426447379,0.2584997638742897,0.22613313572928243,0.2811946032595138,0.06481481481481481
0.43096602707866105,0.3831878494279664,0.36031863653204893,0.4070769382533137,0.15740740740740744
0.43932012625633354,0.48000700760172443,0.4429418303075213,0.459663566929029,0.23008385744234802
0.6254049339646149,0.28748838413844585,0.48246264048412985,0.45644665905153037,0.2585604472396925
0.6241735193952986,0.04727541398168884,0.4837594170680498,0.33572446668849376,0.2741090146750524
0.5517204502035052,0.04287281202870069,0.3958256144250957,0.29729663111610294,0.2348008385744235
0.43824341722734445,0.35046234937464765,0.24107694207731256,0.39435288330099605,0.2028301886792453
0.2694357920093031,0.2788294258336761,0.11294306533283932,0.2741326089214896,0.12037037037037038
0.06962995265387492,0.19842328961199213,0.026367790539706067,0.1340266211329335,0.033542976939203356
0.001166002159647811,0.1940328747924379,0.0006175126590095097,0.09759943847604285,0.00017470300489168413
0.00025022842428773154,0.19392166719985376,0.0003705075954057058,0.09708594781207075,0.0
0.00022427111886369298,0.19387596544947672,0.0003705075954057058,0.0970501182841702,0.0
0.0,0.0,0.0,0.0,0.0
0.0,0.0,0.0,0.0,0.0
0.0,0.0,0.0,0.0,0.0
0.0,0.0,0.0,0.0,0.0
0.0,0.0,0.0,0.0,0.0
0.0,0.0,0.0,0.0,0.0
0.0,0.0,0.0,0.0,0.0
0.0,0.0,0.0,0.0,0.0
0.0,0.0,0.0,0.0,0.0
0.0,0.0,0.0,0.0,0.0
0.00145464739596312,0.0004341666285818747,0.004013832283561812,0.0009444070122724973,0.00034940600978336826
0.05742378935127503,0.009632405587800682,0.056008398172162535,0.03352809746953786,0.0143256464011181
0.25546037876900074,0.08974300382371313,0.1617265653945906,0.17260169129635694,0.07197763801537387
0.46872975330176936,0.4804426976219856,0.26102260096331975,0.47458622546187745,0.15321453529000698
0.5775593903148101,0.5917340767484729,0.35352599728294426,0.5846467335316414,0.23654786862334035
0.6302797159232494,0.6502155599226117,0.38384586884031124,0.6402476379229305,0.2746331236897275
0.6323386493894841,0.67736849321329,0.4504137334815363,0.654853571301387,0.2809224318658281
0.5773195448126921,0.6413768413996922,0.34660985550203777,0.6093481931061921,0.2524458420684836
0.4589521554946424,0.5221531617994303,0.20396443127084105,0.49055265864703634,0.203004891684137
0.304722153002741,0.3670018128360983,0.1449919723354329,0.33586198291941965,0.12211740041928722
0.07204813522717833,0.17980439650838628,0.04100284055823144,0.1259262658677823,0.03511530398322851
0.0012708696735609269,0.10431119845223405,0.0004940101272076079,0.052791034062897486,0.0005241090146750524
0.0001941606445718083,0.1010511402586719,0.0,0.050622650451621856,0.0
0.00016820333914776975,0.09152994226345536,0.0,0.045849072801301564,0.0
0.0,0.0,0.0,0.0,0.0
0.0,0.0,0.0,0.0,0.0
0.0,0.0,0.0,0.0,0.0
0.0,0.0,0.0,0.0,0.0
0.0,0.0,0.0,0.0,0.0
0.0,0.0,0.0,0.0,0.0
0.0,0.0,0.0,0.0,0.0
0.0,0.0,0.0,0.0,0.0
0.0,0.0,0.0,0.0,0.0
0.0,0.0,0.0,0.0,0.0
0.005807168369465902,0.040289139740718745,0.002161294306533284,0.023048154055092324,0.00034940600978336826
0.11310324777805467,0.1451944609478543,0.05798443868099296,0.12914885436295448,0.01729559748427673
0.31952093197109394,0.3197644836463903,0.21162158824255897,0.31964270780874215,0.06656184486373165
0.49271326522136377,0.48456651889767377,0.2721378288254909,0.48863989205951874,0.15234102026554858
0.6020454356674144,0.6182822235424951,0.27108805730517477,0.6101638296049547,0.2290356394129979
0.6462154248691752,0.6842816446536568,0.45529208348771155,0.665248534761416,0.26799440950384346
0.6487748151839854,0.6621452401626983,0.4795603309867852,0.6554600276733418,0.269916142557652
0.587855095938201,0.591709702481605,0.4031122638014079,0.5897823992099029,0.25384346610761704
0.47142308331256744,0.4852550919366878,0.23959491169568975,0.4783390876246276,0.20475192173305382
0.2971010881302434,0.32852855597702724,0.11825367420032111,0.3128148220536353,0.12858141160027953
0.0877481518398538,0.14696616547080418,0.028035074719031737,0.11735715865532899,0.03668763102725367
0.0012926738101171193,0.0824916594305562,0.00037050759540570576,0.04189216662033666,0.0005241090146750524
0.0,0.07098700546897613,0.0,0.035493502734488064,0.0
0.0,0.08295477050104352,0.0,0.04147738525052176,0.0
0.0,0.0,0.0,0.0,0.0
0.0,0.0,0.0,0.0,0.0
0.0,0.0,0.0,0.0,0.0
0.0,0.0,0.0,0.0,0.0
0.0,0.0,0.0,0.0,0.0
0.0,0.0,0.0,0.0,0.0
0.0,0.0,0.0,0.0,0.0
0.0,0.0,0.0,0.0,0.0
0.0,0.0,0.0,0.0,0.0
0.0,0.0,0.0,0.0,0.0
0.002168992441232661,0.006635894154746127,0.00191428924292948,0.004402443297989394,0.00017470300489168413
0.112824985463909,0.10382828328991668,0.05217981968630357,0.10832663437691284,0.013801537386443047
0.31754298529778224,0.29848270188748227,0.2132271211559837,0.30801284359263226,0.07058001397624039
0.484124512002658,0.4545922642170529,0.347659627022354,0.4693583881098554,0.1544374563242488
0.5957731123847495,0.5710860259281264,0.42108188217858467,0.583429569156438,0.2330538085255066
0.6391062380596395,0.6390232012552747,0.4751759911078177,0.639064719657457,0.2653738644304682
0.6397074092532602,0.6558856237527231,0.4765962702235396,0.6477965165029916,0.2713137665967855
0.5835742171276684,0.6046052130463264,0.4020624922810917,0.5940897150869975,0.24703004891684135
0.46670093030982635,0.5158554605974742,0.2390391503025812,0.49127819545365026,0.20125786163522014
0.2975859705955644,0.3563030330728334,0.11646288748919352,0.3269445018341989,0.120020964360587
0.08816762189550625,0.1747543530917234,0.028220328516734595,0.13146098749361484,0.03459119496855346
0.001336282083229504,0.09781697972365674,0.00037050759540570576,0.04957663090344312,0.0005241090146750524
0.00014328432594069274,0.10499215453285193,0.0,0.052567719429396316,0.0
0.00016820333914776975,0.10644242341148333,0.0,0.05330531337531555,0.0
0.0,0.0,0.0,0.0,0.0
0.0,0.0,0.0,0.0,0.0
0.0,0.0,0.0,0.0,0.0
0.0,0.0,0.0,0.0,0.0
0.0,0.0,0.0,0.0,0.0
0.0,0.0,0.0,0.0,0.0
0.0,0.0,0.0,0.0,0.0
0.0,0.0,0.0,0.0,0.0
0.0,0.0,0.0,0.0,0.0
0.0,0.0,0.0,0.0,0.0
0.0025718498214137384,0.08824246301966698,6.175126590095097e-05,0.045407156420540364,0.0
0.11395568568818007,0.21272946087168473,0.010312461405458813,0.1633425732799324,0.016946191474493364
0.32801208572140544,0.37240223633898517,0.03544522662714586,0.35020716103019534,0.05904961565338923
0.48228673477863604,0.44864037292628306,0.06761763616154132,0.4654635538524595,0.06097134870719777
0.580021181161226,0.5672927806468322,0.08361121402988762,0.5736569809040291,0.10220125786163523
0.6374075919926905,0.6830735950520239,0.09373842163764358,0.6602405935223572,0.11006289308176101
0.6325442312484426,0.663013573419862,0.06749413362973941,0.6477789023341523,0.12176799440950384
0.579642204502035,0.5336349648858217,0.04211436334444856,0.5566385846939284,0.10744234800838574
0.478265429022344,0.47795956918483307,0.026738298135111766,0.47811249910358855,0.05450733752620545
0.24824113298446712,0.34014441753119146,0.01080647153266642,0.2941927752578293,0.049440950384346614
0.054505149929396125,0.1616516612586262,0.002037791774731382,0.10807840559401116,0.024283717679944097
0.0002990281584849239,0.10765656657983333,0.0,0.05397779736915913,0.0005241090146750524
0.0,0.10916929451731334,0.0,0.05458464725865667,0.0
0.0,0.11499169751534817,0.0,0.057495848757674085,0.0
0.0,0.0,0.0,0.0,0.0
0.0,0.0,0.0,0.0,0.0
0.0,0.0,0.0,0.0,0.0
0.0,0.0,0.0,0.0,0.0
0.0,0.0,0.0,0.0,0.0
0.0,0.0,0.0,0.0,0.0
0.0,0.0,0.0,0.0,0.0
0.0,0.0,0.0,0.0,0.0
0.0,0.0,0.0,0.0,0.0
0.0,0.0,0.0,0.0,0.0
0.002328889442644738,0.0992565848605335,0.0,0.05079273715158912,0.0
0.08577539662762688,0.18149688466401595,0.004569593676670372,0.1336361406458214,0.013976240391334731
0.2605677381842345,0.3712520756211629,0.026923551932814625,0.3159099069026987,0.07337526205450734
0.37560013290140376,0.5355681489267706,0.08336420896628381,0.45558414091408717,0.09888190076869323
0.5343581277514744,0.6293435705254178,0.12269976534518956,0.5818508491384461,0.18413696715583508
0.6170228008970846,0.6882135185777615,0.08459923428430283,0.652618159737423,0.2527952480782669
0.37343633192125597,0.6698383681428333,0.05409410892923305,0.5216373500320446,0.22955974842767296
0.23659772406346044,0.567947839068903,0.06415956527108806,0.40227278156618174,0.13819007686932214
0.14912887282996926,0.5031975991347135,0.06953192540447078,0.32616323598234137,0.12176799440950385
0.07585451449455935,0.31352010115320755,0.03624799308385822,0.19468730782388344,0.035290006988120196
0.025821289143616578,0.15420379933884804,0.008459923428430284,0.09001254424123231,0.009433962264150943
3.114876650884625e-06,0.11116036744207303,0.0008027664567123626,0.05558174115936196,0.0
0.00013082481933715425,0.10957451670398977,0.0007410151908114116,0.05485267076166346,0.0
0.00015574383254423124,0.10984568042289353,0.0007410151908114116,0.05500071212771888,0.0
0.0,0.0,0.0,0.0,0.0
0.0,0.0,0.0,0.0,0.0
0.0,0.0,0.0,0.0,0.0
0.0,0.0,0.0,0.0,0.0
0.0,0.0,0.0,0.0,0.0
0.0,0.0,0.0,0.0,0.0
0.0,0.0,0.0,0.0,0.0
0.0,0.0,0.0,0.0,0.0
0.0,0.0,0.0,0.0,0.0
0.0,0.0,0.0,0.0,0.0
0.0004142785945676551,0.04951327635848453,0.00030875632950475484,0.024963777476526092,0.0
0.03306545394135726,0.1338512865042731,0.01969865382240336,0.08345837022281519,0.012578616352201259
0.11760735941523381,0.2925628018219764,0.09342966530813882,0.20508508061860511,0.05782669461914745
0.39962932967854475,0.4389363679295583,0.35303198715573664,0.41928284880405153,0.11180992313067784
0.5977635185646647,0.537297198482702,0.4027417562060022,0.5675303585236833,0.18815513626834382
0.620813605781211,0.5975366756546776,0.4484994442386069,0.6091751407179443,0.2435359888190077
0.6497186228092033,0.6091037886751063,0.3508706928492034,0.6294112057421548,0.28424178895877006
0.5530027410914526,0.5459135018204531,0.3606891441274547,0.5494581214559529,0.2660726764500349
0.4614835119195945,0.43434486540834505,0.20489070025935532,0.4479141886639698,0.20178197064989517
0.2860889608771493,0.27706381487744314,0.11053476596270223,0.2815763878772962,0.12700908455625437
0.08834413157238971,0.10512011943390764,0.025750277880696556,0.09673212550314868,0.03563941299790356
0.0004620400365478862,0.05219292232225827,0.0001852537977028529,0.02632748117940308,0.0008735150244584207
8.72165462247695e-05,0.061205307496610455,0.0,0.03064626202141761,0.0
8.72165462247695e-05,0.05321207135566626,0.0,0.026649643950945514,0.0
0.0,0.0,0.0,0.0,0.0
0.0,0.0,0.0,0.0,0.0
0.0,0.0,0.0,0.0,0.0
0.0,0.0,0.0,0.0,0.0
0.0,0.0,0.0,0.0,0.0
0.0,0.0,0.0,0.0,0.0
0.0,0.0,0.0,0.0,0.0
0.0,0.0,0.0,0.0,0.0
0.0,0.0,0.0,0.0,0.0
0.0,0.0,0.0,0.0,0.0
0.001907342802558352,0.005874198315128804,0.0017290354452266273,0.003890770558843578,0.0
0.08151216878478278,0.01774446627972518,0.049833271582067434,0.04962831753225398,0.0075122292103424184
0.2940703131489326,0.03468915192785218,0.17457082870198842,0.1643797325383924,0.034067085953878404
0.45970180247528863,0.037036698505552766,0.21112757811535135,0.2483692504904207,0.12945492662473795
0.5782342802558352,0.04534680011577776,0.3433370384092874,0.3117905401858065,0.22693920335429768
0.638552828307999,0.04940816233261733,0.3430900333456836,0.34398049532030817,0.26484975541579314
0.6381894260320625,0.04825952500647441,0.26701247375571197,0.3432244755192685,0.24336128581411604
0.5260985131655455,0.03426717243270417,0.15468692108188217,0.2801828427991248,0.24458420684835777
0.41509884541905484,0.02910744481513642,0.14400395208101768,0.22210314511709564,0.19357092941998602
0.2645734695572722,0.01626829974254681,0.15462516981598123,0.14042088464990948,0.11687631027253668
0.06857920093030982,0.004498575628779916,0.03062862788687168,0.03653888827954487,0.031446540880503145
0.002696444887449124,0.00016604969303657662,0.00043225886130665684,0.0014312472902428502,0.00034940600978336826
8.098679292300025e-05,5.1795317093978036e-05,0.0,6.639105500848915e-05,0.0
8.098679292300025e-05,0.0,0.0,4.0493396461500125e-05,0.0
0.0,0.0,0.0,0.0,0.0
0.0,0.0,0.0,0.0,0.0
0.0,0.0,0.0,0.0,0.0
0.0,0.0,0.0,0.0,0.0
0.0,0.0,0.0,0.0,0.0
0.0,0.0,0.0,0.0,0.0
0.0,0.0,0.0,0.0,0.0
0.0,0.0,0.0,0.0,0.0
0.0,0.0,0.0,0.0,0.0
0.0,0.0,0.0,0.0,0.0
0.0020786610183570063,0.00020413448501744281,0.0006175126590095097,0.0011413977516872246,0.0
0.0449757039621231,0.006942095882272291,0.017352105718167223,0.025958899922197697,0.008211041229909155
0.3061176177423374,0.02291485763904758,0.07731258490799062,0.1645162376906925,0.05904961565338924
0.46649950161973586,0.03665432719406487,0.22533036927257008,0.2515769144069004,0.14116002795248078
0.5780671152089044,0.046001858537848675,0.2731876003458071,0.31203448687337654,0.22099930118798045
0.634529445967273,0.050373992657252106,0.29955539088551314,0.34245171931226254,0.2597833682739343
0.6311093114046017,0.039035388388708625,0.22928245029023098,0.33507234989665513,0.26275331935709295
0.5779684774482932,0.04019925963164389,0.2126096084969742,0.3090838685399685,0.2348008385744235
0.548164299360412,0.034405801075514525,0.19476349265159934,0.29128505021796325,0.19357092941998602
0.5391872248525627,0.01762259494538641,0.11683339508459922,0.27840490989897454,0.1278825995807128
0.5292829553949664,0.004955593132550309,0.022415709522045198,0.26711927426375837,0.03878406708595388
0.5253924744580115,0.00016300290967810732,0.00030875632950475484,0.2627777386838448,0.0010482180293501049
0.5253488661848991,0.004855049281720823,0.0,0.26510195773330997,0.0
0.5253488661848991,0.042984019621284834,0.0,0.28416644290309195,0.0
0.0,0.0,0.0,0.0,0.0
0.0,0.0,0.0,0.0,0.0
0.0,0.0,0.0,0.0,0.0
0.0,0.0,0.0,0.0,0.0
0.0,0.0,0.0,0.0,0.0
0.0,0.0,0.0,0.0,0.0
0.0,0.0,0.0,0.0,0.0
0.0,0.0,0.0,0.0,0.0
0.0,0.0,0.0,0.0,0.0
0.0,0.0,0.0,0.0,0.0
0.43786547886037047,0.0762701278125619,0.0,0.25706780333646617,0.0
0.5295497964947256,0.14970065353503037,0.006669136717302705,0.33962522501487796,0.006114605171208944
0.5381063626547055,0.1946925033895465,0.03254291712980117,0.36639943302212596,0.03563941299790356
0.40977448293047597,0.3341681519735539,0.05872545387180437,0.37197131745201495,0.05101327742837177
0.5172699144447213,0.5295949301524915,0.091947634926516,0.5234324222986064,0.07547169811320754
0.6244279009884542,0.55587191322761,0.17037174262072374,0.5901499071080321,0.08770090845562545
0.6251463992025915,0.5737504379751078,0.19309620847227366,0.5994484185888497,0.1619496855345912
0.5668390231746823,0.5505080511250248,0.28127701617883166,0.5586735371498535,0.1484975541579315
0.44695261234321787,0.38858979632253254,0.1443127084105224,0.4177712043328752,0.16177498252969952
0.2745317302101503,0.25806102707067013,0.05977522539212053,0.2662963786404102,0.10779175401816911
0.07935563585015366,0.1411833706564295,0.016364085463752006,0.11026950325329157,0.02078965758211041
0.0009178503197940027,0.0845147235805798,0.0008027664567123626,0.04271628695018691,0.00017470300489168413
0.00018066284575130826,0.08504181710159499,0.0007410151908114116,0.04261123997367315,0.0
0.00018066284575130826,0.08436847797937329,0.0007410151908114116,0.0422745704125623,0.0
0.0,0.0,0.0,0.0,0.0
0.0,0.0,0.0,0.0,0.0
0.0,0.0,0.0,0.0,0.0
0.0,0.0,0.0,0.0,0.0
0.0,0.0,0.0,0.0,0.0
0.0,0.0,0.0,0.0,0.0
0.0,0.0,0.0,0.0,0.0
0.0,0.0,0.0,0.0,0.0
0.0,0.0,0.0,0.0,0.0
0.0,0.0,0.0,0.0,0.0
8.929313065869258e-05,0.05889432231921149,0.0006175126590095097,0.02949180772493509,0.0
0.01865499626214802,0.10381457276480356,0.009139187353340746,0.06123478451347579,0.008560447239692522
0.08117680039870422,0.16537940069771337,0.021242435469927132,0.12327810054820879,0.047344514325646396
0.163821745992192,0.2732659994211112,0.036371495615660124,0.2185438727066516,0.11722571628232005
0.1964666915856799,0.5260103895312523,0.05903421020130913,0.3612385405584661,0.19514325646401118
0.2777961209402774,0.4289870968724768,0.052179819686303586,0.3533916089063771,0.23672257162823201
0.2950743417227345,0.311094861599866,0.0545263677905397,0.30308460166130025,0.19986023759608665
0.2775272032560844,0.28986182837469343,0.038347536124490544,0.2836945158153889,0.06586303284416492
0.19922543400614667,0.2895739073473181,0.04026182536742003,0.24439967067673238,0.06865828092243187
0.11333790181908797,0.20634187956065383,0.022045201926639495,0.1598398906898709,0.0704053109713487
0.040641872248525626,0.10843806651128073,0.005125355069778931,0.07453996937990318,0.037037037037037035
0.0013830052329927734,0.08687750407507275,0.0003705075954057058,0.04413025465403276,0.01135569531795947
0.000174433092449539,0.08821961214447846,0.0003705075954057058,0.044197022618464,0.010482180293501049
0.000174433092449539,0.0890300565178313,0.0003705075954057058,0.04460224480514042,0.0069881201956673656
0.0,0.0,0.0,0.0,0.0
0.0,0.0,0.0,0.0,0.0
0.0,0.0,0.0,0.0,0.0
0.0,0.0,0.0,0.0,0.0
0.0,0.0,0.0,0.0,0.0
0.0,0.0,0.0,0.0,0.0
0.0,0.0,0.0,0.0,0.0
0.0,0.0,0.0,0.0,0.0
0.0,0.0,0.0,0.0,0.0
0.0,0.0,0.0,0.0,0.0
0.0011483511919594652,0.07680940846701094,0.00030875632950475484,0.038978879829485204,0.008735150244584208
0.034044563501951994,0.159040567920418,0.004013832283561813,0.096542565711185,0.020265548567435364
0.13116537918431767,0.3265298660938714,0.018031369643077683,0.22884762263909453,0.053109713487071976
0.2167185812775148,0.4223024541839952,0.026861800666913672,0.319510517730755,0.0506638714185884
0.28192956225600135,0.49442286306232197,0.024391750030875632,0.3881762126591617,0.04315164220824599
0.3495452280089708,0.4976417896805448,0.0413115968877362,0.42359350884475777,0.11530398322851153
0.21553388985796162,0.33813963408131864,0.04081758676052859,0.27683676196964013,0.21767994409503844
0.17465217210731784,0.28558566793108175,0.02599728294430036,0.2301189200191998,0.2016072676450035
0.17785738018107816,0.22615511174077968,0.02537977028529085,0.20200624596092892,0.1684136967155835
0.11304095024503698,0.22348917630211906,0.013276522168704459,0.168265063273578,0.10726764500349406
0.03860889608771493,0.11860518257849276,0.0022847968383351855,0.07860703933310384,0.03948287910552062
0.0028521887199933547,0.06713434791219171,0.0,0.03499326831609253,0.01135569531795947
0.0022053326688263146,0.0702253096293588,0.0,0.03621532114909256,0.010482180293501049
0.0015387490655370047,0.06776655545907408,0.0,0.03465265226230554,0.0069881201956673656
0.0,0.0,0.0,0.0,0.0
0.0,0.0,0.0,0.0,0.0
0.0,0.0,0.0,0.0,0.0
0.0,0.0,0.0,0.0,0.0
0.0,0.0,0.0,0.0,0.0
0.0,0.0,0.0,0.0,0.0
0.0,0.0,0.0,0.0,0.0
0.0,0.0,0.0,0.0,0.0
0.0,0.0,0.0,0.0,0.0
0.0,0.0,0.0,0.0,0.0
0.003496968186726472,0.08002833508523377,0.0,0.04176265163598012,0.008735150244584208
0.06473751972755212,0.14644516551650597,0.00889218228973694,0.10559134262202904,0.040880503144654086
0.21410623805963952,0.3107460049053212,0.03309867852290972,0.26242612148248035,0.09486373165618449
0.43130970180247524,0.4498133845192937,0.05335309373842164,0.4405615431608845,0.18658280922431866
0.5439924412326606,0.5572581996557134,0.07329875262442881,0.550625320444187,0.23619846261355695
0.5417839936871833,0.6115838703289003,0.09670248240088922,0.5766839320080418,0.263277428371768
0.604126173270205,0.5959020763828587,0.09608496974187972,0.6000141248265318,0.2620545073375262
0.36322680455187306,0.5224136617765793,0.06897616401136222,0.4428202331642262,0.24650593990216632
0.3881323199601296,0.46851149399021985,0.05217981968630357,0.4283219069751747,0.1322501747030049
0.2564924412326606,0.2804655484971741,0.024700506360380386,0.26847899486491733,0.07005590496156534
0.07446008804717998,0.166259921088311,0.012844263307397803,0.12036000456774548,0.027253668763102725
0.0035405764598388572,0.09060524351415992,0.0032110658268494504,0.04707290998699939,0.010831586303284417
0.002204294376609353,0.0894261383544323,0.0,0.04581521636552083,0.010482180293501049
0.0015003322535094277,0.08653169416388648,0.0,0.044016013208697954,0.0069881201956673656
0.0,0.0,0.0,0.0,0.0
0.0,0.0,0.0,0.0,0.0
0.0,0.0,0.0,0.0,0.0
0.0,0.0,0.0,0.0,0.0
0.0,0.0,0.0,0.0,0.0
0.0,0.0,0.0,0.0,0.0
0.0,0.0,0.0,0.0,0.0
0.0,0.0,0.0,0.0,0.0
0.0,0.0,0.0,0.0,0.0
0.0,0.0,0.0,0.0,0.0
0.001895921588171775,0.05982968481026157,0.0011115227862171174,0.030862803199216672,0.008735150244584208
0.016081069856300357,0.07613606934478925,0.03649499814746202,0.0461085696005448,0.01939203354297694
0.05974852562505191,0.11399692274880795,0.09540570581696925,0.08687272418692993,0.03581411600279525
0.13418888612010968,0.15745928735737247,0.15548968753859452,0.1458240867387411,0.07145352900069882
0.1933289725060221,0.22362475816157093,0.18729158947758429,0.2084768653337965,0.16177498252969952
0.23466857712434583,0.19465289520588638,0.19136717302704706,0.2146607361651161,0.1464011180992313
0.23048425948999088,0.17818503115335982,0.2250216129430653,0.20433464532167533,0.15461215932914046
0.15833021845668246,0.24287585881205917,0.17574410275410646,0.20060303863437082,0.14133473095737248
0.098353268543899,0.20541413402799996,0.14134864764727678,0.15188370128594947,0.17208245981830889
0.08013746988952572,0.14598662462105633,0.08824255897245893,0.11306204725529102,0.1111111111111111
0.04809369548965862,0.07767469494081623,0.03556872915894776,0.06288419521523743,0.03336827393431167
0.0023226596893429685,0.05213960361348506,0.0005557613931085587,0.027231131651414015,0.001222921034241789
0.00224271118863693,0.06337004707280289,0.0,0.03280637913071991,0.0
0.0015512085721405432,0.0850814252852551,0.0,0.04331631692869782,0.0
0.0,0.0,0.0,0.0,0.0
0.0,0.0,0.0,0.0,0.0
0.0,0.0,0.0,0.0,0.0
0.0,0.0,0.0,0.0,0.0
0.0,0.0,0.0,0.0,0.0
0.0,0.0,0.0,0.0,0.0
0.0,0.0,0.0,0.0,0.0
0.0,0.0,0.0,0.0,0.0
0.0,0.0,0.0,0.0,0.0
0.0,0.0,0.0,0.0,0.0
0.0032301270869673562,0.015730542479776975,0.0006175126590095097,0.009480334783372166,0.0
0.09443163884043528,0.10492664869064486,0.0222922069902433,0.09967914376554007,0.009958071278825996
0.3028532270122103,0.28766357418155786,0.1373965666296159,0.2952584005968841,0.06359189378057302
0.4710223025168204,0.4351781606568865,0.31499320736075087,0.4531002315868535,0.13731656184486374
0.5681753052579118,0.5463766128909404,0.3893417315054959,0.5572759590744261,0.2220475192173305
0.6258513996179085,0.580406136221684,0.4524515252562677,0.6031287679197963,0.2716631726065688
0.6236979815599302,0.5830857821854578,0.4557860936149191,0.603391881872694,0.2662473794549266
0.5725558601212725,0.5490196974544125,0.36686427071754973,0.5607877787878425,0.24633123689727462
0.46446860204335916,0.4688298828511798,0.15098184512782512,0.46664924244726946,0.20527603074772888
0.28990779965113384,0.31042913943604034,0.0449549215758923,0.3001684695435871,0.1289308176100629
0.09047470720159481,0.1452432094815898,0.02476225762628134,0.11785895834159231,0.0396575821104123
0.0020506271284990454,0.05190500129488292,0.00043225886130665684,0.026977814211690983,0.0008735150244584207
0.00013082481933715425,0.11443261276906906,0.0,0.05728171879420311,0.0
0.00014328432594069274,0.10729552275185472,0.0,0.05371940353889771,0.0
0.0,0.0,0.0,0.0,0.0
0.0,0.0,0.0,0.0,0.0
0.0,0.0,0.0,0.0,0.0
0.0,0.0,0.0,0.0,0.0
0.0,0.0,0.0,0.0,0.0
0.0,0.0,0.0,0.0,0.0
0.0,0.0,0.0,0.0,0.0
0.0,0.0,0.0,0.0,0.0
0.0,0.0,0.0,0.0,0.0
0.0,0.0,0.0,0.0,0.0
0.0008327103580031564,0.09240741587069451,0.0,0.04662006311434883,0.0
0.05338483262729464,0.14291851377907774,0.014696801284426332,0.09815167320318618,0.013277428371767994
0.14840622144696405,0.2130189052907393,0.035630480424848704,0.18071256336885166,0.05188679245283019
0.3339293130658692,0.33955791173468614,0.05464987032234161,0.33674361240027767,0.0959119496855346
0.5320396212309992,0.43239797084228326,0.08879832036556749,0.48221879603664125,0.21261355695317957
0.6402649721737687,0.4536431912008897,0.16135605779918488,0.5469540816873292,0.2921034241788959
0.630561093114046,0.5005118596042228,0.23903915030258124,0.5655364763591344,0.2933263452131377
0.5772468643575047,0.46030498301418277,0.19266394961096703,0.5187759236858438,0.27428371767994414
0.46422564166459007,0.491443108937739,0.12720760775595902,0.47783437530116457,0.23532494758909853
0.2962839521554946,0.3497646359855582,0.07447202667654687,0.32302429407052635,0.15111809923130676
0.0855044023589999,0.1845238639306552,0.05236507348400642,0.13501413314482755,0.03756114605171209
0.0030421961956973173,0.1206952759624027,0.0444609114486847,0.06186873607905001,0.0015723270440251573
0.00016820333914776975,0.11500693143214051,0.0444609114486847,0.05758756738564414,0.0
0.00015574383254423124,0.1181633989915147,0.029640607632456465,0.05915957141202947,0.0
0.0,0.0,0.0,0.0,0.0
0.0,0.0,0.0,0.0,0.0
0.0,0.0,0.0,0.0,0.0
0.0,0.0,0.0,0.0,0.0
0.0,0.0,0.0,0.0,0.0
0.0,0.0,0.0,0.0,0.0
0.0,0.0,0.0,0.0,0.0
0.0,0.0,0.0,0.0,0.0
0.0,0.0,0.0,0.0,0.0
0.0,0.0,0.0,0.0,0.0
0.00022115624221280832,0.09898389774995049,0.0,0.04960252699608165,0.0
0.030118780629620395,0.13072223999512517,0.010065456341855007,0.08042051031237278,0.012753319357092941
0.0929292300024919,0.19974864037292628,0.03433370384092874,0.14633893518770907,0.02742837176799441
0.1551374698895257,0.23634660207485947,0.03674200321106583,0.19574203598219259,0.07547169811320754
0.20877460752554203,0.24285605472022914,0.06681486970482896,0.2258153311228856,0.22431865828092243
0.2603891519229172,0.28076413326630406,0.06625910831172038,0.2705766425946106,0.17470300489168417
0.29551042445385833,0.24559663635117224,0.06891441274546128,0.2705535304025153,0.17330538085255068
0.2515709361242628,0.256236003838947,0.043411139928368536,0.2539034699816049,0.15932914046121593
0.15827934213805137,0.26684642688481636,0.04199086081264666,0.21256288451143385,0.20440251572327045
0.13461043276019602,0.16456286275764362,0.028158577250833643,0.14958664775891983,0.15338923829489864
0.05512812525957305,0.09738890666179181,0.009262689885142646,0.07625851596068244,0.0396575821104123
0.0005243375695655786,0.06220312904650915,0.0,0.031363733308037364,0.002445842068483578
0.00013082481933715425,0.04760294319272428,0.0,0.02386688400603072,0.0
0.00016820333914776975,0.07419831512880277,0.0,0.03718325923397527,0.0
0.0,0.0,0.0,0.0,0.0
0.0,0.0,0.0,0.0,0.0
0.0,0.0,0.0,0.0,0.0
0.0,0.0,0.0,0.0,0.0
0.0,0.0,0.0,0.0,0.0
0.0,0.0,0.0,0.0,0.0
0.0,0.0,0.0,0.0,0.0
0.0,0.0,0.0,0.0,0.0
0.0,0.0,0.0,0.0,0.0
0.0,0.0,0.0,0.0,0.0
0.0013238225766259656,0.07546425361424676,0.00030875632950475484,0.038394038095436366,0.0
0.08469038126090207,0.15106713587130388,0.02365073484006422,0.11787875856610297,0.00978336827393431
0.2876941606445718,0.3105510107703792,0.10763245646535755,0.2991225857074755,0.06883298392732355
0.4594661101420385,0.47016589735386866,0.1390638508089416,0.46481600374795357,0.18273934311670162
0.5742607359415233,0.5767926511585394,0.14196616030628628,0.5755266935500314,0.2915793151642208
0.6278438823822576,0.6369026400377801,0.19377547239718415,0.6323732612100188,0.3417190775681342
0.6335461832378104,0.6395274439011014,0.23218475978757563,0.6365368135694559,0.353424178895877
0.5767194119112882,0.588632451289551,0.1784611584537483,0.5826759316004195,0.3314116002795248
0.46418514826812857,0.49476410279847055,0.1513523527232308,0.47947462553329956,0.21226415094339623
0.29269457596145854,0.3290876407233063,0.06891441274546128,0.3108911083423824,0.1785464709993012
0.09279321372206994,0.1787547796413936,0.02636779053970606,0.1357739966817318,0.04542278127183788
0.0029632859872082396,0.09740261718690492,0.0007410151908114116,0.05018295158705658,0.001397624039133473
0.0001422460337237312,0.08207120332708742,0.0007410151908114116,0.041106724680405576,0.0
0.0001422460337237312,0.06328169035540727,0.0007410151908114116,0.0317119681945655,0.0
0.0,0.0,0.0,0.0,0.0
0.0,0.0,0.0,0.0,0.0
0.0,0.0,0.0,0.0,0.0
0.0,0.0,0.0,0.0,0.0
0.0,0.0,0.0,0.0,0.0
0.0,0.0,0.0,0.0,0.0
0.0,0.0,0.0,0.0,0.0
0.0,0.0,0.0,0.0,0.0
0.0,0.0,0.0,0.0,0.0
0.0,0.0,0.0,0.0,0.0
0.00047346125093446293,0.08653626433892418,0.0006175126590095097,0.04350486279492932,0.0
0.04099281501785862,0.13422756424904408,0.01025071013955786,0.08761018963345135,0.008735150244584206
0.1597080322285904,0.24547324162515421,0.023465481042361368,0.2025906369268723,0.06586303284416492
0.3128935127502285,0.308588882287525,0.03371619118191923,0.31074119751887674,0.16754018169112508
0.42239284824320966,0.28913212376034003,0.06378905767568235,0.35576248600177485,0.26869322152341024
0.46915129994185567,0.3493289459652972,0.06051624058293195,0.4092401229535764,0.3279175401816911
0.41394634105822753,0.47942507198025686,0.05440286525873781,0.4466857065192422,0.3455625436757512
0.28176239720907054,0.4152186828755542,0.06508583425960233,0.3484905400423124,0.31848357791754023
0.13668390231746821,0.3680163916944686,0.05211806842040261,0.2523501470059684,0.26170510132774283
0.10268606196527952,0.2158661243392289,0.019698653822403357,0.15927609315225422,0.15863032844164918
0.0367223191294958,0.14677878829425833,0.005989872792392243,0.09175055371187707,0.04140461215932914
0.001391311570728466,0.1157442530048901,0.00043225886130665684,0.05856778228780928,0.0015723270440251573
0.0001297865271201927,0.1161799430251512,0.0003705075954057058,0.05815486477613569,0.0
0.00015574383254423124,0.11592401322303977,0.0003705075954057058,0.058039878527792,0.0
0.0,0.0,0.0,0.0,0.0
0.0,0.0,0.0,0.0,0.0
0.0,0.0,0.0,0.0,0.0
0.0,0.0,0.0,0.0,0.0
0.0,0.0,0.0,0.0,0.0
0.0,0.0,0.0,0.0,0.0
0.0,0.0,0.0,0.0,0.0
0.0,0.0,0.0,0.0,0.0
0.0,0.0,0.0,0.0,0.0
0.0,0.0,0.0,0.0,0.0
0.00017131821579865437,0.10056822509635452,0.00030875632950475484,0.05036977165607659,0.0
0.03916126754713847,0.13841232119190164,0.0020995430406323327,0.08878679436952006,0.00890985324947589
0.16012438740759197,0.1959416845665189,0.012473755711992097,0.17803303598705544,0.06289308176100629
0.2970740925326023,0.24712916838048232,0.02365073484006422,0.27210163045654234,0.15618448637316562
0.30630035717252263,0.37524945538747473,0.04927751018895887,0.3407749062799987,0.25960866526904264
0.3286111803305923,0.35150130249988576,0.08651352352723231,0.34005624141523905,0.31481481481481477
0.43603081651299946,0.45802751245372697,0.10824996912436706,0.4470291644833632,0.3228511530398323
0.3711583187972423,0.4672958274301906,0.08583425960232184,0.41922707311371643,0.2749825296995108
0.2541863942187889,0.3562649482808525,0.08515499567741137,0.3052256712498207,0.22169811320754718
0.14486149181825736,0.3101884435507214,0.08256144250957145,0.22752496768448938,0.08525506638714186
0.051885538666002165,0.1819432384260317,0.06113375324194146,0.11691438854601693,0.03703703703703704
0.0018170113796826977,0.11711073534116356,0.001976040508830431,0.05946387336042313,0.001397624039133473
0.0,0.11990463568087992,0.0011115227862171174,0.05995231784043996,0.0
0.0,0.11676797221333578,0.0011115227862171174,0.05838398610666789,0.0
0.0,0.0,0.0,0.0,0.0
0.0,0.0,0.0,0.0,0.0
0.0,0.0,0.0,0.0,0.0
0.0,0.0,0.0,0.0,0.0
0.0,0.0,0.0,0.0,0.0
0.0,0.0,0.0,0.0,0.0
0.0,0.0,0.0,0.0,0.0
0.0,0.0,0.0,0.0,0.0
0.0,0.0,0.0,0.0,0.0
0.0,0.0,0.0,0.0,0.0
9.24080073095772e-05,0.0671648157457764,0.00012350253180190194,0.03362861187654299,0.0
0.023528739928565495,0.08677696022424326,0.024515252562677538,0.05515285007640438,0.006638714185883997
0.05342844090040703,0.11431226482640952,0.10516240582931952,0.08387035286340827,0.037910552061495455
0.1010393305091785,0.16269366116722273,0.15301963690255652,0.13186649583820062,0.045422781271837874
0.11988744912368138,0.21890224395594352,0.09200938619241694,0.16939484653981246,0.06446540880503145
0.13389920259157734,0.25660161784196334,0.13745831789551685,0.19525041021677034,0.0695317959468903
0.16975454771991028,0.20838322441082824,0.1072001976040509,0.18906888606536926,0.06953179594689028
0.14300606362654708,0.1784440077388297,0.06644436210942324,0.1607250356826884,0.058001397624039136
0.09732535924910708,0.12861081912770592,0.05668766209707299,0.1129680891884065,0.03389238294898673
0.061923747819586344,0.05702816751214905,0.02432999876497468,0.0594759576658677,0.024458420684835776
0.014353351607276351,0.022092226132260865,0.008027664567123626,0.018222788869768608,0.010831586303284417
0.0,0.012039364440991423,0.0,0.006019682220495711,0.00034940600978336826
0.0,0.010157975717136634,0.0,0.005078987858568317,0.0
0.0,0.039760522828024315,0.0,0.019880261414012158,0.0
0.0,0.0,0.0,0.0,0.0
0.0,0.0,0.0,0.0,0.0
0.0,0.0,0.0,0.0,0.0
0.0,0.0,0.0,0.0,0.0
0.0,0.0,0.0,0.0,0.0
0.0,0.0,0.0,0.0,0.0
0.0,0.0,0.0,0.0,0.0
0.0,0.0,0.0,0.0,0.0
0.0,0.0,0.0,0.0,0.0
0.0,0.0,0.0,0.0,0.0
0.00011628872829969267,0.09246530475450543,0.0,0.04629079674140256,0.0
0.017823324196361824,0.1383254878661853,0.01531431394343584,0.07807440603127355,0.008211041229909155
0.05078806379267381,0.16073457946772696,0.08540200074101519,0.10576132163020038,0.037211740041928724
0.0921681618074591,0.26145209694864646,0.15956527108805732,0.1768101293780528,0.10097833682739342
0.12655120857214053,0.3186402205871151,0.2307644806718538,0.22259571457962782,0.1860587002096436
0.28609103746158315,0.3213868957847752,0.22162529331851302,0.3037389666231792,0.13155136268343814
0.267820209319711,0.3062367655347867,0.23027047054464617,0.28702848742724885,0.21593291404612158
0.1866527535509594,0.29333820818670686,0.17574410275410646,0.23999548086883313,0.1364430468204053
0.15418639421878894,0.2548938957695413,0.1668519204643695,0.20454014499416512,0.11303284416491963
0.11291635517900155,0.15767865575918227,0.08009139187353341,0.13529750546909192,0.07302585604472397
0.029683736190713513,0.10808463964169827,0.03136964307768309,0.06888418791620589,0.029350104821802937
0.0008306337735692334,0.07172737382508416,0.00043225886130665684,0.0362790037993267,0.001222921034241789
0.00016820333914776975,0.04648020352512835,0.0,0.02332420343213806,0.0
0.00016820333914776975,0.03371570464482123,0.0,0.0169419539919845,0.0
0.0,0.0,0.0,0.0,0.0
0.0,0.0,0.0,0.0,0.0
0.0,0.0,0.0,0.0,0.0
0.0,0.0,0.0,0.0,0.0
0.0,0.0,0.0,0.0,0.0
0.0,0.0,0.0,0.0,0.0
0.0,0.0,0.0,0.0,0.0
0.0,0.0,0.0,0.0,0.0
0.0,0.0,0.0,0.0,0.0
0.0,0.0,0.0,0.0,0.0
0.00030214303513580865,0.05116767972213336,0.0,0.025734911378634585,0.0
0.04191378021430351,0.08988924942491965,0.0012350253180190194,0.06590151481961158,0.008385744234800839
0.1219598803887366,0.11372423563822494,0.013585278498209214,0.11784205801348077,0.04542278127183788
0.18199289808123595,0.1678808098350167,0.05569964184265778,0.1749368539581263,0.136617749825297
0.14816326106819505,0.21578233779687092,0.0482277386686427,0.18197279943253297,0.12299091544374564
0.18980189384500376,0.2560760477126274,0.05600839817216253,0.22293897077881558,0.1610761705101328
0.29142162970346375,0.2718035434090459,0.07533654439916018,0.2816125865562548,0.22099930118798042
0.4872227759780713,0.21776731715491368,0.05619365196986538,0.3524950465664925,0.26257861635220126
0.3672346125093446,0.20730161631857166,0.052056317154501666,0.2872681144139581,0.10779175401816911
0.2056109311404602,0.13397468123029113,0.021859948128936647,0.16979280618537568,0.05555555555555555
0.07494185563585015,0.09236019072863823,0.0041990860812646654,0.08365102318224418,0.030747728860936407
0.005944222942104826,0.09585180445744407,0.0003705075954057058,0.050898013699774446,0.00034940600978336826
0.00014328432594069274,0.07823225629541611,0.0003705075954057058,0.0391877703106784,0.0
0.00013082481933715425,0.06973782429200372,0.0003705075954057058,0.034934324555670436,0.0
0.0,0.0,0.0,0.0,0.0
0.0,0.0,0.0,0.0,0.0
0.0,0.0,0.0,0.0,0.0
0.0,0.0,0.0,0.0,0.0
0.0,0.0,0.0,0.0,0.0
0.0,0.0,0.0,0.0,0.0
0.0,0.0,0.0,0.0,0.0
0.0,0.0,0.0,0.0,0.0
0.0,0.0,0.0,0.0,0.0
0.0,0.0,0.0,0.0,0.0
0.0012802143035135808,0.05314656551345916,0.00043225886130665684,0.02721338990848637,0.0
0.08179146939114543,0.09470773730633883,0.005557613931085587,0.08824960334874213,0.009433962264150943
0.26298695904975494,0.2270188748229057,0.030875632950475483,0.2450029169363303,0.09748427672955975
0.3592688346208157,0.4807153847325686,0.04717796714832654,0.41999210967669215,0.18885394828791058
0.5623837112717002,0.6132276099507944,0.10102507101395579,0.5878056606112473,0.3280922431865828
0.6318973751972755,0.5353411635665646,0.1947017413856984,0.58361926938192,0.14675052410901468
0.6472319129495806,0.6575613545998812,0.21606767938742744,0.6523966337747309,0.057651991614255764
0.609937494808539,0.5911033925932696,0.24465851549956774,0.6005204437009043,0.2664220824598183
0.43175824404020263,0.5512194750392274,0.1212794862294677,0.491488859539715,0.1956673654786862
0.22443932220284082,0.367551757232302,0.06175126590095097,0.2959955397175714,0.14832285115303984
0.0369517817094443,0.1790792620690706,0.02352723230826232,0.10801552188925745,0.09783368273934313
0.001265678212476119,0.11954511524458054,0.0005557613931085587,0.06040539672852833,0.05957372466806429
0.00016820333914776975,0.11905001294882926,0.0,0.059609108143988516,0.057651991614255764
0.00015574383254423124,0.1207135566625535,0.0,0.06043465024754886,0.03843466107617051
0.0,0.0,0.0,0.0,0.0
0.0,0.0,0.0,0.0,0.0
0.0,0.0,0.0,0.0,0.0
0.0,0.0,0.0,0.0,0.0
0.0,0.0,0.0,0.0,0.0
0.0,0.0,0.0,0.0,0.0
0.0,0.0,0.0,0.0,0.0
0.0,0.0,0.0,0.0,0.0
0.0,0.0,0.0,0.0,0.0
0.0,0.0,0.0,0.0,0.0
0.0,0.09789162591593925,0.0,0.048945812957969626,0.04804332634521314
0.017526372622310823,0.14410828268056,0.007348400642213166,0.08081732765143541,0.06376659678546472
0.07120296536257165,0.209771034230611,0.03495121649993825,0.14048699979659132,0.10779175401816912
0.1481020018273943,0.31349268010298126,0.07521304186735828,0.23079734096518778,0.16614255765199162
0.19515740510009139,0.3101686394588913,0.15332839323206124,0.25266302227949133,0.2896575821104123
0.15350112135559435,0.43414530109836535,0.2006298629121897,0.29382321122697985,0.26292802236198465
0.13548986626796247,0.36132413204759073,0.193960726194887,0.2484069991577766,0.2971698113207547
0.17093923913946343,0.25830324634766844,0.15647770779300976,0.21462124274356592,0.33176100628930816
0.19452923830882965,0.20348094998705116,0.11726565394590589,0.1990050941479404,0.2858141160027952
0.11017318714178921,0.1662842953551788,0.038409287390391504,0.138228741248484,0.13679245283018868
0.029518647728216628,0.1358606401291836,0.01148573545757688,0.08268964392870012,0.08542976939203355
0.0004994185563585015,0.12115229346617308,0.0,0.06082585601126579,0.0583508036338225
0.0001868925990530775,0.12128635193394574,0.0,0.06073662226649941,0.057651991614255764
0.000174433092449539,0.12220648050820346,0.0,0.0611904568003265,0.03843466107617051
0.0,0.0,0.0,0.0,0.0
0.0,0.0,0.0,0.0,0.0
0.0,0.0,0.0,0.0,0.0
0.0,0.0,0.0,0.0,0.0
0.0,0.0,0.0,0.0,0.0
0.0,0.0,0.0,0.0,0.0
0.0,0.0,0.0,0.0,0.0
0.0,0.0,0.0,0.0,0.0
0.0,0.0,0.0,0.0,0.0
0.0,0.0,0.0,0.0,0.0
0.00023361574881634688,0.1024755114787563,0.0,0.051354563613786326,0.04804332634521314
0.05917538832128914,0.1871913227609951,0.026923551932814625,0.12318335554114211,0.06970649895178196
0.29246615167372697,0.37684596986731256,0.1562924539953069,0.3346560607705198,0.11670160726764502
0.49300814021098094,0.5511509224136617,0.2823885389650488,0.5220795313123213,0.1960167714884696
0.6190194368303015,0.67099919260241,0.25157465728047423,0.6450093147163558,0.2702655485674354
0.6751225184816015,0.7285818746858005,0.16654316413486478,0.701852196583701,0.3357791754018169
0.6813803056732286,0.7015233916792347,0.1373965666296159,0.6914518486762317,0.3527253668763103
0.6239305590165297,0.6560684307542312,0.08861306656786465,0.6399994948853804,0.32983927323549966
0.5030608854556027,0.5355970933686761,0.10713844633814992,0.5193289894121393,0.27498252969951087
0.3244029819752471,0.3725530521152294,0.09985179696183771,0.34847801704523823,0.19217330538085256
0.10106217293795165,0.19308227838459546,0.03569223169074966,0.14707222566127356,0.09818308874912647
0.00426322784284409,0.10423959904331002,0.0006792639249104607,0.05425141344307706,0.05992313067784766
8.72165462247695e-05,0.10223176881007875,0.0,0.051159492678151765,0.057651991614255764
8.72165462247695e-05,0.10404460490836799,0.0,0.05206591072729638,0.03843466107617051
0.0,0.0,0.0,0.0,0.0
0.0,0.0,0.0,0.0,0.0
0.0,0.0,0.0,0.0,0.0
0.0,0.0,0.0,0.0,0.0
0.0,0.0,0.0,0.0,0.0
0.0,0.0,0.0,0.0,0.0
0.0,0.0,0.0,0.0,0.0
0.0,0.0,0.0,0.0,0.0
0.0,0.0,0.0,0.0,0.0
0.0,0.0,0.0,0.0,0.0
0.000783910623805964,0.04910348399677041,0.0003705075954057058,0.02494369731028819,0.04804332634521314
0.08476202342387243,0.09138369666224884,0.039088551315301964,0.08807286004306064,0.06795946890286512
0.2716629288146856,0.2818975366756547,0.1753118438927998,0.27678023274517016,0.11722571628232006
0.48282041697815437,0.42354706518592994,0.34105224157095215,0.4531837410820422,0.21820405310971347
0.6052527203256085,0.5319836083055314,0.4377547239718414,0.5686181643155699,0.3188329839273235
0.6718321704460504,0.586924729217129,0.48221563542052615,0.6293784498315897,0.3803284416491963
0.6849001162887284,0.5897231997318831,0.4862294677040879,0.6373116580103058,0.3911600279524808
0.63947171692001,0.548684551284981,0.42941830307521295,0.5940781341024954,0.3691474493361286
0.5373442561674557,0.4498514693112746,0.22922069902432998,0.4935978627393652,0.31761006289308175
0.36549547304593405,0.3046432978383072,0.09089786340619982,0.3350693854421206,0.2248427672955975
0.12848450868012293,0.12739362917599742,0.02223045572434235,0.12793906892806017,0.10394828791055205
0.00446569482515159,0.029762503237207315,0.0011732740521180683,0.017114099031179452,0.06079664570230608
1.24595066035385e-05,0.029051079323004735,0.0007410151908114116,0.014531769414804137,0.057651991614255764
1.24595066035385e-05,0.009935560531968375,0.0007410151908114116,0.004974010019285957,0.03843466107617051
0.0,0.0,0.0,0.0,0.0
0.0,0.0,0.0,0.0,0.0
0.0,0.0,0.0,0.0,0.0
0.0,0.0,0.0,0.0,0.0
0.0,0.0,0.0,0.0,0.0
0.0,0.0,0.0,0.0,0.0
0.0,0.0,0.0,0.0,0.0
0.0,0.0,0.0,0.0,0.0
0.0,0.0,0.0,0.0,0.0
0.0,0.0,0.0,0.0,0.0
8.202508513996179e-05,0.0036256721965784626,0.0006175126590095097,0.0018538486408592122,0.04804332634521314
0.037525957305424046,0.024732263912374507,0.011670989255279733,0.031129110608899276,0.0672606568832984
0.16085223025168202,0.12336730496778026,0.050512535506977894,0.14210976760973115,0.11495457721872815
0.31107027161724393,0.30273448806422615,0.11362232925774977,0.30690237984073504,0.20999301187980435
0.37175637511421217,0.4070624438249318,0.13171545016672842,0.389409409469572,0.30345911949685533
0.42283204585098433,0.46241031031488505,0.16543164134864766,0.44262117808293466,0.3663522012578616
0.377995473045934,0.4653595966058834,0.1667284179325676,0.4216775348259087,0.3747379454926625
0.4633462081568238,0.39279435735722007,0.21822897369396071,0.42807028275702197,0.34958071278826
0.42229005731373037,0.39103483996770416,0.152402124243547,0.40666244864071727,0.3018867924528302
0.35621937037959966,0.24050698475084928,0.10121032481165865,0.29836317756522446,0.22396925227113906
0.13158588753218706,0.11165699312950352,0.031122638014079284,0.12162144033084529,0.10377358490566038
0.0026310324777805466,0.02430419085050957,0.0014820303816228233,0.013467611664145058,0.06079664570230608
0.0001422460337237312,0.021385372393095986,0.0,0.010763809213409858,0.05870020964360587
0.00016820333914776975,0.023853266913456118,0.0,0.012010735126301944,0.05870020964360587
0.0,0.0,0.0,0.0,0.0
0.0,0.0,0.0,0.0,0.0
0.0,0.0,0.0,0.0,0.0
0.0,0.0,0.0,0.0,0.0
0.0,0.0,0.0,0.0,0.0
0.0,0.0,0.0,0.0,0.0
0.0,0.0,0.0,0.0,0.0
0.0,0.0,0.0,0.0,0.0
0.0,0.0,0.0,0.0,0.0
0.0,0.0,0.0,0.0,0.0
0.00022427111886369298,0.059499108815867646,0.00012350253180190194,0.02986168996736567,0.04891684136967157
0.03402898911869756,0.16741160519781242,0.025071013955786096,0.10072029715825499,0.0639412997903564
0.13310698563003573,0.3773654464299316,0.11139928368531556,0.25523621602998364,0.09853249475890985
0.25434421463576706,0.5345002513596271,0.2560824996912437,0.3944222329976971,0.20020964360587
0.35975267879391976,0.647127644988803,0.31085587254538716,0.5034401618913614,0.29594689028651294
0.4592729877896835,0.7030224090916016,0.3559960479189824,0.5811476984406425,0.3632075471698113
0.2998452944596728,0.7152933290678365,0.4084846239347907,0.5075693117637546,0.3722921034241789
0.25152213639006554,0.6442073031397102,0.4162652834383105,0.44786471976488784,0.3530747728860936
0.20671878893595813,0.4658272778514084,0.2608990984315179,0.33627303339368325,0.3046820405310971
0.12225267879391977,0.2819599957345033,0.14678275904656046,0.20210633726421154,0.21785464709993013
0.05429645319378687,0.16991301433511571,0.04680745955292084,0.11210473376445129,0.1015024458420685
0.002919677714095855,0.1157442530048901,0.001358527849820921,0.05933196535949298,0.059748427672955975
0.0001619735858460005,0.11126548146794023,0.0,0.05571372752689312,0.05870020964360587
0.000174433092449539,0.1067440549639718,0.0,0.053459244028210666,0.03948287910552061
0.0,0.0,0.0,0.0,0.0
0.0,0.0,0.0,0.0,0.0
0.0,0.0,0.0,0.0,0.0
0.0,0.0,0.0,0.0,0.0
0.0,0.0,0.0,0.0,0.0
0.0,0.0,0.0,0.0,0.0
0.0,0.0,0.0,0.0,0.0
0.0,0.0,0.0,0.0,0.0
0.0,0.0,0.0,0.0,0.0
0.0,0.0,0.0,0.0,0.0
0.0002886452363153086,0.035889584571089074,0.0,0.018089114903702193,0.04891684136967157
0.022678378602873993,0.053530460216626295,0.017352105718167223,0.038104419409750144,0.06795946890286512
0.08155058559681036,0.11761193120363177,0.0769420773125849,0.09958125840022106,0.09818308874912647
0.14926904227925908,0.1648995323187545,0.09880202544152156,0.1570842872990068,0.19619147449336127
0.3162461583187972,0.18356869734777512,0.1090527355810794,0.24990742783328618,0.2966457023060797
0.27513809286485585,0.222527916152522,0.11578362356428307,0.24883300450868892,0.28633822501747025
0.278186518813855,0.25459226421705283,0.1022600963319748,0.26638939151545393,0.21278825995807127
0.2229348367804635,0.22950352665173746,0.07675682351488206,0.22621918171610048,0.16037735849056603
0.18313813439654456,0.15556875828344224,0.04600469309620847,0.16935344633999339,0.23270440251572327
0.09550211811612261,0.08240482610483983,0.026059034210201313,0.08895347211048121,0.12526205450733752
0.02383399784035219,0.02435903295096202,0.013400024700506363,0.024096515395657103,0.07058001397624039
1.3497798820500041e-05,0.0010023917249363983,0.0,0.0005079447618784492,0.0583508036338225
0.0003862447047096935,6.0935667169385925e-05,0.0,0.00022359018593953972,0.057651991614255764
0.000348866184899078,0.0012979297107079202,0.0,0.0008233979478034991,0.03843466107617051
0.0,0.0,0.0,0.0,0.0
0.0,0.0,0.0,0.0,0.0
0.0,0.0,0.0,0.0,0.0
0.0,0.0,0.0,0.0,0.0
0.0,0.0,0.0,0.0,0.0
0.0,0.0,0.0,0.0,0.0
0.0,0.0,0.0,0.0,0.0
0.0,0.0,0.0,0.0,0.0
0.0,0.0,0.0,0.0,0.0
0.0,0.0,0.0,0.0,0.0
0.0002595730542403854,0.0667032280669683,0.0,0.03348140056060434,0.0
0.007594069274856716,0.09620827811038496,0.003272817092750401,0.05190117369262084,0.009608665269042627
0.05770620483428856,0.14098532973812897,0.033839693713721135,0.09934576728620877,0.03179594689028651
0.10444804385746324,0.2256554392699907,0.08046189946893913,0.16505174156372698,0.1530398322851153
0.12625321870587256,0.26287951495208933,0.13776707422502163,0.19456636682898093,0.2501747030048917
0.18328661018357006,0.29345855612936644,0.1929109546745708,0.23837258315646825,0.3027603074772886
0.21944306005482186,0.3949118717913563,0.15709522045201926,0.3071774659230891,0.3446890286512928
0.17493251100589752,0.33445607300092933,0.19877732493516118,0.2546942920034134,0.3411949685534591
0.12450473461250934,0.24888106881160213,0.17111275781153512,0.18669290171205574,0.2921034241788959
0.07807542154664009,0.24551589659217282,0.11127578115351364,0.16179565906940646,0.20003494060097834
0.029063875737187474,0.16524381883826147,0.027108805730517473,0.09715384728772447,0.06097134870719776
0.0011047429188470804,0.11144676507776916,0.0016055329134247252,0.056275753998308115,0.010656883298392731
0.00042569980895423203,0.10823393202626326,0.0,0.05432981591760875,0.007337526205450734
0.0004526954065952322,0.11153969197020246,0.0,0.055996193688398845,0.004891684136967156
0.0,0.0,0.0,0.0,0.0
0.0,0.0,0.0,0.0,0.0
0.0,0.0,0.0,0.0,0.0
0.0,0.0,0.0,0.0,0.0
0.0,0.0,0.0,0.0,0.0
0.0,0.0,0.0,0.0,0.0
0.0,0.0,0.0,0.0,0.0
0.0,0.0,0.0,0.0,0.0
0.0,0.0,0.0,0.0,0.0
0.0,0.0,0.0,0.0,0.0
0.000362363983719578,0.09757019027162074,0.0,0.04896627712767016,0.04804332634521314
0.02805569399451782,0.1487637676523011,0.006113375324194146,0.08840973082340946,0.0660377358490566
0.09077165877564583,0.29934798836128756,0.070519945658886,0.19505982356846668,0.1125087351502446
0.28705041947005566,0.46670170467528904,0.12239100901568481,0.3768760620726723,0.1960167714884696
0.29248276434919845,0.4582880124308762,0.1695689761640114,0.3753853883900373,0.27969951083158634
0.26421006728133567,0.5951403805432415,0.14449796220822528,0.4296752239122886,0.34276729559748426
0.35161454439737516,0.7745669759151775,0.07132271211559837,0.5630907601562763,0.37264150943396224
0.41640190215134143,0.47738829730512017,0.10442139063850808,0.4468950997282308,0.36443046820405306
0.3923114461333998,0.4897582377405055,0.12856613560577995,0.44103484193695264,0.30241090146750527
0.34669823075006234,0.3425117682007221,0.0935531678399407,0.34460499947539225,0.213487071977638
0.12175222194534431,0.24777203966911931,0.01722860318636532,0.1847621308072318,0.06970649895178196
0.005486336074424786,0.1159163962646436,0.0009262689885142645,0.06070136616953419,0.01607267645003494
0.00023050087216546224,0.10878844659750468,0.0003705075954057058,0.05450947373483507,0.012578616352201259
0.0003862447047096935,0.1130889813079841,0.0003705075954057058,0.056737613006346894,0.012578616352201259
0.0,0.0,0.0,0.0,0.0
0.0,0.0,0.0,0.0,0.0
0.0,0.0,0.0,0.0,0.0
0.0,0.0,0.0,0.0,0.0
0.0,0.0,0.0,0.0,0.0
0.0,0.0,0.0,0.0,0.0
0.0,0.0,0.0,0.0,0.0
0.0,0.0,0.0,0.0,0.0
0.0,0.0,0.0,0.0,0.0
0.0,0.0,0.0,0.0,0.0
0.0009313481186145027,0.03796444403820666,0.0005557613931085587,0.019447896078410583,0.010482180293501049
0.0735370462663012,0.054950261261672996,0.03742126713597629,0.0642436537639871,0.022187281621243882
0.29538686768003986,0.11678625291348659,0.17358280844757318,0.20608656029676323,0.07320055904961566
0.4914288977489824,0.19761436863031853,0.34339878967518833,0.34452163318965046,0.18308874912648496
0.6141477697483181,0.3871395274439011,0.44905520563171547,0.5006436485961097,0.2973445143256464
0.6759687266384251,0.6061575491674664,0.49950598987279243,0.6410631379029458,0.36844863731656186
0.6842906387573718,0.6261398778239873,0.5127207607755959,0.6552152582906796,0.38277428371767996
0.6423384417310409,0.5884359337629298,0.4618377176732123,0.6153871877469854,0.36146051712089444
0.5370857214054324,0.5262983105586277,0.2852908484623935,0.5316920159820301,0.3048567435359888
0.3655909959298945,0.3669119327270235,0.15635420526120788,0.366251464328459,0.21558350803633822
0.13346311986045356,0.18173910394101425,0.042114363344448555,0.1576011119007339,0.0716282320055905
0.007151756790431099,0.039640174885364775,0.0033345683586513525,0.023395965837897936,0.01642208245981831
0.000323947171692001,0.038535715917919655,0.0011115227862171174,0.019429831544805827,0.012578616352201259
0.0003478278926821165,0.04072635315265908,0.0011115227862171174,0.0205370905226706,0.008385744234800839
0.0,0.0,0.0,0.0,0.0
0.0,0.0,0.0,0.0,0.0
0.0,0.0,0.0,0.0,0.0
0.0,0.0,0.0,0.0,0.0
0.0,0.0,0.0,0.0,0.0
0.0,0.0,0.0,0.0,0.0
0.0,0.0,0.0,0.0,0.0
0.0,0.0,0.0,0.0,0.0
0.0,0.0,0.0,0.0,0.0
0.0,0.0,0.0,0.0,0.0
0.0002201179499958468,0.022690919062200082,0.00012350253180190194,0.011455518506097965,0.0
0.02967646814519479,0.04775375896896852,0.02272446585154996,0.038715113557081654,0.004018169112508735
0.14741776725641667,0.10221958167664488,0.15548968753859452,0.12481867446653078,0.04419986023759608
0.2643855386660021,0.127585576527581,0.13770532295912066,0.19598555759679157,0.11076170510132775
0.4370483428856217,0.18082354554179425,0.17253303692725702,0.30893594421370796,0.2730607966457023
0.45730542403854124,0.21605045473241624,0.13548227738668644,0.33667793938547874,0.3389238294898672
0.5828422211147105,0.3169812470484286,0.20699024329998766,0.4499117340815696,0.28232005590496156
0.5409107899327187,0.20686592629831058,0.07657156971717921,0.37388835811551463,0.1792452830188679
0.4542175429852977,0.31899364745669767,0.07434852414474497,0.3866055952209977,0.11198462613556953
0.2611263393969599,0.22933747695870085,0.06848215388415463,0.24523190817783036,0.08403214535290007
0.09618219951823241,0.11383239644745059,0.03556872915894775,0.1050072979828415,0.0593990216631726
0.005326439073012709,0.019165790716451105,0.0019760405088304314,0.012246114894731907,0.003668763102725367
0.0,0.016464817269168076,0.0,0.008232408634584038,0.0
0.0,0.039973797663117164,0.0,0.019986898831558582,0.0
0.0,0.0,0.0,0.0,0.0
0.0,0.0,0.0,0.0,0.0
0.0,0.0,0.0,0.0,0.0
0.0,0.0,0.0,0.0,0.0
0.0,0.0,0.0,0.0,0.0
0.0,0.0,0.0,0.0,0.0
0.0,0.0,0.0,0.0,0.0
0.0,0.0,0.0,0.0,0.0
0.0,0.0,0.0,0.0,0.0
0.0,0.0,0.0,0.0,0.0
5.191461084807708e-06,0.0695260728485901,0.0002470050636038039,0.03476563215483745,0.04804332634521314
0.07911786693246947,0.14752677360876257,0.035198221563542055,0.11332232027061602,0.06673654786862333
0.31537191627211564,0.34450588790884024,0.16141780906508585,0.32993890209047794,0.11774982529699511
0.5146482265968934,0.516528799719696,0.31808077065579843,0.5155885131582947,0.22886093640810623
0.6434037295456433,0.6376034002102281,0.419291095467457,0.6405035648779357,0.336827393431167
0.7112800066450701,0.7125999725789499,0.46128195628010377,0.71193998961201,0.4060097833682739
0.7110495057729047,0.7113188001767133,0.48011609237989383,0.7111841529748091,0.41754018169112506
0.658798488246532,0.6752982039212102,0.4394837594170681,0.6670483460838711,0.40443745632424877
0.5496802059971759,0.5640129183614399,0.28646412251451153,0.556846562179308,0.35359888190076866
0.37455249605448954,0.4077342595554744,0.16289983944670866,0.391143377804982,0.26030747728860937
0.13460420300689427,0.20691772161540453,0.04878350006175127,0.1707609623111494,0.1179245283018868
0.007675056067779716,0.08739393385433329,0.004013832283561812,0.0475344949610565,0.06201956673654787
0.00024919013207077,0.07681854881708637,0.0007410151908114116,0.03853386947457857,0.057651991614255764
0.0003011047429188471,0.0932559450360282,0.0007410151908114116,0.046778524889473524,0.03843466107617051
0.0,0.0,0.0,0.0,0.0
0.0,0.0,0.0,0.0,0.0
0.0,0.0,0.0,0.0,0.0
0.0,0.0,0.0,0.0,0.0
0.0,0.0,0.0,0.0,0.0
0.0,0.0,0.0,0.0,0.0
0.0,0.0,0.0,0.0,0.0
0.0,0.0,0.0,0.0,0.0
0.0,0.0,0.0,0.0,0.0
0.0,0.0,0.0,0.0,0.0
0.0007236896752221946,0.013264171351096081,0.0007410151908114116,0.006993930513159137,0.04804332634521314
0.06865914943101588,0.056059290404155804,0.028158577250833643,0.06235921991758584,0.06883298392732355
0.2939342968685107,0.2289002635467605,0.12850438433987896,0.2614172802076356,0.11967155835080362
0.47747944181410407,0.39842481300367133,0.23484006422131656,0.43795212740888767,0.2222222222222222
0.6054915275355096,0.5247612083542801,0.1778436457947388,0.5651263679448948,0.33560447239692526
0.6774607525541989,0.6033804061362217,0.3300605162405829,0.6404205793452102,0.2676450034940601
0.581262978652712,0.6242737230169247,0.4625169815981227,0.6027683508348184,0.18920335429769392
0.2548166375944846,0.612010419999086,0.42941830307521306,0.4334135287967853,0.22536687631027252
0.16909107899327186,0.5389180872294076,0.2928245029023095,0.35400458311133975,0.2957721872816212
0.10239637843674725,0.4022500495102296,0.16129430653328394,0.2523232139734884,0.17452830188679244
0.03973855801976908,0.1579132580777844,0.04804248487093985,0.09882590804877674,0.10045422781271839
0.001748484093363236,0.08647685206343403,0.002717055699641843,0.044112668078398636,0.06132075471698113
0.0003218705872580779,0.08993799795865515,0.0,0.04512993427295661,0.057651991614255764
0.0003478278926821165,0.09384092744085432,0.0,0.04709437766676822,0.03843466107617051
0.0,0.0,0.0,0.0,0.0
0.0,0.0,0.0,0.0,0.0
0.0,0.0,0.0,0.0,0.0
0.0,0.0,0.0,0.0,0.0
0.0,0.0,0.0,0.0,0.0
0.0,0.0,0.0,0.0,0.0
0.0,0.0,0.0,0.0,0.0
0.0,0.0,0.0,0.0,0.0
0.0,0.0,0.0,0.0,0.0
0.0,0.0,0.0,0.0,0.0
0.0001370545726389235,0.019404963210090945,0.0,0.009771008891364934,0.04804332634521314
0.02903999501619735,0.04400621543805128,0.004384339878967519,0.03652310522712431,0.06446540880503145
0.12056130077248942,0.10582849656475175,0.0351364702976411,0.11319489866862059,0.11670160726764502
0.2324538998255669,0.3217479396127538,0.09997529949363963,0.27710091971916034,0.21785464709993013
0.30039974250353013,0.41909571469920637,0.24089168827960972,0.3597477286013683,0.324074074074074
0.4678337071185314,0.5560044483037033,0.35858960108682225,0.5119190777111173,0.39570230607966456
0.6404985879225848,0.6588501439605137,0.2870816351735211,0.6496743659415493,0.4058350803633823
0.5111564498712519,0.6135551391618299,0.4065085834259602,0.5623557945165409,0.3778825995807128
0.5475122518481602,0.5412412595402403,0.2104483141904409,0.5443767556942003,0.3188329839273235
0.37675471384666503,0.3161159605746233,0.16135605779918485,0.3464353372106442,0.23078266946191472
0.14861284159813937,0.1418399524701796,0.03698900827466963,0.1452263970341595,0.11128581411600279
0.005021181161226016,0.07767774172417471,0.0016055329134247252,0.041349461442700366,0.06219426974143955
0.0002367306254672315,0.08428926161205307,0.0,0.04226299611876015,0.057651991614255764
0.0003146025417393471,0.07613911612814771,0.0,0.038226859334943526,0.03843466107617051
0.0,0.0,0.0,0.0,0.0
0.0,0.0,0.0,0.0,0.0
0.0,0.0,0.0,0.0,0.0
0.0,0.0,0.0,0.0,0.0
0.0,0.0,0.0,0.0,0.0
0.0,0.0,0.0,0.0,0.0
0.0,0.0,0.0,0.0,0.0
0.0,0.0,0.0,0.0,0.0
0.0,0.0,0.0,0.0,0.0
0.0,0.0,0.0,0.0,0.0
0.0003364066782955395,0.08294258336760965,0.0,0.0416394950229526,0.04804332634521314
0.047441647977406756,0.12998796520573402,0.013585278498209214,0.08871480659157038,0.07651991614255765
0.21517567904310989,0.21404414789086423,0.07150796591330122,0.21460991346698705,0.13399720475192173
0.41842449538998244,0.3063449263440123,0.13838458688403113,0.36238471086699736,0.2169811320754717
0.545490696901736,0.4307770820955776,0.21847597875756453,0.48813388949865677,0.32442348008385746
0.6334849239970097,0.49488902091616777,0.37322465110534764,0.5641869724565888,0.3977987421383648
0.5892246033723731,0.4413966454915223,0.22428059775225392,0.5153106244319478,0.40548567435359884
0.41357774732120606,0.4060082567829014,0.21001605532913423,0.4097930020520537,0.3876659678546471
0.3519769083810948,0.4458144813613028,0.12788687168086946,0.3988956948711988,0.3272187281621244
0.21406678295539502,0.284619837606447,0.03865629245399531,0.249343310280921,0.23165618448637318
0.059184732951241804,0.18954953308045033,0.00883043102383599,0.12436713301584607,0.1135569531795947
0.0052402608190049,0.10950291729506573,0.00030875632950475484,0.057371589057035315,0.062368972746331235
0.0003114876650884625,0.10850204896180857,0.0,0.05440676831344851,0.057651991614255764
0.000348866184899078,0.09235714394527977,0.0,0.04635300506508942,0.03843466107617051
0.0,0.0,0.0,0.0,0.0
0.0,0.0,0.0,0.0,0.0
0.0,0.0,0.0,0.0,0.0
0.0,0.0,0.0,0.0,0.0
0.0,0.0,0.0,0.0,0.0
0.0,0.0,0.0,0.0,0.0
0.0,0.0,0.0,0.0,0.0
0.0,0.0,0.0,0.0,0.0
0.0,0.0,0.0,0.0,0.0
0.0,0.0,0.0,0.0,0.0
0.00039247445801146276,0.09683134530719192,0.0,0.048611909882601695,0.04804332634521314
0.029468809701802472,0.18651646024709412,0.0019142892429294801,0.10799263497444829,0.07075471698113207
0.23625820250851398,0.35928888076413334,0.009324441151043597,0.29777354163632364,0.11932215234102028
0.47073677215715576,0.5106652651463218,0.03921205384710386,0.49070101865173876,0.17802236198462615
0.6039392806711521,0.6410462654052984,0.054155860195134,0.6224927730382253,0.26956673654786856
0.6814976326937453,0.6888609600414362,0.06181301716685191,0.6851792963675907,0.3446890286512928
0.6854846748068777,0.6803558642962692,0.06341855008027664,0.6829202695515735,0.3612858141160028
0.6338992025915774,0.6138689578477522,0.06243052982586143,0.6238840802196648,0.34643605870020966
0.38352334080903727,0.5377481224197553,0.07694207731258491,0.4606357316143963,0.3050314465408805
0.3297605698147687,0.41161586155416413,0.04254662220575521,0.3706882156844664,0.2225716282320056
0.13696008804718002,0.22663193333638013,0.03081388168457453,0.18179601069178009,0.08752620545073375
0.008911662098180912,0.11448593147784228,0.00253180190193899,0.061698796788011594,0.03162124388539483
0.0002824154830135393,0.10856450802065719,0.0,0.054423461751835364,0.02620545073375262
0.000373785198106155,0.11086330606462227,0.0,0.055618545631364216,0.017470300489168415
0.0,0.0,0.0,0.0,0.0
0.0,0.0,0.0,0.0,0.0
0.0,0.0,0.0,0.0,0.0
0.0,0.0,0.0,0.0,0.0
0.0,0.0,0.0,0.0,0.0
0.0,0.0,0.0,0.0,0.0
0.0,0.0,0.0,0.0,0.0
0.0,0.0,0.0,0.0,0.0
0.0,0.0,0.0,0.0,0.0
0.0,0.0,0.0,0.0,0.0
0.00026995597641000087,0.0955197050713709,0.0,0.04789483052389045,0.04804332634521314
0.03576812858210815,0.15703578447054523,0.015129060145732991,0.09640195652632669,0.06638714185883997
0.2768772323282665,0.32293313833919834,0.06088674817833766,0.29990518533373245,0.1179245283018868
0.4440848492399702,0.49490120804960164,0.10355687291589477,0.4694930286447859,0.2279874213836478
0.6013248608688427,0.6110202154075834,0.2195257502778807,0.606172538138213,0.3474842767295597
0.6704159398621148,0.6803985192632879,0.14826478942818327,0.6754072295627014,0.42155835080363385
0.6709402774316804,0.6726581661410966,0.09694948746449303,0.6717992217863885,0.4580712788259958
0.5962455353434671,0.3810474841186418,0.04384339878967519,0.4886465097310545,0.25611460517120893
0.34045705623390643,0.37923007784531476,0.03291342472520687,0.3598435670396106,0.3584905660377358
0.2581194451366393,0.3303368219002788,0.032481165863900215,0.29422813351845906,0.2709643605870021
0.13327830384583436,0.16918940328747925,0.006607385451401753,0.1512338535666568,0.11984626135569533
0.009902192873162222,0.10684916898983897,0.0,0.0583756809315006,0.06341719077568134
0.0003665171525874242,0.10621696144295659,0.0,0.053291739297772006,0.057651991614255764
0.0003042196195697317,0.11363587892082934,0.0,0.05697004927019954,0.03843466107617051
0.0,0.0,0.0,0.0,0.0
0.0,0.0,0.0,0.0,0.0
0.0,0.0,0.0,0.0,0.0
0.0,0.0,0.0,0.0,0.0
0.0,0.0,0.0,0.0,0.0
0.0,0.0,0.0,0.0,0.0
0.0,0.0,0.0,0.0,0.0
0.0,0.0,0.0,0.0,0.0
0.0,0.0,0.0,0.0,0.0
0.0,0.0,0.0,0.0,0.0
0.0005783287648475786,0.0938180765656658,0.0002470050636038039,0.04719820266525669,0.04804332634521314
0.04163447960794085,0.13728501134926802,0.03235766333209831,0.08945974547860444,0.06568832983927324
0.2475672813356591,0.34955136115046537,0.177596640731135,0.2985593212430622,0.120020964360587
0.4058154747072016,0.5270021175144342,0.34537483018401877,0.46640879611081787,0.23916841369671557
0.6080093861616412,0.6447938089362156,0.444609114486847,0.6264015975489284,0.36477987421383645
0.6936331921255917,0.7136084578706032,0.5090774360874398,0.7036208249980975,0.43431167016072675
0.7062878976659192,0.7237207318373626,0.5280968259849328,0.715004314751641,0.44339622641509435
0.6668919760777473,0.6886111238060416,0.4953069037915278,0.6777515499418945,0.42330538085255065
0.5599748733283495,0.5854546562466676,0.31974805483512414,0.5727147647875086,0.376659678546471
0.3926218955062713,0.4383590024831284,0.18346301099172532,0.4154904489946999,0.2901816911250874
0.16310532436248856,0.2529591883369133,0.04909225639125602,0.2080322563497009,0.13661774982529698
0.009927111886369298,0.10866505187148667,0.004569593676670371,0.059296081878927986,0.06411600279524808
0.00023361574881634688,0.10441326569474278,0.0003705075954057058,0.052323440721779566,0.057651991614255764
0.00031771741839023177,0.10394101427418002,0.0003705075954057058,0.05212936584628513,0.057651991614255764
0.0,0.0,0.0,0.0,0.0
0.0,0.0,0.0,0.0,0.0
0.0,0.0,0.0,0.0,0.0
0.0,0.0,0.0,0.0,0.0
0.0,0.0,0.0,0.0,0.0
0.0,0.0,0.0,0.0,0.0
0.0,0.0,0.0,0.0,0.0
0.0,0.0,0.0,0.0,0.0
0.0,0.0,0.0,0.0,0.0
0.0,0.0,0.0,0.0,0.0
0.0005970180247528865,0.02676142162911506,0.0002470050636038039,0.013679219826933972,0.04804332634521314
0.07809826397541324,0.07316545557028167,0.03359268865011733,0.07563185977284745,0.06551362683438156
0.30940485090123765,0.23934159011623476,0.178831666049154,0.2743732205087362,0.1189727463312369
0.5037440817343634,0.41431226482640954,0.3473508706928492,0.4590281732803865,0.2190775681341719
0.6359020682780961,0.5267751321542281,0.45022847968383356,0.5813386002161621,0.33158630328441646
0.696680579782374,0.6084761513032615,0.5028405582314437,0.6525783655428177,0.40076869322152336
0.6986066118448375,0.6159940892402845,0.5159318266024453,0.657300350542561,0.4128232005590496
0.637632901403771,0.5777980896668342,0.48048659997529947,0.6077154955353026,0.39552760307477286
0.539148808040535,0.5043462364608564,0.3088180807706558,0.5217475222506958,0.3450384346610762
0.3526528366143368,0.36426275459683444,0.1782141533901445,0.3584577956055856,0.26275331935709295
0.13678773153916435,0.1763584845299575,0.04754847474373225,0.15657310803456093,0.11565338923829489
0.01074320956890107,0.03675334765321512,0.004013832283561813,0.023748278611058094,0.0440251572327044
0.00024296037876900075,0.042703715552305656,0.0,0.02147333796553733,0.03773584905660377
0.0003727469058891935,0.024209740566397023,0.0,0.012291243736143109,0.03773584905660377
0.0,0.0,0.0,0.0,0.0
0.0,0.0,0.0,0.0,0.0
0.0,0.0,0.0,0.0,0.0
0.0,0.0,0.0,0.0,0.0
0.0,0.0,0.0,0.0,0.0
0.0,0.0,0.0,0.0,0.0
0.0,0.0,0.0,0.0,0.0
0.0,0.0,0.0,0.0,0.0
0.0,0.0,0.0,0.0,0.0
0.0,0.0,0.0,0.0,0.0
0.0002429603787690008,0.0003823713114878967,0.0002470050636038039,0.0003126658451284487,0.031446540880503145
0.07846789600465155,0.06827079810490075,0.03316042978881067,0.07336934705477616,0.04577218728162124
0.1537098180912036,0.22336425818442182,0.17240953439545512,0.1885370381378127,0.09626135569531796
0.25762314145693166,0.3748609905092698,0.3171545016672842,0.31624206598310073,0.20422781271837875
0.3716317800481767,0.4987904270066877,0.411757441027541,0.4352111035274322,0.32075471698113206
0.28803991195281997,0.569297564096705,0.4670248240088923,0.42866873802476246,0.39168413696715587
0.3086282083229504,0.6054187042030376,0.4838211683339509,0.457023456262994,0.40076869322152336
0.23799734197192454,0.5769830751184437,0.4500432258861307,0.40749020854518414,0.3778825995807128
0.16677776393388158,0.48244138750514143,0.29652957885636655,0.3246095757195115,0.3237246680642907
0.08540887947503943,0.3262343281080998,0.17315054958626652,0.20582160379156964,0.24248777078965758
0.04080799900323947,0.13050744176835305,0.04686921081882178,0.08565772038579626,0.10936408106219427
0.004825982224437245,0.03390308182136709,0.003334568358651353,0.019364532022902167,0.040880503144654086
0.00031771741839023177,0.018238045183797204,0.0,0.009277881301093718,0.03878406708595388
0.00031771741839023177,0.013485063144585103,0.0,0.006901390281487668,0.03878406708595388
0.0,0.0,0.0,0.0,0.0
0.0,0.0,0.0,0.0,0.0
0.0,0.0,0.0,0.0,0.0
0.0,0.0,0.0,0.0,0.0
0.0,0.0,0.0,0.0,0.0
0.0,0.0,0.0,0.0,0.0
0.0,0.0,0.0,0.0,0.0
0.0,0.0,0.0,0.0,0.0
0.0,0.0,0.0,0.0,0.0
0.0,0.0,0.0,0.0,0.0
0.00022323282664673147,0.005420227594716878,0.0,0.0028217302106818046,0.032320055904961564
0.019223980397042945,0.04219033255640357,0.0006792639249104608,0.030707156476723257,0.04472396925227114
0.07911163717916771,0.17495696418506163,0.011856243052982584,0.12703430068211466,0.10394828791055205
0.12457014702217792,0.2316530323111375,0.027479313325923183,0.17811158966665772,0.18518518518518517
0.22371978569648632,0.30490989138217334,0.0381622823267877,0.2643148385393298,0.29210342417889584
0.258531647146773,0.32273662081257715,0.030505125355069777,0.2906341339796751,0.3527253668763103
0.21976181576542905,0.32469722590375205,0.03272817092750401,0.27222952083459057,0.3696715583508037
0.21712351524212983,0.34743689349968765,0.0322341608002964,0.2822802043709087,0.34835779175401815
0.13867846166625136,0.3052343738098503,0.025441521551191802,0.22195641773805083,0.29524807826694616
0.12325566907550461,0.3584342580320826,0.027170556996418425,0.24084496355379362,0.21069182389937108
0.06527224021928733,0.22852398580198957,0.022847968383351857,0.14689811301063846,0.09905660377358491
0.003990156989783205,0.12838231037582074,0.0035198221563542045,0.06618623368280196,0.043850454227812724
0.00026268793089127005,0.11729963590938866,0.001852537977028529,0.05878116192013996,0.03773584905660377
0.0003665171525874242,0.11875142817969929,0.001852537977028529,0.05955897266614336,0.025157232704402517
0.0,0.0,0.0,0.0,0.0
0.0,0.0,0.0,0.0,0.0
0.0,0.0,0.0,0.0,0.0
0.0,0.0,0.0,0.0,0.0
0.0,0.0,0.0,0.0,0.0
0.0,0.0,0.0,0.0,0.0
0.0,0.0,0.0,0.0,0.0
0.0,0.0,0.0,0.0,0.0
0.0,0.0,0.0,0.0,0.0
0.0,0.0,0.0,0.0,0.0
0.000373785198106155,0.09723047392715141,0.0015437816475237741,0.048802129562628783,0.0
0.025357172522634773,0.14311198452234053,0.037050759540570584,0.08423457852248765,0.013626834381551363
0.08318174266965696,0.22636686318419327,0.181363467951093,0.15477430292692512,0.06656184486373165
0.16225392474458014,0.35245646908276596,0.33963196245523036,0.25735519691367303,0.16160027952480782
0.2984010299858793,0.4916213457642094,0.2876991478325306,0.39501118787504436,0.3211041229909154
0.41228715009552297,0.38622244565300184,0.3308015314313943,0.39925479787426243,0.4051362683438155
0.629669200099676,0.3404369087336045,0.2053847103865629,0.48505305441664026,0.42016072676450034
0.5923114461333998,0.2983044650610118,0.12115598369766581,0.4453079555972058,0.39378057302585606
0.3367866932469474,0.32042258885181973,0.051994565888600706,0.3286046410493836,0.3382250174703005
0.20307438325442312,0.2546562466675807,0.01976040508830431,0.2288653149610019,0.25069881201956673
0.10056690755046101,0.2446003381929528,0.009941953810053106,0.1725836228717069,0.12718378756114604
0.013973336655868428,0.12074707127949667,0.00043225886130665684,0.06736020396768255,0.06446540880503145
0.00015262895589334663,0.11774446627972518,0.0003705075954057058,0.058948547617809266,0.057651991614255764
0.0002616496386743085,0.10192099690751488,0.0003705075954057058,0.0510913232730946,0.03843466107617051
0.0,0.0,0.0,0.0,0.0
0.0,0.0,0.0,0.0,0.0
0.0,0.0,0.0,0.0,0.0
0.0,0.0,0.0,0.0,0.0
0.0,0.0,0.0,0.0,0.0
0.0,0.0,0.0,0.0,0.0
0.0,0.0,0.0,0.0,0.0
0.0,0.0,0.0,0.0,0.0
0.0,0.0,0.0,0.0,0.0
0.0,0.0,0.0,0.0,0.0
0.0005669075504610017,0.09138064987889036,0.0002470050636038039,0.04597377871467568,0.04804332634521314
0.06633545144945593,0.1642002955379858,0.03340743485241448,0.11526787349372086,0.06813417190775681
0.2917829553949663,0.3518928141614491,0.18821785846609854,0.3218378847782077,0.12229210342417889
0.49433923083312564,0.5240543546151152,0.34982092132888726,0.5091967927241204,0.23095737246680645
0.6311280006645071,0.6382066633152048,0.4563418550080276,0.6346673319898559,0.34870719776380155
0.6948604535260404,0.7130539432993618,0.5153143139434359,0.7039571984127011,0.4243535988819008
0.7124210897915109,0.7306018920524656,0.5277880696554279,0.7215114909219882,0.43832983927323554
0.6638425118365313,0.687332998187164,0.49184883290107445,0.6755877550118476,0.4161425576519916
0.5606580696071101,0.598961046874762,0.33407434852414475,0.579809558240936,0.3680992313067785
0.39722568319627877,0.455670825525951,0.19439298505619365,0.4264482543611149,0.27882599580712786
0.16932573303430515,0.25946254741556607,0.058910707669507234,0.2143941402249356,0.1387141858839972
0.013315059390314809,0.11480736712216079,0.00568111646288749,0.0640612132562378,0.0627183787561146
0.00015366724811030817,0.10078302332312662,0.0,0.050468345285618464,0.05555555555555555
0.0002886452363153086,0.09781088615693981,0.0,0.049049765696627556,0.05555555555555555
0.0,0.0,0.0,0.0,0.0
0.0,0.0,0.0,0.0,0.0
0.0,0.0,0.0,0.0,0.0
0.0,0.0,0.0,0.0,0.0
0.0,0.0,0.0,0.0,0.0
0.0,0.0,0.0,0.0,0.0
0.0,0.0,0.0,0.0,0.0
0.0,0.0,0.0,0.0,0.0
0.0,0.0,0.0,0.0,0.0
0.0,0.0,0.0,0.0,0.0
0.0001671650469308082,0.015128802766479288,0.0002470050636038039,0.007647983906705048,0.046296296296296294
0.02217999833873245,0.07604466584403516,0.02513276522168704,0.049112332091383805,0.06481481481481481
0.1438097018024753,0.1663878859893667,0.1585772508336421,0.15509879389592102,0.08193570929419987
0.2291791261732702,0.2740947244946148,0.3437075460046931,0.2516369253339425,0.13731656184486374
0.25677900988454194,0.3355300641347897,0.413054217611461,0.2961545370096658,0.13539482879105522
0.33764536091037467,0.3744557683225934,0.4359021859948129,0.35605056461648404,0.20754716981132076
0.37731642993604114,0.3964383102539493,0.36630850932444114,0.38687737009499523,0.19322152341020266
0.27740053160561506,0.3563136968145881,0.1817957268123997,0.31685711421010154,0.17994409503843467
0.3100402857380181,0.1868546531998842,0.13418550080276648,0.24844746946895116,0.14046121593291405
0.2723741589833043,0.16572673400057888,0.09046560454489316,0.2190504464919416,0.1025506638714186
0.10869465902483598,0.09387596544947671,0.03254291712980117,0.10128531223715634,0.07407407407407408
0.0038323365728050508,0.06655545907408254,0.001976040508830431,0.035193897823443794,0.057651991614255764
0.0002844920674474624,0.057445576832259336,0.0007410151908114116,0.0288650344498534,0.05555555555555555
0.0003343300938616164,0.058897369102569964,0.0007410151908114116,0.02961584959821579,0.03703703703703704
0.0,0.0,0.0,0.0,0.0
0.0,0.0,0.0,0.0,0.0
0.0,0.0,0.0,0.0,0.0
0.0,0.0,0.0,0.0,0.0
0.0,0.0,0.0,0.0,0.0
0.0,0.0,0.0,0.0,0.0
0.0,0.0,0.0,0.0,0.0
0.0,0.0,0.0,0.0,0.0
0.0,0.0,0.0,0.0,0.0
0.0,0.0,0.0,0.0,0.0
0.00020662015117534673,0.0005255701293359536,0.0006175126590095097,0.0003660951402556502,0.0
0.09134894924827643,0.0024968389622655883,0.0019760405088304314,0.04692289410527101,0.010656883298392731
0.3272074092532603,0.008162332617339245,0.022909719649252806,0.16768487093529977,0.058001397624039136
0.4489087548799734,0.013544475420075254,0.06866740768185747,0.23122661515002432,0.15513626834381553
0.6341255502948752,0.022177536066298006,0.1365320489070026,0.3281515431805866,0.2578616352201258
0.7008597059556443,0.026494828085249,0.13745831789551685,0.36367726702044667,0.32896575821104124
0.7111979815599302,0.040283046174001795,0.19025565024082994,0.375740513866966,0.3525506638714186
0.6567229421048261,0.046960071904087256,0.18895887365690997,0.35184150700445666,0.33298392732355
0.44013726223108235,0.04204104017183858,0.24756082499691245,0.24108915120146046,0.2889587700908456
0.32293795165711436,0.03081973706259616,0.16030628627886873,0.17687884435985526,0.20632424877707897
0.18203339147769748,0.011500083786542357,0.05038903297517599,0.09676673763211992,0.07809224318658281
0.014214220450203508,0.0014883536706122513,0.006298629121896999,0.00785128706040788,0.007686932215234102
0.0002388072099011546,0.0006520116387124293,0.0,0.0004454094243067919,0.0
0.00031044937287150095,0.0006032631049769206,0.0,0.00045685623892421077,0.0
0.0,0.0,0.0,0.0,0.0
0.0,0.0,0.0,0.0,0.0
0.0,0.0,0.0,0.0,0.0
0.0,0.0,0.0,0.0,0.0
0.0,0.0,0.0,0.0,0.0
0.0,0.0,0.0,0.0,0.0
0.0,0.0,0.0,0.0,0.0
0.0,0.0,0.0,0.0,0.0
0.0,0.0,0.0,0.0,0.0
0.0,0.0,0.0,0.0,0.0
0.00048488246532104,0.0005484210045244732,0.0003705075954057058,0.0005166517349227567,0.0
0.06730210150344715,0.0058178328229971195,0.036371495615660124,0.036559967163222136,0.009084556254367574
0.2829481269208406,0.022611702694879877,0.19013214770902806,0.15277991480786024,0.06289308176100629
0.48070022427111886,0.03723473942385327,0.34383104853649493,0.2589674818474861,0.19549266247379454
0.6155027410914528,0.5077799613058513,0.4460911448684698,0.561641351198652,0.33979734451432564
0.6893813854971343,0.7106104230458693,0.5024082993701371,0.6999959042715018,0.40723270440251574
0.7031262978652713,0.7464345017747512,0.4846856860565641,0.7247803998200113,0.41788958770090845
0.6430777057895175,0.5678031168593757,0.43880449549215755,0.6054404113244466,0.3979734451432565
0.41190402026746403,0.488859436649757,0.2647894281832778,0.4503817284586105,0.34346610761705104
0.21150012459506604,0.47575826820833905,0.14252192169939484,0.34362919640170253,0.2620545073375262
0.11607276351856465,0.25058574410066575,0.0544028652587378,0.1833292538096152,0.13766596785464708
0.014119735858460006,0.1144478466858614,0.005372360133382734,0.0642837912721607,0.06621243885394829
0.00018585430683611595,0.10159499108815867,0.0,0.05089042269749739,0.057651991614255764
0.0003467896004651549,0.09495300336669561,0.0,0.04764989648358038,0.03843466107617051
0.0,0.0,0.0,0.0,0.0
0.0,0.0,0.0,0.0,0.0
0.0,0.0,0.0,0.0,0.0
0.0,0.0,0.0,0.0,0.0
0.0,0.0,0.0,0.0,0.0
0.0,0.0,0.0,0.0,0.0
0.0,0.0,0.0,0.0,0.0
0.0,0.0,0.0,0.0,0.0
0.0,0.0,0.0,0.0,0.0
0.0,0.0,0.0,0.0,0.0
0.0005804053492815018,0.01644348978565879,0.00037050759540570576,0.008511947567470146,0.04804332634521314
0.06774545228008971,0.08347729384702102,0.036000988020254414,0.07561137306355536,0.06883298392732355
0.2796193620732619,0.2788995018509209,0.17438557490428552,0.27925943196209135,0.12176799440950384
0.4717947919262398,0.46216656764620756,0.32345313078918114,0.4669806797862237,0.21505939902166316
0.5987447047096935,0.5805066800725135,0.4307768309250339,0.5896256923911035,0.3218029350104822
0.6669376609352936,0.6456575720183415,0.48771149808571074,0.6562976164768175,0.38941299790356393
0.6951864772821663,0.05390978474475572,0.49827096455477343,0.374548131013461,0.40356394129979034
0.6546660852230253,0.44186432673704734,0.46770408793380264,0.5482652059800364,0.38137665967854645
0.5567603206246365,0.559585942141584,0.33407434852414475,0.5581731313831102,0.3307127882599581
0.3992233574217128,0.4274134332678275,0.1916759293565518,0.4133183953447701,0.24668064290705802
0.17629163551790014,0.2109745136572064,0.062492281091762386,0.19363307458755327,0.13120195667365478
0.015717667580363817,0.0463948935910912,0.005495862665184636,0.03105628058572751,0.0660377358490566
0.015034471301603123,0.02994683363039471,0.0003705075954057058,0.022490652465998916,0.057651991614255764
0.015086385912451199,0.01545633197751474,0.0003705075954057058,0.015271358944982969,0.03843466107617051
0.0,0.0,0.0,0.0,0.0
0.0,0.0,0.0,0.0,0.0
0.0,0.0,0.0,0.0,0.0
0.0,0.0,0.0,0.0,0.0
0.0,0.0,0.0,0.0,0.0
0.0,0.0,0.0,0.0,0.0
0.0,0.0,0.0,0.0,0.0
0.0,0.0,0.0,0.0,0.0
0.0,0.0,0.0,0.0,0.0
0.0,0.0,0.0,0.0,0.0
0.012663011878062963,0.0007830233231266091,0.00030875632950475484,0.006723017600594786,0.04804332634521314
0.0687660935293629,0.008244595768017914,0.014264542423119675,0.038505344648690404,0.06184486373165619
0.2638819669407758,0.07124293527108755,0.05958997159441769,0.16756245110593168,0.08857442348008386
0.43519291469391147,0.21638103072681014,0.1244288007904162,0.32578697271036083,0.09940600978336829
0.5625041531688679,0.3423670459911948,0.15598369766580214,0.4524355995800313,0.13032844164919635
0.49980376277099425,0.3040506984750849,0.1365320489070026,0.4019272306230396,0.15443745632424877
0.479021305756292,0.36286732781865544,0.14919105841669755,0.4209443167874737,0.16946191474493363
0.3900137054572639,0.31012598449187273,0.18025194516487586,0.3500698449745683,0.17679944095038436
0.4185781626380929,0.25606233718751426,0.11757441027541064,0.33732024991280357,0.1659678546470999
0.2426852313315059,0.22774705604557988,0.07830060516240582,0.23521614368854288,0.13085255066387141
0.15893346623473711,0.16462684520817147,0.033963196245523034,0.1617801557214543,0.10517120894479386
0.013692997757288812,0.04986517983638773,0.0023465481042361366,0.03177908879683827,0.06027253668763103
0.0,0.037080876864250566,0.0,0.018540438432125283,0.057651991614255764
0.0,0.010794753439056715,0.0,0.005397376719528358,0.03843466107617051
0.0,0.0,0.0,0.0,0.0
0.0,0.0,0.0,0.0,0.0
0.0,0.0,0.0,0.0,0.0
0.0,0.0,0.0,0.0,0.0
0.0,0.0,0.0,0.0,0.0
0.0,0.0,0.0,0.0,0.0
0.0,0.0,0.0,0.0,0.0
0.0,0.0,0.0,0.0,0.0
0.0,0.0,0.0,0.0,0.0
0.0,0.0,0.0,0.0,0.0
0.00019727552122269292,0.03168807031975991,0.0,0.015942672920491303,0.04804332634521314
0.02339687681701138,0.036413631308745795,0.002655304433740892,0.029905254062878587,0.06638714185883997
0.1470356757205748,0.1192312965586582,0.017228603186365325,0.1331334861396165,0.11198462613556955
0.1916936622643077,0.4197218286793718,0.056317154501667285,0.30570774547183976,0.21785464709993013
0.3112883129828059,0.5782490136038877,0.2138446338149932,0.4447686632933468,0.32250174703004886
0.495003737851981,0.7040811663086696,0.2893046807459553,0.5995424520803253,0.3859189378057303
0.6652369382839106,0.7243148545922643,0.3745214276892676,0.6947758964380875,0.403214535290007
0.6446943267713264,0.6895769541306765,0.2363220946029394,0.6671356404510015,0.3810272536687631
0.5523880720990114,0.5909099218500069,0.2873286402371249,0.5716489969745091,0.30538085255066383
0.39506499709278187,0.4511951007723596,0.1340002470050636,0.4231300489325707,0.22414395527603076
0.18490426945759617,0.2626418658501287,0.06304804248487095,0.22377306765386246,0.10656883298392733
0.018702757704128253,0.12437579025943361,0.0035198221563542053,0.07153927398178093,0.03266946191474493
0.00018793089127003905,0.10131316362750026,0.0007410151908114116,0.050750547259385145,0.023060796645702306
0.00029487498961707783,0.08941090443763997,0.0007410151908114116,0.044852889713628524,0.015373864430468204
0.0,0.0,0.0,0.0,0.0
0.0,0.0,0.0,0.0,0.0
0.0,0.0,0.0,0.0,0.0
0.0,0.0,0.0,0.0,0.0
0.0,0.0,0.0,0.0,0.0
0.0,0.0,0.0,0.0,0.0
0.0,0.0,0.0,0.0,0.0
0.0,0.0,0.0,0.0,0.0
0.0,0.0,0.0,0.0,0.0
0.0,0.0,0.0,0.0,0.0
0.0004786527120192707,0.07341529180567616,0.0006175126590095097,0.036946972258847716,0.04804332634521314
0.04591328183403937,0.07224380360434471,0.007657156971717921,0.05907854271919204,0.06865828092243187
0.23571725226347706,0.25994850936124186,0.03729776460417439,0.24783288081235946,0.11844863731656184
0.48214033557604435,0.32832899166704754,0.13443250586637026,0.4052346636215459,0.22658979734451432
0.6012978652712018,0.5229087640723307,0.20174138569840683,0.5621033146717662,0.33962264150943394
0.6807448708364482,0.49629815821945983,0.37513894034827716,0.588521514527954,0.39343116701607267
0.6966701968602043,0.6451853205977789,0.20347042114363348,0.6709277587289916,0.42592592592592593
0.6562370213472879,0.5703608914888108,0.1907496603680375,0.6132989564180493,0.40863032844164915
0.5543919760777474,0.4258626205383666,0.10405088304310238,0.490127298308057,0.36146051712089444
0.3897375197275521,0.25927060006398245,0.06984068173397556,0.32450405989576725,0.28109713487071974
0.18085492981144613,0.17666011608244594,0.04618994689391133,0.17875752294694602,0.15373864430468206
0.01793130658692582,0.11384458358088448,0.006916141780906509,0.06588794508390515,0.06795946890286512
0.00012770994268626961,0.1039135932239538,0.0,0.05202065158332003,0.057651991614255764
0.0003665171525874242,0.10119890925155767,0.0,0.050782713202072546,0.03843466107617051
0.0,0.0,0.0,0.0,0.0
0.0,0.0,0.0,0.0,0.0
0.0,0.0,0.0,0.0,0.0
0.0,0.0,0.0,0.0,0.0
0.0,0.0,0.0,0.0,0.0
0.0,0.0,0.0,0.0,0.0
0.0,0.0,0.0,0.0,0.0
0.0,0.0,0.0,0.0,0.0
0.0,0.0,0.0,0.0,0.0
0.0,0.0,0.0,0.0,0.0
0.00026580280754215466,0.06204621970354798,0.0,0.03115601125554507,0.04804332634521314
0.022605698147686686,0.0995033743125695,0.00950969494874645,0.0610545362301281,0.06691125087351503
0.1422917185812775,0.20874274484712765,0.08206743238236383,0.17551723171420258,0.12421383647798742
0.2973295124179749,0.3181694925582316,0.09009509694948747,0.3077495024881033,0.23060796645702306
0.560848077082814,0.36870344134180333,0.09719649252809683,0.4647757592123087,0.32040531097134867
0.6354452197026331,0.43331657602486173,0.1501173274052118,0.5343808978637474,0.2527952480782669
0.6823479940194369,0.40759106073762624,0.1275781153513647,0.5449695273785315,0.3869671558350804
0.6447296287067033,0.6256478223115945,0.11399283685315548,0.6351887255091488,0.4019916142557652
0.5323635684026913,0.39823591243544626,0.10411263430900333,0.46529974041906874,0.35237596086652695
0.3716348949248276,0.30302088569992225,0.07144621464740028,0.3373278903123749,0.2702655485674354
0.1661797076169117,0.18454214463080604,0.026367790539706067,0.17536092612385887,0.149895178197065
0.01724188055486336,0.13052419907682464,0.002593553167839941,0.073883039815844,0.0683088749126485
6.22975330176925e-06,0.1081958472342824,0.0,0.05410103849379208,0.057651991614255764
6.22975330176925e-06,0.10866352847980745,0.0,0.05433487911655461,0.057651991614255764
0.0,0.0,0.0,0.0,0.0
0.0,0.0,0.0,0.0,0.0
0.0,0.0,0.0,0.0,0.0
0.0,0.0,0.0,0.0,0.0
0.0,0.0,0.0,0.0,0.0
0.0,0.0,0.0,0.0,0.0
0.0,0.0,0.0,0.0,0.0
0.0,0.0,0.0,0.0,0.0
0.0,0.0,0.0,0.0,0.0
0.0,0.0,0.0,0.0,0.0
0.000595979732535925,0.0769922154685191,0.00012350253180190194,0.038794097600527516,0.04804332634521314
0.04969681867264723,0.1168395716222598,0.021921699394837593,0.08326819514745351,0.07285115303983228
0.25755253758617824,0.23245433633441492,0.05014202791157219,0.24500343696029658,0.11268343815513626
0.39766280421961964,0.31428941395122095,0.0737927627516364,0.3559761090854203,0.11635220125786164
0.4731539164382424,0.3988224182319516,0.08534024947511425,0.435988167335097,0.1245632424877708
0.6640377107733201,0.42416556220769924,0.08719278745214276,0.5441016364905097,0.13067784765897975
0.6134832627294625,0.3304327955760706,0.08719278745214278,0.4719580291527665,0.15059399021663175
0.5754734612509345,0.3645796200661152,0.04137334815363715,0.47002654065852484,0.1509433962264151
0.4581173685522053,0.3122404521426504,0.039459058910707674,0.38517891034742785,0.09835779175401818
0.16615271201927073,0.16536569017260028,0.019389897492898604,0.1657592010959355,0.09381551362683438
0.09578453359913615,0.11312249592492726,0.0011115227862171172,0.10445351476203171,0.07948986722571627
0.008880513331672066,0.10747680636168365,0.0007410151908114116,0.05817865984667786,0.06201956673654787
1.24595066035385e-05,0.11066069497128407,0.0007410151908114116,0.05533657723894381,0.057651991614255764
1.24595066035385e-05,0.11040628856085188,0.0007410151908114116,0.055209374033727714,0.03843466107617051
0.0,0.0,0.0,0.0,0.0
0.0,0.0,0.0,0.0,0.0
0.0,0.0,0.0,0.0,0.0
0.0,0.0,0.0,0.0,0.0
0.0,0.0,0.0,0.0,0.0
0.0,0.0,0.0,0.0,0.0
0.0,0.0,0.0,0.0,0.0
0.0,0.0,0.0,0.0,0.0
0.0,0.0,0.0,0.0,0.0
0.0,0.0,0.0,0.0,0.0
0.011136722319129495,0.09769053821428028,0.0006175126590095097,0.054413630266704885,0.04804332634521314
0.02152587424204668,0.11571987873802234,0.0017290354452266273,0.06862287649003451,0.06795946890286512
0.04757870255004569,0.12949133951830355,0.012226750648388289,0.08853502103417463,0.13364779874213836
0.11009012376443227,0.169661654708042,0.04674570828701988,0.13987588923623714,0.25
0.5218311321538334,0.25245951586612436,0.07700382857848587,0.38714532400997886,0.38347309573724664
0.44604306836115964,0.3427433237359657,0.1389403482771397,0.3943931960485627,0.4498602375960867
0.2641405017027992,0.342848437761833,0.27392861553661846,0.3034944697323161,0.4645352900069881
0.09089106238059638,0.44582057492801974,0.38878597011238736,0.2683558186543081,0.44269741439552757
0.14952238558019773,0.6361592248983136,0.3997159441768556,0.39284080523925563,0.3948287910552062
0.14142578287233162,0.4880566092348004,0.21193034457206372,0.314741196053566,0.313591893780573
0.1881229753301769,0.2924409304876377,0.07712733111028777,0.2402819529089073,0.176974143955276
0.02084060137885206,0.13011593010678973,0.01012720760775596,0.0754782657428209,0.07023060796645703
1.24595066035385e-05,0.11129442590984569,0.0,0.055653442708224615,0.057651991614255764
1.24595066035385e-05,0.10408725987538656,0.0,0.05204985969099505,0.03843466107617051
0.0,0.0,0.0,0.0,0.0
0.0,0.0,0.0,0.0,0.0
0.0,0.0,0.0,0.0,0.0
0.0,0.0,0.0,0.0,0.0
0.0,0.0,0.0,0.0,0.0
0.0,0.0,0.0,0.0,0.0
0.0,0.0,0.0,0.0,0.0
0.0,0.0,0.0,0.0,0.0
0.0,0.0,0.0,0.0,0.0
0.0,0.0,0.0,0.0,0.0
0.0008898164299360413,0.09203723169264048,0.0006175126590095097,0.046463524061288265,0.04804332634521314
0.07381530858044687,0.1322319211492467,0.0411880943559343,0.10302361486484679,0.06586303284416492
0.13861927900988455,0.29902959950032754,0.19982709645547736,0.21882443925510603,0.13137665967854648
0.3182915939862115,0.32366436634523105,0.35173521057181667,0.32097798016572127,0.1928721174004193
0.6105210150344713,0.5478497326447603,0.4541805607014944,0.5791853738396158,0.2379454926624738
0.5143159730874658,0.46911171031183824,0.5116092379893787,0.49171384169965204,0.4348357791754018
0.6947940028241549,0.5274134332678275,0.5114857354575769,0.6111037180459913,0.45562543675751227
0.6335752554198854,0.6495026126167298,0.42978881067061875,0.6415389340183075,0.43640810621942694
0.594978818838774,0.6368980698627424,0.387859701123873,0.6159384443507583,0.3918588399720475
0.4178067115208905,0.47870755449933733,0.20624922810917623,0.44825713301011394,0.30852550663871425
0.1529923581692832,0.27190256386819617,0.0797208842781277,0.21244746101873968,0.16946191474493363
0.012360868842927152,0.1132519842176622,0.00963319748054835,0.06280642653029467,0.0649895178197065
0.010911412908048842,0.1154761360693448,0.0,0.06319377448869683,0.057651991614255764
0.012873785198106155,0.10744633852809896,0.0,0.060160061863102555,0.057651991614255764
0.0,0.0,0.0,0.0,0.0
0.0,0.0,0.0,0.0,0.0
0.0,0.0,0.0,0.0,0.0
0.0,0.0,0.0,0.0,0.0
0.0,0.0,0.0,0.0,0.0
0.0,0.0,0.0,0.0,0.0
0.0,0.0,0.0,0.0,0.0
0.0,0.0,0.0,0.0,0.0
0.0,0.0,0.0,0.0,0.0
0.0,0.0,0.0,0.0,0.0
0.0001723565080156159,0.0635726581661411,0.0002470050636038039,0.03187250733707836,0.04804332634521314
0.014402151341473546,0.10933991438538763,0.031431394343584045,0.06187103286343059,0.06953179594689028
0.08906782124761194,0.29385463796596745,0.20711374583178954,0.19146122960678968,0.14255765199161424
0.3668151424536922,0.5157274956964185,0.35506977893046804,0.44127131907505535,0.23672257162823201
0.6237945427361077,0.6325046082598297,0.45658886007163146,0.6281495754979687,0.36757512229210343
0.6745566492233573,0.7134424081775665,0.5140792886254169,0.6939995287004619,0.43535988819007687
0.6824590912866518,0.7253583778925399,0.5247005063603805,0.7039087345895958,0.45108315863032844
0.6489399036464821,0.6892646588364334,0.49709769050265534,0.6691022812414578,0.43518518518518523
0.5695655785364233,0.6045153329372515,0.3895269853031987,0.5870404557368374,0.38661774982529695
0.35294667331173685,0.4583961732401018,0.20402618253674204,0.4056714232759193,0.3008385744234801
0.14195531190298194,0.2857121094404582,0.08225268618006668,0.21383371067172008,0.17208245981830889
0.021370130409502447,0.10515515744253005,0.008953933555637889,0.06326264392601624,0.07145352900069882
0.011165794501204418,0.06096156482793291,0.0,0.036063679664568665,0.057651991614255764
0.013418888612010965,0.03988239416236308,0.0,0.026650641387187025,0.03843466107617051
0.0,0.0,0.0,0.0,0.0
0.0,0.0,0.0,0.0,0.0
0.0,0.0,0.0,0.0,0.0
0.0,0.0,0.0,0.0,0.0
0.0,0.0,0.0,0.0,0.0
0.0,0.0,0.0,0.0,0.0
0.0,0.0,0.0,0.0,0.0
0.0,0.0,0.0,0.0,0.0
0.0,0.0,0.0,0.0,0.0
0.0,0.0,0.0,0.0,0.0
0.0008306337735692334,0.00010816080922566001,0.0004940101272076078,0.00046939729139744673,0.04804332634521314
0.0772375197275521,0.050101305546669105,0.045510682969000855,0.06366941263711061,0.06900768693221523
0.2945551956142537,0.248574867084076,0.13900209954304063,0.2715650313491649,0.1320754716981132
0.47697587008887776,0.4136038876955654,0.31808077065579843,0.4452898788922216,0.24266247379454928
0.6028895672398038,0.542770744786192,0.41459799925898483,0.5728301560129979,0.366701607267645
0.6733408090372955,0.6142863671678626,0.4701123873039398,0.643813588102579,0.4309923130677848
0.6936061965279509,0.6423518120744024,0.4870322341608002,0.6679790043011766,0.4393780573025856
0.6519333001079823,0.6065566777874258,0.4681980980610102,0.6292449889477041,0.42120894479385046
0.5708613672231913,0.5162363085172829,0.3735951587007533,0.5435488378702371,0.3749126484975542
0.41722630617160894,0.37749950489770423,0.19815981227615162,0.3973629055346566,0.2940251572327044
0.20088151009220034,0.20636016026080467,0.08175867605285908,0.2036208351765025,0.1691125087351502
0.024309535675720577,0.055011196928842376,0.009509694948746449,0.03966036630228148,0.07092941998602377
0.011226015449788188,0.029393842450832534,0.0003705075954057058,0.020309928950310363,0.057651991614255764
0.013188387739845502,0.03305759943939186,0.0003705075954057058,0.02312299358961868,0.03843466107617051
0.0,0.0,0.0,0.0,0.0
0.0,0.0,0.0,0.0,0.0
0.0,0.0,0.0,0.0,0.0
0.0,0.0,0.0,0.0,0.0
0.0,0.0,0.0,0.0,0.0
0.0,0.0,0.0,0.0,0.0
0.0,0.0,0.0,0.0,0.0
0.0,0.0,0.0,0.0,0.0
0.0,0.0,0.0,0.0,0.0
0.0,0.0,0.0,0.0,0.0
0.00026995597641000087,0.00010968420090489465,0.00030875632950475484,0.00018982008865744775,0.04804332634521314
0.02147707450784949,0.010770379172188961,0.027108805730517476,0.016123726840019226,0.06429070580013976
0.08906885953982889,0.07486251390094907,0.07842410769420773,0.08196568672038898,0.11617749825296995
0.22598741589833052,0.142173575247932,0.16716067679387425,0.18408049557313128,0.23375262054507337
0.4968228258160976,0.1673445759639261,0.18290724959861676,0.3320837008900118,0.36163522012578614
0.5499802724478778,0.1775817680483829,0.19272570087686797,0.36378102024813036,0.4196366177498253
0.6185013290140375,0.21738342245174655,0.1979128072125479,0.41794237573289206,0.3209294199860237
0.4642920923664757,0.15142056274088633,0.15271088057305177,0.307856327553681,0.19531795946890287
0.49614482099842183,0.15148606858309338,0.14425095714462147,0.32381544479075763,0.16649196366177496
0.36370338067945845,0.09591274012461344,0.08114116339384958,0.22980806040203594,0.14744933612858144
0.18715217210731788,0.09098304465061012,0.037730023465481044,0.139067608378964,0.09730957372466807
0.025156782124761187,0.005528388403942537,0.003025812029146597,0.015342585264351862,0.06533892382948987
0.011219785696486418,0.004142101975839007,0.0,0.007680943836162713,0.057651991614255764
0.013400199352105657,0.01644958335237573,0.0,0.014924891352240694,0.057651991614255764
0.0,0.0,0.0,0.0,0.0
0.0,0.0,0.0,0.0,0.0
0.0,0.0,0.0,0.0,0.0
0.0,0.0,0.0,0.0,0.0
0.0,0.0,0.0,0.0,0.0
0.0,0.0,0.0,0.0,0.0
0.0,0.0,0.0,0.0,0.0
0.0,0.0,0.0,0.0,0.0
0.0,0.0,0.0,0.0,0.0
0.0,0.0,0.0,0.0,0.0
0.0003779383669740011,0.00034733330286549973,0.0002470050636038039,0.00036263583491975046,0.04804332634521314
0.05148268128582107,0.03155705863534573,0.030011115227862165,0.041519869960583405,0.07040531097134871
0.1398994933133981,0.1402693356488887,0.15234037297764602,0.1400844144811434,0.12368972746331237
0.21807770578951746,0.34671632923540974,0.19649252809682596,0.2823970175124636,0.23200559049615654
0.35020765844339236,0.5505141446917416,0.23428430282820795,0.45036090156756703,0.3336827393431167
0.35077871916272113,0.5612936642140061,0.35618130171668516,0.4560361916883636,0.30520614954577213
0.4377450369632029,0.5832624956202489,0.35309373842163766,0.5105037662917259,0.21191474493361284
0.46116060304011963,0.6029447161159606,0.2583055452636779,0.5320526595780402,0.2526205450733753
0.4114367887698314,0.45854241884130825,0.19463999011979746,0.43498960380556984,0.14570230607966456
0.3652203256084392,0.46752281279039654,0.09133012226750649,0.41637156919941787,0.12089447938504544
0.10529217542985297,0.14556616851758755,0.02766456712362603,0.12542917197372028,0.06935709294199861
0.01640813190464324,0.10643632984476638,0.0008645177226133137,0.06142223087470481,0.0593990216631726
0.01112010964365811,0.07620766875371326,0.0,0.04366388919868569,0.057651991614255764
0.013316097682531771,0.0638758131103088,0.0,0.03859595539642028,0.03843466107617051
0.0,0.0,0.0,0.0,0.0
0.0,0.0,0.0,0.0,0.0
0.0,0.0,0.0,0.0,0.0
0.0,0.0,0.0,0.0,0.0
0.0,0.0,0.0,0.0,0.0
0.0,0.0,0.0,0.0,0.0
0.0,0.0,0.0,0.0,0.0
0.0,0.0,0.0,0.0,0.0
0.0,0.0,0.0,0.0,0.0
0.0,0.0,0.0,0.0,0.0
0.0006572389733366558,0.07803878555215332,0.0,0.03934801226274499,0.04804332634521314
0.024953276850236735,0.09539631034535288,0.006483882919599852,0.06017479359779481,0.06935709294199861
0.16261628872829972,0.16254589217433696,0.022600963319748053,0.16258109045131836,0.1123340321453529
0.25158028075421546,0.2085035723534878,0.03896504878350006,0.23004192655385164,0.19444444444444445
0.35303388985796164,0.27340767484728,0.045881190564406565,0.31322078235262085,0.25716282320055905
0.5064093778553035,0.5332007982572399,0.06662961590712609,0.5198050880562717,0.29594689028651294
0.5270589334662347,0.5209816735980988,0.0643448190687909,0.5240203035321667,0.396575821104123
0.6314747902649721,0.6911658516521183,0.06366555514388045,0.6613203209585452,0.34730957372466803
0.3350350942769333,0.5421507243727435,0.041867358280844764,0.4385929093248384,0.2962962962962963
0.2556296204003655,0.2564066237070213,0.03136964307768309,0.2560181220536934,0.21208944793850454
0.10693475371708615,0.13760187681854882,0.009324441151043595,0.12226831526781748,0.14919636617749824
0.01867057064540244,0.11272641408832626,0.0012350253180190194,0.06569849236686436,0.06464011180992313
0.011338151009220036,0.10895601968222049,0.0,0.06014708534572026,0.057651991614255764
0.013479109560594733,0.11283152811419345,0.0,0.06315531883739409,0.03843466107617051
0.0,0.0,0.0,0.0,0.0
0.0,0.0,0.0,0.0,0.0
0.0,0.0,0.0,0.0,0.0
0.0,0.0,0.0,0.0,0.0
0.0,0.0,0.0,0.0,0.0
0.0,0.0,0.0,0.0,0.0
0.0,0.0,0.0,0.0,0.0
0.0,0.0,0.0,0.0,0.0
0.0,0.0,0.0,0.0,0.0
0.0,0.0,0.0,0.0,0.0
0.00036547886037046267,0.0925521380802218,0.0,0.046458808470296126,0.04804332634521314
0.020874865022011798,0.11809636975762838,0.0001852537977028529,0.06948561738982009,0.06097134870719776
0.07432407176675804,0.1459287357372454,0.007533654439916019,0.11012640375200172,0.07896575821104122
0.15900199352105657,0.16485078378501897,0.017043349388662466,0.16192638865303777,0.1035988819007687
0.45172252678793917,0.2498240482610484,0.023218475978757563,0.35077328752449377,0.10883997204751923
0.5422003488661848,0.4940557256676264,0.03908855131530196,0.5181280372669056,0.1549615653389238
0.509638466650054,0.4069040110902914,0.0258120291465975,0.4582712388701727,0.1752271139063592
0.2880513331672066,0.2619852840363786,0.019636902556502408,0.2750183086017926,0.1621243885394829
0.19120774150676967,0.20020413448501748,0.00963319748054835,0.1957059379958936,0.13050314465408805
0.14416064457180827,0.1804244169218348,0.011794491787081635,0.16229253074682154,0.10569531795946892
0.08592075753800149,0.13430221044132656,0.004754847474373224,0.11011148398966403,0.06953179594689028
0.013283910623805965,0.11783891656383774,0.0,0.06556141359382185,0.05887491264849755
0.00012770994268626961,0.11598799567356763,0.0,0.05805785280812695,0.057651991614255764
0.0002367306254672315,0.11837667382660756,0.0,0.0593067022260374,0.03843466107617051
0.0,0.0,0.0,0.0,0.0
0.0,0.0,0.0,0.0,0.0
0.0,0.0,0.0,0.0,0.0
0.0,0.0,0.0,0.0,0.0
0.0,0.0,0.0,0.0,0.0
0.0,0.0,0.0,0.0,0.0
0.0,0.0,0.0,0.0,0.0
0.0,0.0,0.0,0.0,0.0
0.0,0.0,0.0,0.0,0.0
0.0,0.0,0.0,0.0,0.0
0.0005253758617825401,0.0993891199366269,0.0001852537977028529,0.04995724789920472,0.04804332634521314
0.024513040950245035,0.1459637737458678,0.04273187600345807,0.08523840734805642,0.0726764500349406
0.07626256333582525,0.2751093033529851,0.19068790910213662,0.1756859333444052,0.1422082459818309
0.27250706038707534,0.5636655850585744,0.34945041373348157,0.41808632272282487,0.25681341719077566
0.3951771326522137,0.708803680514297,0.46770408793380264,0.5519904065832554,0.3785814116002795
0.24100838940111302,0.796285971086026,0.5212424354699271,0.5186471802435695,0.45020964360587
0.12210004983802641,0.8093094465518029,0.5285908361121402,0.4657047481949147,0.46156533892382945
0.1196870587258078,0.774167847295218,0.5127207607755959,0.4469274530105129,0.44077568134171907
0.21902670487582024,0.6644623189068142,0.4221934049648018,0.4417445118913172,0.3887141858839972
0.1492607359415234,0.48722483737793826,0.236754353464246,0.3182427866597308,0.3038085255066387
0.050398704211313226,0.20216626296787166,0.1016425836729653,0.12628248358959243,0.17714884696016772
0.0063315059390314805,0.13435705254177902,0.014882055082129184,0.07034427924040525,0.07442348008385745
0.00014016944928980812,0.11760279085355635,0.0003705075954057058,0.05887148015142308,0.057651991614255764
0.0002751474374948085,0.11155187910363634,0.0003705075954057058,0.055913513270565575,0.03843466107617051
0.0,0.0,0.0,0.0,0.0
0.0,0.0,0.0,0.0,0.0
0.0,0.0,0.0,0.0,0.0
0.0,0.0,0.0,0.0,0.0
0.0,0.0,0.0,0.0,0.0
0.0,0.0,0.0,0.0,0.0
0.0,0.0,0.0,0.0,0.0
0.0,0.0,0.0,0.0,0.0
0.0,0.0,0.0,0.0,0.0
0.0,0.0,0.0,0.0,0.0
0.0010144114959714263,0.04822905717288972,0.0007410151908114116,0.024621734334430573,0.04804332634521314
0.07699455934878315,0.12657709123592767,0.03445720637273064,0.10178582529235541,0.07250174703004893
0.2848668909377855,0.3272428133997532,0.16697542299617144,0.3060548521687694,0.1430817610062893
0.4784710108813024,0.4855658638392517,0.30338396937137213,0.48201843736027705,0.2564640111809923
0.6064623307583686,0.6237603400210227,0.41675929356551805,0.6151113353896956,0.3778825995807128
0.589305590165296,0.6065978093627653,0.3340125972582438,0.5979516997640306,0.4411250873515024
0.3515740510009137,0.5183477293847021,0.43917500308756335,0.4349608901928079,0.4528301886792453
0.3867337403438823,0.2559968313453072,0.3196863035692231,0.3213652858445948,0.42994409503843467
0.2680922418805549,0.36488886857699987,0.20643448190687907,0.3164905552287774,0.3805031446540881
0.12207928399368717,0.14316530323111376,0.08583425960232184,0.13262229361240047,0.21208944793850454
0.06600838940111305,0.06849473668174824,0.05786093614919106,0.06725156304143065,0.13661774982529698
0.006789392806711522,0.023271331291988485,0.016549339261454857,0.015030362049350003,0.0737246680642907
1.868925990530775e-05,0.01185198726444556,0.0,0.005935338262175434,0.057651991614255764
0.0002367306254672315,0.018859588988924945,0.0,0.009548159807196088,0.03843466107617051
0.0,0.0,0.0,0.0,0.0
0.0,0.0,0.0,0.0,0.0
0.0,0.0,0.0,0.0,0.0
0.0,0.0,0.0,0.0,0.0
0.0,0.0,0.0,0.0,0.0
0.0,0.0,0.0,0.0,0.0
0.0,0.0,0.0,0.0,0.0
0.0,0.0,0.0,0.0,0.0
0.0,0.0,0.0,0.0,0.0
0.0,0.0,0.0,0.0,0.0
0.001886576958219121,0.00013253507609341437,0.0,0.0010095560171562677,0.04804332634521314
0.040473668909377855,0.01103849610773426,0.00506360380387798,0.025756082508556058,0.06324248777078965
0.10872373120691087,0.09162896272260562,0.018525379770285292,0.10017634696475824,0.07285115303983228
0.17470512501038293,0.21424675898420245,0.04316413486476473,0.19447594199729268,0.10045422781271839
0.240576459838857,0.3185320597778895,0.08243793997776955,0.27955425980837323,0.13766596785464708
0.39929915275355093,0.4216489191536036,0.22810917623811292,0.41047403595357723,0.12054507337526206
0.42306981476866845,0.4003214356443185,0.22631838952698533,0.4116956252064935,0.13504542278127182
0.4022011794999585,0.3309675060554819,0.17098925527973324,0.36658434277772023,0.1277078965758211
0.2668691336489742,0.41909723809088556,0.09818451278251204,0.3429831858699299,0.14762403913347308
0.13580654539413572,0.20421370138476302,0.04322588613066568,0.17001012338944937,0.06883298392732354
0.048328349530691914,0.09990097954084974,0.01951340002470051,0.07411466453577083,0.03459119496855346
0.008364482099842181,0.027392105784318208,0.0020377917747313816,0.017878293942080195,0.01135569531795947
0.00026787939197607774,0.03661014883536706,0.0,0.01843901411367157,0.008385744234800839
0.000423623224520309,0.06522858492146916,0.0,0.03282610407299473,0.005939902166317261
0.0,0.0,0.0,0.0,0.0
0.0,0.0,0.0,0.0,0.0
0.0,0.0,0.0,0.0,0.0
0.0,0.0,0.0,0.0,0.0
0.0,0.0,0.0,0.0,0.0
0.0,0.0,0.0,0.0,0.0
0.0,0.0,0.0,0.0,0.0
0.0,0.0,0.0,0.0,0.0
0.0,0.0,0.0,0.0,0.0
0.0,0.0,0.0,0.0,0.0
0.00022323282664673142,0.07916000182807001,0.0,0.03969161732735837,0.04891684136967157
0.018545975579367057,0.11846503054400316,0.00191428924292948,0.06850550306168511,0.05887491264849755
0.06850859705955645,0.2078789817650016,0.009386192416944546,0.13819378941227903,0.0749475890985325
0.14920466816180744,0.30859954602927964,0.02976411016425837,0.22890210709554354,0.13452131376659676
0.4170591411246781,0.48866291912313575,0.05798443868099296,0.45286103012390694,0.22187281621243884
0.6790078079574717,0.6064561339365965,0.09071260960849696,0.642731970947034,0.2812718378756115
0.7379963036797077,0.49484788934082846,0.07373101148573545,0.616422096510268,0.2183787561146052
0.6931244289392807,0.35564035769236624,0.051006545634185496,0.5243823933158235,0.18029350104821804
0.6042445385829387,0.27813323583626587,0.04020007410151908,0.44118888720960225,0.14797344514325647
0.44247030484259486,0.19485702969090385,0.02426824749907373,0.31866366726674933,0.0793151642208246
0.2069679790680289,0.22232530505918377,0.010065456341855008,0.21464664206360634,0.07302585604472397
0.0326023756125924,0.1438843441037125,0.0006175126590095097,0.08824335985815246,0.060447239692522706
1.24595066035385e-05,0.12260256234480447,0.0003705075954057058,0.06130751092570401,0.057651991614255764
0.0002844920674474624,0.12213031092424173,0.0003705075954057058,0.061207401495844596,0.03843466107617051
0.0,0.0,0.0,0.0,0.0
0.0,0.0,0.0,0.0,0.0
0.0,0.0,0.0,0.0,0.0
0.0,0.0,0.0,0.0,0.0
0.0,0.0,0.0,0.0,0.0
0.0,0.0,0.0,0.0,0.0
0.0,0.0,0.0,0.0,0.0
0.0,0.0,0.0,0.0,0.0
0.0,0.0,0.0,0.0,0.0
0.0,0.0,0.0,0.0,0.0
0.00019312235235484674,0.10147464314549914,0.00030875632950475484,0.050833882748926994,0.04804332634521314
0.010643533516072765,0.18852429048032537,0.0038285784858589603,0.09958391199819908,0.07669461914744934
0.053515657446631795,0.3704660055146779,0.02031616648141287,0.21199083148065484,0.10988819007686933
0.13466338566326108,0.5376521487439635,0.03476596270223539,0.3361577672036123,0.2403913347309574
0.25394135725558603,0.6509955364623798,0.04124984562183524,0.4524684468589829,0.28668763102725364
0.4506260902068279,0.7061255579422026,0.07416327034704212,0.5783758240745153,0.3986722571628232
0.5990520392059141,0.766039029294822,0.06761763616154132,0.6825455342503681,0.4399021663172607
0.5987665088462495,0.6133342473683409,0.060516240582931945,0.6060503781072952,0.4281970649895178
0.427942520142869,0.4433801014578858,0.04828948993454366,0.4356613108003774,0.39308176100628933
0.23135746324445555,0.21467026187102967,0.01969865382240336,0.2230138625577426,0.30695317959468904
0.06519333001079823,0.14496442880428986,0.007163146844510312,0.10507887940754404,0.17976939203354297
0.00384583437162555,0.1208933168807032,0.0007410151908114116,0.06236957562616438,0.018867924528301886
0.00010902068278096188,0.11960757430342916,0.0,0.05985829749310506,0.0
0.0002979898662679625,0.11933641058452539,0.0,0.059817200225396674,0.0
0.0,0.0,0.0,0.0,0.0
0.0,0.0,0.0,0.0,0.0
0.0,0.0,0.0,0.0,0.0
0.0,0.0,0.0,0.0,0.0
0.0,0.0,0.0,0.0,0.0
0.0,0.0,0.0,0.0,0.0
0.0,0.0,0.0,0.0,0.0
0.0,0.0,0.0,0.0,0.0
0.0,0.0,0.0,0.0,0.0
0.0,0.0,0.0,0.0,0.0
0.00021804136556192376,0.09959630120500282,0.0,0.049907171285282374,0.0
0.013623432178752386,0.12592355620553602,0.01796961837717673,0.06977349419214421,0.012928022361984625
0.06211687017194119,0.22722757948296085,0.11368408052365073,0.144672224827451,0.09294199860237597
0.1464573469557272,0.45705558856237527,0.12473755711992095,0.30175646775905124,0.21820405310971347
0.21729068028906054,0.6583992200234603,0.2242805977522539,0.4378449501562604,0.35412299091544375
0.36094879142785946,0.6594671175906038,0.08083240706434483,0.5102079545092316,0.4154437456324249
0.5106373037627709,0.3888883810916625,0.07669507224898112,0.44976284242721676,0.42522711390635914
0.24247964947254758,0.33585302317078747,0.08324070643448192,0.28916633632166755,0.4023410202655485
0.23142391394634113,0.3099705985405907,0.09108311720390268,0.2706972562434659,0.3530747728860936
0.2126951989367888,0.23803756683880992,0.07051994565888602,0.22536638288779937,0.2618798043326345
0.11677153418057978,0.14956659506725775,0.027973323453130788,0.13316906462391875,0.13067784765897975
0.015226555361741004,0.113867434456073,0.0034580708904532547,0.064546994908907,0.019741439552760306
3.945510424453858e-05,0.09955059945462578,0.0,0.04979502727943516,0.0
0.00027099426862696235,0.08689578477522357,0.0,0.04358338952192527,0.0
0.0,0.0,0.0,0.0,0.0
0.0,0.0,0.0,0.0,0.0
0.0,0.0,0.0,0.0,0.0
0.0,0.0,0.0,0.0,0.0
0.0,0.0,0.0,0.0,0.0
0.0,0.0,0.0,0.0,0.0
0.0,0.0,0.0,0.0,0.0
0.0,0.0,0.0,0.0,0.0
0.0,0.0,0.0,0.0,0.0
0.0,0.0,0.0,0.0,0.0
0.0018087050419470058,0.017621071553707172,0.00012350253180190194,0.009714888297827089,0.0
0.10586946590248363,0.11351400758649056,0.023156724712856614,0.1096917367444871,0.01642208245981831
0.3295923664756209,0.2885562817055893,0.1932197110040756,0.3090743240906051,0.09818308874912647
0.5202332004319297,0.4493396097070518,0.36334444856119547,0.4847864050694907,0.23410202655485676
0.6462642246033723,0.5742105022622367,0.46467827590465605,0.6102373634328044,0.356219426974144
0.7130523714594236,0.6721630638453452,0.523774237371866,0.6926077176523844,0.4119496855345912
0.7364284824320957,0.6915817375805493,0.5349512164999383,0.7140051100063225,0.4404262753319357
0.6965580613007726,0.6622869155888671,0.501235025318019,0.6794224884448199,0.4100279524807826
0.5953058808871169,0.5853251679539325,0.4154625169815982,0.5903155244205247,0.3724668064290706
0.445623598305507,0.4673171549136998,0.24163270347042118,0.45647037660960343,0.29053109713487074
0.2395174017775563,0.2843776183294487,0.1049154007657157,0.2619475100535025,0.146575821104123
0.04171027493977905,0.10326310497692064,0.01469680128442633,0.07248668995834984,0.0220125786163522
5.087631863111555e-05,0.049248206206297704,0.0,0.02464954126246441,0.0
0.0003343300938616164,0.03103453528936825,0.0,0.015684432691614934,0.0
0.0,0.0,0.0,0.0,0.0
0.0,0.0,0.0,0.0,0.0
0.0,0.0,0.0,0.0,0.0
0.0,0.0,0.0,0.0,0.0
0.0,0.0,0.0,0.0,0.0
0.0,0.0,0.0,0.0,0.0
0.0,0.0,0.0,0.0,0.0
0.0,0.0,0.0,0.0,0.0
0.0,0.0,0.0,0.0,0.0
0.0,0.0,0.0,0.0,0.0
0.002035052745244622,0.0040979236171412034,0.0012350253180190194,0.0030664881811929127,0.0
0.0805320209319711,0.0767987447252563,0.0600839817216253,0.0786653828286137,0.01642208245981831
0.27484425616745584,0.25296680529530946,0.2147709028035075,0.2639055307313827,0.0662124388539483
0.4246957803804303,0.4262312813247414,0.3446955662591083,0.42546353085258587,0.19147449336128583
0.5831838192540908,0.5547994454854287,0.4481289366432012,0.5689916323697597,0.32634521313766596
0.6345647479026498,0.5697530582087961,0.50389032975176,0.602158903055723,0.46034241788958774
0.6139909876235569,0.5423441951160063,0.518895887365691,0.5781675913697816,0.4599930118798043
0.6340051083977074,0.5396386514936856,0.4995059898727923,0.5868218799456966,0.41544374563242487
0.5383192125591827,0.47222552290419384,0.4299123132024206,0.5052723677316883,0.30765199161425577
0.3164309743334164,0.22839145072589614,0.24712856613560577,0.2724112125296563,0.2028301886792453
0.13663094941440318,0.11742455402708589,0.10954674570828703,0.12702775172074454,0.08473095737246682
0.02617223191294958,0.04712916838048231,0.013770532295912066,0.036650700146715946,0.011530398322851153
6.22975330176925e-06,0.02994226345535701,0.0,0.014974246604329389,0.0
6.22975330176925e-06,0.032844324604299015,0.0,0.016425277178800393,0.0
0.0,0.0,0.0,0.0,0.0
0.0,0.0,0.0,0.0,0.0
0.0,0.0,0.0,0.0,0.0
0.0,0.0,0.0,0.0,0.0
0.0,0.0,0.0,0.0,0.0
0.0,0.0,0.0,0.0,0.0
0.0,0.0,0.0,0.0,0.0
0.0,0.0,0.0,0.0,0.0
0.0,0.0,0.0,0.0,0.0
0.0,0.0,0.0,0.0,0.0
8.306337735692333e-06,0.0038359002483128435,0.0,0.001922103293024268,0.04804332634521314
0.02114793587507268,0.004376704294441144,0.01321477090280351,0.012762320084756912,0.06638714185883997
0.03540576459838857,0.062961778102768,0.051932814622699774,0.04918377135057828,0.08752620545073375
0.06456931638840437,0.09513581036820376,0.16327034704211438,0.07985256337830407,0.10255066387141859
0.10044335077664257,0.10144722209527292,0.1512906014573299,0.10094528643595774,0.10883997204751923
0.11150635434836781,0.10206419572536293,0.1415956527108806,0.10678527503686537,0.12875611460517122
0.10238495722236066,0.09418369056868213,0.16617265653945906,0.09828432389552139,0.1430817610062893
0.1415721820749232,0.11211858080831164,0.11566012103248118,0.12684538144161742,0.12141858839972049
0.10769374532768503,0.1162545892174337,0.09892552797332345,0.11197416727255936,0.05048916841369671
0.05979005731373039,0.1483296010237192,0.11399283685315549,0.10405982916872479,0.06254367575122292
0.03173643990364648,0.14829303962341758,0.11374583178955168,0.09001473976353203,0.06184486373165619
0.007790306503862447,0.14829303962341758,0.11374583178955168,0.07804167306364002,0.06184486373165619
0.004958883628208323,0.147107840896973,0.11374583178955168,0.07603336226259066,0.06184486373165619
0.0033059224188055486,0.14388129732035404,0.0958379646782759,0.0735936098695798,0.04122990915443745
0.0,0.0,0.0,0.0,0.0
0.0,0.0,0.0,0.0,0.0
0.0,0.0,0.0,0.0,0.0
0.0,0.0,0.0,0.0,0.0
0.0,0.0,0.0,0.0,0.0
0.0,0.0,0.0,0.0,0.0
0.0,0.0,0.0,0.0,0.0
0.0,0.0,0.0,0.0,0.0
0.0,0.0,0.0,0.0,0.0
0.0,0.0,0.0,0.0,0.0
0.0043296785447296295,0.12328047164206389,0.08027664567123625,0.06380507509339677,0.051537386443046826
0.012742960378769,0.14793656597047666,0.09633197480548351,0.08033976317462282,0.06184486373165619
0.03547221530027411,0.14793656597047666,0.09633197480548351,0.09170439063537539,0.06184486373165619
0.07316845252927984,0.14793656597047666,0.09633197480548351,0.11055250924987825,0.0627183787561146
0.09566720657861949,0.14793656597047666,0.09633197480548351,0.12180188627454808,0.06306778476589797
0.08199912783453775,0.1481148027969471,0.1050389032975176,0.11505696531574243,0.06411600279524808
0.10675409087133483,0.14829303962341758,0.11374583178955168,0.1275235652473762,0.06446540880503145
0.10959485837694162,0.14829303962341758,0.11374583178955168,0.1289439490001796,0.06586303284416492
0.10765221363900658,0.18394040491750835,0.08534024947511423,0.14579630927825746,0.06114605171208944
0.06175035301935375,0.1929878281004829,0.04378164752377424,0.12736909055991832,0.19252271139063593
0.045828141872248526,0.1587709275931935,0.01994565888600716,0.10229953473272102,0.11809923130677846
0.0059317634355012866,0.11876818548817085,0.002593553167839941,0.062349974461836065,0.07791754018169111
0.0006437411745161558,0.11400606309888336,0.0007410151908114116,0.05732490213669976,0.057651991614255764
0.0010974748733283495,0.11445546364425757,0.0007410151908114116,0.05777646925879296,0.03843466107617051
0.0,0.0,0.0,0.0,0.0
0.0,0.0,0.0,0.0,0.0
0.0,0.0,0.0,0.0,0.0
0.0,0.0,0.0,0.0,0.0
0.0,0.0,0.0,0.0,0.0
0.0,0.0,0.0,0.0,0.0
0.0,0.0,0.0,0.0,0.0
0.0,0.0,0.0,0.0,0.0
0.0,0.0,0.0,0.0,0.0
0.0,0.0,0.0,0.0,0.0
0.0002367306254672315,0.012057645141142239,0.00030875632950475484,0.006147187883304735,0.0
0.022694991278345376,0.036392303825236505,0.022106953192540447,0.02954364755179094,0.010831586303284417
0.08049152753550957,0.08863549807290953,0.11263430900333457,0.08456351280420955,0.04437456324248777
0.1524617908464158,0.17672562192465305,0.27361985920711374,0.16459370638553444,0.10255066387141859
0.17700805714760365,0.3189601328397544,0.312399654192911,0.24798409499367902,0.1629979035639413
0.26807043774399864,0.4500936885882729,0.294677040879338,0.3590820631661358,0.21855345911949686
0.3999532768502368,0.4120637387078591,0.17623811288131408,0.40600850777904796,0.306953179594689
0.4618334163967106,0.31196014807367123,0.16209707298999626,0.3868967822351909,0.3385744234800839
0.36435335160727633,0.28857913258077783,0.13869334321353588,0.3264662420940271,0.35971348707197764
0.24293338317135968,0.17778133235836266,0.15826849450413732,0.21035735776486117,0.26240391334730956
0.15200182739430187,0.08627576436177506,0.0852784982092133,0.11913879587803847,0.13906359189378056
0.03764016944928981,0.049123288088600454,0.007286649376312215,0.04338172876894513,0.024283717679944094
1.24595066035385e-05,0.05565559160915863,0.0007410151908114116,0.027834025557881083,0.0010482180293501049
0.0002824154830135393,0.04199990859649925,0.0007410151908114116,0.021141162039756394,0.0010482180293501049
0.0,0.0,0.0,0.0,0.0
0.0,0.0,0.0,0.0,0.0
0.0,0.0,0.0,0.0,0.0
0.0,0.0,0.0,0.0,0.0
0.0,0.0,0.0,0.0,0.0
0.0,0.0,0.0,0.0,0.0
0.0,0.0,0.0,0.0,0.0
0.0,0.0,0.0,0.0,0.0
0.0,0.0,0.0,0.0,0.0
0.0,0.0,0.0,0.0,0.0
0.00022738599551457763,0.015369498651798364,0.0011115227862171174,0.007798442323656471,0.0008735150244584207
0.03051333167206578,0.030870008988010903,0.06267753488946524,0.03069167033003834,0.02148846960167715
0.13662368136888445,0.09872796794783907,0.15555143880449548,0.11767582465836177,0.08997204751921732
0.38970014120774155,0.187794585865972,0.1791404223786588,0.28874736353685676,0.17173305380852552
0.6507486086884293,0.2885943664975702,0.18445103124614054,0.46967148759299976,0.3474842767295597
0.3924329263227843,0.3378791341041695,0.20433493886624676,0.36515603021347687,0.41264849755415794
0.5328526040368803,0.37807991712749267,0.24286772878844015,0.4554662605821865,0.4357092941998602
0.6931597308746573,0.42194750392273356,0.35383475361244904,0.5575536173986955,0.4493361285814116
0.6345429437660935,0.3457154609021525,0.3280844757317525,0.49012920233412305,0.3967505241090147
0.47810137885206416,0.257904117727709,0.12856613560577992,0.36800274828988655,0.2966457023060797
0.27048758202508516,0.09561567874716267,0.04310238359886377,0.18305163038612393,0.14360587002096437
0.05610100506686602,0.028854561796383467,0.004507842410769421,0.04247778343162474,0.024283717679944094
6.22975330176925e-06,0.020049357890407203,0.0,0.010027793821854486,0.0
0.0003146025417393471,0.01445394025257834,0.0,0.0073842713971588436,0.0
0.0,0.0,0.0,0.0,0.0
0.0,0.0,0.0,0.0,0.0
0.0,0.0,0.0,0.0,0.0
0.0,0.0,0.0,0.0,0.0
0.0,0.0,0.0,0.0,0.0
0.0,0.0,0.0,0.0,0.0
0.0,0.0,0.0,0.0,0.0
0.0,0.0,0.0,0.0,0.0
0.0,0.0,0.0,0.0,0.0
0.0,0.0,0.0,0.0,0.0
0.00044231248442561685,0.030534862818579284,0.0002470050636038039,0.01548858765150245,0.0
0.021309909460918684,0.08873299514038055,0.01333827343460541,0.055021452300649615,0.004542278127183788
0.07150199352105657,0.1619380588943223,0.030752130418673584,0.11672002620768944,0.02603074772886094
0.16443641498463327,0.26642444738966836,0.14974681980980611,0.21543043118715083,0.05712788259958071
0.31458904394052667,0.3936169888640068,0.2001358527849821,0.3541030164022667,0.11722571628232005
0.7127253094110808,0.6562329570555886,0.2788687168086946,0.6844791332333346,0.17714884696016772
0.7561269623722899,0.7411376689060525,0.32635544028652586,0.7486323156391712,0.16684136967155835
0.7189581775895006,0.7424218880916471,0.365258737804125,0.7306900328405739,0.26659678546471
0.6216660436913365,0.6614642840820804,0.333703840928739,0.6415651638867084,0.32547169811320753
0.4642432926322783,0.5373474704081166,0.2310732370013585,0.5007953815201974,0.2777777777777778
0.2483896087714927,0.33844583580884485,0.08645177226133136,0.29341772229016877,0.14011180992313066
0.04723191294958052,0.14218576238136588,0.01957515129060146,0.0947088376654732,0.02620545073375262
6.22975330176925e-06,0.10283350852337644,0.0003705075954057058,0.051419869138339104,0.0
0.0003146025417393471,0.10723154030132687,0.0003705075954057058,0.053773071421533106,0.0
0.0,0.0,0.0,0.0,0.0
0.0,0.0,0.0,0.0,0.0
0.0,0.0,0.0,0.0,0.0
0.0,0.0,0.0,0.0,0.0
0.0,0.0,0.0,0.0,0.0
0.0,0.0,0.0,0.0,0.0
0.0,0.0,0.0,0.0,0.0
0.0,0.0,0.0,0.0,0.0
0.0,0.0,0.0,0.0,0.0
0.0,0.0,0.0,0.0,0.0
0.00202051665420716,0.08355194003930351,0.0026553044337408916,0.042786228346755335,0.0
0.0708748650220118,0.18139634081318648,0.0636038038779795,0.12613560291759915,0.03668763102725367
0.2841452778469973,0.37100071599408924,0.2043966901321477,0.32757299692054326,0.15513626834381553
0.4959028989118697,0.5879118870252731,0.34352229220699027,0.5419073929685714,0.27393431167016075
0.6057791344796081,0.7250384656399007,0.44714091638878595,0.6654088000597544,0.40932914046121593
0.5534907384334247,0.7978550645156376,0.5140175373595159,0.6756729014745311,0.4753668763102725
0.7032830799900324,0.8094374114528586,0.5283438310485365,0.7563602457214456,0.4930118798043327
0.6853496968186726,0.768039242569657,0.4946276398666173,0.7266944696941648,0.4647099930118798
0.5905660769166875,0.6615876788080983,0.4091021365938002,0.6260768778623929,0.39832285115303984
0.43949040617991525,0.4971268832929635,0.25077189082376183,0.4683086447364394,0.2884346610761705
0.22825504610017444,0.30225614307694654,0.1110905273558108,0.2652555945885605,0.14360587002096437
0.04343487831215217,0.11213838490014168,0.019698653822403357,0.07778663160614692,0.027428371767994408
1.24595066035385e-05,0.11115579726703533,0.0,0.055584128386819434,0.0
0.00029487498961707783,0.08656216199747117,0.0,0.04342851849354413,0.0
0.0,0.0,0.0,0.0,0.0
0.0,0.0,0.0,0.0,0.0
0.0,0.0,0.0,0.0,0.0
0.0,0.0,0.0,0.0,0.0
0.0,0.0,0.0,0.0,0.0
0.0,0.0,0.0,0.0,0.0
0.0,0.0,0.0,0.0,0.0
0.0,0.0,0.0,0.0,0.0
0.0,0.0,0.0,0.0,0.0
0.0,0.0,0.0,0.0,0.0
0.002656989783204585,0.09066617918132931,0.0,0.04666158448226695,0.0
0.07962559182656367,0.17889950185092088,0.004878350006175127,0.12926254683874228,0.01816911250873515
0.2666521305756292,0.3650701521868287,0.016858095590959615,0.31586114138122895,0.05555555555555555
0.46359851316554535,0.5319211492466829,0.04927751018895887,0.4977598312061141,0.1069182389937107
0.6113173851648809,0.6731395579117346,0.08015314313943435,0.6422284715383078,0.15531097134870722
0.6957741506769666,0.7714805843730481,0.221687044584414,0.7336273675250073,0.22693920335429768
0.7016000083063377,0.7914278750209466,0.25262442880079045,0.7465139416636422,0.29227812718378754
0.6613454190547388,0.7628155325015614,0.22749166357910336,0.71208047577815,0.22886093640810623
0.5745244621646316,0.6699571926938134,0.16129430653328392,0.6222408274292225,0.1717330538085255
0.4124927319544812,0.5202717730755754,0.06903791527726319,0.4663822525150283,0.12089447938504541
0.2071174931472714,0.3229270447724814,0.035259972829443,0.2650222689598764,0.0880503144654088
0.039706370961043284,0.14900446353762017,0.007842410769420773,0.09435541724933173,0.02480782669461915
6.22975330176925e-06,0.11077494934722668,0.0003705075954057058,0.05539058955026422,0.0
0.0003146025417393471,0.10877930624742928,0.0003705075954057058,0.05454695439458431,0.0
0.0,0.0,0.0,0.0,0.0
0.0,0.0,0.0,0.0,0.0
0.0,0.0,0.0,0.0,0.0
0.0,0.0,0.0,0.0,0.0
0.0,0.0,0.0,0.0,0.0
0.0,0.0,0.0,0.0,0.0
0.0,0.0,0.0,0.0,0.0
0.0,0.0,0.0,0.0,0.0
0.0,0.0,0.0,0.0,0.0
0.0,0.0,0.0,0.0,0.0
0.00076106819503281,0.05092546044513504,0.0008027664567123626,0.025843264320083926,0.0
0.053585223025168216,0.06074981338451929,0.021427689267629987,0.057167518204843754,0.029699510831586305
0.2705737602790929,0.17949514799750166,0.03525997282944301,0.22503445413829729,0.11408106219426975
0.47751162887283,0.43379492101214145,0.04137334815363715,0.45565327494248575,0.2325296995108316
0.6206412492731954,0.581003305759944,0.06872915894775843,0.6008222775165697,0.366701607267645
0.701348741589833,0.6584967170909312,0.09676423366679017,0.679922729340382,0.43378756114605177
0.7142162970346373,0.6867906707493563,0.44497962208225267,0.7005034838919968,0.46296296296296297
0.6808248193371541,0.6613165150891945,0.3341360997900457,0.6710706672131743,0.41806429070580015
0.5371428274773653,0.5984111024785582,0.27862171174509076,0.5677769649779618,0.3570929419986023
0.3866018772323283,0.4601191292293162,0.21730270470544646,0.42336050323082225,0.2489517819706499
0.19437245618406843,0.26335633654768975,0.08756329504754848,0.22886439636587907,0.08874912648497554
0.04321476036215633,0.11028746400987156,0.015129060145732988,0.07675111218601395,0.015548567435359888
1.972755212226929e-05,0.08594671175906037,0.0,0.04298321965559132,0.0
0.0003146025417393471,0.06987492954313484,0.0,0.035094766042437095,0.0
0.0,0.0,0.0,0.0,0.0
0.0,0.0,0.0,0.0,0.0
0.0,0.0,0.0,0.0,0.0
0.0,0.0,0.0,0.0,0.0
0.0,0.0,0.0,0.0,0.0
0.0,0.0,0.0,0.0,0.0
0.0,0.0,0.0,0.0,0.0
0.0,0.0,0.0,0.0,0.0
0.0,0.0,0.0,0.0,0.0
0.0,0.0,0.0,0.0,0.0
0.0008264806047013872,0.05693067044467803,0.00043225886130665684,0.028878575524689712,0.0
0.014488329595481355,0.07919961001173012,0.031060886748178335,0.04684396980360574,0.018343815513626835
0.06969951823241134,0.12989656170497996,0.085649005804619,0.09979803996869566,0.05171208944793851
0.10369632029238308,0.2353487805249608,0.18914412745461281,0.16952255040867195,0.10918937805730257
0.20043712102334083,0.30795210456560485,0.3276522168704459,0.25419461279447286,0.14727463312368974
0.37929437660935283,0.5109836540072819,0.2614548598246264,0.44513901530831734,0.19758909853249476
0.6305289060553201,0.3210228051734381,0.32123008521674695,0.4757758556143791,0.22606568832983925
0.6465674059307253,0.2916685709062657,0.20760775595899714,0.4691179884184955,0.23392732354996504
0.5482265968934297,0.2413067653824475,0.14215141410398913,0.39476668113793856,0.2038784067085954
0.41913780214303525,0.22047133738555522,0.14993207360750896,0.3198045697642952,0.12386443046820404
0.21414050170279925,0.14762731745959204,0.07478078300605162,0.18088390958119566,0.1144304682040531
0.0393658111138799,0.09490882500799781,0.0049401012720760775,0.06713731806093885,0.061495457721872815
6.22975330176925e-06,0.08395259205094223,0.0,0.041979410902122,0.057651991614255764
0.0003665171525874242,0.08054933503953202,0.0,0.04045792609605972,0.03843466107617051
0.0,0.0,0.0,0.0,0.0
0.0,0.0,0.0,0.0,0.0
0.0,0.0,0.0,0.0,0.0
0.0,0.0,0.0,0.0,0.0
0.0,0.0,0.0,0.0,0.0
0.0,0.0,0.0,0.0,0.0
0.0,0.0,0.0,0.0,0.0
0.0,0.0,0.0,0.0,0.0
0.0,0.0,0.0,0.0,0.0
0.0,0.0,0.0,0.0,0.0
0.0005108397707450785,0.07275413981688832,0.0,0.0366324897938167,0.04804332634521314
0.034698687598637756,0.12364456225340098,0.015684821538841546,0.07917162492601937,0.06009783368273935
0.1905993022676302,0.20434623646085645,0.03791527726318389,0.19747276936424332,0.08106219426974143
0.44295414901569896,0.2625474155660162,0.08669877732493517,0.35275078229085755,0.11722571628232006
0.5279726306171609,0.3364547628840851,0.13708781030011116,0.43221369675062304,0.16526904262753322
0.535236522967024,0.364377008972777,0.2104483141904409,0.44980676596990044,0.26956673654786867
0.5973035551125508,0.38229057172889713,0.16327034704211435,0.489797063420724,0.2873864430468204
0.6563844588420965,0.35254177901680295,0.18722983821168332,0.5044631189294497,0.2290356394129979
0.5929095024503696,0.33063540666940877,0.08830431023835988,0.46177245455988913,0.2180293501048218
0.43174266965694824,0.2595021555992261,0.06965542793627268,0.3456224126280872,0.15740740740740744
0.22814394883295952,0.1635101991072925,0.03476596270223539,0.195827073970126,0.10202655485674353
0.04558414320126256,0.09772709961458191,0.007348400642213165,0.07165562140792224,0.06533892382948987
0.0,0.08594518836738113,0.0,0.042972594183690566,0.057651991614255764
0.00023050087216546224,0.08672364151547005,0.0,0.04347707119381775,0.03843466107617051
0.0,0.0,0.0,0.0,0.0
0.0,0.0,0.0,0.0,0.0
0.0,0.0,0.0,0.0,0.0
0.0,0.0,0.0,0.0,0.0
0.0,0.0,0.0,0.0,0.0
0.0,0.0,0.0,0.0,0.0
0.0,0.0,0.0,0.0,0.0
0.0,0.0,0.0,0.0,0.0
0.0,0.0,0.0,0.0,0.0
0.0,0.0,0.0,0.0,0.0
0.0033401860619652795,0.08756303033072832,0.0027788069655427933,0.0454516081963468,0.04804332634521314
0.09658921006728134,0.185392197187819,0.05810794121279487,0.14099070362755017,0.06621243885394829
0.30903833374865025,0.3207272671876666,0.2357663332098308,0.3148828004681584,0.12141858839972047
0.5018201262563337,0.4724311807808906,0.3725453871804372,0.48712565351861215,0.1958420684835779
0.6414725060220948,0.6924196030041284,0.34858589601086826,0.6669460545131116,0.26065688329839276
0.7132911786693247,0.7898770622914859,0.23218475978757566,0.7515841204804052,0.2529699510831586
0.7377512667165047,0.7926481117560135,0.2572557737433617,0.7651996892362591,0.34591194968553457
0.7007600299028157,0.7452234053897598,0.22292206990243302,0.7229917176462878,0.21069182389937108
0.6013040950245038,0.6471992443977271,0.1238112881314067,0.6242516697111155,0.16125087351502443
0.4364222526787938,0.446335481315601,0.060454489317031006,0.4413788669971974,0.12071977638015374
0.22974914860038212,0.18357174413113356,0.026738298135111766,0.20666044636575784,0.07983927323549964
0.04711250934462995,0.11116341422543151,0.002223045572434235,0.07913796178503073,0.06656184486373165
2.4919013207077e-05,0.10618344682601344,0.0,0.053104182919610256,0.057651991614255764
0.00030733449622061634,0.10843197294456378,0.0,0.054369653720392194,0.03843466107617051
0.0,0.0,0.0,0.0,0.0
0.0,0.0,0.0,0.0,0.0
0.0,0.0,0.0,0.0,0.0
0.0,0.0,0.0,0.0,0.0
0.0,0.0,0.0,0.0,0.0
0.0,0.0,0.0,0.0,0.0
0.0,0.0,0.0,0.0,0.0
0.0,0.0,0.0,0.0,0.0
0.0,0.0,0.0,0.0,0.0
0.0,0.0,0.0,0.0,0.0
0.0007558767339480023,0.09630425178617676,0.0,0.04853006426006238,0.04804332634521314
0.024145485505440656,0.11491552793138644,0.0032110658268494504,0.06953050671841354,0.06027253668763103
0.10747258908547223,0.14795179988726903,0.021427689267629984,0.12771219448637064,0.09067085953878407
0.2564675222194534,0.21449811861127616,0.06656786464122515,0.23548282041536478,0.17802236198462615
0.35376588587091945,0.28697347775086457,0.08768679757935038,0.320369681810892,0.2321802935010482
0.4622694991278346,0.25562969395061164,0.149870322341608,0.3589495965392231,0.34870719776380155
0.5889909876235567,0.32424782535837793,0.11485735457576879,0.45661940649096733,0.25943396226415094
0.28920799069690184,0.35727343357250574,0.1535136470297641,0.3232407121347038,0.19357092941998602
0.344815806960711,0.2655941989244855,0.10855872545387181,0.3052050029425982,0.1629979035639413
0.31541760112966194,0.2515927060006399,0.04020007410151908,0.28350515356515094,0.15024458420684833
0.21547159232494392,0.1608381701019149,0.016364085463752006,0.1881548812134294,0.1189727463312369
0.061240551540825645,0.11647395761924348,0.003211065826849451,0.08885725458003456,0.06568832983927324
6.437411745161559e-05,0.11396950169858172,0.0,0.057016937908016666,0.057651991614255764
0.000285530359664424,0.1151684109501394,0.0,0.05772697065490191,0.03843466107617051
0.0,0.0,0.0,0.0,0.0
0.0,0.0,0.0,0.0,0.0
0.0,0.0,0.0,0.0,0.0
0.0,0.0,0.0,0.0,0.0
0.0,0.0,0.0,0.0,0.0
0.0,0.0,0.0,0.0,0.0
0.0,0.0,0.0,0.0,0.0
0.0,0.0,0.0,0.0,0.0
0.0,0.0,0.0,0.0,0.0
0.0,0.0,0.0,0.0,0.0
0.0030556939945178174,0.09567204423929436,0.0,0.04936386911690609,0.04804332634521314
0.05015885870919511,0.12875858812059168,0.004384339878967519,0.0894587234148934,0.07529699510831586
0.1761722319129495,0.20508355803360603,0.02365073484006422,0.19062789497327776,0.1264849755415793
0.46779425201428676,0.30111512270919977,0.05582314437445967,0.38445468736174326,0.19793850454227813
0.682614835119196,0.6497250278018982,0.13974311473385206,0.6661699314605471,0.30520614954577213
0.7636794999584683,0.7273022256752434,0.3631591947634926,0.7454908628168558,0.3494060097833683
0.7807137220699394,0.69910424569261,0.29387427442262565,0.7399089838812747,0.43588399720475196
0.73660810698563,0.526540529835626,0.256947017413857,0.6315743184106279,0.45754716981132076
0.6240240053160561,0.4207379309294213,0.1740768185747808,0.5223809681227387,0.4110761705101328
0.45353849987540495,0.3891366939353777,0.23656909966654313,0.4213375969053913,0.31883298392732357
0.24041137137636018,0.27294456377679266,0.13325923181425217,0.2566779675765764,0.18780573025856045
0.052305008721654625,0.12111573206587145,0.02828207978263554,0.08671037039376303,0.08997204751921732
9.9676052828308e-05,0.0795286626144448,0.0003705075954057058,0.03981416933363655,0.057826694619147447
0.00031771741839023177,0.10173514312264827,0.0003705075954057058,0.05102643027051925,0.03843466107617051
0.0,0.0,0.0,0.0,0.0
0.0,0.0,0.0,0.0,0.0
0.0,0.0,0.0,0.0,0.0
0.0,0.0,0.0,0.0,0.0
0.0,0.0,0.0,0.0,0.0
0.0,0.0,0.0,0.0,0.0
0.0,0.0,0.0,0.0,0.0
0.0,0.0,0.0,0.0,0.0
0.0,0.0,0.0,0.0,0.0
0.0,0.0,0.0,0.0,0.0
0.003641290804884128,0.0010648507837850189,0.0008027664567123626,0.0023530707943345735,0.04874213836477988
0.08230750062297533,0.07949210121414317,0.013894034827713968,0.08089980091855925,0.08857442348008386
0.31284886618489904,0.25495635482838996,0.07638631591947635,0.2839026105066445,0.1549615653389238
0.5060542819171027,0.42005849824048264,0.27683092503396317,0.4630563900787926,0.3179594689028651
0.6465424869175181,0.5410493121886568,0.4453501296776584,0.5937958995530874,0.2638015373864431
0.7261680787440816,0.5784059229468489,0.494998147462023,0.6522870008454653,0.3256464011180992
0.7467231497632694,0.6667321725088738,0.5092626898851427,0.7067276611360715,0.4832285115303983
0.7049869175180664,0.5533933549654951,0.4850561936519699,0.6291901362417808,0.26222921034241786
0.5191720657861949,0.5320765351979647,0.4094726441892059,0.5256243004920798,0.2180293501048218
0.33347350278262317,0.41432292856816416,0.2721378288254909,0.37389821567539366,0.18081761006289307
0.23906470637096103,0.1892265740444526,0.08268494504137334,0.21414564020770682,0.10779175401816912
0.057455976410000824,0.06292521670246638,0.01463505001852538,0.0601905965562336,0.049091544374563235
0.0019644488744912365,0.035923099188032236,0.0003705075954057058,0.018943774031261736,0.039832285115303984
0.0016218124428939284,0.026494828085248997,0.0003705075954057058,0.014058320264071462,0.026554856743535988
0.0,0.0,0.0,0.0,0.0
0.0,0.0,0.0,0.0,0.0
0.0,0.0,0.0,0.0,0.0
0.0,0.0,0.0,0.0,0.0
0.0,0.0,0.0,0.0,0.0
0.0,0.0,0.0,0.0,0.0
0.0,0.0,0.0,0.0,0.0
0.0,0.0,0.0,0.0,0.0
0.0,0.0,0.0,0.0,0.0
0.0,0.0,0.0,0.0,0.0
0.0025137054572638923,0.03823256097375196,0.0011115227862171174,0.020373133215507926,0.04804332634521314
0.04479919428523964,0.04428042594031351,0.024638755094479436,0.04453981011277658,0.06184486373165619
0.13943952986128413,0.07823530307877458,0.0420526120785476,0.10883741647002936,0.0726764500349406
0.22824985463908964,0.15683622016056545,0.06533283932320613,0.19254303739982753,0.10185185185185186
0.2632579533183818,0.17580701674207458,0.06625910831172038,0.2195324850302282,0.16701607267645005
0.350297989866268,0.2963590938866292,0.11825367420032111,0.32332854187644855,0.1762753319357093
0.48250685272863203,0.37805554286062487,0.11281956280103742,0.4302811977946285,0.1850104821802935
0.5462694160644573,0.35230108313148395,0.14116339384957388,0.44928524959797067,0.16771488469601678
0.5370120026580281,0.19665767865575917,0.08910707669507226,0.36683484065689365,0.15670859538784068
0.45906740593072504,0.1620766875371327,0.03556872915894775,0.31057204673392885,0.1434311670160727
0.21962164631613926,0.10571881236384686,0.015129060145732988,0.16267022933999306,0.07337526205450734
0.0525002076584434,0.05810368203768871,0.0029640607632456465,0.055301944848066054,0.06097134870719776
0.0020412824985463905,0.03826302880733666,0.0,0.020152155652941525,0.057651991614255764
0.0016062380596395048,0.03618816934021906,0.0,0.018897203699929283,0.03843466107617051
0.0,0.0,0.0,0.0,0.0
0.0,0.0,0.0,0.0,0.0
0.0,0.0,0.0,0.0,0.0
0.0,0.0,0.0,0.0,0.0
0.0,0.0,0.0,0.0,0.0
0.0,0.0,0.0,0.0,0.0
0.0,0.0,0.0,0.0,0.0
0.0,0.0,0.0,0.0,0.0
0.0,0.0,0.0,0.0,0.0
0.0,0.0,0.0,0.0,0.0
0.003566533765262896,0.0027146839723961426,0.0002470050636038039,0.003140608868829519,0.04804332634521314
0.05487062878976658,0.013422604085736483,0.011176979128072126,0.034146616437751534,0.06883298392732355
0.12605282830799902,0.05853175509955364,0.03223416080029641,0.09229229170377633,0.10080363382250174
0.3348700058144364,0.10896211324893744,0.060577991848832904,0.22191605953168692,0.1387141858839972
0.33273631530858044,0.2001066374175464,0.1050389032975176,0.2664214763630634,0.14570230607966456
0.539280671152089,0.3482656185731913,0.15777448437692973,0.4437731448626402,0.12299091544374564
0.5994901985214718,0.5437030604938835,0.29053970606397433,0.5715966295076776,0.14709993011879802
0.5595003737851981,0.5455707386926253,0.2441027541064592,0.5525355562389117,0.17470300489168417
0.5375799485007061,0.31652422954465825,0.1320242064962332,0.4270520890226822,0.18029350104821804
0.46078058808871175,0.19840043873680363,0.1317772014326294,0.3295905134127577,0.2554157931516422
0.2604691004236232,0.1478984811784958,0.05020377917747314,0.2041837908010595,0.18885394828791058
0.06269104576792094,0.038889142787502086,0.011856243052982586,0.050790094277711514,0.08752620545073375
0.0019644488744912365,0.00010359063418795607,0.0,0.0010340197543395964,0.057826694619147447
0.0015678212476119278,0.001502064195725363,0.0,0.0015349427216686455,0.03843466107617051
0.0,0.0,0.0,0.0,0.0
0.0,0.0,0.0,0.0,0.0
0.0,0.0,0.0,0.0,0.0
0.0,0.0,0.0,0.0,0.0
0.0,0.0,0.0,0.0,0.0
0.0,0.0,0.0,0.0,0.0
0.0,0.0,0.0,0.0,0.0
0.0,0.0,0.0,0.0,0.0
0.0,0.0,0.0,0.0,0.0
0.0,0.0,0.0,0.0,0.0
0.008800564830966025,0.0014594092287067927,0.005928121526491292,0.005129987029836409,0.04909154437456324
0.14159606279591327,0.11301585850738083,0.08762504631344943,0.12730596065164707,0.08158630328441649
0.36451221031647146,0.28591624392547565,0.23990366802519453,0.3252142271209736,0.15548567435359886
0.5451978984965528,0.44868759806833935,0.38007904162035316,0.49694274828244606,0.273759608665269
0.6688231996012959,0.5715415200402176,0.48703223416080027,0.6201823598207568,0.3838225017470301
0.741064457180829,0.6398519263287784,0.5424848709398543,0.6904581917548037,0.42330538085255065
0.7623930559016528,0.6521929223222583,0.5506360380387798,0.7072929891119556,0.42994409503843467
0.7187245618406843,0.6279968922809743,0.533901444979622,0.6733607270608293,0.4189378057302586
0.6292964531937869,0.5420334232134424,0.454674570828702,0.5856649382036146,0.3714185883997205
0.47217273029321377,0.40218759045138097,0.3178337655921947,0.43718016037229734,0.31376659678546476
0.26253322535094276,0.22831680453361364,0.13239471409163886,0.2454250149422782,0.2024807826694619
0.06294231248442562,0.05606386057919352,0.03130789181178214,0.05950308653180957,0.09014675052410902
0.0019758700888778138,0.0042974879271209425,0.0011732740521180685,0.003136679007999378,0.057826694619147447
0.0015543234487914279,0.0008470057736544643,0.0011115227862171174,0.0012006646112229461,0.03843466107617051
0.0,0.0,0.0,0.0,0.0
0.0,0.0,0.0,0.0,0.0
0.0,0.0,0.0,0.0,0.0
0.0,0.0,0.0,0.0,0.0
