南部,中部,北部,東部,離島
0.1962962962962963,0.0021949742658189525,0.028790786948176585,,0.0
0.4,0.002346351801392673,0.029019285257289095,,0.0
0.2777777777777778,0.007417499243112322,0.028790786948176585,,0.0011737089201877935
0.1962962962962963,0.006811989100817439,0.028790786948176585,,0.008215962441314555
0.15925925925925924,0.005828035119588253,0.031075770039301707,,0.004694835680751174
0.15555555555555556,0.011883136542537087,0.03610273283977699,,0.007042253521126761
0.1851851851851852,0.014153799576142902,0.030847271730189196,,0.02464788732394366
0.3888888888888889,0.016500151377535577,0.030161776802851658,,0.03051643192488263
0.6666666666666666,0.011807447774750226,0.02970478018462663,,0.019953051643192492
0.49629629629629635,0.044126551619739635,0.029019285257289095,,0.022300469483568078
0.43333333333333335,0.0761429003935816,0.02924778356640161,,0.03755868544600939
0.4888888888888889,0.10603996366939147,0.028790786948176585,,0.02112676056338028
0.2962962962962963,0.1335149863760218,0.028790786948176585,,0.014084507042253521
0.12962962962962965,0.11133817741447168,0.029933278493739147,,0.012910798122065727
0.28888888888888886,0.07901907356948229,0.03381774974865186,,0.01056338028169014
0.2518518518518518,0.05790190735694823,0.04752764829540261,,0.004694835680751174
0.22592592592592592,0.028534665455646386,0.042272187185814825,,0.0035211267605633804
0.1851851851851852,0.015137753557372086,0.030618773421076686,,0.0011737089201877935
0.26666666666666666,0.019754768392370572,0.028790786948176585,,0.002347417840375587
0.37407407407407406,0.018997880714501966,0.028790786948176585,,0.0
0.3888888888888889,0.004692703602785346,0.02924778356640161,,0.0
0.40370370370370373,0.000529821374508023,0.0326752582030893,,0.002347417840375587
0.6333333333333333,0.00045413260672116256,0.041358193949364776,,0.0035211267605633804
0.8259259259259258,0.00045413260672116256,0.042272187185814825,,0.002347417840375587
0.5925925925925926,0.0006811989100817438,0.03404624805776438,,0.0
0.6814814814814815,0.006206478958522555,0.038844712549127136,,0.0011737089201877935
0.7481481481481481,0.004617014834998486,0.029019285257289095,,0.0
0.3296296296296296,0.001589464123524069,0.03039027511196417,,0.009389671361502348
0.16666666666666666,0.00045413260672116256,0.030161776802851658,,0.025821596244131457
0.17407407407407408,0.000529821374508023,0.029019285257289095,,0.03169014084507042
0.21851851851851853,0.0017408416590977897,0.028790786948176585,,0.02464788732394366
0.1962962962962963,0.00045413260672116256,0.028790786948176585,,0.03403755868544601
0.28888888888888886,0.0008325764456554646,0.028790786948176585,,0.01643192488262911
0.4074074074074074,0.00045413260672116256,0.028790786948176585,,0.07276995305164319
0.43703703703703706,0.00022706630336058128,0.028790786948176585,,0.03990610328638498
0.2814814814814815,0.0028761731759006964,0.028790786948176585,,0.07042253521126761
0.26666666666666666,0.01385104450499546,0.028790786948176585,,0.08215962441314555
0.23333333333333334,0.018543748107780804,0.028790786948176585,,0.05985915492957746
0.08888888888888889,0.009688162276718133,0.03770222100356458,,0.09859154929577464
0.12222222222222222,0.01074780502573418,0.04775614660451512,,0.09389671361502347
0.1962962962962963,0.002270663033605813,0.048670139840965174,,0.035211267605633804
0.1148148148148148,0.00030275507114744176,0.0418151905675898,,0.011737089201877934
0.10740740740740741,0.0,0.029247783566401606,,0.03286384976525822
0.18888888888888888,0.0,0.029019285257289095,,0.05399061032863849
0.13333333333333333,0.00022706630336058128,0.038159217621789594,,0.023474178403755867
0.15925925925925924,0.00522252497729337,0.044785668586052464,,0.01995305164319249
0.08518518518518518,0.015440508628519528,0.052783109404990404,,0.017605633802816902
0.18148148148148147,0.02580986981531941,0.0728909606068915,,0.02230046948356807
0.34814814814814815,0.02338782924613987,0.06375102824239101,,0.03169014084507042
0.3592592592592593,0.02543142597638511,0.05461109587789051,,0.0363849765258216
0.2037037037037037,0.0359521646987587,0.03975870578557718,,0.056338028169014086
0.17777777777777778,0.020511656070239175,0.034731742985101906,,0.0528169014084507
0.12962962962962965,0.0052225249772933705,0.03633123114888949,,0.019953051643192492
0.08518518518518518,0.0026491068725401153,0.03678822776711452,,0.02699530516431925
0.1,0.0032546170148349987,0.035874234530664476,,0.02699530516431925
0.05185185185185186,0.021419921283681503,0.029933278493739147,,0.012910798122065728
0.03333333333333333,0.04654859218891916,0.031761264966639245,,0.009389671361502348
0.02962962962962963,0.0315622161671208,0.03358925143953935,,0.01643192488262911
0.037037037037037035,0.0315622161671208,0.027419797093501508,,0.023474178403755867
0.07407407407407407,0.06660611565243718,0.0006854949273375377,,0.039906103286384983
0.14074074074074075,0.1704511050560097,0.00045699661822502514,,0.04694835680751174
0.08518518518518518,0.148047229791099,0.0075404442007129145,,0.07746478873239436
0.11851851851851852,0.10543445352709659,0.0,,0.11854460093896713
0.1111111111111111,0.18309112927641538,0.0015994881637875881,,0.15258215962441316
0.0925925925925926,0.11103542234332425,0.0013709898546750755,,0.1255868544600939
0.04814814814814815,0.1114895549500454,0.00045699661822502514,,0.06338028169014084
0.011111111111111112,0.10399636693914623,0.0009139932364500503,,0.029342723004694836
0.0,0.06834695731153496,0.00022849830911251257,,0.07629107981220656
0.0,0.0344383893430215,0.002741979709350151,,0.07981220657276995
0.0,0.023766273085074174,0.040215702403802206,,0.05985915492957746
0.0,0.09415682712685437,0.2876793711726533,,0.04929577464788732
0.0,0.16416893732970028,0.10876519513755598,,0.015258215962441316
0.0,0.18536179231002117,0.03884471254912713,,0.107981220657277
0.03333333333333333,0.07326672721768089,0.09277031349968011,,0.03873239436619718
0.02962962962962963,0.10134726006660612,0.014395393474088292,,0.07863849765258214
0.07037037037037037,0.0975628216772631,0.021250342747463666,,0.107981220657277
0.007407407407407408,0.08832879200726612,0.3614843250159949,,0.0903755868544601
0.0,0.06304874356645473,0.2109039393108491,,0.08450704225352113
0.0,0.024144716924008477,0.11379215793803125,,0.04812206572769953
0.06666666666666667,0.02338782924613987,0.0436431770404899,,0.0011737089201877935
0.07407407407407407,0.12798970632758097,0.06877799104286629,,0.008215962441314555
0.02962962962962963,0.0348168331819558,0.10328123571885568,,0.002347417840375587
0.1259259259259259,0.048138056312443236,0.4684215336806507,,0.04225352112676056
0.10740740740740741,0.17703602785346656,0.5387990128873047,,0.005868544600938967
0.17407407407407408,0.22646079321828638,0.4151814276574353,,0.008215962441314555
0.13333333333333333,0.2258552830759915,0.3619413216342199,,0.009389671361502348
0.12962962962962965,0.19020587344838027,0.46476556073485065,,0.0035211267605633804
0.15555555555555556,0.3344686648501363,0.5687322913810439,,0.16784037558685447
0.24074074074074073,0.4393732970027248,0.45311214697011243,,0.3814553990610329
0.0962962962962963,0.5607023917650621,0.7277671145233524,,0.20892018779342722
0.05555555555555555,0.24144716924008475,0.6400237638241477,,0.15845070422535212
0.014814814814814815,0.13222827732364517,0.4133534411845352,,0.18661971830985916
0.022222222222222223,0.10013623978201633,0.09779727630015538,,0.2007042253521127
0.037037037037037035,0.0801544050862852,0.10510922219175577,,0.10798122065727699
0.040740740740740744,0.0275507114744172,0.563019833653231,,0.19835680751173707
0.003703703703703704,0.11444141689373297,0.6973768394113883,,0.16666666666666666
0.0,0.2167726309415683,0.6834384425555252,,0.26291079812206575
0.007407407407407408,0.06274598849530728,0.6020930445114706,,0.26643192488262907
0.0,0.02361489554950045,0.536742528105292,,0.2323943661971831
0.4,0.2511353315168029,0.6336258111689973,,0.2992957746478873
0.9518518518518518,0.5214956100514684,0.5042957682113153,,0.27699530516431925
0.8592592592592593,0.3116863457462912,0.5177771684489535,,0.29812206572769956
0.8851851851851852,0.4016046018770814,0.6288273466776345,,0.2934272300469483
0.9444444444444444,0.37488646684831967,0.7174846906132895,,0.312206572769953
0.7814814814814814,0.5099909173478656,0.6738415135727996,,0.3110328638497653
0.8888888888888888,0.45019679079624586,0.6781829814459372,,0.312206572769953
0.8518518518518519,0.3733726914925825,0.6742985101910246,,0.32159624413145543
0.8074074074074075,0.520057523463518,0.6825244493190751,,0.35563380281690143
0.7814814814814814,0.4765364819860733,0.6781829814459372,,0.2887323943661972
0.6407407407407407,0.5514683620950651,0.7535874234530665,,0.37441314553990607
0.5888888888888889,0.5533605812897366,0.7549584133077416,,0.42018779342723006
0.7,0.5695579775961248,0.7412485147609907,,0.4471830985915493
0.837037037037037,0.564562518922192,0.7727812814185174,,0.4154929577464789
0.8518518518518519,0.5761429003935815,0.7442189927794535,,0.4694835680751173
0.8962962962962964,0.5772782319103844,0.7483319623434785,,0.477699530516432
1.0,0.5885558583106267,0.7572433963988667,,0.47417840375586856
0.9925925925925927,0.5392824704813806,0.7371355451969656,,0.477699530516432
1.011111111111111,0.486451710566152,0.7300520976144776,,0.4507042253521127
0.9074074074074074,0.4973508931274599,0.7355360570331779,,0.4530516431924883
0.9962962962962962,0.5526793823796549,0.7675258203089297,,0.4002347417840376
1.0148148148148148,0.5211928549803209,0.7531304268348414,,0.4624413145539906
0.9925925925925927,0.5130184680593399,0.7362215519605154,,0.49061032863849763
0.7074074074074075,0.49984862246442624,0.7677543186180421,,0.49530516431924887
0.4777777777777778,0.4660914320314865,0.7474179691070286,,0.49295774647887325
0.3148148148148148,0.5404178019981835,0.7837492002559181,,0.4917840375586855
0.36666666666666664,0.5629730547986679,0.7949456174024313,,0.494131455399061
0.26666666666666666,0.5583560399636694,0.7874051732017183,,0.49882629107981225
0.17037037037037037,0.5681955797759612,0.7958596106388813,,0.49882629107981225
0.18888888888888888,0.5632001211020284,0.7892331596746185,,0.3626760563380282
0.24444444444444444,0.5647895852255526,0.7903756512201809,,0.44953051643192493
0.637037037037037,0.560248259158341,0.7853486884197056,,0.48122065727699537
0.9037037037037037,0.5591886164093249,0.7938031258568685,,0.48708920187793425
0.9888888888888889,0.5323191038449894,0.7906041495292935,,0.48708920187793425
0.9333333333333333,0.5239933393884347,0.8004295768211315,,0.4917840375586855
0.8814814814814814,0.5178625491976991,0.7940316241659812,,0.4917840375586855
0.9074074074074074,0.5186951256433545,0.798373092039119,,0.49295774647887325
0.8518518518518519,0.5076445655464729,0.7922036376930811,,0.4882629107981221
1.0074074074074073,0.5239933393884347,0.800658075130244,,0.49295774647887325
1.0037037037037038,0.51952770208901,0.8079700210218443,,0.49295774647887325
0.9925925925925927,0.5145322434150772,0.8065990311671694,,0.4917840375586855
1.0074074074074073,0.5241447169240085,0.8040855497669316,,0.49295774647887325
0.5962962962962963,0.5165758401453223,0.7979160954208938,,0.49295774647887325
1.011111111111111,0.5123372691492583,0.7869481765834933,,0.49295774647887325
1.0148148148148148,0.5171813502876174,0.791746641074856,,0.494131455399061
0.8518518518518519,0.5491976990614593,0.7567863997806417,,0.4917840375586855
1.011111111111111,0.5505600968816228,0.7019468055936386,,0.4894366197183099
1.0074074074074073,0.5317892824704814,0.6528196691344483,,0.494131455399061
0.9962962962962962,0.5170299727520435,0.647792706333973,,0.494131455399061
1.011111111111111,0.5203602785346655,0.6836669408646375,,0.4823943661971831
1.0148148148148148,0.5116560702391765,0.6370532858056851,,0.46713615023474175
1.0148148148148148,0.49492885255828034,0.5328580568503792,,0.45305164319248825
1.011111111111111,0.407811080835604,0.3516588977241568,,0.4870892018779343
1.0037037037037038,0.349227974568574,0.4608810894799379,,0.45187793427230044
1.0074074074074073,0.3874508023009386,0.7350790604149529,,0.44953051643192493
1.0148148148148148,0.3667120799273388,0.6834384425555252,,0.45774647887323944
0.9888888888888889,0.4353617923100212,0.6749840051183622,,0.35798122065727705
0.9888888888888889,0.48440811383590676,0.6893793985924503,,0.3626760563380282
0.9037037037037037,0.5105964274901605,0.6854949273375377,,0.37558685446009393
0.8703703703703703,0.510823493793521,0.600493556347683,,0.397887323943662
0.7851851851851852,0.5719800181653042,0.5132072022667031,,0.35446009389671357
0.8555555555555555,0.6139872842870118,0.6423087469152728,,0.3826291079812207
0.6814814814814815,0.6295791704511051,0.708344758248789,,0.39671361502347424
0.7481481481481481,0.5914320314865273,0.662873594735399,,0.30633802816901406
0.8777777777777778,0.5762185891613685,0.7042317886847637,,0.3650234741784038
0.6222222222222222,0.4279442930669089,0.6843524357919751,,0.39319248826291076
0.9888888888888889,0.5302755071147441,0.7035462937574262,,0.352112676056338
0.9888888888888889,0.5888586133817741,0.7076592633214515,,0.3673708920187793
0.8740740740740741,0.6040720557069332,0.7138287176674892,,0.32981220657277
0.9407407407407407,0.5610808356039965,0.6752125034274747,,0.30868544600938963
0.5666666666666667,0.5770511656070239,0.6011790512750205,,0.2969483568075117
0.23333333333333334,0.564486830154405,0.5282880906681291,,0.30633802816901406
0.11851851851851852,0.522782319103845,0.4864729001005393,,0.2805164319248826
0.018518518518518517,0.5208900999091735,0.46613655058952563,,0.30633802816901406
0.03333333333333333,0.49159854677565845,0.4442007129147244,,0.2981220657276995
0.03333333333333333,0.4068271268543748,0.4295768211315236,,0.2875586854460094
0.0,0.5246745382985165,0.45448313682478747,,0.28990610328638494
0.3148148148148148,0.5376930063578564,0.400786034183347,,0.28286384976525825
0.4888888888888889,0.35853769300635785,0.41221094963897265,,0.32276995305164324
0.6259259259259259,0.3068422646079321,0.47710446942692625,,0.34507042253521125
0.5111111111111111,0.5684983348471088,0.5995795631112331,,0.3016431924882629
0.6814814814814815,0.5935513169845595,0.6343113060963349,,0.3004694835680751
0.7888888888888889,0.6172419013018469,0.6902933918289005,,0.32981220657277
0.9703703703703704,0.617696033908568,0.6656155744447492,,0.37089201877934275
0.7111111111111111,0.6214047835301242,0.6708710355543369,,0.36502347417840375
0.7740740740740741,0.6011201937632457,0.6742985101910246,,0.4342723004694835
0.9185185185185184,0.6099000908265213,0.6329403162416599,,0.5211267605633803
0.8962962962962964,0.602558280351196,0.643679736769948,,0.5446009389671362
0.9555555555555556,0.572055706933091,0.637053285805685,,0.49413145539906106
0.7555555555555555,0.5615349682107176,0.5196051549218537,,0.477699530516432
0.8407407407407408,0.49318801089918257,0.31852664290284255,,0.4518779342723005
0.9037037037037037,0.4349076597033,0.24860616031441365,,0.4647887323943662
0.8703703703703703,0.44035725098395395,0.345032446759894,,0.4119718309859155
0.9148148148148149,0.43763245534362694,0.5374280230326296,,0.3884976525821596
0.7074074074074075,0.44232515894641233,0.5116077141029157,,0.4002347417840376
0.4851851851851852,0.39025128670905235,0.4055844986747098,,0.4025821596244131
0.5666666666666667,0.3164547381168635,0.46796453706242574,,0.3779342723004695
0.6259259259259259,0.4281713593702695,0.47824696097248875,,0.3685446009389672
0.7481481481481481,0.3748864668483197,0.408783475002285,,0.3204225352112676
0.9037037037037037,0.3801089918256131,0.3230966090850928,,0.36502347417840375
0.9592592592592594,0.3961550105964275,0.40192852572890964,,0.36502347417840375
0.7518518518518519,0.5067363003330306,0.4435152179873869,,0.3826291079812207
0.762962962962963,0.5762185891613684,0.6082624988575085,,0.31455399061032857
0.8,0.603617923100212,0.6413947536788227,,0.31338028169014087
0.7296296296296296,0.5893884347562822,0.637053285805685,,0.2793427230046948
0.6037037037037036,0.5866636391159552,0.6418517502970479,,0.36150234741784043
0.6,0.5918861640932486,0.6843524357919751,,0.17370892018779344
0.5333333333333333,0.5952164698758705,0.7049172836121014,,0.14788732394366197
0.48148148148148145,0.5943838934302149,0.7300520976144776,,0.22183098591549297
0.5481481481481482,0.6102785346654557,0.7355360570331779,,0.1960093896713615
0.42962962962962964,0.6077808053284893,0.7131432227401517,,0.22065727699530518
0.2925925925925926,0.5967302452316077,0.688693903665113,,0.24061032863849763
0.17407407407407408,0.5746291250378444,0.6580751302440362,,0.10915492957746478
0.23703703703703705,0.47873145625189223,0.5886116442738324,,0.15375586854460094
0.23333333333333334,0.27126854374810777,0.4862444017914268,,0.1068075117370892
0.14074074074074075,0.33795034816833175,0.43049081436797365,,0.1255868544600939
0.0962962962962963,0.2218437783832879,0.35005940956036924,,0.044600938967136156
0.08888888888888889,0.19361186799878896,0.19422356274563568,,0.04107981220657277
0.14074074074074075,0.21934604904632152,0.33475002284983085,,0.036384976525821594
0.14814814814814814,0.07099606418407507,0.16566127410657158,,0.025821596244131457
0.3185185185185185,0.2293369663941871,0.21570240380221187,,0.008215962441314555
0.5333333333333333,0.33023009385407204,0.44191572982359933,,0.012910798122065728
0.36296296296296293,0.2924613987284287,0.2924778356640161,,0.022300469483568078
0.17777777777777778,0.1630336058128974,0.09071382871766749,,0.008215962441314555
0.14814814814814814,0.11080835603996367,0.17937117265332236,,0.0
0.3111111111111111,0.06948228882833787,0.24335069920482583,,0.0
0.4777777777777778,0.1109597335755374,0.22392834293026231,,0.0
0.4444444444444444,0.21132303966091429,0.21821588520244953,,0.0
0.3370370370370371,0.23402966999697247,0.1329860159034823,,0.0
0.43703703703703706,0.20723584620042385,0.04021570240380221,,0.0
0.3333333333333333,0.14002422040569182,0.044785668586052464,,0.004694835680751174
0.15925925925925924,0.11285195277020889,0.039301709167352164,,0.012910798122065728
0.1148148148148148,0.10831062670299728,0.05209761447765286,,0.015258215962441314
0.11851851851851852,0.1375264910687254,0.058724065441915725,,0.007042253521126761
0.08888888888888889,0.10815924916742356,0.02467781738415136,,0.002347417840375587
0.02592592592592593,0.061156524371783226,0.01325290192852573,,0.002347417840375587
0.05185185185185186,0.03247048138056312,0.005483959418700302,,0.0
0.06296296296296296,0.008401453224341507,0.002284983091125126,,0.0
0.02592592592592593,0.0009082652134423251,0.0013709898546750755,,0.0011737089201877935
0.07037037037037037,0.0011353315168029065,0.0013709898546750755,,0.0035211267605633804
0.15185185185185185,0.0024220405691795332,0.0013709898546750755,,0.004694835680751174
0.14814814814814814,0.015213442325158947,0.0018279864729001006,,0.004694835680751174
0.10740740740740741,0.024069028156221618,0.0025134814002376383,,0.0
0.018518518518518517,0.02580986981531941,0.0015994881637875881,,0.0
0.003703703703703704,0.024144716924008474,0.0022849830911251257,,0.0
0.04814814814814815,0.043142597638510444,0.0018279864729001006,,0.0
0.15925925925925924,0.027777777777777776,0.002741979709350151,,0.0
0.12222222222222222,0.002346351801392673,0.005255461109587789,,0.0
0.1148148148148148,0.016802906448683014,0.004341467873137739,,0.0
0.2740740740740741,0.022858007871631853,0.0015994881637875881,,0.0
0.2037037037037037,0.03201634877384196,0.00525546110958779,,0.0
0.26296296296296295,0.03012412957917045,0.0671785028790787,,0.015258215962441314
0.20740740740740743,0.07720254314259764,0.09619778813636778,,0.10211267605633803
0.17407407407407408,0.07568876778686041,0.03244675989397678,,0.046948356807511735
0.08148148148148149,0.0286860429912201,0.0018279864729001006,,0.017605633802816902
0.21851851851851853,0.0033303057826218584,0.003655972945800201,,0.008215962441314555
0.39629629629629626,0.0,0.007311945891600402,,0.004694835680751174
0.5407407407407407,0.0,0.005483959418700302,,0.0
0.5185185185185186,0.0023463518013926736,0.01850836303811352,,0.0
0.4444444444444444,0.01211020284589767,0.06786399780641623,,0.0
0.3888888888888889,0.04753254617014835,0.017137373183438442,,0.004694835680751174
0.2925925925925926,0.07629427792915532,0.0013709898546750755,,0.007042253521126761
0.17777777777777778,0.04352104147744475,0.0029704780184626636,,0.007042253521126761
0.2037037037037037,0.02989706327580987,0.005026962800475277,,0.007042253521126761
0.2592592592592593,0.021268543748107785,0.0029704780184626636,,0.002347417840375587
0.24074074074074073,0.007417499243112323,0.0015994881637875881,,0.0011737089201877935
0.23333333333333334,0.0048440811383590665,0.004112969564025226,,0.0011737089201877935
0.17777777777777778,0.007417499243112322,0.0038844712549127134,,0.0
0.1259259259259259,0.0034816833181955794,0.002056484782012613,,0.002347417840375587
0.1,0.004919769906145928,0.0015994881637875881,,0.008215962441314553
0.0962962962962963,0.025052982137450802,0.0013709898546750755,,0.007042253521126761
0.037037037037037035,0.025280048440811383,0.0013709898546750755,,0.008215962441314555
0.018518518518518517,0.007568876778686042,0.0013709898546750755,,0.011737089201877934
0.1148148148148148,0.0018922191946715108,0.0013709898546750755,,0.007042253521126761
0.2222222222222222,0.0,0.0013709898546750755,,0.004694835680751174
0.22592592592592592,0.00037844383893430214,0.0015994881637875881,,0.0
0.1925925925925926,0.004465637299424765,0.007311945891600402,,0.0
0.11851851851851852,0.011050560096881623,0.020793346129238645,,0.0
0.13333333333333333,0.012412957917045109,0.012795905310300703,,0.0
0.1259259259259259,0.006282167726309415,0.019879352892788592,,0.002347417840375587
0.16296296296296298,0.0027247956403269754,0.008454437437162966,,0.015258215962441314
0.10370370370370371,0.0026491068725401153,0.00022849830911251257,,0.017605633802816902
0.06296296296296296,0.0049197699061459274,0.0,,0.062206572769953054
0.10740740740740741,0.006963366636391161,0.0,,0.06572769953051644
0.20740740740740743,0.008401453224341509,0.011424915455625627,,0.02112676056338028
0.2037037037037037,0.00537390251286709,0.02033634951101362,,0.017605633802816902
0.14074074074074075,0.005903723887375112,0.00822593912805045,,0.0011737089201877935
0.1111111111111111,0.01256433545261883,0.006626450964262864,,0.011737089201877934
0.1925925925925926,0.010520738722373598,0.004112969564025226,,0.0035211267605633804
0.2925925925925926,0.011201937632455344,0.002741979709350151,,0.011737089201877934
0.3074074074074074,0.009385407205570694,0.00045699661822502514,,0.028169014084507043
0.23703703703703705,0.00711474417196488,0.0,,0.022300469483568078
0.27037037037037037,0.01369966696942174,0.0,,0.02699530516431925
0.4074074074074074,0.01899788071450197,0.00022849830911251257,,0.02230046948356807
0.3925925925925926,0.004692703602785346,0.00045699661822502514,,0.012910798122065728
0.3,0.011201937632455344,0.0,,0.007042253521126761
0.13703703703703704,0.006206478958522555,0.001599488163787588,,0.0
0.04814814814814815,0.00022706630336058128,0.00525546110958779,,0.0
0.037037037037037035,0.008855585831062671,0.0009139932364500503,,0.0
0.07777777777777778,0.09551922494701785,0.17937117265332234,,0.026995305164319246
0.06666666666666667,0.2534816833181956,0.17160223014349696,,0.05046948356807512
0.003703703703703704,0.18952467453829852,0.02399232245681382,,0.06220657276995305
0.003703703703703704,0.02694520133212231,0.0,,0.07394366197183098
0.022222222222222223,0.01604601877081441,0.0013709898546750755,,0.07629107981220658
0.011111111111111112,0.021646987587042085,0.007083447582487889,,0.07746478873239436
0.011111111111111112,0.01755979412655162,0.02764829540261402,,0.035211267605633804
0.0,0.010520738722373602,0.2465496755324011,,0.025821596244131457
0.0,0.009612473508931274,0.3530298875788319,,0.04929577464788732
0.0,0.05237662730850742,0.2529476281875514,,0.04694835680751174
0.0,0.16167120799273388,0.2698565030618773,,0.045774647887323945
0.0,0.17945806842264606,0.23421076684032535,,0.08450704225352113
0.0,0.23667877686951258,0.3007037747920665,,0.15610328638497656
0.11851851851851852,0.27936724190130185,0.3041312494287542,,0.11971830985915492
0.7,0.31478958522555256,0.22415684123937482,,0.14084507042253522
0.9555555555555556,0.2620345140781108,0.11059318161045607,,0.13497652582159625
0.8740740740740741,0.20208900999091733,0.16200530116077141,,0.11384976525821595
0.3814814814814815,0.1709809264305177,0.16451878256100905,,0.11737089201877933
0.17037037037037037,0.1541780199818347,0.264372543643177,,0.11032863849765259
0.044444444444444446,0.26634877384196187,0.3751942235627457,,0.09389671361502347
0.03333333333333333,0.2293369663941871,0.24677817384151357,,0.0727699530516432
0.03333333333333333,0.04049349076597033,0.24860616031441365,,0.07042253521126761
0.02962962962962963,0.024901604601877084,0.1871401151631478,,0.05751173708920188
0.0,0.3176657584014532,0.39370258660085916,,0.06807511737089202
0.0,0.4392219194671511,0.1782286811077598,,0.11032863849765256
0.0,0.18831365425370875,0.03518873960332694,,0.08215962441314553
0.0,0.1013472600666061,0.019193857965451054,,0.0539906103286385
0.0,0.08984256736300335,0.0034274746366876885,,0.050469483568075124
0.0,0.05426884650317893,0.05758157389635317,,0.035211267605633804
0.0,0.10929458068422646,0.10922219175578102,,0.02347417840375587
0.0,0.2099606418407508,0.1896535965633854,,0.045774647887323945
0.0,0.2730850741749924,0.16840325381592175,,0.05399061032863849
0.0,0.1961095973357554,0.10990768668311855,,0.04107981220657277
0.014814814814814815,0.17529518619436876,0.07883191664381682,,0.03403755868544601
0.6592592592592592,0.15160460187708144,0.09162782195411753,,0.06572769953051644
0.7518518518518519,0.2064032697547684,0.23352527191298783,,0.11384976525821595
0.7296296296296296,0.18543748107780803,0.18965359656338543,,0.06220657276995305
0.5185185185185186,0.10096881622767181,0.04318618042226487,,0.056338028169014086
0.3185185185185185,0.016424462609748714,0.010282423910063065,,0.022300469483568078
0.08888888888888889,0.00045413260672116256,0.010510922219175578,,0.004694835680751174
0.037037037037037035,0.0034059945504087198,0.010282423910063065,,0.0035211267605633804
0.011111111111111112,0.015591886164093249,0.21181793254729914,,0.015258215962441314
0.0,0.06501665152891312,0.28653687962709073,,0.011737089201877934
0.0,0.07773236451710566,0.08820034731742986,,0.018779342723004695
0.0,0.012488646684831971,0.015537885019650853,,0.009389671361502348
0.0,0.00015137753557372088,0.010282423910063065,,0.008215962441314553
0.0,0.0,0.009596928982725527,,0.0011737089201877935
0.0,0.0017408416590977902,0.018965359656338544,,0.03403755868544601
0.007407407407407408,0.05071147441719649,0.08842884562654238,,0.009389671361502348
0.014814814814814815,0.10619134120496519,0.03907321085823965,,0.07746478873239436
0.037037037037037035,0.16432031486527401,0.04387167534960241,,0.015258215962441314
0.07777777777777778,0.050711474417196485,0.08431587606251714,,0.009389671361502348
0.15185185185185185,0.08159249167423553,0.33200804314048077,,0.008215962441314555
0.17407407407407408,0.06183772328186498,0.5017822868110776,,0.05516431924882628
0.3296296296296296,0.05237662730850742,0.602321542820583,,0.26173708920187794
0.2037037037037037,0.28300030275507115,0.6114614751850838,,0.30516431924882625
0.05555555555555555,0.3760217983651226,0.6313408280778722,,0.33920187793427226
0.011111111111111112,0.5150620647895853,0.643679736769948,,0.363849765258216
0.011111111111111112,0.5937026945201332,0.6439082350790604,,0.3591549295774648
0.26666666666666666,0.5819709355131698,0.646421716479298,,0.346244131455399
0.35185185185185186,0.5731153496821072,0.63568229595101,,0.3650234741784038
0.34444444444444444,0.6123978201634878,0.6324833196234347,,0.3732394366197183
0.07407407407407407,0.5801544050862852,0.626313865277397,,0.3720657276995305
0.0,0.5539660914320316,0.6075770039301709,,0.36619718309859156
0.12222222222222222,0.5527550711474417,0.6196874143131341,,0.346244131455399
0.7185185185185186,0.5666818044202241,0.592496115528745,,0.3826291079812207
0.5333333333333333,0.5572207084468664,0.5803857051457819,,0.3485915492957746
0.1,0.5843929760823494,0.59203911891052,,0.29107981220657275
0.02962962962962963,0.5812140478353012,0.6023215428205831,,0.34507042253521125
0.0962962962962963,0.5694822888283378,0.6135179599670962,,0.22887323943661972
0.1259259259259259,0.6022555252800486,0.6265423635865095,,0.24413145539906103
0.3370370370370371,0.5901453224341507,0.6290558449867472,,0.2640845070422535
0.6407407407407407,0.5682712685437481,0.6014075495841331,,0.2992957746478873
0.6259259259259259,0.5754617014834998,0.5675897998354812,,0.284037558685446
0.6296296296296297,0.5648652739933393,0.5705602778539439,,0.3028169014084507
0.5814814814814815,0.5759915228580079,0.5712457727812814,,0.33333333333333337
0.7407407407407408,0.5619134120496518,0.518005666758066,,0.31690140845070425
0.8074074074074075,0.5521495610051468,0.5749017457270816,,0.30868544600938974
0.925925925925926,0.5532848925219497,0.626313865277397,,0.29460093896713613
0.8888888888888888,0.5609294580684226,0.6128324650397589,,0.24530516431924881
0.974074074074074,0.5632001211020284,0.35120190110593186,,0.2323943661971831
0.9703703703703704,0.5370118074477748,0.24060871949547574,,0.34272300469483563
1.0074074074074073,0.5417045110505602,0.25477561466045157,,0.36150234741784043
0.7851851851851852,0.5540417801998183,0.27077049629832745,,0.3814553990610328
1.0185185185185184,0.5713745080230094,0.273283977698565,,0.36150234741784043
0.7296296296296296,0.5869663941871026,0.30253176126496667,,0.3673708920187793
0.9,0.6021041477444747,0.6420802486061602,,0.289906103286385
0.8444444444444444,0.602558280351196,0.6532766657526733,,0.32863849765258213
1.0148148148148148,0.6056615198304572,0.6233433872589343,,0.3685446009389672
1.0037037037037038,0.6078564940962761,0.6196874143131341,,0.2934272300469484
0.9296296296296296,0.5984710868907055,0.6196874143131342,,0.3591549295774648
0.9555555555555556,0.6030124129579171,0.627227858513847,,0.4025821596244131
0.9629629629629629,0.5732667272176809,0.6128324650397587,,0.3110328638497652
0.9037037037037037,0.5682712685437481,0.6233433872589342,,0.3708920187793427
1.011111111111111,0.5583560399636693,0.6567041403893611,,0.39201877934272295
0.9,0.6049803209203755,0.6525911708253359,,0.35328638497652576
0.9555555555555556,0.5842415985467756,0.6519056758979983,,0.37558685446009393
0.974074074074074,0.5460187708144111,0.6674435609176492,,0.3591549295774648
0.8555555555555555,0.5833333333333334,0.656247143771136,,0.34272300469483563
0.7259259259259259,0.5573720859824403,0.6327118179325473,,0.30046948356807507
0.7407407407407408,0.4529972752043597,0.5726167626359565,,0.289906103286385
0.6592592592592592,0.3602028458976688,0.5321725619230419,,0.2852112676056338
0.6703703703703703,0.27808053284892525,0.4752764829540262,,0.31690140845070425
0.8037037037037037,0.19641235240690277,0.42295037016726084,,0.32276995305164324
0.32592592592592595,0.2259309718437784,0.37542272187185816,,0.33098591549295775
0.34444444444444444,0.1912655161973963,0.31898363952106756,,0.2723004694835681
0.6,0.1457765667574932,0.2360387533132255,,0.21713615023474178
0.5888888888888889,0.11958825310323949,0.11904761904761905,,0.20892018779342722
0.4481481481481482,0.16439600363306087,0.06832099442464125,,0.16901408450704225
0.4481481481481482,0.1633363608840448,0.08705785577186728,,0.1936619718309859
0.7296296296296296,0.14274901604601878,0.09916826615483046,,0.17488262910798122
0.5407407407407407,0.2366030881017257,0.12704505986655698,,0.17723004694835678
0.22592592592592592,0.33325764456554646,0.23398226853121287,,0.21948356807511735
0.43703703703703706,0.3648198607326673,0.34137647381409375,,0.22300469483568075
0.1,0.3872994247653648,0.39233159674618406,,0.21596244131455397
0.07777777777777778,0.20549500454132608,0.15834932821497122,,0.2194835680751174
0.24814814814814817,0.14850136239782014,0.07037747920665387,,0.21009389671361503
0.1259259259259259,0.08469573115349681,0.06055205191481584,,0.20422535211267606
0.02962962962962963,0.03875264910687253,0.06672150626085367,,0.1842723004694836
0.3074074074074074,0.09249167423554343,0.07517594369801663,,0.13732394366197184
0.35185185185185186,0.1868755676657584,0.09322731011790512,,0.15023474178403753
0.3703703703703704,0.36860429912201026,0.3701672607622703,,0.1631455399061033
0.26296296296296295,0.44550408719346046,0.4341467873137738,,0.23943661971830985
0.3185185185185185,0.44247653648198604,0.3706242573804954,,0.3145539906103287
0.3925925925925926,0.40523766273085077,0.4019285257289096,,0.352112676056338
0.24814814814814817,0.35263396911898276,0.3427474636687688,,0.4272300469483568
0.2111111111111111,0.2811080835603996,0.39827255278310936,,0.4248826291079812
0.16296296296296298,0.26180744777475023,0.37747920665387075,,0.39671361502347424
0.22592592592592592,0.21094459582198002,0.39895804771044696,,0.32511737089201875
0.3703703703703704,0.18278837420526797,0.30458824604697926,,0.2652582159624413
0.462962962962963,0.18831365425370875,0.19353806781829816,,0.29225352112676056
0.6111111111111112,0.12965485921889192,0.2360387533132255,,0.2640845070422535
0.6518518518518519,0.092188919164396,0.21821588520244953,,0.21596244131455397
0.9222222222222223,0.07954889494399031,0.3601133351613198,,0.20539906103286384
0.9888888888888889,0.09226460793218286,0.2794534320446029,,0.2323943661971831
0.9037037037037037,0.046472903421132306,0.1638332876336715,,0.24061032863849763
0.9296296296296296,0.0388283378746594,0.2522621332602139,,0.23708920187793428
0.7888888888888889,0.1000605510142295,0.2680285165889772,,0.25
0.3592592592592593,0.1731002119285498,0.21318892240197423,,0.26877934272300474
0.15185185185185185,0.15478353012412957,0.2294123023489626,,0.26173708920187794
0.28888888888888886,0.1541780199818347,0.5305730737592542,,0.27934272300469487
0.3888888888888889,0.1961095973357554,0.6987478292660634,,0.289906103286385
0.7407407407407408,0.21533454435361796,0.7474179691070286,,0.36150234741784043
0.8222222222222222,0.2075386012715713,0.5913536239831826,,0.3685446009389672
0.9074074074074074,0.12798970632758097,0.5429119824513299,,0.2887323943661972
0.6148148148148148,0.2086739327883742,0.5762727355817567,,0.3028169014084507
0.8962962962962964,0.26211020284589764,0.6075770039301709,,0.24647887323943662
0.8518518518518519,0.3456706024825915,0.6729275203363494,,0.29107981220657275
0.9111111111111111,0.47494701786254917,0.7179416872315144,,0.35680751173708913
0.737037037037037,0.5149863760217984,0.6857234256466502,,0.3990610328638497
0.5703703703703703,0.5094610959733575,0.6934923681564755,,0.38849765258215957
0.3111111111111111,0.5423857099606418,0.6082624988575084,,0.30516431924882625
0.2925925925925926,0.46768089615501063,0.47367699479023845,,0.2640845070422535
0.7777777777777778,0.3516500151377535,0.24792066538707616,,0.29577464788732394
0.6074074074074074,0.2617317590069634,0.1987935289278859,,0.3591549295774648
0.8518518518518519,0.12708144111413866,0.2602595740791518,,0.29577464788732394
0.8814814814814814,0.06955797759612473,0.19422356274563568,,0.30046948356807507
0.39629629629629626,0.09854677565849228,0.1962800475276483,,0.2734741784037559
0.6740740740740742,0.138283378746594,0.16771775888858423,,0.2758215962441315
0.537037037037037,0.21321525885558584,0.1926240745818481,,0.2734741784037559
0.17037037037037037,0.23244020587344838,0.21890138012978705,,0.28286384976525825
0.04814814814814815,0.2987435664547381,0.2310117905127502,,0.2992957746478873
0.17037037037037037,0.31743869209809267,0.20793346129238643,,0.32981220657277
0.34074074074074073,0.30313351498637603,0.19056758979983549,,0.3509389671361503
0.27037037037037037,0.3004844081138359,0.20062151540078604,,0.352112676056338
0.48148148148148145,0.3444595821980018,0.18257014898089755,,0.35798122065727705
0.6925925925925925,0.3856342718740539,0.24175121104103833,,0.3380281690140845
0.8,0.3728428701180745,0.2611735673156019,,0.2652582159624413
0.5444444444444444,0.351422948834393,0.3068732291381044,,0.1948356807511737
0.7777777777777778,0.47759612473508933,0.5289735855954666,,0.15023474178403756
0.8074074074074075,0.5436724190130184,0.554108399597843,,0.2007042253521127
0.8,0.5573720859824401,0.5771867288182069,,0.29577464788732394
0.8333333333333334,0.5566908870723585,0.6512201809706608,,0.3075117370892018
0.7925925925925925,0.5435967302452316,0.6461932181701855,,0.2711267605633803
0.737037037037037,0.5324704813805631,0.6493921944977606,,0.23943661971830985
0.6555555555555556,0.5089312745988496,0.43209030253176123,,0.19835680751173712
0.5481481481481482,0.4136391159551922,0.18165615574444752,,0.17840375586854457
0.7407407407407408,0.23819255222524977,0.15583584681473356,,0.14671361502347416
0.3333333333333333,0.09536784741144415,0.1981080340005484,,0.1279342723004695
0.6851851851851852,0.07023917650620648,0.20085001370989852,,0.12793427230046947
0.6703703703703703,0.0602482591583409,0.23489626176766296,,0.0880281690140845
0.5148148148148148,0.03935815924916742,0.19353806781829813,,0.0880281690140845
0.3851851851851852,0.02459884953072964,0.1332145142125948,,0.07042253521126761
0.2925925925925926,0.031335149863760216,0.05072662462297779,,0.06924882629107981
0.6444444444444445,0.028686042991220104,0.03039027511196417,,0.07511737089201878
0.7185185185185186,0.05328489252194975,0.019193857965451058,,0.09859154929577464
0.737037037037037,0.09067514380865878,0.02056484782012613,,0.10093896713615023
0.7592592592592592,0.09778988798062367,0.02330682752947628,,0.11267605633802817
0.8185185185185185,0.11656070239176507,0.02399232245681382,,0.11384976525821597
0.8407407407407408,0.08620950650923404,0.0345032446759894,,0.11032863849765256
0.5666666666666667,0.10407205570693309,0.0854583676080797,,0.11032863849765256
0.5851851851851853,0.17786860429912205,0.17548670139840966,,0.0880281690140845
0.6333333333333333,0.19217378141083863,0.24563568229595104,,0.07863849765258217
0.7481481481481481,0.2366030881017257,0.3623983182524449,,0.06220657276995305
0.8555555555555555,0.3565697850438995,0.47596197788136363,,0.06455399061032864
0.9111111111111111,0.38290947623372695,0.580842701764007,,0.10915492957746478
0.8333333333333334,0.3799576142900394,0.6306553331505348,,0.13967136150234744
0.8481481481481481,0.36686345746291255,0.5979800749474453,,0.12089201877934272
0.7703703703703704,0.3616409324856191,0.5319440636139292,,0.07042253521126761
0.48148148148148145,0.36693914623069945,0.42797733296773605,,0.06338028169014084
0.462962962962963,0.3064638207689979,0.11013618499223106,,0.05046948356807512
0.21481481481481482,0.2180593399939449,0.12316058861164425,,0.050469483568075124
0.10370370370370371,0.13593702694520132,0.1343570057581574,,0.05516431924882628
0.23703703703703705,0.030199818346957306,0.12476007677543188,,0.02112676056338028
0.41481481481481486,0.015516197396306388,0.09277031349968011,,0.011737089201877934
0.6111111111111112,0.00522252497729337,0.0326752582030893,,0.014084507042253521
0.7555555555555555,0.0018922191946715106,0.019879352892788592,,0.005868544600938967
0.6777777777777778,0.0,0.008682935746275478,,0.004694835680751174
0.39629629629629626,0.0,0.0061694543460378394,,0.011737089201877935
0.1962962962962963,0.0020435967302452314,0.0077689425098254284,,0.011737089201877935
0.05925925925925926,0.0,0.004112969564025226,,0.01056338028169014
0.018518518518518517,0.0007568876778686044,0.0075404442007129145,,0.011737089201877935
0.0,0.0050711474417196485,0.016451878256100904,,0.028169014084507043
0.011111111111111112,0.0067363003330305786,0.007997440818937938,,0.02112676056338028
0.15925925925925924,0.0034816833181955794,0.004112969564025226,,0.012910798122065728
0.10370370370370371,0.002876173175900696,0.004112969564025226,,0.012910798122065728
0.044444444444444446,0.03057826218589161,0.0047984644913627635,,0.01056338028169014
0.07037037037037037,0.046775658492279736,0.011424915455625628,,0.011737089201877934
0.12222222222222222,0.06130790190735695,0.014166895164975778,,0.014084507042253521
0.06296296296296296,0.06547078413563427,0.014395393474088292,,0.014084507042253521
0.1925925925925926,0.08462004238570997,0.02604880723882643,,0.015258215962441316
0.07777777777777778,0.09226460793218286,0.03610273283977699,,0.02112676056338028
0.1148148148148148,0.08363608840448077,0.04981263138652774,,0.025821596244131453
0.13703703703703704,0.09930366333636087,0.017137373183438442,,0.014084507042253521
0.14074074074074075,0.06569785043899486,0.00891143405538799,,0.008215962441314555
0.07407407407407407,0.03905540417801998,0.007311945891600402,,0.004694835680751174
0.06296296296296296,0.014759309718437783,0.05209761447765287,,0.0035211267605633804
0.10740740740740741,0.0006811989100817438,0.08934283886299242,,0.0
0.1148148148148148,0.0,0.030847271730189196,,0.0
0.12222222222222222,0.0,0.005255461109587789,,0.0
0.10370370370370371,0.0,0.004112969564025226,,0.0
0.06666666666666667,0.00030275507114744176,0.042957682113152366,,0.0
0.011111111111111112,0.009385407205570693,0.08111689973494195,,0.0
0.037037037037037035,0.015516197396306388,0.06100904853304086,,0.0011737089201877935
0.07777777777777778,0.010823493793521042,0.01782286811077598,,0.0
0.02962962962962963,0.0014380865879503482,0.012795905310300703,,0.0
0.03333333333333333,0.0009839539812291854,0.012795905310300705,,0.0
0.0,0.0008325764456554648,0.007311945891600402,,0.0
0.007407407407407408,0.0,0.004112969564025226,,0.0
0.003703703703703704,0.0,0.004112969564025226,,0.0
0.02592592592592593,0.00045413260672116256,0.004112969564025226,,0.0
0.03333333333333333,0.0026491068725401153,0.005940956036925326,,0.0
0.003703703703703704,0.00537390251286709,0.005940956036925326,,0.014084507042253521
0.0,0.010899182561307902,0.005712457727812814,,0.025821596244131457
0.02962962962962963,0.011353315168029064,0.004112969564025226,,0.03169014084507042
0.014814814814814815,0.01430517711171662,0.004569966182250251,,0.035211267605633804
0.07407407407407407,0.020435967302452316,0.004341467873137739,,0.056338028169014086
0.16296296296296298,0.014456554647290341,0.004112969564025226,,0.044600938967136156
0.15185185185185185,0.002346351801392673,0.004112969564025226,,0.022300469483568078
0.037037037037037035,0.0,0.004112969564025226,,0.008215962441314555
0.018518518518518517,0.0,0.006397952655150352,,0.025821596244131457
0.007407407407407408,0.0,0.02604880723882643,,0.029342723004694836
0.014814814814814815,0.0021949742658189525,0.03770222100356457,,0.03169014084507042
0.037037037037037035,0.018089615501059645,0.014623891783200803,,0.04812206572769953
0.037037037037037035,0.025658492279745686,0.021935837674801204,,0.07042253521126761
0.03333333333333333,0.018089615501059645,0.06854949273375377,,0.046948356807511735
0.022222222222222223,0.01907356948228883,0.09414130335435518,,0.04812206572769953
0.003703703703703704,0.022782319103844987,0.1071657069737684,,0.02464788732394366
0.0,0.028686042991220104,0.08728635408097979,,0.044600938967136156
0.0,0.026793823796548592,0.07037747920665387,,0.004694835680751174
0.0,0.018240993036633363,0.0779179234073668,,0.0
0.0,0.00923402966999697,0.09025683209944246,,0.0
0.0,0.002649106872540115,0.08111689973494196,,0.0
0.0,0.0006811989100817438,0.1494378941595832,,0.0
0.018518518518518517,0.015062064789585225,0.13047253450324467,,0.0011737089201877935
0.07407407407407407,0.03443838934302149,0.16086280961520885,,0.01643192488262911
0.07037037037037037,0.04677565849227974,0.1437254364317704,,0.06103286384976526
0.05555555555555555,0.04745685740236149,0.14486792797733297,,0.10093896713615023
0.037037037037037035,0.05775052982137451,0.15309386710538342,,0.1255868544600939
0.02592592592592593,0.06864971238268242,0.15309386710538345,,0.23708920187793428
0.011111111111111112,0.06494096276112624,0.13161502604880723,,0.23122065727699528
0.0,0.05290644868301543,0.11767662919294399,,0.03169014084507042
0.0,0.02997275204359673,0.06969198427931633,,0.029342723004694832
0.0,0.01241295791704511,0.06352252993327849,,0.11032863849765259
0.0,0.007493188010899182,0.040215702403802206,,0.08098591549295775
0.0,0.01907356948228883,0.024906315693263868,,0.061032863849765265
0.0,0.029064486830154404,0.046385156749840055,,0.10446009389671361
0.03333333333333333,0.029669996972449292,0.031761264966639245,,0.10446009389671362
0.0,0.02724795640326975,0.04981263138652774,,0.055164319248826296
0.0,0.03897971541023312,0.05209761447765286,,0.06807511737089202
0.0,0.04405086285195277,0.07060597751576639,,0.062206572769953054
0.0,0.0438237965485922,0.08500137098985469,,0.05046948356807512
0.0,0.05495004541326067,0.04889863815007769,,0.06572769953051644
0.003703703703703704,0.052603693611867994,0.059638058678365795,,0.035211267605633804
0.003703703703703704,0.06009688162276718,0.03610273283977699,,0.04929577464788732
0.0,0.03799576142900394,0.04958413307741522,,0.044600938967136156
0.0,0.02626400242204057,0.0728909606068915,,0.011737089201877934
0.0,0.03216772630941568,0.1396124668677452,,0.011737089201877934
0.003703703703703704,0.05207387223735998,0.16703226396124668,,0.014084507042253521
0.040740740740740744,0.08673932788374206,0.17617219632574718,,0.03169014084507042
0.07777777777777778,0.07871631849833484,0.20976144776528655,,0.05399061032863849
0.10370370370370371,0.07031486527399333,0.21638789872954942,,0.14084507042253522
0.15185185185185185,0.0787920072661217,0.20222100356457362,,0.210093896713615
0.21851851851851853,0.07402361489554951,0.1800566675806599,,0.2640845070422535
0.20740740740740743,0.06214047835301241,0.21387441732931176,,0.14084507042253522
0.11851851851851852,0.05782621858916137,0.14601041952289553,,0.07394366197183098
0.06296296296296296,0.05426884650317893,0.06420802486061603,,0.008215962441314555
0.014814814814814815,0.0497275204359673,0.026734302166163966,,0.014084507042253521
0.007407407407407408,0.035346654556463825,0.019422356274563565,,0.02464788732394366
0.0,0.04700272479564033,0.02125034274746367,,0.02464788732394366
0.0,0.044959128065395086,0.020107851201901106,,0.02699530516431925
0.0,0.052528004844081135,0.025134814002376382,,0.03051643192488263
0.0,0.06304874356645473,0.031075770039301707,,0.030516431924882632
0.0,0.07334241598546776,0.03610273283977699,,0.03873239436619718
0.0,0.07606721162579473,0.05575358742345307,,0.034037558685446015
0.0,0.07258552830759915,0.07220546567955397,,0.07276995305164319
0.0,0.05684226460793219,0.051869116168540355,,0.09859154929577464
0.0,0.03814713896457766,0.07174846906132894,,0.06924882629107981
0.0,0.03337874659400545,0.06123754684215337,,0.02464788732394366
0.0,0.03822282773236452,0.0507266246229778,,0.026995305164319246
0.0,0.0635028761731759,0.13367151083081985,,0.025821596244131457
0.0,0.10800787163184984,0.3100722054656796,,0.04694835680751174
0.02592592592592593,0.1341204965183167,0.34914541632391916,,0.0903755868544601
0.03333333333333333,0.17340296699969726,0.39507357645553426,,0.14553990610328638
0.04814814814814815,0.1727217680896155,0.345032446759894,,0.1596244131455399
0.05925925925925926,0.17408416590977896,0.2842518965359656,,0.18309859154929578
0.1,0.19936421435059037,0.26825701489808973,,0.15727699530516429
0.0925925925925926,0.19383893430214957,0.23855223471346312,,0.26173708920187794
0.0962962962962963,0.1917953375719043,0.2428937025866008,,0.22417840375586856
0.08888888888888889,0.1819557977596125,0.24403619413216343,,0.1619718309859155
0.05555555555555555,0.1799878897971541,0.25546110958778906,,0.24647887323943662
0.06296296296296296,0.15803814713896458,0.1985650306187734,,0.29577464788732394
0.06296296296296296,0.15122615803814715,0.2486061603144137,,0.1960093896713615
0.040740740740740744,0.1201180744777475,0.2529476281875514,,0.11971830985915492
0.02962962962962963,0.09302149561005146,0.2298692989671876,,0.05516431924882628
0.05555555555555555,0.0711474417196488,0.25546110958778906,,0.02112676056338028
0.011111111111111112,0.06933091129276416,0.2769399506443652,,0.029342723004694832
0.007407407407407408,0.05252800484408114,0.29476281875514126,,0.02230046948356807
0.0,0.04480775052982138,0.30458824604697926,,0.02112676056338028
0.03333333333333333,0.04798667877686952,0.3425189653596563,,0.014084507042253521
0.04814814814814815,0.04450499545867393,0.41312494287542273,,0.012910798122065728
0.08148148148148149,0.055328489252194975,0.39690156292843426,,0.017605633802816902
0.07777777777777778,0.04140175597941266,0.35600036559729453,,0.016431924882629106
0.04814814814814815,0.04495912806539509,0.3379489991774061,,0.04694835680751174
0.11851851851851852,0.07947320617620345,0.3381774974865186,,0.05164319248826291
0.12962962962962965,0.10308810172570389,0.3349785211589434,,0.07629107981220658
0.1,0.1576597033000303,0.4234073667854858,,0.10915492957746478
0.10370370370370371,0.24803209203754162,0.4873868933369893,,0.17840375586854462
0.08888888888888889,0.27406902815622164,0.5061237546842154,,0.18896713615023475
0.12962962962962965,0.33197093551316986,0.5573073759254182,,0.20305164319248825
0.20740740740740743,0.42506811989100823,0.5895256375102824,,0.20305164319248828
0.26666666666666666,0.42529518619436874,0.6333973128598849,,0.17840375586854462
0.2925925925925926,0.42453829851650016,0.5975230783292204,,0.15023474178403753
0.23703703703703705,0.36224644262791406,0.6142034548944337,,0.18896713615023475
0.21851851851851853,0.24576142900393583,0.5694177863083814,,0.1807511737089202
0.26666666666666666,0.14274901604601878,0.5579928708527557,,0.15023474178403756
0.22592592592592592,0.08719346049046321,0.5376565213417421,,0.2476525821596244
0.2296296296296296,0.03981229185588859,0.5134357005758157,,0.16549295774647887
0.3296296296296296,0.03867696033908568,0.5454254638515675,,0.06807511737089203
0.3037037037037037,0.05313351498637602,0.46110958778905037,,0.06924882629107981
0.23703703703703705,0.06380563124432334,0.45722511653413767,,0.09272300469483567
0.3333333333333333,0.09014532243415077,0.31898363952106756,,0.07394366197183098
0.3851851851851852,0.09302149561005145,0.27991042866282784,,0.09741784037558684
0.5074074074074074,0.08802603693611867,0.4807604423727265,,0.035211267605633804
0.5888888888888889,0.04738116863457462,0.5943241020016451,,0.016431924882629106
0.2,0.012640024220405692,0.6288273466776345,,0.2007042253521127
0.08518518518518518,0.031562216167120793,0.6333973128598849,,0.28169014084507044
0.007407407407407408,0.1613684529215864,0.6740700118819121,,0.28169014084507044
0.022222222222222223,0.39887980623675445,0.7088017548670139,,0.36971830985915494
0.10740740740740741,0.5818195579775961,0.6740700118819121,,0.4248826291079812
0.011111111111111112,0.6026339691189827,0.6802394662279498,,0.4471830985915493
0.2814814814814815,0.6121707538601272,0.6861804222648752,,0.5082159624413145
0.5851851851851853,0.5902966999697244,0.6496206928068733,,0.5164319248826291
0.5111111111111111,0.585679685134726,0.691892879992688,,0.5129107981220657
0.737037037037037,0.6030881017257039,0.6802394662279498,,0.5011737089201878
0.6518518518518519,0.6105056009688162,0.7074307650123388,,0.5082159624413146
0.662962962962963,0.6048289433848016,0.7419340096883282,,0.5082159624413145
0.8148148148148148,0.6111867998788979,0.7561009048533041,,0.5152582159624413
0.9481481481481482,0.6188313654253709,0.7497029521981536,,0.5176056338028169
0.7666666666666667,0.6070996064184074,0.7638698473631295,,0.5140845070422535
0.9074074074074074,0.573720859824402,0.7679828169271548,,0.5176056338028169
0.562962962962963,0.46465334544353615,0.7407915181427658,,0.5164319248826291
0.6703703703703703,0.6002119285498032,0.7455899826341285,,0.5211267605633803
0.3925925925925926,0.619361186799879,0.747646467416141,,0.5187793427230046
0.5185185185185186,0.5491976990614592,0.747646467416141,,0.5187793427230046
0.5,0.5473054798667877,0.7533589251439539,,0.522300469483568
0.3333333333333333,0.5813654253708749,0.7414770130701033,,0.5176056338028169
0.5518518518518519,0.5784135634271874,0.7535874234530664,,0.5187793427230046
0.6111111111111112,0.5895398122918558,0.7428480029247784,,0.5176056338028169
0.3333333333333333,0.5818195579775961,0.7181701855406271,,0.5152582159624413
0.5592592592592592,0.5995307296397215,0.7010328123571885,,0.5199530516431925
0.5555555555555556,0.5917347865576749,0.6756695000456997,,0.5176056338028169
0.3370370370370371,0.560172570390554,0.6523626725162234,,0.5164319248826291
0.5592592592592592,0.47305479866787764,0.6658440727538617,,0.5211267605633803
0.6148148148148148,0.4150015137753557,0.6763549949730371,,0.5105633802816901
0.16666666666666666,0.5728882833787466,0.6859519239557628,,0.4953051643192488
0.5481481481481482,0.5523009385407206,0.6733845169545745,,0.5164319248826291
0.5777777777777777,0.5718286406297306,0.6829814459373,,0.47652582159624407
0.3333333333333333,0.5923402966999697,0.710172744721689,,0.5070422535211268
0.42592592592592593,0.5912806539509536,0.7067452700850013,,0.5187793427230046
0.6666666666666666,0.6030881017257039,0.711086737958139,,0.5187793427230046
0.6407407407407407,0.6122464426279141,0.7090302531761264,,0.5187793427230046
0.6592592592592592,0.603012412957917,0.706973768394114,,0.5199530516431925
0.6703703703703703,0.5913563427187405,0.7120007311945891,,0.5187793427230046
0.45185185185185184,0.5849227974568574,0.6941778630838132,,0.5199530516431925
0.13703703703703704,0.5607023917650621,0.6829814459373001,,0.5187793427230047
0.3333333333333333,0.5633514986376021,0.6966913444840509,,0.5187793427230046
0.6555555555555556,0.5627459884953073,0.6921213783018005,,0.5187793427230046
0.637037037037037,0.5532092037541628,0.6930353715382507,,0.511737089201878
0.5814814814814815,0.5577505298213745,0.6946348597020382,,0.49295774647887325
0.6740740740740742,0.570466242809567,0.6973768394113884,,0.4730046948356807
0.662962962962963,0.5619891008174387,0.688693903665113,,0.5176056338028169
0.6703703703703703,0.5755373902512866,0.6916643816835756,,0.5046948356807511
0.4888888888888889,0.578640629730548,0.6960058495567133,,0.5176056338028169
0.6666666666666666,0.5843929760823493,0.6962343478658258,,0.5199530516431925
0.6703703703703703,0.5012110202845897,0.6806964628461748,,0.5140845070422535
0.5703703703703703,0.43498334847108694,0.6733845169545745,,0.5117370892018779
0.1111111111111111,0.5201332122313049,0.6923498766109131,,0.5093896713615024
0.6185185185185186,0.5291401755979412,0.688693903665113,,0.5199530516431925
0.2777777777777778,0.5306539509536784,0.6944063613929258,,0.5176056338028169
0.5925925925925926,0.5490463215258855,0.6985193309569511,,0.5199530516431925
0.6518518518518519,0.5681955797759612,0.6925783749200256,,0.5211267605633803
0.637037037037037,0.583030578262186,0.6944063613929257,,0.5105633802816901
0.5555555555555556,0.5821980018165305,0.6955488529384883,,0.49295774647887325
0.42592592592592593,0.5676657584014533,0.6937208664655882,,0.494131455399061
0.5814814814814815,0.5614592794429307,0.6870944155013252,,0.5011737089201878
0.6333333333333333,0.5571450196790796,0.6770404899003748,,0.5211267605633803
0.5888888888888889,0.5603239479261278,0.6745270085001372,,0.5211267605633803
0.6666666666666666,0.5608537693006359,0.6690430490814367,,0.5187793427230047
0.6111111111111112,0.5559339993944898,0.6592176217895986,,0.5211267605633803
0.6111111111111112,0.5554041780199819,0.655333150534686,,0.5176056338028169
0.6407407407407407,0.5069633666363911,0.6507631843524357,,0.5082159624413145
0.6666666666666666,0.47214653345443536,0.618773421076684,,0.5199530516431925
0.6740740740740742,0.3992582500756889,0.5913536239831825,,0.5140845070422535
0.662962962962963,0.279821374508023,0.4962983273923774,,0.4424882629107982
0.6296296296296297,0.3229639721465335,0.5097797276300154,,0.4237089201877934
0.6444444444444445,0.3711777172267635,0.5554793894525181,,0.352112676056338
0.562962962962963,0.42355434453527097,0.6233433872589343,,0.4143192488262911
0.4740740740740741,0.40099909173478654,0.6187734210766841,,0.34624413145539906
0.14814814814814814,0.439827429609446,0.6384242756603601,,0.38380281690140844
0.3111111111111111,0.42400847714199214,0.6082624988575085,,0.3732394366197183
0.4666666666666667,0.44103844989403573,0.5801572068366694,,0.46361502347417843
0.5,0.3946412352406903,0.616488437985559,,0.39671361502347413
0.3851851851851852,0.38994853163790494,0.6151174481308838,,0.40727699530516437
0.08888888888888889,0.3887375113533152,0.6215154007860342,,0.46009389671361506
0.08888888888888889,0.4003178928247048,0.6217438990951468,,0.37910798122065725
0.15555555555555556,0.4910687254011504,0.6057490174572707,,0.4107981220657277
0.11851851851851852,0.5090069633666364,0.6144319532035463,,0.4706572769953052
0.1259259259259259,0.5513169845594913,0.6317978246960971,,0.44366197183098594
0.0962962962962963,0.5708446866485014,0.644593730006398,,0.3990610328638497
0.05185185185185186,0.5861338177414472,0.6500776894250984,,0.4084507042253521
0.07037037037037037,0.6145927944293067,0.6573896353166987,,0.37910798122065725
0.07037037037037037,0.6167120799273388,0.6583036285531487,,0.3849765258215962
0.07777777777777778,0.6217075386012716,0.6418517502970479,,0.4225352112676056
0.10370370370370371,0.6313200121102029,0.6144319532035464,,0.3626760563380282
0.13333333333333333,0.6260217983651226,0.5790147152911069,,0.3544600938967137
0.1148148148148148,0.5759915228580078,0.5232611278676539,,0.30985915492957744
0.0,0.5680442022403875,0.537656521341742,,0.284037558685446
0.007407407407407408,0.5593399939448985,0.5417694909057673,,0.2676056338028169
0.007407407407407408,0.45950650923402964,0.5481674435609177,,0.2605633802816901
0.08518518518518518,0.548289433848017,0.562562837035006,,0.3204225352112676
0.05555555555555555,0.5252800484408113,0.5424549858331048,,0.3685446009389671
0.0,0.5582803511958826,0.544282972306005,,0.27816901408450706
0.05185185185185186,0.5684226460793218,0.46385156749840056,,0.27230046948356806
0.07777777777777778,0.5490463215258855,0.5111507174846907,,0.2629107981220657
0.08888888888888889,0.5802300938540721,0.5257746092678914,,0.2805164319248826
0.15925925925925924,0.6090675143808659,0.5209761447765286,,0.29694835680751175
0.0962962962962963,0.6172419013018468,0.5285165889772415,,0.3122065727699531
0.07777777777777778,0.6117923100211929,0.5440544739968924,,0.323943661971831
0.13333333333333333,0.6034665455646381,0.4910428662827896,,0.33098591549295775
0.24444444444444444,0.6071752951861944,0.4597385979343752,,0.323943661971831
0.4888888888888889,0.6121707538601272,0.34868841970569414,,0.3415492957746479
0.36666666666666664,0.6041477444747199,0.3733662370898455,,0.3814553990610329
0.4481481481481482,0.590069633666364,0.4492276757151997,,0.44953051643192493
0.6296296296296297,0.5791704511050559,0.44374371629649945,,0.4694835680751173
0.7888888888888889,0.6042991220102937,0.3420619687414313,,0.41901408450704225
0.9629629629629629,0.600893127459885,0.3658257928891326,,0.41901408450704225
0.9851851851851852,0.5762185891613685,0.4695640252262133,,0.4014084507042254
0.837037037037037,0.5538904026642446,0.5538799012887304,,0.3485915492957746
0.7592592592592592,0.53905540417802,0.49241385613746463,,0.3544600938967137
0.2518518518518518,0.5709960641840751,0.4300338177497487,,0.31924882629107987
0.21851851851851853,0.5589615501059643,0.36971026414404534,,0.3039906103286385
0.20740740740740743,0.5239176506206479,0.22415684123937482,,0.318075117370892
0.007407407407407408,0.4359673024523161,0.1654327757974591,,0.35328638497652587
0.003703703703703704,0.4136391159551922,0.1201901105931816,,0.34389671361502344
0.011111111111111112,0.2867090523766273,0.40901197331139755,,0.3685446009389672
0.037037037037037035,0.2750529821374508,0.4643085641166255,,0.3732394366197183
0.1,0.3555101422948834,0.43049081436797365,,0.35798122065727705
0.1111111111111111,0.5052982137450802,0.3758797184900831,,0.2852112676056338
0.05555555555555555,0.5318649712382681,0.3121286902476922,,0.2640845070422535
0.05555555555555555,0.5101422948834393,0.24906315693263872,,0.26173708920187794
0.0925925925925926,0.4332425068119891,0.2508911434055388,,0.24178403755868547
0.07777777777777778,0.40152891310929456,0.28448039484507814,,0.2523474178403756
0.2111111111111111,0.5235392067817135,0.34708893154190656,,0.318075117370892
0.5518518518518519,0.5660006055101423,0.38890412210949643,,0.33215962441314556
0.48148148148148145,0.6051316984559492,0.39667306461932184,,0.3415492957746479
0.34074074074074073,0.6086890705419317,0.37542272187185816,,0.323943661971831
0.5259259259259259,0.579170451105056,0.4282058312768486,,0.42018779342723
0.7259259259259259,0.5312594610959732,0.34708893154190656,,0.4096244131455399
0.9629629629629629,0.5103693611867999,0.1748012064710721,,0.31807511737089206
0.9481481481481482,0.4106872540115047,0.15446485696005852,,0.3345070422535211
0.9370370370370371,0.319936421435059,0.24060871949547574,,0.2969483568075117
0.9703703703703704,0.25643354526188317,0.25546110958778906,,0.25821596244131456
1.011111111111111,0.1665909778988798,0.2821954117539531,,0.22300469483568075
0.9925925925925927,0.05048440811383591,0.28653687962709073,,0.1607981220657277
0.9518518518518518,0.013851044504995457,0.2326112786765378,,0.13615023474178406
0.7518518518518519,0.011807447774750224,0.2508911434055388,,0.15727699530516434
0.6851851851851852,0.0065849227974568575,0.22964080065807513,,0.16079812206572772
0.8,0.0031032394792612776,0.3742802303262956,,0.16079812206572772
0.7888888888888889,0.001589464123524069,0.34457545014166896,,0.19953051643192485
0.9,0.0003784438389343022,0.25157663833287636,,0.23122065727699528
0.9074074074074074,0.000529821374508023,0.20496298327392376,,0.2147887323943662
0.9481481481481482,0.0,0.21158943423818666,,0.20187793427230047
0.8888888888888888,0.00030275507114744176,0.3034457545014167,,0.1924882629107981
0.8666666666666667,0.002270663033605813,0.43985924504158674,,0.1748826291079812
0.8074074074074075,0.021419921283681503,0.5031532766657527,,0.18661971830985916
0.8666666666666667,0.05555555555555556,0.536742528105292,,0.2652582159624413
0.6925925925925925,0.07614290039358158,0.5851841696371446,,0.3791079812206573
0.7777777777777778,0.15039358159249167,0.5575358742345307,,0.4389671361502348
0.5555555555555556,0.2295640326975477,0.5111507174846905,,0.4389671361502348
0.6407407407407407,0.2708144111413866,0.581756695000457,,0.44014084507042256
0.7888888888888889,0.3167574931880109,0.4469426926240746,,0.4096244131455399
0.5518518518518519,0.2573418104753255,0.2709989946074399,,0.4025821596244131
0.8296296296296297,0.10619134120496518,0.2598025774609268,,0.3427230046948357
0.9037037037037037,0.009309718437783833,0.2604880723882643,,0.19014084507042253
0.9111111111111111,0.0008325764456554648,0.2561466045151266,,0.11267605633802817
1.011111111111111,0.0,0.2216433598391372,,0.12089201877934272
0.974074074074074,0.0,0.1914815830362855,,0.11150234741784039
0.9111111111111111,0.0,0.1613198062334339,,0.09154929577464789
1.0,0.0,0.14669591445023306,,0.08450704225352113
0.9703703703703704,0.0,0.11516314779270634,,0.16666666666666669
0.9444444444444444,0.0,0.10191024586418061,,0.15023474178403753
0.9666666666666667,0.0,0.08728635408097979,,0.17136150234741782
0.925925925925926,0.00030275507114744176,0.07266246229777899,,0.13497652582159622
0.9629629629629629,0.00022706630336058128,0.05575358742345306,,0.11971830985915492
0.8962962962962964,0.0,0.030618773421076686,,0.11854460093896714
0.8555555555555555,0.0,0.03793071931267709,,0.1068075117370892
0.9148148148148149,7.568876778686044e-05,0.03770222100356457,,0.10446009389671361
0.9370370370370371,0.001059642749016046,0.09071382871766749,,0.1255868544600939
0.9407407407407407,0.015440508628519528,0.10533772050086829,,0.13732394366197184
0.9185185185185184,0.027323645171056614,0.10213874417329312,,0.11502347417840376
0.862962962962963,0.023236451710566153,0.10739420528288092,,0.09624413145539906
0.6333333333333333,0.036103542234332424,0.0854583676080797,,0.10446009389671361
0.5037037037037037,0.035876475930971846,0.10350973402796819,,0.1267605633802817
0.5037037037037037,0.026036936118679986,0.1837126405264601,,0.11384976525821595
0.3148148148148148,0.014153799576142902,0.1832556439082351,,0.09859154929577464
0.36666666666666664,0.002497729336966394,0.2035919934192487,,0.09976525821596245
0.4851851851851852,0.0,0.199707522164336,,0.09389671361502347
0.6296296296296297,0.00015137753557372088,0.20199250525546109,,0.09154929577464789
0.6814814814814815,0.006357856494096276,0.1944520610547482,,0.08333333333333333
0.7,0.0035573720859824404,0.1512658806324833,,0.08098591549295775
0.4740740740740741,0.009385407205570693,0.06832099442464125,,0.08568075117370892
0.6185185185185186,0.008023009385407205,0.04455717027693995,,0.07981220657276995
0.537037037037037,0.016878595216469876,0.01782286811077598,,0.10446009389671361
0.4925925925925926,0.03398425673630034,0.011881912073850651,,0.11737089201877933
0.562962962962963,0.045488949439903115,0.028333790329951557,,0.15023474178403753
0.24074074074074073,0.05033303057826219,0.02056484782012613,,0.1795774647887324
0.1111111111111111,0.022479564032697547,0.03221826158486427,,0.16784037558685444
0.05185185185185186,0.01256433545261883,0.061466045151265886,,0.18309859154929578
0.06296296296296296,0.04791099000908265,0.07951741157115437,,0.17253521126760563
0.05185185185185186,0.14411141386618226,0.039758705785577185,,0.22183098591549297
0.13703703703703704,0.24182561307901912,0.02970478018462663,,0.22417840375586856
0.05925925925925926,0.319936421435059,0.025134814002376386,,0.20774647887323944
0.07037037037037037,0.3029064486830154,0.015537885019650857,,0.16666666666666669
0.05185185185185186,0.1710566151983046,0.00982542729183804,,0.15023474178403753
0.007407407407407408,0.21457765667574932,0.007768942509825427,,0.1842723004694836
0.0,0.16976990614592796,0.00616945434603784,,0.17136150234741782
0.0,0.09332425068119891,0.022849830911251253,,0.15258215962441316
0.0,0.07788374205267938,0.01530938671053834,,0.16549295774647887
0.014814814814814815,0.1178474114441417,0.016451878256100904,,0.142018779342723
0.1111111111111111,0.18982742960944596,0.03198976327575176,,0.12910798122065728
0.007407407407407408,0.16053587647593098,0.025134814002376386,,0.11619718309859155
0.044444444444444446,0.04442930669088708,0.048670139840965174,,0.1267605633802817
0.25555555555555554,0.19557977596124734,0.04821314322274015,,0.15727699530516429
0.07777777777777778,0.29155313351498635,0.02376382414770131,,0.1795774647887324
0.14074074074074075,0.1771874053890403,0.03770222100356457,,0.16666666666666669
0.13333333333333333,0.06660611565243718,0.03198976327575176,,0.15610328638497656
0.2740740740740741,0.14259763851044505,0.02147884105657618,,0.15492957746478872
0.18888888888888888,0.061156524371783226,0.014623891783200805,,0.176056338028169
0.15925925925925924,0.03640629730547987,0.006626450964262865,,0.19718309859154928
0.03333333333333333,0.03814713896457766,0.032675258203089294,,0.20539906103286387
0.014814814814814815,0.09756282167726309,0.03496024129421442,,0.22769953051643194
0.007407407407407408,0.15258855585831063,0.0381592176217896,,0.2112676056338028
0.040740740740740744,0.23501362397820164,0.03198976327575175,,0.2147887323943662
0.05185185185185186,0.29473206176203454,0.018736861347226033,,0.22769953051643194
0.0,0.387223735997578,0.010282423910063065,,0.22887323943661972
0.0,0.4608689070541931,0.014166895164975782,,0.2347417840375587
0.03333333333333333,0.48327278231910387,0.012110410382963167,,0.2511737089201878
0.0,0.5024220405691796,0.03564573622155196,,0.255868544600939
0.018518518518518517,0.5577505298213745,0.2744264692441276,,0.26173708920187794
0.0925925925925926,0.5814411141386618,0.35143039941504434,,0.25704225352112675
0.16296296296296298,0.5587344838026037,0.24312220089571335,,0.25821596244131456
0.3111111111111111,0.5100666061156525,0.27853943880815285,,0.2676056338028169
0.5481481481481482,0.48032092037541624,0.2088474545288365,,0.2676056338028169
0.4851851851851852,0.3879049349076597,0.0872863540809798,,0.2746478873239437
0.6074074074074074,0.41590977898879805,0.1108216799195686,,0.28990610328638494
0.8925925925925926,0.3477898879806237,0.17845717941687234,,0.3262910798122066
0.9333333333333333,0.20269452013321224,0.19193857965451055,,0.3204225352112676
1.0148148148148148,0.0853012412957917,0.21524540718398683,,0.2734741784037559
1.011111111111111,0.011353315168029064,0.3253815921762179,,0.21361502347417838
1.0148148148148148,0.0012867090523766272,0.35417237912439453,,0.15727699530516429
1.0037037037037038,0.00045413260672116256,0.29727630015537887,,0.11150234741784038
1.0185185185185184,0.00045413260672116256,0.30276025957407915,,0.11032863849765259
1.0148148148148148,0.00045413260672116256,0.30618773421076684,,0.11619718309859155
1.0074074074074073,0.00045413260672116256,0.2890503610273284,,0.11619718309859155
1.0,0.00045413260672116256,0.20382049172836122,,0.10798122065727699
1.0074074074074073,0.000529821374508023,0.19902202723699844,,0.10093896713615023
1.0,0.0013623978201634877,0.1652042774883466,,0.09741784037558684
1.0037037037037038,0.0015137753557372085,0.14166895164975776,,0.09976525821596245
0.9777777777777777,0.0034059945504087193,0.10099625262773054,,0.08215962441314555
0.9555555555555556,0.00522252497729337,0.046385156749840055,,0.11384976525821595
1.0037037037037038,0.004465637299424766,0.050955122932090306,,0.210093896713615
0.8777777777777778,0.006357856494096276,0.09734027968193035,,0.22300469483568075
0.9370370370370371,0.009536784741144414,0.1505803857051458,,0.21596244131455397
0.8925925925925926,0.012715712988192553,0.07723242848002926,,0.2946009389671362
0.8111111111111111,0.02618831365425371,0.04684215336806508,,0.21713615023474178
0.6777777777777778,0.035195277020890106,0.12087560552051914,,0.21713615023474178
0.5074074074074074,0.036103542234332424,0.1679462571976967,,0.1607981220657277
0.4185185185185185,0.0137753557372086,0.1702312402888219,,0.13732394366197184
0.6111111111111112,0.006055101422948834,0.15720683666940863,,0.13615023474178406
0.5666666666666667,0.0009082652134423252,0.13252901928525732,,0.062206572769953054
0.5222222222222223,0.000529821374508023,0.10396673064619323,,0.017605633802816902
0.1111111111111111,0.00045413260672116256,0.06283703500594097,,0.0011737089201877935
0.28518518518518515,0.00045413260672116256,0.028790786948176585,,0.0
0.18148148148148147,0.00045413260672116256,0.02353532583858879,,0.0
0.037037037037037035,0.0007568876778686043,0.01850836303811352,,0.002347417840375587
0.007407407407407408,0.000529821374508023,0.02307832922036377,,0.004694835680751174
0.003703703703703704,0.00045413260672116256,0.03884471254912713,,0.007042253521126761
0.003703703703703704,0.0019679079624583713,0.03039027511196417,,0.011737089201877934
0.014814814814814815,0.009158340902210111,0.010967918837400604,,0.018779342723004695
0.007407407407407408,0.019603390856796854,0.0063979526551503525,,0.02112676056338028
0.003703703703703704,0.022479564032697547,0.009596928982725527,,0.023474178403755867
0.003703703703703704,0.03178928247048138,0.005712457727812814,,0.026995305164319246
0.022222222222222223,0.02202543142597638,0.005026962800475276,,0.01995305164319249
0.02962962962962963,0.02089009990917348,0.014166895164975782,,0.011737089201877934
0.1,0.019981834695731154,0.01850836303811352,,0.01056338028169014
0.07777777777777778,0.03405994550408719,0.0077689425098254284,,0.01643192488262911
0.07037037037037037,0.06350287617317589,0.0047984644913627635,,0.028169014084507043
0.003703703703703704,0.041931577353920675,0.004112969564025226,,0.012910798122065728
0.0,0.04102331214047836,0.004569966182250251,,0.01056338028169014
0.022222222222222223,0.02838328792007266,0.004112969564025226,,0.004694835680751174
0.018518518518518517,0.023160762942779287,0.004112969564025226,,0.002347417840375587
0.018518518518518517,0.011353315168029064,0.004569966182250252,,0.0011737089201877935
0.0,0.00522252497729337,0.004341467873137739,,0.0
0.003703703703703704,0.0016651528913109296,0.004112969564025226,,0.0
0.044444444444444446,0.0018165304268846503,0.004112969564025226,,0.0
0.06666666666666667,0.0016651528913109296,0.004112969564025226,,0.0
0.007407407407407408,0.00045413260672116256,0.004112969564025226,,0.002347417840375587
0.018518518518518517,0.00045413260672116256,0.004112969564025226,,0.0
0.04814814814814815,0.00045413260672116256,0.004341467873137739,,0.0011737089201877935
0.014814814814814815,0.00045413260672116256,0.005712457727812814,,0.0011737089201877935
0.08888888888888889,0.00045413260672116256,0.005255461109587789,,0.0
0.0,0.00045413260672116256,0.009139932364500504,,0.0
0.0,0.00045413260672116256,0.006626450964262865,,0.0
0.0,0.00045413260672116256,0.004341467873137739,,0.0
0.003703703703703704,0.00045413260672116256,0.004112969564025226,,0.0
0.02962962962962963,0.00045413260672116256,0.004112969564025226,,0.0
0.007407407407407408,0.00045413260672116256,0.004112969564025226,,0.0
0.03333333333333333,0.00045413260672116256,0.0047984644913627635,,0.0
0.02962962962962963,0.00045413260672116256,0.004112969564025226,,0.0
0.003703703703703704,0.0021949742658189525,0.004112969564025226,,0.014084507042253521
0.0,0.004389948531637905,0.004112969564025226,,0.01056338028169014
0.0,0.007190432939751742,0.005940956036925327,,0.005868544600938967
0.0,0.016727217680896155,0.007311945891600402,,0.007042253521126761
0.0,0.02520435967302452,0.005940956036925327,,0.014084507042253521
0.0,0.04503481683318196,0.004112969564025226,,0.011737089201877935
0.018518518518518517,0.040190735694822885,0.004112969564025226,,0.004694835680751174
0.0,0.017711171662125342,0.004569966182250251,,0.01643192488262911
0.007407407407407408,0.009915228580078718,0.004569966182250251,,0.008215962441314555
0.003703703703703704,0.005525280048440812,0.013709898546750754,,0.017605633802816902
0.040740740740740744,0.0037087496215561615,0.13641349054017,,0.005868544600938967
0.037037037037037035,0.0012867090523766272,0.36765377936203275,,0.0
0.05925925925925926,0.003935815924916743,0.17457270816195958,,0.007042253521126761
0.014814814814814815,0.007114744171964881,0.004569966182250252,,0.007042253521126761
0.0,0.011201937632455345,0.004112969564025226,,0.007042253521126761
0.0,0.007341810475325462,0.004112969564025226,,0.007042253521126761
0.0,0.011429003935815925,0.004112969564025226,,0.009389671361502348
0.022222222222222223,0.02452316076294278,0.004569966182250252,,0.011737089201877934
0.044444444444444446,0.03421132303966091,0.0075404442007129145,,0.06338028169014084
0.06296296296296296,0.03739025128670905,0.004112969564025226,,0.051643192488262914
0.2,0.06229185588858613,0.03153276665752673,,0.044600938967136156
0.43703703703703706,0.13132001211020286,0.32880906681290556,,0.025821596244131457
0.7185185185185186,0.05835603996366939,0.12613106663010692,,0.025821596244131457
0.8518518518518519,0.07848925219497428,0.07494744538890413,,0.015258215962441314
0.8111111111111111,0.06342718740538905,0.22507083447582485,,0.03169014084507042
0.6407407407407407,0.051241295791704514,0.05963805867836578,,0.022300469483568078
0.8074074074074075,0.030653950953678476,0.037245224385339545,,0.022300469483568078
0.9037037037037037,0.018392370572207085,0.03221826158486427,,0.11619718309859155
0.8666666666666667,0.008401453224341507,0.01165341376473814,,0.09859154929577464
0.9037037037037037,0.007720254314259764,0.004112969564025226,,0.09272300469483569
0.9851851851851852,0.006055101422948835,0.004112969564025226,,0.01995305164319249
0.5407407407407407,0.007493188010899182,0.004112969564025226,,0.0
0.1962962962962963,0.0011353315168029065,0.004112969564025226,,0.002347417840375587
0.16296296296296298,0.00045413260672116256,0.004112969564025226,,0.0035211267605633804
0.007407407407407408,0.00045413260672116256,0.005026962800475277,,0.0
0.007407407407407408,0.00045413260672116256,0.004569966182250251,,0.0
0.0,0.0006055101422948835,0.004341467873137739,,0.0
0.0,0.00045413260672116256,0.007997440818937938,,0.0
0.0,0.0009839539812291854,0.004569966182250251,,0.0
0.011111111111111112,0.002270663033605813,0.004341467873137739,,0.0
0.007407407407407408,0.0007568876778686044,0.004112969564025226,,0.0
0.003703703703703704,0.000529821374508023,0.005255461109587789,,0.0
0.022222222222222223,0.0009082652134423251,0.010967918837400604,,0.0
0.12222222222222222,0.000529821374508023,0.005026962800475277,,0.0
0.21851851851851853,0.00045413260672116256,0.0047984644913627635,,0.0035211267605633804
0.24814814814814817,0.000529821374508023,0.004112969564025226,,0.0
0.20740740740740743,0.0027247956403269754,0.0061694543460378394,,0.0
0.2222222222222222,0.0049197699061459274,0.002970478018462663,,0.0
0.1851851851851852,0.011731759006963365,0.0009139932364500503,,0.0035211267605633804
0.13333333333333333,0.020814411141386623,0.0031989763275751763,,0.0035211267605633804
0.18888888888888888,0.026793823796548592,0.00891143405538799,,0.0035211267605633804
0.28888888888888886,0.019149258250075685,0.0077689425098254284,,0.007042253521126761
0.2592592592592593,0.018922191946715104,0.0034274746366876885,,0.015258215962441314
0.15925925925925924,0.0011353315168029065,0.0006854949273375377,,0.007042253521126761
0.10740740740740741,0.0007568876778686044,0.0,,0.01643192488262911
0.2814814814814815,0.0006811989100817438,0.0,,0.02464788732394366
0.3037037037037037,0.0007568876778686044,0.0,,0.01643192488262911
0.5407407407407407,0.0028761731759006964,0.00022849830911251257,,0.007042253521126761
0.3111111111111111,0.018165304268846504,0.0006854949273375377,,0.05516431924882628
0.14444444444444443,0.02626400242204057,0.002056484782012613,,0.061032863849765265
0.15185185185185185,0.029064486830154404,0.011196417146513116,,0.01995305164319249
0.2037037037037037,0.036027853466545565,0.027648295402614022,,0.025821596244131457
0.16296296296296298,0.04965183166818044,0.0509551229320903,,0.03169014084507042
0.1925925925925926,0.06872540115046927,0.13549949730371996,,0.07511737089201878
0.05185185185185186,0.09892521949742658,0.1969655424549858,,0.1244131455399061
0.007407407407407408,0.10535876475930972,0.1597203180696463,,0.13732394366197184
0.0,0.13616409324856193,0.08248788958961706,,0.13732394366197184
0.003703703703703704,0.18339388434756282,0.02764829540261402,,0.14788732394366197
0.0,0.24621556161065697,0.032675258203089294,,0.18544600938967135
0.007407407407407408,0.25885558583106266,0.18736861347226033,,0.3215962441314554
0.0925925925925926,0.2918558885861338,0.3212686226121927,,0.2734741784037559
0.2,0.313427187405389,0.418151905675898,,0.2734741784037559
0.35555555555555557,0.2773236451710566,0.5543368979069554,,0.1795774647887324
0.5259259259259259,0.23471086890705417,0.5815281966913446,,0.15727699530516434
0.4666666666666667,0.21760520738722375,0.5591353623983182,,0.20422535211267606
0.43703703703703706,0.24500454132606725,0.5447399689242299,,0.19718309859154928
0.4777777777777778,0.2070087798970633,0.445343204460287,,0.20657276995305165
0.4851851851851852,0.15720557069330912,0.48144593730006396,,0.1737089201877934
0.5148148148148148,0.17302452316076294,0.4860159034823142,,0.11384976525821597
0.41481481481481486,0.21276112624886467,0.43368979069554886,,0.13028169014084506
0.4,0.21283681501665153,0.38364866099990863,,0.2746478873239437
0.5925925925925926,0.17658189524674536,0.5189196599945161,,0.20892018779342722
0.5777777777777777,0.19785043899485316,0.5783292203637692,,0.08568075117370891
0.5296296296296297,0.36595519224947015,0.5534229046705055,,0.10211267605633803
0.6481481481481481,0.476158038147139,0.41700941413033543,,0.21948356807511735
0.5259259259259259,0.46881622767181347,0.4885293848825519,,0.36619718309859156
0.6703703703703703,0.4454283984256736,0.48533040855497667,,0.4788732394366197
0.5666666666666667,0.44830457160157433,0.5159491819760533,,0.4483568075117371
0.16666666666666666,0.47366030881017257,0.37999268805410835,,0.4154929577464789
0.8481481481481481,0.46737814108386316,0.2799104286628279,,0.3227699530516432
1.0037037037037038,0.4846351801392674,0.3043597477378667,,0.3145539906103287
0.9629629629629629,0.48304571601574336,0.24357919751393836,,0.2652582159624413
0.9703703703703704,0.48584620042385707,0.21136093592907412,,0.2887323943661972
0.9666666666666667,0.48024523160762944,0.2300977972763002,,0.2805164319248826
1.0074074074074073,0.4617771722676355,0.3018462663376291,,0.23591549295774647
0.9037037037037037,0.45746291250378446,0.23215428205831276,,0.2112676056338028
0.8444444444444444,0.4307447774750227,0.1978795356914359,,0.22065727699530518
0.8888888888888888,0.36777172267635483,0.127959053103007,,0.1807511737089202
0.7962962962962963,0.22941265516197396,0.11470615117448132,,0.1431924882629108
0.7222222222222222,0.154556463820769,0.048898638150077695,,0.10915492957746478
0.6222222222222222,0.08726914925825008,0.030390275111964175,,0.06807511737089202
0.537037037037037,0.03337874659400546,0.002056484782012613,,0.03990610328638498
0.32222222222222224,0.013623978201634876,0.0,,0.023474178403755867
0.18888888888888888,0.0031032394792612776,0.002970478018462663,,0.007042253521126761
0.2962962962962963,0.0015137753557372085,0.01873686134722603,,0.0035211267605633804
0.26296296296296295,0.004162882228277324,0.022621332602138743,,0.0
0.1851851851851852,0.012185891613684528,0.016680376565213418,,0.0
0.18148148148148147,0.01264002422040569,0.016680376565213418,,0.0
0.10370370370370371,0.01218589161368453,0.039758705785577185,,0.0
0.003703703703703704,0.01036936118679988,0.05209761447765286,,0.0
0.0,0.0034059945504087193,0.028333790329951557,,0.0011737089201877935
0.0,0.004162882228277324,0.03838771593090211,,0.002347417840375587
0.0,0.007644565546472904,0.06854949273375377,,0.0
0.04814814814814815,0.009082652134423252,0.0708344758248789,,0.0
0.08888888888888889,0.010369361186799878,0.09139932364500503,,0.0
0.16296296296296298,0.007190432939751742,0.07768942509825427,,0.0
0.17777777777777778,0.002649106872540115,0.10693720866465588,,0.0
0.1,0.01059642749016046,0.24586418060506354,,0.004694835680751174
0.1111111111111111,0.02528004844081138,0.35531487066995704,,0.004694835680751174
0.1,0.03231910384498941,0.3468604332327941,,0.011737089201877935
0.17777777777777778,0.03716318498334847,0.37039575907138284,,0.018779342723004692
0.3074074074074074,0.040796245837117766,0.3729092404716205,,0.02699530516431925
0.3814814814814815,0.041553133514986386,0.3610273283977699,,0.08098591549295775
0.5037037037037037,0.0482137450802301,0.30070377479206656,,0.10211267605633803
0.562962962962963,0.05600968816227672,0.27876793711726533,,0.14084507042253522
0.5481481481481482,0.06251892219194671,0.3036742528105292,,0.0880281690140845
0.5814814814814815,0.05093854072055707,0.23512476007677544,,0.03755868544600939
0.39629629629629626,0.04155313351498638,0.20770496298327393,,0.035211267605633804
0.34444444444444444,0.03988798062367545,0.16291929439722147,,0.11267605633802817
0.42962962962962964,0.034968210717529515,0.19536605429119824,,0.03286384976525821
0.36666666666666664,0.020133212231304876,0.2529476281875514,,0.02464788732394366
0.39629629629629626,0.013623978201634877,0.20062151540078602,,0.01643192488262911
0.3851851851851852,0.008098698153194066,0.1745727081619596,,0.004694835680751174
0.45185185185185184,0.010520738722373602,0.1160771410291564,,0.0035211267605633804
0.5222222222222223,0.0038601271571298812,0.06740700118819119,,0.002347417840375587
0.11851851851851852,0.0034059945504087193,0.06695000456996618,,0.0
0.07777777777777778,0.00711474417196488,0.05621058404167809,,0.0
0.02962962962962963,0.01067211625794732,0.009596928982725529,,0.0011737089201877935
0.02962962962962963,0.018619436875567667,0.0031989763275751763,,0.0
0.0,0.03231910384498941,0.004112969564025226,,0.014084507042253521
0.0,0.03897971541023312,0.04707065167717759,,0.04929577464788732
0.0,0.12223735997577959,0.24586418060506351,,0.19600938967136147
0.28518518518518515,0.2063275809869815,0.3777077049629833,,0.30046948356807507
0.3851851851851852,0.20012110202845895,0.2808244218992779,,0.2535211267605634
0.7111111111111111,0.19671510747805027,0.2725984827712275,,0.19248826291079812
0.8555555555555555,0.20950650923402964,0.21318892240197423,,0.21713615023474178
0.8222222222222222,0.22025431425976386,0.18165615574444752,,0.18896713615023472
0.9370370370370371,0.21964880411746895,0.16611827072479662,,0.14671361502347416
0.9481481481481482,0.21980018165304266,0.18142765743533498,,0.13732394366197184
0.9037037037037037,0.21563729942476537,0.19650854583676078,,0.0880281690140845
0.762962962962963,0.1907356948228883,0.09391280504524266,,0.06924882629107981
0.662962962962963,0.13548289433848015,0.05872406544191574,,0.061032863849765265
0.762962962962963,0.06766575840145324,0.0619230417694909,,0.045774647887323945
0.8259259259259258,0.040644868301544054,0.05118362124120281,,0.04342723004694836
0.6407407407407407,0.011656070239176506,0.04227218718581482,,0.014084507042253521
0.26296296296296295,0.008023009385407205,0.058267068823690704,,0.005868544600938967
0.21481481481481482,0.014759309718437783,0.04341467873137739,,0.0
0.26296296296296295,0.014683620950650924,0.03838771593090211,,0.0011737089201877935
0.11851851851851852,0.020284589766878598,0.004569966182250251,,0.0035211267605633804
0.1148148148148148,0.008704208295488949,0.005026962800475277,,0.008215962441314555
0.08518518518518518,0.0015137753557372088,0.010967918837400604,,0.008215962441314555
0.02962962962962963,0.002573418104753255,0.007083447582487889,,0.007042253521126761
0.06296296296296296,0.004844081138359068,0.007311945891600401,,0.008215962441314555
0.2518518518518518,0.003860127157129882,0.0034274746366876885,,0.005868544600938967
0.41481481481481486,0.0015137753557372085,0.0015994881637875881,,0.0035211267605633804
0.37777777777777777,0.004011504692703603,0.002056484782012613,,0.0011737089201877935
0.5851851851851853,0.015062064789585227,0.046385156749840055,,0.0035211267605633804
0.5814814814814815,0.009839539812291857,0.07174846906132895,,0.01056338028169014
0.4481481481481482,0.012715712988192553,0.07677543186180422,,0.03051643192488263
0.537037037037037,0.016651528913109295,0.059181062060140746,,0.01995305164319249
0.5851851851851853,0.02111716621253406,0.043643177040489894,,0.03169014084507042
0.5666666666666667,0.025885558583106264,0.03221826158486427,,0.026995305164319246
0.5703703703703703,0.018922191946715104,0.03953020747646467,,0.09154929577464789
0.4111111111111111,0.006357856494096276,0.042272187185814825,,0.0715962441314554
0.22592592592592592,0.00045413260672116256,0.04158669225847729,,0.057511737089201875
0.3037037037037037,0.00045413260672116256,0.02650580385705146,,0.056338028169014086
0.21851851851851853,0.00045413260672116256,0.02490631569326387,,0.045774647887323945
0.13703703703703704,0.00045413260672116256,0.01165341376473814,,0.04342723004694835
0.3111111111111111,0.00045413260672116256,0.021021844438351155,,0.036384976525821594
0.5185185185185186,0.0006811989100817438,0.031075770039301714,,0.03051643192488263
0.3888888888888889,0.0013623978201634877,0.013481400237638242,,0.01056338028169014
0.6074074074074074,0.001211020284589767,0.006626450964262865,,0.007042253521126761
0.6148148148148148,0.0006811989100817438,0.001142491545562563,,0.01056338028169014
0.5259259259259259,0.001059642749016046,0.00045699661822502514,,0.02112676056338028
0.6074074074074074,0.0025734181047532543,0.002741979709350151,,0.01056338028169014
0.3814814814814815,0.0013623978201634877,0.0029704780184626636,,0.008215962441314555
0.2777777777777778,0.001059642749016046,0.0009139932364500503,,0.011737089201877934
0.08888888888888889,0.0007568876778686043,0.00045699661822502514,,0.0035211267605633804
0.02592592592592593,0.000529821374508023,0.0,,0.0
0.018518518518518517,0.00045413260672116256,0.0,,0.0
0.04814814814814815,0.0009839539812291854,0.0,,0.0
0.08518518518518518,0.00893127459884953,0.001142491545562563,,0.022300469483568078
0.040740740740740744,0.021268543748107785,0.004112969564025226,,0.03990610328638498
0.018518518518518517,0.038222827732364524,0.003655972945800201,,0.05985915492957746
0.0,0.030653950953678476,0.0006854949273375377,,0.03286384976525822
0.014814814814814815,0.006433545261883137,0.0,,0.03873239436619718
0.02962962962962963,0.0006811989100817438,0.0,,0.057511737089201875
0.044444444444444446,0.00045413260672116256,0.00022849830911251257,,0.07981220657276995
0.06296296296296296,0.000529821374508023,0.0,,0.04812206572769953
0.08518518518518518,0.000529821374508023,0.0,,0.008215962441314555
0.04814814814814815,0.00045413260672116256,0.0,,0.002347417840375587
0.06666666666666667,0.00045413260672116256,0.0,,0.012910798122065728
0.05185185185185186,0.000529821374508023,0.0,,0.0
0.02592592592592593,0.002876173175900696,0.0,,0.0
0.044444444444444446,0.001589464123524069,0.0,,0.009389671361502348
0.05555555555555555,0.0014380865879503482,0.00022849830911251257,,0.02464788732394366
0.07407407407407407,0.0021949742658189525,0.0011424915455625628,,0.02464788732394366
0.07777777777777778,0.005903723887375113,0.0,,0.03286384976525822
0.07407407407407407,0.014759309718437783,0.002056484782012613,,0.03051643192488263
0.0962962962962963,0.01755979412655162,0.013024403619413216,,0.019953051643192492
0.14074074074074075,0.016197396306388133,0.005026962800475276,,0.02464788732394366
0.12222222222222222,0.01082349379352104,0.00045699661822502514,,0.007042253521126761
0.15925925925925924,0.014759309718437787,0.00045699661822502514,,0.012910798122065727
0.1111111111111111,0.03390856796851347,0.0061694543460378394,,0.04225352112676056
0.10370370370370371,0.036557674841053586,0.023078329220363767,,0.04694835680751174
0.14444444444444443,0.04299122010293673,0.026505803857051456,,0.07159624413145539
0.13333333333333333,0.04336966394187103,0.019193857965451054,,0.07863849765258214
0.15185185185185185,0.03125946109597335,0.010967918837400606,,0.06572769953051644
0.16666666666666666,0.041855888586133816,0.004569966182250252,,0.22183098591549297
0.18148148148148147,0.04382379654859219,0.001142491545562563,,0.21830985915492956
0.16666666666666666,0.02633969118982743,0.00045699661822502514,,0.1737089201877934
0.0925925925925926,0.025355737208598243,0.00022849830911251257,,0.21596244131455397
0.007407407407407408,0.028307599152285798,0.002056484782012613,,0.1795774647887324
0.0,0.00893127459884953,0.002056484782012613,,0.09859154929577464
0.0,0.013321223130487433,0.0011424915455625628,,0.05751173708920188
0.0,0.02240387526491069,0.0,,0.06338028169014084
0.0,0.03110808356039964,0.0,,0.04694835680751174
0.0,0.01589464123524069,0.0,,0.0727699530516432
0.0,0.012867090523766275,0.0,,0.05046948356807512
0.0,0.0068876778686043,0.0,,0.055164319248826296
0.0,0.010899182561307902,0.0,,0.017605633802816902
0.0,0.014380865879503482,0.00022849830911251257,,0.03169014084507042
0.0,0.014456554647290343,0.0015994881637875881,,0.025821596244131457
0.022222222222222223,0.0177868604299122,0.008682935746275478,,0.01056338028169014
0.003703703703703704,0.008174386920980926,0.013024403619413216,,0.004694835680751174
0.02962962962962963,0.0065092340296699965,0.009368430673613017,,0.009389671361502348
0.05555555555555555,0.009688162276718136,0.0491271364591902,,0.012910798122065728
0.07777777777777778,0.019754768392370572,0.09299881180879262,,0.017605633802816902
0.07777777777777778,0.04511050560096881,0.09528379489991774,,0.06220657276995305
0.07407407407407407,0.0682712685437481,0.18302714559912256,,0.15258215962441313
0.07407407407407407,0.10619134120496518,0.2287268074216251,,0.2476525821596244
0.11851851851851852,0.11693914623069937,0.24106571611370078,,0.28169014084507044
0.16296296296296298,0.10149863760217984,0.34114797550498127,,0.24178403755868547
0.15925925925925924,0.10566151983045717,0.382506169454346,,0.24295774647887325
0.10370370370370371,0.12405389040266425,0.345489443378119,,0.2664319248826291
0.08518518518518518,0.12541628822282772,0.29202083904579107,,0.23708920187793425
0.07777777777777778,0.0950650923402967,0.1764006946348597,,0.2312206572769953
0.06666666666666667,0.08310626702997276,0.17571519970752217,,0.2300469483568075
0.10740740740740741,0.07871631849833484,0.17525820308929715,,0.15492957746478872
0.1259259259259259,0.05858310626702997,0.354400877433507,,0.06572769953051644
0.15925925925925924,0.024901604601877084,0.5659903116716937,,0.03286384976525821
0.27037037037037037,0.007568876778686043,0.4037565122018097,,0.08568075117370892
0.40370370370370373,0.0006055101422948835,0.17480120647107208,,0.035211267605633804
0.4444444444444444,0.0033303057826218592,0.28905036102732845,,0.0868544600938967
0.4777777777777778,0.03731456251892219,0.19582305090942329,,0.06924882629107981
0.2962962962962963,0.03867696033908568,0.24997715016908878,,0.051643192488262914
0.13333333333333333,0.030275507114744176,0.3384059957956311,,0.02464788732394366
0.15925925925925924,0.017862549197699064,0.14715291106845807,,0.023474178403755867
0.15555555555555556,0.0065849227974568575,0.08705785577186728,,0.01643192488262911
0.20740740740740743,0.0015137753557372088,0.10465222557353075,,0.011737089201877934
0.3185185185185185,0.00181653042688465,0.07654693355269171,,0.009389671361502348
0.5703703703703703,0.0033303057826218592,0.08957133717210493,,0.0035211267605633804
0.6703703703703703,0.008023009385407205,0.09025683209944248,,0.0035211267605633804
0.7962962962962963,0.01036936118679988,0.08888584224476738,,0.012910798122065728
0.8037037037037037,0.015591886164093247,0.10213874417329312,,0.01056338028169014
0.7148148148148148,0.020587344838026034,0.07471894707979161,,0.014084507042253521
0.6407407407407407,0.05320920375416289,0.07517594369801664,,0.01995305164319249
0.4925925925925926,0.051695428398425676,0.24106571611370078,,0.02464788732394366
0.5296296296296297,0.02573418104753255,0.09094232702678,,0.009389671361502348
0.3111111111111111,0.006282167726309415,0.00022849830911251257,,0.0011737089201877935
0.1111111111111111,0.001589464123524069,0.0006854949273375377,,0.0035211267605633804
0.011111111111111112,0.000529821374508023,0.0013709898546750755,,0.0
0.0,0.0006055101422948835,0.00022849830911251257,,0.0
0.0,0.0017408416590977897,0.0,,0.0
0.003703703703703704,0.005828035119588253,0.001142491545562563,,0.002347417840375587
0.018518518518518517,0.0012867090523766272,0.002741979709350151,,0.012910798122065728
0.10370370370370371,0.0012867090523766272,0.0009139932364500503,,0.009389671361502348
0.040740740740740744,0.001211020284589767,0.0009139932364500503,,0.0
0.003703703703703704,0.0006811989100817438,0.0018279864729001003,,0.005868544600938967
0.0,0.00045413260672116256,0.0,,0.004694835680751174
0.0,0.0006811989100817438,0.00045699661822502514,,0.0
0.0,0.00045413260672116256,0.00045699661822502514,,0.008215962441314555
0.0,0.000529821374508023,0.0,,0.009389671361502348
0.0,0.00045413260672116256,0.0,,0.002347417840375587
0.0,0.000529821374508023,0.0,,0.0
0.0,0.000529821374508023,0.00022849830911251257,,0.0
0.0,0.005600968816227673,0.0009139932364500503,,0.004694835680751174
0.0,0.03398425673630033,0.005712457727812814,,0.007042253521126761
0.0,0.06312443233424159,0.039758705785577185,,0.011737089201877934
0.0,0.0562367544656373,0.024677817384151358,,0.023474178403755867
0.0,0.05495004541326067,0.011424915455625627,,0.034037558685446015
0.0,0.040569179533757195,0.003655972945800201,,0.03169014084507042
0.0,0.033075991522858006,0.002056484782012613,,0.02112676056338028
0.0,0.023917650620647893,0.0011424915455625628,,0.025821596244131457
0.0,0.013926733272782318,0.009139932364500503,,0.002347417840375587
0.0,0.018165304268846504,0.00799744081893794,,0.008215962441314555
0.0,0.03398425673630033,0.00525546110958779,,0.014084507042253521
0.0,0.02845897668785952,0.015080888401425829,,0.014084507042253521
0.0,0.03398425673630033,0.026505803857051456,,0.017605633802816902
0.0,0.06214047835301242,0.03358925143953935,,0.04342723004694835
0.0,0.05865879503481684,0.013938396855863268,,0.04460093896713614
0.0,0.05086285195277021,0.0710629741339914,,0.035211267605633804
0.0,0.04109900090826522,0.06809249611552876,,0.02347417840375587
0.0,0.02596124735089313,0.043414678731377394,,0.061032863849765265
0.0,0.025961247350893123,0.16748926057947172,,0.0715962441314554
0.0,0.0355737208598244,0.28905036102732845,,0.044600938967136156
0.0,0.04367241901301847,0.3377205008682936,,0.07276995305164319
0.0,0.05139267332727823,0.390503610273284,,0.06220657276995305
0.0,0.057220708446866476,0.5371995247235171,,0.07394366197183098
0.0,0.10831062670299726,0.5509094232702678,,0.1244131455399061
0.0,0.16765062064789585,0.5522804131249428,,0.13262910798122066
0.0,0.18135028761731756,0.5152636870487158,,0.22417840375586856
0.0,0.16303360581289736,0.4569966182250252,,0.289906103286385
0.0,0.1814259763851044,0.4873868933369894,,0.2852112676056338
0.0,0.19444444444444442,0.5506809249611554,,0.33568075117370894
0.0,0.1961095973357554,0.49561283246503973,,0.3826291079812207
0.0,0.16015743263699667,0.5214331413947537,,0.32863849765258213
0.0,0.11429003935815923,0.5410839959784297,,0.3509389671361503
0.0,0.09271874053890403,0.4629375742619504,,0.30046948356807507
0.0,0.07788374205267938,0.3075587240654419,,0.2828638497652582
0.0,0.07023917650620648,0.3141851750297047,,0.20422535211267606
0.0,0.0646382076899788,0.4165524175121104,,0.1443661971830986
0.0,0.06418407508325764,0.3893611187277214,,0.1807511737089202
0.0,0.05464729034211323,0.3973585595466594,,0.04812206572769953
0.0,0.055177111716621256,0.2803674252810529,,0.03169014084507042
0.0,0.04715410233121405,0.20336349511013616,,0.035211267605633804
0.0,0.04844081138359068,0.1613198062334339,,0.04107981220657277
0.0,0.05510142294883439,0.29636230691892884,,0.044600938967136156
0.0,0.07372085982440206,0.2913353441184535,,0.03051643192488263
0.0,0.07447774750227067,0.29773329677360383,,0.07276995305164319
0.0,0.0642597638510445,0.45059866556987477,,0.014084507042253521
0.0,0.04329397517408416,0.22735581756694997,,0.011737089201877934
0.0,0.017559794126551617,0.15103738232337083,,0.008215962441314555
0.0,0.01634877384196185,0.2799104286628279,,0.018779342723004695
0.0,0.02263094156827127,0.15172287725070835,,0.046948356807511735
0.0,0.0380714501967908,0.1784571794168723,,0.03990610328638498
0.0,0.10104450499545867,0.1583493282149712,,0.05399061032863849
0.0,0.13737511353315168,0.24814916369618864,,0.051643192488262914
0.0,0.11217075386012718,0.24906315693263867,,0.04929577464788732
0.0,0.06562216167120799,0.14052646010419523,,0.05985915492957746
0.0,0.03322736905843173,0.03930170916735216,,0.045774647887323945
0.0,0.021798365122615803,0.0948267982816927,,0.03169014084507042
0.0,0.013169845594913713,0.16109130792432133,,0.05751173708920188
0.0,0.02346351801392673,0.17937117265332236,,0.04342723004694835
0.0,0.021722676354828947,0.1604058129969838,,0.036384976525821594
0.0,0.00877989706327581,0.13915547024952016,,0.07511737089201878
0.0,0.0028004844081138363,0.15492185357828353,,0.04225352112676056
0.0,0.003860127157129882,0.11653413764738141,,0.026995305164319246
0.0,0.0011353315168029065,0.04775614660451513,,0.05046948356807512
0.0,0.008401453224341507,0.1341285074490449,,0.037558685446009384
0.0,0.006509234029669997,0.10670871035554337,,0.04225352112676056
0.0,0.0018165304268846503,0.046156658440727534,,0.04812206572769953
0.0,0.0009082652134423251,0.05781007220546568,,0.035211267605633804
0.0,0.000529821374508023,0.023078329220363767,,0.02699530516431925
0.0,0.0018165304268846503,0.007083447582487889,,0.028169014084507043
0.0,0.0006055101422948835,0.0061694543460378394,,0.018779342723004695
0.0,0.004995458673932788,0.004569966182250252,,0.02347417840375587
0.0,0.013472600666061155,0.0034274746366876885,,0.02347417840375587
0.0,0.02633969118982743,0.0006854949273375377,,0.034037558685446015
0.0,0.04140175597941266,0.0018279864729001006,,0.03286384976525822
0.0,0.06206478958522555,0.005483959418700302,,0.03051643192488263
0.0,0.0885558583106267,0.039758705785577185,,0.036384976525821594
0.0,0.10853769300635786,0.01530938671053834,,0.04342723004694836
0.0,0.12496215561610657,0.007311945891600402,,0.04694835680751174
0.0,0.11065697850438995,0.019422356274563565,,0.035211267605633804
0.0,0.07379654859218891,0.02673430216616397,,0.015258215962441314
0.0,0.031183772328186497,0.01782286811077598,,0.007042253521126761
0.0,0.018165304268846504,0.025363312311488896,,0.007042253521126761
0.0,0.022252497729336965,0.01759436980166347,,0.005868544600938967
0.0,0.01877081441114139,0.009825427291838041,,0.004694835680751174
0.0,0.01074780502573418,0.012795905310300705,,0.0011737089201877935
0.0,0.06312443233424159,0.004112969564025226,,0.009389671361502348
0.0,0.03292461398728428,0.035188739603326934,,0.004694835680751174
0.0,0.022101120193763247,0.08385887944429213,,0.0011737089201877935
0.0,0.031259461095973363,0.2266703226396125,,0.005868544600938967
0.0,0.03458976687859522,0.14989489077780824,,0.007042253521126761
0.0,0.029064486830154408,0.13892697194040765,,0.011737089201877934
0.0,0.03216772630941568,0.272369984462115,,0.005868544600938967
0.0,0.030275507114744173,0.573302257563294,,0.008215962441314555
0.0,0.12231304874356645,0.5733022575632941,,0.046948356807511735
0.0,0.25802300938540723,0.6228863906407092,,0.3110328638497653
0.0,0.31342718740538905,0.574216250799744,,0.4143192488262911
0.0,0.3556615198304572,0.6032355360570332,,0.49295774647887325
0.0,0.3205419315773539,0.5778722237455443,,0.5011737089201879
0.0,0.3374205267938238,0.427520336349511,,0.5258215962441314
0.0,0.39373297002724794,0.3891326204186089,,0.528169014084507
0.0,0.41825613079019075,0.5017822868110776,,0.5199530516431925
0.0,0.4174235543445353,0.5721597660177314,,0.4612676056338028
0.0,0.42310021192854985,0.5929531121469701,,0.4964788732394366
0.0,0.42067817135937025,0.5554793894525181,,0.4225352112676056
0.0,0.3874508023009386,0.5577643725436432,,0.5082159624413146
0.0,0.3398425673630034,0.48830088657343934,,0.49882629107981225
0.0,0.3023766273085074,0.5369710264144045,,0.4460093896713615
0.0,0.31963366636391166,0.5255461109587789,,0.4553990610328638
0.0,0.30570693309112923,0.3660542911982451,,0.4154929577464789
0.0,0.2352406902815622,0.2088474545288365,,0.4154929577464789
0.0,0.14713896457765666,0.1325290192852573,,0.397887323943662
0.0,0.14456554647290343,0.4636230691892881,,0.431924882629108
0.0,0.1273841961852861,0.49995430033817745,,0.3474178403755868
0.0,0.10762942779291555,0.472991499862901,,0.34389671361502344
0.0,0.07599152285800786,0.2929348322822411,,0.30868544600938963
0.0,0.057826218589161364,0.2072479663650489,,0.31924882629107987
0.0,0.04866787768695125,0.1951375559820857,,0.27816901408450706
0.0,0.028231910384498942,0.16314779270633398,,0.26995305164319244
0.0,0.018619436875567667,0.17959967096243487,,0.21361502347417838
0.0,0.0028761731759006964,0.32241111415775525,,0.17370892018779344
0.0,0.007190432939751742,0.39735855954665933,,0.15492957746478872
0.0,0.011429003935815925,0.41175395302074763,,0.18192488262910797
0.0,0.0246745382985165,0.4718490083173385,,0.2934272300469484
0.0,0.03829851650015138,0.38661913901837125,,0.289906103286385
0.0,0.06796851347260066,0.3203546293757426,,0.3274647887323944
0.0,0.10217983651226156,0.3671967827438077,,0.3732394366197183
0.0,0.15273993339388434,0.36491179965268256,,0.39671361502347413
0.0,0.19232515894641236,0.5058952563751028,,0.3826291079812207
0.0,0.2556009688162277,0.3955305730737593,,0.4119718309859155
0.0,0.27172267635482894,0.30527374097431675,,0.4084507042253521
0.0,0.13298516500151378,0.15583584681473356,,0.33098591549295775
0.0,0.056009688162276715,0.13892697194040762,,0.31572769953051644
0.0,0.07372085982440206,0.14166895164975776,,0.22535211267605634
0.0,0.16091432031486527,0.15674984005118361,,0.20422535211267606
0.0,0.17438692098092642,0.09139932364500501,,0.17488262910798122
0.0,0.12412957917045112,0.0399872040946897,,0.11971830985915492
0.0,0.030426884650317895,0.003427474636687689,,0.1244131455399061
0.0,0.01029367241901302,0.011196417146513116,,0.11619718309859155
0.0,0.008023009385407205,0.004569966182250252,,0.07511737089201878
0.0,0.011807447774750226,0.012110410382963165,,0.0539906103286385
0.0,0.008779897063275808,0.017137373183438442,,0.06103286384976526
0.0,0.03171359370269452,0.010282423910063065,,0.04929577464788732
0.0,0.049424765364819864,0.002056484782012613,,0.03990610328638498
0.0,0.07864062973054799,0.007768942509825427,,0.017605633802816902
0.0,0.06168634574629125,0.007083447582487889,,0.022300469483568078
0.0,0.0482137450802301,0.03176126496663925,,0.026995305164319246
0.0,0.05933999394489858,0.06375102824239101,,0.03169014084507042
0.0,0.07485619134120496,0.05506809249611553,,0.04929577464788732
0.0,0.0663790493490766,0.05666758065990313,,0.04342723004694836
0.0,0.05767484105358764,0.007997440818937938,,0.029342723004694832
0.003703703703703704,0.036027853466545565,0.00045699661822502514,,0.022300469483568078
0.0,0.0137753557372086,0.0,,0.004694835680751174
0.0,0.0028004844081138363,0.0,,0.0
0.0,0.0007568876778686043,0.0,,0.0
0.0,0.0007568876778686043,0.0,,0.0
0.0,0.00045413260672116256,0.0,,0.0
0.0,0.00045413260672116256,0.0,,0.0
0.0,0.00045413260672116256,0.0,,0.0
0.0,0.00045413260672116256,0.0,,0.0
0.0,0.0020435967302452314,0.0,,0.0
0.0,0.00045413260672116256,0.0,,0.0035211267605633804
0.0,0.00045413260672116256,0.030390275111964175,,0.007042253521126761
0.0,0.003027550711474417,0.12476007677543186,,0.0
0.0,0.005752346351801393,0.14098345672242024,,0.0011737089201877935
0.0,0.00045413260672116256,0.11927611735673156,,0.0
0.0,0.00045413260672116256,0.04318618042226487,,0.005868544600938967
0.0,0.000529821374508023,0.03336075313042683,,0.0
0.0,0.0008325764456554646,0.027419797093501504,,0.0
0.0,0.00045413260672116256,0.04729914998629011,,0.0011737089201877935
0.0,0.0,0.11013618499223106,,0.005868544600938967
0.0,0.0,0.1816561557444475,,0.03990610328638498
0.0,0.03224341507720254,0.17228772507083448,,0.11150234741784038
0.0,0.07447774750227067,0.2454071839868385,,0.09507042253521127
0.1851851851851852,0.1821071752951862,0.3148706699570423,,0.1467136150234742
0.23333333333333334,0.29897063275809876,0.4272918380403985,,0.2887323943661972
0.10370370370370371,0.2935967302452316,0.2885933644091034,,0.29577464788732394
0.3888888888888889,0.2939751740841659,0.14418243304999542,,0.27699530516431925
0.6333333333333333,0.2682409930366334,0.12338908692075679,,0.3345070422535211
0.6555555555555556,0.2129125037844384,0.12910154464856963,,0.25704225352112675
0.7962962962962963,0.18225855283075992,0.19445206105474822,,0.16666666666666666
0.9370370370370371,0.15357250983953982,0.24586418060506354,,0.15610328638497656
0.9333333333333333,0.19497426581895244,0.2239283429302623,,0.15727699530516434
0.9629629629629629,0.2338026036936119,0.17365871492550955,,0.2347417840375587
0.8925925925925926,0.2323645171056615,0.17685769125308473,,0.24413145539906103
0.9296296296296296,0.3215258855585831,0.1524083721780459,,0.24061032863849768
0.8037037037037037,0.2485619134120497,0.17868567772598482,,0.2687793427230047
0.7666666666666667,0.2250983953981229,0.18462663376291014,,0.33098591549295775
0.8703703703703703,0.19716924008477144,0.18142765743533498,,0.35446009389671357
0.9962962962962962,0.1906600060551014,0.1743442098528471,,0.2910798122065728
0.8222222222222222,0.18180442022403875,0.17754318618042225,,0.31338028169014087
0.9481481481481482,0.15410233121404784,0.2929348322822411,,0.3474178403755868
0.9370370370370371,0.12110202845897669,0.3607988300886574,,0.3157276995305165
0.9148148148148149,0.20776566757493184,0.5292020839045791,,0.3145539906103287
0.9,0.26975476839237056,0.54748194863358,,0.3016431924882629
0.8666666666666667,0.32462912503784436,0.5511379215793804,,0.3814553990610328
0.8,0.4231759006963367,0.5312585686865917,,0.312206572769953
0.862962962962963,0.4492885255828036,0.5191481583036285,,0.2676056338028169
0.5518518518518519,0.3845746291250378,0.5257746092678913,,0.2805164319248826
0.6666666666666666,0.3789736603088102,0.4846449136276392,,0.2828638497652582
0.6074074074074074,0.33068422646079315,0.4032995155835847,,0.1737089201877934
0.37407407407407406,0.32599152285800786,0.18119915912622245,,0.13732394366197184
0.40370370370370373,0.26657584014532243,0.0690064893519788,,0.13380281690140844
0.3925925925925926,0.1451710566151983,0.0580385705145782,,0.09624413145539905
0.5592592592592592,0.0388283378746594,0.05803857051457819,,0.057511737089201875
0.6185185185185186,0.009461095973357555,0.08614386253541724,,0.050469483568075124
0.6222222222222222,0.002422040569179534,0.05598208573256558,,0.028169014084507043
0.537037037037037,0.010672116257947322,0.013709898546750754,,0.023474178403755867
0.5666666666666667,0.015591886164093247,0.012338908692075679,,0.02112676056338028
0.43333333333333335,0.009082652134423252,0.009596928982725527,,0.02464788732394366
0.5259259259259259,0.008098698153194066,0.0038844712549127142,,0.030516431924882632
0.3592592592592593,0.010747805025734183,0.0015994881637875881,,0.019953051643192492
0.26296296296296295,0.00862851952770209,0.0025134814002376383,,0.011737089201877934
0.3333333333333333,0.008325764456554648,0.0018279864729001006,,0.008215962441314555
0.4,0.0015137753557372088,0.0038844712549127142,,0.0035211267605633804
0.462962962962963,0.0013623978201634877,0.004112969564025226,,0.007042253521126761
0.37407407407407406,0.003178928247048138,0.005026962800475277,,0.009389671361502348
0.2296296296296296,0.004617014834998486,0.024906315693263868,,0.015258215962441316
0.18888888888888888,0.01059642749016046,0.0345032446759894,,0.055164319248826296
0.12222222222222222,0.016575840145322433,0.04752764829540262,,0.05399061032863849
0.22592592592592592,0.013245534362700574,0.03701672607622704,,0.028169014084507043
0.16666666666666666,0.006206478958522554,0.02330682752947628,,0.008215962441314553
0.24814814814814817,0.017408416590977898,0.0029704780184626636,,0.008215962441314553
0.22592592592592592,0.009461095973357552,0.0013709898546750755,,0.004694835680751174
0.2296296296296296,0.0052982137450802306,0.0013709898546750755,,0.0011737089201877935
0.1962962962962963,0.001438086587950348,0.0013709898546750755,,0.0
0.13333333333333333,0.0,0.0013709898546750755,,0.004694835680751174
0.15555555555555556,0.0,0.0015994881637875881,,0.0
0.1,0.0,0.0013709898546750755,,0.002347417840375587
0.05555555555555555,0.005222524977293369,0.0013709898546750755,,0.0
0.018518518518518517,0.0065092340296699965,0.005712457727812814,,0.0
0.007407407407407408,0.005752346351801393,0.016680376565213418,,0.0035211267605633804
0.003703703703703704,0.007644565546472904,0.031761264966639245,,0.017605633802816902
0.003703703703703704,0.011656070239176506,0.03770222100356457,,0.022300469483568078
0.0,0.010142294883439299,0.08431587606251713,,0.015258215962441316
0.0,0.011580381471389645,0.13024403619413216,,0.02112676056338028
0.0,0.01808961550105964,0.14646741614112055,,0.008215962441314555
0.0,0.013548289433848018,0.09505529659080524,,0.004694835680751174
0.0,0.016651528913109295,0.0781464217164793,,0.008215962441314555
0.0,0.016500151377535573,0.07654693355269171,,0.002347417840375587
0.0,0.013245534362700574,0.18691161685403526,,0.002347417840375587
0.0,0.02096578867696034,0.21250342747463669,,0.007042253521126761
0.0,0.014834998486224644,0.23032629558541268,,0.009389671361502348
0.011111111111111112,0.01059642749016046,0.2074764646741614,,0.005868544600938967
0.08518518518518518,0.007871631849833485,0.19947902385522348,,0.015258215962441316
0.2111111111111111,0.0031032394792612776,0.16977424367059685,,0.02112676056338028
0.40370370370370373,0.0006055101422948835,0.1599488163787588,,0.004694835680751174
0.5074074074074074,0.0018922191946715108,0.0852298692989672,,0.0011737089201877935
0.3111111111111111,0.003935815924916743,0.08500137098985468,,0.012910798122065728
0.13703703703703704,7.568876778686044e-05,0.08477287268074216,,0.009389671361502348
0.14814814814814814,0.0014380865879503482,0.06443652316972855,,0.002347417840375587
0.06666666666666667,0.007190432939751741,0.029247783566401606,,0.0
0.07407407407407407,0.00030275507114744176,0.02330682752947628,,0.0
0.014814814814814815,0.0,0.02147884105657618,,0.0
0.0,0.0,0.007997440818937938,,0.0
0.0,0.00015137753557372088,0.00525546110958779,,0.002347417840375587
0.0,0.00015137753557372088,0.0013709898546750755,,0.005868544600938967
0.0,7.568876778686044e-05,0.002056484782012613,,0.0011737089201877935
0.0,7.568876778686044e-05,0.012795905310300703,,0.0
0.014814814814814815,0.00037844383893430214,0.03861621424001462,,0.0
0.02592592592592593,0.001211020284589767,0.028562288639064067,,0.0
0.044444444444444446,0.004314259763851045,0.06123754684215336,,0.0
0.34074074074074073,0.008477141992128368,0.14258294488620785,,0.0
0.8296296296296297,0.032470481380563125,0.22141486153002468,,0.04225352112676056
0.8518518518518519,0.0399636693914623,0.2785394388081528,,0.08215962441314555
0.9037037037037037,0.06410838631547079,0.25546110958778906,,0.11854460093896713
0.6666666666666666,0.061837723281864966,0.2890503610273284,,0.13615023474178403
0.5777777777777777,0.0711474417196488,0.29202083904579107,,0.10211267605633803
0.6740740740740742,0.07917045110505601,0.28105292020839046,,0.12206572769953052
0.6814814814814815,0.08151680290644868,0.20976144776528655,,0.07863849765258217
0.5592592592592592,0.07311534968210719,0.16497577917923406,,0.1056338028169014
0.3111111111111111,0.05706933091129276,0.12178959875696918,,0.09389671361502347
0.2962962962962963,0.026869512564335455,0.10305273740974318,,0.0539906103286385
0.21851851851851853,0.007114744171964881,0.07631843524357919,,0.02112676056338028
0.24444444444444444,0.0011353315168029065,0.04752764829540261,,0.014084507042253521
0.43703703703703706,0.0,0.03907321085823965,,0.008215962441314555
0.5333333333333333,0.0,0.028562288639064067,,0.007042253521126761
0.2777777777777778,0.0,0.043643177040489894,,0.004694835680751174
0.2777777777777778,0.0,0.053240106023215425,,0.0
0.4222222222222222,0.0,0.03770222100356457,,0.0
0.45185185185185184,0.0,0.039987204094689706,,0.0
0.4111111111111111,0.0,0.06603601133351612,,0.0
0.3,0.0,0.044785668586052464,,0.0
0.11851851851851852,0.0,0.047299149986290104,,0.0
0.014814814814814815,0.0,0.034731742985101906,,0.0
0.0,0.0,0.02079334612923864,,0.0
0.0,0.0,0.005255461109587789,,0.0
0.0,0.0007568876778686044,0.0034274746366876885,,0.0
0.0,0.009536784741144414,0.002284983091125126,,0.0
0.011111111111111112,0.02172267635482894,0.0018279864729001006,,0.0011737089201877935
0.02962962962962963,0.03383287920072661,0.00525546110958779,,0.004694835680751174
0.037037037037037035,0.04927338782924614,0.014852390092313315,,0.02112676056338028
0.05555555555555555,0.05048440811383591,0.004341467873137739,,0.028169014084507043
0.018518518518518517,0.03723887375113533,0.0013709898546750755,,0.035211267605633804
0.0,0.0286860429912201,0.0013709898546750755,,0.026995305164319246
0.05555555555555555,0.010142294883439299,0.004341467873137739,,0.028169014084507043
0.07777777777777778,0.0038601271571298812,0.0029704780184626636,,0.028169014084507043
0.16296296296296298,0.0009839539812291857,0.0015994881637875881,,0.02464788732394366
0.21851851851851853,0.0006055101422948835,0.0013709898546750755,,0.01056338028169014
0.5074074074074074,0.00030275507114744176,0.0018279864729001006,,0.015258215962441314
0.6185185185185186,0.0,0.002056484782012613,,0.0011737089201877935
0.26666666666666666,0.0,0.0015994881637875881,,0.0
0.8296296296296297,7.568876778686044e-05,0.0013709898546750755,,0.002347417840375587
0.8851851851851852,0.000529821374508023,0.012795905310300703,,0.01056338028169014
0.8518518518518519,0.00022706630336058128,0.03770222100356457,,0.004694835680751174
0.7111111111111111,0.004617014834998486,0.019193857965451054,,0.005868544600938967
0.6074074074074074,0.018619436875567667,0.05758157389635317,,0.0
0.4222222222222222,0.053511958825310325,0.005712457727812814,,0.0
0.4703703703703703,0.06320012110202847,0.02399232245681382,,0.014084507042253521
0.6592592592592592,0.08446866485013624,0.005712457727812814,,0.11854460093896713
0.3037037037037037,0.11035422343324251,0.08591536422630472,,0.2546948356807512
0.1962962962962963,0.14282470481380563,0.5225756329403162,,0.210093896713615
0.1851851851851852,0.22176808961550104,0.5966090850927703,,0.16549295774647887
0.05925925925925926,0.28065395095367845,0.5888401425829449,,0.1244131455399061
0.06296296296296296,0.3337874659400545,0.5927246138378577,,0.14788732394366197
0.07037037037037037,0.4274901604601877,0.5721597660177316,,0.16431924882629106
0.05555555555555555,0.4927338782924614,0.5842701764006947,,0.255868544600939
0.08888888888888889,0.4823645171056615,0.5721597660177314,,0.25938967136150237
0.07037037037037037,0.47532546170148343,0.5351430399415045,,0.2347417840375587
0.21851851851851853,0.43891916439600365,0.48533040855497667,,0.24413145539906103
0.43333333333333335,0.34052376627308506,0.36536879627090757,,0.23356807511737088
0.6037037037037036,0.24772933696639418,0.2725984827712275,,0.16784037558685444
0.6740740740740742,0.16310929458068424,0.24426469244127594,,0.14906103286384978
0.5851851851851853,0.0719043293975174,0.12201809706608172,,0.09272300469483567
0.3037037037037037,0.06198910081743869,0.03907321085823965,,0.0880281690140845
0.6111111111111112,0.04344535270965788,0.040215702403802206,,0.051643192488262914
0.5074074074074074,0.027172267635482892,0.04798464491362764,,0.06455399061032864
0.4703703703703703,0.0036330608537693005,0.02376382414770131,,0.05046948356807512
0.5555555555555556,0.0,0.003427474636687689,,0.01995305164319249
0.24074074074074073,0.00015137753557372088,0.0013709898546750755,,0.0011737089201877935
0.24444444444444444,0.007720254314259764,0.002056484782012613,,0.002347417840375587
0.1925925925925926,0.013623978201634877,0.01051092221917558,,0.008215962441314555
0.07037037037037037,0.004995458673932788,0.024677817384151358,,0.0035211267605633804
0.06296296296296296,0.0,0.029933278493739147,,0.0
0.02592592592592593,7.568876778686044e-05,0.01850836303811352,,0.0
0.03333333333333333,0.0,0.018279864729001005,,0.0
0.011111111111111112,0.0006055101422948833,0.03587423453066447,,0.0
0.0,0.010899182561307902,0.02582030892971392,,0.0
0.003703703703703704,0.02512867090523766,0.012110410382963167,,0.002347417840375587
0.022222222222222223,0.03292461398728429,0.028333790329951557,,0.011737089201877934
0.06296296296296296,0.023917650620647893,0.026048807238826435,,0.026995305164319246
0.07777777777777778,0.03489252194974266,0.040215702403802206,,0.014084507042253521
0.1111111111111111,0.023917650620647893,0.05895256375102824,,0.05751173708920188
0.16296296296296298,0.010823493793521042,0.1199616122840691,,0.12323943661971831
0.17037037037037037,0.0008325764456554648,0.1562928434329586,,0.1267605633802817
0.3148148148148148,0.004692703602785346,0.2431222008957134,,0.12910798122065728
0.2814814814814815,0.01544050862851953,0.2860798830088658,,0.09507042253521127
0.3185185185185185,0.0202845897668786,0.19947902385522348,,0.07746478873239436
0.3888888888888889,0.018997880714501966,0.17251622337994696,,0.017605633802816902
0.45555555555555555,0.01203451407811081,0.24015172287725067,,0.04812206572769953
0.5444444444444444,0.010596427490160461,0.24060871949547574,,0.07863849765258217
0.5592592592592592,0.01718135028761732,0.3073302257563294,,0.01056338028169014
0.48148148148148145,0.01967907962458371,0.2860798830088658,,0.0035211267605633804
0.562962962962963,0.009536784741144413,0.2847088931541907,,0.0035211267605633804
0.6259259259259259,0.008401453224341507,0.21981537336623708,,0.005868544600938967
0.7481481481481481,0.014683620950650924,0.2342107668403254,,0.005868544600938967
0.8296296296296297,0.013018468059339995,0.20085001370989855,,0.002347417840375587
0.6888888888888889,0.008325764456554648,0.20062151540078604,,0.004694835680751174
0.5518518518518519,0.0031032394792612776,0.1709167352161594,,0.0
0.5777777777777777,0.0031032394792612776,0.14098345672242027,,0.0
0.5740740740740741,0.0037844383893430216,0.14555342290467052,,0.0
0.5777777777777777,0.0036330608537693,0.10853669682844347,,0.0
0.4703703703703703,0.02694520133212231,0.08568686591719221,,0.0
0.5,0.03027550711474417,0.06877799104286628,,0.0
0.28518518518518515,0.022328186497123825,0.02330682752947628,,0.03286384976525822
0.12222222222222222,0.01400242204056918,0.009368430673613017,,0.015258215962441314
0.08888888888888889,0.01612170753860127,0.014852390092313315,,0.01056338028169014
0.044444444444444446,0.025885558583106268,0.017137373183438442,,0.012910798122065728
0.03333333333333333,0.009990917347865577,0.038844712549127136,,0.01056338028169014
0.003703703703703704,0.0065849227974568575,0.054154099259665474,,0.007042253521126761
0.0,0.029140175597941267,0.0966547847545928,,0.002347417840375587
0.0,0.024144716924008474,0.06946348597020381,,0.005868544600938967
0.018518518518518517,0.030805328489252198,0.08431587606251713,,0.005868544600938967
0.037037037037037035,0.006206478958522555,0.13115802943058222,,0.051643192488262914
0.018518518518518517,0.0015137753557372088,0.14075495841330773,,0.06338028169014084
0.06296296296296296,0.00045413260672116256,0.18416963714468512,,0.07511737089201878
0.03333333333333333,0.0065092340296699965,0.22415684123937482,,0.16901408450704225
0.0,0.013472600666061155,0.1309295311214697,,0.15492957746478872
0.0,0.004465637299424766,0.10945069006489351,,0.17840375586854462
0.02962962962962963,0.011353315168029064,0.19582305090942326,,0.14906103286384975
0.044444444444444446,0.07886769603390857,0.19719404076409833,,0.14084507042253522
0.003703703703703704,0.1271571298819255,0.18668311854492278,,0.27699530516431925
0.03333333333333333,0.22176808961550107,0.21638789872954942,,0.2629107981220657
0.07777777777777778,0.22229791099000906,0.23055479389452518,,0.05985915492957746
0.08518518518518518,0.12428095670602485,0.2730554793894525,,0.12323943661971831
0.14074074074074075,0.018846503178928248,0.18805410839959782,,0.11737089201877934
0.16296296296296298,0.0018165304268846503,0.19376656612741064,,0.13028169014084506
0.25555555555555554,0.04102331214047836,0.1272735581756695,,0.09389671361502347
0.26296296296296295,0.09271874053890403,0.09025683209944248,,0.04929577464788732
0.4888888888888889,0.11459279442930669,0.07289096060689151,,0.03873239436619718
0.5444444444444444,0.09862246442627914,0.10442372726441825,,0.015258215962441314
0.6740740740740742,0.04669996972449289,0.2351247600767755,,0.03403755868544601
0.9518518518518518,0.04511050560096881,0.199707522164336,,0.03169014084507042
0.9851851851851852,0.02898879806236755,0.1544648569600585,,0.06690140845070422
1.0148148148148148,0.005146836209506509,0.18668311854492275,,0.10798122065727699
1.0148148148148148,0.00045413260672116256,0.21981537336623708,,0.11032863849765259
1.011111111111111,0.0,0.26414404533406455,,0.07042253521126761
1.0,0.0,0.21227492916552418,,0.046948356807511735
0.9814814814814815,0.0,0.12635956493921943,,0.051643192488262914
1.0,0.00022706630336058128,0.10807970021021845,,0.062206572769953054
1.0185185185185184,0.00022706630336058128,0.07517594369801663,,0.04929577464788732
1.0037037037037038,0.00015137753557372088,0.07654693355269171,,0.035211267605633804
0.9814814814814815,0.0,0.07654693355269172,,0.014084507042253521
0.9925925925925927,0.0,0.04250068549492734,,0.008215962441314555
1.0185185185185184,0.0,0.03861621424001462,,0.0
1.0148148148148148,0.0,0.034731742985101906,,0.0
0.9629629629629629,0.0,0.03701672607622704,,0.0
0.7296296296296296,0.0,0.02353532583858879,,0.0
0.41481481481481486,0.00045413260672116256,0.030161776802851658,,0.0
0.37407407407407406,0.004087193460490463,0.016451878256100904,,0.0
0.3814814814814815,0.02217680896155011,0.00982542729183804,,0.0
0.2518518518518518,0.02490160460187708,0.009139932364500503,,0.0
0.23703703703703705,0.018468059339993945,0.006854949273375377,,0.0
0.14814814814814814,0.014683620950650924,0.006854949273375377,,0.0
0.27037037037037037,0.001362397820163488,0.006854949273375377,,0.0
0.2592592592592593,7.568876778686044e-05,0.011424915455625627,,0.0035211267605633804
0.36666666666666664,0.00015137753557372088,0.005940956036925326,,0.0
0.2777777777777778,0.00030275507114744176,0.0031989763275751763,,0.0
0.32222222222222224,0.0,0.0,,0.0
0.27037037037037037,0.0,0.0,,0.0
0.2962962962962963,0.0,0.0,,0.0011737089201877935
0.24814814814814817,0.0,0.0,,0.0011737089201877935
0.1962962962962963,0.0,0.0,,0.0
0.1259259259259259,0.00015137753557372088,0.0,,0.0
0.17777777777777778,0.001211020284589767,0.0,,0.0
0.1,0.007871631849833484,0.0,,0.007042253521126761
0.15555555555555556,0.00537390251286709,0.0,,0.0011737089201877935
0.13333333333333333,0.011958825310323948,0.0011424915455625628,,0.0
0.12962962962962965,0.01400242204056918,0.002056484782012613,,0.0011737089201877935
0.13333333333333333,0.01612170753860127,0.0,,0.018779342723004695
0.17407407407407408,0.028988798062367545,0.002741979709350151,,0.022300469483568078
0.037037037037037035,0.09847108689070541,0.04272918380403985,,0.011737089201877934
0.0,0.2562821677263094,0.12727355817566952,,0.023474178403755867
0.007407407407407408,0.2717983651226158,0.19559455260031075,,0.04812206572769953
0.040740740740740744,0.22532546170148351,0.22575632940316243,,0.044600938967136156
0.08888888888888889,0.33545261883136546,0.24654967553240104,,0.04107981220657277
0.06296296296296296,0.31970935513169846,0.25843158760625173,,0.046948356807511735
0.02962962962962963,0.2972297910990009,0.2780824421899278,,0.048122065727699524
0.05185185185185186,0.329700272479564,0.25363312311488895,,0.01643192488262911
0.02962962962962963,0.22373599757795945,0.2529476281875514,,0.018779342723004695
0.022222222222222223,0.1264759309718438,0.18416963714468515,,0.01995305164319249
0.022222222222222223,0.12125340599455041,0.1437254364317704,,0.029342723004694832
0.014814814814814815,0.06380563124432334,0.09688328306370532,,0.022300469483568078
0.03333333333333333,0.03375719043293975,0.10830819851933096,,0.01995305164319249
0.08148148148148149,0.04155313351498638,0.08431587606251714,,0.02112676056338028
0.1111111111111111,0.025885558583106268,0.13230052097614478,,0.014084507042253521
0.04814814814814815,0.02134423251589464,0.1704597385979344,,0.016431924882629106
0.07037037037037037,0.01400242204056918,0.11539164610181883,,0.002347417840375587
0.02962962962962963,0.004011504692703603,0.03930170916735216,,0.0
0.018518518518518517,0.001589464123524069,0.023078329220363767,,0.0
0.0,0.0015137753557372088,0.0,,0.0
0.0,0.0077959430820466235,0.0,,0.0
0.037037037037037035,0.00522252497729337,0.00022849830911251257,,0.0
0.02592592592592593,0.0025734181047532543,0.0,,0.0
0.04814814814814815,0.00015137753557372088,0.08865734393565489,,0.0
0.08888888888888889,7.568876778686044e-05,0.0509551229320903,,0.0
0.08888888888888889,0.03186497123826824,0.045242665204277485,,0.0
0.08148148148148149,0.24182561307901912,0.020336349511013617,,0.0
0.08888888888888889,0.18763245534362702,0.007768942509825427,,0.07511737089201877
0.14074074074074075,0.11815016651528913,0.010510922219175578,,0.176056338028169
0.14814814814814814,0.05570693309112927,0.099853761082168,,0.2112676056338028
0.0925925925925926,0.013321223130487437,0.1254455717027694,,0.2652582159624413
0.12222222222222222,0.018165304268846504,0.18051366419888493,,0.2640845070422535
0.15555555555555556,0.02618831365425371,0.24723517045973858,,0.17018779342723003
0.13333333333333333,0.05487435664547382,0.1654327757974591,,0.14319248826291078
0.03333333333333333,0.0583560399636694,0.1599488163787588,,0.07629107981220658
0.07777777777777778,0.03390856796851347,0.18782561009048532,,0.16549295774647887
0.36296296296296293,0.04117468967605207,0.18257014898089755,,0.09389671361502347
0.5296296296296297,0.0037844383893430216,0.16451878256100905,,0.21009389671361503
0.5703703703703703,0.0,0.19239557627273557,,0.10680751173708919
0.6074074074074074,0.0011353315168029065,0.1053377205008683,,0.028169014084507043
0.9333333333333333,0.056917953375719046,0.14281144319532035,,0.05751173708920188
0.9592592592592594,0.2910233121404784,0.3096152088474546,,0.07981220657276995
0.7703703703703704,0.36451710566151985,0.1649757791792341,,0.14906103286384975
0.562962962962963,0.30373902512867096,0.08660085915364227,,0.26173708920187794
0.6740740740740742,0.08128973660308812,0.07037747920665387,,0.23826291079812204
0.5962962962962963,0.024750227066303362,0.05963805867836578,,0.210093896713615
0.6925925925925925,0.07288828337874659,0.05392560095055296,,0.25704225352112675
0.4777777777777778,0.3920678171359371,0.2566036011333516,,0.23122065727699528
0.21481481481481482,0.3713290947623372,0.3799926880541084,,0.23943661971830985
0.044444444444444446,0.4028156221616712,0.2668860250434147,,0.23474178403755866
0.1851851851851852,0.4901604601877082,0.2760259574079152,,0.1596244131455399
0.06296296296296296,0.47396306388132,0.10465222557353075,,0.1467136150234742
0.022222222222222223,0.2779291553133515,0.07037747920665387,,0.1056338028169014
0.06666666666666667,0.2119285498032092,0.047299149986290104,,0.09859154929577464
0.07037037037037037,0.16409324856191343,0.1149346494835938,,0.09976525821596245
0.05925925925925926,0.1539509536784741,0.08203089297139202,,0.12089201877934273
0.011111111111111112,0.2381168634574629,0.2074764646741614,,0.14906103286384978
0.037037037037037035,0.22963972146533454,0.23923772964080064,,0.15258215962441316
0.2814814814814815,0.27550711474417194,0.11242116808335618,,0.13145539906103285
0.8814814814814814,0.3422646079321829,0.07471894707979161,,0.17136150234741782
0.8592592592592593,0.3791250378443839,0.06763549949730371,,0.1596244131455399
0.8666666666666667,0.3432485619134121,0.04752764829540261,,0.14788732394366197
0.974074074074074,0.3042688465031789,0.0639795265515035,,0.09859154929577464
1.0148148148148148,0.17749016046018773,0.0838588794442921,,0.08333333333333334
0.9444444444444444,0.08802603693611867,0.1380129787039576,,0.10093896713615023
1.0074074074074073,0.028913109294580686,0.1928525728909606,,0.10211267605633803
0.9925925925925927,0.014456554647290341,0.2348962617676629,,0.09859154929577464
1.0148148148148148,0.007266121707538601,0.22118636322091215,,0.11032863849765259
1.0,0.009309718437783833,0.1873686134722603,,0.10328638497652583
1.011111111111111,0.014380865879503482,0.19056758979983549,,0.13849765258215962
1.0074074074074073,0.019224947017862547,0.2769399506443652,,0.16901408450704225
0.925925925925926,0.011958825310323948,0.30207476464674166,,0.16901408450704225
0.7814814814814814,0.003178928247048138,0.20930445114706153,,0.15727699530516429
0.6407407407407407,0.0006055101422948833,0.29064984919111597,,0.13967136150234744
0.6296296296296297,0.00030275507114744176,0.33794899917740606,,0.11502347417840376
0.6333333333333333,0.00045413260672116256,0.2872223745544283,,0.19835680751173707
0.6703703703703703,0.0003784438389343022,0.1944520610547482,,0.2629107981220657
0.5888888888888889,0.0017408416590977902,0.11516314779270634,,0.21713615023474178
0.6444444444444445,0.0007568876778686044,0.1896535965633854,,0.22183098591549297
0.8703703703703703,0.001059642749016046,0.1711452335252719,,0.29577464788732394
0.6851851851851852,0.0033303057826218584,0.10556621880998081,,0.30046948356807507
0.5444444444444444,0.000529821374508023,0.10625171373731834,,0.25
0.6185185185185186,0.003708749621556161,0.07791792340736678,,0.21830985915492956
0.6851851851851852,0.0052982137450802306,0.08682935746275477,,0.14671361502347416
0.5518518518518519,0.0016651528913109296,0.09345580842701764,,0.13849765258215962
0.6,0.005071147441719649,0.09208481857234256,,0.12793427230046947
0.7074074074074075,0.006055101422948835,0.06420802486061604,,0.11619718309859155
0.7259259259259259,0.0034059945504087193,0.053240106023215425,,0.10093896713615023
0.7962962962962963,0.002270663033605813,0.08888584224476738,,0.08450704225352113
0.662962962962963,0.0021949742658189525,0.07883191664381684,,0.0528169014084507
0.7888888888888889,0.0028761731759006964,0.06169454346037839,,0.045774647887323945
0.8592592592592593,0.0025734181047532543,0.07266246229777899,,0.035211267605633804
0.9185185185185184,0.01945201332122313,0.07037747920665387,,0.028169014084507043
0.7074074074074075,0.01763548289433848,0.03244675989397678,,0.041079812206572766
0.7777777777777778,0.0065849227974568575,0.001599488163787588,,0.028169014084507043
0.8333333333333334,0.0034059945504087193,0.004112969564025226,,0.034037558685446015
0.4481481481481482,7.568876778686044e-05,0.0011424915455625628,,0.046948356807511735
0.36296296296296293,0.0003784438389343022,0.00045699661822502514,,0.02464788732394366
0.18888888888888888,0.00529821374508023,0.002056484782012613,,0.02347417840375587
0.12962962962962965,0.02134423251589464,0.0018279864729001006,,0.01995305164319249
0.1,0.027172267635482895,0.002056484782012613,,0.014084507042253521
0.07407407407407407,0.03201634877384196,0.0,,0.02112676056338028
0.044444444444444446,0.024069028156221618,0.00022849830911251257,,0.039906103286384983
0.08148148148148149,0.015062064789585225,0.0,,0.036384976525821594
0.08518518518518518,0.025961247350893123,0.0,,0.02230046948356807
0.14814814814814814,0.02490160460187708,0.0,,0.025821596244131457
0.1,0.01907356948228883,0.0,,0.01643192488262911
0.06666666666666667,0.014229488343929762,0.0,,0.011737089201877934
0.20740740740740743,0.0049197699061459274,0.0,,0.008215962441314555
0.07407407407407407,0.004995458673932788,0.0,,0.009389671361502348
0.022222222222222223,0.004692703602785346,0.0,,0.0035211267605633804
0.06666666666666667,0.004768392370572207,0.0,,0.0
0.07407407407407407,0.0037844383893430216,0.0,,0.005868544600938967
0.1148148148148148,0.0029518619436875574,0.0,,0.004694835680751174
0.17777777777777778,0.002422040569179534,0.0,,0.0011737089201877935
0.2296296296296296,0.008552830759915229,0.0,,0.0035211267605633804
0.24074074074074073,0.01604601877081441,0.0,,0.01643192488262911
0.23333333333333334,0.013245534362700576,0.0,,0.017605633802816902
0.15925925925925924,0.00877989706327581,0.0,,0.009389671361502348
0.04814814814814815,0.008477141992128368,0.0,,0.0011737089201877935
0.05925925925925926,0.008552830759915229,0.0,,0.007042253521126761
0.0962962962962963,0.011353315168029064,0.0,,0.007042253521126761
0.15555555555555556,0.028837420526793826,0.004569966182250251,,0.007042253521126761
0.1259259259259259,0.05199818346957311,0.015309386710538343,,0.005868544600938967
0.1962962962962963,0.05336058128973659,0.008682935746275478,,0.011737089201877934
0.26296296296296295,0.06108083560399637,0.018051366419888495,,0.018779342723004695
0.2222222222222222,0.06524371783227369,0.03153276665752673,,0.02699530516431925
0.10370370370370371,0.0765213442325159,0.04958413307741523,,0.029342723004694836
0.12222222222222222,0.05290644868301544,0.044785668586052464,,0.017605633802816902
0.15925925925925924,0.0315622161671208,0.022849830911251257,,0.009389671361502348
0.07407407407407407,0.02300938540720557,0.0031989763275751763,,0.0011737089201877935
0.007407407407407408,0.014759309718437783,0.0,,0.0
0.02592592592592593,0.0034816833181955803,0.00022849830911251257,,0.004694835680751174
0.007407407407407408,0.0034059945504087193,0.00022849830911251257,,0.0011737089201877935
0.05185185185185186,0.0034816833181955803,0.0,,0.0
0.0925925925925926,0.004087193460490464,0.0,,0.0
0.16666666666666666,0.0027247956403269754,0.0,,0.0
0.15555555555555556,0.0006055101422948835,0.0,,0.0
0.10740740740740741,0.00015137753557372088,0.0,,0.0
0.014814814814814815,0.00037844383893430214,0.0,,0.0
0.018518518518518517,0.0025734181047532543,0.0,,0.0
0.1,0.0011353315168029065,0.0,,0.0035211267605633804
0.014814814814814815,0.002043596730245232,0.0,,0.007042253521126761
0.10740740740740741,0.000529821374508023,0.0015994881637875881,,0.007042253521126761
0.16296296296296298,0.0077959430820466235,0.0,,0.007042253521126761
0.14444444444444443,0.029064486830154404,0.0047984644913627635,,0.008215962441314555
0.10370370370370371,0.06622767181350286,0.005026962800475277,,0.014084507042253521
0.07407407407407407,0.05616106569785045,0.002741979709350151,,0.017605633802816902
0.0925925925925926,0.06683318195579775,0.004112969564025226,,0.026995305164319246
0.07037037037037037,0.07303966091432032,0.0075404442007129145,,0.045774647887323945
0.05555555555555555,0.06168634574629125,0.0015994881637875881,,0.026995305164319246
0.07037037037037037,0.048138056312443236,0.002970478018462663,,0.02464788732394366
0.07037037037037037,0.03231910384498941,0.00891143405538799,,0.01056338028169014
0.1111111111111111,0.03330305782621859,0.005255461109587789,,0.011737089201877934
0.05925925925925926,0.048894943990311836,0.0011424915455625628,,0.0035211267605633804
0.03333333333333333,0.03284892521949743,0.00022849830911251257,,0.0
0.15925925925925924,0.023766273085074174,0.0,,0.0
0.02592592592592593,0.01036936118679988,0.0,,0.0
0.15555555555555556,0.008325764456554648,0.0,,0.0
0.26296296296296295,0.008174386920980926,0.0,,0.0
0.14074074074074075,0.008174386920980926,0.0,,0.0
0.24444444444444444,0.008174386920980926,0.0,,0.0
0.2962962962962963,0.008174386920980926,0.0,,0.0
0.3074074074074074,0.008174386920980926,0.00045699661822502514,,0.0
0.2962962962962963,0.008174386920980926,0.002056484782012613,,0.0
0.2814814814814815,0.008174386920980926,0.0,,0.0
0.1,0.009006963366636391,0.0,,0.0
0.08888888888888889,0.008174386920980926,0.0,,0.0
0.21481481481481482,0.008174386920980926,0.0,,0.0
0.26666666666666666,0.01082349379352104,0.00022849830911251257,,0.025821596244131457
0.4111111111111111,0.010217983651226158,0.002056484782012613,,0.04460093896713614
0.32222222222222224,0.017938237965485923,0.010282423910063065,,0.04107981220657277
0.2740740740740741,0.017938237965485923,0.015766383328763366,,0.0539906103286385
0.21851851851851853,0.01945201332122313,0.010282423910063065,,0.057511737089201875
0.23333333333333334,0.01044504995458674,0.015080888401425829,,0.0903755868544601
0.16666666666666666,0.008855585831062671,0.005255461109587789,,0.09624413145539906
0.1111111111111111,0.009234029669996972,0.0,,0.08685446009389672
0.16296296296296298,0.008325764456554648,0.0,,0.06455399061032864
0.14074074074074075,0.008174386920980926,0.00045699661822502514,,0.06455399061032864
0.040740740740740744,0.008174386920980926,0.0015994881637875881,,0.014084507042253521
0.044444444444444446,0.008174386920980926,0.00022849830911251257,,0.0
0.06666666666666667,0.008174386920980926,0.00022849830911251257,,0.0
0.07777777777777778,0.008174386920980926,0.0,,0.0
0.08148148148148149,0.008174386920980926,0.0,,0.0
0.08518518518518518,0.008174386920980926,0.0,,0.002347417840375587
0.08888888888888889,0.008931274598849532,0.0,,0.0
0.12222222222222222,0.009461095973357555,0.0,,0.007042253521126761
0.12222222222222222,0.022782319103844987,0.0009139932364500503,,0.012910798122065727
0.1851851851851852,0.02263094156827127,0.011424915455625628,,0.008215962441314555
0.15185185185185185,0.02490160460187708,0.0063979526551503525,,0.011737089201877935
0.14814814814814814,0.013018468059339993,0.0006854949273375377,,0.008215962441314555
0.2814814814814815,0.009385407205570693,0.010053925600950551,,0.011737089201877934
0.2296296296296296,0.021571298819255225,0.039758705785577185,,0.017605633802816902
0.26666666666666666,0.03792007266121707,0.049127136459190195,,0.02464788732394366
0.26666666666666666,0.041326067211625794,0.0600950552965908,,0.03286384976525821
0.13703703703703704,0.03292461398728429,0.07083447582487888,,0.04342723004694836
0.10740740740740741,0.04586739327883742,0.06992048258842884,,0.05751173708920188
0.07037037037037037,0.052603693611868,0.0436431770404899,,0.04107981220657277
0.044444444444444446,0.06070239176506207,0.040215702403802206,,0.05046948356807512
0.018518518518518517,0.05865879503481684,0.03176126496663925,,0.05164319248826291
0.05185185185185186,0.03398425673630033,0.012795905310300703,,0.04929577464788732
0.044444444444444446,0.010823493793521042,0.0009139932364500503,,0.019953051643192492
0.02592592592592593,0.008552830759915229,0.00022849830911251257,,0.0035211267605633804
0.06666666666666667,0.008174386920980926,0.0,,0.0
0.044444444444444446,0.008174386920980926,0.0,,0.0
0.05185185185185186,0.008174386920980926,0.0,,0.0
0.011111111111111112,0.008477141992128368,0.0,,0.0
0.022222222222222223,0.009006963366636391,0.0,,0.0
0.0925925925925926,0.010217983651226158,0.0,,0.005868544600938968
0.16296296296296298,0.01074780502573418,0.0,,0.009389671361502348
0.13703703703703704,0.015364819860732666,0.0,,0.007042253521126761
0.18888888888888888,0.027777777777777776,0.002056484782012613,,0.011737089201877935
0.15185185185185185,0.03920678171359371,0.0009139932364500503,,0.005868544600938967
0.08148148148148149,0.04692703602785346,0.0,,0.005868544600938967
0.04814814814814815,0.04049349076597033,0.0,,0.005868544600938968
0.10370370370370371,0.04617014834998486,0.005255461109587789,,0.01643192488262911
0.0925925925925926,0.07894338480169542,0.019193857965451054,,0.018779342723004692
0.040740740740740744,0.1008174386920981,0.046385156749840055,,0.034037558685446015
0.05555555555555555,0.08802603693611868,0.0692349876610913,,0.055164319248826296
0.040740740740740744,0.07023917650620648,0.06512201809706608,,0.04812206572769953
0.018518518518518517,0.08189524674538298,0.04707065167717758,,0.03990610328638498
0.007407407407407408,0.0744020587344838,0.03770222100356457,,0.04342723004694835
0.022222222222222223,0.061383590675143804,0.010967918837400604,,0.0528169014084507
0.011111111111111112,0.037163184983348474,0.006854949273375377,,0.06338028169014084
0.007407407407407408,0.021041477444747197,0.006854949273375377,,0.08215962441314555
0.003703703703703704,0.014229488343929762,0.006854949273375377,,0.05985915492957746
0.0,0.01067211625794732,0.006854949273375377,,0.04342723004694835
0.0,0.008855585831062671,0.005483959418700302,,0.06220657276995305
0.0,0.008250075688767787,0.002741979709350151,,0.018779342723004695
0.0,0.008477141992128368,0.0013709898546750755,,0.06807511737089203
0.0,0.008250075688767787,0.0,,0.01995305164319249
0.0,0.009309718437783833,0.0,,0.0011737089201877935
0.0,0.014607932182864065,0.0,,0.0
0.0,0.01407811080835604,0.0,,0.011737089201877935
0.003703703703703704,0.010596427490160461,0.010739420528288092,,0.01056338028169014
0.0,0.008855585831062671,0.02604880723882643,,0.0
0.0,0.008174386920980926,0.017137373183438442,,0.0
0.0,0.008250075688767787,0.014166895164975778,,0.0
0.014814814814814815,0.008855585831062671,0.010967918837400604,,0.0
0.018518518518518517,0.010747805025734183,0.010967918837400604,,0.002347417840375587
0.02592592592592593,0.01892219194671511,0.01325290192852573,,0.012910798122065727
0.02592592592592593,0.04049349076597033,0.01782286811077598,,0.019953051643192492
0.044444444444444446,0.05578262185891613,0.039301709167352164,,0.02230046948356807
0.06296296296296296,0.06569785043899486,0.05369710264144045,,0.03169014084507042
0.06666666666666667,0.0653950953678474,0.04707065167717759,,0.030516431924882632
0.040740740740740744,0.05873448380260369,0.034274746366876885,,0.04342723004694836
0.018518518518518517,0.04601877081441114,0.01850836303811352,,0.04812206572769953
0.02962962962962963,0.029064486830154404,0.009139932364500504,,0.035211267605633804
0.037037037037037035,0.017105661519830458,0.0038844712549127134,,0.045774647887323945
0.02962962962962963,0.008325764456554648,0.00022849830911251257,,0.02464788732394366
0.003703703703703704,0.008174386920980926,0.00022849830911251257,,0.02347417840375587
0.011111111111111112,0.008174386920980926,0.0009139932364500503,,0.005868544600938968
0.0,0.008174386920980926,0.002970478018462663,,0.009389671361502348
0.0,0.008174386920980926,0.007083447582487891,,0.0
0.0,0.009234029669996972,0.003655972945800201,,0.0
0.0,0.009536784741144414,0.00022849830911251257,,0.0
0.0,0.012791401755979412,0.0,,0.005868544600938968
0.0,0.017484105358764757,0.0,,0.01643192488262911
0.007407407407407408,0.02255525280048441,0.0,,0.017605633802816902
0.022222222222222223,0.02255525280048441,0.0,,0.011737089201877935
0.007407407407407408,0.01612170753860127,0.00022849830911251257,,0.0035211267605633804
0.011111111111111112,0.01808961550105964,0.0009139932364500503,,0.007042253521126761
0.003703703703703704,0.016954283984256736,0.0029704780184626636,,0.016431924882629106
0.014814814814814815,0.018619436875567667,0.016680376565213418,,0.012910798122065727
0.12962962962962965,0.027247956403269755,0.10122475093684306,,0.008215962441314555
0.06666666666666667,0.03920678171359371,0.12270359199341925,,0.011737089201877935
0.05925925925925926,0.047078413563427186,0.12635956493921943,,0.03051643192488263
0.08888888888888889,0.04874356645473811,0.11219266977424366,,0.03286384976525822
0.08518518518518518,0.06494096276112625,0.09939676446394297,,0.04107981220657277
0.07407407407407407,0.06289736603088103,0.11287816470158121,,0.03755868544600939
0.07037037037037037,0.0602482591583409,0.0799744081893794,,0.039906103286384983
0.06666666666666667,0.04147744474719952,0.05392560095055297,,0.04107981220657277
0.06296296296296296,0.018846503178928248,0.022849830911251253,,0.044600938967136156
0.02592592592592593,0.014607932182864063,0.013024403619413216,,0.05046948356807512
0.011111111111111112,0.009006963366636391,0.005712457727812814,,0.04342723004694835
0.003703703703703704,0.008855585831062671,0.009596928982725527,,0.03873239436619718
0.0,0.00877989706327581,0.007311945891600402,,0.07042253521126761
0.0,0.008401453224341507,0.005255461109587789,,0.04107981220657277
0.0,0.009385407205570693,0.001142491545562563,,0.030516431924882632
0.003703703703703704,0.013699666969421737,0.0,,0.026995305164319246
0.044444444444444446,0.012488646684831971,0.0009139932364500503,,0.018779342723004692
0.12222222222222222,0.018165304268846504,0.013024403619413216,,0.03169014084507042
0.12962962962962965,0.018013926733272782,0.035188739603326934,,0.03286384976525821
0.11851851851851852,0.01990614592794429,0.03541723791243944,,0.04225352112676056
0.08518518518518518,0.02777777777777778,0.05392560095055296,,0.03169014084507042
0.12222222222222222,0.03693611867998789,0.06854949273375377,,0.02464788732394366
0.05925925925925926,0.04700272479564032,0.07220546567955397,,0.009389671361502346
0.03333333333333333,0.05313351498637602,0.10602321542820584,,0.04107981220657277
0.06296296296296296,0.06297305479866787,0.21775888858422449,,0.035211267605633804
0.08148148148148149,0.08007871631849835,0.27077049629832733,,0.04929577464788732
0.07777777777777778,0.06206478958522556,0.31738415135727993,,0.055164319248826296
0.08148148148148149,0.039585225552528004,0.3128141851750297,,0.057511737089201875
0.07037037037037037,0.04844081138359067,0.3404624805776437,,0.07511737089201878
0.04814814814814815,0.05108991825613078,0.3176126496663924,,0.0868544600938967
0.05925925925925926,0.04851650015137753,0.32309660908509275,,0.08685446009389672
0.06296296296296296,0.0355737208598244,0.26277305547938945,,0.10798122065727699
0.02592592592592593,0.01733272782319104,0.19056758979983549,,0.09389671361502347
0.022222222222222223,0.013548289433848018,0.16154830454254637,,0.10211267605633803
0.007407407407407408,0.011353315168029064,0.07608993693446668,,0.08098591549295775
0.011111111111111112,0.009461095973357555,0.05986655698747828,,0.1056338028169014
0.007407407407407408,0.010823493793521042,0.05598208573256557,,0.07159624413145539
0.06666666666666667,0.018619436875567667,0.03244675989397678,,0.03403755868544601
0.06666666666666667,0.023614895549500452,0.008225939128050452,,0.023474178403755867
0.014814814814814815,0.015062064789585225,0.03930170916735216,,0.07629107981220656
0.011111111111111112,0.011807447774750226,0.053240106023215425,,0.041079812206572766
0.0,0.013472600666061157,0.03770222100356457,,0.017605633802816902
0.0,0.012034514078110809,0.029247783566401606,,0.046948356807511735
0.0,0.008552830759915229,0.011196417146513116,,0.01643192488262911
0.0,0.008477141992128368,0.0061694543460378394,,0.007042253521126761
0.0,0.01074780502573418,0.004112969564025226,,0.005868544600938967
0.0,0.008704208295488949,0.007997440818937938,,0.005868544600938967
0.007407407407407408,0.008855585831062671,0.043414678731377394,,0.011737089201877934
0.018518518518518517,0.010293672419013017,0.07220546567955398,,0.012910798122065728
0.07037037037037037,0.023841961852861037,0.09117082533589252,,0.012910798122065728
0.1259259259259259,0.041855888586133816,0.0964262864454803,,0.015258215962441314
0.14074074074074075,0.055177111716621256,0.08888584224476738,,0.023474178403755867
0.2,0.06728731456251892,0.09002833379032994,,0.04225352112676056
0.26296296296296295,0.09862246442627914,0.0911708253358925,,0.05399061032863849
0.25555555555555554,0.11701483499848624,0.07746092678914175,,0.045774647887323945
0.2925925925925926,0.1067211625794732,0.03953020747646467,,0.055164319248826296
0.21481481481481482,0.10006055101422948,0.042957682113152366,,0.048122065727699524
0.18888888888888888,0.06880108991825613,0.03176126496663925,,0.04107981220657277
0.1259259259259259,0.03413563427187405,0.022621332602138746,,0.04342723004694835
0.11851851851851852,0.01786254919769906,0.0034274746366876885,,0.046948356807511735
0.06296296296296296,0.01218589161368453,0.0015994881637875881,,0.044600938967136156
0.12962962962962965,0.01430517711171662,0.00022849830911251257,,0.04107981220657277
0.0925925925925926,0.013169845594913715,0.00022849830911251257,,0.04107981220657277
0.037037037037037035,0.01952770208900999,0.0011424915455625628,,0.04342723004694835
0.007407407407407408,0.019981834695731154,0.0013709898546750755,,0.04225352112676056
0.0,0.017938237965485923,0.0013709898546750755,,0.04225352112676056
0.0,0.02633969118982743,0.0011424915455625628,,0.046948356807511735
0.0,0.03663336360884045,0.002513481400237638,,0.04812206572769953
0.0,0.04427792915531335,0.0031989763275751763,,0.05516431924882628
0.0,0.03701180744777475,0.04090119733113975,,0.05046948356807512
0.0,0.03277323645171057,0.0781464217164793,,0.046948356807511735
0.05185185185185186,0.046397214653345446,0.06260853669682845,,0.048122065727699524
0.10740740740740741,0.06872540115046927,0.23489626176766296,,0.06455399061032864
0.1148148148148148,0.1272328186497124,0.3347500228498309,,0.056338028169014086
0.1925925925925926,0.22138964577656675,0.36559729458002005,,0.08450704225352113
0.28888888888888886,0.25772025431425977,0.3660542911982451,,0.1467136150234742
0.3592592592592593,0.19671510747805027,0.3987295494013345,,0.13497652582159622
0.43333333333333335,0.1589464123524069,0.3843341559272462,,0.15140845070422534
0.4777777777777778,0.13760217983651224,0.4060414952929348,,0.142018779342723
0.4925925925925926,0.10369361186799879,0.4156384242756604,,0.15258215962441316
0.5259259259259259,0.08567968513472601,0.4158669225847729,,0.16314553990610328
0.3074074074074074,0.06668180442022405,0.3502879078694818,,0.15492957746478872
0.23333333333333334,0.048138056312443236,0.31327118179325475,,0.1737089201877934
0.35555555555555557,0.05812897366030881,0.2725984827712275,,0.09741784037558684
0.3888888888888889,0.06857402361489555,0.23398226853121287,,0.045774647887323945
0.2777777777777778,0.0468513472600666,0.32880906681290556,,0.03873239436619718
0.3925925925925926,0.0457160157432637,0.38113517959967097,,0.03755868544600939
0.5333333333333333,0.062443233424159854,0.3882186271821588,,0.04460093896713614
0.4703703703703703,0.052603693611868,0.382049172836121,,0.04107981220657277
0.5777777777777777,0.04844081138359067,0.3957590713828718,,0.04694835680751174
0.5185185185185186,0.05177111716621254,0.42706333973128596,,0.045774647887323945
0.5333333333333333,0.06259461095973358,0.42203637693081075,,0.06924882629107981
0.42592592592592593,0.061913412049651825,0.28767937117265335,,0.04225352112676056
0.39629629629629626,0.06622767181350286,0.281738415135728,,0.028169014084507043
0.27037037037037037,0.058810172570390555,0.209075952837949,,0.028169014084507043
0.23703703703703705,0.05351195882531032,0.11744813088383145,,0.028169014084507043
0.2222222222222222,0.055631244323342405,0.31509916826615486,,0.028169014084507043
0.3037037037037037,0.07606721162579473,0.45951009962526274,,0.03403755868544601
0.5296296296296297,0.12602179836512262,0.4323188008408738,,0.04812206572769953
0.5666666666666667,0.12238873751135332,0.3310940499040307,,0.07746478873239436
0.6222222222222222,0.08234937935210414,0.21410291563842426,,0.15492957746478872
0.6111111111111112,0.07788374205267938,0.3541723791243945,,0.1561032863849765
0.40370370370370373,0.11920980926430517,0.3927885933644091,,0.15727699530516434
0.35185185185185186,0.14736603088101727,0.39141760350973404,,0.14671361502347416
0.2925925925925926,0.10187708144111414,0.3923315967461841,,0.11737089201877934
0.07407407407407407,0.13851044504995458,0.41312494287542273,,0.10093896713615023
0.16296296296296298,0.24485316379049352,0.39918654601955944,,0.11502347417840375
0.3592592592592593,0.3082046624280957,0.38799012887304635,,0.09272300469483569
0.4222222222222222,0.34945504087193463,0.21364591902019925,,0.07863849765258214
0.8,0.31592491674235545,0.1832556439082351,,0.07629107981220658
0.8148148148148148,0.35717529518619434,0.217987386893337,,0.06338028169014084
0.9518518518518518,0.3582349379352104,0.25546110958778906,,0.06338028169014084
0.8481481481481481,0.3818498334847109,0.18257014898089755,,0.09624413145539906
0.8111111111111111,0.38979715410233123,0.11721963257471894,,0.11032863849765259
0.8814814814814814,0.35838631547078414,0.109222191755781,,0.1056338028169014
0.9777777777777777,0.26475930971843775,0.14532492459555799,,0.09859154929577464
0.9111111111111111,0.16341204965183168,0.1304725345032447,,0.08450704225352113
0.9,0.27096578867696036,0.21021844438351156,,0.08450704225352113
0.9037037037037037,0.39229488343929764,0.2438076958230509,,0.08450704225352113
0.9,0.41696942173781415,0.23603875331322544,,0.08450704225352113
0.9777777777777777,0.4160611565243718,0.45813910977058764,,0.08450704225352113
0.9185185185185184,0.4311989100817439,0.45494013344301254,,0.08450704225352113
0.9481481481481482,0.45579775961247354,0.41312494287542273,,0.08450704225352113
0.9222222222222223,0.4705570693309113,0.2851658897724157,,0.08450704225352113
0.8481481481481481,0.4649561005146836,0.13115802943058222,,0.08450704225352113
0.9,0.3976687859521647,0.07883191664381684,,0.08450704225352113
0.8407407407407408,0.39630638813200114,0.05940956036925326,,0.08450704225352113
0.9407407407407407,0.4672267635482894,0.09185632026323005,,0.08450704225352113
1.0185185185185184,0.45451105056009694,0.1304725345032447,,0.08450704225352113
1.0074074074074073,0.41598546775658485,0.09665478475459281,,0.08450704225352113
1.0148148148148148,0.4287011807447775,0.13344301252170734,,0.08450704225352113
1.011111111111111,0.40955192249470185,0.1014532492459556,,0.08450704225352113
0.9814814814814815,0.4000151377535574,0.10990768668311855,,0.0880281690140845
0.9777777777777777,0.3823796548592189,0.16269079608810894,,0.09507042253521127
0.9925925925925927,0.35967302452316074,0.18142765743533495,,0.0880281690140845
1.0,0.345443536179231,0.1528653687962709,,0.07042253521126761
0.9518518518518518,0.33287920072661215,0.13869847363129512,,0.08215962441314555
0.9555555555555556,0.3595973357553739,0.16131980623343387,,0.08333333333333333
0.9185185185185184,0.3110051468362095,0.25020564847820126,,0.07394366197183098
0.862962962962963,0.25930971843778383,0.4325472991499863,,0.09976525821596245
0.9666666666666667,0.2886769603390857,0.4122109496389727,,0.09741784037558684
0.974074074074074,0.3525582803511959,0.40969746823873504,,0.0880281690140845
0.9518518518518518,0.3263699666969422,0.3372635042500686,,0.0903755868544601
0.9703703703703704,0.2807296397214653,0.3068732291381044,,0.06807511737089202
0.8296296296296297,0.28277323645171054,0.24175121104103828,,0.0868544600938967
0.8592592592592593,0.2936724190130185,0.13869847363129512,,0.09272300469483569
0.8259259259259258,0.20034816833181954,0.1089936934466685,,0.07394366197183098
0.6962962962962963,0.17340296699969726,0.09002833379032996,,0.06924882629107981
0.6777777777777778,0.23319709355131696,0.05141211955031532,,0.05868544600938967
0.6592592592592592,0.23349984862246442,0.037245224385339545,,0.0528169014084507
0.6037037037037036,0.23630033303057824,0.03198976327575176,,0.07629107981220658
0.6259259259259259,0.32795943082046625,0.015080888401425829,,0.05985915492957746
0.5222222222222223,0.29488343929760824,0.017137373183438442,,0.055164319248826296
0.6074074074074074,0.09816833181955796,0.03678822776711452,,0.051643192488262914
0.7259259259259259,0.22638510445049956,0.0781464217164793,,0.06103286384976526
0.8111111111111111,0.3689070541931578,0.08317338451695457,,0.03990610328638498
0.8111111111111111,0.27671813502876175,0.1380129787039576,,0.03755868544600939
0.8740740740740741,0.21336663639115958,0.09779727630015539,,0.03755868544600939
0.9481481481481482,0.16106569785043898,0.1288730463394571,,0.05399061032863849
0.9111111111111111,0.14471692400847713,0.1743442098528471,,0.055164319248826296
0.925925925925926,0.1516802906448683,0.16314779270633398,,0.057511737089201875
0.8111111111111111,0.12246442627914017,0.21296042409286173,,0.036384976525821594
0.8814814814814814,0.10278534665455646,0.16017731468787133,,0.036384976525821594
0.3185185185185185,0.08522555252800483,0.21730189196599944,,0.045774647887323945
0.10370370370370371,0.09551922494701785,0.07517594369801663,,0.045774647887323945
0.0,0.17643051771117166,0.17160223014349693,,0.051643192488262914
0.0,0.21541023312140475,0.18188465405356002,,0.057511737089201875
0.08888888888888889,0.16575840145322435,0.0744904487706791,,0.05399061032863849
0.5481481481481482,0.08098698153194066,0.1307010328123572,,0.07276995305164319
0.5962962962962963,0.07387223735997578,0.17457270816195958,,0.08333333333333333
0.8481481481481481,0.09196185286103542,0.20656247143771136,,0.04929577464788732
0.6703703703703703,0.1627308507417499,0.31487066995704227,,0.045774647887323945
0.5592592592592592,0.250529821374508,0.36285531487066996,,0.07159624413145539
0.3703703703703704,0.30782621858916137,0.32629558541266795,,0.13262910798122066
0.34074074074074073,0.3335603996366939,0.23421076684032535,,0.12206572769953052
0.5222222222222223,0.32341810475325466,0.2927063339731286,,0.13145539906103287
0.5037037037037037,0.2873902512867091,0.5301160771410292,,0.13145539906103285
0.21851851851851853,0.21223130487435665,0.5536514029796179,,0.12206572769953052
0.1259259259259259,0.19868301544050862,0.4807604423727265,,0.1267605633802817
0.08888888888888889,0.08174386920980926,0.2056484782012613,,0.10446009389671362
0.07407407407407407,0.05230093854072056,0.15560734850562105,,0.0868544600938967
0.05185185185185186,0.0562367544656373,0.21181793254729914,,0.12910798122065728
0.044444444444444446,0.12640024220405693,0.3521158943423819,,0.13380281690140844
0.14814814814814814,0.16810475325461705,0.3708527556896079,,0.1431924882629108
0.13333333333333333,0.05404178019981835,0.1254455717027694,,0.11032863849765256
0.06296296296296296,0.01930063578564941,0.07586143862535417,,0.09976525821596245
0.05185185185185186,0.000529821374508023,0.11447765286536878,,0.09741784037558684
0.07037037037037037,0.009158340902210111,0.08820034731742984,,0.0727699530516432
0.1962962962962963,0.01952770208900999,0.0836303811351796,,0.05868544600938967
0.21851851851851853,0.0011353315168029065,0.0980257746092679,,0.06455399061032864
0.14074074074074075,0.0,0.12224659537519421,,0.06103286384976526
0.2037037037037037,0.0,0.13915547024952016,,0.05985915492957746
0.1851851851851852,0.0,0.1702312402888219,,0.046948356807511735
0.08148148148148149,0.0,0.15994881637875882,,0.03873239436619718
0.14814814814814814,0.002422040569179534,0.10236724248240563,,0.04342723004694835
0.10740740740740741,0.011656070239176506,0.06260853669682843,,0.045774647887323945
0.17037037037037037,0.025128670905237665,0.021021844438351155,,0.0528169014084507
0.3333333333333333,0.06577353920678171,0.022849830911251257,,0.05985915492957746
0.13703703703703704,0.06933091129276416,0.005712457727812814,,0.06690140845070422
0.14814814814814814,0.06622767181350286,0.0,,0.06220657276995305
0.1,0.05986981531940659,0.0,,0.058685446009389665
0.02962962962962963,0.025052982137450802,0.0,,0.0528169014084507
0.06296296296296296,0.020360278534665453,0.0,,0.05751173708920188
0.02592592592592593,0.05653950953678475,0.0015994881637875881,,0.04694835680751174
0.003703703703703704,0.10422343324250681,0.0020564847820126126,,0.03873239436619718
0.0,0.1147441719648804,0.00045699661822502514,,0.057511737089201875
0.0,0.13707235846200425,0.01782286811077598,,0.07042253521126761
0.003703703703703704,0.09211323039660914,0.003198976327575176,,0.08568075117370892
0.0,0.2545413260672116,0.0,,0.1279342723004695
0.0,0.15463215258855587,0.00022849830911251257,,0.05751173708920188
0.0,0.011126248864668483,0.00022849830911251257,,0.0539906103286385
0.003703703703703704,0.0036330608537693005,0.016223379946988394,,0.06338028169014084
0.21481481481481482,0.005525280048440812,0.03861621424001463,,0.057511737089201875
0.3851851851851852,0.003860127157129882,0.04958413307741522,,0.06455399061032864
0.23703703703703705,0.002346351801392673,0.0692349876610913,,0.06690140845070422
0.2518518518518518,0.0015137753557372085,0.028105292020839046,,0.06690140845070422
0.24814814814814817,0.004011504692703603,0.06078055022392834,,0.06807511737089203
0.15555555555555556,0.01967907962458371,0.4039850105109222,,0.07629107981220658
0.15555555555555556,0.06645473811686346,0.4752764829540262,,0.107981220657277
0.2037037037037037,0.13631547078413564,0.5680467964537063,,0.12441314553990611
0.36666666666666664,0.11504692703602785,0.5401700027419797,,0.1431924882629108
0.2814814814814815,0.1791553133514986,0.46156658440727544,,0.15023474178403756
0.2037037037037037,0.1516046018770814,0.32972306004935564,,0.18661971830985916
0.2518518518518518,0.14676052073872237,0.1976510373823234,,0.20657276995305163
0.2296296296296296,0.12450802300938542,0.3317795448313683,,0.22065727699530513
0.3925925925925926,0.07485619134120496,0.30870121561100444,,0.20305164319248828
0.10740740740740741,0.08007871631849835,0.16314779270633398,,0.17136150234741782
0.02592592592592593,0.11391159551922495,0.06877799104286628,,0.176056338028169
0.1,0.08083560399636694,0.04592816013161503,,0.15492957746478872
0.014814814814814815,0.08060853769300635,0.05529659080522804,,0.1596244131455399
0.07777777777777778,0.09884953072963971,0.05735307558724065,,0.15727699530516429
0.003703703703703704,0.1763548289433848,0.05026962800475276,,0.15023474178403756
0.3111111111111111,0.1451710566151983,0.06260853669682845,,0.1948356807511737
0.462962962962963,0.1015743263699667,0.059409560369253274,,0.17840375586854457
0.5888888888888889,0.10815924916742356,0.06260853669682845,,0.22065727699530518
0.2,0.1429003935815925,0.06443652316972855,,0.22065727699530513
0.07037037037037037,0.1499394489857705,0.06763549949730371,,0.21713615023474178
0.6740740740740742,0.12481077808053286,0.07723242848002924,,0.22300469483568078
0.7814814814814814,0.1450196790796246,0.08294488620784204,,0.22183098591549297
0.9370370370370371,0.2815622161671208,0.11013618499223106,,0.2605633802816901
0.8185185185185185,0.32879200726612173,0.18759711178137284,,0.2887323943661972
0.9555555555555556,0.24114441416893734,0.30573073759254177,,0.2711267605633803
0.925925925925926,0.19868301544050862,0.4074124851476099,,0.24765258215962443
0.8222222222222222,0.313957008779897,0.5470249520153551,,0.2335680751173709
0.7296296296296296,0.3700423857099607,0.5904396307467326,,0.24061032863849768
0.9518518518518518,0.38911595519224945,0.5902111324376199,,0.22652582159624415
0.9777777777777777,0.430593399939449,0.6203729092404716,,0.2629107981220657
0.8666666666666667,0.45140781108083566,0.6219723974042591,,0.2652582159624413
0.925925925925926,0.4028156221616712,0.5929531121469701,,0.2335680751173709
0.8481481481481481,0.3946412352406902,0.42226487523992323,,0.19718309859154928
0.8814814814814814,0.3605812897366031,0.3911891052006215,,0.18192488262910797
0.9148148148148149,0.2677111716621253,0.33177954483136823,,0.1443661971830986
1.0074074074074073,0.12768695125643356,0.29293483228224115,,0.11384976525821595
0.9703703703703704,0.03580078716318499,0.21912987843889956,,0.11032863849765259
0.9037037037037037,0.034362700575234634,0.1160771410291564,,0.09507042253521127
0.7,0.013018468059339995,0.11699113426560642,,0.0868544600938967
0.39629629629629626,0.002497729336966394,0.09711178137281784,,0.08685446009389672
0.4444444444444444,0.00030275507114744176,0.07974590988026689,,0.07981220657276995
0.34444444444444444,0.006206478958522555,0.07700393017091672,,0.09272300469483569
0.5037037037037037,0.0028761731759006964,0.09848277122749292,,0.11384976525821595
0.3074074074074074,0.0,0.07951741157115437,,0.10093896713615023
0.25555555555555554,0.00015137753557372088,0.0708344758248789,,0.07042253521126761
0.21851851851851853,0.0,0.04958413307741523,,0.07394366197183098
0.537037037037037,0.0,0.019422356274563568,,0.06924882629107981
0.6925925925925925,0.0,0.010053925600950553,,0.07042253521126761
0.8,0.0013623978201634877,0.011424915455625627,,0.06220657276995305
0.6962962962962963,0.007341810475325461,0.011881912073850653,,0.05751173708920188
0.7481481481481481,0.015137753557372085,0.007540444200712913,,0.048122065727699524
0.7111111111111111,0.02338782924613987,0.025591810620601407,,0.046948356807511735
0.6777777777777778,0.05896155010596428,0.024677817384151358,,0.05751173708920188
0.662962962962963,0.06009688162276718,0.013709898546750754,,0.05985915492957746
0.6296296296296297,0.07462912503784438,0.004341467873137739,,0.05399061032863849
0.6592592592592592,0.03913109294580684,0.002741979709350151,,0.035211267605633804
0.4703703703703703,0.026642446260974867,0.002741979709350151,,0.029342723004694836
0.26666666666666666,0.01892219194671511,0.002741979709350151,,0.023474178403755867
0.28888888888888886,0.010596427490160461,0.002741979709350151,,0.022300469483568078
0.25555555555555554,0.014759309718437783,0.002741979709350151,,0.025821596244131457
0.4888888888888889,0.002876173175900696,0.002741979709350151,,0.022300469483568078
0.9814814814814815,0.001211020284589767,0.002741979709350151,,0.02112676056338028
0.9370370370370371,0.0,0.0034274746366876885,,0.02112676056338028
