,南部,中部,北部,東部,全台
0,0.03545787376317462,0.05706880085663706,0.047853697360668246,0.04880324036387795,0.04703879488326445
1,0.036913166492036326,0.0530036986156335,0.048021600760849194,0.04580302362934331,0.046228383390820686
2,0.03714533838043544,0.04895243565122539,0.047805693268308795,0.04281522704487894,0.044896447876076294
3,0.03700054752249225,0.04639548186099809,0.04661786525140694,0.040909103273852006,0.04358400314422385
4,0.037554979134551095,0.04420203932433984,0.04592118502333693,0.03930262718077195,0.042683560142736277
5,0.03795241705102929,0.0437956841142836,0.04568770481230164,0.03921253604901824,0.04257004607606065
6,0.0383556308472486,0.04422729261656198,0.0453105171159729,0.03961006693954026,0.042723923763611255
7,0.032727454905021214,0.04033626164308372,0.04599115853056038,0.03545487158172381,0.039603001331741654
8,0.02647289124305309,0.033127156247679604,0.04758998184229002,0.029092947383049333,0.03523983444979986
9,0.02286691938919389,0.028514362786505563,0.04851452969351392,0.0249508937815765,0.03226436358004221
10,0.02069437967040933,0.02604506200032924,0.048043136428518006,0.02260904425236614,0.030407195965728287
11,0.019922153080564366,0.025372560871328734,0.04762423277168881,0.021931924383690394,0.029780520896585748
12,0.020067620347844598,0.02543302769530988,0.047348006971347556,0.02224744822937663,0.029806664456207707
13,0.020799486411330816,0.026323380198486495,0.04672139586079957,0.023305108508763002,0.030397237929811645
14,0.022785618440841964,0.02856361681306946,0.04657778140868759,0.025571760276293078,0.03211467115833701
15,0.026174575133583844,0.03469585222671875,0.046605755401267344,0.030820834968014788,0.03582132337527735
16,0.03278269782890015,0.040155400575526114,0.04581592353496298,0.03585710028943332,0.03973597929002278
17,0.03650511678991526,0.03890951302240452,0.045151339928966146,0.035206252247370756,0.040233805453375134
18,0.03658397400375293,0.04548496387547162,0.0455277918259313,0.03967718888169194,0.04264765813064153
19,0.03658101561174342,0.05133274805729084,0.04583117940302927,0.04380184705039853,0.044789675024406804
20,0.036626544007613865,0.053748789725653265,0.045996303680673686,0.04672988297694736,0.04586103779329419
21,0.03647517204027656,0.058046201872806055,0.046097168675707206,0.050770181353033225,0.0475773417034661
22,0.03758397587566546,0.05837660337970881,0.04620547536999535,0.0513691582510125,0.048143457955246716
23,0.039246172045265,0.056933930363623875,0.04583696571781716,0.04986178741009155,0.04793568448209882
24,0.03904084106018065,0.05660178645319712,0.044820644347356345,0.049197139896203564,0.04761087007684148
25,0.039463296168545346,0.052730758796285054,0.04412195758565938,0.046240255947854525,0.04618372198189479
26,0.03874782410913464,0.04793984876905545,0.04945528336675608,0.042675923973615026,0.0457443347964309
27,0.03866661825473547,0.0451365671819715,0.058019485411027576,0.04075075796833249,0.04714145167158471
28,0.0387127030552949,0.044666696258541645,0.07081048952209563,0.04045759895488361,0.0509008532201737
29,0.039433941748990724,0.04444342480866058,0.08313568114084782,0.04050027307673979,0.05520381691015508
30,0.03929798721732163,0.04365039564817061,0.07881696622860265,0.03967847347999548,0.05403565095144835
31,0.03423453067126854,0.04030174797449152,0.07675476256582339,0.036158255568811325,0.05092633500691205
32,0.026795706307288787,0.03300169360694927,0.07253199301046465,0.02963629041108089,0.044555591454572496
33,0.022701513326347234,0.028763796695435852,0.06817996428437731,0.02577407806465769,0.04056608670362769
34,0.02044709973897633,0.025326186410141623,0.06655511862705155,0.021344129799165504,0.037960654609548054
35,0.019591565531959437,0.02898738164761559,0.06780844284232514,0.025240536467237302,0.04036162859289707
36,0.01971832696384782,0.03278694376951096,0.07052408898705477,0.03164294348370048,0.04292674975959291
37,0.019863968627972035,0.03630272718490933,0.07852028502760773,0.030977709339956718,0.046684956111190064
38,0.021548195187637186,0.03197370082424035,0.0949836647119423,0.026204962726997932,0.05107327324342174
39,0.025621893005188197,0.036205211004416295,0.10732441610462813,0.03208543451244784,0.059368781301397035
40,0.03272368040859639,0.04071334808822085,0.11593305060104543,0.03721211486508969,0.06731786880890243
41,0.0362606301712949,0.044407385121427556,0.14426975666078526,0.04057908911856666,0.08078046061515058
42,0.036338381710753646,0.04856264896133474,0.16349154450377834,0.04374196615515603,0.08888637523767952
43,0.03634451999752635,0.04779470703620625,0.15425177196928233,0.04322397414731195,0.08434982819884555
44,0.036359835166787036,0.048442410108999044,0.16904418249489075,0.04360371422357911,0.08871017902115942
45,0.03650095013872083,0.05247311608048246,0.17625770377712932,0.04655515544832029,0.09171248018398322
46,0.03681789241723903,0.05602690549845443,0.1778184832483173,0.04937877248226448,0.09420905702031604
47,0.03749915283256463,0.05984785132648246,0.12962532122901402,0.05211891814479127,0.07843614888392765
48,0.03790833737265219,0.06223436509081152,0.07820728281872705,0.05368416046297624,0.060915877885717305
49,0.04028728484609215,0.06384442929957257,0.07626102666547868,0.054890217887493604,0.061527812219686076
50,0.04055366009589413,0.06299145177498588,0.07773276491204506,0.054069263132505596,0.061603966153021265
51,0.04054752835457337,0.061146331886656344,0.07821656164553131,0.05280143300302031,0.06095096242114182
52,0.040519690339736375,0.060785743185566544,0.07824846175720815,0.05262403214729257,0.06081855322027733
53,0.03980242176355556,0.05972398774465941,0.0779993021137041,0.05167374100090437,0.06002672221257435
54,0.03918867014302078,0.05959429481460233,0.07517540351865484,0.05148877001947668,0.05910748630800718
55,0.034700032764210034,0.0551146312073275,0.07337668033982589,0.0476793624497759,0.055386968522306165
56,0.02678474755768173,0.0443553584568247,0.0694971664285376,0.0389702888535324,0.04765468864963809
57,0.023505647024736495,0.03574701550959622,0.0679306187000996,0.031730199751683154,0.04278712896845809
58,0.02348010163664191,0.03212462614762483,0.0669748968414459,0.029107117419453914,0.041652452162797414
59,0.019749227854903056,0.03497929681705858,0.06712404403632147,0.03235117543301511,0.04127128533683458
60,0.019896279589936103,0.03994927182221949,0.06932367345474387,0.039648919521489516,0.044206771412430707
61,0.02082238120094431,0.041817381320917155,0.0684791170182994,0.040975115563179614,0.04484996497291632
62,0.02322092217381362,0.03540773928289574,0.06559974405916057,0.03262626227979415,0.04249475714968784
63,0.0273171963555679,0.038099144912897634,0.06561630005763935,0.03472337245334451,0.04496636009426111
64,0.03521528617367596,0.04165138437075639,0.07905287901201462,0.03306673430756923,0.05378515992606713
65,0.03970655812784987,0.043258826681919466,0.09983424978857482,0.03401639048166933,0.06350088872106806
66,0.03979679325154151,0.04502615243957435,0.0962920346680156,0.03553779207816236,0.06286710393028073
67,0.03932280940640428,0.04636601934987257,0.0692551617826067,0.03629163487716089,0.053055187504284125
68,0.039206923588938604,0.05565176102053688,0.06826424737061759,0.04300369180330405,0.055655391771689204
69,0.03943774229170974,0.05440622876635754,0.06828667291248405,0.04252062747945608,0.054787470655500124
70,0.04163704561706291,0.05644273309032937,0.06933311423127116,0.049344592848815434,0.0565157562093348
71,0.04318689400660126,0.05392942922538186,0.07142041950821897,0.04696332075454603,0.05639707409717974
72,0.04113196650583037,0.052217975460454695,0.07343274520818592,0.045474101766252085,0.0556170819283093
73,0.04231228690621594,0.047225914865904856,0.07938612687193708,0.042351995656436686,0.05553146248499504
74,0.0425638674195786,0.045922450389133174,0.08147612560502943,0.04150778895839293,0.055435586810985545
75,0.04378493806712712,0.044215002077901425,0.08280689885008449,0.04076524953284503,0.05567070227142664
76,0.044772421207115484,0.041800622245771246,0.08392044959795958,0.03943701110553833,0.05548739738396761
77,0.04448461121346267,0.04127519171617524,0.08215411632975829,0.03907161328451608,0.054922695931959156
78,0.04468161023249762,0.04541300975816844,0.07665999276801716,0.04171813194933493,0.05517383397798908
79,0.040109831376818075,0.05075537942585143,0.07334727611762304,0.044545771433984506,0.054941665824388496
80,0.029437936585982042,0.043523338078329074,0.06907431942467335,0.039479576062064634,0.047706518189267695
81,0.02375429504133829,0.028252363750712158,0.0645408711721742,0.02732598991160251,0.039076844682895025
82,0.021634189233534763,0.02446829915175373,0.06440175644756145,0.023919996814733988,0.03686789051904484
83,0.020078721764853417,0.02463337625326611,0.06355282787681071,0.023967582232314526,0.0356729069044014
84,0.02011386975919037,0.026213701167266137,0.0662247948873376,0.02528982823601039,0.0368273717356287
85,0.021269683746921727,0.028973769787271744,0.09430259044890267,0.02831951265341282,0.047532629290517596
86,0.023596861785570775,0.03337257240174176,0.10567432108111202,0.03293965041438074,0.0550099127466609
87,0.026813609101262865,0.037786646873901646,0.1068857748336517,0.03676670630863457,0.05858012547055943
88,0.03608398195859639,0.04147824206004011,0.11084644817994956,0.04030007433014195,0.06459923915679328
89,0.040898443099497604,0.04350526197814141,0.1110309210404327,0.04258776956955061,0.06737074115105582
90,0.04109513618836886,0.04519898771108772,0.1001990558161996,0.04402809729420155,0.06405385518866986
91,0.04041293902482946,0.04396597202824561,0.07085216361588151,0.0428667274287671,0.052777586254501956
92,0.04023618003872643,0.0443225352959838,0.06701566194711839,0.04305954877831236,0.051760911446268064
93,0.040609118790217315,0.04718797374285973,0.06797974604746002,0.04551921957567527,0.05315333651963484
94,0.04201085171262674,0.046966454931896204,0.06900881102870082,0.04555360685359559,0.05387173238647918
95,0.04474822278135256,0.042376332983563324,0.07198181535492008,0.042254047602116485,0.053897630712204096
96,0.04457445438801068,0.04051678649823367,0.07692446757275644,0.04084898676423773,0.054433724698848496
97,0.04429030186336765,0.04214748113752696,0.08168925998518752,0.041994702335100303,0.05551441822353797
98,0.04504766998256625,0.04151733208886093,0.08426050091387739,0.04172987114782398,0.05566558246732128
99,0.04399267247815242,0.041224166066669586,0.08588877089942512,0.04130563442183911,0.05555136036670003
100,0.04498928238524342,0.0419420178730605,0.08405560066905085,0.042082936197469216,0.05585211650144095
101,0.04346593856140645,0.04344476849903968,0.08299135562500268,0.04280422781658741,0.055552705981697884
102,0.042550945500986016,0.04414378965657764,0.07835416308175118,0.04302217017984834,0.05437096926686453
103,0.03520585278290496,0.03975350477455735,0.0756075711870114,0.038127155323849596,0.04974497525351764
104,0.027120731693600478,0.03262222033391293,0.06944403416611543,0.031306414666072716,0.04296280419249988
105,0.02308026412678013,0.0257478041550281,0.06576082734081114,0.025076430164917497,0.0379586325629523
106,0.02120735977821547,0.022923299551106873,0.0648092840717114,0.022409592912385763,0.035598343622373296
107,0.020019060870304882,0.022430715369861375,0.06392537467921776,0.021940819729521832,0.03453848047163471
108,0.01992209443477021,0.026208147737802938,0.068057505744125,0.02532200344971424,0.03653388668945889
109,0.02036590526948965,0.0307348325125626,0.06713716726700637,0.029103968559086636,0.03839298775844705
110,0.022771058792873194,0.03420334414292684,0.06619790352827024,0.032012033529668,0.04083519265870156
111,0.02712426324300582,0.038183866791651755,0.06586202521004057,0.03518719822364944,0.04419491472459567
112,0.034838119562463146,0.041574590675880575,0.06654793310757762,0.038316213780834385,0.04844787202832607
113,0.0399895794135514,0.04082960561184044,0.06606565304831664,0.03845278831368533,0.049816009996126384
114,0.04001595081109246,0.04178868776693168,0.06617272485061843,0.03929057060237244,0.050175546223906346
115,0.03991754584679939,0.04500107778517816,0.0664125708286161,0.041493909439975565,0.0513474390445336
116,0.03994821389761455,0.05025561089801614,0.06654203840090664,0.04568130495313288,0.0533757034526019
117,0.04006137647151959,0.050375111678145026,0.06733281806737772,0.04574383973228268,0.05370535252221911
118,0.042749399409364994,0.047227680582219926,0.06787891703860117,0.043604467157062704,0.05360263207077709
119,0.044382213022425177,0.04878760071004045,0.070371751413449,0.04431152368840997,0.05508780678627879
120,0.043580695921193055,0.052430954932025306,0.07538680475929922,0.046694917859915044,0.057040422506890155
121,0.044021315962884916,0.05442235678783709,0.07981998056005185,0.04823010648608419,0.058769202648243556
122,0.04452696437874424,0.054416465283270675,0.08322016145020839,0.04854902573731991,0.05966363117406427
123,0.04456611268742994,0.05167787105811845,0.08725568912624926,0.046426698605957904,0.059525367864851034
124,0.043453849972115176,0.04945778700492922,0.08744377394085368,0.044634736540790886,0.05813280232835427
125,0.04125703854719371,0.050826711333537423,0.08317631453152102,0.04508056300959839,0.056984700891451835
126,0.04107125137427537,0.05395773754114253,0.07729495831290889,0.047160368100483074,0.05674511966399976
127,0.03380724468132921,0.052704966843841135,0.0750561650305801,0.04496920679319935,0.05322691138550349
128,0.026439727958805243,0.04239028606628779,0.07101851999458483,0.037236212143872544,0.04623025021398339
129,0.02313805293503579,0.03354012806401287,0.06833689160598463,0.030302587638371407,0.04157614016787781
130,0.02112224475323894,0.02797172757140011,0.06570510525675778,0.025647325982420106,0.037924135552415306
131,0.020232287682984452,0.026422575317927452,0.06504517171627551,0.023948230184089515,0.036606394851751024
132,0.020494727768431916,0.027725482933511503,0.06842988960838477,0.024848414250659992,0.03797434383053304
133,0.021430961819475677,0.030129440945359867,0.06657467281746454,0.027651764734960706,0.03907471520439363
134,0.024031668256131785,0.03541134231807679,0.06491791135931267,0.03264914289723433,0.0418977619840133
135,0.02842982999355215,0.03939324158193842,0.06472223421235987,0.03574787478675267,0.04497266943955572
136,0.03542704829951962,0.04245740081940037,0.06470251448374255,0.0390292086419677,0.04860641670746433
137,0.039744335389572255,0.04397851045497056,0.06535289079898109,0.04077529723710851,0.05076379156948746
138,0.03994593576623838,0.04555471334966061,0.06582917191208808,0.04216989378587433,0.05144145948656891
139,0.04012252226073847,0.04750759009283828,0.06553665732873822,0.04398498301573091,0.05215131025937735
140,0.0416903966671396,0.05339461422435122,0.06574035800758488,0.04901518669981149,0.05485558490089237
141,0.04196622890915811,0.05479714905448664,0.06646099365761061,0.050002453501731485,0.05542692880452258
142,0.04286532380104554,0.054366536378134114,0.06822611473237944,0.04941683915411796,0.056178518111637904
143,0.04199120292615635,0.05399514184481021,0.06970372540059679,0.04819399982167154,0.05606611036412075
144,0.04221334512246012,0.05111033472161406,0.07151122462478104,0.04615319500530421,0.05565527675733547
145,0.042884573871702324,0.04990257074812206,0.07547272693240038,0.04503221178486455,0.05666502470397402
146,0.04385495315549881,0.04509377369713537,0.07856718383071937,0.041214767533236454,0.056290333737476
147,0.0430127038793845,0.04634721328775778,0.0778413445720019,0.04210074490250614,0.055948310549500765
148,0.04287930714397189,0.04696864769309256,0.07810094870331646,0.042659417219468546,0.0561263890253005
149,0.04257596710030377,0.04423379098099109,0.07786783587278816,0.04094511263992398,0.05492904944184967
150,0.04156922246741284,0.039832820475837465,0.07723501375456933,0.037461197006780994,0.0525991037226436
151,0.03575756951983525,0.03430465225017042,0.07515738078561647,0.03208722421057962,0.048051324871139736
152,0.02470278060146069,0.027778577934172082,0.07355222183496196,0.025578676857799163,0.041024507215670906
153,0.020167441780461662,0.025639622372105632,0.0697190520694341,0.023403712863023545,0.03774670366814855
154,0.01986335271634427,0.02301265898116745,0.06545408304141893,0.021164974281554498,0.035585706191514244
155,0.01981765915779652,0.021890405603776933,0.0649253886376149,0.020291572600436934,0.034812230877485195
156,0.019975431873322343,0.022018952178453625,0.0658809886752298,0.020163493937489556,0.03533974022522095
157,0.02087396072993838,0.023576517279583813,0.06534423916162288,0.02148500318618952,0.036576175527015024
158,0.02317840075113379,0.026677033593929537,0.06587142476990407,0.02462196653238957,0.03902681971665062
159,0.029859354878873236,0.032209487996898295,0.06770450051795779,0.0300160310801351,0.044227433720477244
160,0.036587871308727864,0.038501200570724564,0.06799785010031649,0.03598926605180114,0.04890511739571546
161,0.03886752216874318,0.040212569430548996,0.0690321890947216,0.03781413259734092,0.05016152086564197
162,0.03901003508662845,0.03977640883970288,0.06889534737270069,0.03744343146188815,0.049929891894512426
163,0.03875191083383085,0.036700359373243556,0.06870154149093256,0.03507667928409642,0.04886876803742155
164,0.0387347775631058,0.0394534456790324,0.06839847485555532,0.03737064348527342,0.05015987462485585
165,0.040510719575836816,0.03915007868432175,0.06949911403111475,0.037181965783776846,0.0510185592302616
166,0.03847624490404824,0.0341809495226171,0.07050671418138231,0.03299431991829999,0.04912300294364801
167,0.033520613023466275,0.03258191673545028,0.07236046981839163,0.03085509755262801,0.04733971017183981
168,0.03211702788692708,0.03411227208091804,0.07375014621217214,0.03167915715325718,0.04791942406711735
169,0.03207139915414389,0.035212334765234866,0.07659952769884104,0.03228076581684669,0.04872491219372344
170,0.03216801855210848,0.0375505407539575,0.07987418238201863,0.03389003221778663,0.05049393726095898
171,0.03306297948353017,0.03878063921130384,0.08094339052167392,0.03493402300950865,0.05131047258011669
172,0.03424949600041993,0.038329642965366395,0.08066330446215554,0.035023041779199696,0.05129815574524976
173,0.03382932976220044,0.03845278999311044,0.08052942672921395,0.03491067383625874,0.05110878818842358
174,0.03311880969869191,0.03470441387145951,0.08032477021033094,0.032085312494311395,0.04921928464012308
175,0.02862619326156716,0.03226230728976718,0.07856879102605219,0.029646561717748942,0.046416329231278246
176,0.022299617001054813,0.027400208694629325,0.07384387035132982,0.025062237623194886,0.04127467844853017
177,0.019503300647090018,0.024227174915497793,0.07010969099198988,0.022304057371897577,0.03846540181752088
178,0.016425661175680246,0.02223082332308312,0.06824364230497197,0.020446277116879286,0.035636166224713745
179,0.015163243682142075,0.021427620930134846,0.06690994479499728,0.019485842810940072,0.03405996672813746
180,0.019092202989685548,0.02239997763986169,0.06602334496508457,0.020528158484194845,0.03653072381012836
181,0.024696322866252,0.026321532709169447,0.06604546259860736,0.02446086249759407,0.04036517030711929
182,0.03139567419392358,0.029669671175508557,0.06840833087324265,0.028198016201131385,0.044265656555782774
183,0.03634475765538719,0.034017128679013395,0.07321856287651456,0.03220618334187487,0.048722714532989306
184,0.03862423926062914,0.03658373078014613,0.07171245838540205,0.0346706589219767,0.05037119417738235
185,0.03953926657750771,0.035663196857973097,0.06892066992161347,0.03432775317483182,0.0495613190541597
186,0.03719878748692016,0.034181910333024715,0.06824709061992182,0.03289501798663252,0.04807474569898325
187,0.03677749849343099,0.030474574559599676,0.06714695326305234,0.030021932350547825,0.046553220171855134
188,0.036640528326677226,0.032561638876653594,0.06706769608224852,0.031692988968880946,0.04777848096308291
189,0.036799446046899394,0.032583795464262,0.06758805236461418,0.03173755441082689,0.048182579979906194
190,0.03815733813692875,0.033119679387523394,0.06829593299582207,0.03221956233511112,0.04922262096243465
191,0.039240157884134715,0.03618985261211091,0.07081711739634966,0.03477761143371561,0.051166077484442976
192,0.03888087750964926,0.037069427403574544,0.0755969441997929,0.03537877829526075,0.05244753701185594
193,0.03836277919956514,0.04152611276366735,0.07984174729771808,0.038459593654891114,0.05453138214834863
194,0.03845359413076794,0.04178274896447512,0.0838403701976269,0.038772592764883915,0.05499881484081005
195,0.03868782996038115,0.04076949141917779,0.08385715638370374,0.03790749331226011,0.05455333110171964
196,0.038739170981175415,0.03966869356682323,0.08167871109889518,0.03723045733688715,0.05365798022879658
197,0.03828349779712405,0.04006443516140925,0.08000321526224835,0.03737336746323189,0.05336711458619318
198,0.03800303678237928,0.03848201803290116,0.0735126203922016,0.036208173686504024,0.05114289875162749
199,0.035314612150359755,0.035909941624355866,0.07132825901360795,0.03388153167356752,0.048776982696332224
200,0.031097913179898296,0.03057994965729315,0.06751741844373155,0.029006947263603127,0.04436912916181606
201,0.02356139729208031,0.028042256664904133,0.06579276446002903,0.02572703964640756,0.03970870901790994
202,0.019793243255831847,0.025692687690389713,0.06528337202166787,0.023368995787903253,0.036626780192529206
203,0.01917930511770861,0.024114212262017567,0.06610068522634686,0.02166882821613934,0.03565669996509244
204,0.018600305088418225,0.023202701120478342,0.06811782862575821,0.020598680322653166,0.03541351225620504
205,0.020048454681897386,0.024233106834943043,0.0669098784894771,0.022205781197246605,0.03661920291537092
206,0.021774140832219867,0.025588560694490156,0.06618254993250271,0.023698156690396214,0.03784475129118122
207,0.025111760363061456,0.031207806937623626,0.06767871863685235,0.028514448527327256,0.04185803457530629
208,0.030213660879462263,0.03793273818339817,0.06741357117649151,0.034353147539175156,0.0462928349649255
209,0.03392109646844991,0.04076296493858692,0.06624496635256111,0.03713461119011642,0.048244013612654776
210,0.03384878555787281,0.03826063534506437,0.06688255016719974,0.03534338585592569,0.0474389739898018
211,0.033551467208293495,0.03417151363538381,0.06674966336635181,0.032347099050892746,0.04610389338858291
212,0.033626343967466936,0.03550224005615337,0.06729727149483386,0.033259692486083264,0.04709578071077644
213,0.03336524305265913,0.0401012394440463,0.06878387269682751,0.03651397708494511,0.04895628821315163
214,0.03337352924211315,0.04450533921610185,0.07023307154653631,0.03955206079357556,0.050777765451339545
215,0.03419609014921501,0.04243853281435099,0.07162201529331878,0.03767124482935362,0.05042763650420887
216,0.03398267494152059,0.04168699746524733,0.07530712316290962,0.037256351769969435,0.050746063763790636
217,0.03338607294634005,0.044145730689734416,0.07927824271964493,0.03856871976352804,0.05201840166796006
218,0.03236726920309576,0.047833586900658864,0.08123525924634196,0.040618341525859206,0.053068040920571456
219,0.03212731065527027,0.048960390744447656,0.08130463212169663,0.04150509647783291,0.05344629587142721
220,0.03251587605927954,0.049240358907239726,0.08159528249096822,0.04183782894947551,0.05370617579504886
221,0.031929789390322205,0.04663329008246595,0.07880281088093599,0.04043502610649058,0.05217042499415403
222,0.031709933348362626,0.045353893369450136,0.07402480378571824,0.03934743475546807,0.05077742359829447
223,0.029192087889175485,0.043179283693031686,0.07217208815826495,0.037158062153103674,0.048978359839272796
224,0.023706628089171084,0.03925051050699479,0.07034143219419185,0.03397499733433955,0.04492827540720775
225,0.02049875474400266,0.03598288555365465,0.06853990211537894,0.031665521696504134,0.042200101548545234
226,0.018793241888624534,0.03436486479403628,0.06704582958036703,0.030055377171413458,0.040262455384208334
227,0.017550984118360452,0.03199325359423112,0.06629302943966905,0.02787280017679283,0.03859480774579019
228,0.018124100180596306,0.031196573409092602,0.06773280086744493,0.028416155589527106,0.03934556942870831
229,0.019614847834610493,0.031292439606952445,0.066369048939519,0.02905107771841507,0.04028301812499157
230,0.02202377576357225,0.03311498113700177,0.06505387524254946,0.03049847298646638,0.041792346779467686
231,0.02511947615591141,0.03503666148769624,0.06437555521843291,0.03181590269031608,0.0433313170427113
232,0.029235758809413166,0.03665989080257943,0.06321991135955371,0.03330502522614229,0.04469213193785175
233,0.03131762093277137,0.037693469797671124,0.06250846276135912,0.0344789503965331,0.045366767751814724
234,0.03135064909806959,0.03761801588162795,0.06210372396268849,0.03438930036573145,0.04514092213002436
235,0.031306859452176955,0.04012825380357051,0.06259485759167101,0.03624583358614916,0.04605000397026865
236,0.03127628090936137,0.04126912395491807,0.06377688324517308,0.03718791180959575,0.04665024263343106
237,0.03133291289922737,0.048541159803206536,0.0647375958313518,0.042391381833399626,0.0493634451344009
238,0.031587900783792755,0.054405655739119006,0.06560758597886922,0.046451085755459566,0.051614406155197995
239,0.031991130439410646,0.0584538169709363,0.06671465246458973,0.0483821032119068,0.05282921975874491
240,0.03181982001102562,0.060224779924371315,0.07053346594105928,0.049063968783288635,0.054198761368201044
241,0.03236513058781966,0.05949256114251418,0.07364671476599473,0.048533259813935185,0.05503729070461078
242,0.03322571872212165,0.05987402467344333,0.07475314299819878,0.04928025776073744,0.05573905602995749
243,0.03394331766495956,0.05788193810183828,0.07531138472416539,0.04800020100586137,0.055514784627274265
244,0.03365475943193543,0.054704254809110946,0.07553052389457801,0.0457272587533315,0.05406149598657701
245,0.03311077807706181,0.04989989267490475,0.07406032242257254,0.04260754393122147,0.05197632038226869
246,0.03254580100542725,0.04764940754316783,0.05394619610243044,0.04092273843334831,0.04500893551266213
247,0.030667084251984198,0.0461312200027173,0.0425287587770116,0.040111923001633645,0.040146514067967716
248,0.02302232332040021,0.04043820753510609,0.04300748954544574,0.03597429868685151,0.0357926723776364
249,0.02057462433485648,0.03635434104238318,0.04461264812564505,0.033128457734483904,0.034167782173376564
250,0.018812908396650757,0.03495487078496773,0.044884648464325404,0.03294797229082456,0.03323987010427787
251,0.017726791333507946,0.03351667421083272,0.04447671963948121,0.0315828535722065,0.0321097259243941
252,0.01797356384114016,0.033460810444529795,0.04524368042861228,0.03021667650917723,0.03234451700785713
253,0.01838493178957632,0.03490837866507003,0.04437779522652347,0.03208894681231235,0.03275874781673765
254,0.01895640792196286,0.04143333139367963,0.04354061594508372,0.03652633071209549,0.03440275746434662
255,0.018709997226236248,0.04483554220338899,0.04313936569082605,0.038340989298529096,0.03446772422770449
256,0.018319129813781945,0.04686063699545618,0.042607008382927546,0.038647458844638945,0.03407671221794282
257,0.018420641769972768,0.04763418962755023,0.04228871546264613,0.0389365348329504,0.033952589270865204
258,0.018417455875291727,0.04380197035038403,0.041582193571141575,0.036041818674489724,0.03263487004978056
259,0.018378317672783317,0.04112080949019349,0.04090071520553842,0.03401262755934041,0.031641299249341406
260,0.028743216787272246,0.03878518507387893,0.04063060972984033,0.0347711745845534,0.03645066032831576
261,0.024427576571755847,0.0392519282128734,0.040794968601016154,0.03429406937292244,0.03544078776028635
262,0.021703853024883226,0.03851555840488202,0.04081048590701931,0.033122878002213994,0.03449539088393372
263,0.02153386776949908,0.037018441500907974,0.041584342183393505,0.03131419900350422,0.03395627993779576
264,0.016254476216453134,0.03720295751672414,0.04369553894458639,0.029965006742786425,0.032765878524227535
265,0.015853465754557,0.03702933548819389,0.04564068177413901,0.029487024723294203,0.03318135174962791
266,0.015464268236856664,0.03697179368563468,0.04623056673792944,0.028936537196972763,0.032922876754131074
267,0.015561969153922571,0.03687486223107108,0.04633958942819716,0.02908914906250582,0.032968241011957
268,0.015988701790212563,0.03733829504008114,0.046073455346956706,0.029550009887093612,0.03333479431774004
269,0.01608091209877133,0.03757248434447711,0.04445204083224036,0.029762004388535507,0.033104957832153614
270,0.008863370496763993,0.035371519771866894,0.04256628821627334,0.02630476155326953,0.026534069764955513
271,0.007924549018036419,0.031035780675455177,0.04174654932577795,0.02359080964777184,0.024848120902003695
272,0.0078090877799510666,0.027327621373500557,0.04004115586114681,0.02228449362530514,0.024014425747719434
273,0.008921512090568037,0.024041547928392075,0.039419827716172494,0.021036387044104977,0.02477731876276458
274,0.008219077556824139,0.021624192503775848,0.039259466742757265,0.018930403774688638,0.02356620647268722
275,0.007607002457212454,0.020990968448361822,0.039758944577566756,0.018250532238269838,0.02274570256283371
276,0.0077418754284524355,0.020321986102348873,0.04196580418732957,0.017948403887892494,0.023292618353132725
277,0.008131990285814902,0.02085257211155691,0.04133893605234768,0.018870738086295472,0.02375494537966279
278,0.00912560504304716,0.02479072861482691,0.040501585005776844,0.022531375664894052,0.02546621980154777
279,0.010680727438701363,0.03096785023657291,0.03998193505666585,0.027244323309104722,0.02820894111741022
280,0.012915600523177903,0.0372341410330854,0.040392108201766315,0.03150709252454744,0.031541316426402434
281,0.0143518392295953,0.04036055782108907,0.04087842074233911,0.03378012711158208,0.03353031684523432
282,0.014282449852557735,0.039104867912083056,0.04071812445037777,0.03254614248947604,0.03300475812854664
283,0.014426479468825084,0.0360504005567932,0.04053588088834399,0.030226442653329515,0.03189760881678017
284,0.014428222400724255,0.03857281407599987,0.04067428247220478,0.03216758395736622,0.032727829191121646
285,0.014598546299367937,0.03555994779522714,0.040663441200463474,0.029956895369677092,0.031803719650831
286,0.01564486389213251,0.035755365781417706,0.04100132600398594,0.030336894103109174,0.032360933328559854
287,0.016622668210485875,0.0382550571037115,0.04209680125686023,0.03142637091369723,0.033436908473659356
288,0.016268946321758092,0.03602935554693075,0.04416648387854888,0.029570137369641595,0.03305266048410967
289,0.01624390782161319,0.03670540339812235,0.04677235543465534,0.029977782264803868,0.034056932024596975
290,0.015708060502384276,0.0385222965456062,0.04709294712888274,0.030707611820778042,0.034562921875652415
291,0.015470501701857646,0.03875559125861834,0.047616249517357975,0.0309478453810051,0.034818467765663455
292,0.015368971513983387,0.038551101848464324,0.04748105425724944,0.030728140067227173,0.034642658005081255
293,0.015420224301359852,0.035448169244728545,0.04595740830949552,0.028660324879955814,0.03324641673568223
294,0.01543130924223153,0.03482287668505153,0.04350032303422304,0.028326131393996333,0.03242429285644703
295,0.014422427651734961,0.03411513471508947,0.04210542449608977,0.027580295075434386,0.031421403978513104
296,0.013027751606977913,0.03354203128927148,0.04134366319083197,0.02748403434836816,0.030473176820449796
297,0.011793743245154727,0.03026707176003121,0.041019653860426226,0.02530508029332581,0.02888657435539603
298,0.011966974036030953,0.023562399878740103,0.04019173972284075,0.020303604317117776,0.026390564666432418
299,0.011070544255341142,0.023558072896980777,0.040471152557690404,0.020797033137033346,0.026385149997658407
300,0.01082580399849289,0.025588706357295266,0.04251456168956874,0.02231935960656929,0.027427475769996566
301,0.010497871529491819,0.025829259216757102,0.04159968123629123,0.02267830921217403,0.027131230487441236
302,0.01192496368323479,0.027776635557611503,0.04050903541656207,0.024125576133005307,0.028079794273305037
303,0.013466041808220489,0.03126120258269193,0.04040857943000714,0.026860747929219227,0.029818212536335542
304,0.014062552444407435,0.034336870060375724,0.040274643005451284,0.02968490282688725,0.031084981224963944
305,0.014849774324676825,0.03461697201118381,0.04031951730669169,0.03006050515080162,0.03136021338384219
306,0.014858820923251127,0.032257908262597314,0.0403773556404668,0.028025575876356044,0.030510286158475553
307,0.014895446409462781,0.030433129782126263,0.04064925213526716,0.027312877185784807,0.030012868335106146
308,0.014878886954943098,0.030758729449616166,0.04053743063817244,0.02790652106072818,0.03013872892742816
309,0.014822130880283332,0.02987261013664668,0.040419639389366144,0.02727420541763529,0.02995603229668849
310,0.015249652846183825,0.031502761377420835,0.04102621358373386,0.028721148986273266,0.030828055733057767
311,0.016276578858502404,0.032040020728878515,0.04170771858680728,0.02860774170866074,0.031124094399247078
312,0.016259597878436238,0.03167496757657324,0.04347512886202348,0.02820158799264374,0.031398990803912834
313,0.017161775452706432,0.032882364963581184,0.046013450959339834,0.029130716190651558,0.03272907328507566
314,0.017351667532563637,0.03391776926313232,0.04767015833350835,0.029778955836697076,0.033635359436320504
315,0.01735955948311376,0.034157067845150164,0.04851282176667237,0.029902375939068606,0.03390333579268235
316,0.017409110623632762,0.034295241136874065,0.049302947178224116,0.030050053449595094,0.03414590667203938
317,0.01734645481237993,0.03423001129278362,0.049330971415272026,0.029975428593189527,0.03409334044726691
318,0.0169056134867128,0.03180490916059079,0.04745704396496533,0.02804804386116612,0.03253116246905327
319,0.01594083557756255,0.02933204294195994,0.047279582482184744,0.025704906233091126,0.031275406339690864
320,0.013529173952003907,0.02499564741615806,0.04570095609323938,0.02175719073221363,0.028419360065421412
321,0.011806596427589074,0.02244196979280683,0.042865270516843725,0.019732591177616214,0.026621118521987997
322,0.011029934129843941,0.021333473075635524,0.04198503872475079,0.018832148273864938,0.025827399383196975
323,0.009710543241195085,0.022128843787333114,0.042425019266262895,0.01939341421454894,0.02547862268929563
324,0.011360309802378357,0.02534109142725142,0.04353340826161781,0.022034670389410902,0.028075897825276978
325,0.0119652853334484,0.028533700296185075,0.043400311572995884,0.024626808243795456,0.029730442212762925
326,0.012361615390663189,0.029902706455103602,0.043752191928719035,0.026479041115995843,0.03059802423797696
327,0.013616459453965031,0.031180225915889034,0.04372608965998433,0.027494267736344467,0.03125866675935624
328,0.014389813512655126,0.032214356190308394,0.0435608865438196,0.028327003854436757,0.03177400558239402
329,0.014565174179863673,0.03113041865309628,0.04324958070294799,0.027313273504886666,0.031170083369397774
330,0.01447404851741003,0.029916886035035357,0.043680080299180364,0.026353683175220684,0.030806500766229067
331,0.01440675539198344,0.027167060067982085,0.04355289824627884,0.02417143778627753,0.029747660038055485
332,0.014471792678418966,0.028279353312517783,0.04341229657216018,0.02512979771277752,0.030249324027048566
333,0.01443655103467205,0.028482242530167998,0.043288646042606335,0.025479406184521478,0.030405566714931238
334,0.014685311991321578,0.029915274338240337,0.04373195410967433,0.026705876022274727,0.031221606010841108
335,0.014843332151520183,0.032033849250014255,0.044514200136612773,0.02731947542973468,0.031680704296759586
336,0.01497145704358114,0.03191387802567535,0.044482650021341115,0.026428919359427917,0.03139488001627055
337,0.016354732511008125,0.03210165061787981,0.0461653967420555,0.02679451964915484,0.0324487255943561
338,0.016557378725416846,0.03387192961975858,0.04646818840972801,0.0280336966497214,0.033181770038519215
339,0.01633583657430085,0.03478634725299544,0.045680697153697276,0.02842046245723408,0.03321529150769938
340,0.016174674480749905,0.03460149529463857,0.046214820859231065,0.028204404988292013,0.03324596376458619
341,0.016058155668910338,0.034265133946766245,0.04615496463946847,0.02791385494109803,0.03300100789384538
342,0.01568996015985018,0.03177980353506551,0.04656277456740884,0.026261890622428594,0.031983043720798826
343,0.014891499146172358,0.029525243436384102,0.04766285382335152,0.024608315951616864,0.03133669966861148
344,0.012234600437329863,0.025057934401473005,0.04617079126884177,0.021361353782027706,0.02835980208370565
345,0.009453618325195067,0.02172059026180268,0.04412007813027442,0.01873503885141786,0.025226327768807556
346,0.008410058116178334,0.02004103097653733,0.04250354510430288,0.01732452229719001,0.02357554415257708
347,0.008477806870248844,0.019397655826486913,0.042481592299160854,0.016575165086977702,0.02350587672548701
348,0.008042730024652191,0.01912467305211042,0.042698313348500855,0.016440685472413837,0.023354961226988286
349,0.009996258550188982,0.02128238922566968,0.04223128765757557,0.018391924685128364,0.02528991195696862
350,0.009844928960044842,0.024766640705736406,0.04236549481395279,0.02148581219834982,0.02628855290246046
351,0.011387446588244822,0.027694482604568364,0.043175163447443245,0.02465123274841509,0.02894441200500577
352,0.014061859435722272,0.030745517866459435,0.0439357180240288,0.026768882977196373,0.031212119999664664
353,0.014780604055898632,0.03121984405851882,0.044213814240411785,0.026705108317339927,0.0311932293690099
354,0.014395098829715859,0.034635066236658275,0.04380533079104916,0.02912671785842869,0.03215917662456687
355,0.014385723684455617,0.03507222211818809,0.04379426841822958,0.029509182260082898,0.03238752422183031
356,0.014395488951480765,0.0361902202283334,0.04349901331126403,0.030271035160671145,0.032713584245406754
357,0.01439353802003355,0.03500021656509462,0.04322784690213606,0.029464864240752585,0.03226333326051728
358,0.0144237302008167,0.03256912519267415,0.04358751648186423,0.027681377145848608,0.03164995436972564
359,0.014898910386952407,0.031941009108124495,0.045076319825721356,0.02721621949579594,0.03203670231543938
360,0.015826374997752222,0.035044937508737876,0.0458768589958797,0.029265240113469884,0.033409723680149495
361,0.016338914763577093,0.036099497414168666,0.04706587668654304,0.02987704114267083,0.03428440120143202
362,0.016112002455163348,0.03489147617783125,0.04794634397706597,0.02902023501316863,0.03402894380227488
363,0.016498649075203188,0.0354730058602217,0.04815290427736032,0.029454956395111427,0.034373262187856364
364,0.016961719895521005,0.03719814980142717,0.04712240997278932,0.030814780078794426,0.03488476378826483
365,0.016512690762857874,0.036706861505911216,0.04504050132698047,0.030464421222276387,0.034122967530893236
366,0.01663058325740397,0.034192352406844734,0.043072126829620104,0.028607506153663552,0.032693680748576266
367,0.01525024223214799,0.035862663048232206,0.041693040686901425,0.02969119513023851,0.032535395345194326
368,0.013804108002477927,0.03935833912912425,0.041168132290820864,0.03257650097828689,0.032958276689810495
369,0.012313137563709593,0.03509483948302961,0.04085483159477615,0.030673451338069105,0.03160788981621321
370,0.011502163108326942,0.0324969417220924,0.041015568078876755,0.02865189538036221,0.030532330718123106
371,0.010845793772466531,0.03353119541678652,0.04148089956659907,0.02970137648902703,0.030778326454150524
372,0.01095379697765919,0.03683243008525157,0.0426887384872256,0.031592081812650996,0.03284179881661836
373,0.011945076522913347,0.0394212804552622,0.04248128369039317,0.03356290837753236,0.03440609179121556
374,0.012855687928279132,0.04193103265683541,0.041358289447199846,0.0355400357355637,0.03538620122300308
375,0.01317660368653212,0.045053259577227986,0.04135703933473377,0.03878193462138933,0.03583737537324655
376,0.013780102317802589,0.04838869873405508,0.04180348554882126,0.0417190614072641,0.036853291842165466
377,0.01480033685766734,0.04741573329515973,0.041409869022114444,0.04077761612600607,0.036554739983825205
378,0.014795761290263373,0.04489019775087406,0.04088954516321788,0.03866017528387243,0.035614065270616085
379,0.014806137278300296,0.044293300068983556,0.041102920029457944,0.03837411787851099,0.035703691988989344
380,0.014837001282307081,0.04817359201921703,0.04175816395211665,0.04149687734724839,0.03705832641843525
381,0.014865134517139465,0.04907399994182076,0.04250108499420528,0.04222884588163017,0.03755484414041572
382,0.014912963100314206,0.05136362254968995,0.043300013016725515,0.04378964262157543,0.03833257928500408
383,0.015416959956294893,0.05350031151431717,0.04285162083315859,0.04307311286475003,0.0382158300434098
384,0.01520811883277988,0.05240334292493546,0.044047599621739535,0.04106039681581929,0.03784013616473995
385,0.015312965580290975,0.050490689330505295,0.04544313019122475,0.03978217096346765,0.03825199405365573
386,0.015633172531960678,0.05285285089347093,0.04556009196483784,0.041134144206394226,0.03930257874100945
387,0.016174134949534884,0.047415268580577104,0.04512705923841104,0.0377384978657296,0.03765771721308176
388,0.015634795223152614,0.04358216893051172,0.04446630053669216,0.03493739560984343,0.03584171482468253
389,0.015571828178920931,0.04211135153493155,0.04319126364261099,0.033889444687637674,0.03499334570358273
390,0.015368870808404803,0.04137583011587187,0.041114667083369576,0.03339530785022479,0.0340658704687398
391,0.013459609063239465,0.037188763843013256,0.040809127376777214,0.030447329044304174,0.03178696166174867
392,0.010502946019880126,0.027902259823183985,0.03989894669884612,0.0235617135964055,0.027103620019820036
393,0.009091348284353097,0.023479324009857572,0.03956417472770415,0.019571961467432026,0.02477247245511418
394,0.008391162848488157,0.019745693637098178,0.0397420368026258,0.016204915995630065,0.023012852007188427
395,0.007963476578577367,0.019971172213037548,0.039402467556681475,0.016515698081912503,0.022820877163642575
396,0.008138204793955725,0.02071740177263739,0.04305356733356461,0.017427849727742483,0.024314734411269287
397,0.008567538985572233,0.021284770292485503,0.04131418048811963,0.019219390467634094,0.024589500784361285
398,0.0095600666831918,0.022878848802386983,0.039465233424565774,0.020703521762598483,0.02520643664467638
399,0.011319962735327847,0.029128981958936286,0.03914588137562352,0.026775484546681466,0.0281360019173451
400,0.014517973261690418,0.03554945252212096,0.03965058987744995,0.03249728661276081,0.03176017966111704
401,0.016080009060235045,0.04316056917933619,0.04045807012783288,0.03858613090093052,0.035002498288533634
402,0.015403350442487475,0.04276266227901472,0.04027427142116916,0.03802494278930281,0.034954897194288174
403,0.015302121181817003,0.0455263585738017,0.040681690759530945,0.04024519042874006,0.03607301232326648
404,0.015146671749522705,0.051673638362361364,0.041444418101056056,0.044928049626515754,0.03786756124251729
405,0.015165821479135717,0.05549740847211767,0.042241892789664705,0.048048747602616626,0.039211724484374856
406,0.01592674118054647,0.05865758841055241,0.042123410254768845,0.05037629065966432,0.040371163192630184
407,0.01735381899070434,0.05831285593533056,0.04232947769205472,0.049371654807716096,0.04059898743018361
408,0.017318953166703607,0.050822883945963265,0.04418965168500693,0.04334524932503888,0.03922482104395403
409,0.017378574089065554,0.051266039231679446,0.046141225714083765,0.04331254038821429,0.04036154179135592
410,0.017529651965254692,0.051698829855012146,0.04686450505177477,0.04339521304583369,0.041095597246081944
411,0.017670688732221138,0.0506042935966325,0.04793485125568603,0.04264698936967063,0.04116116511161449
412,0.017330588479351473,0.049094757264658916,0.04611668163408483,0.041153655377473515,0.03990257569495976
413,0.01733412243702849,0.04960331653328932,0.04323648084727856,0.041416448237428016,0.03913010866945024
414,0.017271094212067895,0.04604329804527778,0.04142040121709308,0.03906756749583316,0.03721716317819807
415,0.01513610710171253,0.04289554450835329,0.04135813756056714,0.03629686347230719,0.035175183704304
416,0.012642785236977509,0.03719073916403749,0.041103369853629626,0.032529242442414105,0.03231162639773541
417,0.010075345333678754,0.03529518078612309,0.04106779664706715,0.031131477607605894,0.030550215282935035
418,0.008543233871409647,0.029955771139235227,0.039960794521036604,0.02652082480589507,0.02712617051179189
419,0.007755421403830245,0.025903195172438657,0.039877517066193004,0.02284308411050808,0.025134730755908913
420,0.007947030453110501,0.022434527306769324,0.04210627664956875,0.02062061838889882,0.02487643016826084
421,0.008297081879961586,0.022012138045646973,0.04153108616785878,0.02112476218944863,0.025088027610899875
422,0.009246922243996073,0.023340697866982868,0.039635638458783644,0.02221801577341798,0.02540200881066507
423,0.011125489528834789,0.02773728947105077,0.039349145976510534,0.026095148588232246,0.02761598957389305
424,0.013907650956493841,0.03433254680399152,0.03960992760020149,0.03146631767484421,0.03135829342725123
425,0.015772648441444607,0.03950854075214227,0.040220223014524055,0.034961860372326604,0.034012709748357135
426,0.01591938231698239,0.04194073806027933,0.0405032890305928,0.03634765190754448,0.03502479093021456
427,0.015891790814272985,0.04132699240887354,0.040646062861999004,0.03615956599491524,0.03513213596511787
428,0.015889918937164106,0.04428372057387341,0.04098031617627599,0.03847960750122027,0.03628400426310674
429,0.015894687095626473,0.04507511008758398,0.04159613495385454,0.0392445003837568,0.03681638034140347
430,0.01629644250488281,0.04694742829935328,0.04223832208874789,0.040736898658090104,0.037900174751164604
431,0.0172112698800421,0.04913661034953171,0.042292341776934785,0.04152550893738676,0.03866282634713248
432,0.017510636911540374,0.05050095099321491,0.04496127325413644,0.042143554428003584,0.04021411317158219
433,0.017426954998389373,0.050829052373959266,0.047991486072709706,0.04184705795312713,0.04156684149771349
434,0.01749718248981382,0.04960262066479734,0.04877497713086906,0.0407293959613866,0.041567490214609426
435,0.017371941083362197,0.04724060988692007,0.04720264946471074,0.038490028567204446,0.040129819279390924
436,0.017428348119343167,0.04611691615579019,0.04642000585031458,0.037639602035286865,0.03943083665999527
437,0.017498535340779657,0.04627473672283594,0.044741919239300834,0.037727879144547546,0.03883785998747721
438,0.017344207285377822,0.04291207814724107,0.0420758578796904,0.035476001417520234,0.03665249041235589
439,0.015843925232200476,0.0400143135093404,0.04159656212512429,0.03305673839572207,0.03477942124212513
440,0.014062437200935415,0.03763786232081009,0.041367906769659304,0.031933401466630304,0.03333931209239974
441,0.013424608051532397,0.03733977909828792,0.04181122456300367,0.03231101886951447,0.03329497681515962
442,0.012434003344170547,0.03449362937824288,0.041938591543308,0.029864849649277412,0.032188800064827175
443,0.011046603853867113,0.03279974605038819,0.04194966527167584,0.028774493741146337,0.030933767907294445
444,0.010884869528287282,0.03258511679400824,0.04306005674888496,0.028924417570614706,0.031380499492188865
445,0.011159515270124223,0.032210041606670126,0.04173347655701612,0.029582408335145336,0.03129974312700332
446,0.013303654379401937,0.035525521786898974,0.04091880292149819,0.0332630164851503,0.033376293340492295
447,0.013562242887619872,0.038712377654509626,0.042157475352468284,0.03549114597293077,0.03425395063478708
448,0.01473477093030231,0.04486311533209166,0.04363345180297288,0.04030784918489814,0.037097426824689354
449,0.015516289138834526,0.04945769099870386,0.04416976736121855,0.04324504378052198,0.038671368658739845
450,0.0157008415727655,0.04905277767350292,0.044117485430064475,0.043252919555330484,0.03866823217812813
451,0.016140755883631626,0.0476192379088036,0.04409184096827485,0.04222985102450751,0.038613271749068354
452,0.016295299102640055,0.049048642404958834,0.04448542290434037,0.043840843879537794,0.039279811874389135
453,0.016350054529649296,0.05148666281931036,0.04667158402298477,0.04580912861599659,0.04070989039220186
454,0.01627593355061674,0.052339479702056255,0.04812280752847181,0.046816583322743015,0.041764897589146095
455,0.016886961025379583,0.05813764019533285,0.048481121727882576,0.04953920360816764,0.04321086008360717
456,0.016527739554757184,0.05615528056289403,0.0498660260521196,0.046591011387188117,0.04280795413661127
457,0.016101806783452053,0.05472970895183089,0.05169900093482431,0.045058784766233956,0.04321685939148354
458,0.01641889974101701,0.05431049012681546,0.05238529302870966,0.04431841213583417,0.043699189550994035
459,0.016453372262975916,0.05192461010082424,0.05228072477755016,0.04252603838506158,0.04297928485799181
460,0.016610942619991898,0.051513842593958484,0.051569246463289496,0.04206921294742584,0.04258873014910205
461,0.016523448227856483,0.050641083834319214,0.05017213933571247,0.041464076964474426,0.04168418558634094
462,0.016267795910595698,0.047147878039420485,0.047302040290870186,0.03892884494177878,0.03953887073975101
463,0.01428864283095012,0.04286059150374526,0.04695275107428928,0.035953098839058055,0.037139167821001365
464,0.010910556072313834,0.033489585861262834,0.044931763535695245,0.028528543738451567,0.03138517516345219
465,0.00931705712425626,0.025162846884602796,0.0422409713851034,0.021817925095356454,0.026918458971728444
466,0.008334446831674726,0.021306259390359877,0.040676969956920946,0.018312963294893667,0.024554860825666464
467,0.007945203907192016,0.020407316037430772,0.041637373809794334,0.017344629852608234,0.024058240907837238
468,0.007939601988140442,0.020275882871946628,0.044132307607978476,0.016501796892806835,0.024405998053585523
469,0.008334111883314508,0.021109837947361418,0.0436854574673083,0.017894291827199458,0.02502943535876423
470,0.009294693691344464,0.023808443601833287,0.04326515529436323,0.021268717512319606,0.026531559620781128
471,0.011305831740048088,0.028417470875480605,0.04388015305860091,0.025307768560159177,0.02933852117430244
472,0.014853988824974195,0.03518023831884821,0.04439541558217411,0.030980482634419666,0.03346765658435749
473,0.01737250377924472,0.03713050726762966,0.045353470505616736,0.03292662496761279,0.035477464324057774
474,0.017347572270435773,0.03649019973742634,0.04662988814852108,0.03224189092541633,0.03556674416711029
475,0.017635964592322712,0.03792569333850956,0.04713904515152332,0.03333022421012114,0.036427595444117895
476,0.01725667746609769,0.04088230548371317,0.04732678584457922,0.0357244110542918,0.037460209287192764
477,0.01606513990558687,0.039760762629394354,0.045634951878690155,0.035075804978695,0.0363862020501572
478,0.016102029844914125,0.04285151001913019,0.04637442704476401,0.03767760303476582,0.03765885773531886
479,0.016534417690900728,0.04773948009461648,0.047588068372252205,0.03988965644172043,0.03915288400752386
480,0.016474158129316203,0.049442750889391165,0.05082429559179741,0.040473947368975596,0.040595480194976476
481,0.017293982413014282,0.05378427003795042,0.05367903702067262,0.04353077487913142,0.04329584238462338
482,0.01692310234103727,0.05449325667784042,0.05430645438892644,0.043615477212701814,0.04385704731325763
483,0.01698139191656336,0.054588989009224216,0.05433180769373687,0.04369402337572653,0.0440628415390818
484,0.017734604349759275,0.052030629196904266,0.05524771456562539,0.042126309956343706,0.04361433134067425
485,0.017694054749787403,0.044607312007588315,0.05483086970374794,0.0367409854314641,0.04102450344723283
486,0.016536948574862664,0.03523491193403228,0.053197380772843215,0.029816487966335025,0.03672944264017955
487,0.015295861624338328,0.03234086289723594,0.0527410714244886,0.027716297532342647,0.03547476214144441
488,0.012883384314704063,0.029548779924950867,0.05137541956129053,0.0255193927406026,0.03307161803240073
489,0.010998993167622742,0.027663103111484944,0.04879335774902857,0.024394017423045092,0.030779260136218102
490,0.009621507706958176,0.023526413645257038,0.04706758776007153,0.020830796095367685,0.02837236899180195
491,0.009198640245673973,0.02083013093764164,0.04636381615252415,0.01822683079179327,0.02687636371160069
492,0.009766414968195065,0.017917336945278393,0.045181705306222175,0.015647452177341196,0.025517526317379
493,0.011219735407478981,0.017985578631660747,0.04552957205710307,0.015917923689944883,0.026278878059976543
494,0.013371583833650008,0.020125215580504403,0.048636697721942276,0.017646032841864095,0.02822085438903209
495,0.014472238447525421,0.024679512360172916,0.04990330068754157,0.02130376516736854,0.030733330159517395
496,0.015663832388567597,0.02782805247086891,0.048293182935739094,0.023759222708830432,0.031865992371022916
497,0.015007472967342327,0.027760875414308567,0.04748286162022725,0.023556756643980246,0.03147552952036614
498,0.015502156300684158,0.02687577807917674,0.04749814447527493,0.022911862697499022,0.03126989439535441
499,0.015891121876102247,0.02516692676777327,0.04697045283094362,0.021514588841656794,0.03049524065118255
500,0.015880968100908208,0.026187544946882434,0.047055568252055216,0.022418611815395784,0.03110331299964379
501,0.015886802486444907,0.025810008614338784,0.04688160538391773,0.022392680099734323,0.03097497132353469
502,0.015897957236821712,0.025902503509643446,0.04605378145516429,0.022529245574042952,0.03119547977389915
503,0.016045949905375806,0.0274955420666157,0.047152955053300714,0.023626577104353258,0.03212639441119712
504,0.016652722361773564,0.028277120835575032,0.0484788108173955,0.024425864304381144,0.0325211367518165
505,0.016778132326412454,0.030205106681894512,0.05001677320399365,0.02635155989971672,0.0335545244230695
506,0.017097852645794807,0.031056708870219323,0.051494698949301115,0.026918311884403297,0.034288981132355956
507,0.017441280900231452,0.031740719205644335,0.053232688841862864,0.027589036632615378,0.03517181567551359
508,0.01736800323810699,0.031417870788065315,0.05179443889628459,0.027288535400257566,0.03486767380385906
509,0.017351138810406917,0.031202165097524784,0.0512227046433707,0.027080448389255392,0.034595715270523304
510,0.016876460324129993,0.02881793683586217,0.05071556565645306,0.025168716970811238,0.033230577165558745
511,0.016130291673535108,0.02766737878682723,0.05107918162774105,0.02429655315460868,0.03286076502208687
512,0.013259791436804258,0.025491146544342504,0.0494018846397519,0.022547366525736766,0.030790550618111236
513,0.010961435325993118,0.0231537431394653,0.04791436139286322,0.020878678627472606,0.028730976950311814
514,0.010737476036759872,0.021195399617719428,0.04650800095571582,0.019453603513499822,0.02778162080077363
515,0.010610366531841886,0.021176213840392026,0.04642292817858527,0.019391733593294356,0.02796313551768591
516,0.009591100829520175,0.020061441977049753,0.04720470397544941,0.018414739950869112,0.026715484114036667
517,0.010253423975494799,0.020001369274777175,0.047159891574259545,0.018073041980949587,0.026745947236276903
518,0.011806520232554409,0.02150417219635057,0.04812587997676276,0.01950640612924057,0.028206248039660882
519,0.013565256701495622,0.023055110309783217,0.048991989210635425,0.020709417999935354,0.029705638793078276
520,0.015669608343083043,0.026125920409090366,0.048790714603728705,0.023161935482036496,0.03158647401087731
521,0.016092473092143525,0.02772992807130547,0.0467694837836462,0.024051353627526775,0.0314968120183876
522,0.016216824975628916,0.030332591382698067,0.04768900655308078,0.024997870235917517,0.03252352291848899
523,0.016171624173427566,0.02989793852477652,0.04756642437900344,0.025054680856538544,0.03236587428340394
524,0.01611696649378377,0.031908025611305325,0.04839933797941115,0.02664107466936103,0.03339369297703412
525,0.01611855504025865,0.031873001714315535,0.04817241797724872,0.026607745338907234,0.033387716184168435
526,0.016670114299607793,0.033355713220942385,0.049263229138600824,0.027756313541119182,0.03444121988925999
527,0.017578832229757674,0.03408402498330204,0.05186746537558827,0.028245264567833932,0.035655994399463084
528,0.017298786762218805,0.03184131054357835,0.053436517718386825,0.027271042676341742,0.035025090919611215
529,0.01737027177896734,0.03121706121642803,0.05718020514997492,0.02676656061320344,0.035479474655325895
530,0.01729641522897301,0.03150882292400409,0.059374122053132576,0.026933474094463332,0.03578857566761256
531,0.017298501429481788,0.03173308215150115,0.05901586416914783,0.02700009162312141,0.0357516909541873
532,0.017252380627797256,0.03259999814184408,0.056610711742844835,0.02763625607849717,0.03559671768246527
533,0.016603674310425712,0.03312070043234774,0.05296879539766886,0.02788950462175196,0.03484405848360802
534,0.016450968629047782,0.031556591496077105,0.04883439521970375,0.02687903418187929,0.03338043747315371
535,0.01625458061647329,0.03076492406323039,0.04827237937359716,0.026364971092838342,0.03276120195834115
536,0.01557088461178651,0.029079787108296378,0.0474437420263266,0.025260223746758424,0.03163526901391038
537,0.014374100586240205,0.02745567527169483,0.04561586937070759,0.023978430105475495,0.030135593229058965
538,0.014118391330247344,0.026515899449798062,0.0447284775267632,0.02278545965539197,0.02963278346648355
539,0.013978367976337438,0.024772372916242978,0.045967910292869896,0.02248768014064204,0.029489491209242373
540,0.013226644304515802,0.0254943830504246,0.0468331769599768,0.02362713568438706,0.02977547669015019
541,0.013085316185290347,0.025704513813245188,0.0456248310298651,0.023550299845886313,0.029507472091085507
542,0.014693335666408363,0.029799667729395983,0.04481056804438362,0.027206665302939467,0.0315874880791737
543,0.014957890281025099,0.03411963811006612,0.04547323312537154,0.03060672405918613,0.033495682950058905
544,0.015713907034887366,0.039820730334806646,0.04673121651296147,0.03516540673388403,0.03616865529819187
545,0.01600732133894063,0.04098970705324106,0.0475792787538339,0.035661526244149165,0.03669271603419702
546,0.01590831209243193,0.041589044843165834,0.047019951070388775,0.03539757719097796,0.036505936141077784
547,0.016063474520964086,0.040790590183721734,0.04686448771335942,0.032276210976872784,0.03630104522376138
548,0.016059010154570938,0.04247542352738569,0.04686341170843808,0.03427947282559503,0.03698304976757
549,0.016037065109970102,0.04410597047821462,0.04672354831824138,0.03414137034937043,0.03700431987715007
550,0.016264071520232428,0.044049646585262794,0.04566480089111025,0.034102750943817914,0.036966905420943226
551,0.017762423042316674,0.044776128581613804,0.04591384060931056,0.03603049699268402,0.03807106418867738
552,0.01731579831618325,0.04197124596287294,0.049105877190309774,0.03364320102057644,0.03807885920213277
553,0.017385295819027227,0.0396484942897056,0.052709444522374464,0.031185145100829644,0.03774765634362466
554,0.01694200262813362,0.036879154018900254,0.05407963085165759,0.028671924903521644,0.03663032143301205
555,0.016751664867163035,0.0341863563740642,0.054354507955909015,0.026817461450094664,0.03549495850240336
556,0.016698997292779412,0.033155802685571695,0.053582450194091025,0.026301745454450562,0.034846304007487325
557,0.017129197481815493,0.03340939358639628,0.051174687966875014,0.026573165630951016,0.034575106531985325
558,0.016584848392995354,0.031328429648405376,0.047797007379385366,0.024907858671927425,0.03287140607896828
559,0.015664385353721298,0.03266103715405252,0.04640436683100943,0.02591744208013282,0.032914852890678054
560,0.0151619446669304,0.03247810384959029,0.04544094876649259,0.026008603795324138,0.03258613816734656
561,0.014004138498776493,0.031325932589468655,0.04446424358181528,0.023297561627500945,0.03152733535096955
562,0.013948095489546796,0.028026983592809834,0.04410839255426276,0.020404855232556265,0.029986779327186464
563,0.01078432733327435,0.02614159004313266,0.0450900879537,0.019260269952134784,0.027734058898674932
564,0.011203482983744174,0.02751696356640897,0.04644316471129037,0.02059416766215177,0.02898999832995127
565,0.012806525508483315,0.02918250954987615,0.045972948135762325,0.022890323074637765,0.03093987906740145
566,0.013703430911829205,0.032356569334866636,0.04545470507797439,0.02654097465572778,0.032444382499946675
567,0.014497591768347915,0.03581916424710639,0.045636280743432504,0.028989186219851814,0.03398788440793931
568,0.01651689905113759,0.03932747965769511,0.04425371294881001,0.03225388656248885,0.035377519241019804
569,0.01680971304824225,0.040908666299377214,0.043585859694998084,0.033534446962525874,0.03559242611707931
570,0.01630069168872329,0.04219993790480396,0.04363516360009867,0.03460664550098508,0.035865614558729365
571,0.01612623176045536,0.044802950197455726,0.04382404212075592,0.0363650009968835,0.03666690572696619
572,0.016039049607764463,0.04850072122853404,0.04428375179585779,0.039123330812558504,0.037853760622267994
573,0.016382063191692234,0.049542715093977265,0.04415650815310919,0.03904992465929202,0.03775785973158064
574,0.016486498243364813,0.049374581987352874,0.04409949854338039,0.039024117318144064,0.0378118282018157
575,0.016901601581404583,0.05335529702272824,0.04346887943292287,0.04118933486439879,0.03841630027599369
576,0.017127272202039474,0.053137974849942954,0.044467810672286036,0.04162706649562433,0.038436664620051984
577,0.016435247605555543,0.04977446311719239,0.04589111908188961,0.03857896352563774,0.03760755132081314
578,0.01646847575463395,0.048466862939813074,0.04670532827449596,0.037488703875195185,0.03745383508945812
579,0.01717490998175429,0.048788627777223495,0.04632587275594904,0.0381719439948664,0.03797294969641063
580,0.01750060751574159,0.04883180470436925,0.04659090510081019,0.03861715220459383,0.03823347851003468
581,0.017907650281073252,0.0485210342188158,0.046434119741398404,0.03866859488611424,0.03828379778722206
582,0.017788692027711283,0.037487539192153675,0.04472267134417839,0.03143653415478393,0.03424747472068082
583,0.01648767394038586,0.03276690201709488,0.04449610822191624,0.02836197706622092,0.03220047416774883
584,0.014330542411676486,0.03020644702543215,0.04291014983024563,0.026614588842590617,0.03014861909914978
585,0.013126163971955476,0.02787033886202487,0.04258032633066178,0.024640269048967208,0.028951490918272392
586,0.01361148590386169,0.02695392620152608,0.04190098231838514,0.023104569588202267,0.028891784067851985
587,0.012719768466316044,0.027853981723163862,0.042891447730657485,0.023481070512256865,0.02923681369658938
588,0.011386877186130092,0.02722427400584852,0.04560061235996432,0.023032359270198453,0.029281549727418428
589,0.009140049298776643,0.027716799872722457,0.044252975683653946,0.027808133199308582,0.027531960763924983
590,0.010391724174852747,0.029022273407951237,0.04343167363990666,0.029102250321926242,0.02879706868536966
591,0.012718935356042998,0.031136085226495042,0.04357720972055282,0.027121465678913617,0.03071809469853768
592,0.015394431782508237,0.034051176735639024,0.043194280390842825,0.03017811265709823,0.032569340957166605
593,0.017392357933428502,0.03630414342117776,0.04329027146449166,0.031298311384584825,0.03397408369393765
594,0.017703591133667387,0.03667110365971339,0.04280926412814577,0.03131986343962851,0.034047258302298634
595,0.01669352504889193,0.036182779083897894,0.0418019875929069,0.027680534377923827,0.033001904770055934
596,0.01625581591859022,0.03899352501382803,0.04204004056429768,0.027755241993610204,0.033711941049859834
597,0.016460254065935452,0.03813163585981669,0.0415625290156633,0.027406472627945693,0.0336154210660925
598,0.01668066307781897,0.03955140758249001,0.04233245658189141,0.031778418320334234,0.034411291751373585
599,0.018008376176232303,0.04157453316867393,0.04322900197807838,0.030631592819242177,0.03514551771714966
600,0.017559605559425977,0.04103984034861607,0.04498055780608935,0.033896191541097034,0.035389651398235904
601,0.018209626958342363,0.04178440988262525,0.047298957728311615,0.03445441760238416,0.03645339749034321
602,0.01837218971656126,0.04266178623543415,0.04842625560754147,0.0353804150707552,0.03714856201208675
603,0.018436537693593383,0.04256820306488346,0.04813935369209972,0.03578274858070995,0.03726823009242676
604,0.01840794493712668,0.04360011115561615,0.04816223656383684,0.03675011107751103,0.037692859793360116
605,0.01842113618985238,0.04432729238865148,0.04756868448936239,0.037310247727526,0.037912059116986356
606,0.018200434749719323,0.04042935490751667,0.04669992322933108,0.035076668349948215,0.03672390207964675
607,0.015446709970384765,0.036909497666955934,0.046394925184988556,0.03318077434556008,0.03451959371236172
608,0.012001375052632811,0.03149376074676443,0.04501708736245286,0.02969210613965649,0.030683942644611696
609,0.010681593222274717,0.02373194892035265,0.04258636425164864,0.02346038616523739,0.02693267956175772
610,0.008619076808478,0.01924930176589775,0.04073255757020516,0.019437137912666602,0.023443571768960687
611,0.008028009803732025,0.017236921229404636,0.04095245581116865,0.017737809038971927,0.022382199174462505
612,0.007949298902331299,0.01585331594154914,0.0419755633660166,0.016541514450112964,0.021872549834946166
613,0.008166237678856554,0.017403454417873686,0.04096518831204115,0.018386851093316933,0.02246180998399712
614,0.009703083686537625,0.02100329218451369,0.04129899796383629,0.02146965072104277,0.024947890896621246
615,0.012146771140004294,0.026541134268231143,0.03803882734643474,0.02531859103304309,0.02683429593651566
616,0.015369222456889998,0.031807846718047976,0.039061285570619955,0.029314095612351626,0.03040780985039914
617,0.017868723038286734,0.035477865890606496,0.043123597145585627,0.031847829541221284,0.03394010977657113
618,0.018166893146948762,0.03525285374172187,0.04319627639192894,0.031710115432727656,0.03402235153264194
619,0.018215512867558174,0.03453985105346159,0.043341287602815415,0.031236717700714563,0.03382438387818972
620,0.01792240746726555,0.0358534310553149,0.042496208883585754,0.03246044698897844,0.03400740317815293
621,0.017366576729146606,0.0352222667319063,0.04144288686679825,0.03180589533328835,0.03328397023981464
622,0.017873852739286034,0.03528625121437546,0.04224597543956621,0.031109008215147543,0.03337784236218586
623,0.01832908372248098,0.03603737727531735,0.04401219669555846,0.03197090615421602,0.03440024788290033
624,0.017844129008644002,0.03767385003920822,0.0453280662710058,0.032887862803565204,0.03482649477281879
625,0.018020417385907102,0.038776921939837394,0.04824520685799729,0.033721574003223634,0.03592516885210841
626,0.01808127206957147,0.037243884482740554,0.049413589281855255,0.032717988326056775,0.03564310422986854
627,0.01815288291987975,0.03401010744695668,0.050081503065586314,0.030144306060073758,0.03459449699843044
628,0.018262282664675025,0.033508934709374445,0.05052846145791806,0.029756633748221496,0.034629172206147425
629,0.01823926519402563,0.03353236168683376,0.04823535825240375,0.02989382991008607,0.03413677943856943
630,0.017493858086321406,0.030507949416719558,0.04425538430960092,0.027666618461030735,0.03186324040423433
631,0.017108550007198662,0.03219796587867455,0.04389274263077243,0.028758741506921114,0.03207463854467143
632,0.015129811533363563,0.03043465943081816,0.04371822093659309,0.027120653442195213,0.030390021472085558
633,0.013855391448480062,0.028732745196068093,0.043015495601172946,0.02591032722964987,0.029225303514289588
634,0.012639685958409549,0.02902202154735358,0.04322721185512457,0.026417009283130916,0.02901107713772566
635,0.013344735961154632,0.025344855368693617,0.04428660863762712,0.02358278335328212,0.02841202101286329
636,0.013812862327909282,0.027623974089407356,0.04587468374965498,0.025509972519963873,0.030096491100902966
637,0.01278408561403174,0.031047778597625798,0.04507879282841131,0.02861420887993789,0.030810612555987927
638,0.013025315198164156,0.03339982848290689,0.04435616296183585,0.030977571046500438,0.03176578216501717
639,0.014616597521152122,0.034336076428967875,0.043550600191053494,0.0318623367071779,0.032699079332398316
640,0.01693298803709381,0.0354636866774168,0.043141369122836726,0.031676229357191915,0.03353588801334204
641,0.01776945046870767,0.035465276114804684,0.04300652731187587,0.02899807305425007,0.033565359171568006
642,0.01785389613806869,0.03506532389463571,0.043266579245961105,0.027818160376000926,0.033449742734140336
643,0.017387872746746507,0.03377150730435454,0.04301637813380282,0.026715436542728888,0.03257533480457975
644,0.016874487171342902,0.0348737372558243,0.04232465407904732,0.027489103832055387,0.03248704778607878
645,0.01649566995041804,0.03409177761031024,0.0420628006905068,0.02920194686861851,0.03230822868427462
646,0.01734557846576089,0.03191887460092532,0.04268700150189406,0.02825287830576499,0.03204233607584759
647,0.01806159786812786,0.03125530744369964,0.04405255542980654,0.02717309950173811,0.032227153703490316
648,0.017393050176108604,0.02960986543765951,0.04657121090243932,0.02529394690389943,0.03150306088490462
649,0.01771562742348287,0.03173154473022404,0.04954879127026614,0.027001377239002717,0.03298958576305203
650,0.018030952138146907,0.03176186656635447,0.05274147079218207,0.026956878608465972,0.033752934782571464
651,0.01805407877507977,0.030626041590036065,0.05394074255051957,0.02626628038369794,0.033504109728823006
652,0.01805596469695076,0.029384127636441448,0.0555205140241684,0.025283221118997883,0.033285503112400486
653,0.017958584325211302,0.02840005498751169,0.055694332735634976,0.02459644813226384,0.03294237889343814
654,0.017760942682845823,0.0259826931761947,0.05442359996199705,0.022881756075515944,0.031605622086241986
655,0.0159577028986593,0.02441567398303417,0.0530886354359576,0.021592104214307878,0.03004831367975444
656,0.009380315823244115,0.020101042988314503,0.05287086389580761,0.018045718380058653,0.025247008249862903
657,0.004800076803658782,0.017094314979483802,0.048646244944130515,0.01616909726918849,0.021768338419696238
658,0.004148882562023232,0.015391102543080962,0.04745569616290166,0.015390793709009963,0.020638960109925122
659,0.003957599739429792,0.014803659983478264,0.04660735084583576,0.015320507739289748,0.020368598939819755
660,0.003944545888570107,0.015149751716424503,0.04695558388616839,0.016205162368996762,0.020821616886290154
661,0.0062482878041461845,0.015471029973319941,0.046001019543377694,0.016045034142490255,0.021560567657893603
662,0.008916489306995328,0.016824515646868144,0.04544627828427754,0.017237786024566066,0.023336409256800594
663,0.01059184612451045,0.019365107968133424,0.046829298022713725,0.01849501791249233,0.02526073994163167
664,0.014090839999091912,0.025594850790777862,0.04791586525232475,0.02310036985744879,0.029242843488626828
665,0.015491343773431034,0.027240253169537126,0.047391487375443776,0.024537140104017675,0.030379831162633285
666,0.016114835066037787,0.023561133421018676,0.048406103494620406,0.021689384093526023,0.0294047248984717
667,0.016311907179997667,0.020434743427636938,0.04873019885761145,0.019258712606181293,0.028425313758708083
668,0.016299617213047252,0.02192434039031275,0.04878816169554652,0.020629916542782782,0.029236215589813118
669,0.01633301391045502,0.021860802586613232,0.048681947518533684,0.02070178348516522,0.029373896483273893
670,0.016320153425103456,0.02174371649204339,0.048351161668821536,0.020622038694309352,0.029526237869581175
671,0.016323896723714707,0.021717760504531187,0.04885268857044027,0.019856123894765165,0.029287719923906535
672,0.016387223782445892,0.02282288884572943,0.04848220519007902,0.02065782286970019,0.029831427268505226
673,0.017005491261592363,0.025245860683949184,0.05102053904142579,0.0227241769576331,0.03147536692867985
674,0.016777861605432137,0.027491687378742472,0.05254071353376451,0.024636232795814304,0.0323908723179396
675,0.016862312982960377,0.028522480190894765,0.05424266585924971,0.025734070609670423,0.033127285106098324
676,0.017142966271519348,0.027759834612355233,0.054983993356619354,0.025174918686472512,0.03289446275176104
677,0.01687940888797433,0.028223891904137828,0.05495261086893143,0.025575866612609147,0.03288407568941746
678,0.016500562198558978,0.0284202173037581,0.05315302610417898,0.02603154516249884,0.032645136326545594
679,0.014440393903607827,0.028517383555932335,0.053442678805759807,0.026722192586664615,0.03201672437755461
680,0.01141311319519916,0.023123013558670354,0.055025093803583114,0.02220264211636835,0.02844317762978628
681,0.009175564706547281,0.021035395766320658,0.052814424806231434,0.02074301797471799,0.02576618726955068
682,0.008170804265266202,0.01966012438594585,0.050792990395520675,0.020065411650585334,0.024260204007228215
683,0.007685376794681962,0.018104673317414225,0.05068214518069344,0.018702044880306048,0.023381480206458343
684,0.007623808714282972,0.01816354712889895,0.0506984509695715,0.01962528427977728,0.02339041389618375
685,0.007901204143117022,0.01902642816951736,0.05350125984066561,0.020719482793230853,0.023954685282755798
686,0.008641619078386403,0.022740476467657016,0.052486315349654436,0.02386365567882625,0.025846374333510936
687,0.010174176468727522,0.02905752523098344,0.05199188003858543,0.029512985323480925,0.02940917468650661
688,0.013876986994151337,0.034454830964108944,0.04974813262810954,0.032600672556549325,0.033045047670014836
689,0.01623944269789388,0.03602618619625915,0.04840905699607788,0.03288208229945245,0.03385863086386911
690,0.016443564856506054,0.0363859924619363,0.04827655098424384,0.03280442500324983,0.033850638638082034
691,0.015946063207409565,0.03784244792053852,0.04791535427022671,0.034181131406416,0.034069295252264174
692,0.01608909077326934,0.039826922125419405,0.047078531485191914,0.03598722449829537,0.03488731746643989
693,0.01587945824330856,0.03902247531914402,0.04667912576845819,0.035834899488050645,0.03452953879323333
694,0.015777131928481944,0.036162521275611356,0.04651419238949944,0.03378920983305287,0.033645321970655874
695,0.01586684102455522,0.03961710161813851,0.0464420717018576,0.03631280526142067,0.03451035081005064
696,0.016236257468197974,0.044398787151085355,0.04653092557691333,0.04055594743928127,0.036228100742523396
697,0.0163281935515751,0.0453193254842574,0.04724305386795454,0.04068262824995606,0.03635509692252196
698,0.016902976257452792,0.043782758812548415,0.04851941292353823,0.039389101967688536,0.036359471942107466
699,0.017462639993638243,0.042038998525464034,0.05131122970979095,0.03798393416467559,0.0366028827780875
700,0.017402275806626892,0.041137748578284686,0.05091619397748174,0.03732443970743568,0.03619831398906465
701,0.017041016419049333,0.0455534724596325,0.045264087289785836,0.041283080466649864,0.036699358218470826
702,0.01673217606181585,0.050417633326666225,0.04063253760789997,0.04465850095770318,0.03701204618513843
703,0.015631327111786313,0.05104550219103728,0.04097992974127096,0.045040786070923336,0.036787934420411596
704,0.013253582504438456,0.04501584795968045,0.04268318182051561,0.04143861235357161,0.034502969132244016
705,0.011035640584226925,0.038806102932980965,0.04273409442977731,0.037802639042512735,0.031938907149910836
706,0.0103424519971314,0.034901857217219716,0.04532578682149223,0.0356493024858179,0.031431517314689975
707,0.009729123356012318,0.032641424687536044,0.04662774151153335,0.034189843419205695,0.030671685326931583
708,0.010209721408206357,0.030760617572915108,0.04703188197645806,0.032980022030927404,0.03045242754022665
709,0.009336844446564541,0.031603882303244527,0.04504649127953311,0.03321978168406253,0.02964768675444436
710,0.009731405583035656,0.03196494350504934,0.044489586716087555,0.03262765289928351,0.029882539807424884
711,0.010476303248107924,0.03490031622081852,0.044825098477997,0.03367692595450384,0.03108606866925843
712,0.013824784757139438,0.03902006215125295,0.04363890663835927,0.03565384891656959,0.03386918686106921
713,0.016598813920101024,0.04126704713946557,0.042358153690718436,0.034810095042954896,0.03509510645074556
714,0.016380553327563663,0.04040818251897829,0.04218621158750346,0.036335745292029605,0.03456884167002701
715,0.01648381438309841,0.040662063337208086,0.042052952446703346,0.03690525751801016,0.03479290871857877
716,0.016263593846300505,0.04344129912368751,0.04137540044276997,0.0392794959264828,0.035420090086067293
717,0.01604210707563187,0.042377766167107866,0.041673668628260496,0.038539672033044266,0.03513230549882226
718,0.016338836262192652,0.04392846751985372,0.04174503357989168,0.04024484376469639,0.0359005248794554
719,0.016639017391324524,0.0451832052146011,0.044385640754122546,0.04093805754584753,0.037164720894666436
720,0.016532886320929068,0.046160181639107296,0.04670838788409943,0.042320509085143905,0.038247564037392066
721,0.01645512554618402,0.04617549315755619,0.04876260961944735,0.04168879337798031,0.0383875292905442
722,0.01676012883023564,0.04673093384280603,0.05097471977017573,0.04240587502720262,0.03938961260807528
723,0.01726362253468138,0.046375773597801935,0.05490415336440407,0.042071106798459296,0.040419974657832224
724,0.017467082283243573,0.04500385127791368,0.05340819488261258,0.04088192010264595,0.039953580554522555
725,0.017664063618774793,0.04344444434028031,0.04939164585459363,0.03937737983402496,0.03860271774517417
726,0.017548848705715124,0.0406886814210883,0.045851663723860805,0.036920202890927414,0.03663443922857191
727,0.01660423246703702,0.03642872086344395,0.04502562364413337,0.032511394535548355,0.03395273335898422
728,0.014052770188557145,0.028346124140419825,0.044038713836297434,0.02580100631064803,0.029316361107495595
729,0.011883875909552642,0.025107820517925164,0.043695081406738175,0.022979557616789097,0.027207839876064833
730,0.010467058431073421,0.02559164934208968,0.044048306358161454,0.024289195906336707,0.02717311785023823
731,0.009226705078142638,0.02613338951833704,0.043456618362315055,0.024572144643931378,0.026047769427028477
732,0.011218754657405034,0.027453462702571752,0.04385837614889077,0.02621506679889227,0.028080020713325014
733,0.011844877533359149,0.028544848895566823,0.04282159474684288,0.026492126319061633,0.028513802761335003
734,0.012623217761567938,0.03066762777894941,0.04179339953568457,0.028130204825090835,0.02950835022771904
735,0.01428995687510087,0.03574783202339168,0.04173901448184508,0.03196268674757178,0.03197502867972152
736,0.015797327400040247,0.039402451910197,0.04209225635542221,0.03468021754337547,0.03384577863982657
737,0.017493119673013216,0.041030724508593235,0.042957748960403865,0.03622274578488432,0.03543523117414796
738,0.017765129753683894,0.0400192395569078,0.0437819476816042,0.03568673120749562,0.03561486344083317
739,0.01772104812551606,0.04145958812839308,0.04518691349259758,0.037218224160966776,0.036644343247264455
740,0.01766320473930967,0.04400636377152405,0.04431262073375615,0.038491338729687574,0.03696528637322473
741,0.017663871677512773,0.04363124372245273,0.0437201629042147,0.03796774570034794,0.03663827885766418
742,0.01755324330142547,0.045344054559369955,0.044802075081898596,0.038988083327620666,0.03732768882694992
743,0.017608305849778433,0.046354862993425346,0.048524415639100725,0.040503165257085944,0.03921658532293346
744,0.017832886327202733,0.0466822802832978,0.0505093697375462,0.04107044071284437,0.03997464721436544
745,0.017647455373943,0.042410020374566176,0.05196788058824973,0.03751648281945139,0.03874592325028847
746,0.017618662181572122,0.03990161749945907,0.05251737462568637,0.035814890484788316,0.0378551699602248
747,0.016926994419456106,0.03637071357522646,0.05184015100927838,0.033988577929965964,0.03635064394519552
748,0.016801401662021688,0.03449887596692653,0.0513306682464986,0.03270082098052144,0.03566663507397783
749,0.016263584854053572,0.03412278943036376,0.04913638730122777,0.032992884716756564,0.03524461999023308
750,0.01644577764883959,0.03627202944516381,0.049205972800016075,0.03429018800970917,0.0359651992709546
751,0.016574722924155343,0.03773532762224092,0.04873903638533961,0.03495412204175782,0.03593681045316111
752,0.015054352132817321,0.03452209404115318,0.04883177453600755,0.03332721407733687,0.034499018791593145
753,0.013312384218647014,0.028763079265942758,0.04697460526393527,0.029275602784946498,0.03134371222349167
754,0.010692954864852292,0.02445114444766267,0.04833081318850875,0.026067894713473306,0.02837618132804508
755,0.011220327867575075,0.02293772109454059,0.049112559432431896,0.024893562393480378,0.028907411239832554
756,0.011177371264871635,0.02305657162434085,0.04958256147353039,0.02473250469018891,0.028851035600683417
757,0.011993247111672692,0.02376591064411319,0.04772788093884438,0.024551071803102186,0.029001994573069394
758,0.012572324047397002,0.02519985688915525,0.046434615441039266,0.02519727593810732,0.029228377815938452
759,0.014077260479539918,0.028881442270729953,0.04659444063795161,0.027849168368924836,0.031028978588349278
760,0.015488618518187646,0.03550747640215503,0.04740517480007994,0.032330847185098884,0.03352314613247516
761,0.015498785818047249,0.04091869134466551,0.04645088046618357,0.036049629439289785,0.03508309288997127
762,0.015429972574529367,0.04757136664574595,0.0462266073508845,0.04103960079339012,0.037256026279530785
763,0.015455309266987025,0.05078927641380656,0.04611978343825615,0.043932191724497714,0.03833872014008118
764,0.015395431576675186,0.04938457895354104,0.046468701090568644,0.042655785297504044,0.03799291702575924
765,0.015474865858559542,0.04981277169131966,0.04670967001208896,0.043167164703065766,0.03829655716167908
766,0.015734881292217038,0.05010475765800213,0.04662593071589445,0.04392684386773757,0.038714981519774275
767,0.01674293451111851,0.053800685526409896,0.046754242013518035,0.04666157671141548,0.04040643457434948
768,0.016651173038376522,0.05397035858478201,0.04733200750428,0.0473442711555379,0.04077365777389272
769,0.017692826091483184,0.04689126964589261,0.04978035655472954,0.04146626402500373,0.03931256064876591
770,0.017684869156138372,0.04004148545012205,0.053069594097034316,0.036022750623058646,0.03752646871403141
771,0.01779518182809578,0.03461599739211257,0.05635781542402022,0.03170265340365164,0.0361320285041367
772,0.016836671140911207,0.03065711827608352,0.05745631185545778,0.028586078997017022,0.03438500084851787
773,0.01622558263042866,0.02857641883270417,0.05055208129865733,0.027027339816695146,0.032389884635018386
774,0.016134833803746775,0.027296023081094616,0.046504649742945374,0.02594850481324547,0.031227518683606178
775,0.0163469338117084,0.028580212529957474,0.04345798289755605,0.026815814560441683,0.030957737507571886
776,0.015439817847197562,0.02660937346172272,0.04328549655820411,0.024451102531510695,0.02924314120585421
777,0.014238534173587917,0.02620965966812325,0.04254445997113466,0.024112150699604176,0.028315657406582897
778,0.014128284624299372,0.02609079121359806,0.04241425938632848,0.023930310340450872,0.02844251270624066
779,0.012856734856685167,0.025667960217737738,0.04327338093183421,0.023750931400695573,0.027926944711561322
780,0.01228496767378689,0.024024326626264417,0.044614356765845506,0.02283983595637903,0.027293003572572423
781,0.012939638496619957,0.025044857230586862,0.04319468465113149,0.023964972999268353,0.027965804109447674
782,0.014054836154014778,0.027672948788652986,0.04298702182302384,0.025977976010748235,0.029583082469851328
783,0.015244472961094723,0.028493464474756973,0.042371083810507186,0.026191060094414173,0.030017286872325417
784,0.01605300497860799,0.02945389794300412,0.04093779826732891,0.026677674635531945,0.030022754142012494
785,0.01643799498302271,0.029079429792865825,0.0410571157552636,0.026403537286210393,0.03006739192500093
786,0.01606297952030726,0.028928030717454763,0.0410979282543628,0.02627962376056837,0.029906891170135726
787,0.016081238759882197,0.028107751979069902,0.04102774086853491,0.025720718583442995,0.02961972457760382
788,0.016330067040032634,0.028210461776710945,0.040753474088967075,0.025785130750716034,0.02975607136498797
789,0.01648450450155331,0.02716599287016899,0.040466651574512284,0.02486380317979983,0.029395161178557873
790,0.016963116140028996,0.025992687206664523,0.04021108055831719,0.023984557570546846,0.029267586795422244
791,0.01757215757756773,0.025649022134931383,0.042921711523503964,0.023358688603307122,0.02993889281849227
792,0.017795694414313206,0.02543664212311854,0.048174161807660466,0.023143717610777513,0.031283820379563905
793,0.01797554240124829,0.027074986818684144,0.052173307171602616,0.02469992511400198,0.0327632454215088
794,0.0177582209952949,0.02773007733581748,0.05342920780845278,0.02549179228647972,0.03284510212827402
795,0.017567709091006068,0.027541107462517728,0.05272935404223742,0.025425228798113483,0.03231761608464846
796,0.017641698282890052,0.027761345994583696,0.05254879402711027,0.025594990114412606,0.03250661964047965
797,0.017535041590910076,0.02752326464491412,0.05023427610168897,0.02547915143286675,0.03239715766613868
798,0.017127456963458475,0.02526982266102645,0.04622929456764127,0.023458374442845466,0.030749427945834025
799,0.016436429957975895,0.025781460468784625,0.045575980748936436,0.02381106195447085,0.030281975107556456
800,0.014842746850367466,0.024860912352457052,0.04342685455946323,0.022816366312459525,0.028339487259029947
801,0.011592064765240525,0.022585060621174276,0.042509811525579234,0.02056914083384387,0.0256789785168277
802,0.01169221157909108,0.02073377649130804,0.042178159088219425,0.01966114612813924,0.025882589561365354
803,0.011989634087985833,0.019678845604032123,0.04121122727858411,0.019177531542452865,0.024991241987126493
804,0.010827008446348705,0.018501737681088794,0.04377586236698914,0.018502914505402306,0.024411215185751723
805,0.00989715979188494,0.02095549988368346,0.04261999390773641,0.02121382022111832,0.025323276880957764
806,0.00993175010853903,0.02099258526404278,0.04191023039748932,0.021062753537599736,0.02506393246581854
807,0.010640824469061269,0.023357659220509162,0.04258169712712113,0.023001100717386817,0.026510645637682562
808,0.01424004738441213,0.025884549506238887,0.041126381796767954,0.024169184157114814,0.028488795960408597
809,0.01731841676076362,0.029783689759052667,0.04197509782148032,0.027131448701812267,0.03102403794926248
810,0.01768418565434113,0.02955570567501224,0.04159472185594385,0.026867943809714946,0.03090207273624801
811,0.017387042632711493,0.0318227995298672,0.04065560078886389,0.02903873555126361,0.03170031606298837
812,0.017210336542114943,0.03463925459667551,0.04112043415070112,0.0316536643342969,0.03296661846586298
813,0.017082058725872654,0.03541850742260344,0.04146273574470213,0.032486957664680315,0.033382798725993985
814,0.01721205001927299,0.038597922245360225,0.041827016271532735,0.035656462578996434,0.034915356990050904
815,0.01785791418767412,0.04119905952379398,0.043726476341839765,0.036997428817684676,0.03639114645988287
816,0.018031713258327572,0.03921981435904301,0.04454689807265861,0.035340957798383074,0.03603856320041116
817,0.018032924470432837,0.04016559805785827,0.04592303551469845,0.03636697240183323,0.03671483111133506
818,0.018016555621281585,0.04201233306799031,0.04771618502560666,0.03832812461916305,0.0379261071624149
819,0.017966417875991823,0.042244574758645334,0.04766198030507584,0.03848242372787776,0.03779012279281194
820,0.017463528911675723,0.04418770789300472,0.04624733020466506,0.040023200594414554,0.037528925913474565
821,0.01774514363858435,0.04416763305719067,0.04752552605939679,0.039960816632131385,0.03810996627067065
822,0.017737751064224854,0.041477523271231984,0.04679338909711574,0.03787827113033119,0.037195689030129056
823,0.015653863925301055,0.03741146022654245,0.04662389674035184,0.035373651235958564,0.03513257924937325
824,0.011326868749153148,0.030012071911095884,0.04570612979979927,0.03072726595330453,0.03019200950223501
825,0.009130021422785654,0.02542841680302953,0.04470539563230007,0.028937880633708182,0.02742100833261834
826,0.008040563412670957,0.02123780209193268,0.043228452638700975,0.02503631295104014,0.024792965329017282
827,0.007611443928103042,0.01783452844089284,0.04262683695740456,0.020329047509158437,0.02285379334361111
828,0.0076034957210300005,0.016857986281443665,0.04474381099066005,0.018884708130155137,0.022957928351569436
829,0.007925851331712409,0.017116092388545532,0.044233329125342405,0.019023178971315436,0.023274782825543093
830,0.008660676504283102,0.0177582433895823,0.043676205042114294,0.019719167864278794,0.024051413721013378
831,0.010368295929197295,0.02227773129119919,0.043562663618600575,0.023007419447608906,0.026640487370571144
832,0.013924919676407911,0.028709313344001026,0.043916818864501196,0.027756118356441747,0.030716091793317354
833,0.016486099031287383,0.0344423273802756,0.04386115855069321,0.032311137165291035,0.033755800686520746
834,0.016562732565082207,0.03717178525455166,0.04397619543095393,0.03442508839084653,0.03484150157547025
835,0.01699172556745515,0.03975265628057021,0.044088877655947586,0.036783433177314445,0.036054205063338764
836,0.016372458255652644,0.04222014686890548,0.04430435451679214,0.03910017765075181,0.03672065273002353
837,0.015354955108260373,0.04129079679208076,0.04478575336355912,0.03880379069825036,0.036218521238148824
838,0.01525855812009092,0.04332521185603985,0.04547520631689902,0.04143203930197,0.0372383709109657
839,0.01622003876055516,0.045695328513568514,0.04621023556909597,0.042029137117135386,0.038174723888740034
840,0.017049923865393907,0.04314876517165066,0.04788735877555874,0.039836064352453224,0.038158129518768125
841,0.017046288913974934,0.037713087231457755,0.04848489483996662,0.03546043487083948,0.036422126080160835
842,0.017045410412880144,0.0348273910488061,0.04891928101839914,0.033155362186507414,0.03537879187737454
843,0.017133816807991625,0.032976423564986174,0.049666919904629916,0.03126158031307597,0.03467367278840784
844,0.01709369521490472,0.033279383630810025,0.04997246917351416,0.03161722866639134,0.034752725188671174
845,0.016808413122772838,0.03468949333298299,0.048983654887352575,0.03310189069797803,0.034890314868483326
846,0.01652374040891885,0.03363981772543087,0.04783537630952353,0.032257596825535625,0.03414823411629932
847,0.01611747767583654,0.03437006637011453,0.04781276691383561,0.032865382348430866,0.034263071046345774
848,0.013336927836639659,0.03241205973412616,0.0474671442452631,0.0330438785019855,0.03251066725645857
849,0.01139821882973688,0.03167956216892485,0.04766931327486999,0.03314651127868343,0.03134324008909378
850,0.009337706886615057,0.027512199954362715,0.0466976242935005,0.029622321903367037,0.02833004739495149
851,0.00901835448778782,0.023991584917213524,0.04573033158392521,0.02633716514336091,0.026781061013451086
852,0.008159141336091458,0.021997901402059507,0.04394896458547133,0.023607275856241297,0.024830922377966486
853,0.00851535888816634,0.022872253962496748,0.04462850813822906,0.02508629722929595,0.025854445269552162
854,0.009309061854250808,0.021731436417758772,0.048002041930472285,0.02276098502876424,0.026769723698554265
855,0.011483977444782334,0.025748077263520956,0.04934788130323029,0.02506893312287676,0.029779525788489462
856,0.01410758845913497,0.03174384581876876,0.05551107574258146,0.029197726643353395,0.03518232456036153
857,0.015487478700161235,0.03692789551658702,0.06318185418338153,0.0337840868327969,0.04071760713434062
858,0.015122627108282527,0.04021702341254493,0.07208703918887215,0.03607697771463799,0.04491916568934715
859,0.015125438816593942,0.04184564712820137,0.0714103903581245,0.03765144244280138,0.045430806349467834
860,0.015181449921592502,0.042620582940521935,0.06980737701951421,0.03823680594429861,0.045311001389547294
861,0.015325644208914128,0.042003847500134806,0.06863576011764318,0.038191250004025686,0.044657739898220784
862,0.015993237269665516,0.04438192227472707,0.06913566029948515,0.040212731643992916,0.04551961447026627
863,0.017263708758644095,0.044637809661515385,0.055469989220335865,0.039624128815659,0.04045204078779442
864,0.017397009727561155,0.0388014055230332,0.05158840353541634,0.0347735888243744,0.03670408713425442
865,0.017200716974798875,0.03411717336134983,0.053669399530750214,0.031441528943411914,0.035559174739752834
866,0.017262438214811753,0.0294755256638906,0.05540748126764804,0.027467890302640692,0.03388757442442701
867,0.01722740345324516,0.02742045086679275,0.05649291150595316,0.025684061432598097,0.03323346014088417
868,0.01702758667208431,0.027347572553242817,0.05535906072895471,0.025683083629493255,0.032890355571405544
869,0.017267213926262435,0.02758758295443626,0.05329512889845585,0.025809641522629503,0.03267366421354608
870,0.017001591035611767,0.027086859174336543,0.048004589410966844,0.025245377903667033,0.031111532721833285
871,0.014846942611472212,0.026979185395256976,0.044999297698093965,0.025405831695612627,0.029593457592892503
872,0.010770930631077553,0.02255399266766106,0.04495203549828072,0.02215894456300395,0.025841601407653784
873,0.008815175083166824,0.017691836592938524,0.04254264685902925,0.018068535064929107,0.022638769833135373
874,0.00801148482959579,0.015974780431986906,0.04184222701731762,0.016472132274603046,0.02129234074458193
875,0.007564818066348705,0.014968705900148815,0.040712838062757946,0.015484849260161299,0.020395735527657655
876,0.007573167884892128,0.01479412595041815,0.04243004255580108,0.01555025521588363,0.020600935065067744
877,0.00789596255828495,0.015065127715053379,0.04065570269168514,0.015524688640695446,0.020696661103338048
878,0.008653775772166448,0.01650794918181498,0.03959242138514119,0.016353080864382644,0.021436955107728885
879,0.01008768254377236,0.01893791463885628,0.04139829582832536,0.017664840344798545,0.023224713425163204
880,0.01351528737715815,0.023963753698836736,0.04083812085335631,0.022035234682705532,0.026620187920385653
881,0.016484982860049027,0.026193482949239483,0.04039740053956063,0.024182194578192474,0.028752072236525036
882,0.016036623360872884,0.023479271808697588,0.040602001852845356,0.021909690448502803,0.027669677641520552
883,0.016031993075854848,0.022435386670854367,0.041378589992592994,0.02085713509056055,0.027268390505749095
884,0.016010204365694572,0.024564466443199737,0.04042308550244855,0.022693974325290803,0.027990623937957673
885,0.01596076032077085,0.024275993414343694,0.0392936987649833,0.022502913879627936,0.027808243854139915
886,0.016071815449373854,0.023695104193488113,0.039916137668674245,0.022122154804274673,0.027835668283045848
887,0.01636489575734035,0.025991928471171488,0.04201163991934059,0.023802900484087636,0.02904901764155956
888,0.01676137400673016,0.027483826515627915,0.045356845419821,0.024842736593939634,0.030275424563967285
889,0.016635574346572608,0.029505690781184524,0.047642637708995954,0.02673947033434107,0.03133007626573529
890,0.016714347458804714,0.03305440022160796,0.047525731445790795,0.029909184174360774,0.03255376644610764
891,0.01643068055538476,0.03531457911581408,0.04741293225495487,0.031722950978201526,0.03303323264638561
892,0.016432436269876054,0.03872750369528808,0.04632028340775565,0.034639184648561916,0.03404805161346801
893,0.016361279220317205,0.03970705492229155,0.0449571321951899,0.03522675054018453,0.03399820045083173
894,0.016618991588612228,0.04001733279699581,0.041802000040056055,0.03621577300172807,0.033870853330909105
895,0.014569090308712168,0.038923274030375564,0.040440528442906035,0.03620076905783074,0.032544220712627456
896,0.010896631111538806,0.03181162467576551,0.04002120396251699,0.031140095396175366,0.02829481796708332
897,0.00898076657856067,0.024372681579556466,0.03910678543925795,0.025248031698919884,0.024713762397206566
898,0.007998029554879644,0.021743521803991493,0.03864975686055428,0.0233383830893021,0.023139882786743598
899,0.007443378775137727,0.02015522952837912,0.03926239633008092,0.02115491902482033,0.022224827211895164
900,0.008236976053115649,0.01978459485494481,0.041388414667334644,0.020546217131207786,0.02317820783243049
901,0.01134518469383493,0.020277760392943427,0.040152834213329706,0.020141967445017585,0.025017735893865394
902,0.012879886736512866,0.023592967407475317,0.040126823651082805,0.022238528801919743,0.026570622436182516
903,0.014271560159156878,0.025568265285725023,0.04056714177631931,0.02333889846149441,0.02790367880727715
904,0.01541923529981614,0.02769540979725831,0.039672122134354074,0.025605534391421728,0.02883831578958649
905,0.016215825368584482,0.02903598811020912,0.040168548303608165,0.026584509019503214,0.02967618425295031
906,0.016152047699845126,0.02703977746793451,0.04065269719308973,0.024874900037178075,0.029038873501250072
907,0.01614401738789542,0.02675965104400409,0.040525639967308486,0.024824391773843477,0.028955350507457112
908,0.016306714770000435,0.029280881361998343,0.04032060145392859,0.02697434457868127,0.0299890333712754
909,0.016581340269043246,0.030165017900415012,0.04009748676801331,0.02778020960005914,0.030337733955563925
910,0.016569976658844954,0.030955394023430175,0.04006553511810932,0.028550252715199127,0.030753859813162945
911,0.017176851482373506,0.03261623168209574,0.04310075302673789,0.02942742322187185,0.03223739864261393
912,0.016978109155572827,0.03420074185551918,0.04794376808318594,0.030561281915041424,0.033814162662743306
913,0.016916556845691412,0.03778400832829504,0.04965310005701399,0.03387141111257148,0.03529618640714365
914,0.01696948203835834,0.040114764936560895,0.049318331949087114,0.03628533235018251,0.03598911491719953
915,0.017013072279321487,0.03935209930010811,0.05054948249547714,0.03583476123250572,0.036026886040785064
916,0.01697495209009082,0.038054011368450345,0.05130171496493191,0.03478071525421212,0.03579002241555065
917,0.01701317645529351,0.0375812969542547,0.05042979016911088,0.03456852193025887,0.035570081188709565
918,0.016687217343309888,0.03452522608252124,0.045708433798247114,0.03202895511185368,0.03331943972161925
919,0.015464153337054842,0.03262307639348707,0.04292146122940063,0.030875365161502234,0.031670764178633785
920,0.013327833899083128,0.02880805182995061,0.04209296584437295,0.02753297652012188,0.02919261490908985
921,0.01170341543233293,0.02414368721117743,0.04158663842115774,0.023270079749035145,0.02658633574813058
922,0.011020160445135565,0.02179233236740051,0.042078967719366735,0.021221503525063308,0.02552923578092899
923,0.009081029301253343,0.018038067387280143,0.04469397519063592,0.017774032572354312,0.02311915844569368
924,0.007849644586284012,0.016257462319231683,0.04820640507396622,0.016692021906918018,0.022181723826718115
925,0.008847845443620043,0.016853115313827646,0.0468247557408776,0.017382994710592146,0.023504677872834993
926,0.00853245404497262,0.017054052378619847,0.04563469713650089,0.017323384712351935,0.022945565171836626
927,0.010029614161946272,0.019236067263066762,0.04442473159201203,0.018795049971004073,0.024890179079376858
928,0.012969843755949026,0.0224407740100535,0.04136651495300874,0.021485528110303093,0.02685548658822671
929,0.015983187630283002,0.025446040071338088,0.04085311330841409,0.02371615420268923,0.02887032331421926
930,0.016142348403233624,0.027004878933296894,0.04074192117989621,0.02477128757255606,0.029341989629288925
931,0.016107146588769997,0.02869107626295994,0.04150663745368803,0.026459268989078723,0.030188918414451208
932,0.015996093825197667,0.03314646735794341,0.0427027746033233,0.030208711494977822,0.03208980435471226
933,0.016042073273281155,0.03813838998072571,0.042577262558256446,0.03429150310122806,0.033648753411475905
934,0.01656412477451393,0.03813842244612821,0.042670856841273586,0.03457356569132649,0.034138772286953147
935,0.017492146040435603,0.03766490889117114,0.043356024738204206,0.03338783212564887,0.03414983919166993
936,0.016920152273672738,0.03198245467592065,0.044902517451770305,0.028290306126155462,0.032099422022311454
937,0.017036201081959208,0.027885209192365968,0.04672193249864806,0.02510121155183505,0.031197696211933117
938,0.016751187775032633,0.02678608144442142,0.048165487575142704,0.024444697986033034,0.0309276489341718
939,0.016438186964210944,0.027261756532709992,0.048842187909311004,0.025168513601705352,0.031032982354627526
940,0.016499476557722523,0.027447600287385854,0.04876275037574239,0.02534092832587071,0.03103077077213848
941,0.01633599494011787,0.02951106819103118,0.04660991829690652,0.027164387253017334,0.03134313576792115
942,0.01629123737921739,0.030071592851800038,0.043420601524479525,0.02787710369755591,0.030970664868265305
943,0.015472985221650942,0.028481989223093238,0.041997029771739205,0.026878244059713056,0.030030944279360934
944,0.012056132556407782,0.02456883474829612,0.04117349751285996,0.023721236818045027,0.026893799862918854
945,0.009631999120613154,0.020135010271317793,0.03983147640633314,0.020663615734018675,0.02406768373412531
946,0.008441502823930278,0.017276706885223956,0.03944258518567127,0.017873728688154726,0.021974569017181436
947,0.007632791265401431,0.015299698503950724,0.03895087957771358,0.01591555994139284,0.020506482222068606
948,0.00808544439660048,0.015587876752484,0.040873325497148096,0.01643131838709116,0.021399730279387675
949,0.009494071202722342,0.01776000352387004,0.040476293290711056,0.018175152913920717,0.02337942879052696
950,0.010149634017978233,0.01819150852362479,0.042401137855964555,0.01744421223988218,0.023964387084576017
951,0.011836453593366091,0.022037627063519756,0.042793263716289276,0.01983833761576772,0.026436375512170623
952,0.014750974561193682,0.027134725721455425,0.041971154800305055,0.024416072415907618,0.02957193043095721
953,0.01585707151301417,0.029815658960923256,0.04082303510998923,0.026669775621778354,0.030431441468086046
954,0.01579085236917613,0.026479873726700676,0.04078007948665655,0.02374268513558212,0.02905986105433467
955,0.015440459059921002,0.022917143130450013,0.0408970618692934,0.020761478378086128,0.02771234728742252
956,0.015101661430688387,0.020770871397816127,0.04069285486646719,0.018837673264958037,0.02687595234068997
957,0.015187441184869003,0.02144127901766389,0.04096827786004535,0.019560555691523138,0.027329511056086844
958,0.01544299374293298,0.021749494225602732,0.04072681626076163,0.01993694029260333,0.027722794072598412
959,0.015566885623156054,0.023223265977545173,0.04316891946476525,0.02075357796324104,0.02869352957707123
960,0.01525620863360111,0.02422722306465604,0.044952693618662984,0.021692423153769128,0.029278115806381018
961,0.015552245816008396,0.025232029505631966,0.047593352778860926,0.02255722461842913,0.030287543543633794
962,0.01570164177887569,0.026157663571967225,0.050166248602955196,0.023378949160931816,0.03115167785895033
963,0.016351668285065867,0.027271165875259174,0.05170553304018759,0.024198151267502317,0.03209030388266526
964,0.016403211098868865,0.027102905059873224,0.05148150799637896,0.02409260856336048,0.032063749582467486
965,0.016213456424687866,0.027220909082601996,0.049572663640856024,0.02412302833160948,0.031570239511315025
966,0.016107321717522684,0.024983438700413453,0.045388497269334395,0.022346273257439504,0.029844589109487417
967,0.01519049135363229,0.022958395617459975,0.042350019297561194,0.021181225895884375,0.02804032444060971
968,0.011601627601925022,0.019249175767981613,0.04022483741042267,0.018709777447526037,0.024661877057897665
969,0.009108836350210037,0.01609998048654474,0.038711445443530786,0.016728607228747652,0.022280113762741034
970,0.008064846786245094,0.01388724682577806,0.0370577986967334,0.01477818816726898,0.020537341383776327
971,0.00753065403533517,0.013289226305106126,0.036858260050447525,0.014340566359315935,0.019951756701229336
972,0.007532635886633845,0.01304279555397164,0.03858372566302968,0.01487562793406776,0.020515710103104493
973,0.007821772307247824,0.013481407641248425,0.03858834031246727,0.015122646901398158,0.021141888638341957
974,0.009942046501549878,0.014926289388074089,0.03720377859172604,0.015020208730666793,0.02238884216853839
975,0.01054834791245307,0.017931272728883976,0.03930501561636456,0.017054767804314388,0.024039446376160904
976,0.01349760532230048,0.023175909714444106,0.04108193255523328,0.02097196390859883,0.027586999295222705
977,0.015997389284139445,0.02444298815465025,0.04081734135432271,0.021891783548929806,0.028934442860987414
978,0.015477474371388852,0.0234023406884929,0.040375211314350665,0.021111905138938767,0.028304878451856592
979,0.015487148895619848,0.021759137075307904,0.04013068898483298,0.01981303481149501,0.027622376177726494
980,0.015478567126674149,0.023847133650511252,0.03992627576856451,0.02163171421050369,0.028449324046709537
981,0.015513683599086817,0.025544264599868086,0.040030482336112,0.022751130497545628,0.02887647855102863
982,0.015505000087771913,0.026914727907292005,0.038810591842352936,0.024148855632334505,0.029130700014000605
983,0.015520134292404446,0.031037598302466142,0.040218440631264646,0.027037608999549535,0.030789235525739974
984,0.015494435701961668,0.031864271721982994,0.04223129465355102,0.02783462839969905,0.03188896458057083
985,0.015517425674291761,0.03350855156817145,0.04318490385690807,0.029522088697156803,0.03264104397336494
986,0.015542445772568358,0.032363969060799025,0.04377159015331651,0.02845331668519451,0.032362568595398385
987,0.01612722805000792,0.029217854354090373,0.04518088565682614,0.02549228010938439,0.03190800405713249
988,0.015941453621841843,0.028120717630099993,0.046803553958585604,0.024640283312857475,0.03199205722209012
989,0.01583830098960991,0.027833712308840505,0.04656318814737497,0.02444497756282979,0.03181904319986841
990,0.015954909670803655,0.026100969157329165,0.046103709052056324,0.02282949137050611,0.030901409173734535
991,0.015541133031937871,0.02461739964504122,0.04604939581936869,0.02193276300086879,0.030259319474503985
992,0.011016978049326404,0.020415391065886725,0.044489978692010546,0.018676227690904885,0.026146214439340836
993,0.009314514998903659,0.015577575216841576,0.041623395305694116,0.014810579654358605,0.022715506380663848
994,0.008043377972649113,0.013829439971264448,0.041271405856718055,0.012614969304900733,0.02130010075190853
995,0.007566897806753662,0.013120473953156204,0.04078359650373755,0.011456368112426916,0.02054444635658498
996,0.007579956847732383,0.013249049489024178,0.04145897760963586,0.010893159535031314,0.020673626139278322
997,0.0078175832099912,0.016527336876256682,0.04102749762021178,0.014289458555370917,0.02209996210611843
998,0.009918661500632787,0.019173361474107028,0.04116565013198885,0.016996171643745304,0.024404375375172774
999,0.011121896889053398,0.021624273352184704,0.04482289009064644,0.01846549376383677,0.02631628427234056
1000,0.013052520158064674,0.024722153266123658,0.04571845959895325,0.020851502817108195,0.028603210851468972
1001,0.015550757165156503,0.025358540703296763,0.044929988174408846,0.021608299898058098,0.029454069900917812
1002,0.015785266390093092,0.026323348950702197,0.04472482987023978,0.022149107369148855,0.029877249133322393
1003,0.015772845999237003,0.02623030160252188,0.04455980635342527,0.02241333723749874,0.029856561209293392
1004,0.01578155491619153,0.028498076266580328,0.045201995641648215,0.024148377715387193,0.030888382835453275
1005,0.015813191021957378,0.029042354788158507,0.045476753853985925,0.024581962814842727,0.031167249191870704
1006,0.015803131677643172,0.029277201514855387,0.04564971561553277,0.02439734900109144,0.03151031179519437
1007,0.016014075125513966,0.030368532888832594,0.046612844780616045,0.025267955188436605,0.03224443528891951
1008,0.01630364428397982,0.029722702352806114,0.047999648896678015,0.02442549411406499,0.03212205243771016
1009,0.0161906175242267,0.028144316608442785,0.050868336890161965,0.023029687844865195,0.031917474720316384
1010,0.016551757276639656,0.0280643433423584,0.05325583415230795,0.023085413621768965,0.032521050370544265
1011,0.017056076121875874,0.027314206404548954,0.05733049441548569,0.02240182109141651,0.033122618714504753
1012,0.01700514726324195,0.026227883130539108,0.0562762241967727,0.021548387883572887,0.03212153323431588
1013,0.01680600569464558,0.02585384017355528,0.055513821270541656,0.021383004282990538,0.03165044425847625
1014,0.01670549805407714,0.023502484216267338,0.054885425702701586,0.01959751050908928,0.030390149615160407
1015,0.015506536451060652,0.022814201795282416,0.05485858376724079,0.018647908034018768,0.029536974601250064
1016,0.011714626819424501,0.019051466226053995,0.05392573127815591,0.01568823895018635,0.026093752361730744
1017,0.010623103229928823,0.01704759947926574,0.05301652214039039,0.01406244995143533,0.02472411292500081
1018,0.008620045342519745,0.015489663534663422,0.05135550914296627,0.013827612860446871,0.022878211399982185
1019,0.008125548737703209,0.014536398934295014,0.05200406419406397,0.012872420565192373,0.022058781645823856
1020,0.008042581129584812,0.014364562281536163,0.05177964991819932,0.012671861835212399,0.021868200156845544
1021,0.008401946270483605,0.015120064482156408,0.053474568810135514,0.013394969083093462,0.022251596951016337
1022,0.009255695980767158,0.01862480280616841,0.05186135604571483,0.0162975606061417,0.024023709091842645
1023,0.011064726347226857,0.021177077413286054,0.050791957916796075,0.018692243153555832,0.026316339965958106
1024,0.013925051964175785,0.024388237391226524,0.048226250382874175,0.021222955271110153,0.028394256168025482
1025,0.01644916811656187,0.028411260574194973,0.044869419554824964,0.024330459893734283,0.03075410784784318
1026,0.01646161715257995,0.02990596006002868,0.04341912684181995,0.02484462773409263,0.03145668528661633
1027,0.016214532710501967,0.027132248336490163,0.04392512607098572,0.022903250190267482,0.03054626539418641
1028,0.015628359393054493,0.02681870858041219,0.04382210393498178,0.022534029796693795,0.03057759271881165
1029,0.015626808861183034,0.027003559326263363,0.043815075397702165,0.022822295338970643,0.03069749950165868
1030,0.015632294557005877,0.02694374011963415,0.04440856046476475,0.02266395102259499,0.030699553844389653
1031,0.015736891690645564,0.031503852856305026,0.04587481811117272,0.02574096666496004,0.03264759887376561
1032,0.016477865993847266,0.030929587149098697,0.04818261446820304,0.02528445100306877,0.033305932010563706
1033,0.01625306327681027,0.03210946477663624,0.04942449080364366,0.02592758080798192,0.03375716679733545
1034,0.01657868735200706,0.030390456433449224,0.05213740841200149,0.025095921176142656,0.03429529681299664
1035,0.016424688145739427,0.031768083977816775,0.05398048289274164,0.026330029154026317,0.03520083856055615
1036,0.016252356071088207,0.035746480463131725,0.05375311323301174,0.029132365003936986,0.036580003290807996
1037,0.016159498604841963,0.039320128574054716,0.05003953727561327,0.031104209815828364,0.03684571430558595
1038,0.01585204476094763,0.04075760044204102,0.043837824054774446,0.03173836676386135,0.035179860259669724
1039,0.014137540457631494,0.04018907470680672,0.04325588267381151,0.03190516470021137,0.03371446303506477
1040,0.010631309316837492,0.03239027338143919,0.04303575178913923,0.02765924062674029,0.02906903089624767
1041,0.00877600113436682,0.02447407000983825,0.042561003300603265,0.019885454205178704,0.02483621215642354
1042,0.007834258083410376,0.020249508768987366,0.042774713682099126,0.016605774514669405,0.02270154531337139
1043,0.007395707909638445,0.018819250675723178,0.04260620072291633,0.015288874414529455,0.021868625184159034
1044,0.007464849414996477,0.01867723154386431,0.04479516322829017,0.015990261060031107,0.02234506580006758
1045,0.007660804337239145,0.019676962492720263,0.04316299935952678,0.01668259949144835,0.022680590793794145
1046,0.0084248573420372,0.024510725145088993,0.04205615137757499,0.02007100236846087,0.02459433540800955
1047,0.010354865544886231,0.030324110850271365,0.0445186450686388,0.024319446563338922,0.028159244538072968
1048,0.013491768884133766,0.03434018759849308,0.043300021888662804,0.027756146618257913,0.03135288150675269
1049,0.016019764847952984,0.04044472061114554,0.042950341235156286,0.03212192663844086,0.03451244152417701
1050,0.015569072198826766,0.037722061207950235,0.04319915240616129,0.029909936411289553,0.03351417115645642
1051,0.015706059712544934,0.036142266153448635,0.04313849096168307,0.0293177669198606,0.03302872218592088
1052,0.015616561471173794,0.0367609648454985,0.043484945869280804,0.02954811182581079,0.03305467863356156
1053,0.015558715852059361,0.03621645837488451,0.043522604608411966,0.029012136494000144,0.03281256073922568
1054,0.015541702726376283,0.036750592814878066,0.04375521750586054,0.029717559737047136,0.03340676142178874
1055,0.015531011461961274,0.04228026516924376,0.04445127811712449,0.032259525590344416,0.035001658017541314
1056,0.015521061850217836,0.04601625354783371,0.047493050303411416,0.03411974736221898,0.03664206708041565
1057,0.015527731639527692,0.049631544234979126,0.048263242198439166,0.03631423031362291,0.038477792316555674
1058,0.01554287503968784,0.050983335946594266,0.048388729387072435,0.03701353227461418,0.03933136523540773
1059,0.015559163619200641,0.052517702390182004,0.047935030631376135,0.037618918626301866,0.04009760242571739
1060,0.015075021212270768,0.05272460202108189,0.05228596247759539,0.037388498856878775,0.04110989649314298
1061,0.01489047248385071,0.052683396491902554,0.050533262918430466,0.037533445770519654,0.04055781973075432
1062,0.014936197705869358,0.05361328379651634,0.04516173501539967,0.03847893512937286,0.03914206942926495
1063,0.013990728713978494,0.05109949926865614,0.041612909232197015,0.03746503104127095,0.036685038735380524
1064,0.012354681650017227,0.04179973430530508,0.04402686740038079,0.0318086646412956,0.03342733305821915
1065,0.011164429966274656,0.03683960915304599,0.04491740758648129,0.027996569932148607,0.031200913769978328
1066,0.00980229317855771,0.030957797107349302,0.04672193339145423,0.024836712452283048,0.02861412984294174
1067,0.01065757305739249,0.026964784449942013,0.04486077117136212,0.021752659887258274,0.027972442446563175
1068,0.01070338635703246,0.026055874782245494,0.047294769016270534,0.020467534833133124,0.02793772527158287
1069,0.011508442529572574,0.0273291454884522,0.04537162476799172,0.022232679627867662,0.0285442875530841
1070,0.012606419316970879,0.029942656118514294,0.043761427937480245,0.02554236273741887,0.02979629317380907
1071,0.013269523131455923,0.034155878558074865,0.04333241113391003,0.0286885503897121,0.03139271640325793
1072,0.013527404249935307,0.04015291206502315,0.043374129512705986,0.0333006425341122,0.03363606176511464
1073,0.014117369657071423,0.04350003785074805,0.04373717917362031,0.035852160215434886,0.03516899939674204
1074,0.014100022243334193,0.04377346510401894,0.0437528908658748,0.03448043265103278,0.03526341070153573
1075,0.014122628080054172,0.046310621254794786,0.041978748527007094,0.036362360474117096,0.03589266564344349
1076,0.014107449588760848,0.04569980070999941,0.04170091104836681,0.03600337198573939,0.03558674242383687
1077,0.014124633192375472,0.04727877737398123,0.04146778900302382,0.03758516433825448,0.03610828813828591
1078,0.014393185619974618,0.049712605148811824,0.04280573104954451,0.038904351981034875,0.03746147178431333
1079,0.015880258818661588,0.05397833588203471,0.04317978186111243,0.04033043602264513,0.03918529922173185
1080,0.015336659386076666,0.05617173714228423,0.04443222516176468,0.040941886755873964,0.04013107759168721
1081,0.015487277075779066,0.05632629727827332,0.044629145729507734,0.041736626191694985,0.040596797259400436
1082,0.015894029679679875,0.055818482960126446,0.044789558858314135,0.04267024405038955,0.040960201958352975
1083,0.016679858210361588,0.05446897082533363,0.04717714028380271,0.0414346648331344,0.04162419959643625
1084,0.016913644156913404,0.053060905944665476,0.05284434229069827,0.040490166009686496,0.042425358790630696
1085,0.01639471243853014,0.05060628670333533,0.05141757793310533,0.038788719487021305,0.040727782104406744
1086,0.01646083419448117,0.0514900359197865,0.04595964761029107,0.03913036633413137,0.03919208585684543
1087,0.01603327626546817,0.04383052886271469,0.04397988173046545,0.03401577291253273,0.03585517988724376
1088,0.014724023885818121,0.031916061171887944,0.04262174695045313,0.02554517022908186,0.03098607901853065
1089,0.013923959338317561,0.025876507711657136,0.04096020794403404,0.021012214417082904,0.02825903697707579
1090,0.012047697954184955,0.020828796012736465,0.04060618635437942,0.017209983259602577,0.025695575985694063
1091,0.011397908275421158,0.01800391415989047,0.04122709795283291,0.01575524861085835,0.024610145997486694
1092,0.012059548710298719,0.01882417640106969,0.04289246835410865,0.01686950895220268,0.025583086030416945
1093,0.01146654124172882,0.020847827909730002,0.04216753071722774,0.018700740248190677,0.025664292134818103
1094,0.01284629834588501,0.024065163534873032,0.04114609967538166,0.021183564904922687,0.027434155267583193
1095,0.013553147137584482,0.023489276152862268,0.041303243373748855,0.020792602977853444,0.027561174943635643
1096,0.014498796349878666,0.025636287603269796,0.04156506277711457,0.022633922643711085,0.028718405803016923
1097,0.015792031627701382,0.026997268190571133,0.041285720045233114,0.023661147124738605,0.02945446856981935
1098,0.01570523623530641,0.026375662970718892,0.041010151339434295,0.023033495813469307,0.028969893866345027
1099,0.015927926334238268,0.025785525873328042,0.040373751147655984,0.022622952540410076,0.028745447961484087
1100,0.01642196379315237,0.028249205762858377,0.040139945931716575,0.02457871392779929,0.0298248518285801
1101,0.01697411878367648,0.02878175151524182,0.040248088710956274,0.025156192870191735,0.03023371466222293
1102,0.017089025028680146,0.02897978399105204,0.04042946794361892,0.02383756237160981,0.03047885735122572
1103,0.017347313015327267,0.030034385876550652,0.04169690800968247,0.023820925864573985,0.03091485510521837
1104,0.01747161632130064,0.03057101543290873,0.045237986229465975,0.023756963367913,0.03195686426684979
1105,0.017462939563749266,0.0301871692700827,0.04850415754473322,0.023524374171212885,0.032500179241622684
1106,0.017437843941707453,0.028076011182055507,0.0501323579702674,0.022055588077423006,0.032052445154517224
1107,0.01761147770334781,0.027726247670742,0.050189711948396304,0.021841445213985608,0.03173722717152368
1108,0.017549639478658535,0.02768212088524914,0.04874337663271365,0.02175983948514648,0.03136659235652882
1109,0.017605580780798734,0.027908647868396773,0.048637427702430486,0.021874665925123656,0.03206779916458849
1110,0.017186611156648504,0.02707452402036584,0.04421156317488396,0.02169539216764701,0.030754187172469912
1111,0.016767242858149935,0.026414341979407955,0.04484634453230484,0.021176388087187997,0.030060655238817943
1112,0.015250949343113811,0.02380098905130198,0.042912710260326704,0.018953824153294295,0.02787602049899772
1113,0.013652198035654031,0.02070122702778981,0.041288708991446134,0.016638011722412745,0.025680323425343512
1114,0.011431337258210304,0.016763940945693077,0.039101867230203216,0.013199505671965267,0.022952946543463623
1115,0.009836874987968624,0.01813920396405384,0.03912495552491551,0.013985050070256598,0.022684468960521467
1116,0.007905090158172349,0.018821033080467345,0.03963714776439667,0.01489599615758613,0.021565108211908008
1117,0.00807692627519072,0.022124264950345352,0.038669704437210344,0.018413674008079174,0.023079939335704288
1118,0.010540155159302903,0.025296876656657575,0.03784250918517025,0.021562255465842305,0.025996622143362957
1119,0.01282756381437932,0.026994572007732903,0.037966462031705304,0.02294220801646987,0.027707523118623918
1120,0.014531927207822716,0.025219732612426007,0.03871789612530712,0.021639372189918096,0.02735184680876537
1121,0.01649679678324014,0.026862550525384145,0.0392076661367451,0.022949309340986473,0.028571677941951455
1122,0.016640239846389328,0.028340670516247866,0.03899902904351335,0.024148528776010807,0.029070744298221346
1123,0.016641363015430385,0.03004695788917334,0.0394730482774821,0.02536959958063662,0.029878426233569236
1124,0.016676904574025087,0.03729821639660298,0.04078168878411484,0.030728626939503335,0.03271317060892885
1125,0.016765455363240544,0.03990709561048356,0.040848652456822815,0.0333578639967575,0.033661804634497104
1126,0.01692198801540358,0.03844908321256157,0.04002860178449716,0.03275655094624318,0.03326269833259908
1127,0.017188071943067623,0.03800275131915363,0.040234480546234505,0.03185360039972891,0.03290368108922469
1128,0.016876767750312684,0.03494983141740289,0.042812637837119846,0.029403990247213168,0.032445841605525494
1129,0.017051657280117153,0.03367212506281313,0.045331860340900115,0.028286465782835498,0.03260380609622625
1130,0.017271447511558853,0.03057306247893481,0.04725575525327626,0.025990162802634605,0.031866423091788464
1131,0.017646143107666584,0.030095037650837878,0.04800996735632793,0.025754275556457026,0.0319631119458248
1132,0.017816476042363017,0.03006190399439574,0.048366536104332024,0.025729993012432083,0.03208259245426058
1133,0.017583998353133123,0.03228243171916224,0.045490850188320435,0.027435214428487915,0.03246328969022034
1134,0.016946312380582033,0.031108510570787284,0.04110645492316582,0.026766991808459942,0.030926009433482424
1135,0.01568866836192423,0.03032050886812861,0.04232726358409686,0.025386094630169602,0.030303601111786056
1136,0.011449555108389272,0.023002023820906107,0.04179038235431539,0.01810175264344024,0.025389386299295415
1137,0.009181154773613578,0.01725366040808262,0.04167165887638157,0.014677831312733976,0.022085031247274598
1138,0.00806866004394504,0.01541884708126314,0.042128165073431874,0.01292808258183258,0.020810641134550122
1139,0.0076436427898687815,0.0148338882806375,0.0424757340931962,0.012348572266264233,0.02021788440601055
1140,0.007516438652045209,0.014461290698395034,0.04508706812195658,0.012417976403969995,0.020231610645442592
1141,0.007835698508729257,0.014698695942802155,0.04356077289379389,0.013025815585141154,0.02055173394374921
1142,0.008565616133765034,0.015596893997355036,0.041257374315233235,0.013853399745813462,0.021275869913612206
1143,0.010133192321103024,0.017422544333628543,0.041603787001473096,0.015300574521856711,0.02325994197454615
1144,0.013253452754243713,0.022964128374524065,0.041255944272023906,0.01972206546923016,0.026814923159169415
1145,0.016995441572775376,0.02865841914549876,0.04103529489869804,0.024425360171570473,0.030313700967427904
1146,0.017420081504344744,0.030672095916714943,0.04205474473570784,0.02582890083048275,0.031242879707483295
1147,0.016845195922495365,0.029193501358804136,0.04235643879115961,0.024607310623971798,0.0305869471359385
1148,0.016746613020185354,0.03107130124818619,0.042598001658944604,0.02586986749256253,0.03141102563099342
1149,0.016750023243119763,0.03376553021595471,0.04289296547995359,0.02774544146186165,0.032323270499449976
1150,0.01677208223116893,0.033343872256114224,0.04220495250427046,0.02756567767063494,0.0321990140834247
1151,0.01709389734646226,0.037230140107974666,0.043322242202678045,0.02965883682585628,0.03345092017498726
1152,0.0169368001762713,0.043579545402762564,0.04685440320440315,0.03359672221973883,0.036095267844146836
1153,0.017497876547048204,0.05124683292201494,0.0485223546717732,0.03877721641060766,0.03931139451769306
1154,0.017328455057032014,0.05575157545173495,0.04749872018999628,0.041708776997105415,0.04074364232050699
1155,0.017451379269442718,0.05528755097164678,0.04772428552748022,0.04144851737703461,0.0409914298913489
1156,0.017577684828739566,0.05612420500467036,0.047897870857396614,0.04215036806733177,0.04133023074579589
1157,0.018027703337890125,0.05486205400570243,0.04840249254968525,0.041961211672418126,0.04134649462804556
1158,0.017343180801904536,0.05387265168419886,0.04890082548636902,0.04040453398074222,0.0406340824009758
1159,0.017001870433829076,0.05056094556899584,0.04946657740966594,0.038145732111691213,0.039645451288849255
1160,0.013679122432559832,0.043798608464309295,0.04934939362245397,0.0330386195946369,0.035334444444428695
1161,0.012469455656564056,0.037888582677488604,0.04925642055259059,0.029575820485943576,0.032906887188872004
1162,0.011866903942977215,0.03396532889749347,0.048765140768994214,0.026545990049770943,0.031688156512863504
1163,0.010771210128530799,0.031009835187237215,0.04937314540066806,0.024308911415273915,0.03017723684492622
1164,0.010303108114241847,0.02879858908299167,0.049262264196860785,0.02258381042352102,0.029091438736668307
1165,0.011611989731296658,0.028448435965583968,0.049625516795526015,0.0228031310352057,0.03002797248246522
1166,0.011228882440757489,0.03240772710279585,0.05173357751420591,0.026225664149926085,0.031236423383014335
1167,0.011878531705522935,0.03490154133125382,0.05175594926280131,0.02872891675593871,0.03256113830913222
1168,0.015125707012502832,0.03758720694365393,0.04865892418416545,0.030916362693987485,0.03432000252489011
1169,0.01789744491057711,0.035579101461883846,0.04730168247844662,0.029160450992784845,0.03419574814471692
1170,0.01750108643345298,0.034197707636083347,0.04697586707305724,0.02760427408429051,0.033335138503599544
1171,0.017316648428801044,0.031699442139518065,0.0474078439614352,0.025794125780998937,0.032512192400437
1172,0.016963581446083037,0.032755087337017506,0.047455737492355446,0.026538971680741666,0.03288128508591978
1173,0.016954582268864444,0.03547098949820631,0.04724846423630047,0.028520097162239324,0.03372780657529321
1174,0.01692534182167717,0.035016488710336885,0.04624947309473554,0.02841780949951485,0.03360400966089549
1175,0.017033752669622006,0.040250392147280725,0.04628946943700525,0.03220515730992459,0.035634047585800424
1176,0.017140882637357673,0.04533513613650618,0.04719815858433718,0.03443368125980434,0.037137359391925355
1177,0.017136484468305662,0.04964936226245903,0.0480485669721841,0.03629760962172577,0.03854943046723426
1178,0.01710237389199283,0.052942618358743046,0.0463477531396521,0.037873868161908825,0.039559870287614665
1179,0.017118101872951753,0.05323832043039599,0.047477192899877126,0.03768142993428485,0.039851738035655504
1180,0.017953377685078122,0.05340685249130545,0.04651594150301996,0.03772117764648196,0.039929617261801394
1181,0.01792309917743361,0.05442016921240196,0.045461649506128944,0.03820530577946382,0.03968872162380732
1182,0.017437361551467804,0.05505510562154291,0.044112323552539044,0.03829231573025723,0.039089071882075804
1183,0.01536054698563474,0.05532812961299618,0.043541184135324686,0.03811337807049289,0.03772185832953077
1184,0.011163706286225875,0.04849311779394051,0.04493622152781549,0.03441593299303728,0.033286569404159555
1185,0.009584898682106744,0.03743167620479751,0.04628996829171661,0.027669365554472455,0.02965890825059655
1186,0.00803794939254906,0.02718481129290016,0.047124153393506465,0.021891349167933116,0.02624782390239474
1187,0.007534954283220529,0.02306049379850587,0.04674714609099527,0.019797583059652662,0.024786825010956585
1188,0.007500808783729335,0.022673175079180402,0.0470632452855974,0.020207304796220554,0.02482377301103102
1189,0.00782904923296195,0.02304108556985,0.04829081531305771,0.02071647849910821,0.02561872406469347
1190,0.00987735882978603,0.026948114389787278,0.04909393910775329,0.023855672613866653,0.028981956856224768
1191,0.011323437252373864,0.028870094009891694,0.04893553758076407,0.025874997410503673,0.03079665154724096
1192,0.013302274961647195,0.03019159709011348,0.04694064613460266,0.025601054935653345,0.030918203886106884
1193,0.017704125009344325,0.03295213614606798,0.04521460565301748,0.026672958551925335,0.03303194170705292
1194,0.017961417316333956,0.035557615834798224,0.04459000421786575,0.028827263248571836,0.034014990017892696
1195,0.017774401630007833,0.036149509834502075,0.044313780645735275,0.029465202166599237,0.03392478480653282
1196,0.017598584637746124,0.035945253427574014,0.043657465319428365,0.02962744802605028,0.033839163327276656
1197,0.01759992385998671,0.03686618178653966,0.044236202592438,0.029759067548479824,0.03450663610254119
1198,0.017501877253927958,0.03743836848822888,0.0453118510605461,0.030279368206522907,0.03500008147252477
1199,0.017826315266499995,0.03644340822439452,0.047164286386295044,0.028733722245353345,0.03484653516633367
1200,0.018056229539764507,0.03492462247794294,0.04987809156734433,0.02744505915266523,0.03522748684586276
1201,0.018168444959825964,0.033106992235578565,0.05172129349033362,0.025855446497848864,0.03490198208422069
1202,0.017994299423092837,0.03127932852493925,0.052813620647291344,0.024588201355765726,0.03427184285092324
1203,0.01786328629563489,0.031056369248874855,0.05263479068088838,0.025599195898955637,0.03395622605379529
1204,0.017827288703531338,0.03147832019878386,0.051274491124504565,0.025978768822287265,0.03372829549580496
1205,0.017631050110600878,0.03319252907014935,0.0477702624996228,0.02691529452820898,0.033462873713971046
1206,0.017093235110232235,0.0371013805350469,0.0435082023373469,0.02964201562253432,0.03346128656006031
1207,0.015244887267329735,0.042786363868359954,0.04168630287644114,0.03202780700959761,0.03359534950745911
1208,0.011540746675357266,0.042596098223107275,0.041546528525812254,0.030929994262434403,0.031259315570581016
1209,0.009315341667991379,0.03782373268228484,0.04134453004450692,0.02668300602481196,0.028223809285846453
1210,0.008076659074100207,0.022186756454784514,0.042184691619665836,0.01665323800980315,0.022988668303636904
1211,0.00748594309535631,0.0172664776393554,0.043985738788204345,0.011960100340842742,0.02086079213533023
1212,0.007367570788043669,0.015977328793654454,0.04577126073650604,0.011754092534193955,0.020492780607991524
1213,0.0074807357166108155,0.018526592928507415,0.0429792375518091,0.014992037163963565,0.021447182125607724
1214,0.00942748997353426,0.022112922615702055,0.04254514746119302,0.018814212835821312,0.024598592299529484
1215,0.012197380288315381,0.023184431653180116,0.04607971055952237,0.020476569872364136,0.027476551734176746
1216,0.013800054690351525,0.026744055123203738,0.04618456687956074,0.023732264879583128,0.0296930760908381
1217,0.01577422931854247,0.02931620262798214,0.04465937404409602,0.025273823859308587,0.031066244585770175
1218,0.015913662701422426,0.026939425005578638,0.04405848755597135,0.022381381765838794,0.029632035701576676
1219,0.015831029088115057,0.025399324595076135,0.04553936256808873,0.02115655855149836,0.029238394473983517
1220,0.016101787600832862,0.027271812072131824,0.04491181797709828,0.022575644113068654,0.030070498949194564
1221,0.016011087924551495,0.027057918023361886,0.04535537140444606,0.02262995243740988,0.03025622945064066
1222,0.016021739572777548,0.027333763782406185,0.04535727760239698,0.022745464068199932,0.030618773283862692
1223,0.01596371699382093,0.028178300415129576,0.046858603763202146,0.02277842511825883,0.030794623818724574
1224,0.015617921392468105,0.03205644955313613,0.04924304361893658,0.02457203674439932,0.03185255148485022
1225,0.015609870148511505,0.0406460797703232,0.04866038316459574,0.030749318702849547,0.034229425413656867
1226,0.015954587542235943,0.040346248318688924,0.04936616333888493,0.031892879418367,0.03477535401797182
1227,0.016328061727464028,0.03825283386050671,0.05311287520620742,0.030422804597068694,0.03498040781800924
1228,0.016266998700111696,0.038918531150146214,0.05281013184643268,0.030938705518948697,0.03504071897991906
1229,0.01631823571884382,0.04226394939981878,0.04977535498232806,0.03333014781429041,0.035601811845815415
1230,0.016093129028190694,0.04564894685999093,0.044780267526665606,0.03530669449730639,0.03551040444471503
1231,0.014429836865883122,0.045495029543812904,0.04484866866312187,0.03476929677404692,0.034745102483804795
1232,0.010738735562086356,0.03233373155310465,0.04752938450793286,0.023371150095830358,0.02900172387173582
1233,0.008842761221770022,0.023597154894369587,0.04521235698755884,0.015931072176207012,0.02478141838851964
1234,0.007885314252485093,0.019912175080735853,0.044970859484793346,0.01592022811622014,0.022967526050021458
1235,0.007517402103913558,0.019545759239493397,0.04485165851576413,0.01613757401485492,0.02251217168689274
1236,0.007287528227658499,0.02699316307726246,0.04808745359333826,0.023583752025020957,0.0261200378399557
1237,0.007548746587343661,0.023534725916599736,0.04440754784084379,0.01923139001658311,0.023856580354626265
1238,0.008210032702707986,0.024207872528110904,0.04310904764219423,0.019877999091099767,0.02423443107991421
1239,0.009533128470878472,0.027519528876268476,0.04313381060190825,0.02195665842661394,0.02641483922795646
1240,0.011986254035829308,0.035246589300829315,0.043917836117420866,0.02756562668304948,0.030460014093647462
1241,0.015183865403693564,0.04408558003374249,0.0440449788355928,0.03343516917790609,0.0346237707872939
1242,0.014900296920648879,0.0456556109776256,0.04395256265043575,0.03466684710937076,0.034989468459444895
1243,0.015296164640607183,0.04915832372847719,0.04338472428773825,0.03721783005578015,0.03623657113233985
1244,0.015705929750272307,0.05213453228886052,0.04332083375068188,0.0390323353724862,0.03742227423587525
1245,0.015849068162359328,0.05391262279903445,0.04306664226272331,0.04016059229521121,0.037898143879182423
1246,0.01610475483110779,0.05443598924957143,0.043403339065859685,0.04083766419808977,0.03854721939050748
1247,0.01597596853113482,0.05707225940072416,0.042581086869956014,0.04102288404061309,0.038626394226210205
1248,0.015539011442951351,0.05787480192521643,0.04179773476855382,0.04092825435662063,0.038347297549012956
1249,0.015495229536008138,0.06099308570206857,0.04129684048343012,0.04279589697872754,0.03921234073069396
1250,0.015372887386997176,0.06004934040859202,0.04131255445983345,0.0417087413325863,0.039248981476981804
1251,0.015301538105739776,0.05948713818409459,0.0409474967192351,0.04161063182292673,0.03932534396260169
1252,0.015418079852330464,0.05959671242685599,0.04136951600192211,0.04181172122607779,0.03938668140255351
1253,0.01527289389600303,0.059410019350931695,0.042106150324247624,0.04191173396846433,0.03937997073479574
1254,0.014813171220791382,0.06158230337999314,0.04163890432369842,0.04297516862544711,0.03955348690269474
1255,0.01328298773011238,0.060295848203965746,0.043036748952749754,0.04116966030762227,0.038283898811125164
1256,0.010371099466056197,0.05268775355795251,0.04455669191911268,0.036190503013483664,0.034146222197978617
1257,0.00909002655156744,0.0457187147057992,0.04486872893141842,0.03304496778874085,0.031789401390621266
1258,0.008102206412204976,0.03872090217108294,0.04510189131672837,0.030966371624201586,0.02975185219793323
1259,0.008509609632144024,0.03658157720673823,0.04602163347432441,0.031076399659929387,0.03019142630330722
1260,0.008660113529173022,0.03389225276837155,0.047148237701175794,0.028295647836660456,0.029956735869728073
1261,0.009284354281842091,0.03619985868903545,0.046345001182560346,0.03056239260679147,0.03128066152936702
1262,0.008942285359393187,0.03834656721166009,0.04497118973950127,0.0325287222641506,0.030866019146244938
1263,0.010697104391771751,0.03988737469707082,0.05018458579929912,0.03301276945102981,0.0338094025816423
1264,0.01172628159812026,0.04097271541937078,0.07362983803377149,0.03249582585181297,0.041648081255859726
1265,0.01422297947594348,0.04508749145281548,0.09061980802907785,0.03398503214826098,0.049876291376864466
1266,0.014557767776139537,0.04471416255480489,0.09939556679070269,0.03395130340354573,0.05277840370583045
1267,0.014562996999460592,0.04551346464413699,0.07619912097567286,0.034463816467699436,0.045561312060037676
1268,0.014525064136699035,0.04578883175537756,0.05171431667153042,0.03492048901569703,0.03775426585823015
1269,0.014577162992740776,0.04529171969187195,0.044746231299997635,0.03458247784534969,0.035344739746398575
1270,0.014587672300343392,0.0445568396244687,0.04511356187733564,0.034385741169161446,0.03539996009636988
1271,0.01474187040970298,0.04674015744394947,0.04496573282544524,0.03689371303836879,0.03593482260304677
1272,0.014836607739979354,0.05030681402014901,0.045793709487531385,0.038386973300161165,0.0369851504097272
1273,0.015060460158854167,0.052995688644479226,0.04548550789101292,0.03953112936110576,0.037947509338993296
1274,0.015637261908975558,0.05253766318737933,0.04527437018209291,0.03922760622392005,0.03830047420081938
1275,0.016332559143727898,0.051713312474829125,0.045607995757897694,0.0392599723348457,0.038543527951497424
1276,0.015864220335226373,0.049710956235514685,0.04617154700048333,0.03780329491042755,0.037664051716334405
1277,0.015775353370446266,0.049398819462808594,0.04590423879961735,0.03775546101123034,0.0373077112946451
1278,0.015701134193234573,0.0463287658842146,0.04535622909682383,0.03509507626200735,0.03617776250519775
1279,0.01482684495280667,0.04617783143749441,0.04516280144335798,0.033892540748476654,0.03571495136143357
1280,0.012468535779164954,0.03986767472820162,0.046244713999241086,0.026967229687900794,0.03242932085824904
1281,0.012190577010736118,0.030791513947473332,0.04600132464055881,0.02224137256491724,0.02987024996770152
1282,0.010433154555004332,0.024311329418743536,0.04612722424322764,0.017919469484827456,0.027089869439283563
1283,0.008667371663047936,0.019556844881191103,0.04588252322921707,0.014847652283478568,0.024227413904743433
1284,0.007515556503192193,0.016393537481819775,0.047521884113490474,0.01374833390183571,0.02258738621606162
1285,0.007639581870897906,0.01548813536605061,0.046606904166941916,0.013205266505984145,0.02203713824135208
1286,0.008322403788351232,0.016198668935639367,0.04614767132591964,0.01422885573579784,0.022538003986319978
1287,0.009757180443472839,0.018960894788959855,0.04590951923907872,0.016682000891159243,0.024475351701230712
1288,0.0123817748187171,0.02208858675889249,0.0465088167500428,0.01887029673547525,0.026804674990345712
1289,0.01592259527404601,0.025702827306240156,0.04642350276500862,0.020641501688103258,0.02952605289820581
1290,0.01665312161484602,0.025151737510362614,0.048072497234911554,0.019209470054431948,0.02974198260715596
1291,0.01667722633934938,0.023602177356843095,0.0489158042584634,0.018047475933659633,0.0293921000743645
1292,0.01652790525568519,0.021829018093047478,0.04996962610253652,0.016982393256061646,0.029218092134465294
1293,0.01652159631864878,0.021974184023561834,0.05051641993901733,0.01749339040243481,0.029459302606319886
1294,0.01659771232400046,0.022702040205848095,0.049145736613162405,0.019043701094812893,0.029813321002183892
1295,0.01680110899731642,0.023537263205917168,0.050910335331095825,0.019555748078557193,0.030598577159915825
1296,0.016348181773270742,0.023683179925057155,0.051256012528651466,0.019955617406539075,0.030252254180506734
1297,0.01635508587537461,0.024741279943396605,0.05139862942293703,0.021331226324227952,0.03091278294212261
1298,0.016314513784783928,0.02582453751570769,0.052203890836463734,0.02205894933108684,0.03127852770016668
1299,0.016286087563747914,0.02746694240261429,0.05365763005596426,0.02328083267439085,0.0320350347093327
1300,0.0163669075327547,0.02780355694250849,0.05573728836113576,0.023394661476078032,0.032754889234748376
1301,0.016241481008198718,0.02842792636370332,0.05445944092893977,0.023443906284499442,0.03234009023486465
1302,0.01601987090942213,0.02658728540485631,0.05133196017312352,0.02226861302411702,0.030965711629188167
1303,0.014730788062924422,0.027226541264031987,0.04853329270601084,0.02135919340170446,0.030434443698174378
1304,0.01153761862669192,0.02295720278279935,0.048408671807657816,0.017685364862518486,0.027586076015569703
1305,0.008957016668512618,0.020274801505453018,0.04967359876036624,0.015743502988289786,0.02569351890785384
1306,0.008160142082752153,0.01725693536705008,0.04781235164223286,0.013792133162030743,0.023754885978517173
1307,0.007621493241368953,0.017153134709366167,0.04756233557790284,0.013409115566956573,0.023357498627945065
1308,0.0075457788224301825,0.015689236106202778,0.04914529202171971,0.012470779884417015,0.022813659802183226
1309,0.007799084226411615,0.016744706285912056,0.047160595754715415,0.013924695467663143,0.023048032284765093
1310,0.008577075108210425,0.01837822592502103,0.04845086940761032,0.016050299170960302,0.02461173757138728
1311,0.010168932594683518,0.021092078305414846,0.0513215646874398,0.017805139980502586,0.02722868823328551
1312,0.012949861739500931,0.021899770743077314,0.05116468683521472,0.018300134255318224,0.028889630877187326
1313,0.016027886906716762,0.02062607426514887,0.050590934863277065,0.017740078563551104,0.029624622179342294
1314,0.01687210279327562,0.01978552058708702,0.050496964542004495,0.017549074191743945,0.029659885542508545
1315,0.017159093210028703,0.02000554079371966,0.051071598593765116,0.017657393760728647,0.030174376962336383
1316,0.014041593027983672,0.022824800368491684,0.05058694392725636,0.019219760181824048,0.03053965601572651
1317,0.009437812987910677,0.023849534574874407,0.049573689007626195,0.019512757497019605,0.029772799725383933
1318,0.0057086529321098735,0.025717500821183948,0.050820708334492364,0.01986069189354382,0.029352650754539043
1319,0.005380290958118738,0.026014879965169022,0.053049245579438485,0.02004603689131266,0.029741002014503765
1320,0.005382814262559893,0.025962866034059964,0.05600689111935364,0.020028790462745163,0.029914021912653847
1321,0.005320152744811905,0.029003672411569488,0.06028389979252876,0.021745045148404675,0.03126723836271575
1322,0.005584975272254728,0.029618117452003743,0.06354323741103832,0.022181393822653654,0.03235218644451205
1323,0.005565753965002727,0.02919112323700991,0.06458845335803105,0.021847216507305214,0.03245504892219328
1324,0.005581777460046005,0.029701219115020293,0.06469655821759727,0.022207083230672334,0.03256236753646156
1325,0.005514517316817584,0.030611402860039716,0.063679634708102,0.022561214478052552,0.03257749713071188
1326,0.005538706603256085,0.028600931751321963,0.062063458890405154,0.021231949372427433,0.031630890331157256
1327,0.005384949642895152,0.02626941851602596,0.06242876436261856,0.019712201399039342,0.030996717264416825
1328,0.004280264401253216,0.023068490416094243,0.06113608558568839,0.01732498941906189,0.028338020664220955
1329,0.0034248348756982733,0.020037849731349595,0.05663529970559971,0.014946670032948103,0.025937962593524332
1330,0.002566095091071884,0.01711040710960329,0.05472465576036761,0.01357485342537823,0.02333596649565855
1331,0.0023426439620564746,0.014729320252353512,0.05391044681910403,0.012117499626442518,0.02230303644428704
1332,0.0031954806514966076,0.015260415684193366,0.054133755395825406,0.012400774140076393,0.02227053364830895
1333,0.005848955244210152,0.014413771629141509,0.05758950955362431,0.011808259292167859,0.023169150542654116
1334,0.008440535079350896,0.0171293260958051,0.07613645224929562,0.014396901452584224,0.030070222866369317
1335,0.010028513372133776,0.019616454356563468,0.08708661588905534,0.016249437464092364,0.03543223876990081
1336,0.012877704702553547,0.02518573643997431,0.08944659789005453,0.020300460782761758,0.03915026367680295
1337,0.015900201911831162,0.02643498409809972,0.09244789120032554,0.021623816499099096,0.04091528534923711
1338,0.016279197533950983,0.028752996214078282,0.09038491400288155,0.02337674736351054,0.041544109262163585
1339,0.016348892110414803,0.027619559375406125,0.08982566987632183,0.02260444802713941,0.04120929026979897
1340,0.016221753960332697,0.028054761171264302,0.09191291155135416,0.022767157859905674,0.042053517468721636
1341,0.016230800404059696,0.02869839103016096,0.09325908391060315,0.02327723946358427,0.04248823031090116
1342,0.016234061440846725,0.030733978753874656,0.08828104961302081,0.024607913269818156,0.04302665026202197
1343,0.016598535161170918,0.0370539712888582,0.08870676679464988,0.02889255978798466,0.045867506450580534
1344,0.01702365958369328,0.032614665730679546,0.09058133012350626,0.025811739158024084,0.04542880214118424
1345,0.018345705751553625,0.028209084484467573,0.0962406230189752,0.022859780660830328,0.0455122612545332
1346,0.01871049665938114,0.02653238083253692,0.10256759552382431,0.02166200766495827,0.04638011569843496
1347,0.018625084189302355,0.02719461305524227,0.10545922212389469,0.02199877599450122,0.04671710988887955
1348,0.018615465150722942,0.02824033014457242,0.10612524510086645,0.022689199396795118,0.0472423928547408
1349,0.01820781245960622,0.02846185897166111,0.10724250353990365,0.022693214067949073,0.046908144673115604
1350,0.018174877829588987,0.025298478969585734,0.10570094301276205,0.020799127727888108,0.045247995903749436
1351,0.016496070031461245,0.025574113245753066,0.10149683094744605,0.020759428583090177,0.04403905641257584
1352,0.012460945255688496,0.02478484797910293,0.09726039779980658,0.019927189515898128,0.041534540186480465
1353,0.010923150851844808,0.021003776145084307,0.09407414000751815,0.017551013021896548,0.03911622125601976
1354,0.010231436842018195,0.018215560557665374,0.0890143613191642,0.0155862779986868,0.036702416462005664
1355,0.008386419056936453,0.017289920683475624,0.08601281720952343,0.014785435984562735,0.03371728019315943
1356,0.008838936667402023,0.01805973232420489,0.08360791964382985,0.01571320921675753,0.03462987148879832
1357,0.00915092983367017,0.01770683039655398,0.08349456488319938,0.01528870382871139,0.03451717363022045
1358,0.010273419214548662,0.01884468186844355,0.08408893676658222,0.016220280488549822,0.03608547986120617
1359,0.015082835186299394,0.02503501612817319,0.08758351698492604,0.021074133667025038,0.04218226339510301
1360,0.01744868894747651,0.029449816552120017,0.09058523181199597,0.02473185921420566,0.045004097411151814
1361,0.020395046772543928,0.031113632708128603,0.0885007243361338,0.026392197796075042,0.04661775756150085
1362,0.019993295335058486,0.03203074880542763,0.08858433580001668,0.026962367088888318,0.0466628841062999
1363,0.02007067153791615,0.028779436895956308,0.08899154165805903,0.02449737086063085,0.045373407124348335
1364,0.019870914817419594,0.027672455438151312,0.08860474292806612,0.02368237004352795,0.0451575207151104
1365,0.01988166443860382,0.025857250062404434,0.08864807121767605,0.022430248405486835,0.04441271262739425
1366,0.01997424498273875,0.026051815814529374,0.09071821173288004,0.022452094758837006,0.04494432843148529
1367,0.020139607450035846,0.02581211530465983,0.09859053486397122,0.02225391065617207,0.04671041925036576
1368,0.020301875578221353,0.023317980495395085,0.10339503386900373,0.02036895171486219,0.047318443248398
1369,0.020335160261828786,0.022129041567017806,0.10645318696279701,0.019403727711881532,0.04780217370884011
1370,0.020334077093422137,0.02367580665918679,0.11207038589170851,0.020571247266572844,0.048950810994890875
1371,0.021132264756273743,0.023719148226687227,0.11488124161976715,0.02054818912537694,0.04966654813860118
1372,0.021143070182758857,0.023662619155178605,0.1176493994095778,0.020390776640126524,0.05014552961801152
1373,0.020878724207371503,0.023613174139756263,0.11639586270421455,0.02038243007105587,0.04993936990642727
1374,0.02014102914150399,0.021732239669989342,0.11450983807144831,0.018923334021557624,0.04818087680569237
1375,0.019438866556158223,0.021225013541869623,0.10411076491190235,0.018275503716078507,0.04678102024243184
1376,0.01796990363091088,0.020673385518068806,0.09896162779043786,0.017466633103075013,0.044818988961632986
1377,0.01607055080469064,0.021908614052896843,0.09456607167178421,0.017939618947289276,0.04356454310396241
1378,0.009228711505060059,0.022294032577970812,0.09048336620412835,0.017825330475552414,0.03666940517697826
1379,0.00977307518526762,0.020629029606778152,0.08823726598006733,0.016887555428870948,0.036576561449996436
1380,0.011939062417965328,0.02010307662191114,0.09005012940824235,0.016739105956223695,0.03859937482005642
1381,0.015671658556314593,0.018237959000674042,0.09478097631126466,0.015921180059826946,0.04029821439208451
1382,0.01455607904341001,0.016632642894048873,0.10277490351662934,0.014546019118118706,0.03864040868930241
1383,0.015018893256814084,0.01817039541803835,0.11317007179829222,0.015752295195006465,0.04048171955024693
1384,0.013680071621847267,0.020509702147300225,0.11152939583553714,0.01705545182305336,0.040255096828267424
1385,0.018125651284068636,0.021855482750191984,0.11199217237554716,0.018539411617955748,0.04385427693267384
1386,0.018987916620230288,0.020122142937574986,0.11000773741427597,0.01741973697809067,0.04305156298581069
1387,0.018976108892885306,0.020258474881041866,0.10964504934969924,0.017504471672004415,0.04317589922150918
1388,0.018883071496486648,0.021709246101279594,0.10964230848941828,0.01839146340522407,0.04437910606407235
1389,0.01893220557823469,0.022130881931999507,0.1084314164644065,0.018611848434191967,0.044456031676945486
1390,0.019221851010277468,0.022552888133681878,0.10821188699520182,0.01862327208361112,0.04510935318054612
1391,0.01888621511928193,0.02049687077460708,0.10575307388605229,0.017251421622274405,0.04534770289015327
1392,0.020087558684520713,0.020888228327554804,0.10788493425477513,0.01764218456852151,0.04708918182484896
1393,0.02095607040130274,0.023258381451234683,0.11007776444415107,0.01922675923814482,0.049239857676080585
1394,0.021239778451731074,0.025103604796376456,0.11581960412978883,0.020679864423746315,0.0510636761813626
1395,0.02159234082435084,0.02585586540927963,0.12189857946094233,0.021249458694915013,0.052081078193196136
1396,0.021606930244326954,0.02616448995337963,0.1247983004419756,0.021508201102396006,0.05268629547933171
1397,0.02158132925700126,0.02627026919178037,0.12559361196745672,0.021597336733289594,0.05276890252238371
1398,0.021158356258094292,0.02429076369224814,0.12264684382413628,0.02073801674093906,0.05092006943980792
1399,0.018309683742831744,0.023907235538569976,0.11675430447296002,0.020590848730283842,0.048992742171000796
1400,0.016560471266559698,0.021308074205575962,0.10656985911233506,0.018307873714272723,0.04596810954700466
1401,0.013605338515247362,0.021741243438889658,0.10625028855675255,0.018189004546734625,0.04469677512874857
1402,0.009460171707188204,0.017519934090496445,0.09856066152428436,0.014405952532981738,0.03787245896693356
1403,0.01044204616754238,0.017623774108886044,0.10512959611596771,0.015169720413386725,0.039877750883171206
1404,0.008798623152927459,0.016143899640706037,0.09889916939928643,0.014072307177936111,0.03659137544169555
1405,0.009294055879428867,0.015158312949452446,0.09087695844789953,0.01338519356211779,0.035709699039540375
1406,0.009551436946229643,0.01552383817716938,0.09103480223362295,0.013750814748622602,0.035953772168862454
1407,0.011453690137819791,0.01750473260821752,0.10496855472561806,0.015243933342236832,0.039915716702898764
1408,0.015733079367427485,0.022008108698319675,0.11408648648881457,0.019115548479397768,0.0455436522451149
1409,0.020205268915271402,0.02334607721248198,0.11485847122260792,0.020644313820907593,0.04743962792751846
1410,0.02037173583927973,0.02374252297718321,0.1161183942185434,0.020911699381640014,0.047259891252033524
1411,0.019795045831007545,0.02152478867919822,0.11861624606884161,0.01936793315923186,0.047036902254854615
1412,0.019392841111007864,0.023686553660898384,0.11545098678666879,0.02059959835018204,0.048768351671673725
1413,0.019341135156224324,0.02478139306437788,0.11926194378979021,0.021212846688305805,0.04961789804091529
1414,0.019356121012911252,0.025765721231254132,0.11999521230610227,0.02225158507880379,0.0504731001932871
1415,0.01934036202385582,0.02723197722064399,0.11649738441959887,0.023020140441110067,0.051566033197013
1416,0.019562014388816124,0.02880593811978538,0.11731707155771126,0.023934570228037574,0.053347650194487825
1417,0.02020474478999634,0.026668475264066325,0.11201726745922704,0.0225757704918646,0.052932095569763984
1418,0.021356115680746374,0.027429771581312747,0.1184366498811605,0.023184589417321814,0.054708164355454794
1419,0.021455928213239998,0.027285847220490184,0.11940610571568316,0.02297430709481015,0.05432155874107884
1420,0.021160313135481376,0.028116033889285876,0.11617829870653922,0.02345306759036648,0.05471307865923177
1421,0.021149554603792867,0.02960625292348334,0.12322068958286947,0.024336942144461065,0.055457727105018645
1422,0.020372937325192964,0.027987809072809025,0.12871833151258685,0.02303456748890259,0.05352793673456016
1423,0.020095798077789495,0.026671506879559485,0.12665505798197133,0.022174605424649732,0.052598961234831654
1424,0.01955399697135618,0.02247326434652246,0.12061163615722514,0.019488182179653774,0.04923039377429512
1425,0.012762344357559149,0.019876789828286882,0.10960991068326344,0.017076456972235955,0.042445694852168564
1426,0.008226955447485303,0.016107060561062463,0.10380966532289283,0.014076427030232489,0.036859049894257825
1427,0.0068663622978342295,0.01437339662013871,0.09520361032797547,0.012727359530500294,0.03485766235856226
1428,0.006797811272742542,0.014069609084984086,0.09521821401464026,0.012394952900539038,0.034568155442355884
1429,0.006996318929544287,0.014398373796215426,0.09619821479530384,0.012521121587612717,0.034931896657464365
1430,0.007471824963913257,0.015521880513461346,0.09891395344916437,0.013021471206082958,0.03644577544650563
1431,0.009899013416721197,0.018860817088614295,0.11459129915622573,0.015418608531872281,0.04218008586833636
1432,0.014058213718910632,0.0201477723455721,0.12987063991390485,0.016522675327797814,0.0460989343616733
1433,0.018376999559498834,0.021728592729561697,0.15484452836321086,0.018134238777648568,0.05098415249789277
1434,0.01846511752624944,0.024208980095744626,0.1534893008791999,0.019866784784004395,0.05110391094757017
1435,0.016963871844299615,0.027886110653490944,0.1417786304217044,0.022210831317368628,0.05152413989736789
1436,0.01652984122687908,0.029662463375730114,0.1354639627658174,0.023192557214024804,0.052287917535739734
1437,0.01584646413617525,0.03111861827259296,0.13301154098703735,0.023923823222670816,0.05124411666495524
1438,0.014910908890322124,0.04008223598527182,0.13239718206088316,0.029315126173595524,0.0537012292327425
1439,0.014658264255195699,0.04007984549898144,0.12379417452501695,0.02938702151934519,0.05379679278918862
1440,0.016751036117071297,0.04293226427797844,0.12642731213518796,0.03238374988275594,0.055194113970908315
1441,0.018252393157153768,0.046618864290732434,0.1326756398306261,0.035525108609445855,0.05739786705641637
1442,0.018870047441898657,0.04560858387918503,0.1434706185822931,0.03517063703693107,0.05849054328812535
1443,0.018371252264072997,0.04351563024682402,0.13900429843683973,0.03354748724949428,0.05839961465634573
1444,0.017733692098548717,0.0421341259232992,0.12561773111357477,0.032420864617721874,0.057483504598150444
1445,0.017346443257436974,0.040634955244265,0.12743767467520067,0.03145329722142894,0.05672717520892048
1446,0.017379766746203732,0.040025155731496835,0.12852754896549454,0.030277876612001098,0.05598375727081255
1447,0.015840838488287216,0.036552524351537996,0.1433379748125466,0.027429544321818152,0.052585881317044114
1448,0.012083117438407114,0.025966498739672394,0.12875386628595245,0.020868883052245362,0.04495588625006381
1449,0.010617080521353425,0.02241675056721761,0.1190368002072961,0.018531948319270377,0.0424540511643029
1450,0.009333930356350521,0.01915842717936571,0.11634789038301974,0.016247919221723063,0.04034386091758197
1451,0.008727415839061956,0.01762269289293001,0.1170307325443288,0.014828387599595224,0.038584725599630505
1452,0.008572116346372243,0.016855376071343516,0.10983992861034406,0.014131341759189198,0.03781061270517659
1453,0.008831732777004204,0.017064686792649098,0.10633959855560435,0.014139981525557548,0.038047948473702756
1454,0.009514893364127867,0.01890056683116772,0.11567598478195142,0.015561640351118709,0.03998856093719634
1455,0.011275023226327415,0.02207464287832419,0.12132746165889674,0.018336029960496093,0.04398305706027289
1456,0.014604435657605573,0.026426992349300356,0.13463782158011103,0.021360364423983796,0.04857635489115428
1457,0.01921527265389608,0.029030162931030362,0.13714438768714202,0.023371704077659188,0.052533730618612634
1458,0.019845476411727236,0.026525267410360993,0.1289467114116973,0.02195008784037616,0.05018226603414832
1459,0.02008922017668359,0.02581626758763602,0.12453082747757295,0.021457449995338024,0.04925860572436693
1460,0.019683842951801374,0.02628707652853545,0.12123005403747111,0.021985057681841776,0.04865780892514263
1461,0.01950383223658579,0.02688247347125678,0.1221544524103383,0.022139183504082182,0.04882763642077224
1462,0.019521880328945015,0.027579948693439844,0.12111099356598451,0.022230947363727147,0.04924423323663756
1463,0.01966652672711647,0.028417803372835986,0.11157129745849304,0.022789630876369673,0.04990925166355145
1464,0.019415650386380864,0.028421420883042968,0.10434354370854734,0.023181530538074455,0.04996493420168589
1465,0.019804240732235898,0.03531649360611998,0.10703568572659872,0.027758598784324393,0.05353798995095323
1466,0.021317235993440594,0.04636420528325455,0.1071796879506187,0.03499185008451025,0.05837583393495698
1467,0.02085316372141301,0.05074326990551479,0.10507711994047608,0.03781348896827443,0.05960169986172575
1468,0.020054805893362608,0.05215240469579967,0.09926975147263006,0.03891962015413155,0.06004245355420426
1469,0.019622518584395034,0.05253022074010914,0.10056359888272731,0.039754224981487826,0.060519047089829595
1470,0.0195109322874532,0.05223532995825131,0.09907587849447788,0.039083922172107065,0.05990751725686312
1471,0.01887793257329308,0.05225093755728608,0.10204669273854615,0.04021588409654911,0.05855150050202737
1472,0.015607641570563721,0.04388192694731678,0.10349747173506006,0.03376139540936706,0.05393582012265667
1473,0.01347646078953084,0.03845845892393545,0.10397633036979424,0.029796206903123745,0.05014807728806117
1474,0.009479717544685365,0.033671009865790386,0.1025146534886074,0.02706839507188673,0.04384269489502625
1475,0.008830272159393533,0.029774081078001325,0.10193732580066629,0.02463461621843238,0.04258011039248065
1476,0.008246409397958185,0.025367594474299388,0.10345499903088635,0.020673095186095954,0.03993355921662984
1477,0.00946026487935815,0.027342089702750975,0.1017865013575216,0.02270728432748467,0.04232486003265038
1478,0.009280542978347291,0.0272483757718849,0.10312700900436698,0.02326756609203178,0.042166194805907636
1479,0.01067675558962246,0.031407889559035236,0.10088388424124724,0.026291782285086874,0.04504721200080932
1480,0.012872321361497172,0.03901263145185775,0.09459882765298666,0.03040357442424328,0.047645809170829084
1481,0.015665635526746106,0.04591775412760791,0.09385986674867666,0.03471797641784708,0.051303718208535486
1482,0.01607279662582315,0.04274152746291138,0.09383682836459019,0.03119274877338915,0.0501363819647954
1483,0.015980614961765283,0.035040237993845376,0.09864450509360803,0.026008032745813224,0.04812492794210368
1484,0.015833985225498934,0.031385097628214405,0.09955917782136227,0.023473565320532595,0.046863300094581374
1485,0.015072551720360932,0.03189049032887303,0.10003754506592355,0.023753218504113476,0.046496475088465404
1486,0.015136438959933118,0.030892679480683936,0.10137450090191451,0.02464178948980632,0.0466160666936615
1487,0.016334003334434972,0.031172804301458152,0.10090911960223274,0.025242013925735513,0.0478538056127197
1488,0.016437152303540873,0.03264121725749601,0.09952013221813819,0.026188295734934877,0.04862264378049167
1489,0.016408177508435116,0.03355558693599967,0.10074178455805649,0.026876266257665038,0.050187149454623166
1490,0.015802595058687457,0.03500835317625672,0.10508910781722444,0.027635684868364818,0.05139571294599614
1491,0.01588161767397966,0.035293885382762444,0.10356546191220267,0.02767985621761637,0.05159122530126541
1492,0.016424203150787183,0.036132048250603926,0.10163247260280854,0.028543554600543745,0.05144046918001471
1493,0.015538590790245155,0.035982737738181364,0.1010707669990871,0.028791796665972657,0.05189140069801137
1494,0.015211526129770284,0.038687866446269516,0.09914316460410344,0.030776309995775825,0.0530990673997198
1495,0.014613211613604116,0.03862143701837781,0.10004927003622738,0.028190129498094622,0.05205451271195483
1496,0.012695770232310331,0.030488780728843756,0.10072378468872838,0.02111051848369997,0.04699333244935836
1497,0.011894447332317806,0.022248988421720003,0.09722884631362295,0.015011378455999062,0.041634309238745816
1498,0.011085131042701335,0.01846843007019572,0.09471617177128931,0.012401089801371416,0.03785697586102605
1499,0.01141729655508476,0.018293545810711295,0.09318901709529968,0.012152937896465732,0.03806569832771711
1500,0.010438414838659574,0.017586109971037534,0.09220407851907857,0.012215500221123719,0.03632317229410639
1501,0.010440054205471255,0.017559707417689065,0.089954623368949,0.012432802629635049,0.036141367656819516
1502,0.011105275473131705,0.019651508037454385,0.09280952022492124,0.015024433932309046,0.03900830318215443
1503,0.011720895769472016,0.019917786170669118,0.09505873966050654,0.014947207690261335,0.03936424321737178
1504,0.017387181989395487,0.02449684348690992,0.09497144883640617,0.01890155292711936,0.046126131210463446
1505,0.021430225712566385,0.02288492899677716,0.09453774330048224,0.01808105352166871,0.0471049806236691
1506,0.021118373258265023,0.022204466968090367,0.09438392297457444,0.01751662009748885,0.045933664568412705
1507,0.020683052263392687,0.021798007852787495,0.09096969694570918,0.017332117423654123,0.04416254554607741
1508,0.02108531158742857,0.02203359207187352,0.08560440586792906,0.017649257840683545,0.04435593492459598
1509,0.021439721665565854,0.02194024822737076,0.08427245981825121,0.01801710296407929,0.044505278286071065
1510,0.020792042699875602,0.022673247605769477,0.08275998183474798,0.01835750864213992,0.044318732020739514
1511,0.02120254667839497,0.022942673133482794,0.08563520074887214,0.018375999122507463,0.044780797506591946
1512,0.02165547256916657,0.024704463057548934,0.09132613159647779,0.01945479123189096,0.04729775853001833
1513,0.02191127718764592,0.030094880968229737,0.09690967269007202,0.022564455385811748,0.051292506197400195
1514,0.022157689069259374,0.031677481429731875,0.10066247984614944,0.02338561092430275,0.05257313141599808
1515,0.02189519432220263,0.0336586792357731,0.102408174922207,0.02472794581560749,0.05391720753572835
1516,0.021782550057075776,0.02921510593746287,0.1011999715705281,0.022155702650806287,0.05216558746069734
1517,0.021816736526825784,0.029100120978709777,0.09976440390181117,0.021980175721651122,0.05189905003046689
1518,0.021219630291307325,0.025501821970672373,0.0907076641509014,0.019862840973645983,0.048783010150035624
1519,0.019983805341979223,0.024712930796568444,0.08719924730544057,0.01914140352887396,0.04748914040571031
1520,0.015560497782865446,0.024080271530210248,0.08942384738341792,0.018237712426153106,0.0439969133579135
1521,0.013669379403369635,0.023190381857173727,0.08505052448101412,0.01782672939478157,0.041559842969770916
1522,0.011675108579776494,0.020724404411395562,0.07786869443595719,0.01669278623572246,0.038789148813222755
1523,0.009494990195706592,0.016696231849302648,0.07698767027916481,0.013400161669984693,0.03424407194218357
1524,0.009326126288362897,0.01666640339825413,0.07713787146629661,0.013670539154459491,0.03386194243535663
1525,0.008410254242153893,0.014995623398394477,0.07699780925688232,0.012392568734038578,0.031907564718824936
1526,0.010880565362558638,0.016742877186039836,0.07726977453134184,0.013841749086156032,0.035610054173148435
1527,0.011407150437396736,0.020259014668071083,0.07945131113703045,0.016018526068122433,0.038823902300432186
1528,0.013581731740454074,0.023040242667396925,0.0804767420875584,0.018328364080675095,0.04156472525765769
1529,0.01599521608283203,0.023110336058189424,0.08232283888120819,0.018696400963178445,0.04265255342936514
1530,0.01602229925266042,0.022314598288009125,0.08155878164696302,0.018510979511446698,0.0423389043075064
1531,0.015430320467421278,0.021168764427670714,0.07966311524787525,0.017446813285593634,0.04094085940751924
1532,0.016102491794851626,0.02343114943278506,0.07978767357959647,0.01924472532365025,0.04213544501086372
1533,0.01602444125969376,0.02335768863321273,0.07851984962722293,0.019218133699504165,0.041787866049835816
1534,0.015612846379986268,0.02385183953756303,0.0812183373507699,0.01923421226438387,0.04275277416716494
1535,0.015884898375362323,0.024543899869537027,0.08291946623417076,0.019854920600164437,0.04414477536944013
1536,0.01623477031300092,0.025906751563226364,0.08285463880376484,0.020528440674333237,0.0448732837785966
1537,0.01650198698938851,0.027780195676104836,0.08906042342619831,0.021467248032811633,0.045744517920784836
1538,0.016541407952054672,0.027816932568224245,0.0923238218338864,0.021521946165351802,0.04564612630495085
1539,0.016579244516802042,0.028229472456261364,0.0912966546633361,0.02237341589670062,0.04552684158502188
1540,0.01635702863987416,0.028082367953023046,0.08902278420670881,0.022328636711433942,0.04503230688479346
1541,0.015786686552920627,0.02812837388957726,0.08791045796531363,0.02222707674726884,0.04447027263789396
1542,0.016353944205556,0.025644786659232102,0.08390129580515768,0.02052485329536673,0.043274759378533714
1543,0.015735163434096828,0.025071777534697127,0.07431997310129171,0.020188666649351088,0.04119484404182032
1544,0.013927933106589954,0.02541685779489231,0.07032897288666559,0.019378094426093714,0.03940208654179893
1545,0.012062164065654878,0.02464535364778378,0.06893893078720151,0.018556802162500177,0.03759701688825423
1546,0.008985311896062139,0.02224084374694032,0.06821725712530823,0.017347135079981684,0.03416587226390145
1547,0.00826121865952639,0.016946726419677642,0.06880432863391718,0.013911939562801562,0.0313871689177783
1548,0.008341256302423624,0.0176114543073654,0.07031589842562644,0.01446817292385852,0.03188650241186205
1549,0.010124732045712112,0.021765515775984578,0.07117399422505669,0.01771846930632756,0.035220626929706046
1550,0.011680714751533608,0.02456259297553539,0.07224789207653803,0.019306363513914647,0.03693053143801152
1551,0.01297090258428527,0.024087864658332615,0.07533902184666302,0.019322316232801312,0.03813631951147882
1552,0.014073223416921602,0.023847125060479396,0.0746692626236624,0.019492408731672527,0.039028655504384044
1553,0.015596064099421816,0.022393944608132484,0.07506462203826056,0.01848234341446421,0.0391397450323893
1554,0.015611355356022896,0.021455014081009242,0.07440197330326334,0.017768401729527535,0.038501089947143
1555,0.015301524289204775,0.021589238783452307,0.07463895544682096,0.01790630026813636,0.03845756135256752
1556,0.014797634490487085,0.02401761352165792,0.07368867816062868,0.01944653868834292,0.03952768289980161
1557,0.014922234745193849,0.024238772963065366,0.07400876904186139,0.019823462962349415,0.039814158502488414
1558,0.01616977243794307,0.02481527074484508,0.07772591373610621,0.02041736497087353,0.04114753775224166
1559,0.01643390797768914,0.02492737188371627,0.08115158705689189,0.020414364723174535,0.04149273963564641
1560,0.016254513133288278,0.024763978410290093,0.07894915516438412,0.02016004872745175,0.04149349254532852
1561,0.016392569418485377,0.02578988032277442,0.07889282276969181,0.020747627686673153,0.04213716155162174
1562,0.015106927272139336,0.02597282218266235,0.08088672200475086,0.02081053227533833,0.04144078524409293
1563,0.015600406601277572,0.026330008365038387,0.08256870800830977,0.021247367544267825,0.042221752531637284
1564,0.016100993416321204,0.026545879769707285,0.0836884206336053,0.02141429002740553,0.04272961110057278
1565,0.015951644791777825,0.026482210755566823,0.08213502141823219,0.021428506355656785,0.04243157388703012
1566,0.01567611987302881,0.024330339037771147,0.08080516535040554,0.019578648636484213,0.04074437770064234
1567,0.014730010359919285,0.023718493320088633,0.07782134254054456,0.018903737709759286,0.039791719677248386
1568,0.013377925979105537,0.021440586507694412,0.07598435223719965,0.016340339446876274,0.0373673980946745
1569,0.009645567918367863,0.017583161874811203,0.07412299581462714,0.013380189092628572,0.03276176545374398
1570,0.009100736045515062,0.01605897170454934,0.07570575753710079,0.012955679351140732,0.03191673761493477
1571,0.010665395621565701,0.015392329730359216,0.07520219394846188,0.012483898285345523,0.0325529824352135
1572,0.013116107487919398,0.015390490014199839,0.07755805263298868,0.013051539006439933,0.03371638886284603
1573,0.013223186590998196,0.01570969868719486,0.07579968529720303,0.01325524868956931,0.03338362215103866
1574,0.011669841809416296,0.016502093673025346,0.07661623925709177,0.013446201210724703,0.03384367201845805
1575,0.01218382202283853,0.017776406742242134,0.07802981832855922,0.015149053210296852,0.03553948839357141
1576,0.014122031125023493,0.020930321562595063,0.08217881731550851,0.01803783716895714,0.040232585011332395
1577,0.015376229183582715,0.021494613870886293,0.10301689525577926,0.018536248266930514,0.049346044775432196
1578,0.0149258474328402,0.020867629771571177,0.11072614496578462,0.017466268146369836,0.051760085021127805
1579,0.0146440118852003,0.020893730410785048,0.08159690141514228,0.0175670015360926,0.04144460106971066
1580,0.014502491884792735,0.02276760797098717,0.07172571560649335,0.01900846887087492,0.039161718364741645
1581,0.014532625195284074,0.024130531697652537,0.07309566869307768,0.019837682869958153,0.04014733825666849
1582,0.0147482085414011,0.026096767291937342,0.07290371193340087,0.021120592750685088,0.041514654034936926
1583,0.015807588074764536,0.02741091798167767,0.07458779378126469,0.02213891658002055,0.04263453565281285
1584,0.016292515939145234,0.027662547879129626,0.07940981566866263,0.022112986635818337,0.043326460025530554
1585,0.01662154941617472,0.029426058832858783,0.08375889250259802,0.0239489890400925,0.04505303572761182
1586,0.016647535616640605,0.03069375064743882,0.08770717505385113,0.024796717385443062,0.04621533163551907
1587,0.01670611351269584,0.03224424494461428,0.09015143517500722,0.025857687137811832,0.0471099533166047
1588,0.016734190936667292,0.03309614937055858,0.08932449929072565,0.026601198905443445,0.047333882445903024
1589,0.016490105302899096,0.03298011506534487,0.08774068106858338,0.026424703247468668,0.046554590991986854
1590,0.0164623674815555,0.03018288540234976,0.0866444018629041,0.024370227557851957,0.0451888750764167
1591,0.014571015032172785,0.02717108421989395,0.08642353292048352,0.022105077474187235,0.04259008378961311
1592,0.011020298983016812,0.0222231319706204,0.08217650053024791,0.018466286625850748,0.03734389704467343
1593,0.008879924162969963,0.018786136076418738,0.07558442693297279,0.016063596969584863,0.033730050876451624
1594,0.007814122455792905,0.016835646083783854,0.0775047612649419,0.014213512930008285,0.03201599846757209
1595,0.0076805555510240375,0.01692855016568216,0.07524989992850108,0.014519143840849054,0.03148426302440866
1596,0.009822825222180632,0.0200847577862629,0.07717422258408152,0.016702189595477594,0.03469767062877474
1597,0.009150419821521332,0.026766116380453477,0.07344364703449735,0.020541301209796036,0.03615506292764031
1598,0.010523248019593959,0.027474537395754645,0.0718372090172308,0.02122643748800903,0.03688096531696485
1599,0.012743616129185835,0.034351883657120476,0.07404529412395373,0.02519398241127433,0.04123335882117573
1600,0.013567556861428291,0.0394441109601093,0.07636841393168682,0.028870410572800456,0.04401548833006557
1601,0.015652054705734247,0.04218646266950142,0.07791264288875462,0.031414941323056896,0.04635055416472298
1602,0.014964074942036137,0.04139197154730456,0.0760622239699277,0.030715142714688618,0.0452002059328556
1603,0.014925210475571597,0.04160572721033871,0.07637214547111851,0.03100805432378701,0.04561092167639724
1604,0.014935953049758388,0.041386883960171074,0.07596499101800114,0.031277485868986946,0.04561291188377834
1605,0.014888769484184404,0.04085931263615008,0.07837913007505894,0.030395177229914413,0.04521518371880239
1606,0.014957154537158393,0.04469362364111576,0.07663139982022972,0.03260379492113606,0.04639436346910931
1607,0.015005124602542356,0.052268464943665646,0.07859916992615582,0.03709442547187845,0.04927393787389727
1608,0.015020801011879052,0.056249435827042824,0.08193674752404027,0.03915214629504394,0.05068661697830291
1609,0.014962445876801796,0.0571634063296042,0.0846305158706732,0.03926708821236862,0.05108407873056594
1610,0.015125786337007117,0.05617585716675488,0.0865506717812813,0.038670639038715926,0.05115986475547273
1611,0.015209652817454965,0.05512576913263755,0.08888230857265772,0.03805259742075918,0.05137530320022004
1612,0.015328162086255346,0.055368967171411966,0.08757559147199712,0.03943239854582419,0.051072182415221865
1613,0.015503504314926291,0.05706600566123738,0.08635741646527374,0.04195086231797246,0.05159638811798905
1614,0.015313578408019824,0.058050392009529925,0.08273817545458038,0.042294760515212415,0.05118478994406035
1615,0.014103727079097511,0.05697379845478148,0.08030490598314546,0.04106631223071493,0.04999369503288879
1616,0.012781360929177248,0.05148985924645835,0.07899298327240463,0.0373862264059593,0.04736603230101805
1617,0.01169951772339772,0.04270374192112599,0.07481025026243386,0.031098316320622432,0.04381072444816328
1618,0.011006979430718194,0.03643576120332047,0.0744136779156393,0.02659091043886005,0.041172921573147114
1619,0.009261727773877706,0.03357227755591391,0.07588198763497635,0.02455383415865816,0.03868294775387627
1620,0.009015834528093987,0.0345946889989301,0.08049963629318822,0.02576678112211972,0.03950721206275566
1621,0.009124805492585666,0.03762340504169949,0.07810012306948616,0.027578034075907757,0.04039136299663972
1622,0.01050647372721088,0.03816858382296056,0.07689264938006019,0.02802535486160439,0.04105600969521737
1623,0.012518802129091986,0.045456557791071404,0.07852482569783459,0.032989687076909545,0.044835889916847886
1624,0.013835132864785115,0.04702897503010832,0.08548437085981767,0.0343057293946729,0.047831591320291814
1625,0.014617008685997423,0.049272410001997065,0.102669709555966,0.03558483363620102,0.0535801090311448
1626,0.014966478512680412,0.046543743044925145,0.09854499316479644,0.03382057651859863,0.05166791546662653
1627,0.01522422579813465,0.04058422168883285,0.08120240624952083,0.03065172906238229,0.04465855420163357
1628,0.015613618156111767,0.03882679617375417,0.07940270142515432,0.02952061706198198,0.044025751568689035
1629,0.015600444446194272,0.03749526162125139,0.08011592005890524,0.028787431613759396,0.04377990529293605
1630,0.01611186526339627,0.03648073751637757,0.08257966083338839,0.028020966967855224,0.04419983468050357
1631,0.016104991117836445,0.034221164209305606,0.08170019850718496,0.026683138807075082,0.04423887295465347
1632,0.016251617482249323,0.03593872388346443,0.08386904691070121,0.027720218341372678,0.04515608513573144
1633,0.016149507168761793,0.03793251177856058,0.08785617049231885,0.02873721457087169,0.04582664549491672
1634,0.016320708100445027,0.038078602859820676,0.09202186008452719,0.028832552390205563,0.04653478419013441
1635,0.016324746519177948,0.03728641464245095,0.09507781612750886,0.028272669511515094,0.04649025877434914
1636,0.016304182003905453,0.035776583615712135,0.09561043261366214,0.02749542571036526,0.04600965001648667
1637,0.016338693359828425,0.03553911117874496,0.0926769790284765,0.0273901467409061,0.045264999200094864
1638,0.01582297331944179,0.03307706075251643,0.08730201427733361,0.025463012543732164,0.043212379798889165
1639,0.014593760092899073,0.032146803414449594,0.08274110322939167,0.024231565099756158,0.041770653184674884
1640,0.01348362686513349,0.02908982759153017,0.07910547035892959,0.022166490991121588,0.039475071627900524
1641,0.012318126447909484,0.026622164378683193,0.07297367850454792,0.020090535648726326,0.03756935545687558
1642,0.009338958534679384,0.023581646071313897,0.07028174195074009,0.018207169490008078,0.03396487151033181
1643,0.007411682730061903,0.01840927783087144,0.06995424433797467,0.014524988652037076,0.030242456880716754
1644,0.007076446413107995,0.016465613523827572,0.07391968846817469,0.013405092055392066,0.030117571763959086
1645,0.0072609137813770255,0.01780482203226793,0.07156007325793931,0.014790269001987091,0.030753147774325723
1646,0.007874632715487634,0.019285951073290196,0.07041091013273112,0.015999290890261135,0.031994986600573296
1647,0.009190051043901042,0.024442292394770186,0.0743243288480768,0.019376115983896224,0.03542835702621955
1648,0.01178594477903673,0.029434844403236876,0.07516165616423125,0.02238253043585252,0.03834879814639853
1649,0.01482084268832775,0.03491913451106377,0.07624292301035056,0.025905839672400396,0.04182367854288237
1650,0.015152870580179426,0.0331795956665917,0.07642586264804821,0.024739055229350618,0.041160389952913115
1651,0.01501778282320633,0.031015351025803738,0.07663784866313507,0.023345897060904574,0.04080921639589054
1652,0.015056838744612566,0.03546706606367153,0.07597688594003732,0.025833601791239,0.04231006240979984
1653,0.015174653357533886,0.036304376063317975,0.07534849553632798,0.026409443663035697,0.042640229826933385
1654,0.015372120001485304,0.037251416840485704,0.07401836409068382,0.02695638098931698,0.04326680329995225
1655,0.015842630932715235,0.03507001007837629,0.07432191050113096,0.025804151442165586,0.04312945606909722
1656,0.016049046419401015,0.035427172093666116,0.07842684483396241,0.02587807973698999,0.0436668146020097
1657,0.016390169271467737,0.0370135495331817,0.08202166890513359,0.02688040195856663,0.045014642581220385
1658,0.016813666309698834,0.03778090345639452,0.0861190292364454,0.027488779537182213,0.046153151861782746
1659,0.016788943015447203,0.03582482384411372,0.08892059200168936,0.026151627696197145,0.04584256707515518
1660,0.016844846760357707,0.03547491044621687,0.09037174184187513,0.02624725366993115,0.046161884372243216
1661,0.016772746895586048,0.03534170300303898,0.08962920491266023,0.026120127841223733,0.04592526213883591
1662,0.01639131280763375,0.031925716621013005,0.08734783781810036,0.02400335322827849,0.0439343452777098
1663,0.01601979602819338,0.030151368341052493,0.08281149614356219,0.022793435029733224,0.042704202330844224
1664,0.014389838821347853,0.024678389006163114,0.07726320976408982,0.018693176909254886,0.038728667057732855
1665,0.01278653510740763,0.020217895509363832,0.07361398468726527,0.015712722042610257,0.03487279876438533
1666,0.010158513058761058,0.019434013783670163,0.07117772146733016,0.01501292947534438,0.0325171170810951
1667,0.009140889281351072,0.020616799194675493,0.06958242428463411,0.015927498625760927,0.03149236535074218
1668,0.008050930589515778,0.018024389070254346,0.07219323150263114,0.01407476250948286,0.03015414503358755
1669,0.007872895436458867,0.018956391802359456,0.07075190422924373,0.01474977633270054,0.030372915932094624
1670,0.009088587565940817,0.023519129912560714,0.07105974573459087,0.01863021984511171,0.033439450925098424
1671,0.011426591121102699,0.030346704522996423,0.07175598834772336,0.023609216869978793,0.03774425800429596
1672,0.0141541281281289,0.034215316813449075,0.07153806716414417,0.026609380958835204,0.04074670667073809
1673,0.015987573323675487,0.0357872604460716,0.0704129889476321,0.027236515617987962,0.042125249177529814
1674,0.01578242410249152,0.03583578112889047,0.06964831583980884,0.02693069289396149,0.041737201881074396
1675,0.01588289080124557,0.03526327597068848,0.06886762497625974,0.026604667118629164,0.04155837958937199
1676,0.015703395460100553,0.0362988250203634,0.06556891226679093,0.027178062927571217,0.04175986469713771
1677,0.01553568075983239,0.03603204309583746,0.06436263123613678,0.027003359902946476,0.04142475101929634
1678,0.015297713897174981,0.03827999851187966,0.0651026436010669,0.028480671989440192,0.04242000819489525
1679,0.015599350793344622,0.041070020779467524,0.06563420601269558,0.03020702655757339,0.04352995369319099
1680,0.01600509750921104,0.04239926350336036,0.06666538883584922,0.031817366698566454,0.04454038324888634
1681,0.016640465006926973,0.04211606147041119,0.06975161948005253,0.031728487044272516,0.045498080423446226
1682,0.01705441097251088,0.039069676896062104,0.07131425043843562,0.0296436848758088,0.045201852326919895
1683,0.017374417363482546,0.0356349754813101,0.07298475375457437,0.02734941245272968,0.04471885245139638
1684,0.01750363468377351,0.03276715207106287,0.07440731378311312,0.025455980202887106,0.0441717040592985
1685,0.017442706071894597,0.0313903584814095,0.07549795188521614,0.024661897517786226,0.043713984317148624
1686,0.017097274920682606,0.02733126564135339,0.07680777636324854,0.0221307021609896,0.04181123751391847
1687,0.01673419413186756,0.02578589407795936,0.07639268077827786,0.02102829189561104,0.04120757920031919
1688,0.015561070480244547,0.02312504731546465,0.07609744924939882,0.01901311194203482,0.03986291975354667
1689,0.013781191921572448,0.01718514913032996,0.0772641116386858,0.014664758106420168,0.036126213037005736
1690,0.012776337478487736,0.014648390543168386,0.07529075390303083,0.012890079934164035,0.03392657408580128
1691,0.010596573509728473,0.014325733183704966,0.07268143864336792,0.012136501516026894,0.03195486918673302
1692,0.008765049143460666,0.016087049512498498,0.07104953157268183,0.01314130965466659,0.03162582646247291
1693,0.01182050910007799,0.01718076641177074,0.07077898411901044,0.014594717469384622,0.03466788276649988
1694,0.01206138561107493,0.01752398567063664,0.07101959152366245,0.01491535334214332,0.03522851976849728
1695,0.012381025067507634,0.018747081502283505,0.07221713681962087,0.015360565233454478,0.036624149886461226
1696,0.013896754486482412,0.02036826126650579,0.0717406309538525,0.016552002406797005,0.03803775668924612
1697,0.015329672403828891,0.019306672925958827,0.07051219147348839,0.015894431915612538,0.037538650351639516
1698,0.015809985280006492,0.02160489675334187,0.06940628780231806,0.017610289639461034,0.03809197092146904
1699,0.015807213860245195,0.02453397378575176,0.06925537011764471,0.019631548799270652,0.039240502095157476
1700,0.016107902260282417,0.030771987872179923,0.07142556645483632,0.023932059348752616,0.041896566288759034
1701,0.016313167663589295,0.033090037323520484,0.07251960735088682,0.025382299180153906,0.04283668346855227
1702,0.016284396704128325,0.035760923398174674,0.07425238697930883,0.026829656650938727,0.04386166893937176
1703,0.016731162720819495,0.03829142147039572,0.0784084973466207,0.027924462751952806,0.04519848606811477
1704,0.016715600809670442,0.03645770839127507,0.0847022960179377,0.026510748955095576,0.045438761021547945
1705,0.016885076240168204,0.033213885596638064,0.09136008415431078,0.02448267980001355,0.04556450983018946
1706,0.016430732869862977,0.031711091942319795,0.0959806455512848,0.023505241310319187,0.04528560256571655
1707,0.015812895255749963,0.031494732808524904,0.09942320333222031,0.023179921478771015,0.04489748460213482
1708,0.01642945786690657,0.030946735727920095,0.09803144341391828,0.022932275618032617,0.044807387959188955
1709,0.017295931689789566,0.03326418243489639,0.09081199297720151,0.02487905944225769,0.04512659739513804
1710,0.017147002705645516,0.03377140591360391,0.08781641228652591,0.025129060719835287,0.04547574397240782
1711,0.014484409193116865,0.029320212965566674,0.08516750536873628,0.022285577759500304,0.04228961747870039
1712,0.010679178899645729,0.02132715204533481,0.0808039618615132,0.017112147743674606,0.03579602250229704
1713,0.008732382711800914,0.018663826273790037,0.07644596198287675,0.014728577090210351,0.032091074556676216
1714,0.0076991108729321436,0.016922308402974748,0.07585998644303268,0.013497700741036952,0.030114039486279793
1715,0.00734668121002892,0.014884189388047135,0.07606264999544503,0.012194937880978264,0.028834299861473293
1716,0.007262137804966509,0.01415224197990581,0.07924702066632168,0.011768571651186483,0.02919725663247006
1717,0.007457821320033025,0.014429175982617577,0.07830473613033971,0.01200028288174745,0.029735796050155888
1718,0.008190785812758183,0.015119585211600547,0.07506199992521446,0.012781147701173565,0.030680499493092435
1719,0.009392605670109739,0.0162856658605584,0.07678280898522691,0.013427747376393868,0.03241710883786465
1720,0.011861151831798152,0.018651268824089344,0.076242709357501,0.015388208519320476,0.035212819769257955
1721,0.015381836560964523,0.024334356605237837,0.07917324414035493,0.01896217617852014,0.039560431337546685
1722,0.01585999336561112,0.028602083991336985,0.07697426776782497,0.021138985373881227,0.040676829569807546
1723,0.015631688622610083,0.03355741667825165,0.07561857426129555,0.02392229910641186,0.042003590074956534
1724,0.015667456510980133,0.03818438133274485,0.07548329142929425,0.02661731819524956,0.04363222710158132
1725,0.015659174370519294,0.04285854428864385,0.07616186499720021,0.029148096206845334,0.045132705037935275
1726,0.01576588282819049,0.046051651273696016,0.0749600787940085,0.031154827635013243,0.04632567168916784
1727,0.016228696904881264,0.051471373084777255,0.07809721420319789,0.03405382694144256,0.04829502349047552
1728,0.015880677177033075,0.051188333687170844,0.08537928649720057,0.03377515329518957,0.04847667688055889
1729,0.01584876502241104,0.052731169909662395,0.09248870413603097,0.03442806007914258,0.050110302991991304
1730,0.01578727098038219,0.05533460292299862,0.09674461237138168,0.03626955654760299,0.051239144435469175
1731,0.016810578026444183,0.05521764675626085,0.09932325331011324,0.03681695869554006,0.052450223023072076
1732,0.01698791242429821,0.05431932771230142,0.10094302823754617,0.03670827293095304,0.052884426917902724
1733,0.016948020952332766,0.05477674855748786,0.09611935675427723,0.036683590373634806,0.052027322592347235
1734,0.01619526387239897,0.05531488354111185,0.0851359428211392,0.037688133429716955,0.050013564005517444
1735,0.014772736195323188,0.050327697330836446,0.08514903250809941,0.035455017654164776,0.04792941921031582
1736,0.011177983979219009,0.037089258603215415,0.08120170479873856,0.02711928788228466,0.04076333812715064
1737,0.009585619778515643,0.02698783564365148,0.07735628434800433,0.02017727402004811,0.036374691547937835
1738,0.008211338791527713,0.018255332629979706,0.07588614876489871,0.01393020490679071,0.03191810842580573
1739,0.007808617009757352,0.017798100507351727,0.07408299207181279,0.01370298560759064,0.030649070846286444
1740,0.008008737783648193,0.017233023518939055,0.07848407981100847,0.013396291290576796,0.031125583453327776
1741,0.00782882311635259,0.017234095851827922,0.07587350692197457,0.013970515543587114,0.030747277372592603
1742,0.008551109398925463,0.019212847993308267,0.07261631463092748,0.015792758082379902,0.031898021951381604
1743,0.01070185598586366,0.026890212901136128,0.07585203753492072,0.02141314368313093,0.03698035831812173
1744,0.013061880715447515,0.0342952438967384,0.07732345705240426,0.02621803646697671,0.04047053060398085
1745,0.014608503385267282,0.03823419901230808,0.0772390722307178,0.027512997121424923,0.0429929461681531
1746,0.015261034550849012,0.041785272365089755,0.0760876709725615,0.02862854507812541,0.04385833447225854
1747,0.015508191394675335,0.04638092481535943,0.07719245798206902,0.031408597260881896,0.04585303880428516
1748,0.015807076960960207,0.04867445670449568,0.07662201351284084,0.03287181552973288,0.04668976293487226
1749,0.016219161356593497,0.04918330842948677,0.07710403439825239,0.03353382788140241,0.04722029439709489
1750,0.016481694606270636,0.05350858305452682,0.07846938085250622,0.03792622851941123,0.0490253598877921
1751,0.01705398465203242,0.05471953915897954,0.08571602597833866,0.03911895509322374,0.050535230378543905
1752,0.016815597945303906,0.054559275772778706,0.09377573643146375,0.03874764086881559,0.05118663784181111
1753,0.016523508283179025,0.05342892354365759,0.1008673943602103,0.038282240225965346,0.05144680724052874
1754,0.016925871204071335,0.05261311550522838,0.11001172275631377,0.037788332347639446,0.052492704426119384
1755,0.016164762959396912,0.05180710820124036,0.11641231486272316,0.036876773105412916,0.05314015077705128
1756,0.01621329276649084,0.05154069841231207,0.1069445187811142,0.036414400726801854,0.053283550440298866
1757,0.016131731287871383,0.0504795663327215,0.10083830969967111,0.035266591947718376,0.05193472068119201
1758,0.016419606975967012,0.05163052537747411,0.09620898555462425,0.0362746036242532,0.05092929682647723
1759,0.01592206938715152,0.05351548502841802,0.08568303838187788,0.0363256753244404,0.04902181975164982
1760,0.014830277565958665,0.04797744566174308,0.08072234059906538,0.03314012924090662,0.04640118057494423
1761,0.014454902166654796,0.043569735646636666,0.07964073250069426,0.03110013862213085,0.045303115138749794
1762,0.013705281801790016,0.04424081329226993,0.07901525176639616,0.031679234966011015,0.04511404805476368
1763,0.013416553652039183,0.0465049937510718,0.07955301685644006,0.03260069327033612,0.04585708379112795
1764,0.013655704844983995,0.04872311402554853,0.08211317230432161,0.03434925084425498,0.047382384647404505
1765,0.012559797724499269,0.04742130999840641,0.07878230166504967,0.032710750091868704,0.04513274805773622
1766,0.013289598740016933,0.04756562408114412,0.07691045450304378,0.031022259696100018,0.045747920996820096
1767,0.01423917883447163,0.045877114744818606,0.07567439565867566,0.030748652259162016,0.04525462998831345
1768,0.014465926904498062,0.04433730591397646,0.08924519907207253,0.02907772161320666,0.04886342676944712
1769,0.014883221305721004,0.044047121464119446,0.0983049244670232,0.030832008060640338,0.05166244741450603
1770,0.01466424848385991,0.04368143302949676,0.07493956708247408,0.03123645826652789,0.044128571849012935
1771,0.015248533820771218,0.04403856458434888,0.07551900735407996,0.03168107174881842,0.04498191527669986
1772,0.01580866570448171,0.04895604920645277,0.07664208596968826,0.03440673832644837,0.047345769459163814
1773,0.015956451954401745,0.04838444153618689,0.05915294218344452,0.034557275941528104,0.04147080706667505
1774,0.015909370129858314,0.0473701702400734,0.04970428376008567,0.03376676134958649,0.03815149595223107
1775,0.0169447524534887,0.04792586536102079,0.04981173954272347,0.03293755212204643,0.038269272340753155
1776,0.017098126126163498,0.04696086815085523,0.05135062168610909,0.03229993230233869,0.03842867180222166
1777,0.01695409215781406,0.044065581259312786,0.05419454825736324,0.030836558617343544,0.03816251626413435
1778,0.017084854800087264,0.042950732363177375,0.057922613151807044,0.029472129442770355,0.038739425589053564
1779,0.016958930353606086,0.04139064309640563,0.05733709531007094,0.028083247739329173,0.037612812736022
1780,0.017163782061675327,0.04023767699761603,0.058728964736905455,0.025946013290523314,0.03835384884648942
1781,0.017552005101897725,0.03912333827074042,0.05646234960619064,0.023956606605512725,0.0377931257250482
1782,0.01695256525461742,0.03189179816584206,0.05353114608926404,0.02004084429688309,0.034541764848760675
1783,0.016693541436486048,0.0305601290435078,0.05114962184132899,0.019863314311919355,0.03278795068421954
1784,0.015071208564011224,0.029268574206363886,0.04904996826218223,0.017749410824077026,0.031240180975307008
1785,0.013944180189764337,0.02843669809545409,0.04815164027822138,0.01712726720324229,0.030562634112640073
1786,0.013480278780679174,0.029884059197100493,0.04820963393420682,0.01906053853692245,0.03111482589987566
1787,0.01375355434707945,0.03131411528702367,0.048413186822221274,0.019596332890277995,0.03186811219545385
1788,0.014195259072224617,0.031368421845985414,0.04987291136684505,0.020757122043953913,0.0324905749340947
1789,0.013568568046981611,0.02974222362986931,0.04895703409282041,0.021390077880548336,0.031194711960798458
1790,0.013975766512498442,0.0299004477744544,0.04667659442520638,0.02210375804617802,0.03080016475682157
1791,0.014847821264149854,0.02798274614093926,0.044388895232004004,0.02102053326016528,0.02979477334542253
1792,0.015022432486003918,0.028023808825946316,0.042644360456891496,0.018426346368166195,0.02902990842592765
1793,0.016447656687807812,0.02771647338141066,0.04317793350853538,0.018286324252614384,0.029607972117169333
1794,0.016340173719818305,0.026306462247072223,0.04263753855094992,0.017670761635188065,0.028895657645358796
1795,0.016305417964730673,0.02345369587505397,0.04304724157359362,0.01641535557293483,0.02803815418636209
1796,0.015671287985567193,0.023513207972757338,0.04312542494913607,0.016701765205322665,0.028085549846778576
1797,0.01570522092378993,0.02394113953191263,0.04292844666826584,0.01705062221952357,0.028288290870435346
1798,0.015845365433538657,0.025369531707772144,0.04252172435390566,0.017941461690771123,0.028884346630687403
1799,0.017137422508373183,0.02609464268419157,0.044935815370299184,0.018646115665767272,0.029951275541779086
1800,0.016929224899676625,0.025334280019200493,0.04862458430263267,0.01796405630056492,0.03025741631103858
1801,0.016673582811392217,0.02304804181401677,0.05280961671512947,0.016934939089857638,0.03010656271348995
1802,0.01596435549318603,0.0240587649257588,0.054506811963881116,0.01765616369806679,0.0303192285324305
1803,0.016127328218160195,0.025713536792393278,0.05468177247533141,0.018740615393152252,0.030975470700996276
1804,0.01632793518540346,0.0308123904563901,0.05584738060321856,0.02153877199390754,0.03324280776426559
1805,0.017044928584339872,0.03349996340011258,0.05600199670343935,0.023195234026070287,0.03483227120190874
1806,0.016072670273821428,0.035657856998271766,0.052150878086756454,0.024097072004991008,0.03443762717524871
1807,0.015855520067482077,0.039504841456506234,0.049533874356221114,0.026886214195619186,0.035024619197866355
1808,0.014286291952528136,0.03822772174762498,0.04519343534203334,0.02613459233342955,0.03271677032152416
1809,0.012887402613836548,0.032882882630120784,0.04446908215823338,0.02265431162649224,0.030359568299615957
1810,0.012608784928522453,0.026302195012747005,0.04407145932033933,0.017826416883614467,0.02792181455110367
1811,0.011357015727106306,0.02144929076693214,0.04501735951915605,0.014141453135579296,0.02596574048240851
1812,0.009768048222059466,0.01959944081606552,0.04643369582835526,0.01295625581533726,0.024719845956017086
1813,0.009088405589779986,0.0198760553390453,0.04455576489404475,0.012899332245270196,0.023932746095964227
1814,0.010227291508405486,0.02072657255512354,0.04350042140674123,0.013826252708120611,0.024841953084140635
1815,0.011944872125461593,0.02545908100493853,0.04424007834026309,0.01776962257313384,0.027719241703116328
1816,0.013267120272263979,0.031130092781416006,0.04234572097022785,0.02148376322342143,0.029400841503978058
1817,0.01607666149866064,0.03407752951794189,0.042475331211648176,0.024045164678382008,0.03149665133508477
1818,0.017182950997327216,0.03430992481022213,0.041304632333661453,0.02559533511622245,0.03152988312708762
1819,0.017081479955869457,0.035970721048825975,0.041822543558813825,0.026565050888476868,0.032102835952971795
1820,0.016033457100956765,0.03745265140964353,0.04209279871624872,0.02684340043672935,0.031890532970299215
1821,0.015659559874114225,0.03338766549055239,0.04317710120517695,0.024320684589611764,0.03081215218143363
1822,0.01591163313697176,0.031779548141663096,0.04288714577027783,0.023395900339496054,0.030475993485491737
1823,0.016448270432643908,0.033770960287798996,0.044618589345017286,0.02441980393727143,0.03154763691354517
1824,0.016437603490737467,0.034925821660995594,0.04780356035499971,0.024709313291691702,0.032110976803609304
1825,0.016938377516860958,0.03638746852977867,0.05182691600964598,0.02642248822307083,0.0337913042215945
1826,0.016219081673498073,0.034156461721986296,0.05470364501693026,0.02473677513051868,0.03313406378954204
1827,0.016006881129629842,0.03409896505209775,0.0570302284390169,0.023909696626887373,0.033193448452273594
1828,0.016723409499338274,0.03443436071161473,0.057009648821924275,0.02463175717358003,0.03363359275464281
1829,0.016308248220202187,0.034056412155324456,0.058880237158410745,0.024074787339931177,0.03388771434806729
1830,0.01594821560768726,0.035166326526521505,0.05691776709188336,0.022676671726187352,0.03353308313079876
1831,0.015091143922655047,0.03611842364869629,0.05584274035492241,0.02216355547083531,0.033259844240502996
1832,0.013188438507899579,0.03733571283618908,0.05330153023949757,0.022280012611760682,0.03254850988355057
1833,0.0098045065902325,0.03005179450927525,0.05214447382572139,0.017030594765707327,0.028789395466223448
1834,0.007782465519153239,0.023119339856520066,0.052101332867860846,0.014441696032578187,0.025086094820633325
1835,0.009818278252366648,0.021234229258554196,0.04964489546001326,0.015589758747034273,0.026052971142913346
1836,0.008565623244221943,0.020047222472534605,0.051317431055106534,0.015130548490687646,0.025075437765785788
1837,0.007407158455769384,0.01978165643550824,0.051649736486681926,0.015181533448559133,0.02354664676823369
1838,0.007749251639862857,0.02166351026365131,0.05313254032946328,0.017095330198206984,0.024388234361565023
1839,0.008955766158602402,0.023993182622950526,0.05138596411843818,0.018920560224122626,0.0262489189068563
1840,0.011160785469720571,0.028942430313097175,0.051375138107334205,0.021273124693017686,0.028997725157973386
1841,0.014897459068170162,0.032835655989568925,0.054171484949578894,0.024441683558398545,0.032637833647077875
1842,0.01514804396667876,0.03160418525343067,0.05280909235157462,0.023867665992129524,0.03204701222063513
1843,0.015114552822041293,0.03233529325316381,0.05449825013377194,0.023739928209184625,0.03285464698979959
1844,0.015114456559766874,0.0331093354080973,0.055100978204074814,0.024213797376908024,0.033079291017134256
1845,0.015110524443145743,0.03347558235496093,0.05539777465130251,0.0245305605922942,0.033251149983716186
1846,0.015147593144447281,0.03255651791623744,0.054101641171886865,0.02329300412449814,0.03309138675155949
1847,0.015144875479997554,0.02940989493467549,0.05593470542411363,0.020821376293951616,0.03219550640047839
1848,0.0151595217844257,0.02954398255413663,0.057310153682272075,0.02051190494486425,0.03224866055375541
1849,0.015467296689839358,0.034726459143347106,0.05683629589507292,0.023510881432048575,0.0341146428387682
1850,0.015723605307516417,0.03488171100864676,0.05853619666721508,0.023650992335060208,0.03440956511266673
1851,0.015753176364591018,0.03426892237092931,0.06073350850874906,0.023277864153775394,0.034476766830852004
1852,0.015930581998561545,0.03529403080882415,0.060482163665660504,0.023890910147847284,0.03491694480338
1853,0.0161922885805606,0.03464608644892742,0.06218109421566799,0.023806584150006905,0.03507405527450793
1854,0.016421486491044295,0.03229057627124785,0.06345786443871146,0.022874607803762197,0.03447863190029077
1855,0.01584912241790183,0.030536298622251733,0.061507260245628005,0.021638287399293268,0.033505557975907554
1856,0.014754458675376282,0.027239519074788224,0.05681791274495515,0.018943167069286535,0.03192533830579549
1857,0.012740184312955663,0.023332620167116888,0.052125296807922314,0.01618208247992353,0.02937340576630221
1858,0.010711627539260415,0.01912045759265401,0.0516957067035016,0.013714334574853038,0.026752348126190505
1859,0.007324633281063698,0.01443690668824929,0.051706886865403485,0.01090246093274463,0.02255635537480408
1860,0.007170770431080223,0.013444854180373493,0.04770388643386564,0.011015424576788958,0.021772380830777288
1861,0.007474938219638759,0.013445469569637823,0.045676578728661835,0.011079894219082361,0.021266038757751144
1862,0.00802811803478733,0.014049159654299401,0.048832730507209356,0.011545596325708727,0.022632215834035414
1863,0.009352635970481867,0.015621639839969798,0.05189028614008301,0.012696924825753644,0.023859809564613414
1864,0.011454399613886036,0.018585837725123015,0.053471173513215155,0.014447825772492756,0.026179119728388774
1865,0.015297986273273598,0.024680936137635428,0.05198812376400182,0.018877214933187062,0.03028162339945174
1866,0.01569812312651374,0.0257113909704716,0.050396855077999875,0.01942895737549123,0.030304460220503582
1867,0.0157358325295054,0.02036265332512202,0.051721186134293363,0.01619144776742675,0.028627889979182933
1868,0.01569259599983192,0.019771088302467325,0.051992900232482535,0.01584455103753166,0.028703611046904196
1869,0.015864183314908638,0.020383310348853774,0.052697959606181476,0.0151508991500921,0.029096969017586908
1870,0.015961209612789254,0.021342628864618993,0.05290037537170118,0.014803662509599405,0.02974610668300811
1871,0.01611555442632849,0.02248520198183574,0.052505519215346345,0.01526883321339465,0.030392570680420235
1872,0.016239357728766116,0.02375394140303759,0.054780212018958024,0.015825332650494395,0.031044563979329975
1873,0.0162741169981266,0.02475088586675108,0.057632117051211074,0.01788574090345192,0.031568278057615945
1874,0.016310679442179416,0.02635759516860587,0.05893993331491448,0.019996713705129482,0.03222341995958028
1875,0.01619516551057694,0.025880471143045012,0.05948193755764101,0.019788889328034794,0.03201599804720776
1876,0.016120490385118442,0.026532734088038582,0.057455294497178996,0.02002117558526858,0.03180885376233304
1877,0.01618373559719697,0.026858504899577997,0.05580318542552477,0.020211777637262826,0.03167840144822531
1878,0.01588662460560492,0.025333477201351706,0.04461027337596417,0.018671935953675764,0.030144486677755628
1879,0.014333848028218854,0.027016622569842223,0.04318263871993636,0.019499891187438147,0.029685342263272102
1880,0.010834742586476412,0.025354375097464035,0.04220652168669392,0.01826912874477301,0.02694509814847292
1881,0.008880184558690692,0.01805428699258966,0.04141569354869329,0.013478324558491375,0.023337026814611417
1882,0.007982038288849823,0.01399227109092361,0.04360380109290932,0.01049053110585384,0.02117263559609609
1883,0.008297054598535525,0.013196136881897353,0.04269631998578184,0.01018565844274891,0.020906802827290235
1884,0.007357435128648641,0.012987405303905259,0.045728516563078365,0.010278399770143515,0.020546613340536587
1885,0.007415288534226147,0.014425759611392794,0.04496144725712589,0.011447885442533404,0.02098089448246181
1886,0.008165379864755762,0.016570659247000727,0.0452087215170016,0.01326758351554048,0.022352792353141263
1887,0.009479830197882743,0.01823567623760127,0.04485748634073074,0.015075282423849142,0.02399663137434546
1888,0.011838429910851642,0.02047322435968758,0.04729313112589025,0.017151915692478918,0.026248281994068735
1889,0.015623473202217214,0.023845888273001423,0.04821824554225824,0.019430971150797578,0.029575196980716003
1890,0.016595533306380056,0.02151315789136964,0.04688629915895111,0.017550827510483823,0.028538649889511953
1891,0.017071753205345513,0.02277170740971151,0.0478394233243274,0.018215883807802404,0.029427282780511453
1892,0.01694960577675904,0.024335692431823312,0.04766919299077018,0.018129090389154095,0.02995927762574063
1893,0.01695840949514702,0.022490447664973604,0.04840768161010575,0.016584201932568904,0.029365367960963697
1894,0.017144102454244758,0.02196470256779584,0.0472021031481691,0.0160343442742669,0.029350062992989995
1895,0.017241614451955895,0.022588807251563345,0.04781417366205931,0.01619960566672493,0.029848400503401026
1896,0.017069805356591247,0.023015903913696425,0.05121057716082183,0.016331646671566405,0.030222156003779498
1897,0.017185482319802905,0.023519478995696553,0.05513522094321978,0.018967568453524198,0.031121249118096807
1898,0.016901984353010695,0.025453509939615725,0.05517398550530471,0.021025443268005425,0.031399074919272504
1899,0.01703527072988136,0.02545310719713148,0.0571510049277891,0.021090796176527024,0.031630659038451095
1900,0.017205535377975128,0.02491750471095072,0.05751778055301707,0.02078974726533502,0.03167305356955744
1901,0.01733704352982082,0.024526341435704285,0.05509577178948145,0.020612175742999936,0.031238082532880868
1902,0.017145259189789864,0.025261862051989138,0.04967977898378076,0.020705141605540787,0.030279562899742107
1903,0.014827561602751772,0.024284938995165564,0.046958747023791596,0.018841730905685652,0.028635530689403905
1904,0.011385131341459817,0.019749165859748324,0.044035267761577644,0.015084301563739858,0.025067100289157984
1905,0.009255947338196567,0.01714242252514434,0.043583017270746004,0.014327296578362242,0.023260919741883598
1906,0.007991745343275108,0.015240623215452135,0.04223539463661553,0.012826277295576595,0.02150242183423815
1907,0.007465896856896768,0.014257925692938232,0.041794490746539216,0.012051136935931853,0.020603413045118143
1908,0.0073491292744057735,0.013684569257773076,0.04276181042798893,0.011341915170676845,0.020685642686169924
1909,0.007719122194220499,0.014531189748923324,0.0419529707772481,0.012185437196819046,0.020792185331399014
1910,0.00830037893089461,0.01582829726011573,0.044545259838790104,0.013375348812470964,0.021820410981323764
1911,0.009554671753550658,0.017488983301486523,0.04544246308750803,0.014817354417251653,0.023520628956981635
1912,0.012275428248934659,0.019649121205805146,0.044615931874445264,0.016712170543800132,0.025636929347229016
1913,0.015995052673475167,0.020481176334168637,0.044889018359599804,0.017686146442732757,0.027917555177414802
1914,0.016656887498540537,0.019393680803738076,0.045793889958747544,0.01689994860666237,0.027920482475675794
1915,0.016118438530457926,0.0189845661926743,0.04677010481414723,0.015150927489962954,0.027972848216431763
1916,0.016283275364992918,0.020322729144443694,0.04580158545890552,0.015275151468529802,0.02810853439113073
1917,0.016317745266269196,0.019064272938507362,0.045940502553800354,0.01451095269461971,0.027757389838006956
1918,0.016394644531948405,0.017715025843539876,0.045974648299506524,0.013464334198441792,0.027406699046575306
1919,0.017171271590025454,0.018580330846992153,0.04893027319206978,0.013731430955446784,0.02864233879140866
1920,0.016303850150085602,0.0221674918671747,0.05341990637202416,0.015358442262696623,0.030082186398299782
1921,0.01603819903945913,0.02469824505287958,0.05859665395969571,0.017783715334993868,0.031502949366217586
1922,0.016254174558095878,0.02807605787900434,0.06032309421415989,0.02075580175366947,0.03274211242937992
1923,0.01623229547031346,0.028933487531931576,0.05972253568144399,0.021401430038923374,0.03293522539879118
1924,0.016654862558560267,0.03154885493733272,0.05895092640930414,0.023146438092197335,0.03402711022635396
1925,0.017282495893988652,0.03059629936905543,0.06120685567256783,0.023940210643402876,0.03474416101843785
1926,0.017219834533420957,0.029485508995149536,0.06063832412182525,0.0243483387115819,0.03494518091910325
1927,0.014997557923796099,0.031256891728517554,0.07197967570017205,0.024871070082424913,0.03873188793030214
1928,0.010991543670354076,0.030172525040347148,0.07752327064699663,0.023498105213615988,0.037373693226301234
1929,0.008996738828874378,0.025614413174387993,0.0728791775662578,0.019671137250253386,0.03381710339865011
1930,0.00781499569657347,0.02047698844624613,0.06904047867299345,0.015771536421044546,0.03084894920270096
1931,0.007327830321987752,0.019335524792027,0.06979367608949778,0.015241022986540785,0.029745808252884583
1932,0.0073141177956785545,0.018454608628710317,0.07701507882932937,0.014113231513574772,0.030305665589538663
1933,0.007466008373680231,0.016831628471883565,0.07674061964525751,0.013748577084601808,0.030309868754256935
1934,0.008447106958531257,0.017708727735508672,0.07657961595851953,0.014662478304174525,0.03133331386201681
1935,0.009911859692243724,0.019908788954943114,0.07756172700946509,0.01599771664490058,0.03382797197226554
1936,0.012123536119904096,0.02419716058914983,0.07934203536350874,0.019106005746690594,0.037393394627276734
1937,0.015776967560160452,0.02772307792966295,0.08147678166409665,0.021715098634452923,0.04148144254786541
1938,0.01614619415564397,0.027535671805655786,0.08010784007193764,0.021088809697515094,0.04113789855590389
1939,0.016119820046125027,0.028654142088073663,0.08000651759359965,0.021552810557814776,0.04170825826896647
1940,0.016176292550630404,0.029965067332944115,0.08038233734316359,0.022232664499063474,0.0424847801181492
1941,0.016147669314144752,0.02997412618239495,0.08208252746683031,0.022258429934526192,0.0427960303126924
1942,0.01637401036789664,0.030979284365232805,0.08126197818354122,0.0226732850439016,0.043693595649344795
1943,0.017097044683917473,0.03260072775046752,0.08518647482500441,0.023170830270749763,0.04470902091349025
1944,0.0169212321358502,0.03346866522146084,0.09567494613754782,0.023323288173572373,0.04612324201809461
1945,0.017432053045649428,0.03535583560007393,0.10622139669789782,0.024357428454109133,0.04845906248759125
1946,0.016928679563624288,0.03663463594824174,0.11237046510536743,0.02494107783660098,0.048878198316761656
1947,0.016356247345561202,0.035709933605493994,0.11753195681646952,0.02439672220463346,0.04844367309400129
1948,0.016458517606006976,0.03524631786153619,0.11525340119735876,0.02435782987648196,0.0483483499340911
1949,0.017460472640309747,0.03524299162421004,0.10792348238209389,0.026089842018371105,0.048410383906737624
1950,0.017197032976587832,0.032189293875804714,0.09827893464043057,0.024946413722169027,0.04580316468123883
1951,0.0159695640549961,0.0323058043003135,0.09307482497722226,0.02549317686226704,0.04457732861027862
1952,0.01456995597591924,0.033364207160818844,0.08985484586750682,0.02600155536080604,0.043599952658224514
1953,0.014426284716545371,0.03075453959582519,0.08486974834001061,0.02302712307671059,0.04285443745956538
1954,0.012500650560701043,0.025659072539396297,0.08140961419304273,0.01894677089562228,0.03991975116075888
1955,0.009871215562216111,0.01920294553095039,0.07542655712536421,0.014922045694970203,0.033980657556067724
1956,0.007907805901306096,0.018681440008999694,0.07734699620932159,0.015390751260850858,0.03255928011182876
1957,0.007639853559847521,0.017870423797823897,0.07395181733467512,0.015283075227565198,0.031685761780042725
1958,0.008437319857215282,0.01888529767689347,0.07087074366476778,0.016255407322812627,0.0327540696750433
1959,0.009531665541869884,0.02065418122737715,0.0739156698466412,0.0176461822593787,0.034174087652164446
1960,0.011987820122657157,0.024807581857108508,0.07430637991651687,0.02072914557887032,0.037539872188924746
1961,0.015620972210097195,0.027645069795472585,0.07623257546115883,0.02215468807063082,0.040748980017016406
1962,0.016493041418718796,0.029405307066097754,0.07710589105943852,0.021235167332387273,0.04128620090467573
1963,0.016671518698840492,0.030560648436908137,0.07744576288881744,0.02187099689037466,0.041532899143533794
1964,0.01660009758816672,0.032585926698112465,0.0777901051247847,0.022984144761073137,0.04232707275672564
1965,0.01654244270043257,0.03271774921148454,0.07628478792606923,0.02296498983175109,0.04239433641565463
1966,0.01683181969959195,0.031074556252079208,0.07599975079082133,0.022555040440246515,0.04254110206587248
1967,0.017726180410473122,0.029378451037346084,0.08205262546446404,0.02161892746484429,0.043393075718625565
1968,0.016977842420447736,0.027378212621253808,0.0891492272579988,0.020186002804635308,0.042982551286519365
1969,0.01755541400889459,0.02791786611577025,0.09780948003268386,0.021389830418832852,0.044727045316473785
1970,0.01732606956837422,0.02937397716396498,0.10155167988275846,0.0230562329986907,0.04535606646803417
1971,0.017454866552721424,0.029439063377132847,0.10629330550149069,0.023228294947155486,0.04550855565489349
1972,0.017422655666962262,0.029362287925330858,0.10557356659434204,0.023200864076409373,0.045303540842028554
1973,0.01751687345426167,0.029522963920074852,0.10040518272896012,0.023336293399707848,0.04517439838339636
1974,0.017254290021678272,0.02784165638220705,0.08928809774283482,0.022343502205222375,0.04296192867286301
1975,0.01562603827778194,0.02857003093396787,0.0847487876243987,0.022461989023153103,0.041623810104937854
1976,0.012464761429049035,0.025414943532517602,0.07912092964463048,0.02001222865605041,0.03779301350671236
1977,0.009279873447330885,0.02239101164614099,0.07251761716819663,0.017181155784937542,0.03377389111417175
1978,0.008439364455984423,0.019326408591227622,0.06890624118075091,0.01511256787884785,0.031532123882835265
1979,0.008275628324238032,0.01874372987644646,0.06847455319283019,0.014634099904857827,0.031149452426759695
1980,0.008027224806665009,0.02031093536156688,0.07298770235212274,0.01643454138587512,0.032349482047163924
1981,0.007580543832985489,0.02027898714208056,0.07321420411007398,0.016624701895940796,0.03184126723313622
1982,0.008176547106636596,0.020901227589296214,0.07036302526101283,0.017671309447578637,0.032595613734679174
1983,0.009406277211713847,0.023577011257132255,0.07202983335012214,0.019640884170245364,0.03445175943993426
1984,0.011955437692798127,0.027577489940964275,0.07720173925690758,0.023285686854731348,0.03803211639916692
1985,0.015898532630331353,0.02735004790617341,0.0779055963087901,0.02286019149724046,0.04092810826084033
1986,0.017117281305592483,0.024525377775700456,0.07700710139775113,0.0178916967090079,0.040133492322915514
1987,0.017039786645757376,0.021043027592724063,0.07791323703896928,0.015278883900618021,0.039254741821181355
1988,0.01694742760594478,0.02002977438095971,0.07825992438088715,0.014589129773520927,0.03909198058979509
1989,0.016761501616393927,0.017042322483474117,0.07773781726443657,0.012588233390059999,0.038033060261640106
1990,0.01686035632082187,0.0169489495742749,0.07554401634035696,0.0142767471361284,0.03816261664776664
1991,0.017272131682995594,0.017391262641800416,0.07947829160131498,0.015326292703783929,0.039173014122318765
1992,0.01678265729904983,0.018206544826647894,0.08656260935558459,0.015800382666059997,0.03989990065042049
1993,0.016995763068649323,0.01920143433261267,0.09496904537130506,0.016368134937555512,0.041123430791486226
1994,0.017092309061419095,0.02047732667369086,0.10030458468269061,0.01725165395142723,0.04204503741793404
1995,0.017187457434014435,0.02135969831790426,0.10373322245770752,0.017828781780567293,0.04298107586962036
1996,0.017340017906796915,0.021566879910800092,0.10618361365331083,0.018267363935613727,0.043515033408505224
1997,0.017057049236336105,0.02173089923330788,0.10348653759951167,0.019064973103965127,0.042997169712993784
1998,0.012552861527206237,0.021098991712590307,0.10169250724370368,0.018067500631568926,0.04054872001820045
1999,0.007508933425855517,0.020889286417365663,0.09991187522164069,0.017504095308397073,0.038270851223355856
2000,0.005668883986112645,0.019260654880999706,0.0907959582522546,0.0160237708954581,0.03563906652545556
2001,0.004545943693024461,0.017053879672076055,0.08579140065354286,0.013821664354621035,0.032448306880341074
2002,0.004015093223024514,0.012960845236653177,0.08010228470228607,0.010610525928218819,0.028977296521840223
2003,0.0038461748835981586,0.011747958952464011,0.07240797464846609,0.009404950853412246,0.027051984345542988
2004,0.003912619559544749,0.011650786254188807,0.07312675107642938,0.008920589756524686,0.026867003144719015
2005,0.006716745873479986,0.01244772894714682,0.07510222677947855,0.00986158826100682,0.028141953372745204
2006,0.008227922445999547,0.013211170764444703,0.0768680904870785,0.0109595170432397,0.02943816137224549
2007,0.009640708837313418,0.01626905549077224,0.07989090431028338,0.013562644784107411,0.03285336348101996
2008,0.012226662216821015,0.022377892641303503,0.08141260154406608,0.018219803253241736,0.03814101166605778
2009,0.016025591586021855,0.025294503146578776,0.08275233359604753,0.020433445189965864,0.04171276803720902
2010,0.016924231345396324,0.024435099311040244,0.08113149300445607,0.02001289282673021,0.04085426957946307
2011,0.016673895410266634,0.023873212915704177,0.08243005896959542,0.01963065300970191,0.04101623657959961
2012,0.015575073607876154,0.022278677212000685,0.08202870522686799,0.018235824446857056,0.040752629164908453
2013,0.015383846617466088,0.02024561552242578,0.08009896189366032,0.016779101606201368,0.039312792513560894
2014,0.015321507665923363,0.020575246645128324,0.08035190524054432,0.016659060555068078,0.038778206493931947
2015,0.01575949891469962,0.021271238042163142,0.08141672389117922,0.017094474039388793,0.039300959546365415
2016,0.016468570685759916,0.021504189142072815,0.08109174456469606,0.01720018784190329,0.039814217236199025
2017,0.016604249963282212,0.02240911874265536,0.08653490654476138,0.01821199994007795,0.04075368908773548
2018,0.01634870181333,0.023858618528228775,0.09083188339325436,0.019016896883275115,0.04132966998813304
2019,0.016112572600194178,0.024490250769078323,0.09568365677771247,0.01941364755277885,0.04181800458475444
2020,0.016032622597406,0.025066177404698818,0.09813681638754794,0.019787835938071822,0.042174646359905046
2021,0.016586604591642302,0.027904157210901885,0.09806476689182238,0.021960593168886187,0.043463118955621896
2022,0.015846114782454557,0.026046749835145423,0.0956212620826055,0.020571788914383046,0.04179021306630857
2023,0.015070425146241049,0.02567171324571052,0.09062231525482055,0.01999109322254137,0.040622497422607894
2024,0.013271412372894722,0.024848801302205212,0.0883704567060466,0.01891422600692347,0.03890536623881217
2025,0.011337853605502123,0.02225626898366976,0.08032312097292228,0.017648816093961642,0.03613726922136806
2026,0.010131871406812066,0.01752320172360511,0.07712730816833573,0.014104740685851129,0.03364932880927909
2027,0.008943927648529235,0.015954229984979296,0.07518000032462195,0.012575889739682308,0.032237827843397265
2028,0.007983178376670239,0.014904478331718709,0.07491358130029417,0.01159662698157659,0.030400340658588345
2029,0.010803897335883713,0.016870514889391525,0.07577301710588823,0.013557429938045432,0.034034975162072885
2030,0.010044681903581746,0.01879153740310667,0.07935918695722549,0.014530477586825012,0.03454194053643231
2031,0.010536571718428901,0.019517778196198616,0.08409149668933025,0.015287183194812771,0.03535263399038685
2032,0.011838769234684549,0.023796504462402092,0.08552295297079548,0.018438066947290076,0.037809014115783676
2033,0.014232897159119724,0.024110081614280295,0.08416919996258353,0.019314796191497317,0.0392957542157502
2034,0.015194056849065983,0.02128271634876545,0.08248978266047108,0.016605372555407144,0.03870307374805724
2035,0.015276258280262894,0.018728554441313442,0.08224006507631235,0.014880457157767367,0.03783167049784369
2036,0.015155606840707521,0.0168837770214069,0.08098054014850613,0.013646806641851078,0.037509497663992475
2037,0.015230979801760592,0.01688909198571151,0.08138597036186172,0.013700278078348942,0.03776819890487307
2038,0.015322102724293527,0.01856067268345315,0.08464640054257237,0.014642313590672888,0.03914059325951467
2039,0.0160457919530129,0.019310403012202153,0.083869814915004,0.014857139783810832,0.0401013611291859
2040,0.016488684152845892,0.01953549124644488,0.08402839259985635,0.014718080182172182,0.04078684546620959
2041,0.016232901069843722,0.020976512292632088,0.08774235702876738,0.016695832058670982,0.04146724723400497
2042,0.016270812370284684,0.02141112549016053,0.09207392780284111,0.017400092205147676,0.04208916405323388
2043,0.016471653179120072,0.021411908280477638,0.094598217039535,0.017399580478629925,0.04239957253607223
2044,0.016388584049107452,0.021489197162028198,0.09398758885867732,0.01747322085541932,0.04215361740295018
2045,0.016363641717495898,0.022609565309694407,0.08819806514086859,0.018277752792279712,0.041608901314978186
2046,0.01621863463421571,0.022964532836747927,0.08016987716468885,0.01872685263494251,0.04020159180889574
2047,0.01445236899322275,0.02208633349191872,0.07575433684029129,0.01741433631751142,0.03825567360817994
2048,0.012085297071394578,0.019405079706136558,0.07452490429090829,0.014799498210074756,0.03471392908194948
2049,0.009041730714953452,0.019868263622605,0.07081050288064847,0.014725121385632969,0.03235962223695452
2050,0.007464550693679346,0.01684649827524693,0.06984264773553774,0.012735904534051701,0.02921307166328842
2051,0.006969733744129011,0.01336496575273186,0.07058657030478625,0.010127038570351217,0.02732347287355704
2052,0.006900501919362211,0.012783591311966692,0.07318421044919315,0.010381009130678584,0.027994148924215877
2053,0.007146017424396045,0.013556112481321375,0.07077385330093776,0.011683082617982647,0.028755964843890112
2054,0.007873630921662142,0.014534931355673254,0.07053274656895782,0.012827305958246507,0.030188537818203458
2055,0.00923863975157397,0.01569545233169628,0.07525766292691498,0.01386582413292349,0.032088456914325054
2056,0.011462551272890035,0.016401793123731724,0.07665843247015977,0.01447371617892111,0.03419011629605272
2057,0.014553381205169585,0.017422500797736024,0.07569573513415424,0.01532956001284769,0.03660885973646593
2058,0.01515183817061398,0.016328429010408173,0.07351508616223826,0.013414577977728754,0.0360820244243957
2059,0.01550864245230929,0.015755580990889806,0.07290828391885591,0.01283317259943262,0.035896561568201625
2060,0.015281335564845917,0.01723306603945779,0.07178476428983906,0.013932085359392254,0.036777954860266325
2061,0.015178332306204901,0.018088212637827162,0.07300820256082627,0.014524831964250537,0.03741534533969823
2062,0.015222950849322778,0.019784054487315527,0.07198711044445599,0.015532514908176769,0.03863496725184117
2063,0.016152585763645578,0.02241645313036746,0.07718979822564764,0.01776602392865004,0.04070924827249841
2064,0.015666389346927,0.024695267984702864,0.08503492331033177,0.01914547823550489,0.04205324157958929
2065,0.015597336469304258,0.026763388099183442,0.09509580084958048,0.020225676332863807,0.043850868838356774
2066,0.013183898050763532,0.033062273603190265,0.10043129779222523,0.023638200352221455,0.04523930464604194
2067,0.015411466153554704,0.037232898944458026,0.09962907861322932,0.026681928259151597,0.0467205428906152
2068,0.015601887560873606,0.04048845234854143,0.09887120946013311,0.028762042469330184,0.047896120646976376
2069,0.015960049818503456,0.041682157097865234,0.0943293525630446,0.03158796614888032,0.048587812599537705
2070,0.016122573597589413,0.038699532341495695,0.08343217462713833,0.030248199104800953,0.046620776669410155
2071,0.01389488239562335,0.03215390997649672,0.07713937474006072,0.025421214687767205,0.04218261090146059
2072,0.010430527307402113,0.026392709881637947,0.0753934461670235,0.021380322291929037,0.03695266996196538
2073,0.008636907388394578,0.02021057135178225,0.07122444823028123,0.016516027166073595,0.03282218784885841
2074,0.0077049849156367355,0.016761440656570103,0.07206445249531108,0.013864547009888858,0.030646660060014267
2075,0.007096046716764077,0.015757145383465603,0.07319905420964583,0.012206369161783588,0.0289171352298526
2076,0.00700887949122451,0.01437773969659999,0.07775350673620197,0.011148097043021613,0.028651876003591314
2077,0.007166317793050122,0.01586293691700624,0.07351668223188414,0.011318308517303829,0.028901076834732267
2078,0.008476058695688392,0.019065321540346777,0.07122112060480085,0.014927178411883606,0.03129140754646304
2079,0.010238777844318932,0.023356984132785995,0.07200564172423442,0.01878968621919527,0.034740044053760646
2080,0.011300338085010091,0.02708839417762254,0.07372760038882943,0.021793891856206893,0.03680806167842821
2081,0.014345620723795874,0.03051547069738262,0.0802954706044635,0.023382034745220756,0.04116963703213675
2082,0.015213059444325317,0.03127950640702592,0.07943045641625845,0.021906150073796923,0.041579096652892375
2083,0.015349280964265364,0.03462155420811926,0.07889760338535705,0.023870182867175346,0.043043917167204876
2084,0.015241240543940774,0.03564049869730482,0.08116452440902298,0.02536068077287133,0.043692618506041954
2085,0.015303065873572611,0.03716941346272994,0.08307268654537729,0.028193925966013618,0.04468338136560257
2086,0.015347996974231188,0.038051480348403215,0.08120901293150717,0.02864603137346125,0.0453188710412587
2087,0.015703705712194847,0.04144439539680101,0.08522616604971933,0.029912067455242303,0.04672723584981228
2088,0.015413171171762103,0.04362909622555093,0.09333343465042922,0.03088994876032974,0.04832140251808946
2089,0.01566427083411003,0.04386629627426576,0.10082337837538398,0.030788428910582945,0.04937127234531833
2090,0.016338748376979653,0.03934725332669053,0.10798870834323461,0.027933934899844578,0.04869928346811243
2091,0.016402814858782495,0.03546096754489069,0.11124969943264339,0.025429497786099688,0.04805236253787682
2092,0.01674974792123468,0.033119043942703784,0.11489453382087368,0.024817365897371838,0.047872899671614726
2093,0.016702274980918818,0.033231802820428945,0.10679437880090628,0.02506987470235494,0.04744710659649063
2094,0.01660665691978125,0.032740324130711956,0.09545925005771898,0.024922885121590375,0.04601069317244302
2095,0.014971610212900274,0.03211460052248847,0.08916355014992255,0.024059592990631026,0.04400420449329072
2096,0.012977962955294572,0.029363752550465447,0.08551587417716876,0.021839896192800076,0.04089530715194789
2097,0.01156152293378564,0.026494502444901397,0.08106624138842379,0.018925573111591952,0.038312788472014414
2098,0.011201964210793287,0.023704427081481877,0.08106479246276566,0.018134790029651213,0.03753177779621135
2099,0.010096781238486086,0.022567640441257485,0.08379732191852447,0.017400088519456396,0.03647860870955357
2100,0.008838029061017754,0.020808587511213075,0.08709491894222812,0.016055449219119052,0.035052589929934375
2101,0.008261207578581509,0.020641111807735972,0.08485744384260777,0.016556545880396432,0.033534057002382205
2102,0.008395832417343433,0.024893886324201444,0.07976558575194317,0.021188266003669198,0.03507481543077565
2103,0.009023952384857373,0.02526555707546477,0.07763435949286093,0.021571804022822865,0.03562345269051931
2104,0.01181859072692996,0.026339653216876424,0.07766940768353249,0.02243823208698116,0.038390084774652104
2105,0.014877404299304491,0.02783924186934553,0.07835627881881412,0.023322045852586838,0.04107846499701898
2106,0.015975455636034298,0.030776863457019906,0.07791458087160603,0.025097818984544783,0.04221748557655723
2107,0.015863387069612923,0.030765249144374496,0.0783504594099633,0.025122216785807876,0.042272804748075404
2108,0.01585453567431323,0.029905281127226832,0.07848399635220124,0.02438105295209869,0.042356266175531
2109,0.01610990178752928,0.029014231750462787,0.07992379641075094,0.023741996905216858,0.04233393165457548
2110,0.016456426559799286,0.029569303257929405,0.08379768932395529,0.023940317417434655,0.04341716022048966
2111,0.016397092716711727,0.027319870483803306,0.09097600151758065,0.021578375556135145,0.043254781586833414
2112,0.01619248841221646,0.02406527148284543,0.10299000776132936,0.01975376362500683,0.042688199263434985
2113,0.01615655922578557,0.02501045776238993,0.11727361517852515,0.02065826485756693,0.043751211286003594
2114,0.016268431205887494,0.025913078433688196,0.1206988003175535,0.021254198023590187,0.043915278035300244
2115,0.015861356283274255,0.02571276801822297,0.12981835688069435,0.020981810823688177,0.04484628012006608
2116,0.015718872736885835,0.026346304815123914,0.13137272507885012,0.02130200953736483,0.044931180314791805
2117,0.01603403063723498,0.030777798896296407,0.11385183889861628,0.02444395707929701,0.045192330257868306
2118,0.01598815764984027,0.034366308782719734,0.09637152130571712,0.02698658716628594,0.044264822736812315
2119,0.014339517632400127,0.03337215364894619,0.08802489019238227,0.02591532614471602,0.04220582020740482
2120,0.01283925712254851,0.0318954461667824,0.08160413511481995,0.02449118878590453,0.04026328923825887
2121,0.010029160744179205,0.031798863388382545,0.0765103872600322,0.022692411899917157,0.03771038615942389
2122,0.01037991557801188,0.027981339141358683,0.07506421105203785,0.019848563439654698,0.03760860290622552
2123,0.008427332657183225,0.021959558653774018,0.07533129376250197,0.014932875654030172,0.03308079561093156
2124,0.007990590563632905,0.01867853925443122,0.07959917121121354,0.01282480591259041,0.031496906548801
2125,0.008189099697899228,0.017734786649899418,0.0785629986331771,0.013068846861963721,0.031075356290245056
2126,0.008465755268643859,0.020626641578119085,0.07513959580785756,0.01720263236229104,0.03283952154594585
2127,0.009087214856460597,0.024657287141122242,0.07663053950498817,0.02043321076217276,0.035348169683521925
2128,0.011078876437608493,0.029000587407965326,0.07466049634941672,0.023444155793664517,0.03770958087265264
2129,0.013497138827932513,0.034888667816446124,0.07521061403012623,0.02505464635913387,0.04154043333550027
2130,0.014549860171015864,0.03869019822758438,0.08382398666976215,0.025543951093553535,0.046407373078384356
2131,0.014861721455399041,0.039942279079774066,0.07531457532811815,0.029703782676748544,0.04402503994707069
2132,0.015379299193721078,0.040312933266786484,0.07517708318388658,0.030590498112058773,0.044215454003232145
2133,0.015545194259471332,0.03900356908438723,0.07547966336394672,0.02970387055811859,0.043841114255136836
2134,0.01555263299169173,0.03862415431218443,0.07407878680526166,0.029329378993133218,0.04390223271795488
2135,0.01585387417385214,0.04087766411331881,0.07686802062993227,0.030402286050751813,0.04468098409037797
2136,0.0157646046446889,0.041016755201300784,0.08017940163385204,0.030823388649070593,0.045604208623578994
2137,0.01603488111348182,0.04172765566502027,0.08837663717625048,0.031054199893360276,0.047525582160898534
2138,0.015605837877737432,0.0430498347324588,0.0945943192220152,0.031727135379600396,0.04873467087450553
2139,0.015661927601828704,0.044971339001383316,0.09454256015542023,0.03279904917876414,0.04950938360148562
2140,0.015541053109836037,0.04450213760466954,0.09151907249853707,0.03257551370571602,0.05036384205106325
2141,0.015497351761156507,0.044660655845017064,0.09173370548977725,0.0300046763272147,0.05030558134239997
2142,0.01573746287203178,0.04450182029926158,0.09374401587090601,0.032920124240700434,0.05031544093748269
2143,0.013220795594830746,0.03792293848960567,0.09547241202626511,0.028332156197475707,0.045655031327360006
2144,0.009778937430930335,0.028247896410747778,0.09161055459080367,0.020747606525542545,0.03885572683649021
2145,0.008057535761728797,0.021865549260251697,0.08923786078092642,0.015951673230814777,0.03404233092566154
2146,0.007312394195973125,0.017605988717359956,0.086164911435074,0.012655511085267078,0.03044236508353378
2147,0.007041049902283145,0.0151332961505313,0.08227764217963593,0.01109865467298894,0.028394860071691543
2148,0.006881454213538268,0.014081102447405862,0.084254761468224,0.010389762387056025,0.027637317641562967
2149,0.006723748597853115,0.013943777689773805,0.08290325022397328,0.011331196410137022,0.02768344178320009
2150,0.007747028116361914,0.015311746795086527,0.08625181818990557,0.012958885420117612,0.029712607579052856
2151,0.008810430996828688,0.019826798176681933,0.08781486102631803,0.016556261498755314,0.03271952304880083
2152,0.010922315336400153,0.025449213834882953,0.08726067348655903,0.021181543106068068,0.03732818090805585
2153,0.014241664738868613,0.031873062338130004,0.08831097291735493,0.025589571857916504,0.04279905433238416
2154,0.015067264563120573,0.034987723556556834,0.08574673282395309,0.026118887575071636,0.04382498400665576
2155,0.015283549347582458,0.03817640660245159,0.08556964217093849,0.028254149266597823,0.045226647186246936
2156,0.015280953341208393,0.03934951620673917,0.08596363003117673,0.02898756391483501,0.04576207202739027
2157,0.015515909505371126,0.040212519555973415,0.08716021004440674,0.029861722020714545,0.04630304728316679
2158,0.015700922108551837,0.0395618072816442,0.08297760637254824,0.029307277390007352,0.04630002901071898
2159,0.015645802223137807,0.040358166138003734,0.0828046489600126,0.029019369397713508,0.046092273822236095
