,南部 (kgCO2e/kWh),北部 (kgCO2e/kWh),中部 (kgCO2e/kWh),東部 (kgCO2e/kWh),全台 (kgCO2e/kWh)
2021/1/1 0:00,0.398916706,0.428885086,0.581827067,0.44095275,0.473219825
2021/1/1 1:00,0.409486856,0.431233811,0.600919041,0.455715883,0.484434405
2021/1/1 2:00,0.414718562,0.434019139,0.606747795,0.462323971,0.490683363
2021/1/1 3:00,0.412762656,0.431133513,0.607138201,0.473912067,0.494114739
2021/1/1 4:00,0.410124212,0.429686026,0.604466708,0.474924742,0.495564767
2021/1/1 5:00,0.41400357,0.432757777,0.600171799,0.47565904,0.496569922
2021/1/1 6:00,0.420852186,0.438334665,0.597226723,0.48129408,0.498140896
2021/1/1 7:00,0.417914406,0.440477078,0.59292941,0.483580275,0.49712289
2021/1/1 8:00,0.399803341,0.439762914,0.582989759,0.475219819,0.490816273
2021/1/1 9:00,0.396889371,0.452700201,0.576723211,0.477752608,0.49228789
2021/1/1 10:00,0.395079656,0.45895809,0.569574776,0.483801127,0.49229371
2021/1/1 11:00,0.395238091,0.462533106,0.553062939,0.47538291,0.484930236
2021/1/1 12:00,0.396600713,0.468918335,0.54867396,0.450706875,0.485133432
2021/1/1 13:00,0.396312137,0.466882056,0.551597144,0.453062664,0.484412952
2021/1/1 14:00,0.396032025,0.46346254,0.559259054,0.455424843,0.483943165
2021/1/1 15:00,0.396399507,0.462839584,0.566832045,0.45794672,0.482717184
2021/1/1 16:00,0.401860624,0.4430574,0.5608955,0.446523173,0.473082794
2021/1/1 17:00,0.416279895,0.435561033,0.531785121,0.417536399,0.464712654
2021/1/1 18:00,0.41989124,0.436763866,0.518086691,0.409139925,0.46036553
2021/1/1 19:00,0.418374277,0.437769048,0.525491821,0.413435503,0.462933043
2021/1/1 20:00,0.418180949,0.432694869,0.511131471,0.40702332,0.456433414
2021/1/1 21:00,0.419324795,0.436734969,0.523502084,0.418071116,0.462167215
2021/1/1 22:00,0.405610047,0.443805012,0.551188952,0.431844926,0.47186636
2021/1/1 23:00,0.398747577,0.44442832,0.566301244,0.434456948,0.475605011
2021/1/2 0:00,0.397767034,0.433463863,0.54098976,0.444421066,0.465093919
2021/1/2 1:00,0.397249037,0.423603035,0.568481903,0.458145116,0.472219656
2021/1/2 2:00,0.397401158,0.411453043,0.581447801,0.461173415,0.472925168
2021/1/2 3:00,0.397616807,0.404477057,0.57528771,0.451704703,0.466960587
2021/1/2 4:00,0.397449733,0.407038494,0.573459395,0.449996536,0.465458984
2021/1/2 5:00,0.397033132,0.415341266,0.561782105,0.446110268,0.463060802
2021/1/2 6:00,0.402310798,0.417435472,0.567541779,0.453799948,0.467177551
2021/1/2 7:00,0.405989476,0.427441231,0.576607177,0.46041483,0.474842073
2021/1/2 8:00,0.396555037,0.4274312,0.550460023,0.441291421,0.461546767
2021/1/2 9:00,0.396394181,0.432762817,0.540008934,0.428547241,0.460767378
2021/1/2 10:00,0.39650131,0.440166761,0.53022937,0.426577463,0.460600843
2021/1/2 11:00,0.396899941,0.44551841,0.526248841,0.426114586,0.460306028
2021/1/2 12:00,0.395915515,0.454299901,0.521018485,0.431329131,0.46161821
2021/1/2 13:00,0.396658113,0.462013238,0.527501985,0.439609539,0.464957666
2021/1/2 14:00,0.397575306,0.45956515,0.531858948,0.437636818,0.464112019
2021/1/2 15:00,0.398419828,0.456751181,0.548639397,0.441951717,0.470055484
2021/1/2 16:00,0.396548008,0.449954287,0.550592629,0.436679008,0.468928969
2021/1/2 17:00,0.403049973,0.446803689,0.542859825,0.424075268,0.465972899
2021/1/2 18:00,0.412135619,0.443057648,0.528604205,0.418045106,0.462760773
2021/1/2 19:00,0.40241589,0.441846618,0.522468151,0.414359418,0.457950277
2021/1/2 20:00,0.401682457,0.442293107,0.517323617,0.411758669,0.455861219
2021/1/2 21:00,0.403999696,0.446745997,0.529526995,0.419057149,0.462604691
2021/1/2 22:00,0.41100058,0.45107626,0.568284424,0.442901913,0.479682019
2021/1/2 23:00,0.411302548,0.44656276,0.584235772,0.447334272,0.484738456
2021/1/3 0:00,0.400333448,0.436452712,0.584182353,0.444959331,0.48268396
2021/1/3 1:00,0.399502523,0.423913975,0.582756768,0.43986448,0.482328698
2021/1/3 2:00,0.399043501,0.417487348,0.582198659,0.448362608,0.483879375
2021/1/3 3:00,0.398720811,0.423356691,0.582976208,0.460412156,0.484225698
2021/1/3 4:00,0.399094829,0.42488666,0.58484828,0.460666731,0.4839499
2021/1/3 5:00,0.399519896,0.425030459,0.58582836,0.46315774,0.483370324
2021/1/3 6:00,0.399733149,0.429948089,0.58484691,0.469849433,0.482035129
2021/1/3 7:00,0.39874464,0.427537411,0.593772012,0.477362231,0.485641782
2021/1/3 8:00,0.404933548,0.428335033,0.584099599,0.474642866,0.486428061
2021/1/3 9:00,0.397825419,0.436765213,0.552370977,0.459107906,0.473944401
2021/1/3 10:00,0.397167203,0.436069724,0.54319588,0.457067886,0.468633389
2021/1/3 11:00,0.397847284,0.44145192,0.526033184,0.445978685,0.462678768
2021/1/3 12:00,0.39737747,0.452319615,0.544917161,0.456878648,0.472386955
2021/1/3 13:00,0.398534846,0.445984904,0.535367882,0.432384129,0.465396103
2021/1/3 14:00,0.399597974,0.443511358,0.542631531,0.432068723,0.469169667
2021/1/3 15:00,0.407606808,0.451754823,0.574365585,0.45418686,0.485084558
2021/1/3 16:00,0.419012079,0.445809825,0.591904541,0.463570116,0.489934289
2021/1/3 17:00,0.426219444,0.447406486,0.593534916,0.461826696,0.493218215
2021/1/3 18:00,0.428122548,0.442162322,0.573922356,0.436160777,0.485356193
2021/1/3 19:00,0.42627114,0.441913798,0.578605719,0.437194505,0.484704449
2021/1/3 20:00,0.421682623,0.442972058,0.574495509,0.437402067,0.482341615
2021/1/3 21:00,0.416900746,0.445248202,0.569275279,0.432799353,0.479390159
2021/1/3 22:00,0.413359301,0.450861519,0.568114054,0.445012694,0.48024681
2021/1/3 23:00,0.401069983,0.455209441,0.568618539,0.452670955,0.478602328
2021/1/4 0:00,0.399121321,0.443816327,0.566143543,0.445033761,0.474112241
2021/1/4 1:00,0.399072217,0.429939121,0.605541191,0.468295081,0.485011047
2021/1/4 2:00,0.399231879,0.425225851,0.607623256,0.473856485,0.48756792
2021/1/4 3:00,0.398257108,0.422211811,0.60311502,0.469569024,0.485859999
2021/1/4 4:00,0.397738989,0.420476265,0.603897673,0.468944463,0.4861477
2021/1/4 5:00,0.39821695,0.425667994,0.604356092,0.472897722,0.48599182
2021/1/4 6:00,0.399178158,0.4479845,0.615914602,0.487390478,0.493266669
2021/1/4 7:00,0.39778259,0.456806999,0.615045964,0.486105645,0.495819513
2021/1/4 8:00,0.398040455,0.461943855,0.591150864,0.470758654,0.485603959
2021/1/4 9:00,0.398986644,0.461364067,0.549618745,0.457876208,0.477701479
2021/1/4 10:00,0.398361644,0.450613118,0.534889711,0.447610828,0.467559248
2021/1/4 11:00,0.398139933,0.452048247,0.537097864,0.450960161,0.467835337
2021/1/4 12:00,0.398442368,0.458764367,0.555136537,0.451498725,0.478562356
2021/1/4 13:00,0.398579621,0.457198184,0.575552343,0.456177498,0.482679328
2021/1/4 14:00,0.400000199,0.44919945,0.564740507,0.448014705,0.47779848
2021/1/4 15:00,0.412096962,0.448594756,0.585109473,0.465518732,0.491637954
2021/1/4 16:00,0.430137435,0.452075327,0.58117327,0.465642571,0.494550645
2021/1/4 17:00,0.443753048,0.460285642,0.56745827,0.461623044,0.493651315
2021/1/4 18:00,0.445022208,0.45966528,0.553800895,0.451295156,0.488925148
2021/1/4 19:00,0.433938005,0.449473194,0.553154564,0.434583623,0.483263918
2021/1/4 20:00,0.423419305,0.448473703,0.55525142,0.434888157,0.482181095
2021/1/4 21:00,0.41757671,0.446523048,0.578084607,0.44659328,0.48756187
2021/1/4 22:00,0.410823953,0.451928377,0.569994354,0.454733623,0.483028014
2021/1/4 23:00,0.402539359,0.450796685,0.575535317,0.449903639,0.482292801
2021/1/5 0:00,0.403754242,0.444015867,0.586019474,0.451525733,0.486371798
2021/1/5 1:00,0.404078138,0.438653364,0.59466926,0.448908451,0.488763675
2021/1/5 2:00,0.403308744,0.423391883,0.600947198,0.4458295,0.488982037
2021/1/5 3:00,0.403625114,0.418517388,0.589939206,0.445275057,0.483026438
2021/1/5 4:00,0.4012991,0.416279703,0.595965544,0.468978056,0.48581263
2021/1/5 5:00,0.402676101,0.419048245,0.613113467,0.483092951,0.495071659
2021/1/5 6:00,0.413143629,0.424746079,0.622728506,0.495702988,0.501411289
2021/1/5 7:00,0.411643017,0.421263321,0.618436787,0.493032867,0.498881446
2021/1/5 8:00,0.41527601,0.436861316,0.589315646,0.476696247,0.489183686
2021/1/5 9:00,0.422463157,0.462214327,0.590209891,0.489800335,0.501122543
2021/1/5 10:00,0.42221685,0.469191144,0.594800751,0.492053367,0.503049096
2021/1/5 11:00,0.419640794,0.472884514,0.596816964,0.477100954,0.503941592
2021/1/5 12:00,0.417501024,0.469827203,0.604472078,0.490345057,0.508747879
2021/1/5 13:00,0.416467968,0.46544188,0.586855105,0.483408565,0.497474401
2021/1/5 14:00,0.41763592,0.464482302,0.590358512,0.486926247,0.498676473
2021/1/5 15:00,0.432866133,0.471930202,0.59482508,0.489464738,0.505343226
2021/1/5 16:00,0.437976505,0.481719655,0.597676045,0.491241202,0.508203507
2021/1/5 17:00,0.437371189,0.48488654,0.580266093,0.471727972,0.50228633
2021/1/5 18:00,0.432226581,0.480890139,0.565510479,0.449038903,0.494369009
2021/1/5 19:00,0.426256166,0.478162459,0.57558836,0.454247196,0.495620464
2021/1/5 20:00,0.422565953,0.472250633,0.579993761,0.458573044,0.495729621
2021/1/5 21:00,0.416907348,0.456919379,0.585921123,0.454168571,0.49039932
2021/1/5 22:00,0.410388324,0.456993051,0.589443102,0.464234738,0.486956075
2021/1/5 23:00,0.401247974,0.451665391,0.578713789,0.453841048,0.479413651
2021/1/6 0:00,0.400996787,0.440545896,0.575307463,0.445048278,0.475382131
2021/1/6 1:00,0.401434831,0.427145378,0.603044347,0.456591702,0.481016225
2021/1/6 2:00,0.401957112,0.421498383,0.599286795,0.457893982,0.47523915
2021/1/6 3:00,0.400654463,0.410464333,0.600848295,0.462059876,0.475663394
2021/1/6 4:00,0.400174638,0.409059749,0.601648153,0.460489149,0.475793703
2021/1/6 5:00,0.400449558,0.410695318,0.601080714,0.463751718,0.476532263
2021/1/6 6:00,0.400837313,0.42372252,0.617170481,0.484571288,0.489122355
2021/1/6 7:00,0.400085589,0.415846066,0.61868226,0.489420871,0.48893706
2021/1/6 8:00,0.400062749,0.429630947,0.602000705,0.480429714,0.482169356
2021/1/6 9:00,0.400106324,0.442833667,0.587151477,0.469720937,0.483814968
2021/1/6 10:00,0.401780616,0.44375001,0.574307371,0.443670607,0.479397931
2021/1/6 11:00,0.401392932,0.442849744,0.56700741,0.441037884,0.4768935
2021/1/6 12:00,0.40116918,0.443266696,0.582199117,0.453381884,0.481094286
2021/1/6 13:00,0.4021516,0.439547694,0.576915441,0.457517893,0.479284827
2021/1/6 14:00,0.415129292,0.43759912,0.595688385,0.477330145,0.491016683
2021/1/6 15:00,0.423793612,0.432405239,0.60963564,0.498729025,0.495196663
2021/1/6 16:00,0.44126991,0.430133664,0.597708022,0.472875326,0.496591382
2021/1/6 17:00,0.449220049,0.439251228,0.583912671,0.467470809,0.495394211
2021/1/6 18:00,0.452110288,0.43740198,0.593272443,0.460292399,0.498328795
2021/1/6 19:00,0.438306764,0.437770338,0.587919686,0.454600533,0.491898118
2021/1/6 20:00,0.423921366,0.43928551,0.586784569,0.452146241,0.487597432
2021/1/6 21:00,0.421887211,0.436587624,0.598069668,0.452767296,0.489147035
2021/1/6 22:00,0.412323416,0.433028395,0.592871312,0.443372647,0.480917792
2021/1/6 23:00,0.399988515,0.440501471,0.594650312,0.470247365,0.478280488
2021/1/7 0:00,0.399452807,0.440044249,0.612302351,0.480004282,0.486270353
2021/1/7 1:00,0.399590141,0.42487842,0.632659389,0.483701055,0.489584341
2021/1/7 2:00,0.398727173,0.422570227,0.617298232,0.473234466,0.483098252
2021/1/7 3:00,0.398271275,0.420252823,0.611668184,0.469860055,0.482222435
2021/1/7 4:00,0.398398846,0.420505282,0.619582732,0.474175789,0.48284541
2021/1/7 5:00,0.398756448,0.419933005,0.616618758,0.476547317,0.48217124
2021/1/7 6:00,0.398775502,0.419561785,0.614623917,0.485445923,0.485318521
2021/1/7 7:00,0.39832405,0.431330429,0.602151606,0.485970797,0.486045677
2021/1/7 8:00,0.40518331,0.436775786,0.610380784,0.481921614,0.490879696
2021/1/7 9:00,0.409769951,0.445058402,0.607434326,0.482029869,0.492445865
2021/1/7 10:00,0.408968384,0.438925024,0.596079791,0.486005921,0.483707901
2021/1/7 11:00,0.405247423,0.440352912,0.567546924,0.461007713,0.471411906
2021/1/7 12:00,0.39882725,0.44686813,0.595503696,0.472913814,0.481341028
2021/1/7 13:00,0.39940409,0.44369243,0.573898149,0.458539981,0.47345559
2021/1/7 14:00,0.408238246,0.448110056,0.582843571,0.462447577,0.479215867
2021/1/7 15:00,0.409886754,0.439128389,0.585199282,0.456794853,0.479700873
2021/1/7 16:00,0.426453283,0.440512056,0.598143794,0.454520396,0.493109387
2021/1/7 17:00,0.442949284,0.440046784,0.597071571,0.454938678,0.49643211
2021/1/7 18:00,0.43805628,0.43867802,0.58042197,0.446365941,0.489404213
2021/1/7 19:00,0.415667873,0.439386215,0.581132251,0.442916128,0.484805378
2021/1/7 20:00,0.412826123,0.441891094,0.591948679,0.451719014,0.487576855
2021/1/7 21:00,0.410561048,0.439367792,0.582871878,0.444041128,0.478186758
2021/1/7 22:00,0.409019211,0.443358968,0.588619895,0.443175756,0.479631653
2021/1/7 23:00,0.407777566,0.451414458,0.591681304,0.452359203,0.480402511
2021/1/8 0:00,0.39985234,0.439355421,0.602023009,0.44718734,0.480255979
2021/1/8 1:00,0.398103282,0.429824549,0.63081684,0.455782322,0.487971312
2021/1/8 2:00,0.396976632,0.43147911,0.631169221,0.454436498,0.490487082
2021/1/8 3:00,0.397060172,0.431026431,0.632539063,0.453949429,0.489880635
2021/1/8 4:00,0.397076412,0.435094621,0.631468824,0.45878599,0.490097731
2021/1/8 5:00,0.39687341,0.436932695,0.627974322,0.483430291,0.487962514
2021/1/8 6:00,0.400132146,0.445336677,0.627178887,0.488465581,0.489406352
2021/1/8 7:00,0.412639469,0.453397669,0.635408517,0.502354695,0.498408084
2021/1/8 8:00,0.415409337,0.454546201,0.642981976,0.510270438,0.501114917
2021/1/8 9:00,0.404736231,0.457067835,0.611003143,0.503564151,0.489414558
2021/1/8 10:00,0.396442766,0.459653411,0.589047946,0.489428751,0.48013682
2021/1/8 11:00,0.396078602,0.459164229,0.585523386,0.4789466,0.478413347
2021/1/8 12:00,0.396141454,0.451801362,0.582320472,0.46655121,0.474083944
2021/1/8 13:00,0.3971319,0.45726363,0.578319854,0.454306068,0.472800166
2021/1/8 14:00,0.397092334,0.453813879,0.562777631,0.443546091,0.467733795
2021/1/8 15:00,0.398813846,0.451224916,0.572378555,0.449980115,0.47361508
2021/1/8 16:00,0.409922684,0.453105387,0.595613222,0.465280679,0.489353126
2021/1/8 17:00,0.412722304,0.451806796,0.602469946,0.463531571,0.49313056
2021/1/8 18:00,0.415005537,0.450112596,0.59212363,0.444258442,0.491120472
2021/1/8 19:00,0.413590005,0.452169754,0.595680384,0.445475885,0.49167831
2021/1/8 20:00,0.412341644,0.450757936,0.58043205,0.436156594,0.484098879
2021/1/8 21:00,0.412747157,0.4443137,0.584259903,0.435383002,0.482013939
2021/1/8 22:00,0.41216121,0.43786172,0.586251078,0.435230273,0.477367945
2021/1/8 23:00,0.409197955,0.444099729,0.618072456,0.46480919,0.486024563
2021/1/9 0:00,0.400303244,0.444022818,0.604898799,0.474321059,0.480448088
2021/1/9 1:00,0.402026653,0.442503655,0.629917262,0.484963046,0.488813216
2021/1/9 2:00,0.403778405,0.435766144,0.652287603,0.497051732,0.494292207
2021/1/9 3:00,0.404619304,0.430425125,0.643070972,0.495890319,0.492955896
2021/1/9 4:00,0.404688799,0.414513376,0.629920771,0.489405113,0.48819651
2021/1/9 5:00,0.404609765,0.419484952,0.638707599,0.494147793,0.489601141
2021/1/9 6:00,0.403875664,0.427754636,0.649943321,0.504920736,0.495864625
2021/1/9 7:00,0.402583632,0.433034104,0.643979707,0.505841101,0.496539334
2021/1/9 8:00,0.402537218,0.445367746,0.642243581,0.510508624,0.494995953
2021/1/9 9:00,0.402453416,0.457199841,0.636257198,0.513297813,0.494715631
2021/1/9 10:00,0.40135332,0.467045186,0.600566578,0.490389663,0.483624142
2021/1/9 11:00,0.401767559,0.469664864,0.592053579,0.477835434,0.484484473
2021/1/9 12:00,0.400993123,0.467917668,0.595104252,0.477266979,0.484176503
2021/1/9 13:00,0.402369167,0.46061953,0.579999426,0.467732763,0.476618722
2021/1/9 14:00,0.401485911,0.458638151,0.572213543,0.462323163,0.473003987
2021/1/9 15:00,0.401971139,0.462405606,0.545925076,0.450453174,0.468731804
2021/1/9 16:00,0.415539384,0.459681489,0.566393837,0.461071751,0.479530491
2021/1/9 17:00,0.420224514,0.449723669,0.555662296,0.437970649,0.475853727
2021/1/9 18:00,0.425687986,0.450628488,0.571512114,0.435535987,0.482410871
2021/1/9 19:00,0.424443162,0.451695594,0.58581943,0.444480966,0.488409548
2021/1/9 20:00,0.424216893,0.454003469,0.571653487,0.437757054,0.484720111
2021/1/9 21:00,0.423721684,0.456018357,0.591944572,0.444017823,0.488244052
2021/1/9 22:00,0.418215674,0.453162445,0.609247447,0.449090105,0.490286811
2021/1/9 23:00,0.402552736,0.443898654,0.60254252,0.42903774,0.47745663
2021/1/10 0:00,0.39951304,0.448442989,0.627011524,0.461381986,0.480662837
2021/1/10 1:00,0.399925078,0.444574395,0.638049189,0.493280211,0.485936711
2021/1/10 2:00,0.400181871,0.434298786,0.637672847,0.489055026,0.48667107
2021/1/10 3:00,0.399978147,0.427149766,0.634643349,0.484469517,0.485826863
2021/1/10 4:00,0.399746063,0.430042028,0.637462657,0.485853261,0.487383333
2021/1/10 5:00,0.399392466,0.429434083,0.648061868,0.493797616,0.492735973
2021/1/10 6:00,0.412042464,0.437889876,0.650930167,0.502679495,0.499007968
2021/1/10 7:00,0.410600282,0.436973348,0.654845262,0.508821609,0.49733696
2021/1/10 8:00,0.400004342,0.439007068,0.611360459,0.481614937,0.484010596
2021/1/10 9:00,0.399132326,0.444520831,0.586672252,0.470586845,0.480866223
2021/1/10 10:00,0.398580932,0.444472009,0.573289928,0.46558039,0.474826535
2021/1/10 11:00,0.399267487,0.445476431,0.568314298,0.465476648,0.473777745
2021/1/10 12:00,0.399101353,0.443799782,0.569707759,0.474032395,0.472974024
2021/1/10 13:00,0.400713483,0.43862768,0.566811597,0.469753625,0.470659011
2021/1/10 14:00,0.400670417,0.437426924,0.549986365,0.443264639,0.464402506
2021/1/10 15:00,0.413343676,0.430995581,0.589828445,0.454188046,0.480214696
2021/1/10 16:00,0.43374523,0.443115347,0.601349427,0.454901648,0.488657943
2021/1/10 17:00,0.448205955,0.454527835,0.598612655,0.462567759,0.496004158
2021/1/10 18:00,0.454574044,0.454702059,0.590035363,0.456566271,0.494702669
2021/1/10 19:00,0.451556827,0.445734507,0.598877871,0.461721054,0.493231267
2021/1/10 20:00,0.432169546,0.44883051,0.613306365,0.468050357,0.49044295
2021/1/10 21:00,0.418172258,0.448848504,0.608341792,0.46472646,0.487232419
2021/1/10 22:00,0.412189528,0.447913526,0.604323947,0.455099213,0.484835555
2021/1/10 23:00,0.412289907,0.44958943,0.615614394,0.460460282,0.490611068
2021/1/11 0:00,0.412184825,0.436984102,0.61959671,0.458728332,0.491052096
2021/1/11 1:00,0.412265285,0.441968263,0.611241649,0.457252548,0.490564788
2021/1/11 2:00,0.412025251,0.43256593,0.612327265,0.488201166,0.489458557
2021/1/11 3:00,0.411404623,0.430870653,0.608066581,0.484091757,0.486744649
2021/1/11 4:00,0.405710594,0.434493763,0.601807352,0.47938526,0.483067185
2021/1/11 5:00,0.405575739,0.434495473,0.602537963,0.48093502,0.482036715
2021/1/11 6:00,0.409651088,0.440074246,0.617598198,0.496864115,0.490388204
2021/1/11 7:00,0.412425566,0.43944427,0.628158545,0.507756864,0.49682181
2021/1/11 8:00,0.41207958,0.444651077,0.603108652,0.491447724,0.488762281
2021/1/11 9:00,0.412341463,0.453696393,0.596605893,0.494352419,0.488705838
2021/1/11 10:00,0.406956893,0.451116631,0.593565885,0.494262899,0.485409559
2021/1/11 11:00,0.401322842,0.451693277,0.585534981,0.489690442,0.481108177
2021/1/11 12:00,0.400525023,0.460487871,0.58911589,0.486665201,0.487317123
2021/1/11 13:00,0.400807467,0.461434893,0.590085046,0.480844348,0.486767969
2021/1/11 14:00,0.400890856,0.447109729,0.593994618,0.472133046,0.482546153
2021/1/11 15:00,0.413089738,0.441962426,0.599725161,0.473873804,0.486996829
2021/1/11 16:00,0.425715752,0.439632076,0.589926862,0.47162736,0.48826542
2021/1/11 17:00,0.448930374,0.447133693,0.585056449,0.46257158,0.494252955
2021/1/11 18:00,0.454347447,0.452911969,0.57115121,0.445408848,0.492660279
2021/1/11 19:00,0.453715719,0.453956152,0.58661951,0.464527822,0.497817424
2021/1/11 20:00,0.440850962,0.445942164,0.57437,0.463203313,0.488970278
2021/1/11 21:00,0.422016545,0.446611766,0.58457619,0.45726165,0.485153984
2021/1/11 22:00,0.414110804,0.442136505,0.612270867,0.465603439,0.491453546
2021/1/11 23:00,0.411725123,0.435673323,0.617756634,0.466645812,0.49455174
2021/1/12 0:00,0.402904505,0.431741963,0.608927835,0.449222076,0.484891247
2021/1/12 1:00,0.401295302,0.431320231,0.608521204,0.445203133,0.481886772
2021/1/12 2:00,0.400929493,0.423717743,0.603464943,0.469013285,0.482300157
2021/1/12 3:00,0.400173144,0.422512889,0.599425084,0.463905006,0.478838603
2021/1/12 4:00,0.400089283,0.42041219,0.604609168,0.46596872,0.47966604
2021/1/12 5:00,0.400247644,0.414603172,0.607011145,0.466752243,0.478993911
2021/1/12 6:00,0.400339389,0.416341356,0.6305643,0.481188158,0.488959342
2021/1/12 7:00,0.400375418,0.4181822,0.646645901,0.487092015,0.496920665
2021/1/12 8:00,0.407792066,0.429905445,0.603041729,0.455972962,0.486271608
2021/1/12 9:00,0.425538925,0.456864111,0.608525859,0.472664285,0.500583233
2021/1/12 10:00,0.426714309,0.46036058,0.617864026,0.50421864,0.504115769
2021/1/12 11:00,0.426133464,0.466832174,0.630036394,0.521770838,0.507956295
2021/1/12 12:00,0.423528196,0.462041063,0.638773794,0.52936947,0.513112084
2021/1/12 13:00,0.423223952,0.45694314,0.627996425,0.52419867,0.507523816
2021/1/12 14:00,0.42572055,0.456469755,0.621875268,0.516713075,0.503911886
2021/1/12 15:00,0.426585656,0.450136674,0.624481462,0.516628281,0.50218324
2021/1/12 16:00,0.430556811,0.447774254,0.601596684,0.489866593,0.495752692
2021/1/12 17:00,0.450602799,0.461888881,0.59391475,0.482967483,0.502777885
2021/1/12 18:00,0.453571326,0.461655091,0.574049059,0.462391622,0.496826039
2021/1/12 19:00,0.452875385,0.463580032,0.591645013,0.474105537,0.502628548
2021/1/12 20:00,0.452478877,0.453874721,0.577217272,0.465854372,0.494793014
2021/1/12 21:00,0.452424755,0.45180297,0.565615222,0.459221586,0.49109924
2021/1/12 22:00,0.451586832,0.456905204,0.612038874,0.490362174,0.50654037
2021/1/12 23:00,0.444796581,0.448843619,0.629735695,0.502310386,0.507695606
2021/1/13 0:00,0.417175671,0.425187523,0.650215077,0.504313311,0.506228176
2021/1/13 1:00,0.399901927,0.426478994,0.642983884,0.503869924,0.502354778
2021/1/13 2:00,0.39966286,0.43665571,0.62632131,0.495036277,0.496886772
2021/1/13 3:00,0.399356807,0.443166048,0.613480181,0.488386939,0.492941621
2021/1/13 4:00,0.399260985,0.44468366,0.612136457,0.488439718,0.493224665
2021/1/13 5:00,0.399737285,0.447344238,0.613688215,0.491410492,0.495172955
2021/1/13 6:00,0.400003252,0.452896292,0.614770616,0.499327045,0.496708075
2021/1/13 7:00,0.413144713,0.448857401,0.618596271,0.508685604,0.498816726
2021/1/13 8:00,0.425041441,0.449883342,0.629969729,0.520073409,0.503649452
2021/1/13 9:00,0.420453565,0.448618067,0.610406706,0.492770391,0.496539539
2021/1/13 10:00,0.403322958,0.446841806,0.586611005,0.472310685,0.485153345
2021/1/13 11:00,0.398891832,0.450058085,0.584495425,0.475037941,0.483397278
2021/1/13 12:00,0.398633612,0.446739872,0.577773943,0.475127637,0.481534706
2021/1/13 13:00,0.399229102,0.445688533,0.575640832,0.474835672,0.47671313
2021/1/13 14:00,0.399587839,0.439879248,0.57932061,0.470922038,0.477003297
2021/1/13 15:00,0.407370085,0.432522241,0.610988263,0.484898413,0.489887844
2021/1/13 16:00,0.426318337,0.442970333,0.604647001,0.471563492,0.496616541
2021/1/13 17:00,0.446111637,0.452734263,0.598284513,0.474830452,0.501326266
2021/1/13 18:00,0.453307493,0.45091061,0.576186189,0.460005216,0.495551836
2021/1/13 19:00,0.450662069,0.442910006,0.578446319,0.464233013,0.492231369
2021/1/13 20:00,0.448881062,0.440905411,0.563320879,0.456896094,0.486122419
2021/1/13 21:00,0.450024479,0.44660089,0.587485336,0.475289086,0.496322702
2021/1/13 22:00,0.449954318,0.44494039,0.629773901,0.494190695,0.508161496
2021/1/13 23:00,0.433928783,0.448085656,0.636010514,0.486929782,0.508725932
2021/1/14 0:00,0.411477562,0.432543681,0.623312515,0.492356649,0.496494137
2021/1/14 1:00,0.408378535,0.430638214,0.620910621,0.509724301,0.49468189
2021/1/14 2:00,0.398598275,0.427473978,0.604636678,0.492243408,0.482809034
2021/1/14 3:00,0.397154783,0.430510871,0.599451311,0.48866975,0.481129902
2021/1/14 4:00,0.398138951,0.432212696,0.603043486,0.492876089,0.481521842
2021/1/14 5:00,0.398342944,0.431966268,0.593264628,0.48874058,0.479091512
2021/1/14 6:00,0.410022268,0.436812349,0.592358514,0.494879762,0.482181232
2021/1/14 7:00,0.417132347,0.418579091,0.605469077,0.499404221,0.482767083
2021/1/14 8:00,0.41768524,0.426584847,0.582243622,0.487244574,0.475433423
2021/1/14 9:00,0.415701951,0.426613154,0.585994058,0.473388752,0.474868724
2021/1/14 10:00,0.401104709,0.425247061,0.572962134,0.458701202,0.469195514
2021/1/14 11:00,0.398559131,0.424703461,0.558452328,0.451776108,0.462936371
2021/1/14 12:00,0.398225833,0.419610533,0.552520312,0.447903071,0.458575815
2021/1/14 13:00,0.398775419,0.419191931,0.551907003,0.442598027,0.458441913
2021/1/14 14:00,0.39829193,0.419847377,0.574525272,0.458473725,0.468047776
2021/1/14 15:00,0.401586689,0.422064138,0.581960631,0.464844066,0.474930579
2021/1/14 16:00,0.427288256,0.429384483,0.594928171,0.483586923,0.487861097
2021/1/14 17:00,0.449193923,0.437152233,0.594479405,0.485762548,0.495974732
2021/1/14 18:00,0.449082283,0.43070621,0.570138012,0.450126598,0.485964407
2021/1/14 19:00,0.447667911,0.423694542,0.577691213,0.456328896,0.486824441
2021/1/14 20:00,0.447959975,0.421366249,0.590615586,0.466790104,0.489609558
2021/1/14 21:00,0.448456745,0.417036235,0.590413872,0.466984022,0.488857939
2021/1/14 22:00,0.4460393,0.426579607,0.615145751,0.471722695,0.498566557
2021/1/14 23:00,0.435459102,0.436911574,0.613957959,0.47111646,0.497302725
2021/1/15 0:00,0.413263087,0.440079164,0.617108517,0.500910676,0.495797311
2021/1/15 1:00,0.411986129,0.452364257,0.628451225,0.505826684,0.500311863
2021/1/15 2:00,0.412186012,0.448713916,0.631688063,0.503501012,0.503578079
2021/1/15 3:00,0.401737606,0.440239375,0.625035995,0.498634798,0.499346204
2021/1/15 4:00,0.400035884,0.44106255,0.615426948,0.494041278,0.495587932
2021/1/15 5:00,0.399757221,0.443247549,0.613877243,0.495958309,0.494870786
2021/1/15 6:00,0.399886777,0.452910105,0.61006968,0.503230844,0.496717199
2021/1/15 7:00,0.399497653,0.452883079,0.620214467,0.508389281,0.503767242
2021/1/15 8:00,0.40505987,0.477943186,0.614949087,0.508987286,0.508184933
2021/1/15 9:00,0.411189893,0.493528819,0.616673704,0.507443122,0.513289988
2021/1/15 10:00,0.402505113,0.50190951,0.593954859,0.486034484,0.505943311
2021/1/15 11:00,0.39980737,0.496541897,0.592125862,0.469818612,0.502996444
2021/1/15 12:00,0.398240492,0.479668266,0.567635113,0.477938991,0.493655027
2021/1/15 13:00,0.398828604,0.476034213,0.572416728,0.481424123,0.491758944
2021/1/15 14:00,0.398552771,0.47489487,0.579807056,0.476697635,0.491067872
2021/1/15 15:00,0.407544015,0.480864482,0.610799115,0.490044632,0.504464049
2021/1/15 16:00,0.431677523,0.482430862,0.627269095,0.482995244,0.518357338
2021/1/15 17:00,0.448303063,0.482084769,0.601098288,0.467687611,0.513436782
2021/1/15 18:00,0.453755931,0.482594613,0.577814842,0.457911463,0.507410288
2021/1/15 19:00,0.43982206,0.468850171,0.575945639,0.452611729,0.498397743
2021/1/15 20:00,0.426843031,0.474215543,0.567014525,0.44227574,0.492635241
2021/1/15 21:00,0.430133745,0.478837096,0.578974527,0.44991463,0.499910554
2021/1/15 22:00,0.426929185,0.479670484,0.623686476,0.507471385,0.51284045
2021/1/15 23:00,0.42422734,0.476763249,0.641224445,0.522021882,0.515364577
2021/1/16 0:00,0.417368003,0.458836751,0.630182955,0.504871202,0.506424895
2021/1/16 1:00,0.411965223,0.443055046,0.638043766,0.499362895,0.503677751
2021/1/16 2:00,0.409430129,0.433870513,0.64805002,0.504767452,0.505059384
2021/1/16 3:00,0.396675658,0.440239296,0.636001221,0.495265268,0.50144193
2021/1/16 4:00,0.397532124,0.439419625,0.609833735,0.483063067,0.487453581
2021/1/16 5:00,0.39717704,0.440804834,0.600906338,0.489556302,0.486251379
2021/1/16 6:00,0.383987299,0.447274301,0.613370484,0.499833828,0.49366735
2021/1/16 7:00,0.368476382,0.444310691,0.621161892,0.501824176,0.493653512
2021/1/16 8:00,0.367636186,0.442497611,0.60033455,0.490840112,0.48311352
2021/1/16 9:00,0.367466955,0.456068369,0.58070004,0.483328241,0.47984278
2021/1/16 10:00,0.368951278,0.45532126,0.563985252,0.476684338,0.474960135
2021/1/16 11:00,0.385127989,0.452337555,0.566208899,0.478403602,0.477402282
2021/1/16 12:00,0.397070827,0.457429388,0.5756256,0.480642716,0.486431173
2021/1/16 13:00,0.397687459,0.458796131,0.591617289,0.480520529,0.492922536
2021/1/16 14:00,0.39821455,0.459677535,0.596630087,0.483803556,0.49133521
2021/1/16 15:00,0.410584646,0.465412255,0.616000451,0.505904841,0.505467833
2021/1/16 16:00,0.41173278,0.454189595,0.604803903,0.492584635,0.495736811
2021/1/16 17:00,0.419578889,0.45809238,0.589949857,0.486374646,0.493093608
2021/1/16 18:00,0.43160315,0.460248834,0.588019817,0.477012749,0.496528318
2021/1/16 19:00,0.424421633,0.458500489,0.588872624,0.456947312,0.494512666
2021/1/16 20:00,0.422403409,0.45794354,0.590781567,0.45318448,0.493149976
2021/1/16 21:00,0.420139051,0.465207989,0.585882954,0.450629988,0.49235417
2021/1/16 22:00,0.41302807,0.460920652,0.58531188,0.43936692,0.486432487
2021/1/16 23:00,0.411491419,0.45851879,0.611927596,0.44446192,0.489908776
2021/1/17 0:00,0.412103769,0.44935211,0.638909075,0.49068581,0.499297878
2021/1/17 1:00,0.399796487,0.443422816,0.622714947,0.490366209,0.490764164
2021/1/17 2:00,0.398317164,0.434926625,0.613077362,0.484746792,0.484282648
2021/1/17 3:00,0.39805976,0.427801135,0.60065581,0.477215345,0.477559223
2021/1/17 4:00,0.39744205,0.421026411,0.596859408,0.47464647,0.474588415
2021/1/17 5:00,0.397877538,0.420286083,0.592562922,0.474276951,0.473247946
2021/1/17 6:00,0.398519399,0.415273887,0.593644074,0.479246922,0.471646594
2021/1/17 7:00,0.397857223,0.411703144,0.603194584,0.485773971,0.473735395
2021/1/17 8:00,0.413108576,0.410634927,0.605677824,0.495136424,0.482881271
2021/1/17 9:00,0.413972601,0.410116346,0.595517426,0.491691132,0.480815429
2021/1/17 10:00,0.411359983,0.408445456,0.584790157,0.478883571,0.47324671
2021/1/17 11:00,0.411967186,0.418800661,0.592769326,0.492151521,0.480537397
2021/1/17 12:00,0.411984625,0.424658658,0.606981072,0.50755814,0.485752882
2021/1/17 13:00,0.411556669,0.419099504,0.596831352,0.49283766,0.479534939
2021/1/17 14:00,0.413598123,0.417880758,0.593646514,0.478156352,0.478807439
2021/1/17 15:00,0.421029747,0.41953153,0.609809528,0.490606672,0.487992323
2021/1/17 16:00,0.438023153,0.430527873,0.62125706,0.502836328,0.494803192
2021/1/17 17:00,0.451522964,0.44359083,0.609400069,0.497772038,0.499099295
2021/1/17 18:00,0.453961438,0.439537832,0.594242725,0.479202453,0.494496019
2021/1/17 19:00,0.453523665,0.425454393,0.593719989,0.478406534,0.489945093
2021/1/17 20:00,0.448489169,0.418825931,0.59206675,0.477869085,0.486112613
2021/1/17 21:00,0.443629553,0.424832912,0.618098428,0.488436559,0.492090085
2021/1/17 22:00,0.442821061,0.43186956,0.619575197,0.486734084,0.496979723
2021/1/17 23:00,0.418086939,0.427018057,0.613832707,0.467532039,0.488392133
2021/1/18 0:00,0.398679943,0.410722512,0.618522528,0.456883545,0.482451209
2021/1/18 1:00,0.398773319,0.400829561,0.65390368,0.466093417,0.49096853
2021/1/18 2:00,0.397931736,0.392041164,0.64747725,0.457924822,0.489794
2021/1/18 3:00,0.397595854,0.393379507,0.633517041,0.487308509,0.486518283
2021/1/18 4:00,0.397681755,0.396009266,0.626548549,0.481485422,0.484369716
2021/1/18 5:00,0.397805629,0.400172571,0.629892339,0.492267774,0.485486516
2021/1/18 6:00,0.40278077,0.418063188,0.628284412,0.502824844,0.487382785
2021/1/18 7:00,0.40829384,0.422771467,0.628741403,0.508307916,0.487718914
2021/1/18 8:00,0.396937165,0.41395339,0.60630417,0.489939688,0.474073523
2021/1/18 9:00,0.413721712,0.423161929,0.598957052,0.497755495,0.480577997
2021/1/18 10:00,0.413675388,0.423424538,0.595397042,0.49446238,0.480510818
2021/1/18 11:00,0.41244521,0.42842684,0.596576454,0.471038702,0.48226745
2021/1/18 12:00,0.411520588,0.416358551,0.598712531,0.470470966,0.481666339
2021/1/18 13:00,0.412353928,0.425187878,0.594728287,0.467981624,0.480483266
2021/1/18 14:00,0.411363385,0.424645917,0.58997424,0.454539504,0.476441905
2021/1/18 15:00,0.414442124,0.414624295,0.589791261,0.435970351,0.475045023
2021/1/18 16:00,0.437407201,0.42347806,0.605989406,0.453804242,0.490801338
2021/1/18 17:00,0.454529926,0.439381616,0.593151735,0.455092121,0.494925759
2021/1/18 18:00,0.454259089,0.43248401,0.572035067,0.443771329,0.486812415
2021/1/18 19:00,0.454571949,0.418213598,0.573327152,0.446878624,0.482691818
2021/1/18 20:00,0.454585984,0.419108967,0.600856994,0.465277163,0.491466198
2021/1/18 21:00,0.443877766,0.420196997,0.611237918,0.464204452,0.492064308
2021/1/18 22:00,0.405997516,0.423685481,0.595751535,0.440688255,0.479314682
2021/1/18 23:00,0.39932518,0.437721504,0.595847732,0.433746514,0.483406362
2021/1/19 0:00,0.39847292,0.419171347,0.621760928,0.460217024,0.491305097
2021/1/19 1:00,0.398494366,0.391720262,0.622019159,0.462231854,0.485856122
2021/1/19 2:00,0.39769842,0.38168143,0.609772116,0.450856069,0.479089111
2021/1/19 3:00,0.397799108,0.38154346,0.60952435,0.449204849,0.479915807
2021/1/19 4:00,0.398768789,0.374668086,0.61446532,0.476095342,0.481257205
2021/1/19 5:00,0.400654706,0.381836382,0.621041116,0.486458534,0.48477839
2021/1/19 6:00,0.412327879,0.388398264,0.648909759,0.473767598,0.500823694
2021/1/19 7:00,0.411401212,0.389996712,0.6410638,0.446303976,0.495350562
2021/1/19 8:00,0.411212734,0.395503442,0.622348236,0.431465891,0.484119293
2021/1/19 9:00,0.407324595,0.407797497,0.587662203,0.424492431,0.47418066
2021/1/19 10:00,0.396491263,0.411041433,0.549178777,0.415138686,0.456922296
2021/1/19 11:00,0.395922933,0.41399756,0.555443488,0.425415497,0.458778523
2021/1/19 12:00,0.398280639,0.413917311,0.564387696,0.436682966,0.465401142
2021/1/19 13:00,0.398218119,0.417376757,0.569178201,0.439270184,0.46512282
2021/1/19 14:00,0.398089357,0.414993897,0.562596335,0.425880682,0.459722319
2021/1/19 15:00,0.402762906,0.411359527,0.577553461,0.433673888,0.466894731
2021/1/19 16:00,0.41732988,0.406662335,0.598092031,0.448625062,0.479284507
2021/1/19 17:00,0.448899153,0.416082583,0.586561561,0.442380244,0.485923549
2021/1/19 18:00,0.453971609,0.421526146,0.584969624,0.446299818,0.487368459
2021/1/19 19:00,0.449238857,0.406347336,0.584791528,0.445129931,0.483218522
2021/1/19 20:00,0.443271994,0.4037441,0.586952097,0.44740653,0.482568037
2021/1/19 21:00,0.420466041,0.406190963,0.585167947,0.437071869,0.475445163
2021/1/19 22:00,0.411351273,0.414635355,0.567862201,0.41760805,0.467171214
2021/1/19 23:00,0.405856676,0.420623772,0.551100694,0.403237855,0.464612246
2021/1/20 0:00,0.397767234,0.40490374,0.560435268,0.400406947,0.463655109
2021/1/20 1:00,0.397727239,0.394082033,0.601613231,0.445870256,0.474544781
2021/1/20 2:00,0.397757605,0.390378651,0.617060179,0.453304966,0.477384498
2021/1/20 3:00,0.397391176,0.385027769,0.615090804,0.451472251,0.478498576
2021/1/20 4:00,0.398720451,0.383279951,0.617013082,0.458705657,0.478748557
2021/1/20 5:00,0.398076372,0.384560804,0.616817216,0.4675064,0.478034624
2021/1/20 6:00,0.399797513,0.387821286,0.633450271,0.480401974,0.481455042
2021/1/20 7:00,0.410836912,0.379360178,0.649330802,0.48101815,0.488415496
2021/1/20 8:00,0.39965462,0.389247378,0.607215597,0.439686637,0.467285484
2021/1/20 9:00,0.396877024,0.413614765,0.580883998,0.434761278,0.468042476
2021/1/20 10:00,0.397874915,0.418792104,0.583780807,0.441750423,0.470377803
2021/1/20 11:00,0.397971982,0.422705493,0.579091689,0.438675937,0.47007452
2021/1/20 12:00,0.397699426,0.421028577,0.590982334,0.444490539,0.476561163
2021/1/20 13:00,0.398850137,0.417310718,0.581913088,0.438633138,0.469761106
2021/1/20 14:00,0.405892824,0.421207554,0.572551431,0.433784401,0.469323739
2021/1/20 15:00,0.434165833,0.425470544,0.592843012,0.45782126,0.488003764
2021/1/20 16:00,0.451000679,0.425417668,0.591520905,0.461554798,0.491561832
2021/1/20 17:00,0.454440856,0.430671234,0.592954634,0.459863343,0.492852563
2021/1/20 18:00,0.454550434,0.425118357,0.583210471,0.447557113,0.488332762
2021/1/20 19:00,0.45092583,0.412305839,0.586603453,0.450020503,0.486501694
2021/1/20 20:00,0.446364744,0.413306146,0.591213055,0.454808483,0.486949685
2021/1/20 21:00,0.437480699,0.406179487,0.592751666,0.448565127,0.483589766
2021/1/20 22:00,0.412037045,0.415464356,0.595094867,0.436703352,0.478632138
2021/1/20 23:00,0.410996351,0.425986242,0.618947488,0.446717995,0.490343789
2021/1/21 0:00,0.403129421,0.406837265,0.637619285,0.443909748,0.494682905
2021/1/21 1:00,0.398953362,0.389451166,0.642541209,0.431672367,0.489243477
2021/1/21 2:00,0.398042595,0.38453462,0.636102493,0.435708724,0.485169698
2021/1/21 3:00,0.398112541,0.381471982,0.62637296,0.459145671,0.481089648
2021/1/21 4:00,0.397974977,0.38300166,0.620604241,0.462900102,0.480603186
2021/1/21 5:00,0.398144357,0.386133953,0.63474912,0.472607658,0.48575795
2021/1/21 6:00,0.397250551,0.399616655,0.647532998,0.484429625,0.489662382
2021/1/21 7:00,0.398499647,0.395763705,0.648754537,0.487946376,0.486029222
2021/1/21 8:00,0.413950118,0.374378557,0.601787404,0.457715585,0.469750503
2021/1/21 9:00,0.421661044,0.388419687,0.607863137,0.460566288,0.47810287
2021/1/21 10:00,0.414049316,0.390067681,0.610822627,0.462061128,0.477283245
2021/1/21 11:00,0.411159451,0.397924257,0.610155355,0.462614342,0.478453334
2021/1/21 12:00,0.411338677,0.407914642,0.620466132,0.467372368,0.485271337
2021/1/21 13:00,0.411626231,0.404769787,0.619046835,0.46624639,0.482101127
2021/1/21 14:00,0.415376214,0.400181271,0.61418324,0.466073298,0.479610626
2021/1/21 15:00,0.44002845,0.404522793,0.602805032,0.466585903,0.483737179
2021/1/21 16:00,0.453817729,0.407263801,0.582547724,0.424469152,0.481248275
2021/1/21 17:00,0.454606929,0.417031538,0.576227742,0.418276447,0.483086648
2021/1/21 18:00,0.454017886,0.418749498,0.576526184,0.404414995,0.482945181
2021/1/21 19:00,0.45413187,0.402209591,0.589012035,0.401880209,0.482963003
2021/1/21 20:00,0.454229569,0.39265885,0.604404392,0.410964743,0.485879049
2021/1/21 21:00,0.454310386,0.380629034,0.627332814,0.414596771,0.489401077
2021/1/21 22:00,0.443927642,0.377899294,0.635366781,0.405172591,0.489337318
2021/1/21 23:00,0.419555626,0.393403061,0.624541548,0.399597736,0.483777635
2021/1/22 0:00,0.401653391,0.368786917,0.640011941,0.403671214,0.484899093
2021/1/22 1:00,0.399718549,0.35755845,0.647596214,0.404581746,0.488886028
2021/1/22 2:00,0.399135096,0.356478705,0.641559008,0.407418778,0.487625508
2021/1/22 3:00,0.398851888,0.351188502,0.6340434,0.406467637,0.484698694
2021/1/22 4:00,0.397775571,0.351326799,0.623359634,0.401124891,0.479766352
2021/1/22 5:00,0.399197988,0.358349009,0.633876242,0.4107443,0.486094586
2021/1/22 6:00,0.411659272,0.373486505,0.644504119,0.421268929,0.493942795
2021/1/22 7:00,0.414333432,0.386666052,0.648836999,0.421506604,0.497072402
2021/1/22 8:00,0.421486189,0.417247437,0.622837673,0.408677095,0.491545236
2021/1/22 9:00,0.421893266,0.429648172,0.617294242,0.413151011,0.495221386
2021/1/22 10:00,0.420733615,0.438036481,0.611222921,0.415476884,0.494307284
2021/1/22 11:00,0.420573806,0.439801981,0.612394363,0.417532203,0.495436983
2021/1/22 12:00,0.419592242,0.437771235,0.634446348,0.427813749,0.502555286
2021/1/22 13:00,0.421491187,0.438585432,0.623669261,0.427192128,0.498603596
2021/1/22 14:00,0.42114065,0.439233711,0.607662862,0.435340798,0.493735703
2021/1/22 15:00,0.443377264,0.442079553,0.60891216,0.440215239,0.500533536
2021/1/22 16:00,0.453942937,0.437736555,0.608196862,0.441105749,0.50251354
2021/1/22 17:00,0.454131551,0.442737252,0.602871215,0.437454503,0.502385668
2021/1/22 18:00,0.453572291,0.420617622,0.581930653,0.4068544,0.48919506
2021/1/22 19:00,0.449704123,0.405148619,0.560415721,0.393145764,0.478474537
2021/1/22 20:00,0.448910324,0.40638776,0.561544624,0.393825474,0.478676104
2021/1/22 21:00,0.447533006,0.413758299,0.577347576,0.398857296,0.483705987
2021/1/22 22:00,0.444276002,0.411432704,0.603898714,0.400041865,0.490060032
2021/1/22 23:00,0.440095442,0.414507445,0.623340649,0.396241257,0.49294923
2021/1/23 0:00,0.421439413,0.420674714,0.6106192,0.400264194,0.48532505
2021/1/23 1:00,0.410146681,0.39791749,0.601967239,0.404001667,0.478834431
2021/1/23 2:00,0.39818511,0.391370797,0.619511665,0.40899164,0.482033186
2021/1/23 3:00,0.397746144,0.38782755,0.608557838,0.403452146,0.476972689
2021/1/23 4:00,0.39599895,0.386433258,0.595459165,0.39611677,0.469342786
2021/1/23 5:00,0.396728491,0.384249219,0.588054479,0.389408972,0.466232605
2021/1/23 6:00,0.395272063,0.380352413,0.590716616,0.391885515,0.467526639
2021/1/23 7:00,0.395828295,0.389137369,0.597011012,0.39965964,0.474020158
2021/1/23 8:00,0.395406385,0.400542891,0.589437316,0.402630677,0.472941593
2021/1/23 9:00,0.396748605,0.413223774,0.587455099,0.403251905,0.472566046
2021/1/23 10:00,0.399425516,0.405966812,0.602897199,0.423882383,0.47986722
2021/1/23 11:00,0.395457733,0.412770456,0.611498523,0.43128943,0.482765604
2021/1/23 12:00,0.39230611,0.413549895,0.601126949,0.428719974,0.482503388
2021/1/23 13:00,0.393199111,0.426030847,0.589936558,0.428534275,0.480620078
2021/1/23 14:00,0.398028126,0.42866001,0.598387608,0.4198469,0.484045286
2021/1/23 15:00,0.407274033,0.437499312,0.619900314,0.42268126,0.494197599
2021/1/23 16:00,0.414767565,0.444171774,0.621166142,0.424217841,0.497935487
2021/1/23 17:00,0.425717887,0.453196771,0.604294549,0.422207482,0.498589586
2021/1/23 18:00,0.423724645,0.455220725,0.59378926,0.415470354,0.494145384
2021/1/23 19:00,0.438958391,0.449956527,0.5937981,0.417962823,0.496502899
2021/1/23 20:00,0.445738906,0.43417675,0.587961346,0.41288199,0.492443917
2021/1/23 21:00,0.444809917,0.424717247,0.586853352,0.405741372,0.488309913
2021/1/23 22:00,0.427607541,0.423536146,0.585190968,0.390752035,0.479267598
2021/1/23 23:00,0.409730849,0.428602536,0.605194789,0.388467593,0.480296724
2021/1/24 0:00,0.398435505,0.417042605,0.657913195,0.391232753,0.488275685
2021/1/24 1:00,0.398476801,0.395884621,0.664625795,0.409920301,0.485834868
2021/1/24 2:00,0.398142728,0.377661009,0.636780046,0.397874649,0.474861357
2021/1/24 3:00,0.39817069,0.366097605,0.632737417,0.404980735,0.473742988
2021/1/24 4:00,0.398469148,0.358399869,0.633456955,0.406633457,0.472290065
2021/1/24 5:00,0.39832764,0.356455275,0.637913868,0.411281834,0.470784078
2021/1/24 6:00,0.397436488,0.367723642,0.625917685,0.411312853,0.467367998
2021/1/24 7:00,0.398186876,0.358020124,0.63042676,0.417323719,0.467377206
2021/1/24 8:00,0.406385376,0.353119151,0.607250642,0.409898993,0.463462277
2021/1/24 9:00,0.412357705,0.355802253,0.609760285,0.410390897,0.465622949
2021/1/24 10:00,0.412277609,0.367443372,0.599215561,0.409585934,0.46299437
2021/1/24 11:00,0.400879984,0.370550734,0.588301251,0.401708874,0.456054323
2021/1/24 12:00,0.399221571,0.373375432,0.615652586,0.406234232,0.463590098
2021/1/24 13:00,0.399804161,0.372439484,0.599407507,0.415598749,0.459021895
2021/1/24 14:00,0.404368456,0.378490975,0.604043979,0.393428757,0.464731512
2021/1/24 15:00,0.418586183,0.376781716,0.626128636,0.408463852,0.474446053
2021/1/24 16:00,0.429653399,0.376916177,0.625684399,0.416196126,0.474246846
2021/1/24 17:00,0.445007057,0.38579383,0.614492302,0.423040123,0.476102712
2021/1/24 18:00,0.451593788,0.390512425,0.602068651,0.419905602,0.475526853
2021/1/24 19:00,0.429739674,0.391720943,0.585628541,0.39108251,0.462338384
2021/1/24 20:00,0.419817141,0.391136323,0.583660091,0.387609411,0.458681153
2021/1/24 21:00,0.415155006,0.398044673,0.591147228,0.386207356,0.46082036
2021/1/24 22:00,0.406861445,0.393380264,0.590447609,0.376407275,0.455579957
2021/1/24 23:00,0.400365987,0.388799383,0.604412556,0.373219059,0.457932692
2021/1/25 0:00,0.399966656,0.385374117,0.613793254,0.382525086,0.46344203
2021/1/25 1:00,0.399365325,0.382295174,0.619100561,0.388935797,0.467358635
2021/1/25 2:00,0.398968659,0.377705439,0.606771683,0.382328014,0.468789066
2021/1/25 3:00,0.399380971,0.382862439,0.607965388,0.387065232,0.472306702
2021/1/25 4:00,0.399609945,0.382126212,0.611287269,0.388699094,0.473375476
2021/1/25 5:00,0.400137116,0.386105366,0.614123798,0.398783632,0.473534084
2021/1/25 6:00,0.399521904,0.400853387,0.624934689,0.425508837,0.47789395
2021/1/25 7:00,0.399538694,0.413327673,0.639389975,0.442530057,0.482656517
2021/1/25 8:00,0.41229639,0.429096698,0.627776916,0.439030628,0.488957007
2021/1/25 9:00,0.415396784,0.441884745,0.602280539,0.423712299,0.489624967
2021/1/25 10:00,0.406203606,0.43641704,0.575567509,0.406994529,0.474963652
2021/1/25 11:00,0.402658628,0.440339426,0.568268292,0.397124196,0.471225687
2021/1/25 12:00,0.402175451,0.435586991,0.575210073,0.432978796,0.47609145
2021/1/25 13:00,0.402084689,0.437348463,0.573781012,0.396066106,0.470401919
2021/1/25 14:00,0.402278814,0.430369446,0.565415998,0.378293083,0.461950378
2021/1/25 15:00,0.409696351,0.422104797,0.576335663,0.383204116,0.467105963
2021/1/25 16:00,0.432560327,0.425298882,0.602103028,0.385661992,0.48512961
2021/1/25 17:00,0.45221263,0.432250174,0.606320167,0.393878364,0.493517826
2021/1/25 18:00,0.45182775,0.43015775,0.592100161,0.392911977,0.489580464
2021/1/25 19:00,0.448088016,0.413334049,0.594630727,0.390577746,0.486091529
2021/1/25 20:00,0.442885921,0.40263314,0.598576771,0.390771973,0.48424348
2021/1/25 21:00,0.439697112,0.406271308,0.603234997,0.387673612,0.483820095
2021/1/25 22:00,0.413820395,0.422814342,0.600012639,0.374581346,0.474635322
2021/1/25 23:00,0.408185994,0.420283857,0.611419105,0.373321012,0.47793553
2021/1/26 0:00,0.399880151,0.403127201,0.631494771,0.370927262,0.481335262
2021/1/26 1:00,0.400268708,0.383975574,0.646890576,0.371599655,0.48740408
2021/1/26 2:00,0.39973486,0.396062333,0.644359582,0.3853813,0.488426465
2021/1/26 3:00,0.399754749,0.400450604,0.638773343,0.400582361,0.488416558
2021/1/26 4:00,0.399599399,0.394140187,0.642398008,0.448668874,0.490518753
2021/1/26 5:00,0.400170378,0.391832879,0.648163443,0.454300362,0.493951577
2021/1/26 6:00,0.407369277,0.393228199,0.659642206,0.467121618,0.500137379
2021/1/26 7:00,0.432523147,0.391276382,0.682310413,0.48524631,0.511881653
2021/1/26 8:00,0.447702385,0.412866155,0.658113237,0.47763922,0.507427106
2021/1/26 9:00,0.423331333,0.421412525,0.607962864,0.440902917,0.481989803
2021/1/26 10:00,0.40877366,0.424890444,0.601013249,0.426994059,0.474963695
2021/1/26 11:00,0.401875583,0.429632605,0.594292174,0.394868503,0.471634706
2021/1/26 12:00,0.401288552,0.424858127,0.59512525,0.4058501,0.475449661
2021/1/26 13:00,0.403205401,0.429193867,0.589749638,0.389503076,0.474091997
2021/1/26 14:00,0.416231011,0.4446819,0.601354227,0.398868533,0.486963493
2021/1/26 15:00,0.420601192,0.443383672,0.614115645,0.404014919,0.491821287
2021/1/26 16:00,0.438068816,0.440148639,0.608544436,0.404596367,0.495082151
2021/1/26 17:00,0.452508002,0.449346291,0.608845637,0.409475609,0.501256476
2021/1/26 18:00,0.453363972,0.445637199,0.584007034,0.383674624,0.492307917
2021/1/26 19:00,0.453318784,0.433376906,0.594324843,0.387519882,0.49243336
2021/1/26 20:00,0.450318198,0.41778115,0.608859267,0.391899817,0.492234699
2021/1/26 21:00,0.440132351,0.413817275,0.615264795,0.389542772,0.49024071
2021/1/26 22:00,0.412736378,0.426991346,0.62665,0.394252176,0.485016019
2021/1/26 23:00,0.407747394,0.426616716,0.614904957,0.388517637,0.479152236
2021/1/27 0:00,0.400686469,0.418888757,0.599321961,0.387322931,0.470993804
2021/1/27 1:00,0.400851495,0.405794839,0.605153487,0.40714399,0.470758063
2021/1/27 2:00,0.401521892,0.399612118,0.620533657,0.410270643,0.477174006
2021/1/27 3:00,0.400543441,0.400227155,0.624291266,0.417221029,0.47925905
2021/1/27 4:00,0.400719937,0.397759168,0.62435963,0.419421638,0.479924186
2021/1/27 5:00,0.407321718,0.401794552,0.637059324,0.430958189,0.487350623
2021/1/27 6:00,0.412549492,0.406405356,0.652790002,0.442212822,0.491510267
2021/1/27 7:00,0.41312613,0.410120169,0.6527336,0.445667528,0.491304285
2021/1/27 8:00,0.41565856,0.425301104,0.6292669,0.428705385,0.488494211
2021/1/27 9:00,0.411445359,0.436152942,0.607351737,0.400755985,0.483003586
2021/1/27 10:00,0.399225315,0.436601404,0.577501495,0.385605512,0.468882697
2021/1/27 11:00,0.398963262,0.437062734,0.574830695,0.388377105,0.47165676
2021/1/27 12:00,0.398567413,0.435503141,0.576827411,0.38887103,0.477281048
2021/1/27 13:00,0.399229069,0.433004648,0.583081792,0.393113863,0.47474792
2021/1/27 14:00,0.403263966,0.42910571,0.57897575,0.386756336,0.468098412
2021/1/27 15:00,0.41057758,0.433546658,0.587205451,0.390085829,0.470993051
2021/1/27 16:00,0.414835894,0.433239826,0.588457554,0.393046276,0.476553484
2021/1/27 17:00,0.414772712,0.442380541,0.604988802,0.408552025,0.484929111
2021/1/27 18:00,0.414602838,0.443219761,0.593386504,0.399927701,0.480669654
2021/1/27 19:00,0.415176099,0.424332518,0.572299519,0.384102508,0.465783858
2021/1/27 20:00,0.412856961,0.40721093,0.566643658,0.38007053,0.459371897
2021/1/27 21:00,0.407058915,0.399399874,0.592444006,0.383109476,0.462863345
2021/1/27 22:00,0.399638875,0.407105277,0.592933234,0.372952443,0.461411428
2021/1/27 23:00,0.399188735,0.414805052,0.583552517,0.362768683,0.459015996
2021/1/28 0:00,0.398511068,0.403041092,0.590700763,0.390954753,0.460421236
2021/1/28 1:00,0.398456022,0.381693423,0.614263266,0.397734599,0.469298894
2021/1/28 2:00,0.398059992,0.379188099,0.613894395,0.41377581,0.471232156
2021/1/28 3:00,0.397577329,0.368073593,0.60285253,0.408380742,0.465785399
2021/1/28 4:00,0.397223427,0.371563479,0.617257723,0.417262785,0.472351549
2021/1/28 5:00,0.397586896,0.37786726,0.616367671,0.424978822,0.47276316
2021/1/28 6:00,0.397309055,0.388718109,0.625685801,0.433942583,0.478341185
2021/1/28 7:00,0.396884897,0.387213025,0.633180325,0.439568834,0.476977278
2021/1/28 8:00,0.399228263,0.407461293,0.608978004,0.420750121,0.471460103
2021/1/28 9:00,0.400423269,0.423108375,0.596628524,0.394986701,0.472734435
2021/1/28 10:00,0.400455361,0.429126565,0.579243004,0.400378467,0.4679469
2021/1/28 11:00,0.400164559,0.428648218,0.572258145,0.393127879,0.465007482
2021/1/28 12:00,0.400012575,0.431872153,0.590682949,0.426404601,0.47340698
2021/1/28 13:00,0.40069133,0.427014668,0.58552604,0.4065478,0.469143446
2021/1/28 14:00,0.401479448,0.424745231,0.584480886,0.402836009,0.4720727
2021/1/28 15:00,0.399167868,0.406884951,0.592274479,0.409185596,0.470191681
2021/1/28 16:00,0.398555164,0.396058484,0.58643801,0.403055083,0.464540475
2021/1/28 17:00,0.399204181,0.400081419,0.564284242,0.377909588,0.457478351
2021/1/28 18:00,0.399607089,0.400269713,0.568880937,0.3769289,0.458118674
2021/1/28 19:00,0.399609125,0.402792101,0.574826441,0.379394765,0.460445788
2021/1/28 20:00,0.399595684,0.405931315,0.58814117,0.38856413,0.466190385
2021/1/28 21:00,0.399731889,0.393305979,0.609196069,0.396263009,0.471634886
2021/1/28 22:00,0.399679398,0.392759745,0.626563859,0.394866337,0.476429978
2021/1/28 23:00,0.399180011,0.407182818,0.604516542,0.376701458,0.467446222
2021/1/29 0:00,0.397851297,0.392448123,0.565350831,0.34619277,0.453580899
2021/1/29 1:00,0.397185158,0.378586558,0.55101312,0.330971774,0.446307623
2021/1/29 2:00,0.397557909,0.360309064,0.588660697,0.350073112,0.457182834
2021/1/29 3:00,0.397384502,0.367414288,0.60537859,0.356336676,0.46204462
2021/1/29 4:00,0.397481718,0.366744039,0.606903492,0.35798415,0.461651793
2021/1/29 5:00,0.397166829,0.370929577,0.608591523,0.364119063,0.460993146
2021/1/29 6:00,0.396985486,0.378421659,0.621968306,0.377795233,0.464180084
2021/1/29 7:00,0.396954169,0.385019944,0.621501023,0.382024236,0.465875963
2021/1/29 8:00,0.399082939,0.391984225,0.647087172,0.403287462,0.473871112
2021/1/29 9:00,0.40206696,0.409623543,0.655119844,0.411084246,0.486047988
2021/1/29 10:00,0.409945882,0.418053676,0.645123916,0.417531737,0.492775933
2021/1/29 11:00,0.407382312,0.421155569,0.638924303,0.414010718,0.492246064
2021/1/29 12:00,0.399440653,0.411654973,0.623665874,0.400862501,0.486123019
2021/1/29 13:00,0.398151905,0.415810918,0.632599248,0.404482408,0.484468701
2021/1/29 14:00,0.397981413,0.413910294,0.621952136,0.401891233,0.478925867
2021/1/29 15:00,0.398585754,0.396617178,0.624122258,0.415899376,0.474842657
2021/1/29 16:00,0.398478132,0.394562995,0.585403661,0.406266239,0.463507361
2021/1/29 17:00,0.403191825,0.392333562,0.540888879,0.362557556,0.448914996
2021/1/29 18:00,0.412010437,0.389697898,0.535657833,0.356261263,0.451554863
2021/1/29 19:00,0.411689776,0.391585309,0.562503042,0.367540061,0.462599786
2021/1/29 20:00,0.411884357,0.385882699,0.58028143,0.375429986,0.469692813
2021/1/29 21:00,0.419856914,0.388616431,0.579602195,0.376546419,0.472947683
2021/1/29 22:00,0.427675229,0.368611847,0.622972419,0.389947554,0.484764203
2021/1/29 23:00,0.415752899,0.385797398,0.60263983,0.375242082,0.473580877
2021/1/30 0:00,0.400129253,0.400333941,0.572711002,0.359786771,0.452812285
2021/1/30 1:00,0.399727721,0.391871174,0.582928653,0.362619187,0.455112337
2021/1/30 2:00,0.399731434,0.372968212,0.602042621,0.372723654,0.460891933
2021/1/30 3:00,0.399121408,0.372286214,0.600407356,0.37134489,0.461191415
2021/1/30 4:00,0.399522093,0.373556458,0.60412405,0.373955978,0.461407778
2021/1/30 5:00,0.399806963,0.376489835,0.58842882,0.370322321,0.459211795
2021/1/30 6:00,0.400090965,0.378900275,0.612434494,0.387726084,0.469979062
2021/1/30 7:00,0.399859341,0.381426778,0.611940595,0.390212122,0.469407037
2021/1/30 8:00,0.40147786,0.385253425,0.603670969,0.389396676,0.467781933
2021/1/30 9:00,0.402907989,0.401616872,0.597974845,0.385050186,0.469848944
2021/1/30 10:00,0.407090766,0.407218982,0.588242538,0.379860597,0.469534235
2021/1/30 11:00,0.405899498,0.409409439,0.598099514,0.384335386,0.475006638
2021/1/30 12:00,0.406432325,0.405211973,0.592919109,0.380801792,0.476259566
2021/1/30 13:00,0.407146036,0.411496921,0.591543154,0.387493131,0.4807947
2021/1/30 14:00,0.405972344,0.409651181,0.596056134,0.422251276,0.477241389
2021/1/30 15:00,0.406336047,0.393683911,0.605842463,0.43098752,0.473074139
2021/1/30 16:00,0.405976468,0.371151298,0.601779523,0.42775924,0.472001117
2021/1/30 17:00,0.409261641,0.360060819,0.610074409,0.432812048,0.479910453
2021/1/30 18:00,0.410722442,0.353115075,0.596625009,0.408753861,0.478075692
2021/1/30 19:00,0.410978425,0.363204537,0.578203171,0.378819858,0.473243837
2021/1/30 20:00,0.410684664,0.354765534,0.583102989,0.378569852,0.473409357
2021/1/30 21:00,0.411176775,0.353722079,0.570269677,0.357467148,0.468894323
2021/1/30 22:00,0.400737435,0.364646219,0.587680553,0.353324619,0.47513439
2021/1/30 23:00,0.398438836,0.355329274,0.592398582,0.362546796,0.476946289
2021/1/31 0:00,0.399365499,0.358517451,0.554778583,0.35305543,0.458967872
2021/1/31 1:00,0.399240792,0.330082426,0.598686138,0.37504901,0.472664193
2021/1/31 2:00,0.399679634,0.33650647,0.624803513,0.385127514,0.481796585
2021/1/31 3:00,0.399434198,0.325107557,0.626821104,0.383369981,0.483406011
2021/1/31 4:00,0.399563973,0.332586297,0.630355748,0.385636732,0.485028529
2021/1/31 5:00,0.399820059,0.334331336,0.631920276,0.386136905,0.483949392
2021/1/31 6:00,0.400315053,0.365684187,0.632791288,0.388823035,0.4822654
2021/1/31 7:00,0.401194156,0.363693444,0.63337084,0.387113811,0.483631924
2021/1/31 8:00,0.400599523,0.326686086,0.624243952,0.380968266,0.483406218
2021/1/31 9:00,0.400018352,0.392197396,0.617872542,0.38080122,0.485974242
2021/1/31 10:00,0.400026664,0.40319005,0.606701888,0.378001422,0.484282417
2021/1/31 11:00,0.399344392,0.41191765,0.595306775,0.368753117,0.478474768
2021/1/31 12:00,0.39818998,0.418916335,0.585763888,0.364798064,0.476025001
2021/1/31 13:00,0.398360914,0.418487209,0.583499974,0.364091308,0.476416399
2021/1/31 14:00,0.397907668,0.424777019,0.603100151,0.374872167,0.485676347
2021/1/31 15:00,0.398483259,0.422497875,0.624675435,0.379220273,0.489553934
2021/1/31 16:00,0.399675726,0.402059892,0.596318154,0.367405744,0.478372886
2021/1/31 17:00,0.412673388,0.395165327,0.574226059,0.355005796,0.47267998
2021/1/31 18:00,0.417925661,0.403476301,0.584314337,0.366527547,0.477751353
2021/1/31 19:00,0.412323134,0.413420588,0.523201637,0.33325543,0.450052976
2021/1/31 20:00,0.411982654,0.420020323,0.487734573,0.319789114,0.437865102
2021/1/31 21:00,0.411728441,0.420250749,0.526848,0.338068207,0.452408581
2021/1/31 22:00,0.41171233,0.419197404,0.546020868,0.35722323,0.460645523
2021/1/31 23:00,0.411092281,0.403256649,0.548438103,0.357793989,0.460400789
2021/2/1 0:00,0.411531549,0.379228595,0.556784033,0.356008729,0.465084823
2021/2/1 1:00,0.411029816,0.308483364,0.603075265,0.379451607,0.482845402
2021/2/1 2:00,0.411051374,0.242837621,0.637058381,0.392237133,0.493919775
2021/2/1 3:00,0.411187333,0.235841725,0.641286657,0.392342136,0.495296354
2021/2/1 4:00,0.411721581,0.304766053,0.641356878,0.395758532,0.496550694
2021/2/1 5:00,0.411331859,0.328680806,0.644253479,0.399890217,0.494674939
2021/2/1 6:00,0.410988916,0.376192444,0.640303563,0.4024116,0.491916735
2021/2/1 7:00,0.410995322,0.410902946,0.631327632,0.405785205,0.493690513
2021/2/1 8:00,0.408493354,0.40082985,0.636163755,0.406058162,0.488304879
2021/2/1 9:00,0.398214503,0.4257728,0.611595843,0.415248683,0.479213866
2021/2/1 10:00,0.398165416,0.427652619,0.595405917,0.435826952,0.476496151
2021/2/1 11:00,0.398089684,0.427830849,0.619163093,0.451722383,0.488225839
2021/2/1 12:00,0.397692695,0.416866932,0.622013415,0.448796586,0.496113999
2021/2/1 13:00,0.398081672,0.402828837,0.62594482,0.448032333,0.495931952
2021/2/1 14:00,0.398075825,0.400561455,0.620280288,0.428269258,0.490597649
2021/2/1 15:00,0.398795249,0.395266116,0.627331215,0.431151015,0.49203907
2021/2/1 16:00,0.412930356,0.387519106,0.653764246,0.44138569,0.502588534
2021/2/1 17:00,0.413329651,0.37571358,0.631650858,0.415847666,0.491036018
2021/2/1 18:00,0.402446193,0.383970126,0.568098622,0.362760578,0.463257063
2021/2/1 19:00,0.391473602,0.384043525,0.542755718,0.338627197,0.451807623
2021/2/1 20:00,0.39024843,0.386343352,0.536975855,0.332830719,0.447104301
2021/2/1 21:00,0.38967562,0.387360577,0.528093408,0.330091976,0.44250135
2021/2/1 22:00,0.382354811,0.381482893,0.524908987,0.318848416,0.438079731
2021/2/1 23:00,0.379764815,0.388200246,0.536074935,0.315624908,0.440908162
2021/2/2 0:00,0.378555911,0.388110994,0.513923189,0.296761003,0.430796821
2021/2/2 1:00,0.378329482,0.3825571,0.523013662,0.298704375,0.4351015
2021/2/2 2:00,0.378578561,0.352662083,0.59268492,0.328684762,0.455418926
2021/2/2 3:00,0.378183947,0.337877945,0.60043165,0.305993239,0.456682723
2021/2/2 4:00,0.378084563,0.344938021,0.593769201,0.303715605,0.456310123
2021/2/2 5:00,0.378545135,0.370231747,0.606158607,0.313144885,0.46137694
2021/2/2 6:00,0.378899917,0.385439792,0.620843844,0.330054705,0.469656175
2021/2/2 7:00,0.377970831,0.401737804,0.615374174,0.363649478,0.475154435
2021/2/2 8:00,0.378031872,0.427644365,0.599280941,0.368003444,0.475460989
2021/2/2 9:00,0.377768327,0.422390527,0.587248628,0.358317788,0.469231834
2021/2/2 10:00,0.378104783,0.433999364,0.550577786,0.341335229,0.458175814
2021/2/2 11:00,0.377171553,0.433149331,0.536659636,0.334968996,0.455849336
2021/2/2 12:00,0.378001746,0.425345164,0.534356991,0.332336229,0.456604687
2021/2/2 13:00,0.37785167,0.41653773,0.54027978,0.335147251,0.452573575
2021/2/2 14:00,0.377875984,0.416294612,0.56925578,0.352174195,0.46127074
2021/2/2 15:00,0.376889527,0.418858759,0.591532912,0.364325899,0.468996633
2021/2/2 16:00,0.377418385,0.407017332,0.583626053,0.366862983,0.464333895
2021/2/2 17:00,0.381917196,0.39425808,0.526817636,0.335817956,0.443256638
2021/2/2 18:00,0.395565783,0.393291332,0.524088807,0.339022903,0.446761363
2021/2/2 19:00,0.39611723,0.397976887,0.523093824,0.337563936,0.447239572
2021/2/2 20:00,0.3959737,0.399179745,0.519984785,0.334422965,0.445399551
2021/2/2 21:00,0.395667538,0.393929981,0.522163286,0.330211525,0.444061288
2021/2/2 22:00,0.39592176,0.381965469,0.573997652,0.346246976,0.458222617
2021/2/2 23:00,0.3907508,0.387052963,0.570923202,0.343765072,0.456801467
2021/2/3 0:00,0.376885299,0.36886459,0.576670292,0.380844149,0.457269058
2021/2/3 1:00,0.375840997,0.343447486,0.623097913,0.409608711,0.473723736
2021/2/3 2:00,0.376404636,0.348265329,0.621962839,0.411304493,0.472838822
2021/2/3 3:00,0.376392466,0.345551751,0.614723006,0.408243602,0.468020017
2021/2/3 4:00,0.377551427,0.351770168,0.609310054,0.407506202,0.466890557
2021/2/3 5:00,0.377536945,0.346866333,0.604626042,0.408974415,0.465134978
2021/2/3 6:00,0.376752733,0.363348478,0.617276213,0.418518319,0.46792622
2021/2/3 7:00,0.3805934,0.378167198,0.635386774,0.42986004,0.47858648
2021/2/3 8:00,0.394499477,0.393584578,0.646947375,0.444507037,0.490357783
2021/2/3 9:00,0.395585462,0.408180846,0.650404199,0.451009473,0.495119208
2021/2/3 10:00,0.381832464,0.41237299,0.614205857,0.418630399,0.480307627
2021/2/3 11:00,0.376563552,0.416378361,0.589928969,0.378441564,0.470026357
2021/2/3 12:00,0.387884214,0.411252922,0.604006806,0.396228262,0.483833817
2021/2/3 13:00,0.402182137,0.419811508,0.633976339,0.417389213,0.496993451
2021/2/3 14:00,0.399786138,0.431192864,0.638541821,0.438724982,0.499175295
2021/2/3 15:00,0.395103559,0.416599502,0.635920448,0.400942763,0.493743904
2021/2/3 16:00,0.394714905,0.400640135,0.631565256,0.395853143,0.487826856
2021/2/3 17:00,0.395680836,0.39244922,0.563223016,0.356911759,0.463192313
2021/2/3 18:00,0.406850228,0.391642166,0.549888053,0.352757742,0.460214342
2021/2/3 19:00,0.405544968,0.391297578,0.554811874,0.353443798,0.462630668
2021/2/3 20:00,0.401335953,0.396062118,0.543389796,0.354834328,0.458415455
2021/2/3 21:00,0.400781516,0.3987587,0.552139125,0.363359087,0.460927778
2021/2/3 22:00,0.395175304,0.388895525,0.5608895,0.356486146,0.456999331
2021/2/3 23:00,0.39363436,0.390997754,0.577981307,0.357946307,0.462881684
2021/2/4 0:00,0.396169514,0.374420111,0.582422314,0.346656075,0.461879009
2021/2/4 1:00,0.403420365,0.357119682,0.587281987,0.344666452,0.466640304
2021/2/4 2:00,0.404142542,0.329545927,0.617134197,0.358678261,0.473488416
2021/2/4 3:00,0.40417376,0.319443655,0.611701344,0.358166482,0.470396297
2021/2/4 4:00,0.407792568,0.312899822,0.605534618,0.357117729,0.47111066
2021/2/4 5:00,0.41323601,0.328133737,0.607656401,0.361090285,0.472169551
2021/2/4 6:00,0.413204711,0.342031249,0.62419138,0.367375497,0.477667663
2021/2/4 7:00,0.413342575,0.36721023,0.638111058,0.376780234,0.487292446
2021/2/4 8:00,0.404438725,0.411750169,0.634502159,0.384154088,0.49413046
2021/2/4 9:00,0.386461754,0.436007076,0.622696239,0.382616474,0.492131614
2021/2/4 10:00,0.395703557,0.4314179,0.586993695,0.370680235,0.47635642
2021/2/4 11:00,0.396694043,0.434730266,0.56520066,0.362292794,0.468183392
2021/2/4 12:00,0.396976002,0.43164296,0.558905702,0.360804913,0.470345383
2021/2/4 13:00,0.399523937,0.435667397,0.568073896,0.370563989,0.470319601
2021/2/4 14:00,0.404093576,0.428605449,0.570590322,0.366703551,0.467664726
2021/2/4 15:00,0.414674109,0.411141731,0.613836658,0.399023529,0.482767687
2021/2/4 16:00,0.41438217,0.393463358,0.59075921,0.394813491,0.471120682
2021/2/4 17:00,0.422696683,0.394530082,0.544968456,0.35837432,0.457263617
2021/2/4 18:00,0.446290513,0.396686267,0.531230078,0.346944115,0.461633567
2021/2/4 19:00,0.444184292,0.39629814,0.528300411,0.342576256,0.460028394
2021/2/4 20:00,0.443871322,0.38805628,0.515083436,0.337569126,0.453750335
2021/2/4 21:00,0.44420592,0.387312673,0.503746538,0.337005549,0.449874483
2021/2/4 22:00,0.431768875,0.386408257,0.515745778,0.335219975,0.449400335
2021/2/4 23:00,0.422256832,0.385099824,0.541246741,0.347504037,0.454400248
2021/2/5 0:00,0.407148032,0.356422823,0.584416601,0.376579027,0.461636672
2021/2/5 1:00,0.395603876,0.346192181,0.628094092,0.38927986,0.471251164
2021/2/5 2:00,0.392558516,0.324212698,0.61748778,0.382824471,0.469141276
2021/2/5 3:00,0.392368924,0.304459035,0.627579574,0.405466141,0.472754177
2021/2/5 4:00,0.392811952,0.306795373,0.621163536,0.413272348,0.469202832
2021/2/5 5:00,0.39229341,0.320398706,0.620967251,0.416421176,0.468111847
2021/2/5 6:00,0.392601927,0.345237911,0.63399792,0.42836893,0.474616063
2021/2/5 7:00,0.398798316,0.370010355,0.643794675,0.436401229,0.483734608
2021/2/5 8:00,0.406751598,0.389944379,0.647246697,0.412830287,0.487398483
2021/2/5 9:00,0.407275553,0.406748495,0.624002491,0.390325633,0.48043481
2021/2/5 10:00,0.407213631,0.417041356,0.609291937,0.3914917,0.475134579
2021/2/5 11:00,0.406871811,0.42188462,0.584384625,0.378543178,0.46586291
2021/2/5 12:00,0.407762372,0.416986409,0.581046834,0.369736107,0.465584037
2021/2/5 13:00,0.40801468,0.413546102,0.573713301,0.367743389,0.460290921
2021/2/5 14:00,0.408224846,0.420045086,0.599589828,0.386778574,0.4740991
2021/2/5 15:00,0.407251733,0.40158346,0.616189616,0.397350068,0.477681102
2021/2/5 16:00,0.407843058,0.390936481,0.583273998,0.3843831,0.464602896
2021/2/5 17:00,0.407495269,0.395360251,0.533354608,0.35838438,0.448866102
2021/2/5 18:00,0.413120464,0.395889323,0.514413898,0.349819868,0.444423754
2021/2/5 19:00,0.408819532,0.395578869,0.52649086,0.355303819,0.447829503
2021/2/5 20:00,0.408063006,0.39640736,0.498646509,0.340149353,0.437545318
2021/2/5 21:00,0.408452955,0.395430008,0.501626636,0.342632945,0.438839242
2021/2/5 22:00,0.408621667,0.391231833,0.512869972,0.351202984,0.441537638
2021/2/5 23:00,0.407966497,0.397235024,0.555990248,0.374894694,0.455539953
2021/2/6 0:00,0.407104324,0.381258174,0.585172194,0.37901749,0.463106675
2021/2/6 1:00,0.40713122,0.361348676,0.604589306,0.381349265,0.469754882
2021/2/6 2:00,0.406808925,0.336320624,0.632080231,0.388387998,0.478934903
2021/2/6 3:00,0.408690405,0.321453142,0.625020097,0.382454353,0.47851854
2021/2/6 4:00,0.4092762,0.303511947,0.62876754,0.397268864,0.478586012
2021/2/6 5:00,0.404302848,0.310749203,0.619540463,0.398192506,0.473047371
2021/2/6 6:00,0.394176713,0.318864887,0.631391811,0.40559424,0.47704451
2021/2/6 7:00,0.393538687,0.337144694,0.639272604,0.402649776,0.482071663
2021/2/6 8:00,0.393870925,0.374747686,0.612981382,0.390002322,0.476646233
2021/2/6 9:00,0.397933022,0.399640277,0.58131034,0.375688208,0.467982996
2021/2/6 10:00,0.402508066,0.393277847,0.589204443,0.384676639,0.471971297
2021/2/6 11:00,0.40796743,0.395687949,0.5708453,0.387715976,0.466950217
2021/2/6 12:00,0.407390984,0.392506772,0.574909578,0.374442985,0.468218774
2021/2/6 13:00,0.410671133,0.395528243,0.574416678,0.376630369,0.468326882
2021/2/6 14:00,0.418068783,0.392903114,0.584553597,0.392585363,0.471201098
2021/2/6 15:00,0.420242787,0.381517441,0.56104198,0.370863692,0.463788759
2021/2/6 16:00,0.42278622,0.365058587,0.567495594,0.373581948,0.46801747
2021/2/6 17:00,0.43818392,0.374600291,0.542185384,0.371648541,0.466104192
2021/2/6 18:00,0.445199408,0.373969624,0.546337883,0.383179043,0.470883288
2021/2/6 19:00,0.447804411,0.373786959,0.551907029,0.384284228,0.473591968
2021/2/6 20:00,0.447307162,0.375280564,0.531526229,0.365438245,0.466223965
2021/2/6 21:00,0.447471167,0.361161427,0.54808995,0.37286399,0.470460209
2021/2/6 22:00,0.450214852,0.358734581,0.59640131,0.397246352,0.487247889
2021/2/6 23:00,0.45029541,0.361893589,0.620178228,0.402605863,0.493133298
2021/2/7 0:00,0.450298989,0.335902604,0.650806964,0.412325537,0.499945203
2021/2/7 1:00,0.442931079,0.297804443,0.644557472,0.40854209,0.496093141
2021/2/7 2:00,0.443356122,0.322527346,0.623075132,0.397466038,0.488913645
2021/2/7 3:00,0.443423711,0.328479152,0.61873666,0.401322019,0.487184833
2021/2/7 4:00,0.443842042,0.325449719,0.620825392,0.407046936,0.487720476
2021/2/7 5:00,0.44389908,0.351480689,0.60604331,0.403152484,0.486077491
2021/2/7 6:00,0.443691035,0.348635798,0.610863664,0.406917981,0.488032028
2021/2/7 7:00,0.445609949,0.353990052,0.617924133,0.404671018,0.489044735
2021/2/7 8:00,0.444734286,0.363486893,0.610062315,0.397623812,0.490535197
2021/2/7 9:00,0.444563135,0.380023154,0.60855847,0.395125447,0.492961581
2021/2/7 10:00,0.454581651,0.39604899,0.608448428,0.384634954,0.502188715
2021/2/7 11:00,0.455102025,0.405224925,0.608132265,0.38387757,0.502713831
2021/2/7 12:00,0.451544321,0.400061093,0.635176946,0.395379014,0.510432096
2021/2/7 13:00,0.452331725,0.397394714,0.609368267,0.385121242,0.502139028
2021/2/7 14:00,0.455253915,0.398988638,0.614856525,0.394929364,0.504005677
2021/2/7 15:00,0.458454195,0.400972093,0.616901483,0.406145712,0.504329498
2021/2/7 16:00,0.462416935,0.410827626,0.607312087,0.416283583,0.500232502
2021/2/7 17:00,0.475229659,0.408536533,0.60232563,0.411261102,0.500687316
2021/2/7 18:00,0.487847755,0.413077797,0.58261448,0.396733475,0.499133585
2021/2/7 19:00,0.48524519,0.409025728,0.591686748,0.399510324,0.5002733
2021/2/7 20:00,0.483435366,0.409474317,0.59011077,0.396300554,0.499582556
2021/2/7 21:00,0.483170569,0.417488584,0.586578779,0.3909819,0.500663151
2021/2/7 22:00,0.47306435,0.42388768,0.613922902,0.403768596,0.509811791
2021/2/7 23:00,0.456058953,0.422149956,0.617465362,0.399976553,0.504115757
2021/2/8 0:00,0.445944668,0.405976973,0.609884715,0.409790426,0.494863556
2021/2/8 1:00,0.444696658,0.387957896,0.61410093,0.404030039,0.494086131
2021/2/8 2:00,0.447787041,0.377787204,0.601946828,0.404848481,0.490402129
2021/2/8 3:00,0.457252846,0.373492875,0.6051912,0.420919857,0.495220345
2021/2/8 4:00,0.454370662,0.362680426,0.618637598,0.427435927,0.496515881
2021/2/8 5:00,0.448747389,0.366024558,0.620707391,0.429809153,0.494933335
2021/2/8 6:00,0.440328976,0.390812407,0.614598384,0.431962217,0.492012641
2021/2/8 7:00,0.44392103,0.394737474,0.616141585,0.427583004,0.491742735
2021/2/8 8:00,0.444470054,0.411685646,0.574258375,0.391793252,0.480012593
2021/2/8 9:00,0.443715272,0.424090404,0.567547254,0.386387701,0.477508448
2021/2/8 10:00,0.444152699,0.429327369,0.55360483,0.380761692,0.474027509
2021/2/8 11:00,0.443744347,0.435336512,0.553536217,0.387019344,0.475843602
2021/2/8 12:00,0.443973574,0.432123854,0.593090046,0.416654237,0.491071856
2021/2/8 13:00,0.444134549,0.441372046,0.601023253,0.396729091,0.492071114
2021/2/8 14:00,0.443905717,0.443216469,0.61435553,0.394919061,0.493702487
2021/2/8 15:00,0.443416968,0.424601818,0.610513476,0.393284604,0.488458472
2021/2/8 16:00,0.452967209,0.407996322,0.605364715,0.396287814,0.491434918
2021/2/8 17:00,0.454814777,0.413718414,0.590295948,0.39623817,0.489925192
2021/2/8 18:00,0.465946359,0.414071475,0.582679335,0.383838507,0.489947104
2021/2/8 19:00,0.464351248,0.413481623,0.593791343,0.398730871,0.492200419
2021/2/8 20:00,0.459248041,0.411897723,0.586090751,0.392916941,0.48721127
2021/2/8 21:00,0.459329301,0.419469149,0.584199956,0.387703646,0.488110762
2021/2/8 22:00,0.459479674,0.427623681,0.628033689,0.401463259,0.502362123
2021/2/8 23:00,0.451878125,0.428595258,0.605430021,0.380701713,0.494026792
2021/2/9 0:00,0.443537832,0.412842124,0.611073441,0.392079205,0.494269196
2021/2/9 1:00,0.443888277,0.389503906,0.631079985,0.408526191,0.501086352
2021/2/9 2:00,0.443681046,0.381157743,0.611590854,0.393007346,0.492065734
2021/2/9 3:00,0.443456485,0.376228446,0.607570494,0.400157354,0.490861076
2021/2/9 4:00,0.443698345,0.373244595,0.611273708,0.409038974,0.491312169
2021/2/9 5:00,0.444046889,0.370957413,0.619758081,0.417132971,0.495715875
2021/2/9 6:00,0.44405308,0.38688492,0.644134153,0.4349225,0.505302264
2021/2/9 7:00,0.435175385,0.392950476,0.645567211,0.425935008,0.501280317
2021/2/9 8:00,0.448951445,0.423306933,0.61314733,0.417886831,0.501519133
2021/2/9 9:00,0.44892677,0.428663972,0.615658425,0.420543905,0.504794534
2021/2/9 10:00,0.437160689,0.428595203,0.594530711,0.417831905,0.491769581
2021/2/9 11:00,0.446007487,0.43273378,0.561272745,0.398244768,0.480970091
2021/2/9 12:00,0.457565338,0.426422,0.606751284,0.462038261,0.50139402
2021/2/9 13:00,0.4638923,0.421138731,0.595177396,0.429485195,0.497548788
2021/2/9 14:00,0.457929963,0.418924105,0.597702589,0.41973048,0.496583219
2021/2/9 15:00,0.456326959,0.412022286,0.595182111,0.420279416,0.49111068
2021/2/9 16:00,0.466509562,0.413292959,0.605796296,0.413788937,0.496833054
2021/2/9 17:00,0.479731357,0.428978389,0.600186779,0.421488551,0.503569181
2021/2/9 18:00,0.486203391,0.432162651,0.567434291,0.404875406,0.495233257
2021/2/9 19:00,0.472770009,0.42359497,0.583339777,0.393658914,0.493428512
2021/2/9 20:00,0.461106585,0.42619299,0.585846068,0.391822926,0.489172202
2021/2/9 21:00,0.459400048,0.428925741,0.582198641,0.387787977,0.487801502
2021/2/9 22:00,0.450295864,0.434454403,0.598640384,0.386514949,0.489373958
2021/2/9 23:00,0.444962768,0.438986839,0.616039111,0.39551481,0.494137931
2021/2/10 0:00,0.444924131,0.426572988,0.634423169,0.405684016,0.500311766
2021/2/10 1:00,0.445038426,0.410134727,0.632650659,0.395616043,0.4970307
2021/2/10 2:00,0.4448846,0.404573328,0.616546042,0.38503569,0.491322488
2021/2/10 3:00,0.444616473,0.397311306,0.601886255,0.414970249,0.49063627
2021/2/10 4:00,0.445305043,0.396130682,0.611184716,0.437325157,0.493250383
2021/2/10 5:00,0.44500046,0.396596975,0.609553997,0.421560726,0.491985064
2021/2/10 6:00,0.445114307,0.401219121,0.622747297,0.408100106,0.495426244
2021/2/10 7:00,0.445105365,0.402825502,0.628533019,0.399330991,0.497647414
2021/2/10 8:00,0.455861233,0.409773917,0.5904717,0.383156568,0.494184704
2021/2/10 9:00,0.46166204,0.412908763,0.62494893,0.406722326,0.507796065
2021/2/10 10:00,0.458805127,0.415385566,0.623450947,0.412082387,0.503491894
2021/2/10 11:00,0.453799539,0.416124442,0.59213042,0.398613522,0.488838896
2021/2/10 12:00,0.452122252,0.413654024,0.60663704,0.42590667,0.492932961
2021/2/10 13:00,0.452351431,0.418595524,0.587439763,0.436155884,0.488613201
2021/2/10 14:00,0.452168395,0.419841512,0.577994185,0.429458634,0.486401865
2021/2/10 15:00,0.453592771,0.417902522,0.557451483,0.398049911,0.479039348
2021/2/10 16:00,0.462443644,0.417271989,0.58340081,0.395902272,0.49090271
2021/2/10 17:00,0.478333134,0.432029761,0.586266932,0.397823727,0.498196629
2021/2/10 18:00,0.485393907,0.439709682,0.559556707,0.389627946,0.493330536
2021/2/10 19:00,0.48557128,0.430338857,0.575071464,0.399582962,0.496024769
2021/2/10 20:00,0.481647445,0.431881627,0.587566396,0.408466103,0.499084398
2021/2/10 21:00,0.469748275,0.438662929,0.613403131,0.414997567,0.502413607
2021/2/10 22:00,0.461390877,0.442400755,0.623355167,0.41275996,0.503956779
2021/2/10 23:00,0.452572518,0.445291819,0.622876201,0.40319889,0.502825158
2021/2/11 0:00,0.445011353,0.439013971,0.648577826,0.416449689,0.511526228
2021/2/11 1:00,0.445029316,0.433128906,0.659119373,0.417290779,0.515173312
2021/2/11 2:00,0.445485814,0.423229091,0.630922749,0.432291705,0.506440738
2021/2/11 3:00,0.4453383,0.418580479,0.624996011,0.425577345,0.502224564
2021/2/11 4:00,0.445470558,0.415940145,0.617969412,0.426122031,0.500946377
2021/2/11 5:00,0.4453878,0.416843726,0.623243932,0.431788772,0.503614638
2021/2/11 6:00,0.44967221,0.414490165,0.638571723,0.442342164,0.511129544
2021/2/11 7:00,0.457739618,0.415118316,0.659305395,0.415900378,0.519891851
2021/2/11 8:00,0.459731045,0.42564188,0.612742997,0.391002993,0.505627743
2021/2/11 9:00,0.457297743,0.429045629,0.601884805,0.387137137,0.501615057
2021/2/11 10:00,0.455527876,0.431217363,0.590811974,0.427028577,0.498192755
2021/2/11 11:00,0.44739424,0.435860428,0.601738822,0.460435597,0.500887565
2021/2/11 12:00,0.44731277,0.435129246,0.610173184,0.476564079,0.502213076
2021/2/11 13:00,0.446891305,0.431006963,0.608065048,0.474782807,0.49857074
2021/2/11 14:00,0.447085158,0.433955965,0.599013128,0.465012187,0.496676019
2021/2/11 15:00,0.460060838,0.432896503,0.616449273,0.456120959,0.504895978
2021/2/11 16:00,0.463498867,0.444945688,0.613475943,0.452045652,0.504567511
2021/2/11 17:00,0.46337376,0.453878733,0.601996521,0.413651813,0.501407827
2021/2/11 18:00,0.462993632,0.450921506,0.578188509,0.386496906,0.493839865
2021/2/11 19:00,0.463026829,0.442347488,0.588866908,0.390079592,0.494454686
2021/2/11 20:00,0.462793512,0.447885421,0.581753144,0.391127798,0.493520807
2021/2/11 21:00,0.460513692,0.453838165,0.591821189,0.402784658,0.497571259
2021/2/11 22:00,0.455420355,0.464959624,0.590818565,0.419840777,0.500974448
2021/2/11 23:00,0.44796789,0.462437832,0.599054897,0.425804306,0.500457351
2021/2/12 0:00,0.447927997,0.457622097,0.572680621,0.402411138,0.488329094
2021/2/12 1:00,0.448137071,0.45260887,0.586194625,0.417708549,0.495227069
2021/2/12 2:00,0.447268344,0.445965834,0.606511461,0.425237446,0.5022487
2021/2/12 3:00,0.447908627,0.438895045,0.615288701,0.42608529,0.504221954
2021/2/12 4:00,0.448396826,0.438691559,0.621178633,0.429453827,0.507187493
2021/2/12 5:00,0.44794047,0.439890432,0.621505227,0.424751316,0.506777357
2021/2/12 6:00,0.447200841,0.443092757,0.61606086,0.423433697,0.504889392
2021/2/12 7:00,0.447922913,0.4440722,0.621094586,0.424429707,0.508703782
2021/2/12 8:00,0.448703579,0.453679826,0.631775496,0.439863579,0.51535883
2021/2/12 9:00,0.448070281,0.452392505,0.633394442,0.429922032,0.516626087
2021/2/12 10:00,0.447551302,0.456779644,0.616813615,0.427563146,0.51064924
2021/2/12 11:00,0.44757677,0.461136233,0.611289014,0.402422902,0.509540333
2021/2/12 12:00,0.447692118,0.458755635,0.605339759,0.446682104,0.508464238
2021/2/12 13:00,0.44785042,0.457664996,0.611245295,0.425158372,0.511408632
2021/2/12 14:00,0.447513069,0.457169138,0.601124678,0.415416443,0.505312507
2021/2/12 15:00,0.447665483,0.447163268,0.580626618,0.40363407,0.49670339
2021/2/12 16:00,0.450152867,0.44450714,0.588277394,0.406588053,0.498674952
2021/2/12 17:00,0.456913242,0.452852369,0.597684676,0.406462145,0.501272428
2021/2/12 18:00,0.467007899,0.462580265,0.583797623,0.387969538,0.500633073
2021/2/12 19:00,0.460444465,0.458333301,0.581181968,0.387158874,0.497837665
2021/2/12 20:00,0.452784797,0.456840603,0.590504606,0.393319712,0.49762074
2021/2/12 21:00,0.451880969,0.458704683,0.589936928,0.399138236,0.497634832
2021/2/12 22:00,0.449127037,0.455248795,0.590556854,0.397543906,0.497858868
2021/2/12 23:00,0.447140304,0.459792684,0.583421306,0.391482927,0.494494584
2021/2/13 0:00,0.447467163,0.454483358,0.59577431,0.420594334,0.494798501
2021/2/13 1:00,0.447595147,0.447316735,0.608897464,0.431755718,0.498943239
2021/2/13 2:00,0.447699446,0.439170167,0.622837645,0.442570771,0.505098332
2021/2/13 3:00,0.448245801,0.439131935,0.618515433,0.452923059,0.505097901
2021/2/13 4:00,0.448121901,0.435070379,0.603899211,0.446124047,0.497556638
2021/2/13 5:00,0.447992632,0.436210901,0.599075138,0.444670961,0.495058221
2021/2/13 6:00,0.447818726,0.441999757,0.608316862,0.451070255,0.499372696
2021/2/13 7:00,0.447691334,0.439058098,0.620699947,0.451969977,0.503762982
2021/2/13 8:00,0.447432101,0.444014279,0.601340086,0.437983748,0.497998674
2021/2/13 9:00,0.448078453,0.449541571,0.602083482,0.426030055,0.501655419
2021/2/13 10:00,0.446902379,0.456445809,0.565787767,0.428318138,0.491727351
2021/2/13 11:00,0.446764451,0.455315808,0.554241518,0.402731394,0.486216247
2021/2/13 12:00,0.447192651,0.454887202,0.56266172,0.42963564,0.489844367
2021/2/13 13:00,0.446629726,0.456654308,0.56481135,0.43373181,0.490853994
2021/2/13 14:00,0.446700225,0.457052931,0.580570103,0.440722827,0.496558594
2021/2/13 15:00,0.446776546,0.454262085,0.579850715,0.418297245,0.492006398
2021/2/13 16:00,0.447558979,0.44829544,0.561348741,0.397662399,0.483860882
2021/2/13 17:00,0.460287251,0.452339681,0.579417605,0.402042499,0.494509419
2021/2/13 18:00,0.476632213,0.454176087,0.570206099,0.4065132,0.497471063
2021/2/13 19:00,0.482561142,0.451236136,0.567272846,0.408416157,0.498623519
2021/2/13 20:00,0.461994182,0.451317989,0.556863457,0.401242096,0.488562312
2021/2/13 21:00,0.457573392,0.451313044,0.569266786,0.404925131,0.491201158
2021/2/13 22:00,0.456478741,0.452032941,0.59775553,0.418259884,0.49827358
2021/2/13 23:00,0.448478964,0.454116527,0.624990638,0.423843464,0.502193311
2021/2/14 0:00,0.447406745,0.456730584,0.639786204,0.404883538,0.505230034
2021/2/14 1:00,0.446961901,0.452347661,0.620699894,0.383917624,0.496676352
2021/2/14 2:00,0.44692307,0.444484073,0.623163659,0.378322805,0.497107061
2021/2/14 3:00,0.447138374,0.443773458,0.610500219,0.411398523,0.497536085
2021/2/14 4:00,0.447271856,0.454613636,0.610220566,0.410137704,0.502502338
2021/2/14 5:00,0.447119771,0.455277004,0.619948228,0.417650331,0.507114545
2021/2/14 6:00,0.447705849,0.452172274,0.642069659,0.43127095,0.516086047
2021/2/14 7:00,0.44749826,0.447385168,0.63471824,0.421329805,0.511815608
2021/2/14 8:00,0.455305793,0.449919066,0.593011158,0.377008013,0.500408833
2021/2/14 9:00,0.461961666,0.45620422,0.581002981,0.373965296,0.500167983
2021/2/14 10:00,0.462980779,0.458701524,0.5976896,0.379003195,0.507742308
2021/2/14 11:00,0.458692535,0.459011539,0.59111947,0.380534792,0.506231846
2021/2/14 12:00,0.458624857,0.45394447,0.60524379,0.389444814,0.510796086
2021/2/14 13:00,0.458301183,0.444550983,0.562394924,0.344585186,0.489773262
2021/2/14 14:00,0.458194412,0.436802131,0.549812944,0.330975454,0.481192695
2021/2/14 15:00,0.458380748,0.424507941,0.563049497,0.33519064,0.483066086
2021/2/14 16:00,0.460879549,0.422019744,0.586296301,0.347178,0.489808543
2021/2/14 17:00,0.474848054,0.429030949,0.59795122,0.366070015,0.499163544
2021/2/14 18:00,0.484552831,0.430529493,0.566718577,0.372151854,0.492061911
2021/2/14 19:00,0.478010392,0.425230373,0.565673692,0.401041282,0.489411723
2021/2/14 20:00,0.457891952,0.427611365,0.545123513,0.386785384,0.476170271
2021/2/14 21:00,0.45776762,0.429217424,0.56384156,0.396112865,0.482450495
2021/2/14 22:00,0.457391935,0.435271299,0.569361726,0.397164619,0.48617773
2021/2/14 23:00,0.457682185,0.439380013,0.562708471,0.389263534,0.483404859
2021/2/15 0:00,0.452341605,0.436807688,0.571342596,0.390972219,0.482105747
2021/2/15 1:00,0.446950751,0.432461755,0.58395521,0.390251022,0.484482992
2021/2/15 2:00,0.447169675,0.42571956,0.568546957,0.391539785,0.48062011
2021/2/15 3:00,0.446959119,0.416833664,0.573661508,0.396336935,0.481602543
2021/2/15 4:00,0.447342642,0.4147377,0.587857764,0.401779662,0.485579059
2021/2/15 5:00,0.448165826,0.411742307,0.617522756,0.417206996,0.496826747
2021/2/15 6:00,0.458659675,0.411828416,0.649617523,0.436419807,0.510405887
2021/2/15 7:00,0.462808815,0.4107787,0.650533983,0.432991015,0.510141944
2021/2/15 8:00,0.464980044,0.420970728,0.601166998,0.415832289,0.49853888
2021/2/15 9:00,0.463057735,0.430804628,0.595623413,0.419326393,0.498175215
2021/2/15 10:00,0.460434319,0.426733917,0.593895151,0.445851569,0.497531165
2021/2/15 11:00,0.460485573,0.428078698,0.581570978,0.451195113,0.492804164
2021/2/15 12:00,0.461589147,0.428932949,0.611661964,0.471018467,0.502429064
2021/2/15 13:00,0.46063462,0.428740254,0.613141022,0.465842835,0.504159532
2021/2/15 14:00,0.460395061,0.42640731,0.591839102,0.433543077,0.496888111
2021/2/15 15:00,0.463101025,0.410168994,0.605972866,0.410314988,0.496192221
2021/2/15 16:00,0.468515194,0.408465141,0.628171669,0.415122237,0.504106736
2021/2/15 17:00,0.48295038,0.39686851,0.630041409,0.423734487,0.506295676
2021/2/15 18:00,0.487329644,0.407358185,0.593184608,0.406721429,0.498483988
2021/2/15 19:00,0.468938602,0.405225227,0.594328406,0.409991727,0.492355044
2021/2/15 20:00,0.463492244,0.394754121,0.607416729,0.417567941,0.493743413
2021/2/15 21:00,0.459092039,0.393383404,0.605891063,0.411662552,0.494220674
2021/2/15 22:00,0.454754822,0.403112088,0.618094868,0.414452265,0.497652652
2021/2/15 23:00,0.447164739,0.409352604,0.605123653,0.409523997,0.491959259
2021/2/16 0:00,0.44670953,0.384780037,0.629048617,0.417725346,0.498377103
2021/2/16 1:00,0.447010661,0.369449708,0.627162534,0.4117181,0.496403244
2021/2/16 2:00,0.446775857,0.373298626,0.617388673,0.402015772,0.493299384
2021/2/16 3:00,0.446646708,0.371324273,0.609547336,0.397213326,0.490655893
2021/2/16 4:00,0.446748396,0.369874227,0.608958978,0.404780728,0.491666672
2021/2/16 5:00,0.447221646,0.373892161,0.60642632,0.419453586,0.492320553
2021/2/16 6:00,0.446931345,0.384340249,0.618843949,0.430307193,0.498546537
2021/2/16 7:00,0.449423653,0.381004045,0.634120154,0.431364654,0.504175842
2021/2/16 8:00,0.449967093,0.395074023,0.609894089,0.425834764,0.498437451
2021/2/16 9:00,0.450925522,0.400613905,0.608618369,0.429409824,0.499161901
2021/2/16 10:00,0.450388498,0.402057629,0.576372582,0.410991312,0.485979038
2021/2/16 11:00,0.451520179,0.410912759,0.550054274,0.386907,0.47777334
2021/2/16 12:00,0.451303118,0.408100208,0.607477248,0.450729519,0.496009992
2021/2/16 13:00,0.450438981,0.415406907,0.579987459,0.413380845,0.485838035
2021/2/16 14:00,0.450336745,0.414001483,0.57936144,0.406897113,0.484859434
2021/2/16 15:00,0.450469817,0.395796645,0.60510616,0.419563111,0.491012489
2021/2/16 16:00,0.453263236,0.387737157,0.596476222,0.413868353,0.487289514
2021/2/16 17:00,0.459995957,0.385948229,0.61224762,0.410173429,0.495101483
2021/2/16 18:00,0.46187799,0.40133756,0.568515152,0.390343385,0.481541637
2021/2/16 19:00,0.459189862,0.40528151,0.572648467,0.396431002,0.48110653
2021/2/16 20:00,0.457565943,0.410064933,0.55008416,0.387736483,0.473256015
2021/2/16 21:00,0.457540854,0.415513469,0.558160946,0.393280934,0.47894451
2021/2/16 22:00,0.456981277,0.41562887,0.575497726,0.399671741,0.487147655
2021/2/16 23:00,0.457487771,0.410324247,0.619796722,0.427572509,0.500605667
2021/2/17 0:00,0.447145289,0.386540713,0.648211803,0.436156279,0.503515682
2021/2/17 1:00,0.446988122,0.35349855,0.66792023,0.440786018,0.510973273
2021/2/17 2:00,0.446540089,0.334546406,0.663071405,0.436439999,0.510892361
2021/2/17 3:00,0.44622613,0.344706662,0.659119499,0.432459036,0.509995983
2021/2/17 4:00,0.446499556,0.3433533,0.660319506,0.433179634,0.510742284
2021/2/17 5:00,0.446648746,0.344382204,0.664974452,0.439186547,0.511484351
2021/2/17 6:00,0.446426263,0.347643525,0.6814696,0.45043819,0.516039235
2021/2/17 7:00,0.450112926,0.348272146,0.68760051,0.448797307,0.519759532
2021/2/17 8:00,0.450450854,0.399413342,0.640965476,0.425795644,0.504316225
2021/2/17 9:00,0.447468443,0.418670635,0.616638392,0.415676261,0.494754373
2021/2/17 10:00,0.447385956,0.417085563,0.564792413,0.39845214,0.47856778
2021/2/17 11:00,0.450705987,0.422220542,0.578654323,0.405445454,0.48703553
2021/2/17 12:00,0.460830481,0.406657732,0.658999867,0.483458249,0.518220861
2021/2/17 13:00,0.465808733,0.394313423,0.674556215,0.44298056,0.517716144
2021/2/17 14:00,0.467626906,0.393287323,0.68950747,0.433691783,0.51971944
2021/2/17 15:00,0.467216921,0.378100294,0.669191202,0.464506859,0.5114202
2021/2/17 16:00,0.471666476,0.375894334,0.643819279,0.445592708,0.505350233
2021/2/17 17:00,0.481752722,0.372657097,0.639290197,0.410327485,0.50575122
2021/2/17 18:00,0.477853865,0.394690646,0.59513427,0.393963042,0.494012012
2021/2/17 19:00,0.463067688,0.397565941,0.588045918,0.391210129,0.486784365
2021/2/17 20:00,0.458346714,0.39890585,0.586809244,0.391104227,0.485575543
2021/2/17 21:00,0.457640509,0.407173156,0.591109873,0.393121224,0.489401781
2021/2/17 22:00,0.458431977,0.409721573,0.632104558,0.412214097,0.503075033
2021/2/17 23:00,0.457832163,0.399624644,0.653823832,0.442221564,0.51016331
2021/2/18 0:00,0.448127508,0.365803382,0.650322264,0.430760086,0.502655868
2021/2/18 1:00,0.447852868,0.340964479,0.664825752,0.459398351,0.505147685
2021/2/18 2:00,0.447615852,0.326713529,0.66334534,0.474276645,0.506126108
2021/2/18 3:00,0.44750955,0.30992508,0.658727101,0.470171812,0.503236805
2021/2/18 4:00,0.447923146,0.306581465,0.646135822,0.466275329,0.500801316
2021/2/18 5:00,0.448160129,0.318047346,0.641716049,0.457053438,0.500326215
2021/2/18 6:00,0.447842959,0.347430943,0.628781223,0.451224549,0.49804354
2021/2/18 7:00,0.452551543,0.355283853,0.657087083,0.458670384,0.506698796
2021/2/18 8:00,0.460360046,0.381664069,0.638450794,0.432115157,0.504805763
2021/2/18 9:00,0.459906314,0.385755766,0.644967547,0.438977499,0.507926636
2021/2/18 10:00,0.448342411,0.392148448,0.605596912,0.434872209,0.490839847
2021/2/18 11:00,0.447230331,0.392915369,0.608808188,0.439752407,0.493545258
2021/2/18 12:00,0.447284612,0.384285981,0.604837149,0.439823139,0.495532084
2021/2/18 13:00,0.446823489,0.391880638,0.614996796,0.418305264,0.494851161
2021/2/18 14:00,0.447255255,0.396218717,0.621122915,0.413664916,0.497560605
2021/2/18 15:00,0.456637035,0.383623164,0.636345016,0.421110471,0.502847404
2021/2/18 16:00,0.470309284,0.379189351,0.626343306,0.420256191,0.504385984
2021/2/18 17:00,0.490142244,0.372514554,0.634497953,0.438385049,0.512553216
2021/2/18 18:00,0.483483618,0.39900661,0.580319293,0.405143891,0.494668905
2021/2/18 19:00,0.476710368,0.40292263,0.58112948,0.403053166,0.493119066
2021/2/18 20:00,0.465976375,0.392925174,0.591808138,0.408984307,0.491816033
2021/2/18 21:00,0.440839658,0.386133531,0.607237278,0.407285834,0.488201876
2021/2/18 22:00,0.424730847,0.406014114,0.615285874,0.406310226,0.488464124
2021/2/18 23:00,0.422578611,0.397274312,0.622433233,0.402247447,0.49233012
2021/2/19 0:00,0.419301626,0.375559149,0.637012542,0.423228164,0.49200756
2021/2/19 1:00,0.410156244,0.350399411,0.673348712,0.443275218,0.499934665
2021/2/19 2:00,0.397851397,0.352388639,0.651481129,0.441355469,0.48797879
2021/2/19 3:00,0.403550645,0.361733915,0.643984164,0.437861236,0.488227411
2021/2/19 4:00,0.397706809,0.362075429,0.627652562,0.430455854,0.479542428
2021/2/19 5:00,0.398154293,0.375302218,0.623495105,0.430560564,0.477266602
2021/2/19 6:00,0.397597528,0.388971919,0.634757642,0.439064026,0.482531084
2021/2/19 7:00,0.397485642,0.393921657,0.627331558,0.41875972,0.485373068
2021/2/19 8:00,0.404317811,0.408551585,0.617322181,0.398222167,0.484642298
2021/2/19 9:00,0.410523843,0.420360081,0.599238969,0.380182872,0.481957013
2021/2/19 10:00,0.411057959,0.414949115,0.610026677,0.381557899,0.483858222
2021/2/19 11:00,0.411177415,0.416565887,0.612889996,0.386019689,0.482266885
2021/2/19 12:00,0.411250353,0.405313334,0.617323571,0.393477807,0.487645959
2021/2/19 13:00,0.411524242,0.386189496,0.635583519,0.402602337,0.493733939
2021/2/19 14:00,0.411199977,0.401897489,0.608995322,0.421084919,0.484526755
2021/2/19 15:00,0.411738978,0.407191372,0.589491864,0.421851735,0.480008644
2021/2/19 16:00,0.422057155,0.407570872,0.583498495,0.407209041,0.48057689
2021/2/19 17:00,0.445776879,0.406890818,0.580836673,0.395169044,0.485508187
2021/2/19 18:00,0.446762054,0.423471988,0.574527346,0.375870285,0.482798584
2021/2/19 19:00,0.446573806,0.412198403,0.594665846,0.373985227,0.488667534
2021/2/19 20:00,0.442971234,0.406839539,0.581540167,0.359313307,0.484585528
2021/2/19 21:00,0.442221537,0.409331093,0.576615644,0.358014189,0.483893467
2021/2/19 22:00,0.442858008,0.399680187,0.592764026,0.359581657,0.488660438
2021/2/19 23:00,0.44325792,0.40380964,0.641341426,0.371219238,0.502617057
2021/2/20 0:00,0.443144392,0.397706867,0.618863143,0.353331126,0.495471286
2021/2/20 1:00,0.430956366,0.384896012,0.589555456,0.333763074,0.481646846
2021/2/20 2:00,0.411418052,0.367168474,0.605586044,0.329385068,0.477847699
2021/2/20 3:00,0.411913964,0.34957151,0.614479195,0.332939598,0.480312055
2021/2/20 4:00,0.411186482,0.332278513,0.637160729,0.341124079,0.488375387
2021/2/20 5:00,0.410651218,0.322371992,0.655966316,0.351579972,0.495714436
2021/2/20 6:00,0.410504003,0.344780751,0.668931301,0.359315316,0.499512093
2021/2/20 7:00,0.411216213,0.37368961,0.654624174,0.357370391,0.49652992
2021/2/20 8:00,0.411458443,0.408157509,0.630069464,0.3568194,0.489824085
2021/2/20 9:00,0.418670009,0.430067455,0.627246079,0.376247365,0.494995305
2021/2/20 10:00,0.432135679,0.439634922,0.619934814,0.350455485,0.498042002
2021/2/20 11:00,0.430411876,0.445853333,0.612535535,0.348081617,0.497566442
2021/2/20 12:00,0.418822782,0.441591497,0.594567281,0.342840948,0.492212918
2021/2/20 13:00,0.41864102,0.447677207,0.604452285,0.352868801,0.493524918
2021/2/20 14:00,0.414874228,0.43742077,0.61236495,0.359443094,0.489585423
2021/2/20 15:00,0.414753717,0.423244499,0.608805243,0.357526739,0.486145139
2021/2/20 16:00,0.425520196,0.422493549,0.597364652,0.362628124,0.485795055
2021/2/20 17:00,0.449286351,0.418987119,0.592068439,0.370008506,0.490298674
2021/2/20 18:00,0.454342664,0.425896577,0.57278069,0.374351978,0.486100756
2021/2/20 19:00,0.453629153,0.426883427,0.573014386,0.372751942,0.486012181
2021/2/20 20:00,0.453421024,0.425850596,0.547984871,0.362749261,0.478301395
2021/2/20 21:00,0.453409842,0.421735843,0.55763438,0.368430846,0.480518521
2021/2/20 22:00,0.450547735,0.424451651,0.604710567,0.385050354,0.492387178
2021/2/20 23:00,0.442292062,0.415770053,0.598297006,0.374736774,0.489356814
2021/2/21 0:00,0.414472844,0.399610919,0.614373695,0.367177595,0.483791022
2021/2/21 1:00,0.409353364,0.372707013,0.630725401,0.368754114,0.488115657
2021/2/21 2:00,0.410172345,0.38507137,0.60391414,0.353675061,0.478698647
2021/2/21 3:00,0.410850922,0.386770845,0.591980724,0.343793675,0.474448129
2021/2/21 4:00,0.41103738,0.367926224,0.619000653,0.355644673,0.483524908
2021/2/21 5:00,0.410828517,0.362852409,0.63545997,0.366426766,0.487666622
2021/2/21 6:00,0.410933828,0.3699277,0.646453715,0.375523458,0.490921404
2021/2/21 7:00,0.41095635,0.379488471,0.643726752,0.385706359,0.492955455
2021/2/21 8:00,0.415745807,0.394493174,0.626347739,0.407762309,0.495283225
2021/2/21 9:00,0.423343463,0.405008526,0.618589333,0.407354124,0.496875383
2021/2/21 10:00,0.426994743,0.410817809,0.602834269,0.402011956,0.493334298
2021/2/21 11:00,0.445424252,0.411565604,0.611634961,0.416635619,0.502935585
2021/2/21 12:00,0.453421477,0.415385241,0.639045017,0.450327749,0.516780191
2021/2/21 13:00,0.454299358,0.418437335,0.621462364,0.390925275,0.509287194
2021/2/21 14:00,0.453851381,0.40067342,0.613858348,0.372948889,0.502808054
2021/2/21 15:00,0.454413018,0.387899005,0.618098164,0.377298539,0.502592526
2021/2/21 16:00,0.453831621,0.413726261,0.58679659,0.365869952,0.492191638
2021/2/21 17:00,0.453908989,0.422775814,0.590563441,0.379583321,0.492928793
2021/2/21 18:00,0.453576195,0.439051606,0.536268122,0.361670224,0.477645754
2021/2/21 19:00,0.453502219,0.437428578,0.5613015,0.373011238,0.484941783
2021/2/21 20:00,0.453779754,0.440001619,0.575715721,0.383949729,0.489195187
2021/2/21 21:00,0.453525098,0.446752423,0.610491458,0.393478984,0.498751193
2021/2/21 22:00,0.445611691,0.443098705,0.632732145,0.397201274,0.502193708
2021/2/21 23:00,0.442555656,0.415053092,0.636718019,0.389032479,0.502173824
2021/2/22 0:00,0.433017509,0.401103944,0.636320552,0.368409529,0.499207019
2021/2/22 1:00,0.400734849,0.393658056,0.587067535,0.316459644,0.473418212
2021/2/22 2:00,0.395982258,0.386257557,0.567532781,0.305227224,0.465239256
2021/2/22 3:00,0.39648957,0.383979774,0.565559529,0.302717519,0.464020106
2021/2/22 4:00,0.396398024,0.379089071,0.576196123,0.306835904,0.467798078
2021/2/22 5:00,0.396241053,0.382726065,0.587987073,0.314425906,0.472041504
2021/2/22 6:00,0.403973176,0.40059828,0.585760527,0.335377618,0.476339363
2021/2/22 7:00,0.417337281,0.404006768,0.6057898,0.337232473,0.485907459
2021/2/22 8:00,0.44173679,0.414764298,0.603737742,0.333897725,0.491077138
2021/2/22 9:00,0.437845524,0.426719557,0.545420787,0.309016316,0.471717757
2021/2/22 10:00,0.412116407,0.428895846,0.538462002,0.303908563,0.462385963
2021/2/22 11:00,0.397497365,0.432865576,0.552488789,0.30639188,0.465314417
2021/2/22 12:00,0.401991861,0.433378259,0.575963679,0.314592866,0.477201519
2021/2/22 13:00,0.402773779,0.434463682,0.572236611,0.317850123,0.47380347
2021/2/22 14:00,0.402575972,0.436725611,0.553957029,0.320049777,0.470222595
2021/2/22 15:00,0.411037106,0.435961279,0.555363206,0.325578774,0.473167402
2021/2/22 16:00,0.413122696,0.444197744,0.55641247,0.33932186,0.475974535
2021/2/22 17:00,0.412609077,0.453453594,0.546764963,0.337580337,0.472727957
2021/2/22 18:00,0.411227892,0.458496344,0.529010481,0.330253793,0.465769385
2021/2/22 19:00,0.412005573,0.453123697,0.546321994,0.343812842,0.472034733
2021/2/22 20:00,0.413034811,0.447160012,0.551848146,0.347252651,0.473566044
2021/2/22 21:00,0.412369187,0.429634092,0.550390822,0.34693555,0.470159834
2021/2/22 22:00,0.401826688,0.424693337,0.550998197,0.338966015,0.467515229
2021/2/22 23:00,0.393082445,0.423909063,0.544670386,0.322291383,0.460815926
2021/2/23 0:00,0.395659195,0.415083087,0.53049281,0.306412043,0.454384456
2021/2/23 1:00,0.394926411,0.38454445,0.545053307,0.311667277,0.459732008
2021/2/23 2:00,0.395392047,0.376703788,0.537463725,0.309289953,0.457265421
2021/2/23 3:00,0.395560113,0.384623569,0.527481144,0.301350336,0.452750838
2021/2/23 4:00,0.395503535,0.383651451,0.524113829,0.297159767,0.45016225
2021/2/23 5:00,0.39598384,0.386541362,0.52459101,0.300201223,0.450456385
2021/2/23 6:00,0.39567563,0.39510702,0.520537002,0.307001754,0.449497041
2021/2/23 7:00,0.396047243,0.370467372,0.548770456,0.315117349,0.459915694
2021/2/23 8:00,0.396217682,0.38353509,0.558309177,0.316387364,0.464065189
2021/2/23 9:00,0.396491774,0.409145774,0.552511124,0.32109595,0.464107999
2021/2/23 10:00,0.396607607,0.422186845,0.526803486,0.317531894,0.454885557
2021/2/23 11:00,0.396796205,0.422797401,0.524054841,0.32005012,0.453126376
2021/2/23 12:00,0.396457395,0.412412024,0.548791607,0.333424747,0.4636026
2021/2/23 13:00,0.397983479,0.421983119,0.556440002,0.340222369,0.46660013
2021/2/23 14:00,0.39610959,0.421219646,0.548784784,0.332326149,0.462539833
2021/2/23 15:00,0.398519159,0.414018456,0.563107207,0.345091976,0.465599473
2021/2/23 16:00,0.409422306,0.426226328,0.552927218,0.347281647,0.467129515
2021/2/23 17:00,0.414240452,0.439460942,0.550221033,0.352901054,0.469479041
2021/2/23 18:00,0.414129476,0.449764507,0.532992118,0.346320068,0.465509343
2021/2/23 19:00,0.41349614,0.449801198,0.539882502,0.347736384,0.468076755
2021/2/23 20:00,0.413831652,0.445928933,0.548876107,0.348457059,0.470111301
2021/2/23 21:00,0.413260626,0.435982789,0.554728061,0.349981678,0.471720724
2021/2/23 22:00,0.404413815,0.426856368,0.553389105,0.339334742,0.467314159
2021/2/23 23:00,0.398819303,0.426233817,0.553474782,0.328250185,0.466438717
2021/2/24 0:00,0.396110256,0.417077268,0.527120304,0.304020777,0.451739619
2021/2/24 1:00,0.396005257,0.406984376,0.550095647,0.31035997,0.45959662
2021/2/24 2:00,0.396033507,0.409733163,0.545428122,0.306792453,0.459841161
2021/2/24 3:00,0.395688182,0.405217742,0.537132067,0.302329958,0.456450472
2021/2/24 4:00,0.395792247,0.414678354,0.524571375,0.299310953,0.452209346
2021/2/24 5:00,0.395348303,0.415461536,0.525177475,0.30250647,0.45135969
2021/2/24 6:00,0.395364138,0.416128972,0.536369471,0.318651352,0.456748622
2021/2/24 7:00,0.395904808,0.409293799,0.547920543,0.3199745,0.461251978
2021/2/24 8:00,0.396217518,0.419582805,0.53524461,0.309913522,0.454754783
2021/2/24 9:00,0.396672991,0.428180961,0.526664444,0.307947344,0.453138827
2021/2/24 10:00,0.396854236,0.427512824,0.501517771,0.29944186,0.4430961
2021/2/24 11:00,0.397228735,0.424129885,0.512034657,0.305398211,0.445704785
2021/2/24 12:00,0.396514663,0.413994596,0.538246998,0.327561885,0.457534851
2021/2/24 13:00,0.39618191,0.417917068,0.54907425,0.34173849,0.460449508
2021/2/24 14:00,0.396227126,0.42155694,0.540056797,0.336799062,0.456452341
2021/2/24 15:00,0.401404035,0.408302305,0.5437366,0.341470181,0.455849933
2021/2/24 16:00,0.409563891,0.412035895,0.556082848,0.357756611,0.464029572
2021/2/24 17:00,0.413147915,0.424297118,0.565249123,0.369091766,0.471822458
2021/2/24 18:00,0.413834495,0.437805057,0.53661805,0.365060012,0.464715525
2021/2/24 19:00,0.414583015,0.417940301,0.539155636,0.367230227,0.461630009
2021/2/24 20:00,0.409204057,0.404860405,0.539722704,0.366560239,0.458602048
2021/2/24 21:00,0.406241741,0.407847768,0.536733215,0.361413842,0.458289934
2021/2/24 22:00,0.401005783,0.421436714,0.528849837,0.352764063,0.457167108
2021/2/24 23:00,0.396559629,0.424919225,0.539315062,0.350471036,0.462376012
2021/2/25 0:00,0.39668988,0.414523729,0.544861823,0.344504375,0.463841111
2021/2/25 1:00,0.39745625,0.38672546,0.586413006,0.35870769,0.477280032
2021/2/25 2:00,0.3968036,0.363621378,0.594590477,0.356436711,0.479093484
2021/2/25 3:00,0.397159689,0.373180622,0.562046279,0.342282773,0.466137623
2021/2/25 4:00,0.394959372,0.374473889,0.561888509,0.341032871,0.465464923
2021/2/25 5:00,0.394492767,0.379877888,0.551462684,0.34298663,0.461834401
2021/2/25 6:00,0.398201835,0.390933804,0.558289508,0.351578231,0.465435838
2021/2/25 7:00,0.402504706,0.386051842,0.567770462,0.356612174,0.468815029
2021/2/25 8:00,0.404789413,0.414524936,0.547049045,0.350045916,0.463394688
2021/2/25 9:00,0.412054559,0.424314957,0.566957765,0.366042529,0.475592719
2021/2/25 10:00,0.405117889,0.429712238,0.530967822,0.33583445,0.459695818
2021/2/25 11:00,0.400465147,0.431554569,0.513602591,0.313129054,0.451163611
2021/2/25 12:00,0.401561169,0.420550856,0.567949786,0.37951303,0.471209576
2021/2/25 13:00,0.4023842,0.417766643,0.558765222,0.36815194,0.463751022
2021/2/25 14:00,0.404799628,0.416866715,0.51806416,0.341422647,0.449770393
2021/2/25 15:00,0.40970232,0.40867241,0.507036941,0.34666131,0.445994002
2021/2/25 16:00,0.413606937,0.407845058,0.531656656,0.365801148,0.456444065
2021/2/25 17:00,0.418202175,0.404879171,0.529207151,0.358374921,0.455186068
2021/2/25 18:00,0.41574081,0.412484922,0.503895018,0.317085141,0.44685946
2021/2/25 19:00,0.409889318,0.412474757,0.504437126,0.316023714,0.446597092
2021/2/25 20:00,0.409171213,0.426516685,0.508369839,0.320883442,0.451734722
2021/2/25 21:00,0.410263584,0.471845844,0.52357385,0.335102442,0.469041272
2021/2/25 22:00,0.409147251,0.495970357,0.533490962,0.347388269,0.47872565
2021/2/25 23:00,0.409035453,0.513553867,0.523809743,0.339572235,0.479594513
2021/2/26 0:00,0.4085866,0.534202008,0.507650304,0.327020655,0.476487761
2021/2/26 1:00,0.409272016,0.536343391,0.54627423,0.33871441,0.494009017
2021/2/26 2:00,0.409287094,0.511633025,0.577495891,0.347130779,0.502436603
2021/2/26 3:00,0.409606735,0.505639952,0.579964567,0.348088726,0.503401815
2021/2/26 4:00,0.40890487,0.504867587,0.576805269,0.347500231,0.501669819
2021/2/26 5:00,0.408926434,0.505466513,0.582366291,0.354009277,0.503488633
2021/2/26 6:00,0.408799357,0.501805304,0.600554443,0.363397632,0.509360961
2021/2/26 7:00,0.408432701,0.499436685,0.606542564,0.359538678,0.512221676
2021/2/26 8:00,0.40922954,0.517223528,0.599144819,0.361493998,0.508276907
2021/2/26 9:00,0.409646645,0.530078735,0.59079676,0.378066063,0.507844331
2021/2/26 10:00,0.409178686,0.534768615,0.582459827,0.377646922,0.506765907
2021/2/26 11:00,0.409603173,0.529029375,0.572398496,0.377745025,0.502848031
2021/2/26 12:00,0.409191178,0.524563916,0.559094914,0.37489434,0.49894143
2021/2/26 13:00,0.409254453,0.514544717,0.566105803,0.377797517,0.495419945
2021/2/26 14:00,0.408841836,0.517079841,0.56850992,0.386349922,0.49600783
2021/2/26 15:00,0.409018533,0.514951607,0.567329917,0.387974552,0.492519885
2021/2/26 16:00,0.408722277,0.520905901,0.520952261,0.348416641,0.475089646
2021/2/26 17:00,0.409906001,0.516026345,0.527980132,0.354874147,0.478898062
2021/2/26 18:00,0.414319688,0.513981378,0.542639352,0.351142748,0.48572781
2021/2/26 19:00,0.410655532,0.511878304,0.549877927,0.348485268,0.488419938
2021/2/26 20:00,0.410354184,0.508809076,0.542071268,0.339770597,0.483028049
2021/2/26 21:00,0.408774876,0.510702671,0.55364112,0.339483286,0.486248302
2021/2/26 22:00,0.408872779,0.516100013,0.547630591,0.335695291,0.485265522
2021/2/26 23:00,0.408796116,0.516801356,0.537752326,0.330078458,0.482875771
2021/2/27 0:00,0.409418136,0.516184378,0.538462054,0.324349269,0.484733121
2021/2/27 1:00,0.408927283,0.510377464,0.564516002,0.352025815,0.49496731
2021/2/27 2:00,0.408524283,0.502640506,0.599559851,0.370894212,0.507239977
2021/2/27 3:00,0.409319657,0.505736889,0.597559298,0.368703743,0.506825949
2021/2/27 4:00,0.408730292,0.510025992,0.574888656,0.359186397,0.498790369
2021/2/27 5:00,0.408930099,0.509463023,0.572687198,0.360982016,0.498019443
2021/2/27 6:00,0.408594652,0.505226267,0.575028714,0.366478035,0.497148289
2021/2/27 7:00,0.408626986,0.512735584,0.570911817,0.356634436,0.49691665
2021/2/27 8:00,0.409441924,0.516920118,0.581175571,0.385215482,0.501910258
2021/2/27 9:00,0.412806183,0.518441097,0.580756219,0.392031016,0.503204015
2021/2/27 10:00,0.421123225,0.522492471,0.566084271,0.390463211,0.504503791
2021/2/27 11:00,0.418563361,0.5277902,0.563017733,0.394495885,0.505784333
2021/2/27 12:00,0.411108885,0.52772422,0.560794228,0.387768492,0.503041943
2021/2/27 13:00,0.408928437,0.527173848,0.567640375,0.388670361,0.502631448
2021/2/27 14:00,0.408798113,0.524460977,0.572509862,0.393415984,0.50219797
2021/2/27 15:00,0.408463642,0.518909689,0.568344222,0.376948851,0.497570429
2021/2/27 16:00,0.408449636,0.520654655,0.527271307,0.352666781,0.481344795
2021/2/27 17:00,0.409938331,0.51982143,0.545674494,0.356363136,0.488439314
2021/2/27 18:00,0.414053548,0.518544926,0.54372954,0.356340097,0.489775484
2021/2/27 19:00,0.410388791,0.520045215,0.550172036,0.357094828,0.492518405
2021/2/27 20:00,0.40885296,0.519675822,0.544961563,0.361117922,0.49005806
2021/2/27 21:00,0.408668696,0.521257288,0.538336928,0.359533064,0.488535858
2021/2/27 22:00,0.408677409,0.518854965,0.568234411,0.37121038,0.49866531
2021/2/27 23:00,0.408752411,0.516704588,0.553896095,0.355001345,0.491678036
2021/2/28 0:00,0.408174132,0.514951348,0.540736431,0.342624278,0.487150328
2021/2/28 1:00,0.408174905,0.506846998,0.572938853,0.351019067,0.498923617
2021/2/28 2:00,0.40864988,0.499726654,0.580332483,0.352715833,0.500755627
2021/2/28 3:00,0.408307117,0.492037617,0.602579251,0.359716808,0.50869551
2021/2/28 4:00,0.409072384,0.490381877,0.608130537,0.369125723,0.511714768
2021/2/28 5:00,0.409153171,0.499147564,0.592974813,0.37792359,0.506737831
2021/2/28 6:00,0.408539685,0.502523896,0.596142538,0.383636753,0.509260515
2021/2/28 7:00,0.408944562,0.506526546,0.603657607,0.379883364,0.51307019
2021/2/28 8:00,0.409031682,0.511723934,0.588646703,0.379035867,0.508393331
2021/2/28 9:00,0.40856783,0.526858117,0.576242109,0.376726085,0.507885779
2021/2/28 10:00,0.408892605,0.533062651,0.566807348,0.379056588,0.50785948
2021/2/28 11:00,0.408497968,0.535552887,0.569767767,0.38256281,0.511386161
2021/2/28 12:00,0.408904793,0.535274947,0.557983717,0.37805673,0.506917132
2021/2/28 13:00,0.409074564,0.532756101,0.56101989,0.377599666,0.508041839
2021/2/28 14:00,0.409139613,0.533202962,0.576719339,0.386411292,0.511958286
2021/2/28 15:00,0.40903813,0.538130418,0.56650938,0.381900932,0.505131928
2021/2/28 16:00,0.409171822,0.520254306,0.554695565,0.378415281,0.495094554
2021/2/28 17:00,0.409406149,0.520359121,0.557531067,0.386826043,0.498069521
2021/2/28 18:00,0.414213779,0.521068133,0.543623085,0.362902726,0.493860404
2021/2/28 19:00,0.414416453,0.520162903,0.53315695,0.354090693,0.490226041
2021/2/28 20:00,0.408975863,0.51906064,0.523997626,0.351086436,0.486824944
2021/2/28 21:00,0.4087932,0.519739695,0.529936018,0.353437599,0.490137862
2021/2/28 22:00,0.408885036,0.519539526,0.541329816,0.346191673,0.493630374
2021/2/28 23:00,0.408182199,0.518376112,0.521884745,0.327224143,0.482644466
2021/3/1 0:00,0.408521354,0.519395995,0.529819652,0.347102366,0.484066679
2021/3/1 1:00,0.408681185,0.508740823,0.565225151,0.358229451,0.493566567
2021/3/1 2:00,0.40836839,0.504280155,0.561871727,0.352078379,0.492723545
2021/3/1 3:00,0.408422883,0.505354224,0.558943535,0.348360023,0.491880772
2021/3/1 4:00,0.408564487,0.501507075,0.564307985,0.349946217,0.493269793
2021/3/1 5:00,0.408708626,0.506856042,0.55172613,0.348554703,0.489763766
2021/3/1 6:00,0.408645484,0.494280614,0.598928657,0.371024268,0.508966067
2021/3/1 7:00,0.408506938,0.482983691,0.604211627,0.368571567,0.510135036
2021/3/1 8:00,0.408965672,0.496850172,0.561757433,0.350728056,0.495109494
2021/3/1 9:00,0.408901711,0.500865139,0.554262414,0.351816486,0.494116056
2021/3/1 10:00,0.409345231,0.499519407,0.552548241,0.352778009,0.492539317
2021/3/1 11:00,0.409321371,0.498559093,0.551483179,0.355075415,0.492488811
2021/3/1 12:00,0.408616934,0.49893932,0.581980019,0.36992441,0.50502676
2021/3/1 13:00,0.408308755,0.499826224,0.587435019,0.375462319,0.507980262
2021/3/1 14:00,0.408448357,0.501390521,0.574440039,0.380110937,0.503672906
2021/3/1 15:00,0.409609561,0.496288049,0.571012554,0.383532545,0.50155114
2021/3/1 16:00,0.417901814,0.503087209,0.567668803,0.378500766,0.504698723
2021/3/1 17:00,0.423452643,0.515074909,0.556918536,0.36948104,0.501258989
2021/3/1 18:00,0.425243949,0.525245254,0.530403135,0.347802702,0.492528662
2021/3/1 19:00,0.422588602,0.515843356,0.531364924,0.343968319,0.489694639
2021/3/1 20:00,0.416270021,0.511944616,0.5376812,0.349434111,0.490092798
2021/3/1 21:00,0.412045738,0.515108749,0.581562754,0.372144384,0.505890591
2021/3/1 22:00,0.408831634,0.519474884,0.582226587,0.363668452,0.507432813
2021/3/1 23:00,0.409481531,0.519640114,0.59677241,0.364625456,0.515859725
2021/3/2 0:00,0.409476759,0.503999608,0.626649824,0.368994509,0.523259637
2021/3/2 1:00,0.409312906,0.49658964,0.610774971,0.354008851,0.514448412
2021/3/2 2:00,0.40928732,0.491634501,0.603104132,0.364028387,0.509345952
2021/3/2 3:00,0.409243925,0.493257793,0.595318121,0.377611514,0.507008719
2021/3/2 4:00,0.409237133,0.493660146,0.600295062,0.380408563,0.510384332
2021/3/2 5:00,0.409439204,0.498206541,0.604484302,0.384644694,0.511615366
2021/3/2 6:00,0.409264399,0.503777413,0.617599318,0.394990514,0.516393452
2021/3/2 7:00,0.411504278,0.506906966,0.626877468,0.394197386,0.520707955
2021/3/2 8:00,0.410870953,0.515449728,0.610037835,0.384670945,0.511951584
2021/3/2 9:00,0.40988084,0.524094242,0.605698223,0.387445119,0.512115958
2021/3/2 10:00,0.408602969,0.52187114,0.59950706,0.386013845,0.508701359
2021/3/2 11:00,0.40860387,0.527153606,0.60139091,0.389701901,0.511401327
2021/3/2 12:00,0.408993308,0.533741326,0.61012077,0.407817002,0.517867604
2021/3/2 13:00,0.409054052,0.522881039,0.60024065,0.404460943,0.506912967
2021/3/2 14:00,0.408672371,0.519675209,0.569520518,0.37658838,0.496205245
2021/3/2 15:00,0.409787406,0.509438827,0.56422175,0.377783667,0.492734568
2021/3/2 16:00,0.417073108,0.503749574,0.59468296,0.394953494,0.504093308
2021/3/2 17:00,0.423840976,0.512916863,0.613356615,0.390548469,0.513996947
2021/3/2 18:00,0.424563409,0.516712956,0.582283219,0.379580544,0.504480443
2021/3/2 19:00,0.423569962,0.504451326,0.56195464,0.366137429,0.494893209
2021/3/2 20:00,0.414663811,0.498479533,0.53969872,0.35104061,0.483153024
2021/3/2 21:00,0.408375373,0.510223571,0.540027074,0.347008183,0.485962476
2021/3/2 22:00,0.408628222,0.520309367,0.553055024,0.347842344,0.493294238
2021/3/2 23:00,0.408440169,0.519508252,0.583532567,0.361481303,0.50217105
2021/3/3 0:00,0.408573856,0.512504172,0.587817168,0.368124465,0.504511578
2021/3/3 1:00,0.408963166,0.50467032,0.611155751,0.374815022,0.515815408
2021/3/3 2:00,0.408870743,0.505041033,0.606768817,0.37022812,0.514840602
2021/3/3 3:00,0.408675079,0.507055713,0.602910346,0.36608804,0.512253911
2021/3/3 4:00,0.408947793,0.503816425,0.604429469,0.367034994,0.512006852
2021/3/3 5:00,0.408790458,0.503958968,0.602507175,0.371114182,0.511736377
2021/3/3 6:00,0.409236633,0.512483995,0.58934389,0.37211,0.506534047
2021/3/3 7:00,0.415618814,0.512585941,0.607804447,0.374911614,0.511826061
2021/3/3 8:00,0.411699427,0.515302814,0.604993672,0.374076013,0.511054639
2021/3/3 9:00,0.460487023,0.530165807,0.549047482,0.356790094,0.523878498
2021/3/3 10:00,0,0.530768303,0.531093899,0.263905397,0.53942883
2021/3/3 11:00,0,0.533518648,0.517782337,0.248296942,0.533443215
2021/3/3 12:00,0.342027686,0.52981787,0.573745651,0.344819264,0.559914142
2021/3/3 13:00,0.381127518,0.526920731,0.580717624,0.352988013,0.545834547
2021/3/3 14:00,0.413659033,0.525577891,0.55999715,0.361649185,0.528307559
2021/3/3 15:00,0.415495145,0.530457201,0.477185893,0.312645299,0.485485227
2021/3/3 16:00,0.418482158,0.532237943,0.464717001,0.285208893,0.476687154
2021/3/3 17:00,0.42390437,0.531813586,0.477310157,0.345580626,0.48623742
2021/3/3 18:00,0.430579799,0.535410357,0.460070995,0.303162689,0.476207822
2021/3/3 19:00,0.435231829,0.533635391,0.4869741,0.327333544,0.490817021
2021/3/3 20:00,0.442456894,0.529835783,0.523625956,0.363862394,0.510125079
2021/3/3 21:00,0.447908529,0.529553162,0.532909715,0.370606009,0.51362705
2021/3/3 22:00,0.459530207,0.536131587,0.597134325,0.406658196,0.545735068
2021/3/3 23:00,0.45691015,0.539231453,0.605512827,0.409476516,0.550024639
2021/3/4 0:00,0.467512167,0.535362074,0.636253215,0.438491929,0.570114932
2021/3/4 1:00,0.470079527,0.506591634,0.639262023,0.448683344,0.565994903
2021/3/4 2:00,0.489608212,0.487206546,0.648930594,0.475402488,0.574055478
2021/3/4 3:00,0.486932333,0.48060498,0.644646652,0.466811578,0.570004175
2021/3/4 4:00,0.491518345,0.477467666,0.648687415,0.471072259,0.570507555
2021/3/4 5:00,0.470283677,0.479518135,0.64650487,0.464472978,0.566098974
2021/3/4 6:00,0.472617984,0.498951644,0.648215978,0.469113684,0.566883005
2021/3/4 7:00,0.47284958,0.519293074,0.652332236,0.468584184,0.572900915
2021/3/4 8:00,0.470162676,0.532765681,0.627713974,0.457866899,0.560797746
2021/3/4 9:00,0.471982908,0.538362835,0.617469227,0.454070952,0.557421999
2021/3/4 10:00,0.47842067,0.523501031,0.625402011,0.468785035,0.557462127
2021/3/4 11:00,0.471773053,0.529249556,0.613261823,0.471031629,0.556366086
2021/3/4 12:00,0.476855243,0.52244745,0.651513898,0.490619884,0.577066368
2021/3/4 13:00,0.483974122,0.521346299,0.642375002,0.452376254,0.567629998
2021/3/4 14:00,0.486276883,0.518984876,0.620382461,0.448201252,0.554816509
2021/3/4 15:00,0.475358091,0.515832305,0.610111059,0.423772845,0.543780374
2021/3/4 16:00,0.474595674,0.518616993,0.579136688,0.411741514,0.530732412
2021/3/4 17:00,0.461619969,0.518132017,0.56571703,0.395725394,0.520449279
2021/3/4 18:00,0.471910505,0.518492382,0.535124209,0.375829516,0.509247525
2021/3/4 19:00,0.475970958,0.52307303,0.54501572,0.382206434,0.516177175
2021/3/4 20:00,0.469108312,0.521808116,0.565392785,0.390961847,0.522233746
2021/3/4 21:00,0.460900319,0.512727851,0.587424271,0.408830326,0.526888327
2021/3/4 22:00,0.456799878,0.509361238,0.624275169,0.424213849,0.539491038
2021/3/4 23:00,0.451565265,0.508007639,0.624323276,0.41521705,0.54017033
2021/3/5 0:00,0.455884316,0.492690012,0.614509892,0.404472929,0.539096111
2021/3/5 1:00,0.455557461,0.4835153,0.603721823,0.394916587,0.531201109
2021/3/5 2:00,0.45596846,0.467486927,0.627130676,0.405009341,0.53943454
2021/3/5 3:00,0.456149527,0.461581459,0.626059453,0.400878621,0.537893254
2021/3/5 4:00,0.454918622,0.465223887,0.618944464,0.394783356,0.532632332
2021/3/5 5:00,0.455292811,0.47115711,0.617029607,0.392702494,0.530616413
2021/3/5 6:00,0.455504562,0.485253091,0.623426708,0.396422087,0.531045542
2021/3/5 7:00,0.456149891,0.493320566,0.634759345,0.399194415,0.537092284
2021/3/5 8:00,0.456051944,0.505814607,0.634589241,0.404215556,0.53735323
2021/3/5 9:00,0.46015034,0.516847928,0.630118398,0.405394049,0.540688727
2021/3/5 10:00,0.46989023,0.519928006,0.624492787,0.409106555,0.541052217
2021/3/5 11:00,0.477292609,0.521549748,0.621801243,0.408168723,0.540600157
2021/3/5 12:00,0.477393585,0.528716245,0.609330825,0.394768147,0.539597003
2021/3/5 13:00,0.478373777,0.530837639,0.625661513,0.408920273,0.546461404
2021/3/5 14:00,0.478271701,0.524271286,0.622120616,0.438126541,0.542025354
2021/3/5 15:00,0.477613845,0.503324591,0.633659302,0.462441431,0.539317296
2021/3/5 16:00,0.468692481,0.510577565,0.611717158,0.451160828,0.52959019
2021/3/5 17:00,0.460433979,0.514827769,0.590268736,0.437972815,0.521849506
2021/3/5 18:00,0.450908484,0.513580628,0.568311925,0.402611685,0.510779038
2021/3/5 19:00,0.442413185,0.51587515,0.543924691,0.37596898,0.498152141
2021/3/5 20:00,0.432689355,0.510345564,0.559720996,0.382759824,0.497648228
2021/3/5 21:00,0.423553436,0.52156372,0.526487931,0.362717832,0.484161
2021/3/5 22:00,0.415462416,0.531904936,0.538906871,0.357891129,0.486933226
2021/3/5 23:00,0.406598524,0.533247583,0.554660402,0.355872024,0.490845259
2021/3/6 0:00,0.395881892,0.53453165,0.517254769,0.341757932,0.473706934
2021/3/6 1:00,0.392606085,0.532291981,0.528194728,0.353419045,0.47686166
2021/3/6 2:00,0.392271624,0.517067146,0.578053021,0.374625034,0.493106314
2021/3/6 3:00,0.391495202,0.506842505,0.593490943,0.381717569,0.498815992
2021/3/6 4:00,0.3915718,0.506659887,0.59757111,0.378632541,0.500860091
2021/3/6 5:00,0.393735705,0.502956945,0.598087967,0.37929238,0.501819136
2021/3/6 6:00,0.400404497,0.499867788,0.622103408,0.394257027,0.512761441
2021/3/6 7:00,0.399601206,0.504931747,0.620838565,0.392900287,0.51383084
2021/3/6 8:00,0.396649172,0.494087515,0.591240049,0.383162345,0.496890019
2021/3/6 9:00,0.398437185,0.512643264,0.585160046,0.39547473,0.500694607
2021/3/6 10:00,0.398919598,0.530244556,0.589575524,0.4007296,0.505391946
2021/3/6 11:00,0.399495522,0.532929416,0.575477877,0.39871675,0.50200198
2021/3/6 12:00,0.399096395,0.527907798,0.561743504,0.396122172,0.498417958
2021/3/6 13:00,0.399359392,0.526861881,0.557889006,0.398794396,0.497087458
2021/3/6 14:00,0.4005002,0.522371001,0.563301373,0.407913738,0.496028531
2021/3/6 15:00,0.400695588,0.518512874,0.570371113,0.409049041,0.492965332
2021/3/6 16:00,0.401031027,0.521203078,0.548180501,0.39500296,0.484325167
2021/3/6 17:00,0.406732718,0.520670186,0.55724405,0.399524701,0.490820707
2021/3/6 18:00,0.407916201,0.521424341,0.528688979,0.386199881,0.479648562
2021/3/6 19:00,0.406844596,0.518764451,0.515075721,0.379166827,0.475161867
2021/3/6 20:00,0.403400896,0.515530543,0.534018683,0.379275705,0.480672896
2021/3/6 21:00,0.400936187,0.496156422,0.564022494,0.38900006,0.485949514
2021/3/6 22:00,0.401559752,0.472368433,0.582675254,0.394922637,0.486212315
2021/3/6 23:00,0.400694354,0.458985035,0.593879141,0.399173499,0.489152482
2021/3/7 0:00,0.400045584,0.434333127,0.624534248,0.410874025,0.500358069
2021/3/7 1:00,0.399696083,0.432968486,0.616822401,0.406416872,0.499819365
2021/3/7 2:00,0.400181061,0.424458585,0.606728932,0.397813153,0.495956777
2021/3/7 3:00,0.399915632,0.411716634,0.607047677,0.393955127,0.493767044
2021/3/7 4:00,0.39975065,0.413172194,0.609947259,0.396411242,0.496000535
2021/3/7 5:00,0.399880678,0.413758043,0.607825323,0.397526397,0.494443451
2021/3/7 6:00,0.399843687,0.421317484,0.608925289,0.402862114,0.494042654
2021/3/7 7:00,0.399600793,0.438947627,0.623060471,0.404793437,0.502429897
2021/3/7 8:00,0.403218479,0.461139232,0.595395813,0.394645869,0.500133505
2021/3/7 9:00,0.405613385,0.481306025,0.587936657,0.395374494,0.504469053
2021/3/7 10:00,0.40143705,0.490239696,0.588546495,0.402680246,0.507437475
2021/3/7 11:00,0.401963824,0.49504707,0.59208064,0.42542327,0.509084507
2021/3/7 12:00,0.402379938,0.504272158,0.593530899,0.425744809,0.512769596
2021/3/7 13:00,0.40178393,0.509427425,0.588118999,0.42420264,0.510986116
2021/3/7 14:00,0.402130188,0.497095202,0.587136392,0.430891259,0.50751367
2021/3/7 15:00,0.401219497,0.479923582,0.586286201,0.431883612,0.498887253
2021/3/7 16:00,0.402409162,0.473900391,0.588070032,0.435078105,0.494861136
2021/3/7 17:00,0.410708176,0.472304752,0.590255199,0.441025641,0.493632858
2021/3/7 18:00,0.41207687,0.462040948,0.567678975,0.428282293,0.482438013
2021/3/7 19:00,0.405144812,0.458752581,0.562898647,0.419906489,0.479646364
2021/3/7 20:00,0.401426433,0.457433842,0.551412841,0.411124692,0.474147994
2021/3/7 21:00,0.401375759,0.466109643,0.549495286,0.411330456,0.475828704
2021/3/7 22:00,0.401623849,0.470367248,0.549688831,0.39719275,0.477997424
2021/3/7 23:00,0.401076983,0.470132402,0.547846548,0.388062593,0.475028238
2021/3/8 0:00,0.400709437,0.466751486,0.531753495,0.372230066,0.466884301
2021/3/8 1:00,0.400913061,0.460841773,0.582936705,0.393159848,0.484812036
2021/3/8 2:00,0.400712731,0.447229579,0.586649055,0.388132882,0.484537906
2021/3/8 3:00,0.400580414,0.439872038,0.5896119,0.386239126,0.483361678
2021/3/8 4:00,0.400181149,0.440007175,0.599042034,0.405408204,0.486617592
2021/3/8 5:00,0.401157897,0.441157562,0.588074408,0.413607567,0.484049479
2021/3/8 6:00,0.401720411,0.452944537,0.574023927,0.411988118,0.481226839
2021/3/8 7:00,0.400667068,0.458716599,0.596643321,0.420197916,0.491308645
2021/3/8 8:00,0.400675596,0.468601928,0.579118719,0.403541392,0.483099012
2021/3/8 9:00,0.401071676,0.478795417,0.56174657,0.398573364,0.478159308
2021/3/8 10:00,0.401059648,0.479611697,0.560880039,0.389259116,0.47714083
2021/3/8 11:00,0.394731215,0.479211239,0.547773341,0.376358612,0.471218701
2021/3/8 12:00,0.385676235,0.49282532,0.571050292,0.394942544,0.484543714
2021/3/8 13:00,0.381879434,0.481020847,0.563032265,0.388998143,0.47391792
2021/3/8 14:00,0.382485073,0.463011733,0.553103171,0.382468831,0.465508519
2021/3/8 15:00,0.386446717,0.453205682,0.592069037,0.402097751,0.478066855
2021/3/8 16:00,0.389726038,0.445459973,0.618525432,0.417205808,0.491403382
2021/3/8 17:00,0.390711443,0.439200415,0.620799179,0.409389468,0.48816131
2021/3/8 18:00,0.392290916,0.434943502,0.566682725,0.377575929,0.469647206
2021/3/8 19:00,0.38620118,0.432342144,0.568542719,0.377306363,0.469095902
2021/3/8 20:00,0.38374948,0.428618579,0.584552675,0.385286354,0.473986947
2021/3/8 21:00,0.384093623,0.429268422,0.59105421,0.395442385,0.477992457
2021/3/8 22:00,0.384565435,0.448343825,0.601250045,0.396658574,0.485704649
2021/3/8 23:00,0.384878677,0.454439818,0.60192662,0.387829575,0.487010975
2021/3/9 0:00,0.383918257,0.439969099,0.609483364,0.405832588,0.485548679
2021/3/9 1:00,0.383930463,0.419053641,0.631879531,0.409055793,0.490945556
2021/3/9 2:00,0.384399496,0.408063147,0.624942861,0.403283949,0.488215914
2021/3/9 3:00,0.384218798,0.39406944,0.624583537,0.417910556,0.489642514
2021/3/9 4:00,0.384698831,0.394972319,0.61783319,0.415506598,0.4851751
2021/3/9 5:00,0.384563875,0.402332505,0.61888945,0.419820998,0.485256927
2021/3/9 6:00,0.384424741,0.417419487,0.648228998,0.403829218,0.497997213
2021/3/9 7:00,0.384506772,0.414467831,0.656446738,0.393733776,0.501572624
2021/3/9 8:00,0.384675631,0.429646928,0.654524587,0.398524441,0.499712678
2021/3/9 9:00,0.384992454,0.460258596,0.599563792,0.377502444,0.485541979
2021/3/9 10:00,0.385408609,0.475890468,0.572903376,0.368309404,0.475912699
2021/3/9 11:00,0.385588912,0.474804276,0.549985852,0.353692701,0.466281706
2021/3/9 12:00,0.384796975,0.480282758,0.587228251,0.373415956,0.482832243
2021/3/9 13:00,0.384561168,0.473448938,0.565234636,0.361177009,0.472033123
2021/3/9 14:00,0.38477111,0.473188962,0.556528715,0.369524117,0.472259306
2021/3/9 15:00,0.384310229,0.461903463,0.591038357,0.392838749,0.484285912
2021/3/9 16:00,0.387668743,0.458362589,0.62337544,0.411468752,0.492965749
2021/3/9 17:00,0.393885184,0.457793671,0.600426182,0.396684137,0.485813177
2021/3/9 18:00,0.407605593,0.466580081,0.570149594,0.38501777,0.480995193
2021/3/9 19:00,0.407387773,0.454627738,0.564447324,0.38128764,0.476765551
2021/3/9 20:00,0.395741324,0.444174558,0.568802404,0.386858241,0.473491311
2021/3/9 21:00,0.388485209,0.445795341,0.57792519,0.40122031,0.476394411
2021/3/9 22:00,0.391088452,0.453945223,0.569513878,0.397555661,0.475151849
2021/3/9 23:00,0.391137189,0.452805051,0.612380874,0.412828556,0.488320324
2021/3/10 0:00,0.395526799,0.417471713,0.663815047,0.443080497,0.504166659
2021/3/10 1:00,0.398774833,0.421019449,0.630989183,0.421240404,0.491177647
2021/3/10 2:00,0.400319286,0.406869661,0.624286826,0.417038822,0.48969047
2021/3/10 3:00,0.399947018,0.402339472,0.629741334,0.415931006,0.489700159
2021/3/10 4:00,0.399964083,0.398023022,0.627134257,0.421777798,0.490646919
2021/3/10 5:00,0.400299047,0.397694129,0.629756416,0.437371847,0.493187977
2021/3/10 6:00,0.400297536,0.41326765,0.651987062,0.454125201,0.502179997
2021/3/10 7:00,0.400038205,0.401044661,0.642447243,0.443720908,0.50121255
2021/3/10 8:00,0.400704852,0.436632833,0.61372087,0.426991598,0.489256953
2021/3/10 9:00,0.407950347,0.452960798,0.612457564,0.432142116,0.492377962
2021/3/10 10:00,0.409274313,0.455743378,0.60618275,0.432474327,0.490438198
2021/3/10 11:00,0.408882172,0.456591513,0.616625991,0.438888411,0.493848899
2021/3/10 12:00,0.411260706,0.460885975,0.627359278,0.446702857,0.504550569
2021/3/10 13:00,0.421481247,0.45939516,0.652427302,0.461754892,0.51463756
2021/3/10 14:00,0.424537253,0.446363766,0.648561858,0.464636917,0.512481148
2021/3/10 15:00,0.428606231,0.42883245,0.636509378,0.460464298,0.506510783
2021/3/10 16:00,0.437890196,0.438346326,0.616355191,0.449596268,0.502091385
2021/3/10 17:00,0.442560566,0.4340091,0.615739326,0.442141037,0.501048583
2021/3/10 18:00,0.442957303,0.438600983,0.578061506,0.389705945,0.488345081
2021/3/10 19:00,0.442746247,0.4386788,0.595334892,0.402029085,0.4946288
2021/3/10 20:00,0.438572241,0.431871886,0.606617298,0.409928092,0.498268499
2021/3/10 21:00,0.43276448,0.431085204,0.597489186,0.418319603,0.496519978
2021/3/10 22:00,0.43180487,0.445712335,0.584355018,0.406421801,0.493798839
2021/3/10 23:00,0.431491355,0.450354324,0.585758786,0.405359527,0.493463035
2021/3/11 0:00,0.431659353,0.444130607,0.599277992,0.401894567,0.497070168
2021/3/11 1:00,0.431626719,0.425327339,0.624899399,0.409799679,0.505042226
2021/3/11 2:00,0.431736627,0.415476287,0.613233877,0.40154826,0.501480875
2021/3/11 3:00,0.43173543,0.390930704,0.607224345,0.39731171,0.498808671
2021/3/11 4:00,0.43198174,0.389711008,0.609482049,0.400544195,0.500278072
2021/3/11 5:00,0.431975562,0.395929231,0.60294682,0.402247009,0.498045127
2021/3/11 6:00,0.431825405,0.400157528,0.621155947,0.414571042,0.506624671
2021/3/11 7:00,0.431659007,0.41736602,0.617070569,0.405708071,0.507246955
2021/3/11 8:00,0.431969875,0.442335143,0.591545262,0.3898002,0.497504639
2021/3/11 9:00,0.431955808,0.456511484,0.571311639,0.384863058,0.493185285
2021/3/11 10:00,0.432421636,0.457553359,0.585698624,0.389246281,0.498466041
2021/3/11 11:00,0.432150077,0.46499984,0.58499465,0.393236643,0.49859826
2021/3/11 12:00,0.432313139,0.467074089,0.611864256,0.412545356,0.508811175
2021/3/11 13:00,0.432318364,0.467512666,0.593449578,0.404338607,0.50038343
2021/3/11 14:00,0.432301099,0.465334936,0.592595388,0.434363188,0.503351585
2021/3/11 15:00,0.432407569,0.45206946,0.599181703,0.459051991,0.504353349
2021/3/11 16:00,0.436600874,0.446476792,0.586622951,0.450166754,0.498207801
2021/3/11 17:00,0.449916009,0.462853517,0.591047999,0.456958344,0.506923219
2021/3/11 18:00,0.452567055,0.468445974,0.555882677,0.398166492,0.494638692
2021/3/11 19:00,0.448715633,0.450391514,0.55752012,0.371755304,0.490851608
2021/3/11 20:00,0.445534383,0.435586711,0.587752039,0.389338209,0.499554607
2021/3/11 21:00,0.442698264,0.430901415,0.603987501,0.394622087,0.50515705
2021/3/11 22:00,0.442894733,0.438946711,0.616862503,0.399500792,0.511788073
2021/3/11 23:00,0.438161604,0.447202993,0.598537631,0.378411413,0.501948479
2021/3/12 0:00,0.432053717,0.433592417,0.605651199,0.370598481,0.500392119
2021/3/12 1:00,0.431723232,0.405611264,0.618887544,0.39574525,0.505956745
2021/3/12 2:00,0.43179658,0.382523577,0.623621407,0.42638947,0.509721619
2021/3/12 3:00,0.431780282,0.375534414,0.625938275,0.441685162,0.510433859
2021/3/12 4:00,0.431990376,0.378325355,0.622604065,0.438298214,0.50968426
2021/3/12 5:00,0.431149955,0.39440115,0.620522607,0.442526881,0.50877185
2021/3/12 6:00,0.430882013,0.418550108,0.634975193,0.453603215,0.516014534
2021/3/12 7:00,0.430971613,0.44011076,0.627488812,0.446771917,0.513292101
2021/3/12 8:00,0.430934348,0.45982283,0.610477337,0.435382347,0.503655143
2021/3/12 9:00,0.431075945,0.473664367,0.566467297,0.414463077,0.49217022
2021/3/12 10:00,0.429443918,0.475096548,0.551925006,0.407839694,0.48509787
2021/3/12 11:00,0.431182695,0.477399649,0.559656292,0.411757491,0.488170232
2021/3/12 12:00,0.431081171,0.476581309,0.582086918,0.426594951,0.497581783
2021/3/12 13:00,0.431010372,0.477691265,0.581759355,0.427294982,0.497112829
2021/3/12 14:00,0.431207827,0.465875382,0.593219263,0.440526399,0.49819789
2021/3/12 15:00,0.4329261,0.451735541,0.616480333,0.458523602,0.507144178
2021/3/12 16:00,0.439053635,0.462642907,0.635404834,0.473009718,0.518120548
2021/3/12 17:00,0.441023982,0.475105106,0.607386624,0.450314436,0.512826762
2021/3/12 18:00,0.442302247,0.478718895,0.54400394,0.38054719,0.488884074
2021/3/12 19:00,0.443036285,0.475733664,0.556438463,0.385080905,0.493398131
2021/3/12 20:00,0.442803624,0.456468053,0.553669003,0.385601144,0.489660465
2021/3/12 21:00,0.442488396,0.441510986,0.576258192,0.396973073,0.496369083
2021/3/12 22:00,0.441717007,0.449353393,0.612514848,0.411462206,0.508464377
2021/3/12 23:00,0.440574721,0.466871086,0.621849706,0.403407666,0.512183384
2021/3/13 0:00,0.433545114,0.455637125,0.614877392,0.386064911,0.503003377
2021/3/13 1:00,0.431909443,0.434646635,0.619386824,0.390854054,0.503002733
2021/3/13 2:00,0.43200553,0.404335685,0.645162415,0.400211098,0.512385902
2021/3/13 3:00,0.43216087,0.384244627,0.648258833,0.423207299,0.515176978
2021/3/13 4:00,0.432325121,0.380542388,0.644307308,0.421882285,0.513229205
2021/3/13 5:00,0.432000036,0.387211205,0.637194411,0.423389722,0.511630829
2021/3/13 6:00,0.431769328,0.392511465,0.641900375,0.430569749,0.517487515
2021/3/13 7:00,0.432228819,0.407255861,0.655982187,0.4312612,0.522590731
2021/3/13 8:00,0.432243505,0.42378086,0.631216667,0.44456697,0.512648884
2021/3/13 9:00,0.432017083,0.438611341,0.598772462,0.429147785,0.495574249
2021/3/13 10:00,0.432197598,0.449992691,0.589295353,0.425524372,0.493648465
2021/3/13 11:00,0.431998529,0.460620812,0.589651741,0.427715338,0.496307768
2021/3/13 12:00,0.432001069,0.461144616,0.598686138,0.435328703,0.502555737
2021/3/13 13:00,0.431541635,0.466467771,0.599681021,0.44032878,0.503407241
2021/3/13 14:00,0.431584051,0.464495429,0.621565517,0.452344859,0.509507734
2021/3/13 15:00,0.43181672,0.441455009,0.6248065,0.453431436,0.506341315
2021/3/13 16:00,0.432051656,0.438262255,0.579275571,0.423867379,0.490853425
2021/3/13 17:00,0.437204491,0.441471417,0.573958696,0.399552983,0.491024412
2021/3/13 18:00,0.442146121,0.446088793,0.559435837,0.35569493,0.485163561
2021/3/13 19:00,0.443111157,0.450603921,0.543896806,0.346194808,0.480386622
2021/3/13 20:00,0.449522785,0.466218726,0.548402683,0.34989935,0.487802323
2021/3/13 21:00,0.448203195,0.448412185,0.559301084,0.357649677,0.489033553
2021/3/13 22:00,0.435091789,0.446598451,0.600914683,0.415910721,0.499491133
2021/3/13 23:00,0.432727275,0.451678864,0.628933917,0.421217648,0.504719872
2021/3/14 0:00,0.43244876,0.454909959,0.634355065,0.415929367,0.501798622
2021/3/14 1:00,0.432249123,0.445324344,0.639075825,0.414725557,0.504618544
2021/3/14 2:00,0.432174919,0.426123251,0.627752841,0.408066455,0.499382643
2021/3/14 3:00,0.431789037,0.407754965,0.624854144,0.405109514,0.50036886
2021/3/14 4:00,0.431970139,0.402676073,0.628498083,0.411620569,0.50147004
2021/3/14 5:00,0.431550538,0.402808272,0.629661365,0.440359981,0.503380852
2021/3/14 6:00,0.431390531,0.410570042,0.636346278,0.445461812,0.507152217
2021/3/14 7:00,0.431676961,0.426041951,0.637178473,0.442472946,0.509139231
2021/3/14 8:00,0.432133935,0.455909537,0.590284811,0.42249872,0.500018788
2021/3/14 9:00,0.435796949,0.464870521,0.58557703,0.422854603,0.502074259
2021/3/14 10:00,0.443428273,0.480864708,0.605631944,0.439408564,0.513703386
2021/3/14 11:00,0.450310052,0.500153304,0.625175054,0.450939024,0.526267308
2021/3/14 12:00,0.450868156,0.507787866,0.6390269,0.464053442,0.53532971
2021/3/14 13:00,0.448737267,0.506350027,0.636238792,0.461345884,0.532136774
2021/3/14 14:00,0.448583958,0.496769397,0.62880893,0.463364629,0.525142179
2021/3/14 15:00,0.449368946,0.489544702,0.622227716,0.455359625,0.520555374
2021/3/14 16:00,0.451096762,0.479936619,0.569479364,0.39249067,0.49944646
2021/3/14 17:00,0.44927466,0.479110461,0.539833495,0.365033698,0.48673295
2021/3/14 18:00,0.446861884,0.47893744,0.519810581,0.342078295,0.477907423
2021/3/14 19:00,0.448819264,0.477064719,0.56613234,0.369788671,0.494179464
2021/3/14 20:00,0.448107434,0.479759784,0.596326134,0.403097058,0.504513654
2021/3/14 21:00,0.444202636,0.482202072,0.609788941,0.409506402,0.508587299
2021/3/14 22:00,0.439997383,0.460220502,0.636696369,0.414879494,0.512881286
2021/3/14 23:00,0.43772588,0.437988015,0.640396611,0.413738919,0.512714036
2021/3/15 0:00,0.441234226,0.413372356,0.672084477,0.462729316,0.525359094
2021/3/15 1:00,0.441680821,0.391694472,0.684140232,0.483498427,0.531630935
2021/3/15 2:00,0.4417554,0.367397136,0.68186953,0.48050411,0.532434514
2021/3/15 3:00,0.442071979,0.357681922,0.680645901,0.477424642,0.532023351
2021/3/15 4:00,0.441936472,0.357683958,0.685118275,0.478743671,0.533324448
2021/3/15 5:00,0.44148903,0.374045498,0.681202873,0.480120912,0.530931248
2021/3/15 6:00,0.444051757,0.400363408,0.669497255,0.442422074,0.529266723
2021/3/15 7:00,0.442209112,0.421656749,0.674193538,0.444271771,0.531746028
2021/3/15 8:00,0.437784105,0.444706608,0.63543302,0.433971583,0.516194582
2021/3/15 9:00,0.432091543,0.451627937,0.630774457,0.459290041,0.514108035
2021/3/15 10:00,0.431643611,0.460629188,0.553734466,0.42941639,0.488806161
2021/3/15 11:00,0.431761721,0.469922521,0.559316127,0.438715329,0.49461002
2021/3/15 12:00,0.431886893,0.482284067,0.57716579,0.446106087,0.506616523
2021/3/15 13:00,0.431740338,0.484667623,0.57023102,0.430314485,0.502597165
2021/3/15 14:00,0.432222168,0.491413062,0.570333875,0.418828106,0.500624852
2021/3/15 15:00,0.442155216,0.485973635,0.566390672,0.414321893,0.499148753
2021/3/15 16:00,0.452330788,0.486427571,0.558469386,0.396065452,0.497730124
2021/3/15 17:00,0.452421982,0.487382835,0.55353671,0.385427674,0.495450592
2021/3/15 18:00,0.448176762,0.48285649,0.529361372,0.364214224,0.483706871
2021/3/15 19:00,0.450248487,0.485431179,0.553667697,0.378522976,0.494827915
2021/3/15 20:00,0.451530842,0.484246807,0.575515067,0.39139156,0.50306771
2021/3/15 21:00,0.448315022,0.488454105,0.594081202,0.421753695,0.511629791
2021/3/15 22:00,0.442708186,0.484229526,0.607099466,0.428098931,0.514885988
2021/3/15 23:00,0.442750451,0.47403403,0.623451038,0.44571165,0.518978345
2021/3/16 0:00,0.442957573,0.419409774,0.648434417,0.464695178,0.523839222
2021/3/16 1:00,0.442819328,0.371044192,0.684595772,0.492542764,0.532955466
2021/3/16 2:00,0.436386297,0.340440755,0.680147418,0.487273242,0.528766457
2021/3/16 3:00,0.433183894,0.310769398,0.675214223,0.481061813,0.527373459
2021/3/16 4:00,0.432257579,0.306016875,0.675132688,0.481130457,0.527727428
2021/3/16 5:00,0.43253999,0.326739417,0.673405486,0.483263093,0.526229767
2021/3/16 6:00,0.434483783,0.378208359,0.672490572,0.488490775,0.529842911
2021/3/16 7:00,0.432898794,0.408709047,0.669522653,0.476069469,0.530336208
2021/3/16 8:00,0.435338499,0.447490621,0.63387427,0.434602277,0.517185097
2021/3/16 9:00,0.446308798,0.479592602,0.623187095,0.426749514,0.521092767
2021/3/16 10:00,0.449667762,0.477988045,0.63028096,0.436989011,0.523942412
2021/3/16 11:00,0.45369589,0.482643237,0.643249304,0.446620153,0.52940876
2021/3/16 12:00,0.460287334,0.485305186,0.642697333,0.437071511,0.532752812
2021/3/16 13:00,0.465565077,0.498219018,0.63398056,0.446160583,0.532895379
2021/3/16 14:00,0.468485499,0.49515453,0.620903982,0.458762156,0.529172066
2021/3/16 15:00,0.471687239,0.486200843,0.598469599,0.448622147,0.520053517
2021/3/16 16:00,0.469658411,0.481358743,0.578896607,0.429652704,0.510122535
2021/3/16 17:00,0.468667937,0.478045663,0.584165196,0.410079469,0.509369473
2021/3/16 18:00,0.470070938,0.476973713,0.557899746,0.389957212,0.500691198
2021/3/16 19:00,0.47466182,0.477893632,0.575285528,0.398946089,0.509274599
2021/3/16 20:00,0.475509869,0.475872092,0.589076696,0.406042812,0.515142359
2021/3/16 21:00,0.471162271,0.462672247,0.599393062,0.429622464,0.516403211
2021/3/16 22:00,0.470984036,0.463269903,0.623050705,0.475733544,0.525669263
2021/3/16 23:00,0.458797297,0.452633572,0.62585539,0.472950745,0.523041893
2021/3/17 0:00,0.457006079,0.402141722,0.657370455,0.481595144,0.532199297
2021/3/17 1:00,0.448188351,0.370084313,0.674500122,0.443208977,0.530151194
2021/3/17 2:00,0.445522902,0.347147592,0.668088654,0.431155621,0.524806479
2021/3/17 3:00,0.4455336,0.329116739,0.65924967,0.428727217,0.521371194
2021/3/17 4:00,0.445349841,0.337343644,0.652062891,0.424807419,0.516596415
2021/3/17 5:00,0.445354109,0.343497218,0.654185112,0.429696264,0.517259518
2021/3/17 6:00,0.446304064,0.38905231,0.658282829,0.434774287,0.518851317
2021/3/17 7:00,0.458090555,0.425895064,0.657751696,0.42910364,0.525897278
2021/3/17 8:00,0.46483781,0.4605451,0.621629717,0.389380369,0.517052675
2021/3/17 9:00,0.482325504,0.480826364,0.607590963,0.448239729,0.523168207
2021/3/17 10:00,0.485215932,0.478527586,0.605301881,0.472337389,0.524436693
2021/3/17 11:00,0.484970921,0.480925614,0.612388972,0.476427559,0.527293514
2021/3/17 12:00,0.485649718,0.473994074,0.641041701,0.494506855,0.537658006
2021/3/17 13:00,0.485681599,0.469912006,0.627381106,0.473572728,0.529965296
2021/3/17 14:00,0.481992455,0.462559587,0.589572901,0.453658643,0.513950383
2021/3/17 15:00,0.481490704,0.450284517,0.566706983,0.44163908,0.503960619
2021/3/17 16:00,0.480830876,0.449651333,0.549813154,0.431966453,0.497626445
2021/3/17 17:00,0.481052046,0.448606039,0.544265146,0.406207921,0.494893509
2021/3/17 18:00,0.480845484,0.447924343,0.522524945,0.375284176,0.486771634
2021/3/17 19:00,0.481309443,0.451882109,0.530821762,0.368334779,0.489958165
2021/3/17 20:00,0.481146155,0.449982766,0.571218878,0.389392642,0.503618082
2021/3/17 21:00,0.483294143,0.461441457,0.604484183,0.411326714,0.519564385
2021/3/17 22:00,0.475044077,0.469836043,0.608827606,0.407631373,0.521296531
2021/3/17 23:00,0.47130966,0.46368517,0.646907926,0.430811987,0.530626525
2021/3/18 0:00,0.465075854,0.421391406,0.690005064,0.473672702,0.539161029
2021/3/18 1:00,0.453935019,0.374083231,0.686317582,0.461827718,0.533077546
2021/3/18 2:00,0.449377648,0.333698119,0.681452628,0.492042982,0.530352357
2021/3/18 3:00,0.447402416,0.287930455,0.680415351,0.490694241,0.531464964
2021/3/18 4:00,0.447516218,0.25565523,0.681391843,0.491887242,0.532869063
2021/3/18 5:00,0.447931441,0.266011118,0.680717949,0.495168742,0.532691259
2021/3/18 6:00,0.456209963,0.360847936,0.679490451,0.498948187,0.537954944
2021/3/18 7:00,0.463522081,0.43098969,0.672822211,0.5036785,0.544977361
2021/3/18 8:00,0.449266449,0.474887889,0.633859306,0.479925788,0.527907972
2021/3/18 9:00,0.452452093,0.493924775,0.615673768,0.476230469,0.524569242
2021/3/18 10:00,0.454361478,0.497409003,0.633032338,0.49525213,0.530567351
2021/3/18 11:00,0.453926837,0.499269358,0.652821966,0.504831855,0.536184097
2021/3/18 12:00,0.451736612,0.499337832,0.659967245,0.495163211,0.545555806
2021/3/18 13:00,0.449114876,0.511565198,0.655771525,0.485990177,0.540912071
2021/3/18 14:00,0.450131004,0.502030293,0.637731902,0.48341261,0.531842385
2021/3/18 15:00,0.450038644,0.483873682,0.628862781,0.47307029,0.522569308
2021/3/18 16:00,0.453915326,0.480701312,0.613189933,0.440197072,0.515367533
2021/3/18 17:00,0.4601519,0.48214778,0.603388172,0.411980395,0.512824302
2021/3/18 18:00,0.463728722,0.482007834,0.570280136,0.391509055,0.504084052
2021/3/18 19:00,0.467292843,0.490745831,0.591190521,0.400084468,0.51434569
2021/3/18 20:00,0.46015354,0.48540849,0.596363099,0.400408488,0.513787179
2021/3/18 21:00,0.451295401,0.491557868,0.613502764,0.435073554,0.5204854
2021/3/18 22:00,0.4499368,0.504699941,0.624785081,0.455422782,0.52753231
2021/3/18 23:00,0.451121476,0.506456111,0.628470424,0.447786057,0.528904733
2021/3/19 0:00,0.450542616,0.491645626,0.655848802,0.452940678,0.536560763
2021/3/19 1:00,0.45052953,0.475484398,0.687138191,0.464295098,0.547601893
2021/3/19 2:00,0.450610015,0.452816076,0.680306611,0.463153444,0.542585982
2021/3/19 3:00,0.451424794,0.458877012,0.656099594,0.455047756,0.535523678
2021/3/19 4:00,0.451943957,0.454279385,0.658292813,0.456839581,0.536773427
2021/3/19 5:00,0.452299657,0.465793699,0.658691518,0.462284015,0.537787519
2021/3/19 6:00,0.45198014,0.505532524,0.665314864,0.495310364,0.544356618
2021/3/19 7:00,0.451928184,0.525398393,0.656048164,0.500972099,0.546127816
2021/3/19 8:00,0.451607147,0.547283713,0.647511661,0.503180251,0.545579875
2021/3/19 9:00,0.449002959,0.55578823,0.631069454,0.498959815,0.54356706
2021/3/19 10:00,0.448981911,0.556290351,0.626581893,0.498597612,0.542304451
2021/3/19 11:00,0.448305606,0.540196439,0.623489215,0.491789721,0.535993166
2021/3/19 12:00,0.45078417,0.534389225,0.634289843,0.475574259,0.540048968
2021/3/19 13:00,0.45258245,0.549839186,0.616629584,0.463781173,0.536594373
2021/3/19 14:00,0.452586395,0.558190331,0.621202152,0.476396814,0.538751891
2021/3/19 15:00,0.452429444,0.552804912,0.606925754,0.475565714,0.532168198
2021/3/19 16:00,0.460441718,0.553054579,0.57169085,0.411425188,0.521526688
2021/3/19 17:00,0.465030611,0.555279734,0.560048972,0.372224173,0.517810019
2021/3/19 18:00,0.464043609,0.553648112,0.518372483,0.359121369,0.502572274
2021/3/19 19:00,0.464360102,0.553536231,0.53399271,0.370313011,0.508297163
2021/3/19 20:00,0.464302095,0.550398668,0.571892416,0.389759019,0.519647263
2021/3/19 21:00,0.463775306,0.549426756,0.593745008,0.399351897,0.52542955
2021/3/19 22:00,0.458992525,0.546175094,0.608532842,0.426685512,0.530419485
2021/3/19 23:00,0.455560773,0.546283072,0.602554143,0.449260578,0.528956613
2021/3/20 0:00,0.454283488,0.528225146,0.614501963,0.461249724,0.527871384
2021/3/20 1:00,0.453656044,0.503458694,0.649045696,0.48376272,0.534938102
2021/3/20 2:00,0.453755209,0.491449748,0.664845765,0.490565095,0.541047244
2021/3/20 3:00,0.452966757,0.483213475,0.662771711,0.489470252,0.541549795
2021/3/20 4:00,0.453965497,0.481078238,0.667289209,0.490362718,0.541601966
2021/3/20 5:00,0.453327095,0.48272104,0.662873412,0.490776552,0.5392562
2021/3/20 6:00,0.453020643,0.500893004,0.657625364,0.491563258,0.5407827
2021/3/20 7:00,0.453899961,0.526937133,0.659379752,0.491049052,0.54927906
2021/3/20 8:00,0.453117051,0.545389177,0.64554211,0.486865156,0.548237507
2021/3/20 9:00,0.453855206,0.567213555,0.628063288,0.495548862,0.549281036
2021/3/20 10:00,0.453033923,0.56973636,0.627890293,0.500767376,0.550889285
2021/3/20 11:00,0.452155917,0.569347963,0.626589115,0.502671271,0.550759644
2021/3/20 12:00,0.456315535,0.564008601,0.63152849,0.505579892,0.553126634
2021/3/20 13:00,0.455148329,0.555317947,0.637470521,0.504200286,0.551250711
2021/3/20 14:00,0.454599437,0.556996613,0.639556082,0.51296129,0.549681669
2021/3/20 15:00,0.455292711,0.5581476,0.62972202,0.507609507,0.545072801
2021/3/20 16:00,0.45639158,0.556808357,0.62246387,0.469597953,0.540813442
2021/3/20 17:00,0.459607137,0.552331664,0.590845539,0.42417573,0.52850113
2021/3/20 18:00,0.46176693,0.552105336,0.545162128,0.402694822,0.513078817
2021/3/20 19:00,0.465217468,0.551693961,0.537629959,0.392986454,0.511701707
2021/3/20 20:00,0.461021324,0.552799808,0.542425214,0.397009498,0.513557471
2021/3/20 21:00,0.456366784,0.550844136,0.557597958,0.402110734,0.517498572
2021/3/20 22:00,0.455698755,0.554934443,0.614892242,0.48231519,0.539801128
2021/3/20 23:00,0.456546824,0.552810613,0.624001892,0.500419879,0.545641112
2021/3/21 0:00,0.456900183,0.542106276,0.661362792,0.517123271,0.555964025
2021/3/21 1:00,0.456622792,0.524622524,0.663342096,0.513050365,0.555170218
2021/3/21 2:00,0.45671824,0.495778453,0.669702006,0.514589573,0.551695194
2021/3/21 3:00,0.457359705,0.490005863,0.680215079,0.518392206,0.554712792
2021/3/21 4:00,0.457288345,0.481895812,0.681022711,0.518384889,0.554254057
2021/3/21 5:00,0.456571177,0.48604805,0.675898477,0.516757801,0.550985772
2021/3/21 6:00,0.455721321,0.497237258,0.669557726,0.509124586,0.549898019
2021/3/21 7:00,0.456248154,0.512720897,0.66284721,0.492380615,0.552589072
2021/3/21 8:00,0.460357854,0.537551385,0.600209134,0.445635614,0.534021695
2021/3/21 9:00,0.467198188,0.542516454,0.597822121,0.401509793,0.533523746
2021/3/21 10:00,0.4687182,0.540826737,0.624003818,0.418223198,0.54312553
2021/3/21 11:00,0.467896457,0.545022937,0.645428793,0.431799083,0.551360272
2021/3/21 12:00,0.466018705,0.549923636,0.667520235,0.513056686,0.563344557
2021/3/21 13:00,0.466090744,0.54759065,0.66737088,0.52973224,0.562010599
2021/3/21 14:00,0.471552151,0.545591058,0.66977512,0.531799052,0.5619354
2021/3/21 15:00,0.475940487,0.535913236,0.649705772,0.465765623,0.549133994
2021/3/21 16:00,0.475533077,0.533145991,0.600931813,0.428757594,0.531697384
2021/3/21 17:00,0.475272427,0.534400565,0.574336184,0.436693132,0.523920524
2021/3/21 18:00,0.471398262,0.529121857,0.53771477,0.382183092,0.508109532
2021/3/21 19:00,0.474592771,0.535657008,0.554773812,0.382731252,0.516211504
2021/3/21 20:00,0.474877417,0.540352933,0.589971804,0.402651321,0.529002292
2021/3/21 21:00,0.469312645,0.547336105,0.60680501,0.408017715,0.535000876
2021/3/21 22:00,0.457199053,0.550573559,0.621080126,0.419897569,0.534956282
2021/3/21 23:00,0.456580265,0.547482611,0.636930214,0.469065479,0.541115361
2021/3/22 0:00,0.457029307,0.534449573,0.662185152,0.496906686,0.550523234
2021/3/22 1:00,0.455781429,0.519501142,0.695019593,0.510721339,0.55914382
2021/3/22 2:00,0.455705107,0.509547464,0.696162018,0.509480025,0.56043393
2021/3/22 3:00,0.455613425,0.507178634,0.699149038,0.509912229,0.560961573
2021/3/22 4:00,0.456144441,0.513840025,0.700869964,0.51221756,0.563394868
2021/3/22 5:00,0.456336877,0.516665755,0.706386377,0.51769702,0.564596828
2021/3/22 6:00,0.455993868,0.532525835,0.711415139,0.524084312,0.56451578
2021/3/22 7:00,0.458726842,0.532594643,0.710928471,0.533685549,0.566082515
2021/3/22 8:00,0.460196532,0.542126553,0.672362429,0.518408733,0.555660565
2021/3/22 9:00,0.456859533,0.550339336,0.639921013,0.507700053,0.546614265
2021/3/22 10:00,0.457233883,0.538915163,0.622496182,0.495920263,0.537994863
2021/3/22 11:00,0.456685036,0.538806286,0.622103636,0.494271832,0.536373777
2021/3/22 12:00,0.456585532,0.536242087,0.671407735,0.52143233,0.551776518
2021/3/22 13:00,0.456757948,0.541277508,0.657463589,0.507125767,0.547837297
2021/3/22 14:00,0.460796119,0.542027077,0.648361779,0.472388332,0.546690451
2021/3/22 15:00,0.464571128,0.532779504,0.633646548,0.463332408,0.538771527
2021/3/22 16:00,0.471455848,0.53015783,0.624387441,0.463483826,0.53677284
2021/3/22 17:00,0.476121992,0.533440481,0.615749632,0.461383944,0.535781207
2021/3/22 18:00,0.473373513,0.5297551,0.589991016,0.434314167,0.525143647
2021/3/22 19:00,0.475539442,0.531148077,0.608767723,0.428060244,0.532623394
2021/3/22 20:00,0.475926989,0.529635879,0.637262985,0.439787576,0.540741164
2021/3/22 21:00,0.470626688,0.53853527,0.647737823,0.438014203,0.54419891
2021/3/22 22:00,0.468515043,0.545170681,0.654490914,0.429342875,0.54629635
2021/3/22 23:00,0.469366336,0.544545134,0.661227407,0.462009116,0.551789957
2021/3/23 0:00,0.469728705,0.527027437,0.704793041,0.495945403,0.566087139
2021/3/23 1:00,0.469422543,0.50622393,0.702202618,0.511564353,0.566021376
2021/3/23 2:00,0.468298043,0.475669683,0.700687796,0.510447157,0.562370317
2021/3/23 3:00,0.469565702,0.457995968,0.699143779,0.509639541,0.562105968
2021/3/23 4:00,0.469954115,0.462096183,0.697038729,0.50881811,0.56508394
2021/3/23 5:00,0.46834858,0.472664594,0.68919938,0.508676706,0.561045157
2021/3/23 6:00,0.468868249,0.47957408,0.68990427,0.515875511,0.555411532
2021/3/23 7:00,0.468969238,0.490367966,0.68918943,0.458096772,0.554698328
2021/3/23 8:00,0.46891641,0.509432382,0.643695845,0.43299586,0.541931098
2021/3/23 9:00,0.469744145,0.534044574,0.630531834,0.423430847,0.542355392
2021/3/23 10:00,0.462333158,0.537245569,0.62038812,0.460190438,0.538998116
2021/3/23 11:00,0.457287824,0.538327431,0.628881604,0.440103005,0.540145326
2021/3/23 12:00,0.456220293,0.529935116,0.659183771,0.441140809,0.548054606
2021/3/23 13:00,0.461908117,0.528276105,0.640267197,0.422566219,0.542723745
2021/3/23 14:00,0.471166995,0.522042602,0.630445,0.409424338,0.538656287
2021/3/23 15:00,0.468399649,0.512850865,0.637292579,0.41359454,0.537161684
2021/3/23 16:00,0.468427277,0.518116726,0.613950523,0.409558778,0.529898458
2021/3/23 17:00,0.472136427,0.520699795,0.606481531,0.406142846,0.528556207
2021/3/23 18:00,0.471755067,0.520507484,0.589894274,0.406688341,0.523256938
2021/3/23 19:00,0.471645521,0.521533549,0.599750702,0.409505931,0.52684698
2021/3/23 20:00,0.468933195,0.519004473,0.608787153,0.416240342,0.529317597
2021/3/23 21:00,0.468058319,0.524649654,0.62160589,0.430767844,0.535399064
2021/3/23 22:00,0.468716851,0.527803636,0.620131776,0.456134178,0.536638048
2021/3/23 23:00,0.468697684,0.523384479,0.635985604,0.449896808,0.53882893
2021/3/24 0:00,0.468149493,0.504314887,0.603338101,0.433124568,0.523595328
2021/3/24 1:00,0.467184025,0.477938456,0.630794173,0.441126025,0.526542961
2021/3/24 2:00,0.467063203,0.461310301,0.648728829,0.447966297,0.531729144
2021/3/24 3:00,0.467046016,0.453392351,0.646821119,0.446503621,0.532743736
2021/3/24 4:00,0.467412849,0.447006709,0.678890054,0.462703499,0.552334664
2021/3/24 5:00,0.467526952,0.453104539,0.681995631,0.471066954,0.553877431
2021/3/24 6:00,0.467100756,0.491881337,0.680954591,0.47591283,0.554167046
2021/3/24 7:00,0.468270092,0.527468672,0.672266644,0.510016459,0.559972805
2021/3/24 8:00,0.468319105,0.545758388,0.658579634,0.502562402,0.556850352
2021/3/24 9:00,0.468695633,0.549357108,0.646731655,0.494325341,0.554033152
2021/3/24 10:00,0.468996508,0.548599317,0.640012136,0.48575053,0.551234007
2021/3/24 11:00,0.468206264,0.54341662,0.636811513,0.473576139,0.546810139
2021/3/24 12:00,0.468722274,0.548507524,0.662816538,0.467999024,0.559887948
2021/3/24 13:00,0.469040938,0.55321311,0.657261536,0.489988391,0.557607323
2021/3/24 14:00,0.471395846,0.551685097,0.634067262,0.480111372,0.549961843
2021/3/24 15:00,0.473111491,0.542876646,0.63258564,0.471640352,0.546651104
2021/3/24 16:00,0.473862201,0.537294155,0.608912757,0.461756418,0.537739061
2021/3/24 17:00,0.47487464,0.536979873,0.600329825,0.441666008,0.531951817
2021/3/24 18:00,0.475115337,0.537455631,0.55737339,0.383305051,0.516598565
2021/3/24 19:00,0.470069343,0.538155817,0.578871571,0.388390908,0.521751372
2021/3/24 20:00,0.463741915,0.535406515,0.611667402,0.40309604,0.529485208
2021/3/24 21:00,0.461800535,0.543157187,0.646932781,0.420168663,0.54159756
2021/3/24 22:00,0.458357301,0.556683098,0.641939697,0.411954156,0.541548431
2021/3/24 23:00,0.45635097,0.553285133,0.657206445,0.404716127,0.544859214
2021/3/25 0:00,0.455759226,0.520356053,0.662042971,0.451710792,0.547086821
2021/3/25 1:00,0.455343793,0.505473725,0.67636885,0.47607274,0.55171276
2021/3/25 2:00,0.455567751,0.47974713,0.681154295,0.478162358,0.552547371
2021/3/25 3:00,0.455739178,0.46025302,0.68177188,0.47759278,0.552313384
2021/3/25 4:00,0.456511484,0.472545251,0.688814084,0.480859924,0.558001473
2021/3/25 5:00,0.456097114,0.492444889,0.691469834,0.484299138,0.559515875
2021/3/25 6:00,0.456170658,0.523190372,0.69882497,0.490958936,0.562136006
2021/3/25 7:00,0.456226944,0.535993707,0.684624526,0.493349814,0.560805637
2021/3/25 8:00,0.456745142,0.554383178,0.638882716,0.477200056,0.547445772
2021/3/25 9:00,0.458848401,0.563431542,0.635933205,0.478448221,0.549417748
2021/3/25 10:00,0.456408716,0.563575084,0.634815867,0.482785677,0.549667466
2021/3/25 11:00,0.456749445,0.561425633,0.643473395,0.492789334,0.552220521
2021/3/25 12:00,0.456320687,0.559244576,0.659849709,0.505173284,0.560489944
2021/3/25 13:00,0.456328556,0.563463082,0.64569253,0.494103375,0.554257772
2021/3/25 14:00,0.455935501,0.560958749,0.61616846,0.464624524,0.541736722
2021/3/25 15:00,0.457752256,0.555954031,0.612083086,0.455540715,0.537346866
2021/3/25 16:00,0.462721922,0.543566628,0.600620064,0.446100557,0.530665945
2021/3/25 17:00,0.466431009,0.541259393,0.59672597,0.421110522,0.52863764
2021/3/25 18:00,0.474171689,0.545224626,0.544691271,0.368684506,0.514060459
2021/3/25 19:00,0.476740576,0.544149235,0.578193649,0.385333504,0.525639563
2021/3/25 20:00,0.476979548,0.53864475,0.626862384,0.405501918,0.538518951
2021/3/25 21:00,0.472254262,0.533782286,0.647962228,0.439484488,0.54399623
2021/3/25 22:00,0.469854172,0.544731518,0.65414953,0.457803903,0.548946988
2021/3/25 23:00,0.468682529,0.534612002,0.679402167,0.455839629,0.553326995
2021/3/26 0:00,0.468744633,0.512101625,0.700687447,0.449894898,0.561427775
2021/3/26 1:00,0.468289026,0.511485147,0.691732394,0.443421612,0.560253364
2021/3/26 2:00,0.468164348,0.47634347,0.692376509,0.449106579,0.557575591
2021/3/26 3:00,0.468247282,0.46592451,0.691436742,0.446263852,0.557672855
2021/3/26 4:00,0.468189152,0.469775992,0.680938419,0.46790983,0.55338134
2021/3/26 5:00,0.467538353,0.491522917,0.672290319,0.471781146,0.550839161
2021/3/26 6:00,0.469134843,0.517943653,0.677008554,0.46227282,0.552376329
2021/3/26 7:00,0.471016513,0.527349809,0.671678761,0.462326937,0.553048166
2021/3/26 8:00,0.471071587,0.54155127,0.651373368,0.455751843,0.548668014
2021/3/26 9:00,0.467950856,0.545272337,0.602256598,0.430929415,0.533349274
2021/3/26 10:00,0.468347319,0.544975925,0.599653501,0.453751356,0.533817228
2021/3/26 11:00,0.467679196,0.547213215,0.602993375,0.456134134,0.535325555
2021/3/26 12:00,0.470834549,0.549947693,0.615062579,0.463647842,0.54178335
2021/3/26 13:00,0.474158784,0.555333972,0.596793484,0.453730318,0.536329969
2021/3/26 14:00,0.472466659,0.558453913,0.634989728,0.430756288,0.54614778
2021/3/26 15:00,0.471545593,0.551193357,0.640016799,0.402337702,0.543742378
2021/3/26 16:00,0.47129723,0.550796258,0.634277778,0.402856918,0.540037491
2021/3/26 17:00,0.474400714,0.549779028,0.609746312,0.39310975,0.533425423
2021/3/26 18:00,0.481224122,0.550712997,0.575497998,0.381258075,0.52574068
2021/3/26 19:00,0.475302279,0.549987182,0.578524475,0.380515955,0.524633799
2021/3/26 20:00,0.466746208,0.544035943,0.580283669,0.380166949,0.52131937
2021/3/26 21:00,0.45900757,0.543220268,0.561778753,0.367818665,0.513083362
2021/3/26 22:00,0.456722138,0.544281606,0.592869826,0.373463033,0.522517341
2021/3/26 23:00,0.456867255,0.55154973,0.593978101,0.372343755,0.524984068
2021/3/27 0:00,0.450865578,0.538552384,0.597553516,0.364688644,0.519688456
2021/3/27 1:00,0.435162822,0.517922935,0.604520188,0.361224692,0.513246875
2021/3/27 2:00,0.426925737,0.506183575,0.595390725,0.359967966,0.506901206
2021/3/27 3:00,0.427245891,0.504736302,0.593901375,0.358939612,0.505999339
2021/3/27 4:00,0.427124854,0.511507553,0.589816785,0.358117876,0.50623616
2021/3/27 5:00,0.4272343,0.509378456,0.600209647,0.367332751,0.508102933
2021/3/27 6:00,0.427225705,0.512546941,0.594569863,0.363931339,0.507363272
2021/3/27 7:00,0.42688725,0.513106475,0.586379745,0.362189157,0.504733974
2021/3/27 8:00,0.427625953,0.520391677,0.58230866,0.365793096,0.506200716
2021/3/27 9:00,0.427558184,0.526843289,0.564694309,0.364964058,0.498787923
2021/3/27 10:00,0.427829844,0.526373729,0.516693338,0.344583464,0.483333615
2021/3/27 11:00,0.427142462,0.527963864,0.532554663,0.355389453,0.49189683
2021/3/27 12:00,0.430095649,0.52747562,0.540443894,0.363912742,0.496604339
2021/3/27 13:00,0.437290086,0.527505059,0.554624798,0.373388711,0.50341396
2021/3/27 14:00,0.436676262,0.526937416,0.572187726,0.383727198,0.508227398
2021/3/27 15:00,0.451195901,0.526982475,0.591816967,0.405999844,0.520560721
2021/3/27 16:00,0.464158987,0.537501538,0.598434209,0.423393025,0.529526289
2021/3/27 17:00,0.469258147,0.533092427,0.58387911,0.416681258,0.523621361
2021/3/27 18:00,0.46753907,0.528921349,0.5653456,0.397352599,0.514435034
2021/3/27 19:00,0.468215406,0.527801752,0.557912128,0.374407571,0.511709096
2021/3/27 20:00,0.467762368,0.527527993,0.551424934,0.373049164,0.509515657
2021/3/27 21:00,0.467586614,0.521360584,0.552524615,0.369134714,0.507954329
2021/3/27 22:00,0.468859438,0.522893759,0.55976048,0.410318649,0.512645168
2021/3/27 23:00,0.469182615,0.53537607,0.575298443,0.415326011,0.519559445
2021/3/28 0:00,0.468479792,0.533992955,0.586773396,0.417887805,0.520581206
2021/3/28 1:00,0.468569501,0.516531505,0.587608676,0.418098413,0.519103716
2021/3/28 2:00,0.468055498,0.524447986,0.572383869,0.408387853,0.516028457
2021/3/28 3:00,0.468323851,0.524625779,0.579638343,0.411368042,0.518751432
2021/3/28 4:00,0.468022693,0.525949082,0.576364691,0.409134231,0.517852851
2021/3/28 5:00,0.467761516,0.526729701,0.572944352,0.411041895,0.516748093
2021/3/28 6:00,0.4674036,0.528753775,0.56557574,0.409440258,0.515140007
2021/3/28 7:00,0.468666619,0.514036232,0.587123741,0.428286062,0.522294909
2021/3/28 8:00,0.469035456,0.515909821,0.563276464,0.420547463,0.515580015
2021/3/28 9:00,0.468327107,0.523893718,0.548311067,0.412552484,0.512016303
2021/3/28 10:00,0.467596466,0.525718369,0.542047821,0.398286232,0.509370967
2021/3/28 11:00,0.46787694,0.530844215,0.55781264,0.383687942,0.516419577
2021/3/28 12:00,0.468777838,0.534146246,0.598524424,0.428593298,0.532135003
2021/3/28 13:00,0.468455758,0.527729041,0.595264651,0.421133981,0.528324975
2021/3/28 14:00,0.468377667,0.523322781,0.592474903,0.420874783,0.524832148
2021/3/28 15:00,0.468579589,0.518101697,0.573326501,0.410716505,0.516270561
2021/3/28 16:00,0.467991307,0.508180487,0.553127302,0.406829754,0.50696139
2021/3/28 17:00,0.468090165,0.509326218,0.544682123,0.39389107,0.504139312
2021/3/28 18:00,0.468220222,0.511502498,0.515993913,0.359843878,0.493648492
2021/3/28 19:00,0.467776109,0.514186221,0.53886792,0.373674716,0.501923671
2021/3/28 20:00,0.467904655,0.513274991,0.537964132,0.377238166,0.501579473
2021/3/28 21:00,0.467571961,0.513000903,0.535403815,0.373703354,0.500387314
2021/3/28 22:00,0.467623177,0.51542994,0.538322283,0.366305447,0.501979883
2021/3/28 23:00,0.468697199,0.522348519,0.544195128,0.368140041,0.506526947
2021/3/29 0:00,0.469019421,0.514590648,0.546233998,0.363559736,0.50574393
2021/3/29 1:00,0.468737388,0.510477061,0.5639929,0.366603994,0.509796335
2021/3/29 2:00,0.467845811,0.507882032,0.564008992,0.364699914,0.509995619
2021/3/29 3:00,0.467850718,0.508532328,0.560549515,0.361928839,0.508857646
2021/3/29 4:00,0.468912352,0.508628306,0.567560087,0.365721902,0.511906974
2021/3/29 5:00,0.469101024,0.50854239,0.57358486,0.371937996,0.514718753
2021/3/29 6:00,0.468494719,0.505294219,0.572282069,0.37321897,0.512578315
2021/3/29 7:00,0.468633989,0.504054107,0.573901279,0.383789325,0.512587701
2021/3/29 8:00,0.4687714,0.510747428,0.565710913,0.38952347,0.510943952
2021/3/29 9:00,0.468677032,0.512695523,0.573664613,0.39783058,0.514969414
2021/3/29 10:00,0.469000601,0.507556073,0.555011826,0.434069895,0.509649119
2021/3/29 11:00,0.469115019,0.511282562,0.549064496,0.443381112,0.509101943
2021/3/29 12:00,0.468819839,0.513177756,0.576859783,0.459624028,0.519449744
2021/3/29 13:00,0.467774998,0.510324187,0.560884525,0.447285377,0.511800752
2021/3/29 14:00,0.467911642,0.506942565,0.540044459,0.419208281,0.503597167
2021/3/29 15:00,0.468328969,0.504497876,0.559842258,0.426170446,0.509238507
2021/3/29 16:00,0.467784538,0.489891186,0.557038269,0.421213964,0.504211325
2021/3/29 17:00,0.467869131,0.491162048,0.5449769,0.38985534,0.499762731
2021/3/29 18:00,0.466959957,0.505654415,0.516639098,0.353233355,0.491430083
2021/3/29 19:00,0.46783724,0.515437324,0.532893161,0.345327389,0.499952301
2021/3/29 20:00,0.468114605,0.511497737,0.546546634,0.367864056,0.505045143
2021/3/29 21:00,0.467576007,0.507137322,0.552428596,0.385205422,0.505811175
2021/3/29 22:00,0.468790845,0.511246371,0.558861342,0.407889129,0.510581631
2021/3/29 23:00,0.468509021,0.511689484,0.558813863,0.411504061,0.511623876
2021/3/30 0:00,0.468060345,0.503413599,0.580486725,0.419011809,0.519235082
2021/3/30 1:00,0.469516195,0.503523839,0.59254522,0.421263636,0.525393944
2021/3/30 2:00,0.469209594,0.502541116,0.584380715,0.415500673,0.521870038
2021/3/30 3:00,0.469099476,0.501252775,0.577313405,0.413415504,0.520152953
2021/3/30 4:00,0.469643028,0.507811958,0.580163844,0.417483164,0.522321965
2021/3/30 5:00,0.468678025,0.50692083,0.576954652,0.419316117,0.519897864
2021/3/30 6:00,0.468166791,0.51387752,0.584662619,0.424275415,0.523270535
2021/3/30 7:00,0.468205696,0.530033756,0.589616792,0.426462718,0.528637514
2021/3/30 8:00,0.468312489,0.546301668,0.558376754,0.412557403,0.520808405
2021/3/30 9:00,0.467684962,0.552171595,0.550102364,0.410777915,0.520584653
2021/3/30 10:00,0.464958311,0.538829513,0.541926074,0.429739804,0.513426541
2021/3/30 11:00,0.465555644,0.536222279,0.532887538,0.432723385,0.510870798
2021/3/30 12:00,0.465369326,0.547367647,0.576057533,0.465581106,0.530863299
2021/3/30 13:00,0.465989926,0.535163145,0.565206009,0.452546394,0.522192032
2021/3/30 14:00,0.466163769,0.524787535,0.555855828,0.4479728,0.515453433
2021/3/30 15:00,0.464421553,0.516961189,0.537667161,0.429102042,0.504731728
2021/3/30 16:00,0.46487731,0.517099126,0.531872314,0.391430714,0.502118849
2021/3/30 17:00,0.468861819,0.526233665,0.53521962,0.363737068,0.506539426
2021/3/30 18:00,0.472097024,0.522409745,0.510795813,0.34718878,0.497099912
2021/3/30 19:00,0.472705438,0.526602266,0.516791179,0.3468648,0.500037046
2021/3/30 20:00,0.467567753,0.519886585,0.516424091,0.348929803,0.496371342
2021/3/30 21:00,0.464591492,0.52034938,0.517661169,0.366181922,0.495842843
2021/3/30 22:00,0.464713504,0.528982103,0.517818301,0.36750263,0.497869073
2021/3/30 23:00,0.465658152,0.537732126,0.529579399,0.382348617,0.505161372
2021/3/31 0:00,0.464948154,0.53947008,0.525901318,0.374674723,0.50297039
2021/3/31 1:00,0.465189747,0.522924704,0.563848629,0.395137223,0.515916919
2021/3/31 2:00,0.465070944,0.514649215,0.585094769,0.413281088,0.525010767
2021/3/31 3:00,0.465638858,0.513188321,0.595405789,0.461274296,0.531142463
2021/3/31 4:00,0.466148772,0.50617995,0.603701296,0.467112471,0.534004326
2021/3/31 5:00,0.466164974,0.519961639,0.584510378,0.457292878,0.527682585
2021/3/31 6:00,0.465293504,0.527922129,0.578932642,0.455883619,0.525947086
2021/3/31 7:00,0.465158227,0.523142853,0.57997022,0.451202599,0.525450707
2021/3/31 8:00,0.464722274,0.531162516,0.566137205,0.426760957,0.519501451
2021/3/31 9:00,0.464067162,0.5302584,0.536390047,0.411365141,0.50891352
2021/3/31 10:00,0.465353045,0.530575805,0.54567742,0.460482347,0.514833799
2021/3/31 11:00,0.46607913,0.528657043,0.554705295,0.481882561,0.518237446
2021/3/31 12:00,0.46589462,0.534128708,0.579463337,0.504335522,0.530489008
2021/3/31 13:00,0.464899961,0.535924906,0.557349767,0.466266039,0.520441176
2021/3/31 14:00,0.465205646,0.524863496,0.546253746,0.448858283,0.512592566
2021/3/31 15:00,0.465432838,0.514039912,0.549254782,0.442143178,0.509817286
2021/3/31 16:00,0.474636456,0.527712827,0.540314823,0.431041091,0.512219343
2021/3/31 17:00,0.476284038,0.543651713,0.539360908,0.430350247,0.516822921
2021/3/31 18:00,0.474744505,0.535529118,0.522298702,0.38266821,0.506969034
2021/3/31 19:00,0.47367797,0.520596204,0.516427574,0.36845127,0.499656701
2021/3/31 20:00,0.474272732,0.513431184,0.51905264,0.371614128,0.497998519
2021/3/31 21:00,0.474014929,0.528800895,0.52667256,0.39276798,0.504521959
2021/3/31 22:00,0.474139486,0.540771197,0.541118845,0.411630825,0.51271536
2021/3/31 23:00,0.47562757,0.543053503,0.566604491,0.420834052,0.522342196
2021/4/1 0:00,0.439895557,0.530784265,0.600341651,0.429188402,0.523528423
2021/4/1 1:00,0.443440097,0.520190906,0.627075947,0.440869919,0.533526861
2021/4/1 2:00,0.443806017,0.500863921,0.647852354,0.449883837,0.540384646
2021/4/1 3:00,0.445777168,0.494838082,0.631812168,0.43960826,0.539575886
2021/4/1 4:00,0.446166446,0.486785283,0.64486126,0.447750195,0.54576377
2021/4/1 5:00,0.445708372,0.490693104,0.646167761,0.453962709,0.547344325
2021/4/1 6:00,0.445959204,0.505930592,0.644343549,0.454801391,0.547717617
2021/4/1 7:00,0.446282239,0.517611645,0.640918039,0.453893556,0.545180328
2021/4/1 8:00,0.44582559,0.537126919,0.620536774,0.447359762,0.538859293
2021/4/1 9:00,0.446068661,0.546008885,0.608094158,0.450435007,0.537563802
2021/4/1 10:00,0.445550914,0.543387043,0.615399196,0.504334909,0.54055149
2021/4/1 11:00,0.445785653,0.538563837,0.610345265,0.512278523,0.538977987
2021/4/1 12:00,0.445983387,0.544670486,0.631880298,0.529904154,0.554151492
2021/4/1 13:00,0.44581752,0.549366298,0.616322446,0.518909481,0.545838665
2021/4/1 14:00,0.445957394,0.537395365,0.628663369,0.509076807,0.545085461
2021/4/1 15:00,0.449099364,0.525452115,0.62380779,0.493655998,0.54021296
2021/4/1 16:00,0.448747449,0.515392926,0.603786603,0.454198984,0.528155376
2021/4/1 17:00,0.453936567,0.531106589,0.619668556,0.4434083,0.538363016
2021/4/1 18:00,0.458142114,0.533498393,0.613753322,0.441347452,0.536518269
2021/4/1 19:00,0.46237886,0.520422564,0.611733245,0.44161479,0.533921435
2021/4/1 20:00,0.465111746,0.483809851,0.624255449,0.445482936,0.530317487
2021/4/1 21:00,0.46719206,0.462489824,0.628277736,0.443261179,0.5292683
2021/4/1 22:00,0.467749238,0.433171182,0.638165352,0.433522474,0.530823062
2021/4/1 23:00,0.47071161,0.446542298,0.646226301,0.431962555,0.535186043
2021/4/2 0:00,0.47006084,0.41861185,0.673779517,0.483492634,0.541202554
2021/4/2 1:00,0.469599562,0.382256184,0.671863792,0.484149356,0.53513794
2021/4/2 2:00,0.469708806,0.360697542,0.668298344,0.478383559,0.534769551
2021/4/2 3:00,0.469933197,0.343243442,0.668871543,0.474921061,0.535796592
2021/4/2 4:00,0.470171072,0.340010407,0.660191433,0.469794794,0.531322848
2021/4/2 5:00,0.471064694,0.348514048,0.643839998,0.464933931,0.526543079
2021/4/2 6:00,0.470699518,0.361831507,0.634891572,0.461068827,0.524473026
2021/4/2 7:00,0.470159118,0.375149208,0.631562666,0.461077954,0.524660186
2021/4/2 8:00,0.472307057,0.382063817,0.619743853,0.461782045,0.522752064
2021/4/2 9:00,0.477450782,0.416229912,0.60933033,0.462049327,0.523297673
2021/4/2 10:00,0.481598422,0.433887653,0.591911405,0.448366658,0.519412444
2021/4/2 11:00,0.480644616,0.444535151,0.590220947,0.440082346,0.517612245
2021/4/2 12:00,0.4824544,0.446391181,0.621459743,0.466353014,0.530895504
2021/4/2 13:00,0.482231743,0.447504034,0.616348929,0.467916126,0.528392796
2021/4/2 14:00,0.482155633,0.434103339,0.613396031,0.471347496,0.528846176
2021/4/2 15:00,0.482290297,0.408181359,0.596001673,0.459046904,0.520220892
2021/4/2 16:00,0.484822919,0.420359698,0.584099094,0.449452119,0.514866161
2021/4/2 17:00,0.489414964,0.452930992,0.564878745,0.441249689,0.511019998
2021/4/2 18:00,0.491052809,0.471589208,0.536411944,0.40318855,0.502502232
2021/4/2 19:00,0.491304972,0.47789576,0.546160112,0.408083354,0.50615366
2021/4/2 20:00,0.491510656,0.465599103,0.556862822,0.414546905,0.508972692
2021/4/2 21:00,0.490306709,0.440090255,0.554717325,0.411033977,0.504572057
2021/4/2 22:00,0.490303991,0.438796364,0.566466406,0.415776297,0.509047618
2021/4/2 23:00,0.487151474,0.439674486,0.60094685,0.411500516,0.519649253
2021/4/3 0:00,0.485804876,0.409359118,0.652885397,0.414962338,0.534702955
2021/4/3 1:00,0.483392594,0.374061993,0.667199904,0.415689578,0.542816906
2021/4/3 2:00,0.480026686,0.338365905,0.66073063,0.409604378,0.542440332
2021/4/3 3:00,0.479706835,0.313774392,0.654397898,0.406650931,0.539645794
2021/4/3 4:00,0.483284748,0.304639044,0.650495757,0.388497912,0.537966617
2021/4/3 5:00,0.482949368,0.308173017,0.645281442,0.383831888,0.535441259
2021/4/3 6:00,0.482830555,0.323102786,0.644211167,0.390851784,0.534516704
2021/4/3 7:00,0.482898263,0.346397381,0.638033575,0.393003521,0.534074137
2021/4/3 8:00,0.482636749,0.373385241,0.658514952,0.398292647,0.539040377
2021/4/3 9:00,0.482872761,0.410860192,0.646695735,0.404066829,0.536917606
2021/4/3 10:00,0.482611908,0.416765706,0.640307052,0.404955518,0.534025634
2021/4/3 11:00,0.483726535,0.430558737,0.627128827,0.402490137,0.531889634
2021/4/3 12:00,0.483898681,0.438502404,0.598871064,0.39198793,0.522256844
2021/4/3 13:00,0.483417868,0.450232974,0.588032411,0.388343219,0.516906619
2021/4/3 14:00,0.484261105,0.443648103,0.592419169,0.395029827,0.518774892
2021/4/3 15:00,0.484462587,0.454289984,0.587662356,0.397480425,0.517470908
2021/4/3 16:00,0.484451662,0.44519097,0.596761735,0.40469887,0.518801828
2021/4/3 17:00,0.483563827,0.444915945,0.602356219,0.406333501,0.520249456
2021/4/3 18:00,0.482527064,0.449774232,0.583052139,0.399854161,0.512858064
2021/4/3 19:00,0.482525234,0.450429469,0.559768394,0.379696324,0.504917518
2021/4/3 20:00,0.481769347,0.457991026,0.561367535,0.383441612,0.506636946
2021/4/3 21:00,0.481661836,0.453818713,0.579869197,0.39557928,0.513597567
2021/4/3 22:00,0.482982712,0.447524346,0.622116204,0.417067281,0.528812939
2021/4/3 23:00,0.484272812,0.434489811,0.630353578,0.410802472,0.531427393
2021/4/4 0:00,0.48543287,0.434690521,0.636544682,0.420470433,0.535273564
2021/4/4 1:00,0.484499027,0.44931076,0.621682589,0.410750347,0.530826763
2021/4/4 2:00,0.484466673,0.404509111,0.654529871,0.428066658,0.537017279
2021/4/4 3:00,0.484910532,0.371090979,0.663142946,0.433509573,0.542321063
2021/4/4 4:00,0.4844102,0.377567122,0.662901637,0.432390904,0.543329514
2021/4/4 5:00,0.484506805,0.394649558,0.659519114,0.435043511,0.542417833
2021/4/4 6:00,0.484461231,0.446376113,0.658576765,0.434620133,0.546688953
2021/4/4 7:00,0.485512606,0.48445292,0.658349444,0.444652536,0.551537369
2021/4/4 8:00,0.485907346,0.502391426,0.652517408,0.447555608,0.551829945
2021/4/4 9:00,0.486124722,0.513836254,0.629009226,0.431099355,0.540050628
2021/4/4 10:00,0.486685442,0.51722591,0.640917494,0.421249732,0.54292397
2021/4/4 11:00,0.4861423,0.516755408,0.64976351,0.435540913,0.544877391
2021/4/4 12:00,0.487381628,0.524545542,0.643788354,0.471310224,0.545907046
2021/4/4 13:00,0.487050514,0.509419658,0.658322367,0.480463616,0.546320279
2021/4/4 14:00,0.487138535,0.519728959,0.620927226,0.455121819,0.535717783
2021/4/4 15:00,0.486853723,0.522336494,0.579989699,0.431573801,0.524460926
2021/4/4 16:00,0.48702387,0.51301609,0.613516323,0.44344968,0.535716463
2021/4/4 17:00,0.486716104,0.507347296,0.635477314,0.421873615,0.541669626
2021/4/4 18:00,0.489478546,0.513253653,0.587643412,0.379701114,0.526271022
2021/4/4 19:00,0.490850723,0.51410298,0.604819416,0.354183571,0.529946343
2021/4/4 20:00,0.490391578,0.514050801,0.601117668,0.349132053,0.527951407
2021/4/4 21:00,0.489128491,0.514617129,0.604502758,0.347677469,0.528800303
2021/4/4 22:00,0.484660886,0.516006197,0.625329108,0.389104738,0.535744221
2021/4/4 23:00,0.483864003,0.519859677,0.638937439,0.384163807,0.541618868
2021/4/5 0:00,0.483713625,0.515988211,0.648776535,0.397775512,0.546466007
2021/4/5 1:00,0.483887275,0.487830816,0.686159587,0.428047286,0.559833275
2021/4/5 2:00,0.483584983,0.468895185,0.723232377,0.439462558,0.570318883
2021/4/5 3:00,0.483657268,0.477788454,0.705716235,0.430115104,0.563567438
2021/4/5 4:00,0.483973723,0.474578622,0.705430981,0.430212527,0.563151705
2021/4/5 5:00,0.483963274,0.474919959,0.704365627,0.434423881,0.562713497
2021/4/5 6:00,0.484544487,0.48769052,0.693915583,0.433294943,0.559236772
2021/4/5 7:00,0.484687576,0.499541013,0.655232902,0.4220276,0.54499803
2021/4/5 8:00,0.485135199,0.502333998,0.665109324,0.448648264,0.549262785
2021/4/5 9:00,0.485180283,0.503519044,0.670233644,0.484392128,0.551980703
2021/4/5 10:00,0.483942165,0.519611454,0.65990775,0.479803256,0.549514084
2021/4/5 11:00,0.486697255,0.532659241,0.642364097,0.473240058,0.546553686
2021/4/5 12:00,0.495250646,0.534008065,0.630146746,0.468162726,0.548971478
2021/4/5 13:00,0.491351291,0.517634033,0.643857708,0.471435767,0.54849743
2021/4/5 14:00,0.485385937,0.515321848,0.66153927,0.480170346,0.549773494
2021/4/5 15:00,0.485713967,0.520784848,0.633048526,0.460858356,0.539548108
2021/4/5 16:00,0.485551352,0.515482052,0.592275393,0.408709476,0.524554754
2021/4/5 17:00,0.484655123,0.515483743,0.595955086,0.39629927,0.528493646
2021/4/5 18:00,0.483131473,0.514984322,0.57488203,0.388670081,0.521306891
2021/4/5 19:00,0.485561394,0.514430204,0.573118438,0.387558444,0.521086646
2021/4/5 20:00,0.48489042,0.513959326,0.567686194,0.388640388,0.519728625
2021/4/5 21:00,0.483347717,0.512595168,0.573648709,0.387967561,0.521683133
2021/4/5 22:00,0.483396964,0.517401118,0.588246917,0.394460849,0.528472622
2021/4/5 23:00,0.482593405,0.51780227,0.605959469,0.397628309,0.534200909
2021/4/6 0:00,0.482914361,0.503139723,0.63484638,0.398572271,0.541922169
2021/4/6 1:00,0.483925912,0.469228498,0.68684077,0.421838802,0.559635284
2021/4/6 2:00,0.482654885,0.444013379,0.699362052,0.429279965,0.563662854
2021/4/6 3:00,0.483161057,0.41647559,0.695196647,0.430665787,0.563452241
2021/4/6 4:00,0.48314979,0.417405138,0.70096078,0.45948371,0.567295171
2021/4/6 5:00,0.483268897,0.438148831,0.697445122,0.46067682,0.566313038
2021/4/6 6:00,0.483660596,0.473609487,0.688817602,0.46028933,0.564939903
2021/4/6 7:00,0.484373003,0.479704897,0.694180237,0.47074457,0.569192623
2021/4/6 8:00,0.483890611,0.515968171,0.657659043,0.481914214,0.557980501
2021/4/6 9:00,0.486246101,0.51707235,0.618709155,0.464917385,0.546589178
2021/4/6 10:00,0.488984729,0.520666133,0.627652231,0.473272915,0.551635475
2021/4/6 11:00,0.488977328,0.521884191,0.611700953,0.471099358,0.546372864
2021/4/6 12:00,0.488611698,0.516686695,0.650608762,0.505001178,0.56421975
2021/4/6 13:00,0.488407341,0.525165715,0.631453987,0.484708563,0.556456192
2021/4/6 14:00,0.485597074,0.530336315,0.618050354,0.438917009,0.549657984
2021/4/6 15:00,0.48510433,0.518186289,0.615833459,0.419492851,0.542653029
2021/4/6 16:00,0.488483149,0.522364063,0.618664507,0.419666212,0.542644458
2021/4/6 17:00,0.490117711,0.523404924,0.598219173,0.405434722,0.534973235
2021/4/6 18:00,0.489448919,0.513050772,0.55631414,0.353117074,0.515732487
2021/4/6 19:00,0.488360883,0.497462761,0.554996515,0.344790517,0.511129957
2021/4/6 20:00,0.48514675,0.490206521,0.569579334,0.371493754,0.51533254
2021/4/6 21:00,0.486155825,0.493989566,0.57041577,0.37060272,0.516835718
2021/4/6 22:00,0.490748408,0.505099929,0.58830686,0.369013148,0.526488127
2021/4/6 23:00,0.489888992,0.517474717,0.607592112,0.374340693,0.535751193
2021/4/7 0:00,0.49405501,0.515369196,0.62575312,0.412558594,0.543069232
2021/4/7 1:00,0.494569876,0.509809613,0.620063886,0.405551835,0.538723264
2021/4/7 2:00,0.496209315,0.522258925,0.605708343,0.409319853,0.53724768
2021/4/7 3:00,0.49553097,0.52232068,0.598551373,0.406244408,0.535283848
2021/4/7 4:00,0.495308727,0.503218808,0.621429863,0.417106789,0.540093278
2021/4/7 5:00,0.495467478,0.484308469,0.636924011,0.431378176,0.543300317
2021/4/7 6:00,0.495295249,0.491256327,0.652208168,0.442747754,0.548325557
2021/4/7 7:00,0.495863792,0.488924874,0.667057416,0.454673884,0.55102533
2021/4/7 8:00,0.495829525,0.476885484,0.675391039,0.463655062,0.55066672
2021/4/7 9:00,0.496755031,0.485957264,0.67399058,0.471827697,0.554220745
2021/4/7 10:00,0.496888956,0.495704871,0.660977232,0.469551674,0.552010344
2021/4/7 11:00,0.497512692,0.502056236,0.652793667,0.465649085,0.548361809
2021/4/7 12:00,0.495762706,0.499221903,0.67345589,0.472025742,0.549533818
2021/4/7 13:00,0.496317752,0.496603628,0.642191085,0.455758259,0.542737608
2021/4/7 14:00,0.496916491,0.483159032,0.647417822,0.453338879,0.544077264
2021/4/7 15:00,0.496567612,0.468953271,0.656674112,0.482544204,0.544355356
2021/4/7 16:00,0.495836713,0.463535084,0.603362113,0.462920622,0.526650433
2021/4/7 17:00,0.496668453,0.459613663,0.593190353,0.438518871,0.521418016
2021/4/7 18:00,0.49850646,0.461547001,0.578554053,0.379642766,0.514870964
2021/4/7 19:00,0.498936696,0.452552938,0.584685991,0.383452801,0.516120502
2021/4/7 20:00,0.497215444,0.459315139,0.573119197,0.390375988,0.512313567
2021/4/7 21:00,0.49701334,0.463987884,0.552099566,0.428902977,0.507933739
2021/4/7 22:00,0.498187857,0.459705667,0.59450118,0.443539709,0.521476487
2021/4/7 23:00,0.498727855,0.468297474,0.588600768,0.433288172,0.519527264
2021/4/8 0:00,0.499860587,0.460585145,0.575585396,0.422225795,0.517152023
2021/4/8 1:00,0.499968759,0.422931143,0.634085726,0.441574116,0.529612586
2021/4/8 2:00,0.499359323,0.403140092,0.640337111,0.432998991,0.527017279
2021/4/8 3:00,0.501042382,0.386712424,0.645449953,0.438247452,0.526898771
2021/4/8 4:00,0.5006759,0.370249675,0.653325623,0.450284269,0.526872344
2021/4/8 5:00,0.499860075,0.383452554,0.641496942,0.449422658,0.524239813
2021/4/8 6:00,0.499866642,0.404026049,0.644496929,0.434485367,0.523826233
2021/4/8 7:00,0.499364702,0.410190933,0.648505898,0.404812232,0.527044987
2021/4/8 8:00,0.499092785,0.4389164,0.641339482,0.406115368,0.531693719
2021/4/8 9:00,0.500777507,0.458036163,0.643814736,0.414861229,0.538600613
2021/4/8 10:00,0.502401265,0.469565145,0.636166445,0.41474353,0.53802608
2021/4/8 11:00,0.503367088,0.469243959,0.653232254,0.426928753,0.541236031
2021/4/8 12:00,0.505653223,0.459114706,0.656370613,0.485703361,0.544879985
2021/4/8 13:00,0.505870436,0.462674391,0.642052638,0.489998223,0.53919101
2021/4/8 14:00,0.507841807,0.460482897,0.627224082,0.482956957,0.532971672
2021/4/8 15:00,0.5103719,0.450159267,0.622531898,0.479472426,0.530310223
2021/4/8 16:00,0.513299266,0.450878761,0.606836493,0.462678691,0.526442282
2021/4/8 17:00,0.516620403,0.455960467,0.602136307,0.439896169,0.52665479
2021/4/8 18:00,0.512644836,0.459309273,0.584935558,0.401638292,0.519314192
2021/4/8 19:00,0.508791837,0.456912877,0.577764754,0.395690216,0.515890919
2021/4/8 20:00,0.50609585,0.436966989,0.599671993,0.405695771,0.517395095
2021/4/8 21:00,0.504601167,0.434791301,0.60022602,0.399984697,0.516148536
2021/4/8 22:00,0.505072202,0.436544142,0.581052875,0.399976087,0.508940242
2021/4/8 23:00,0.504489026,0.442610257,0.588718912,0.421223022,0.510673815
2021/4/9 0:00,0.503852997,0.438135862,0.562767446,0.400703927,0.50542418
2021/4/9 1:00,0.504032123,0.411425065,0.610864718,0.422602895,0.515557399
2021/4/9 2:00,0.50312102,0.396663843,0.637245153,0.429867011,0.518152467
2021/4/9 3:00,0.502839108,0.38741571,0.637353361,0.430521605,0.516860377
2021/4/9 4:00,0.503046983,0.384304142,0.653034232,0.440976452,0.520156261
2021/4/9 5:00,0.503205153,0.382956483,0.658775027,0.446812752,0.521472628
2021/4/9 6:00,0.504095627,0.397647361,0.664176878,0.450855896,0.521932166
2021/4/9 7:00,0.503534492,0.413554564,0.668373253,0.457368518,0.523012756
2021/4/9 8:00,0.502017556,0.429521053,0.642552124,0.451739815,0.513811642
2021/4/9 9:00,0.506468551,0.450795641,0.59722466,0.455262436,0.510664602
2021/4/9 10:00,0.513003723,0.455447305,0.585329494,0.45274957,0.510787577
2021/4/9 11:00,0.517206829,0.453245708,0.588349985,0.450801473,0.511702936
2021/4/9 12:00,0.509946104,0.453227627,0.609684699,0.461196709,0.514283133
2021/4/9 13:00,0.505316108,0.447047324,0.594652651,0.428787688,0.50713786
2021/4/9 14:00,0.502939485,0.435860182,0.593653813,0.413436593,0.5042291
2021/4/9 15:00,0.502967023,0.432595993,0.597499075,0.406125024,0.50623673
2021/4/9 16:00,0.502506464,0.434034983,0.567758188,0.397105755,0.500331158
2021/4/9 17:00,0.502253435,0.432153562,0.565369039,0.3976725,0.500785624
2021/4/9 18:00,0.504450397,0.434173381,0.555760871,0.363302704,0.499603688
2021/4/9 19:00,0.50402055,0.428400729,0.543777071,0.353459895,0.495130271
2021/4/9 20:00,0.502029495,0.418586147,0.534710857,0.345268517,0.488950611
2021/4/9 21:00,0.50165537,0.415894077,0.526823465,0.349579183,0.486161294
2021/4/9 22:00,0.502338406,0.404267764,0.591513894,0.38436091,0.504827514
2021/4/9 23:00,0.501646791,0.409248785,0.598390366,0.392740426,0.506841621
2021/4/10 0:00,0.501012908,0.403498386,0.60713133,0.410373526,0.508342956
2021/4/10 1:00,0.500732149,0.388985437,0.615634946,0.440666553,0.508717101
2021/4/10 2:00,0.499670797,0.369175877,0.656626511,0.458067332,0.515400371
2021/4/10 3:00,0.497704524,0.355142612,0.655811982,0.456984088,0.515960067
2021/4/10 4:00,0.492565519,0.356756593,0.648988995,0.452175011,0.509880619
2021/4/10 5:00,0.492606619,0.351450723,0.644405791,0.454715969,0.507843145
2021/4/10 6:00,0.493084862,0.35663175,0.649530442,0.460802586,0.508410621
2021/4/10 7:00,0.489445179,0.365341271,0.650300539,0.460866746,0.508037066
2021/4/10 8:00,0.484733412,0.391340955,0.635022331,0.453663711,0.50590692
2021/4/10 9:00,0.484313744,0.417509441,0.632575308,0.460931451,0.50796161
2021/4/10 10:00,0.4847963,0.445521296,0.626151091,0.463813907,0.510055441
2021/4/10 11:00,0.484836886,0.447842225,0.617343726,0.461786235,0.507660289
2021/4/10 12:00,0.488583293,0.439447172,0.616099406,0.438933193,0.50917275
2021/4/10 13:00,0.497834633,0.44429843,0.622438019,0.444900767,0.515275594
2021/4/10 14:00,0.500631495,0.448655086,0.611025572,0.445082152,0.514194077
2021/4/10 15:00,0.50028018,0.44724455,0.598197012,0.444615022,0.511128085
2021/4/10 16:00,0.499055796,0.432571024,0.591368039,0.400490424,0.506622065
2021/4/10 17:00,0.499533169,0.430408838,0.616380413,0.409307462,0.517815211
2021/4/10 18:00,0.500587024,0.423290144,0.597409329,0.404789981,0.511741754
2021/4/10 19:00,0.501624379,0.423306569,0.59309115,0.399953096,0.509916866
2021/4/10 20:00,0.499902273,0.420175679,0.579926649,0.390370272,0.505119873
2021/4/10 21:00,0.498800881,0.416699115,0.575079072,0.385779827,0.503024622
2021/4/10 22:00,0.498333321,0.421426136,0.569624351,0.390469087,0.500613633
2021/4/10 23:00,0.499343382,0.421885566,0.618012239,0.405066716,0.51303161
2021/4/11 0:00,0.498649668,0.411983167,0.635128734,0.457174909,0.513053246
2021/4/11 1:00,0.50016148,0.413368634,0.674033843,0.473089191,0.518531441
2021/4/11 2:00,0.49875588,0.390540284,0.667992001,0.480028342,0.517557781
2021/4/11 3:00,0.499274321,0.366179194,0.667802743,0.48308224,0.51961914
2021/4/11 4:00,0.499437435,0.365743308,0.672422178,0.485629979,0.521476938
2021/4/11 5:00,0.499524749,0.372529294,0.675635525,0.490281957,0.524180947
2021/4/11 6:00,0.500132174,0.387124199,0.672791603,0.479618432,0.52496183
2021/4/11 7:00,0.498950509,0.397664029,0.653384934,0.464861314,0.520001241
2021/4/11 8:00,0.499543073,0.400004246,0.619008924,0.447662296,0.513612486
2021/4/11 9:00,0.500385858,0.413524193,0.596964942,0.431137794,0.50940062
2021/4/11 10:00,0.501537884,0.425357337,0.573550287,0.428130719,0.50294447
2021/4/11 11:00,0.503345811,0.430717453,0.568059283,0.424848967,0.502330997
2021/4/11 12:00,0.506797632,0.433961096,0.628624975,0.483078235,0.523391589
2021/4/11 13:00,0.507225333,0.439241318,0.645927578,0.473803841,0.532109071
2021/4/11 14:00,0.505347651,0.432963212,0.653536997,0.475762645,0.533543923
2021/4/11 15:00,0.505592259,0.406662493,0.648055444,0.468844088,0.526864591
2021/4/11 16:00,0.505160217,0.418558351,0.606358203,0.405445152,0.514105094
2021/4/11 17:00,0.507807452,0.436170194,0.597195858,0.398537801,0.513401315
2021/4/11 18:00,0.505184694,0.446405126,0.573070984,0.396663451,0.506613675
2021/4/11 19:00,0.505070269,0.443463984,0.588175375,0.408224871,0.510434251
2021/4/11 20:00,0.506879317,0.43513417,0.58028798,0.403744702,0.505969117
2021/4/11 21:00,0.506541781,0.437591435,0.574025322,0.396397969,0.503686322
2021/4/11 22:00,0.504083134,0.437542205,0.582176341,0.425379472,0.505524749
2021/4/11 23:00,0.501781981,0.434428314,0.585231795,0.421371246,0.503166429
2021/4/12 0:00,0.501507299,0.418370876,0.62298687,0.458465324,0.51586429
2021/4/12 1:00,0.502616666,0.389142303,0.654945344,0.477944098,0.523664618
2021/4/12 2:00,0.501784745,0.374738606,0.645146642,0.470770994,0.519959172
2021/4/12 3:00,0.502820668,0.373737511,0.636122874,0.465015449,0.516654075
2021/4/12 4:00,0.502494117,0.375734646,0.647921172,0.471281642,0.51907811
2021/4/12 5:00,0.501959103,0.381288131,0.648676529,0.476123707,0.518967062
2021/4/12 6:00,0.502382494,0.401137194,0.64695574,0.482099563,0.519494389
2021/4/12 7:00,0.501777963,0.403203844,0.671464444,0.500063552,0.528570469
2021/4/12 8:00,0.502753732,0.417975032,0.661208191,0.499357949,0.530773246
2021/4/12 9:00,0.50148027,0.437729598,0.647676679,0.508373174,0.530525934
2021/4/12 10:00,0.50172565,0.444534806,0.646272656,0.51379856,0.532782463
2021/4/12 11:00,0.501182302,0.450960995,0.663863013,0.513847352,0.540426594
2021/4/12 12:00,0.50142435,0.455697941,0.687046663,0.527354611,0.550568616
2021/4/12 13:00,0.501414182,0.463835847,0.673006392,0.520481883,0.545094153
2021/4/12 14:00,0.505941091,0.466035459,0.662599784,0.508704104,0.543306602
2021/4/12 15:00,0.506461411,0.468925256,0.661734726,0.512013752,0.542164548
2021/4/12 16:00,0.51228268,0.466881894,0.611442287,0.466507213,0.528503236
2021/4/12 17:00,0.514700001,0.464933889,0.594570242,0.446032303,0.522742585
2021/4/12 18:00,0.511071627,0.460464584,0.567977007,0.390515899,0.509988979
2021/4/12 19:00,0.513134149,0.461773698,0.583708729,0.397964089,0.516389282
2021/4/12 20:00,0.506290544,0.435173264,0.585267302,0.395213269,0.508337399
2021/4/12 21:00,0.505096028,0.424743822,0.577747511,0.385288662,0.504193471
2021/4/12 22:00,0.505805844,0.439722532,0.574400303,0.381788353,0.504678447
2021/4/12 23:00,0.50204902,0.433958553,0.562741495,0.386436952,0.496287794
2021/4/13 0:00,0.500307691,0.417448281,0.601202683,0.436338079,0.504246828
2021/4/13 1:00,0.500218325,0.394684925,0.627445866,0.454883684,0.507798672
2021/4/13 2:00,0.499955484,0.379498681,0.643682956,0.462933862,0.511687648
2021/4/13 3:00,0.499969115,0.372163656,0.650339095,0.464593669,0.512532789
2021/4/13 4:00,0.500194019,0.368900586,0.655622979,0.466847792,0.513564206
2021/4/13 5:00,0.499744205,0.377049909,0.657065332,0.469860225,0.513531898
2021/4/13 6:00,0.500416682,0.393964501,0.650467782,0.472783828,0.513651918
2021/4/13 7:00,0.500488263,0.408703639,0.655762709,0.492120782,0.518725282
2021/4/13 8:00,0.501635192,0.433950642,0.641057681,0.49258091,0.520278365
2021/4/13 9:00,0.501564641,0.448980238,0.64149024,0.496212057,0.526255199
2021/4/13 10:00,0.501833736,0.460932655,0.656619911,0.50836074,0.534580437
2021/4/13 11:00,0.500330991,0.466698829,0.658327058,0.517858708,0.535031831
2021/4/13 12:00,0.500399294,0.45785848,0.681570007,0.528989581,0.542553419
2021/4/13 13:00,0.502855518,0.464508473,0.663701717,0.508179248,0.537540808
2021/4/13 14:00,0.506483398,0.467214486,0.660600305,0.501940769,0.537485593
2021/4/13 15:00,0.506526825,0.467328955,0.64389487,0.483374502,0.532173132
2021/4/13 16:00,0.50469584,0.461579032,0.59242917,0.436376402,0.515957446
2021/4/13 17:00,0.51099674,0.460289353,0.580635051,0.411558354,0.514324618
2021/4/13 18:00,0.513101379,0.457073909,0.554942183,0.391033464,0.506889689
2021/4/13 19:00,0.512361438,0.455518211,0.568837858,0.400428371,0.510866399
2021/4/13 20:00,0.507238415,0.44017192,0.579894047,0.402151173,0.508206083
2021/4/13 21:00,0.505151556,0.417429014,0.60480664,0.407354479,0.509977397
2021/4/13 22:00,0.505437708,0.420422022,0.668806634,0.427461369,0.526357793
2021/4/13 23:00,0.502214153,0.414624131,0.671104106,0.415446405,0.523875989
2021/4/14 0:00,0.501395137,0.410183891,0.678923609,0.410089205,0.521192524
2021/4/14 1:00,0.50021392,0.3833362,0.693789903,0.416103758,0.520837269
2021/4/14 2:00,0.500158471,0.372706525,0.685411359,0.410967273,0.520151429
2021/4/14 3:00,0.500402388,0.369058454,0.682809354,0.48281155,0.522533815
2021/4/14 4:00,0.501392175,0.370469186,0.68580361,0.516349641,0.523684953
2021/4/14 5:00,0.501752728,0.376455359,0.685697446,0.517483606,0.524075865
2021/4/14 6:00,0.501391587,0.39045526,0.685036695,0.517061978,0.523397821
2021/4/14 7:00,0.502988139,0.403043497,0.689566124,0.522057403,0.52474138
2021/4/14 8:00,0.501279997,0.425329645,0.672017213,0.517136775,0.524618485
2021/4/14 9:00,0.501475414,0.436411373,0.673391502,0.487790714,0.529554689
2021/4/14 10:00,0.502307026,0.435531658,0.666210569,0.503581871,0.530251829
2021/4/14 11:00,0.501837287,0.440093869,0.657850517,0.525978994,0.53063842
2021/4/14 12:00,0.50226674,0.43920609,0.686159495,0.549666916,0.541879131
2021/4/14 13:00,0.502029732,0.445202609,0.667931954,0.534728862,0.535415822
2021/4/14 14:00,0.501149024,0.442421378,0.66045175,0.529838808,0.530569731
2021/4/14 15:00,0.503877913,0.43936256,0.655018753,0.524333523,0.529026244
2021/4/14 16:00,0.506701169,0.443779085,0.638059079,0.49193051,0.526332301
2021/4/14 17:00,0.506822913,0.452510237,0.627388992,0.47538808,0.524822822
2021/4/14 18:00,0.505169585,0.439468781,0.59287451,0.415336258,0.510980022
2021/4/14 19:00,0.505796498,0.430449571,0.586782289,0.398746417,0.507439644
2021/4/14 20:00,0.506926212,0.419657969,0.599042075,0.398762911,0.509990014
2021/4/14 21:00,0.505787885,0.405508298,0.582505685,0.381993844,0.499317736
2021/4/14 22:00,0.502534016,0.409569548,0.61034528,0.383572336,0.505161542
2021/4/14 23:00,0.502302647,0.406958047,0.61136695,0.380016766,0.506044635
2021/4/15 0:00,0.504005857,0.40941621,0.632090922,0.428136291,0.513755755
2021/4/15 1:00,0.504727156,0.390386149,0.638908583,0.465491077,0.517723804
2021/4/15 2:00,0.503945572,0.374026723,0.66422185,0.497715785,0.521697453
2021/4/15 3:00,0.503386086,0.374446683,0.652073846,0.489838021,0.518011085
2021/4/15 4:00,0.503910241,0.367849843,0.663744802,0.497062852,0.520903794
2021/4/15 5:00,0.504487301,0.371774108,0.675575189,0.508824374,0.525629203
2021/4/15 6:00,0.505493361,0.401459748,0.694655673,0.524860793,0.535630083
2021/4/15 7:00,0.506845689,0.421845041,0.688492072,0.522771947,0.539458891
2021/4/15 8:00,0.507800746,0.430501287,0.664551368,0.507356276,0.528921937
2021/4/15 9:00,0.507783741,0.448383213,0.612365813,0.470730092,0.516146405
2021/4/15 10:00,0.509173399,0.453011134,0.6129069,0.467497612,0.518867205
2021/4/15 11:00,0.508793531,0.462415499,0.629168527,0.486752089,0.524791424
2021/4/15 12:00,0.507860619,0.456700775,0.654114702,0.513131488,0.534273772
2021/4/15 13:00,0.507968931,0.454488308,0.634105933,0.493077435,0.52594516
2021/4/15 14:00,0.508250232,0.44617508,0.633508161,0.490182173,0.523320551
2021/4/15 15:00,0.508341726,0.440476492,0.622317893,0.47149042,0.518445823
2021/4/15 16:00,0.510085867,0.441451912,0.603945339,0.446022736,0.517181518
2021/4/15 17:00,0.510896641,0.45219994,0.612507873,0.459885034,0.524865816
2021/4/15 18:00,0.50989114,0.448469175,0.577930874,0.426463383,0.512778523
2021/4/15 19:00,0.510269785,0.435004482,0.556993017,0.379085337,0.501743349
2021/4/15 20:00,0.507584453,0.421075386,0.548305106,0.370179442,0.493899085
2021/4/15 21:00,0.505980861,0.40792137,0.573437016,0.376224694,0.498470446
2021/4/15 22:00,0.504190292,0.411368125,0.649930303,0.402304952,0.514674449
2021/4/15 23:00,0.502865031,0.411443572,0.640944545,0.390113098,0.513020535
2021/4/16 0:00,0.504618058,0.386101907,0.624768759,0.414473619,0.511252585
2021/4/16 1:00,0.504719325,0.364768252,0.659831181,0.450053503,0.520359064
2021/4/16 2:00,0.505176867,0.361597194,0.68989803,0.488348636,0.528318495
2021/4/16 3:00,0.505565675,0.349984495,0.682087485,0.505145502,0.530340865
2021/4/16 4:00,0.506901743,0.333533118,0.685096236,0.509112531,0.531963622
2021/4/16 5:00,0.506940558,0.338326932,0.685434182,0.512494721,0.531905808
2021/4/16 6:00,0.507119569,0.375690433,0.667866331,0.50874375,0.528844884
2021/4/16 7:00,0.508445381,0.403178069,0.663154403,0.507472837,0.527161682
2021/4/16 8:00,0.505887629,0.435342732,0.632844971,0.420656092,0.515196068
2021/4/16 9:00,0.505316211,0.451215726,0.643034884,0.460669832,0.524226577
2021/4/16 10:00,0.505269185,0.458450345,0.65206098,0.514766156,0.530578466
2021/4/16 11:00,0.505065488,0.46331356,0.652750043,0.529086786,0.532386287
2021/4/16 12:00,0.505536383,0.461505508,0.651600837,0.529949389,0.534454474
2021/4/16 13:00,0.506200058,0.458790726,0.661904376,0.53778377,0.534397504
2021/4/16 14:00,0.505556642,0.446574187,0.656454323,0.529474284,0.528404792
2021/4/16 15:00,0.507497069,0.445778459,0.638311621,0.49869856,0.527282002
2021/4/16 16:00,0.50915663,0.435956012,0.610954219,0.455028178,0.517569857
2021/4/16 17:00,0.509881904,0.433367438,0.595291333,0.46237757,0.514166803
2021/4/16 18:00,0.510553777,0.432937581,0.560327649,0.395208658,0.503376193
2021/4/16 19:00,0.510411634,0.433312968,0.550303795,0.393008139,0.500183461
2021/4/16 20:00,0.510571573,0.427234703,0.547518333,0.387451502,0.498118817
2021/4/16 21:00,0.50846792,0.417202499,0.549807047,0.391368063,0.497363152
2021/4/16 22:00,0.506596005,0.411773023,0.598602701,0.440718682,0.511183983
2021/4/16 23:00,0.506865489,0.418102588,0.627516458,0.450944431,0.519167601
2021/4/17 0:00,0.507146218,0.413686679,0.646457275,0.472614236,0.526237489
2021/4/17 1:00,0.509197308,0.388537514,0.692257169,0.499486473,0.536756766
2021/4/17 2:00,0.512444276,0.369806985,0.691078859,0.51709817,0.537175634
2021/4/17 3:00,0.513608565,0.355517866,0.686987015,0.516671447,0.538403333
2021/4/17 4:00,0.514735175,0.35089352,0.690024834,0.51894769,0.539729756
2021/4/17 5:00,0.514135954,0.353668036,0.68765228,0.518409566,0.538545777
2021/4/17 6:00,0.514095766,0.357536871,0.688604658,0.51670471,0.535576812
2021/4/17 7:00,0.513453791,0.382994324,0.68318772,0.508261878,0.534714558
2021/4/17 8:00,0.513990168,0.405252613,0.680978755,0.500013541,0.535773223
2021/4/17 9:00,0.513940156,0.42242822,0.674881114,0.510344609,0.537914586
2021/4/17 10:00,0.503815137,0.427444671,0.628606293,0.473188281,0.518624415
2021/4/17 11:00,0.506148322,0.433225962,0.66026622,0.513520596,0.530945189
2021/4/17 12:00,0.502435288,0.429344971,0.657170732,0.514079047,0.5286394
2021/4/17 13:00,0.497906205,0.425985002,0.659649068,0.492628299,0.523506224
2021/4/17 14:00,0.498554861,0.419668078,0.668130605,0.482815549,0.528475167
2021/4/17 15:00,0.501637561,0.412231944,0.644225415,0.463788068,0.522832628
2021/4/17 16:00,0.498882167,0.414460506,0.63688573,0.458669578,0.51693596
2021/4/17 17:00,0.512533524,0.416725743,0.62177526,0.457622263,0.520681745
2021/4/17 18:00,0.511542631,0.423438669,0.597885585,0.396518423,0.513538004
2021/4/17 19:00,0.512495951,0.41983466,0.593047649,0.393623835,0.512390926
2021/4/17 20:00,0.511933334,0.415729054,0.590741548,0.390177188,0.511089937
2021/4/17 21:00,0.511482446,0.409600549,0.583315589,0.385855767,0.504957092
2021/4/17 22:00,0.508159548,0.416970939,0.624706102,0.406323794,0.508859533
2021/4/17 23:00,0.505253372,0.417896546,0.634400854,0.468758495,0.511352281
2021/4/18 0:00,0.505894343,0.396257688,0.715171312,0.518296365,0.526515972
2021/4/18 1:00,0.504402807,0.382852535,0.735521129,0.517924373,0.528944481
2021/4/18 2:00,0.505059904,0.366959253,0.723690318,0.511402062,0.52959569
2021/4/18 3:00,0.507114145,0.349060922,0.727369593,0.516500211,0.532112132
2021/4/18 4:00,0.505325904,0.361654179,0.721814115,0.512606323,0.531406392
2021/4/18 5:00,0.505029365,0.369794768,0.729657367,0.510359983,0.53633104
2021/4/18 6:00,0.506546341,0.36951824,0.745850704,0.497327559,0.543140858
2021/4/18 7:00,0.507592673,0.379962935,0.736701449,0.496146333,0.539940735
2021/4/18 8:00,0.507056835,0.384496822,0.683453928,0.422365049,0.529140563
2021/4/18 9:00,0.508046242,0.403875115,0.667699027,0.430487347,0.528836208
2021/4/18 10:00,0.508111166,0.415197925,0.672951043,0.451691832,0.531895919
2021/4/18 11:00,0.50854169,0.421174977,0.67946374,0.444080653,0.533444087
2021/4/18 12:00,0.509414834,0.421667372,0.703351088,0.513617751,0.542827955
2021/4/18 13:00,0.510261678,0.42955269,0.670015799,0.484951567,0.538371017
2021/4/18 14:00,0.510597662,0.414949648,0.665691998,0.508436042,0.536171996
2021/4/18 15:00,0.509867467,0.415681059,0.64594388,0.471633307,0.528965907
2021/4/18 16:00,0.5097122,0.441639165,0.617073889,0.440977342,0.523084706
2021/4/18 17:00,0.50942379,0.45355231,0.613939738,0.441420215,0.521255733
2021/4/18 18:00,0.508963566,0.458242137,0.58607175,0.399700088,0.513259152
2021/4/18 19:00,0.510167787,0.454394832,0.60570184,0.396452114,0.51712075
2021/4/18 20:00,0.511038092,0.434595227,0.630664965,0.411444409,0.519470419
2021/4/18 21:00,0.509375296,0.434309423,0.645375983,0.413689611,0.523697814
2021/4/18 22:00,0.509004037,0.4262734,0.684032069,0.422817364,0.532202756
2021/4/18 23:00,0.507226449,0.408278067,0.700024125,0.423146569,0.530115787
2021/4/19 0:00,0.506598687,0.399171649,0.757706782,0.493299317,0.543487122
2021/4/19 1:00,0.506728538,0.374645776,0.734492351,0.481479982,0.54065026
2021/4/19 2:00,0.504843185,0.369656826,0.698280945,0.507495568,0.531066569
2021/4/19 3:00,0.505751627,0.347044595,0.693794686,0.517728523,0.531716179
2021/4/19 4:00,0.505582469,0.358278117,0.691498865,0.517892665,0.532682815
2021/4/19 5:00,0.505613886,0.372635133,0.688840789,0.521939801,0.531942237
2021/4/19 6:00,0.505475261,0.392178388,0.68048151,0.521380933,0.530199515
2021/4/19 7:00,0.507118163,0.39514139,0.685304559,0.527146842,0.534751047
2021/4/19 8:00,0.504542004,0.405295339,0.697476418,0.535701797,0.541920172
2021/4/19 9:00,0.4999308,0.432116676,0.659604505,0.518187574,0.532354074
2021/4/19 10:00,0.501939428,0.440991217,0.642797862,0.497136027,0.529762883
2021/4/19 11:00,0.500781991,0.445061163,0.634693009,0.47308705,0.527599137
2021/4/19 12:00,0.50109964,0.439136284,0.688881657,0.539261786,0.541855524
2021/4/19 13:00,0.501134851,0.447090481,0.675492257,0.530414428,0.539109997
2021/4/19 14:00,0.501356734,0.442453067,0.665986833,0.497637832,0.533264897
2021/4/19 15:00,0.502519164,0.440305504,0.655139331,0.497110267,0.528969403
2021/4/19 16:00,0.501963672,0.448067492,0.620671451,0.43371117,0.520010367
2021/4/19 17:00,0.503519893,0.449875397,0.634251497,0.428288009,0.523453237
2021/4/19 18:00,0.49992138,0.448566964,0.596186378,0.396229554,0.511369055
2021/4/19 19:00,0.500427618,0.439144524,0.577727868,0.386589428,0.504002339
2021/4/19 20:00,0.501599816,0.436961438,0.600447662,0.402640114,0.509627179
2021/4/19 21:00,0.500642743,0.434771811,0.63728247,0.409883286,0.518526457
2021/4/19 22:00,0.501399763,0.444470645,0.654033584,0.430994492,0.523048129
2021/4/19 23:00,0.5028123,0.438905789,0.680451307,0.502041434,0.532869998
2021/4/20 0:00,0.49828781,0.419699033,0.72157081,0.51919297,0.541816337
2021/4/20 1:00,0.495892151,0.407082706,0.721813819,0.511864344,0.541995862
2021/4/20 2:00,0.495487875,0.386712255,0.718873813,0.50735723,0.541326048
2021/4/20 3:00,0.495694529,0.387338409,0.703243551,0.503039901,0.534807494
2021/4/20 4:00,0.495895813,0.376228466,0.711177615,0.522257128,0.536161756
2021/4/20 5:00,0.495202526,0.382047339,0.710411082,0.525370065,0.535664119
2021/4/20 6:00,0.495893816,0.401672281,0.714275011,0.525679023,0.540005396
2021/4/20 7:00,0.497491044,0.405736103,0.707615391,0.524518274,0.539432235
2021/4/20 8:00,0.497741096,0.417804662,0.694921424,0.519075185,0.534350872
2021/4/20 9:00,0.500521496,0.446056117,0.642694669,0.499084993,0.525600265
2021/4/20 10:00,0.50099965,0.455780897,0.62439683,0.489233135,0.522777587
2021/4/20 11:00,0.497784302,0.461366579,0.629290774,0.477215074,0.523532132
2021/4/20 12:00,0.497231589,0.461584713,0.666670199,0.510672196,0.536880038
2021/4/20 13:00,0.496195876,0.461560188,0.6564012,0.499560532,0.533638211
2021/4/20 14:00,0.497400605,0.463382502,0.637545471,0.488929368,0.528185317
2021/4/20 15:00,0.499983498,0.464138938,0.648915298,0.479498232,0.53409032
2021/4/20 16:00,0.505109123,0.470971625,0.606425179,0.43662261,0.52543849
2021/4/20 17:00,0.511291699,0.4854296,0.585713542,0.406910213,0.524397194
2021/4/20 18:00,0.510311318,0.484134603,0.554229091,0.395424621,0.513892871
2021/4/20 19:00,0.51050188,0.48365558,0.573160619,0.40535827,0.520199969
2021/4/20 20:00,0.511232289,0.477968161,0.613729381,0.425289169,0.53173812
2021/4/20 21:00,0.502954665,0.4463822,0.680264232,0.500298412,0.537509561
2021/4/20 22:00,0.502091406,0.444835397,0.670494009,0.480566073,0.533167759
2021/4/20 23:00,0.502345725,0.445757104,0.672613077,0.45472934,0.532416844
2021/4/21 0:00,0.501384307,0.439861327,0.71435389,0.480225,0.541227092
2021/4/21 1:00,0.501411495,0.422237242,0.719616837,0.487614379,0.544710021
2021/4/21 2:00,0.500885009,0.407499702,0.71887908,0.503256125,0.546711556
2021/4/21 3:00,0.497211122,0.396959414,0.719386385,0.519693814,0.543788407
2021/4/21 4:00,0.495865871,0.396532274,0.718012615,0.52011442,0.54495371
2021/4/21 5:00,0.496985491,0.404713415,0.718132129,0.520279962,0.54447645
2021/4/21 6:00,0.497175278,0.416541335,0.717136996,0.523239207,0.543863182
2021/4/21 7:00,0.500796379,0.419361102,0.716788199,0.523557424,0.544530771
2021/4/21 8:00,0.502671672,0.442505978,0.712465376,0.530160351,0.54106745
2021/4/21 9:00,0.502940705,0.465717996,0.688583734,0.534529924,0.540259614
2021/4/21 10:00,0.501280952,0.463621951,0.678942115,0.530519258,0.536195768
2021/4/21 11:00,0.496736386,0.466380608,0.618364838,0.495133077,0.518459715
2021/4/21 12:00,0.49550204,0.470719907,0.665594416,0.511353661,0.534321193
2021/4/21 13:00,0.49628571,0.475219135,0.658688761,0.506074418,0.536703322
2021/4/21 14:00,0.495948949,0.464275031,0.630479911,0.491932392,0.529325261
2021/4/21 15:00,0.497349958,0.466826627,0.606117181,0.471394026,0.523264894
2021/4/21 16:00,0.502695241,0.48119569,0.574016072,0.430076447,0.517502339
2021/4/21 17:00,0.497637043,0.478969417,0.584583472,0.408612624,0.516253454
2021/4/21 18:00,0.50377319,0.476345771,0.54678816,0.393559927,0.505982083
2021/4/21 19:00,0.506162847,0.475546012,0.55558906,0.392624804,0.50948888
2021/4/21 20:00,0.51185136,0.48000633,0.589788872,0.40966137,0.523682464
2021/4/21 21:00,0.511907261,0.468439741,0.660885061,0.440216248,0.539795888
2021/4/21 22:00,0.511688376,0.455635294,0.662788272,0.450729495,0.537065216
2021/4/21 23:00,0.512546916,0.445031215,0.69706718,0.480983606,0.546659457
2021/4/22 0:00,0.513094107,0.426200986,0.705894028,0.483133357,0.547061737
2021/4/22 1:00,0.513021901,0.409478021,0.718321718,0.538274071,0.552980285
2021/4/22 2:00,0.512090298,0.402770719,0.706154223,0.527894793,0.549530681
2021/4/22 3:00,0.512822557,0.409019889,0.706618711,0.528339215,0.550592587
2021/4/22 4:00,0.513186434,0.408738437,0.708386373,0.538988252,0.551633176
2021/4/22 5:00,0.512704916,0.410253175,0.704643413,0.544450049,0.550148859
2021/4/22 6:00,0.512129421,0.423767746,0.694995556,0.544682132,0.549285223
2021/4/22 7:00,0.515003927,0.438041731,0.6930764,0.547655499,0.551451119
2021/4/22 8:00,0.514986145,0.467359577,0.676315292,0.539369123,0.54434654
2021/4/22 9:00,0.51440275,0.480954215,0.651095434,0.532687058,0.539585771
2021/4/22 10:00,0.511927204,0.47963057,0.641597196,0.527063234,0.537205633
2021/4/22 11:00,0.512379491,0.484325695,0.639291415,0.525472637,0.539397891
2021/4/22 12:00,0.513304709,0.490592486,0.676288728,0.554776335,0.555642822
2021/4/22 13:00,0.511756604,0.499673659,0.653813194,0.538883567,0.551140163
2021/4/22 14:00,0.511805986,0.50084899,0.628047628,0.519069128,0.542457741
2021/4/22 15:00,0.510104521,0.496790433,0.599827934,0.459566106,0.531675981
2021/4/22 16:00,0.506735982,0.483716446,0.551684206,0.386568128,0.510352916
2021/4/22 17:00,0.505051063,0.480796114,0.568798107,0.406033411,0.514642977
2021/4/22 18:00,0.505291427,0.476688349,0.536045241,0.368635679,0.502558053
2021/4/22 19:00,0.504905158,0.47623735,0.553225587,0.376086072,0.508240793
2021/4/22 20:00,0.506064884,0.47443083,0.58825575,0.409134789,0.520009239
2021/4/22 21:00,0.5096506,0.46426247,0.608285665,0.450443136,0.525599284
2021/4/22 22:00,0.511419173,0.445824658,0.654330426,0.483019208,0.53657811
2021/4/22 23:00,0.512600359,0.44938784,0.693268947,0.512171524,0.547742656
2021/4/23 0:00,0.512812509,0.431137917,0.736471247,0.542931259,0.559261667
2021/4/23 1:00,0.511862231,0.409025284,0.742291478,0.558933073,0.562549788
2021/4/23 2:00,0.513581839,0.392897814,0.742695715,0.557812452,0.564918196
2021/4/23 3:00,0.512645436,0.386854619,0.732334734,0.550219557,0.557436777
2021/4/23 4:00,0.511566019,0.380507142,0.72190748,0.544177634,0.552511092
2021/4/23 5:00,0.509883641,0.381002548,0.723128857,0.545709617,0.550498763
2021/4/23 6:00,0.509625422,0.409458079,0.720197656,0.548609716,0.551818138
2021/4/23 7:00,0.510055143,0.42731625,0.724363371,0.55255836,0.55458456
2021/4/23 8:00,0.509034007,0.455133134,0.73540399,0.551809394,0.551860375
2021/4/23 9:00,0.505388691,0.477440054,0.703490738,0.546623231,0.551627836
2021/4/23 10:00,0.500058215,0.487743641,0.710741755,0.522249027,0.555042181
2021/4/23 11:00,0.4955639,0.491545882,0.701206551,0.522644259,0.551263583
2021/4/23 12:00,0.497722016,0.491154871,0.714602353,0.549526347,0.55734661
2021/4/23 13:00,0.499427146,0.476128944,0.706767786,0.543874558,0.5528013
2021/4/23 14:00,0.502581852,0.478427599,0.726475993,0.556741278,0.555329921
2021/4/23 15:00,0.50059437,0.482033763,0.724398322,0.551654442,0.552268548
2021/4/23 16:00,0.500713222,0.477917248,0.704151274,0.539886096,0.54684242
2021/4/23 17:00,0.499793123,0.473018326,0.658290985,0.461378596,0.532910522
2021/4/23 18:00,0.497978237,0.468052658,0.620636569,0.425702683,0.520836909
2021/4/23 19:00,0.49925093,0.459451449,0.614066944,0.407385007,0.517711197
2021/4/23 20:00,0.499112207,0.445017174,0.62740596,0.40810901,0.516749124
2021/4/23 21:00,0.500300547,0.443394332,0.695660559,0.441509118,0.530713631
2021/4/23 22:00,0.505144776,0.440851564,0.710235644,0.446306117,0.534996603
2021/4/23 23:00,0.506250798,0.448538793,0.73453853,0.487730016,0.541422171
2021/4/24 0:00,0.506296606,0.445211765,0.805872429,0.511108598,0.555140037
2021/4/24 1:00,0.507563056,0.422536748,0.824348991,0.573725505,0.561529835
2021/4/24 2:00,0.508410648,0.412622986,0.799191968,0.561729147,0.555239498
2021/4/24 3:00,0.509477017,0.405420242,0.801502547,0.561851074,0.555691697
2021/4/24 4:00,0.509273331,0.406676704,0.796049419,0.561007428,0.5559397
2021/4/24 5:00,0.509223574,0.400546912,0.793692817,0.568411216,0.555866637
2021/4/24 6:00,0.509820687,0.41022538,0.779775451,0.565672654,0.551424999
2021/4/24 7:00,0.508809788,0.428726606,0.750913198,0.559415811,0.549540397
2021/4/24 8:00,0.498468869,0.441837395,0.721416515,0.545612037,0.537012351
2021/4/24 9:00,0.508116034,0.460976314,0.702290242,0.545438901,0.539836616
2021/4/24 10:00,0.508526526,0.470122941,0.692720728,0.550698842,0.538559387
2021/4/24 11:00,0.510175417,0.482939628,0.716990794,0.569008393,0.55140131
2021/4/24 12:00,0.511670359,0.484625665,0.731300026,0.579325985,0.558338236
2021/4/24 13:00,0.511042532,0.483581557,0.735835748,0.582626236,0.557595595
2021/4/24 14:00,0.511085519,0.485255763,0.713112798,0.576456354,0.555148364
2021/4/24 15:00,0.511562511,0.459819846,0.712814235,0.543563453,0.549706178
2021/4/24 16:00,0.509420998,0.461281208,0.684150285,0.527448806,0.543736304
2021/4/24 17:00,0.51110655,0.471753243,0.664358792,0.515325151,0.539984382
2021/4/24 18:00,0.511726851,0.484844156,0.630666413,0.409739895,0.531685989
2021/4/24 19:00,0.511894592,0.491275335,0.624840815,0.40227709,0.532241995
2021/4/24 20:00,0.511672123,0.478371887,0.627326179,0.404721109,0.530070251
2021/4/24 21:00,0.51199765,0.462610778,0.639046802,0.452879526,0.531301116
2021/4/24 22:00,0.510517987,0.460797928,0.67227939,0.526921951,0.539046081
2021/4/24 23:00,0.508682757,0.451608986,0.694674007,0.540621704,0.54392874
2021/4/25 0:00,0.509405929,0.426179176,0.715055242,0.547109099,0.54762505
2021/4/25 1:00,0.507921815,0.40521949,0.742957227,0.558848291,0.553757735
2021/4/25 2:00,0.50912315,0.388017051,0.751657405,0.560825085,0.555473476
2021/4/25 3:00,0.510916259,0.376561824,0.753079195,0.559818185,0.5577692
2021/4/25 4:00,0.512406222,0.369518373,0.759617977,0.562965447,0.558590337
2021/4/25 5:00,0.511735981,0.377692439,0.752050409,0.560100118,0.553663725
2021/4/25 6:00,0.512399444,0.386886383,0.748345838,0.558261065,0.555369131
2021/4/25 7:00,0.511782271,0.407784591,0.715273872,0.539417613,0.548463133
2021/4/25 8:00,0.510199647,0.413932494,0.675274656,0.520071526,0.537725088
2021/4/25 9:00,0.512169101,0.420384156,0.68882605,0.531145382,0.544405112
2021/4/25 10:00,0.512660379,0.439450441,0.677130372,0.528290299,0.539917466
2021/4/25 11:00,0.512253996,0.46255513,0.657787406,0.517132184,0.538871081
2021/4/25 12:00,0.5150657,0.474640257,0.708412563,0.528760034,0.554893819
2021/4/25 13:00,0.512223441,0.458224427,0.696458397,0.518012424,0.545067696
2021/4/25 14:00,0.512017446,0.454133689,0.658036965,0.489551898,0.534358779
2021/4/25 15:00,0.511019274,0.465896995,0.575917611,0.411927523,0.513687684
2021/4/25 16:00,0.506532288,0.464871634,0.564354791,0.411664101,0.507729901
2021/4/25 17:00,0.509376429,0.467107979,0.56880152,0.394027045,0.510277701
2021/4/25 18:00,0.506786299,0.465329393,0.511837431,0.361888334,0.492551344
2021/4/25 19:00,0.506872048,0.461692927,0.529206363,0.374450344,0.496470987
2021/4/25 20:00,0.506554032,0.465889966,0.560143198,0.386959694,0.505316527
2021/4/25 21:00,0.511118825,0.476709086,0.620234941,0.416347214,0.523900575
2021/4/25 22:00,0.512205221,0.453880212,0.656470856,0.428907852,0.526546672
2021/4/25 23:00,0.512705654,0.428161456,0.679298146,0.431450866,0.529552669
2021/4/26 0:00,0.512899119,0.407574771,0.724743015,0.512119574,0.540936427
2021/4/26 1:00,0.511770884,0.394156873,0.733676202,0.549563651,0.544364055
2021/4/26 2:00,0.509835745,0.377228019,0.732292101,0.545198836,0.544522878
2021/4/26 3:00,0.510440505,0.361324814,0.735991008,0.546307228,0.54671273
2021/4/26 4:00,0.511274925,0.368335761,0.74186763,0.547696017,0.549846347
2021/4/26 5:00,0.509869587,0.3782852,0.741730908,0.551702506,0.548755863
2021/4/26 6:00,0.509765814,0.397390646,0.736866684,0.549548377,0.547578221
2021/4/26 7:00,0.510226171,0.418696559,0.724741263,0.549669376,0.546185196
2021/4/26 8:00,0.511008385,0.435244142,0.685568662,0.53395356,0.537545335
2021/4/26 9:00,0.512855039,0.456730342,0.657886439,0.528678505,0.535751768
2021/4/26 10:00,0.514224871,0.470970267,0.657408704,0.5327747,0.537745737
2021/4/26 11:00,0.513552841,0.479711325,0.656617576,0.535016406,0.539186071
2021/4/26 12:00,0.512046068,0.489247058,0.679526691,0.548789045,0.547237874
2021/4/26 13:00,0.511750853,0.487413956,0.64765959,0.510693008,0.5383247
2021/4/26 14:00,0.51302487,0.486091232,0.616472229,0.503999024,0.529491143
2021/4/26 15:00,0.5085378,0.47707941,0.573293018,0.473940912,0.513096403
2021/4/26 16:00,0.507078277,0.471769343,0.523534063,0.419448572,0.497934449
2021/4/26 17:00,0.507122756,0.468935619,0.52932976,0.378442906,0.497428989
2021/4/26 18:00,0.506868317,0.465117864,0.494720365,0.34211241,0.485905956
2021/4/26 19:00,0.506993047,0.463561555,0.496687258,0.343825731,0.486056639
2021/4/26 20:00,0.506983801,0.464620979,0.512502683,0.365957413,0.492190799
2021/4/26 21:00,0.50685802,0.464157224,0.562892842,0.407305499,0.506766491
2021/4/26 22:00,0.511332546,0.47394364,0.650612137,0.466711144,0.530743846
2021/4/26 23:00,0.513323928,0.478642357,0.685663253,0.508235271,0.542218745
2021/4/27 0:00,0.512644025,0.448817939,0.734981431,0.555059517,0.550530179
2021/4/27 1:00,0.512473301,0.40991451,0.732963209,0.549462048,0.546385213
2021/4/27 2:00,0.513103074,0.392734921,0.727211892,0.547163658,0.544449673
2021/4/27 3:00,0.512435373,0.384978733,0.725422882,0.547467059,0.544363223
2021/4/27 4:00,0.512511058,0.381290207,0.723333075,0.546882648,0.544653025
2021/4/27 5:00,0.514236608,0.389799954,0.727960835,0.551881261,0.546253764
2021/4/27 6:00,0.515684603,0.410201201,0.730740886,0.556904396,0.54764015
2021/4/27 7:00,0.512126523,0.431467709,0.726348312,0.553929404,0.545680238
2021/4/27 8:00,0.513592211,0.438224287,0.704247509,0.546673114,0.541086466
2021/4/27 9:00,0.513684605,0.471872467,0.685347247,0.544240649,0.540892573
2021/4/27 10:00,0.512773408,0.497991653,0.674482499,0.547948121,0.544237712
2021/4/27 11:00,0.512265012,0.500245177,0.654207746,0.53874947,0.541180875
2021/4/27 12:00,0.513623948,0.500466209,0.676300613,0.559317447,0.550281551
2021/4/27 13:00,0.50928684,0.490355447,0.625092502,0.520823047,0.532208734
2021/4/27 14:00,0.507346809,0.482950438,0.598565382,0.493991781,0.521464414
2021/4/27 15:00,0.507050333,0.476628646,0.544506818,0.45044253,0.505919221
2021/4/27 16:00,0.507239278,0.472084791,0.522272887,0.432157282,0.498011142
2021/4/27 17:00,0.507054679,0.474211086,0.544109933,0.434445129,0.504496705
2021/4/27 18:00,0.5067772,0.470172998,0.514830116,0.367648148,0.493657458
2021/4/27 19:00,0.506954339,0.471246795,0.528639522,0.365812451,0.497796385
2021/4/27 20:00,0.507770738,0.473590752,0.563987958,0.381643901,0.509257223
2021/4/27 21:00,0.511358403,0.474223542,0.630736625,0.4322887,0.528365261
2021/4/27 22:00,0.511958984,0.47370432,0.685216259,0.545022398,0.541978229
2021/4/27 23:00,0.512764437,0.453722897,0.701090545,0.549829364,0.542766311
2021/4/28 0:00,0.512322073,0.430135962,0.753648895,0.575518816,0.552456734
2021/4/28 1:00,0.510765948,0.401423689,0.752233795,0.573415547,0.555204133
2021/4/28 2:00,0.511439707,0.386994455,0.751396732,0.569941133,0.557651927
2021/4/28 3:00,0.511787347,0.373256233,0.756103851,0.570669836,0.558381723
2021/4/28 4:00,0.510143258,0.372211931,0.749544741,0.566324439,0.556064189
2021/4/28 5:00,0.509050342,0.377432989,0.745785426,0.564982613,0.55345033
2021/4/28 6:00,0.509201037,0.398857159,0.744787755,0.567931901,0.552024124
2021/4/28 7:00,0.509858195,0.423029667,0.737324323,0.570136307,0.554811978
2021/4/28 8:00,0.510197149,0.433127471,0.715353696,0.562343851,0.551151065
2021/4/28 9:00,0.512023524,0.458081881,0.690777774,0.557387289,0.548597434
2021/4/28 10:00,0.512179786,0.46917604,0.67757565,0.553903046,0.545436633
2021/4/28 11:00,0.513606584,0.483704593,0.666659523,0.546532749,0.545274357
2021/4/28 12:00,0.513985217,0.494239475,0.712799957,0.580138991,0.56234283
2021/4/28 13:00,0.508616947,0.488416303,0.674791086,0.554138792,0.5472758
2021/4/28 14:00,0.507196252,0.480615934,0.629907022,0.525472842,0.533533631
2021/4/28 15:00,0.506979978,0.477990941,0.599690972,0.505013993,0.524849343
2021/4/28 16:00,0.507493461,0.47853945,0.581851265,0.48148918,0.518666112
2021/4/28 17:00,0.508074922,0.48348926,0.603716188,0.47841028,0.526158323
2021/4/28 18:00,0.511476772,0.480003299,0.56354358,0.405233614,0.514594584
2021/4/28 19:00,0.511295265,0.47678896,0.576644655,0.402274796,0.518032922
2021/4/28 20:00,0.511942702,0.477096354,0.620314627,0.423585156,0.53068112
2021/4/28 21:00,0.511672474,0.47107175,0.663675301,0.471516809,0.54074402
2021/4/28 22:00,0.513871924,0.460637865,0.685763019,0.549089058,0.546901515
2021/4/28 23:00,0.512542315,0.440841967,0.689555887,0.549410532,0.543300889
2021/4/29 0:00,0.512116615,0.404168261,0.707325259,0.555463511,0.547313944
2021/4/29 1:00,0.510152815,0.392258142,0.739843091,0.571942062,0.553132048
2021/4/29 2:00,0.510204453,0.404225836,0.745181329,0.574021523,0.555739648
2021/4/29 3:00,0.510661945,0.387423915,0.740344073,0.571492394,0.555741
2021/4/29 4:00,0.509882701,0.396859134,0.740617483,0.571088278,0.555362089
2021/4/29 5:00,0.510205758,0.402941828,0.7429493,0.575049384,0.555447777
2021/4/29 6:00,0.510651823,0.407422547,0.737740829,0.57386257,0.55458502
2021/4/29 7:00,0.511136839,0.422466123,0.727430657,0.569486946,0.552535456
2021/4/29 8:00,0.509787524,0.429450712,0.697447792,0.552614571,0.542780367
2021/4/29 9:00,0.511975942,0.456371597,0.683473763,0.554581469,0.54545722
2021/4/29 10:00,0.512019768,0.474169746,0.683032532,0.555970631,0.547614082
2021/4/29 11:00,0.513280095,0.489725099,0.689848195,0.559663044,0.552519217
2021/4/29 12:00,0.513263262,0.486199072,0.700892121,0.566572403,0.557622123
2021/4/29 13:00,0.511061809,0.478105267,0.661068031,0.513662924,0.543397565
2021/4/29 14:00,0.50993379,0.477998442,0.645861746,0.496577408,0.537194586
2021/4/29 15:00,0.508924129,0.476640585,0.624145675,0.487528579,0.532019755
2021/4/29 16:00,0.510707996,0.475999368,0.611731152,0.458510992,0.528947593
2021/4/29 17:00,0.514434192,0.481084867,0.632792887,0.468670974,0.536551256
2021/4/29 18:00,0.51348367,0.477186428,0.614423246,0.453169845,0.529911082
2021/4/29 19:00,0.515277566,0.466547214,0.624017937,0.457879471,0.530431966
2021/4/29 20:00,0.514098726,0.438991021,0.647748074,0.459400552,0.531143876
2021/4/29 21:00,0.513887683,0.422147976,0.679856772,0.462215293,0.535242988
2021/4/29 22:00,0.511883859,0.426865436,0.696817621,0.459769817,0.539009569
2021/4/29 23:00,0.510525045,0.441170767,0.699849558,0.447267959,0.541787108
2021/4/30 0:00,0.510876071,0.447161643,0.694830283,0.432155104,0.540636529
2021/4/30 1:00,0.510256744,0.439475806,0.682130892,0.416362882,0.534986353
2021/4/30 2:00,0.509256823,0.415021434,0.728162989,0.447931713,0.54670294
2021/4/30 3:00,0.510207899,0.400805619,0.741734785,0.478452861,0.554806016
2021/4/30 4:00,0.509485994,0.394611536,0.744785128,0.488384496,0.55507093
2021/4/30 5:00,0.510007541,0.393304878,0.744063922,0.555647088,0.555523605
2021/4/30 6:00,0.510744314,0.414665542,0.734023195,0.5609725,0.557066001
2021/4/30 7:00,0.510095038,0.441026737,0.710438821,0.557143871,0.55582794
2021/4/30 8:00,0.508733218,0.450738802,0.702560268,0.553058224,0.554304205
2021/4/30 9:00,0.508257421,0.471338793,0.682161263,0.546941295,0.547327277
2021/4/30 10:00,0.508941344,0.47673303,0.655318123,0.535763743,0.541675891
2021/4/30 11:00,0.509210523,0.474301481,0.621611294,0.517565918,0.531236464
2021/4/30 12:00,0.509126238,0.480646597,0.648832296,0.538476741,0.539329025
2021/4/30 13:00,0.509848739,0.482369497,0.625848598,0.52418089,0.534966255
2021/4/30 14:00,0.511536472,0.48502793,0.627975323,0.528466334,0.53823289
2021/4/30 15:00,0.51070858,0.467975012,0.638739673,0.535113091,0.538036893
2021/4/30 16:00,0.511229747,0.453653965,0.648953208,0.543940574,0.540266397
2021/4/30 17:00,0.513103242,0.454135511,0.669795446,0.555749834,0.545975233
2021/4/30 18:00,0.512500083,0.454693084,0.644789592,0.493340861,0.536887912
2021/4/30 19:00,0.512501337,0.452896147,0.64370733,0.451046016,0.535080072
2021/4/30 20:00,0.511223682,0.44334469,0.647240604,0.452290551,0.533885667
2021/4/30 21:00,0.507904848,0.435171796,0.640403833,0.437355656,0.528017811
2021/4/30 22:00,0.509981388,0.4447408,0.655823082,0.46724126,0.531362272
2021/4/30 23:00,0.510365189,0.447651121,0.658207252,0.495074528,0.534601831
2021/5/1 0:00,0.510990477,0.444303113,0.663568542,0.492445502,0.534492284
2021/5/1 1:00,0.510496786,0.436084735,0.706267314,0.511956515,0.543345922
2021/5/1 2:00,0.5100165,0.431378585,0.705573838,0.5396873,0.544098259
2021/5/1 3:00,0.510631984,0.422932776,0.705265165,0.559033746,0.542847134
2021/5/1 4:00,0.511494918,0.415228708,0.702132505,0.557125394,0.543930522
2021/5/1 5:00,0.511701133,0.416588581,0.706815557,0.559066461,0.545295909
2021/5/1 6:00,0.512342843,0.433105618,0.706181431,0.561371222,0.547927316
2021/5/1 7:00,0.511835336,0.453411569,0.679663309,0.54521085,0.542418615
2021/5/1 8:00,0.512043018,0.468332722,0.670103196,0.550110597,0.547333287
2021/5/1 9:00,0.514028374,0.473613646,0.662934717,0.546422471,0.548864984
2021/5/1 10:00,0.519223171,0.478128725,0.658971877,0.546114711,0.547133561
2021/5/1 11:00,0.518045048,0.493001644,0.675781058,0.559271191,0.55255791
2021/5/1 12:00,0.51234494,0.491753956,0.661809008,0.551560674,0.548514141
2021/5/1 13:00,0.50929128,0.490585989,0.668729074,0.548382081,0.550085292
2021/5/1 14:00,0.511151838,0.478300916,0.704435389,0.556176045,0.561682687
2021/5/1 15:00,0.513333369,0.45949747,0.739265854,0.56704826,0.566540604
2021/5/1 16:00,0.51423843,0.4603697,0.729777698,0.569150466,0.563433737
2021/5/1 17:00,0.513331534,0.463336499,0.701563811,0.557819503,0.555284103
2021/5/1 18:00,0.511373162,0.460345532,0.647807578,0.497539345,0.535541134
2021/5/1 19:00,0.509327365,0.454473783,0.588915597,0.4415171,0.513486104
2021/5/1 20:00,0.50985724,0.453317683,0.577051854,0.431750211,0.509154157
2021/5/1 21:00,0.510238851,0.449849211,0.570086578,0.423902057,0.506042205
2021/5/1 22:00,0.513033011,0.451493164,0.565361605,0.416583857,0.505163763
2021/5/1 23:00,0.511983402,0.446369047,0.549793967,0.397175186,0.49926458
2021/5/2 0:00,0.512817791,0.438514707,0.615176712,0.42614938,0.515276125
2021/5/2 1:00,0.511706042,0.422484116,0.674715557,0.468307306,0.529225215
2021/5/2 2:00,0.511456236,0.41796832,0.675973451,0.489832034,0.530139292
2021/5/2 3:00,0.512212328,0.424588372,0.677985225,0.487471384,0.531512023
2021/5/2 4:00,0.512809533,0.418879754,0.682160348,0.50931717,0.532976592
2021/5/2 5:00,0.512286901,0.415930193,0.67245831,0.507050827,0.53108763
2021/5/2 6:00,0.512496661,0.424150796,0.672041377,0.518826666,0.53172242
2021/5/2 7:00,0.5127491,0.427864825,0.668448652,0.530990371,0.53369922
2021/5/2 8:00,0.512688584,0.435471815,0.648395436,0.519094013,0.53159516
2021/5/2 9:00,0.508739445,0.448939357,0.629595213,0.514189855,0.523707143
2021/5/2 10:00,0.499596605,0.453934667,0.597120947,0.494615207,0.512296069
2021/5/2 11:00,0.498660803,0.450382165,0.593889915,0.493102795,0.510354025
2021/5/2 12:00,0.505158017,0.453364323,0.624427413,0.516535166,0.520531153
2021/5/2 13:00,0.511081354,0.45406644,0.620781468,0.514613492,0.521245043
2021/5/2 14:00,0.512214384,0.45304024,0.627516236,0.517502527,0.522459795
2021/5/2 15:00,0.511704253,0.454150809,0.612824258,0.502554938,0.519183104
2021/5/2 16:00,0.51116241,0.446879592,0.62099297,0.478641915,0.517498878
2021/5/2 17:00,0.511522416,0.449379919,0.607728292,0.440532259,0.514579869
2021/5/2 18:00,0.510508716,0.454518621,0.600122369,0.424952208,0.512344842
2021/5/2 19:00,0.511370902,0.456368181,0.611867484,0.434146099,0.516244532
2021/5/2 20:00,0.511361722,0.456402292,0.608353028,0.432147854,0.515431707
2021/5/2 21:00,0.510795782,0.459677096,0.591952792,0.418005071,0.510514908
2021/5/2 22:00,0.51156602,0.456408629,0.592765634,0.452319644,0.511387808
2021/5/2 23:00,0.513403115,0.45522444,0.591724019,0.456405672,0.51240491
2021/5/3 0:00,0.513852596,0.445911701,0.641810872,0.480695479,0.526412535
2021/5/3 1:00,0.513088475,0.422509148,0.679201686,0.503213098,0.535085396
2021/5/3 2:00,0.512720315,0.404823606,0.670452068,0.499461106,0.532483308
2021/5/3 3:00,0.51288895,0.40021618,0.674902179,0.501857293,0.532858961
2021/5/3 4:00,0.513954985,0.397359656,0.676460869,0.502176326,0.533548625
2021/5/3 5:00,0.513368494,0.39077254,0.689325615,0.523295569,0.539082396
2021/5/3 6:00,0.510198138,0.421593353,0.692157517,0.525832069,0.538521896
2021/5/3 7:00,0.509197839,0.442682716,0.704174494,0.534680095,0.549258451
2021/5/3 8:00,0.507787646,0.451885658,0.69972599,0.526353382,0.544708526
2021/5/3 9:00,0.507384487,0.458139797,0.672125391,0.516091612,0.536773584
2021/5/3 10:00,0.50535875,0.472985608,0.662210166,0.518073071,0.536170171
2021/5/3 11:00,0.506811566,0.479969122,0.66360075,0.523743762,0.539579985
2021/5/3 12:00,0.508986153,0.485569797,0.707751552,0.557967833,0.553038164
2021/5/3 13:00,0.509371358,0.485779149,0.696375947,0.569535274,0.550402603
2021/5/3 14:00,0.509449654,0.483552863,0.671051181,0.560463241,0.546550372
2021/5/3 15:00,0.50948345,0.474801162,0.666110656,0.554826297,0.54332049
2021/5/3 16:00,0.512218447,0.47197425,0.662812675,0.554056253,0.542544915
2021/5/3 17:00,0.513516689,0.467396763,0.664415482,0.558407867,0.542001477
2021/5/3 18:00,0.513483212,0.465481364,0.637623043,0.490220366,0.533709654
2021/5/3 19:00,0.514700052,0.459574385,0.641665456,0.468069827,0.533857106
2021/5/3 20:00,0.514535357,0.461701341,0.655954902,0.473139951,0.536039664
2021/5/3 21:00,0.513990997,0.453199218,0.648203231,0.452716996,0.5278472
2021/5/3 22:00,0.510957244,0.457963233,0.657140033,0.444638689,0.528863871
2021/5/3 23:00,0.510645363,0.452831929,0.665010405,0.437164548,0.529984418
2021/5/4 0:00,0.510901274,0.437838061,0.677073601,0.447030266,0.532718403
2021/5/4 1:00,0.512129011,0.429323875,0.701120898,0.457013482,0.539025079
2021/5/4 2:00,0.512303839,0.415619324,0.699048804,0.465130906,0.539802911
2021/5/4 3:00,0.511360815,0.405404508,0.697129645,0.496314585,0.539847918
2021/5/4 4:00,0.508845385,0.39782858,0.699033382,0.513697829,0.539151108
2021/5/4 5:00,0.508570509,0.399328056,0.702270272,0.524468043,0.541159273
2021/5/4 6:00,0.509456054,0.422350888,0.711559338,0.531171682,0.545324083
2021/5/4 7:00,0.508947443,0.441510483,0.708269042,0.525576072,0.544052957
2021/5/4 8:00,0.508206204,0.474005509,0.673189218,0.506587538,0.539137974
2021/5/4 9:00,0.507694437,0.478696775,0.67369446,0.539651905,0.541934851
2021/5/4 10:00,0.50672996,0.487720964,0.664380943,0.553228057,0.541003674
2021/5/4 11:00,0.506675505,0.491303135,0.665278354,0.525508707,0.542482313
2021/5/4 12:00,0.503434403,0.488129226,0.680474254,0.536690906,0.547599576
2021/5/4 13:00,0.506261606,0.491003381,0.662849368,0.525960503,0.542065764
2021/5/4 14:00,0.506982589,0.492790019,0.648386191,0.5217766,0.540693738
2021/5/4 15:00,0.509734593,0.491285015,0.66152192,0.527494773,0.543883911
2021/5/4 16:00,0.510948795,0.480356954,0.659953039,0.520598735,0.538639697
2021/5/4 17:00,0.512359848,0.476490231,0.659718021,0.507001714,0.537535621
2021/5/4 18:00,0.511360311,0.469293262,0.637803345,0.484106334,0.529761064
2021/5/4 19:00,0.511962604,0.465702892,0.633208049,0.466922197,0.527344082
2021/5/4 20:00,0.513394037,0.462843469,0.63983374,0.468080288,0.527154549
2021/5/4 21:00,0.51303571,0.462337429,0.675157673,0.480615468,0.532497422
2021/5/4 22:00,0.510661812,0.462708321,0.666186778,0.492854166,0.530249724
2021/5/4 23:00,0.509067306,0.459930635,0.660511875,0.499922859,0.530239619
2021/5/5 0:00,0.508157106,0.445721927,0.692165063,0.507702976,0.534432181
2021/5/5 1:00,0.5090664,0.440671544,0.718797808,0.513902698,0.538958055
2021/5/5 2:00,0.508415715,0.426803701,0.701630226,0.502814721,0.533526015
2021/5/5 3:00,0.509012886,0.416496456,0.695881232,0.505303686,0.534309871
2021/5/5 4:00,0.508191865,0.412599773,0.694839136,0.525336521,0.533522539
2021/5/5 5:00,0.507465774,0.416197834,0.692400752,0.524130356,0.533167548
2021/5/5 6:00,0.508197386,0.425945118,0.704342952,0.53400322,0.539536276
2021/5/5 7:00,0.508893353,0.448063918,0.696801747,0.5434113,0.542161317
2021/5/5 8:00,0.507480709,0.465220263,0.652508138,0.524037752,0.531577598
2021/5/5 9:00,0.510662698,0.468950075,0.658123355,0.525074234,0.537007267
2021/5/5 10:00,0.510531922,0.479868697,0.648193273,0.53045764,0.53771736
2021/5/5 11:00,0.508932145,0.475593046,0.649754912,0.543320433,0.538774508
2021/5/5 12:00,0.509458565,0.469471392,0.683564241,0.562228404,0.548257389
2021/5/5 13:00,0.508345254,0.474587901,0.677098536,0.557299662,0.544552265
2021/5/5 14:00,0.509415726,0.467838271,0.677766699,0.557940745,0.543934266
2021/5/5 15:00,0.509881331,0.461282914,0.688541446,0.542009901,0.543587996
2021/5/5 16:00,0.511199251,0.454689785,0.672065429,0.521610751,0.539251319
2021/5/5 17:00,0.51189704,0.460213175,0.663760371,0.48715325,0.537657814
2021/5/5 18:00,0.511954374,0.46294781,0.63242017,0.425982388,0.530251582
2021/5/5 19:00,0.512540239,0.45656884,0.62908994,0.425167945,0.528170081
2021/5/5 20:00,0.511520818,0.451251993,0.623675539,0.419462731,0.520884793
2021/5/5 21:00,0.511341677,0.440967405,0.661023424,0.439183919,0.526345381
2021/5/5 22:00,0.508142876,0.443844582,0.671148677,0.4933348,0.530486615
2021/5/5 23:00,0.507988226,0.437358613,0.673553733,0.491298862,0.532044596
2021/5/6 0:00,0.507956441,0.410290824,0.713535302,0.508712103,0.540077386
2021/5/6 1:00,0.508158506,0.390222069,0.720526935,0.515522838,0.543406482
2021/5/6 2:00,0.508382605,0.380868433,0.719062768,0.54221926,0.545831961
2021/5/6 3:00,0.507996144,0.380586101,0.710971524,0.551544146,0.543189315
2021/5/6 4:00,0.507754942,0.383409441,0.709158341,0.550208469,0.543157617
2021/5/6 5:00,0.507850709,0.391050557,0.707190844,0.553441608,0.543298954
2021/5/6 6:00,0.509163656,0.42101321,0.711465125,0.560697055,0.549117746
2021/5/6 7:00,0.509936374,0.440441982,0.714052315,0.563076382,0.552888756
2021/5/6 8:00,0.509334103,0.457290076,0.675227844,0.533045275,0.540068134
2021/5/6 9:00,0.509371938,0.4563948,0.678385333,0.537038283,0.541449288
2021/5/6 10:00,0.509727144,0.464278801,0.665692852,0.540963375,0.539589275
2021/5/6 11:00,0.508722896,0.470963463,0.654609092,0.540695266,0.537615527
2021/5/6 12:00,0.510127541,0.482611921,0.69368035,0.551743658,0.550338398
2021/5/6 13:00,0.509970965,0.479326407,0.681287032,0.538572455,0.546091532
2021/5/6 14:00,0.509318051,0.470395615,0.679259297,0.538813739,0.543047347
2021/5/6 15:00,0.509543579,0.466639682,0.669280276,0.532204063,0.540268722
2021/5/6 16:00,0.512333657,0.469865823,0.674489918,0.478894608,0.545202689
2021/5/6 17:00,0.513602124,0.466211765,0.658182834,0.5132242,0.540826497
2021/5/6 18:00,0.51312094,0.462035965,0.64384371,0.446030978,0.534155854
2021/5/6 19:00,0.512513233,0.459253821,0.63645742,0.440466115,0.529139169
2021/5/6 20:00,0.511460263,0.447760431,0.630766061,0.433363622,0.523757334
2021/5/6 21:00,0.50827107,0.443606495,0.639319409,0.426597766,0.521924025
2021/5/6 22:00,0.509143134,0.450497329,0.669913175,0.434710756,0.530873833
2021/5/6 23:00,0.509506746,0.447099421,0.667022274,0.480587428,0.532313106
2021/5/7 0:00,0.509112681,0.426135485,0.661495657,0.531093739,0.535165274
2021/5/7 1:00,0.508275636,0.402147775,0.697537323,0.553989807,0.546579606
2021/5/7 2:00,0.507772984,0.387016674,0.700863937,0.555017198,0.548151084
2021/5/7 3:00,0.508189724,0.388831305,0.702409401,0.555129286,0.548280075
2021/5/7 4:00,0.507601588,0.396921746,0.704381375,0.556404618,0.548323359
2021/5/7 5:00,0.508233546,0.404680289,0.695468046,0.55431793,0.547033578
2021/5/7 6:00,0.507627197,0.423934443,0.699677056,0.556554355,0.548840306
2021/5/7 7:00,0.507284378,0.454598183,0.704342272,0.552522877,0.549022922
2021/5/7 8:00,0.503476331,0.475958379,0.669322079,0.539532926,0.53864933
2021/5/7 9:00,0.508309821,0.481964696,0.640816096,0.531041426,0.535324045
2021/5/7 10:00,0.506666384,0.482653585,0.620781948,0.52330115,0.530714751
2021/5/7 11:00,0.505955385,0.485743291,0.619396452,0.526075286,0.529214955
2021/5/7 12:00,0.505113942,0.484843613,0.641115301,0.546565543,0.538395912
2021/5/7 13:00,0.505013504,0.491438764,0.65374671,0.552915901,0.543967433
2021/5/7 14:00,0.505641223,0.492956674,0.661751055,0.545903597,0.547690661
2021/5/7 15:00,0.507395814,0.490682724,0.671740713,0.524702115,0.548783227
2021/5/7 16:00,0.510529274,0.487064473,0.670369851,0.481761784,0.548291159
2021/5/7 17:00,0.513477303,0.474696434,0.635054831,0.452688799,0.538925416
2021/5/7 18:00,0.511060862,0.462336458,0.605329269,0.439622851,0.526526785
2021/5/7 19:00,0.510969153,0.467071498,0.60784607,0.4428874,0.528223512
2021/5/7 20:00,0.511527642,0.461708045,0.624908564,0.454082439,0.532906652
2021/5/7 21:00,0.511224906,0.445969536,0.625315687,0.510486081,0.531206416
2021/5/7 22:00,0.508697506,0.448138101,0.614155735,0.497774974,0.524028321
2021/5/7 23:00,0.507389071,0.452957851,0.619035163,0.494787031,0.525613051
2021/5/8 0:00,0.509392893,0.441048306,0.646717172,0.501904323,0.535996682
2021/5/8 1:00,0.507805704,0.42023146,0.688878938,0.51899901,0.541291722
2021/5/8 2:00,0.507968002,0.402773045,0.697185984,0.53785491,0.545678626
2021/5/8 3:00,0.508601269,0.400240472,0.6932731,0.535911494,0.545860693
2021/5/8 4:00,0.507294089,0.391472486,0.693112308,0.534716531,0.542906045
2021/5/8 5:00,0.507074427,0.39751644,0.686558921,0.531512278,0.541755123
2021/5/8 6:00,0.507868752,0.402556424,0.680981473,0.530570435,0.540414521
2021/5/8 7:00,0.508693296,0.41324489,0.677830283,0.526237229,0.541957942
2021/5/8 8:00,0.508261322,0.429473945,0.676023997,0.542472134,0.54292522
2021/5/8 9:00,0.511790711,0.462454249,0.68124393,0.554177353,0.550961675
2021/5/8 10:00,0.520217925,0.478976699,0.674881789,0.563003636,0.557121977
2021/5/8 11:00,0.517604414,0.488146074,0.664250906,0.561152716,0.555640076
2021/5/8 12:00,0.508900628,0.488893953,0.65970163,0.559070046,0.5496884
2021/5/8 13:00,0.507487846,0.483888905,0.655812217,0.554913277,0.548114456
2021/5/8 14:00,0.50932346,0.48579134,0.647093743,0.5358999,0.544762362
2021/5/8 15:00,0.508782315,0.477586623,0.656792466,0.537474976,0.544551614
2021/5/8 16:00,0.508474014,0.478117199,0.661526631,0.541938351,0.545154318
2021/5/8 17:00,0.508613954,0.466519547,0.602901259,0.487788277,0.524602411
2021/5/8 18:00,0.508413864,0.460835094,0.595700088,0.426229918,0.521405825
2021/5/8 19:00,0.507032441,0.456825077,0.58045926,0.412274735,0.515373905
2021/5/8 20:00,0.50653395,0.458463876,0.576730585,0.408133918,0.513658911
2021/5/8 21:00,0.507043417,0.45795198,0.593088589,0.411783722,0.517550392
2021/5/8 22:00,0.506587259,0.456738763,0.615984807,0.415926164,0.520936701
2021/5/8 23:00,0.506937353,0.45325584,0.633974923,0.481200992,0.527911189
2021/5/9 0:00,0.508411607,0.449190281,0.660788877,0.537527349,0.533551015
2021/5/9 1:00,0.510267587,0.451984749,0.689430969,0.549704875,0.540361644
2021/5/9 2:00,0.509653649,0.439679411,0.692643923,0.547327807,0.539947027
2021/5/9 3:00,0.509327631,0.429459757,0.687002271,0.543608875,0.538702907
2021/5/9 4:00,0.510699697,0.42515304,0.681988989,0.542092894,0.539143533
2021/5/9 5:00,0.508765625,0.427509743,0.680652403,0.539961817,0.538641026
2021/5/9 6:00,0.508843604,0.428284365,0.680350634,0.541975824,0.542203346
2021/5/9 7:00,0.510372196,0.428684158,0.699360873,0.553961627,0.555652818
2021/5/9 8:00,0.510378242,0.44514633,0.678801548,0.524972338,0.553748678
2021/5/9 9:00,0.512872349,0.458089462,0.66839898,0.490421461,0.550831571
2021/5/9 10:00,0.513106778,0.468862219,0.675178125,0.549012961,0.552789959
2021/5/9 11:00,0.510650141,0.475767479,0.667545267,0.549313635,0.550422345
2021/5/9 12:00,0.512361957,0.487307003,0.689641242,0.56909405,0.561454768
2021/5/9 13:00,0.513041124,0.481574272,0.671658656,0.51558129,0.553689212
2021/5/9 14:00,0.513682698,0.476352245,0.658236343,0.520135637,0.549051073
2021/5/9 15:00,0.513422606,0.474129593,0.648045834,0.512455851,0.544123756
2021/5/9 16:00,0.513734374,0.465161664,0.607768125,0.466523869,0.52823847
2021/5/9 17:00,0.509600323,0.469496902,0.615974808,0.444717301,0.528238112
2021/5/9 18:00,0.50984268,0.470058964,0.603447862,0.428090081,0.523191969
2021/5/9 19:00,0.510134046,0.476027318,0.623882144,0.489475617,0.531424702
2021/5/9 20:00,0.508862246,0.483439839,0.638512828,0.511003917,0.53685745
2021/5/9 21:00,0.50881724,0.478545438,0.620861473,0.497085885,0.526591753
2021/5/9 22:00,0.506853744,0.478824825,0.629944834,0.494431735,0.524639892
2021/5/9 23:00,0.505606739,0.473246791,0.618293026,0.482749311,0.520159962
2021/5/10 0:00,0.505280258,0.46125418,0.623550612,0.482475225,0.521669862
2021/5/10 1:00,0.504273022,0.452654365,0.655576864,0.510040409,0.530572884
2021/5/10 2:00,0.506443688,0.446526269,0.655454882,0.521097529,0.53402555
2021/5/10 3:00,0.505427808,0.443241615,0.654384399,0.520985298,0.534581587
2021/5/10 4:00,0.505958331,0.441789924,0.653621819,0.520810974,0.535040263
2021/5/10 5:00,0.50594092,0.440981915,0.65607489,0.521097042,0.535394468
2021/5/10 6:00,0.505232663,0.451345699,0.654454697,0.527655309,0.53379302
2021/5/10 7:00,0.50673155,0.461714626,0.652316608,0.528343342,0.537651617
2021/5/10 8:00,0.505479337,0.481580636,0.631887943,0.516697308,0.531906514
2021/5/10 9:00,0.505284822,0.488975066,0.633167645,0.514172561,0.533509706
2021/5/10 10:00,0.504248759,0.48855764,0.615277845,0.509284334,0.528801233
2021/5/10 11:00,0.503700201,0.488594869,0.607671377,0.506474411,0.526741735
2021/5/10 12:00,0.505921824,0.496764409,0.639100934,0.535958028,0.540659087
2021/5/10 13:00,0.506727752,0.503245618,0.648891144,0.542314634,0.547331404
2021/5/10 14:00,0.508895526,0.502582737,0.649919408,0.530409811,0.549352927
2021/5/10 15:00,0.508505887,0.486908091,0.614434035,0.500405419,0.534268468
2021/5/10 16:00,0.512278829,0.483420138,0.602023481,0.445064858,0.529688951
2021/5/10 17:00,0.513623077,0.481342982,0.617093495,0.439077638,0.533647231
2021/5/10 18:00,0.511087663,0.468035529,0.603214383,0.41578011,0.523990825
2021/5/10 19:00,0.51223381,0.467059196,0.61525169,0.42713311,0.527944535
2021/5/10 20:00,0.512434895,0.459668481,0.612591924,0.424880854,0.525784263
2021/5/10 21:00,0.512191749,0.457440249,0.643763916,0.469799237,0.533028157
2021/5/10 22:00,0.511640284,0.450590257,0.641699099,0.52270458,0.528756162
2021/5/10 23:00,0.510206815,0.450560013,0.640420406,0.515938508,0.528175223
2021/5/11 0:00,0.509568274,0.441466244,0.640451638,0.510690109,0.527130645
2021/5/11 1:00,0.50852239,0.429836792,0.662187109,0.523986242,0.532815765
2021/5/11 2:00,0.507656143,0.428399877,0.660478187,0.523038075,0.533063496
2021/5/11 3:00,0.508596264,0.427848542,0.672749566,0.540121515,0.539554058
2021/5/11 4:00,0.509722102,0.424842826,0.672226941,0.538738227,0.539566619
2021/5/11 5:00,0.50963402,0.429958902,0.673164627,0.536091065,0.540515481
2021/5/11 6:00,0.509650919,0.441667729,0.664722905,0.530811008,0.538285608
2021/5/11 7:00,0.512968834,0.458821921,0.670651803,0.5294681,0.54369752
2021/5/11 8:00,0.512995208,0.481634755,0.664228887,0.52691849,0.546986318
2021/5/11 9:00,0.513185984,0.483087021,0.663789806,0.547013665,0.550879654
2021/5/11 10:00,0.505381265,0.49132898,0.643207567,0.537993483,0.541814568
2021/5/11 11:00,0.498144927,0.495756706,0.636153134,0.534945495,0.537344306
2021/5/11 12:00,0.499552685,0.495826055,0.656465174,0.549344028,0.547416114
2021/5/11 13:00,0.500187996,0.501244084,0.661680849,0.557564669,0.544885504
2021/5/11 14:00,0.501117184,0.495122441,0.643605966,0.540479288,0.538081134
2021/5/11 15:00,0.500582311,0.486567957,0.625552407,0.51281883,0.531755316
2021/5/11 16:00,0.500148535,0.480097243,0.600001374,0.466650113,0.521930509
2021/5/11 17:00,0.502430736,0.480881528,0.604180577,0.454016767,0.524313075
2021/5/11 18:00,0.502907797,0.487844535,0.609671731,0.433386256,0.526430026
2021/5/11 19:00,0.508198481,0.486339893,0.618112512,0.427421972,0.530582261
2021/5/11 20:00,0.512008175,0.468508931,0.603449878,0.431963189,0.524450468
2021/5/11 21:00,0.511191751,0.458294703,0.586379783,0.424797817,0.515942234
2021/5/11 22:00,0.512272365,0.448831476,0.603792208,0.444540363,0.5203798
2021/5/11 23:00,0.509391102,0.451109821,0.629292785,0.46609931,0.525258903
2021/5/12 0:00,0.509823997,0.440073261,0.635813649,0.494925417,0.527946431
2021/5/12 1:00,0.508873809,0.43165181,0.651359184,0.500312191,0.531351633
2021/5/12 2:00,0.507961158,0.412174647,0.650260286,0.494138776,0.527990106
2021/5/12 3:00,0.510460112,0.409253706,0.656844639,0.51793372,0.531780942
2021/5/12 4:00,0.509646119,0.411686289,0.65542798,0.530340796,0.531841031
2021/5/12 5:00,0.510198837,0.41052342,0.666403438,0.535203108,0.53465098
2021/5/12 6:00,0.510417888,0.426743452,0.661084925,0.532898543,0.536074227
2021/5/12 7:00,0.510276595,0.444490185,0.656792539,0.524367366,0.537958134
2021/5/12 8:00,0.509834668,0.473017738,0.636996472,0.504988799,0.534856398
2021/5/12 9:00,0.513299569,0.48442943,0.612187596,0.499914648,0.533121373
2021/5/12 10:00,0.512577379,0.481735592,0.600934335,0.501170905,0.52914885
2021/5/12 11:00,0.512658325,0.490817651,0.606646819,0.507406526,0.535644689
2021/5/12 12:00,0.512131175,0.515933713,0.665089366,0.538733342,0.560730828
2021/5/12 13:00,0.511972009,0.515903975,0.637320768,0.533776672,0.549894765
2021/5/12 14:00,0.511961324,0.513006042,0.619448358,0.523015002,0.543338859
2021/5/12 15:00,0.513617977,0.507313291,0.621684777,0.524997568,0.542102597
2021/5/12 16:00,0.512658883,0.502532083,0.614721489,0.508570345,0.537611295
2021/5/12 17:00,0.512976081,0.489013463,0.616613746,0.477261931,0.534152924
2021/5/12 18:00,0.513480502,0.478526196,0.608266827,0.443679266,0.527204584
2021/5/12 19:00,0.51299061,0.472735597,0.614962669,0.44916293,0.526926482
2021/5/12 20:00,0.512846408,0.465923146,0.611937038,0.44603383,0.524394132
2021/5/12 21:00,0.511347324,0.461354105,0.61061455,0.450465288,0.521974522
2021/5/12 22:00,0.510125386,0.455768109,0.618331373,0.480874589,0.524261536
2021/5/12 23:00,0.509841674,0.447857897,0.624895807,0.506859273,0.526097537
2021/5/13 0:00,0.509247205,0.444262427,0.653710749,0.513532769,0.531246263
2021/5/13 1:00,0.509973236,0.434181824,0.651897625,0.51173381,0.532928247
2021/5/13 2:00,0.510850303,0.433034355,0.65328705,0.508577758,0.534019016
2021/5/13 3:00,0.509884629,0.434015503,0.649420672,0.502660874,0.533842828
2021/5/13 4:00,0.512400556,0.427372396,0.655111816,0.501489022,0.535450601
2021/5/13 5:00,0.512020911,0.42739785,0.658568058,0.503098144,0.536698531
2021/5/13 6:00,0.511621738,0.441592312,0.648103415,0.497930209,0.535526966
2021/5/13 7:00,0.512836629,0.451361644,0.626936547,0.484856073,0.533984752
2021/5/13 8:00,0.513381014,0.470998573,0.617737613,0.495404422,0.531545509
2021/5/13 9:00,0.514765589,0.47975214,0.615155347,0.506193008,0.533294782
2021/5/13 10:00,0.517480641,0.480413481,0.601215702,0.499609021,0.530150198
2021/5/13 11:00,0.516330429,0.47684757,0.587223989,0.490794801,0.522546029
2021/5/13 12:00,0.516496394,0.470571542,0.602412819,0.503678343,0.527803869
2021/5/13 13:00,0.517645358,0.472708427,0.591747271,0.486641899,0.522332876
2021/5/13 14:00,0.517052869,0.470219779,0.60444774,0.484894991,0.524309749
2021/5/13 15:00,0.516975495,0.446969609,0.625553958,0.463290591,0.527845772
2021/5/13 16:00,0.51580124,0.438178101,0.629835539,0.454256694,0.528420964
2021/5/13 17:00,0.516078782,0.437859206,0.621711192,0.410475765,0.525803574
2021/5/13 18:00,0.515920323,0.436798099,0.630404848,0.4252564,0.52801977
2021/5/13 19:00,0.516171474,0.441453973,0.61300168,0.405642072,0.521164891
2021/5/13 20:00,0.514395178,0.44090525,0.566323579,0.401334106,0.504427087
2021/5/13 21:00,0.512758496,0.439525314,0.556775878,0.401635087,0.501262896
2021/5/13 22:00,0.510434727,0.435173356,0.531560752,0.385539983,0.491847168
2021/5/13 23:00,0.506847175,0.430077322,0.523163063,0.395955212,0.488233218
2021/5/14 0:00,0.506772067,0.417159193,0.547763006,0.417222377,0.495603294
2021/5/14 1:00,0.507285664,0.409945185,0.560234458,0.429440064,0.500295908
2021/5/14 2:00,0.506116637,0.405955953,0.560089135,0.43176941,0.501379751
2021/5/14 3:00,0.50623529,0.396017071,0.556968598,0.427404872,0.499958012
2021/5/14 4:00,0.507017347,0.39879209,0.558237195,0.427184187,0.500078574
2021/5/14 5:00,0.507791972,0.404888867,0.556910851,0.426030668,0.500824169
2021/5/14 6:00,0.507472003,0.415414918,0.55533256,0.418878703,0.500805364
2021/5/14 7:00,0.50766927,0.427486423,0.558697506,0.402200813,0.501447411
2021/5/14 8:00,0.508001108,0.447274096,0.57327519,0.398596613,0.506415286
2021/5/14 9:00,0.5089276,0.461012777,0.571780454,0.412272296,0.50772313
2021/5/14 10:00,0.508029049,0.455306037,0.545822786,0.399394362,0.497349541
2021/5/14 11:00,0.510985801,0.45911804,0.561307561,0.411943177,0.504944093
2021/5/14 12:00,0.508584275,0.467666577,0.598622841,0.436420369,0.519168893
2021/5/14 13:00,0.506790779,0.476456502,0.611224824,0.440865438,0.523162563
2021/5/14 14:00,0.508269698,0.477733624,0.624833955,0.449299313,0.527133584
2021/5/14 15:00,0.509747833,0.474771038,0.608111498,0.441708017,0.522917512
2021/5/14 16:00,0.510236816,0.462583692,0.588391332,0.446019871,0.512927549
2021/5/14 17:00,0.509802085,0.454254462,0.57968603,0.457816106,0.509262036
2021/5/14 18:00,0.509993545,0.447073441,0.556581849,0.388506187,0.499276091
2021/5/14 19:00,0.510305001,0.443561886,0.53446729,0.365103219,0.49124929
2021/5/14 20:00,0.508974549,0.432349821,0.512903772,0.352471146,0.482225462
2021/5/14 21:00,0.50679591,0.429979316,0.514823545,0.363018396,0.483043854
2021/5/14 22:00,0.506093659,0.426887194,0.566560377,0.401535987,0.499463528
2021/5/14 23:00,0.506819507,0.414810852,0.577901389,0.40670462,0.503167759
2021/5/15 0:00,0.507258664,0.414522814,0.597262762,0.400895488,0.509099605
2021/5/15 1:00,0.506805254,0.39993251,0.628763741,0.40315327,0.516227178
2021/5/15 2:00,0.507460708,0.404308131,0.639449306,0.408912239,0.519536383
2021/5/15 3:00,0.504580318,0.408774433,0.637747572,0.408685482,0.519446928
2021/5/15 4:00,0.486551994,0.408574467,0.635069139,0.403963252,0.51089483
2021/5/15 5:00,0.48382866,0.416819182,0.62603668,0.389794924,0.508444195
2021/5/15 6:00,0.484188339,0.414559971,0.62272222,0.391070893,0.509702666
2021/5/15 7:00,0.48309903,0.424766642,0.618585105,0.389850428,0.509652823
2021/5/15 8:00,0.477964932,0.440607948,0.612518252,0.388416148,0.505283278
2021/5/15 9:00,0.474676681,0.439293661,0.609880388,0.39239474,0.502048039
2021/5/15 10:00,0.474737576,0.446032849,0.5843965,0.392132069,0.496176418
2021/5/15 11:00,0.482048666,0.455374967,0.576779967,0.393606158,0.497395565
2021/5/15 12:00,0.495621356,0.464866216,0.582773679,0.405908842,0.505382897
2021/5/15 13:00,0.494147947,0.467988868,0.581079496,0.408089042,0.504128582
2021/5/15 14:00,0.494698814,0.454522269,0.573232391,0.403391066,0.498904183
2021/5/15 15:00,0.495885438,0.443007184,0.558335382,0.390632769,0.492141102
2021/5/15 16:00,0.495353157,0.43662796,0.553757862,0.386658497,0.488606156
2021/5/15 17:00,0.49450873,0.427089507,0.541959369,0.377396074,0.481431648
2021/5/15 18:00,0.495624466,0.429443135,0.525853782,0.371766777,0.477617689
2021/5/15 19:00,0.5048234,0.42382642,0.511557733,0.368993088,0.476417077
2021/5/15 20:00,0.510568971,0.419330051,0.509776674,0.366103163,0.476666972
2021/5/15 21:00,0.511369666,0.415953071,0.525422486,0.376261113,0.481021691
2021/5/15 22:00,0.511559368,0.410568288,0.51607235,0.364864448,0.478652525
2021/5/15 23:00,0.498861654,0.413150772,0.527223508,0.363292437,0.476416983
2021/5/16 0:00,0.472563391,0.403396356,0.570456092,0.37267296,0.47403938
2021/5/16 1:00,0.466822492,0.398388801,0.612665662,0.392027436,0.485913579
2021/5/16 2:00,0.462280707,0.403657052,0.60511455,0.387385083,0.490580411
2021/5/16 3:00,0.461851004,0.40767839,0.609742356,0.383922109,0.492372566
2021/5/16 4:00,0.462433162,0.4076519,0.61000368,0.37898773,0.491426982
2021/5/16 5:00,0.462541973,0.402036528,0.607980634,0.376589291,0.491196947
2021/5/16 6:00,0.462282049,0.40589128,0.598323893,0.379455754,0.48958218
2021/5/16 7:00,0.480521296,0.416142742,0.594265359,0.379492174,0.498684987
2021/5/16 8:00,0.499010873,0.43132839,0.59248005,0.386987781,0.508958384
2021/5/16 9:00,0.498265677,0.441982698,0.553421158,0.369121901,0.495319818
2021/5/16 10:00,0.499141352,0.442264255,0.522854921,0.356102617,0.482811773
2021/5/16 11:00,0.497476216,0.451806768,0.530384459,0.366895936,0.486423312
2021/5/16 12:00,0.498206151,0.463640259,0.543139718,0.379829044,0.49309454
2021/5/16 13:00,0.49760603,0.459431299,0.532366299,0.367072526,0.486986105
2021/5/16 14:00,0.498020476,0.45468654,0.524495259,0.352975747,0.483024648
2021/5/16 15:00,0.501074462,0.450273155,0.521561433,0.347988543,0.481723453
2021/5/16 16:00,0.508681694,0.446088844,0.522294915,0.35611695,0.485416326
2021/5/16 17:00,0.515468726,0.442571189,0.522970759,0.363399971,0.488192077
2021/5/16 18:00,0.512809733,0.438115882,0.49440881,0.350910027,0.478703495
2021/5/16 19:00,0.51376705,0.434397883,0.484364235,0.345439528,0.475071489
2021/5/16 20:00,0.512705763,0.432460181,0.478421839,0.343300635,0.472870329
2021/5/16 21:00,0.51513733,0.436287996,0.497919604,0.350401666,0.480783367
2021/5/16 22:00,0.515871412,0.434265266,0.507171363,0.353932029,0.484453081
2021/5/16 23:00,0.516051962,0.437548992,0.511442528,0.352584941,0.486556717
2021/5/17 0:00,0.51382774,0.433139437,0.531596123,0.351760118,0.490244904
2021/5/17 1:00,0.514800549,0.426455611,0.532732843,0.345144694,0.491873284
2021/5/17 2:00,0.515098364,0.426658364,0.52622832,0.339915792,0.491168701
2021/5/17 3:00,0.514510047,0.421615277,0.526914495,0.339088406,0.490090716
2021/5/17 4:00,0.514895096,0.417040655,0.525684061,0.338598477,0.489629715
2021/5/17 5:00,0.513885676,0.41620307,0.514121719,0.32934455,0.485291507
2021/5/17 6:00,0.513633641,0.422203067,0.509057618,0.329705842,0.483638859
2021/5/17 7:00,0.515107984,0.428059428,0.51956701,0.337333399,0.487531046
2021/5/17 8:00,0.516134248,0.436351331,0.49989288,0.33509882,0.481972606
2021/5/17 9:00,0.515250241,0.44203745,0.495059024,0.337780631,0.479514683
2021/5/17 10:00,0.513139517,0.44365571,0.494018559,0.340715239,0.478408937
2021/5/17 11:00,0.511024536,0.439847536,0.480344322,0.334280761,0.471579592
2021/5/17 12:00,0.513548548,0.445845769,0.503751123,0.35400323,0.481411516
2021/5/17 13:00,0.515138132,0.445877848,0.495816257,0.338416626,0.480170305
2021/5/17 14:00,0.516406933,0.446100452,0.493714171,0.340458591,0.480514645
2021/5/17 15:00,0.515628066,0.445201725,0.494160459,0.339477925,0.480271079
2021/5/17 16:00,0.516191659,0.444231872,0.49448991,0.339943102,0.481357855
2021/5/17 17:00,0.516519607,0.443614477,0.506242997,0.353449207,0.485622577
2021/5/17 18:00,0.515555341,0.444983472,0.51709455,0.364632054,0.489484286
2021/5/17 19:00,0.503233622,0.440835349,0.500173432,0.356015962,0.478663154
2021/5/17 20:00,0.489734682,0.433051615,0.491285743,0.347545574,0.469217352
2021/5/17 21:00,0.480398773,0.430152941,0.496039594,0.352479824,0.466881884
2021/5/17 22:00,0.481209636,0.424653307,0.488145651,0.347200317,0.463793617
2021/5/17 23:00,0.482261984,0.423633746,0.481884263,0.339934854,0.46185532
2021/5/18 0:00,0.481933414,0.416723107,0.500273424,0.342919041,0.467619281
2021/5/18 1:00,0.481365707,0.413034642,0.50267256,0.33768509,0.468286293
2021/5/18 2:00,0.481412598,0.414771511,0.503036082,0.334111267,0.468347556
2021/5/18 3:00,0.481964971,0.415796466,0.504719538,0.333261328,0.46918347
2021/5/18 4:00,0.482321342,0.415285556,0.504787175,0.330481603,0.469184389
2021/5/18 5:00,0.48237617,0.412944933,0.503813139,0.328550808,0.469263151
2021/5/18 6:00,0.481921701,0.416605321,0.510904569,0.333948927,0.472095895
2021/5/18 7:00,0.483002211,0.427817763,0.516626915,0.347913646,0.475784376
2021/5/18 8:00,0.483261566,0.439176048,0.5006589,0.343759068,0.469747949
2021/5/18 9:00,0.483092662,0.437453129,0.482583377,0.339079595,0.461433609
2021/5/18 10:00,0.472869252,0.435205571,0.480343734,0.34251573,0.45604378
2021/5/18 11:00,0.47190418,0.434432361,0.480341426,0.345786858,0.455146378
2021/5/18 12:00,0.472599666,0.439531173,0.49758841,0.360000548,0.462691822
2021/5/18 13:00,0.4794234,0.438611235,0.491526167,0.357768812,0.462460679
2021/5/18 14:00,0.482890203,0.435375298,0.492967424,0.356522735,0.463697547
2021/5/18 15:00,0.484469641,0.439269468,0.491709564,0.348326354,0.466424132
2021/5/18 16:00,0.486347049,0.437274239,0.485893441,0.343396278,0.46505686
2021/5/18 17:00,0.487339793,0.435131269,0.488621951,0.335378443,0.466165992
2021/5/18 18:00,0.488825173,0.434458102,0.491906506,0.333688339,0.468041062
2021/5/18 19:00,0.488377736,0.433916219,0.4863216,0.328708486,0.46593655
2021/5/18 20:00,0.486878852,0.429973267,0.477935564,0.334053878,0.462092752
2021/5/18 21:00,0.482219992,0.428695492,0.477968462,0.34070254,0.460172025
2021/5/18 22:00,0.481301633,0.426418044,0.47678866,0.344444662,0.459463905
2021/5/18 23:00,0.47541809,0.425036118,0.485504551,0.33857939,0.460494263
2021/5/19 0:00,0.476129524,0.424063353,0.500543268,0.346496913,0.465539844
2021/5/19 1:00,0.476834368,0.417315748,0.501720841,0.347288581,0.46580928
2021/5/19 2:00,0.476241956,0.418020718,0.497436714,0.346708436,0.464769813
2021/5/19 3:00,0.475564635,0.418169573,0.488482645,0.362265051,0.462044535
2021/5/19 4:00,0.475447298,0.417144298,0.489704658,0.362094039,0.46240333
2021/5/19 5:00,0.474846881,0.415784916,0.488439282,0.359994038,0.461527625
2021/5/19 6:00,0.474994587,0.417664603,0.488352402,0.361920102,0.462030725
2021/5/19 7:00,0.480212241,0.426870973,0.491290902,0.358541225,0.46566424
2021/5/19 8:00,0.488681907,0.433871365,0.483234216,0.352422189,0.466903348
2021/5/19 9:00,0.489139549,0.440740433,0.489263627,0.361760871,0.468951075
2021/5/19 10:00,0.484000691,0.435402931,0.470565751,0.356382916,0.458783762
2021/5/19 11:00,0.487546248,0.435411461,0.468401982,0.353417728,0.45886974
2021/5/19 12:00,0.488508931,0.446772211,0.49687629,0.381044568,0.471589362
2021/5/19 13:00,0.488950106,0.452230254,0.514651166,0.389743485,0.479533447
2021/5/19 14:00,0.489441303,0.441018557,0.489164987,0.372747797,0.468247499
2021/5/19 15:00,0.488611337,0.434330351,0.476059969,0.362320432,0.462750062
2021/5/19 16:00,0.487148957,0.436706627,0.487779756,0.368330428,0.467208264
2021/5/19 17:00,0.487179948,0.431269023,0.493120328,0.359202285,0.467574381
2021/5/19 18:00,0.48673141,0.431472379,0.495231635,0.353498399,0.468404536
2021/5/19 19:00,0.486929907,0.428405765,0.478612726,0.333965454,0.462204611
2021/5/19 20:00,0.487248497,0.423289912,0.454415523,0.314886451,0.453013062
2021/5/19 21:00,0.486105962,0.420277138,0.431412845,0.299075591,0.44449057
2021/5/19 22:00,0.484177079,0.423614098,0.436773073,0.300468329,0.445610932
2021/5/19 23:00,0.480978373,0.425505291,0.462045088,0.317648649,0.453473086
2021/5/20 0:00,0.481004666,0.426033208,0.486999749,0.327208903,0.462196791
2021/5/20 1:00,0.481842024,0.424022465,0.491174371,0.328854257,0.463672137
2021/5/20 2:00,0.481113087,0.421556484,0.480811572,0.326889572,0.459986718
2021/5/20 3:00,0.4753433,0.421564261,0.480296517,0.324734942,0.457810238
2021/5/20 4:00,0.479861004,0.419232876,0.484453407,0.326013058,0.460281965
2021/5/20 5:00,0.485131565,0.419748307,0.483870628,0.323216384,0.462298326
2021/5/20 6:00,0.488979174,0.418884348,0.481681442,0.324461752,0.462479993
2021/5/20 7:00,0.489665582,0.426491144,0.48730972,0.329867253,0.464827256
2021/5/20 8:00,0.495547988,0.430191885,0.46340921,0.314920632,0.461006253
2021/5/20 9:00,0.502515151,0.433859824,0.471763178,0.330063496,0.465628999
2021/5/20 10:00,0.504360849,0.434703189,0.475432221,0.339679462,0.467159659
2021/5/20 11:00,0.502865685,0.43700066,0.480067923,0.352415076,0.466815034
2021/5/20 12:00,0.503415377,0.441949005,0.502116982,0.374976101,0.475102568
2021/5/20 13:00,0.504342979,0.438517401,0.487902704,0.358865134,0.470221496
2021/5/20 14:00,0.509556064,0.435106332,0.478791486,0.361584131,0.470015741
2021/5/20 15:00,0.512323494,0.430510575,0.463303199,0.353148414,0.46658495
2021/5/20 16:00,0.512592215,0.433032086,0.475684775,0.359516635,0.471732316
2021/5/20 17:00,0.514007751,0.430088033,0.476530179,0.356652792,0.472176689
2021/5/20 18:00,0.515417117,0.430144446,0.481049062,0.358635502,0.47491124
2021/5/20 19:00,0.51697345,0.431976842,0.483925401,0.358066678,0.476791757
2021/5/20 20:00,0.517209944,0.423077923,0.463564765,0.344883469,0.468836291
2021/5/20 21:00,0.516659321,0.416500879,0.426490408,0.320741197,0.456303909
2021/5/20 22:00,0.51657329,0.420689394,0.425237092,0.315648087,0.457239199
2021/5/20 23:00,0.515415618,0.424738686,0.428309836,0.319203755,0.461079104
2021/5/21 0:00,0.507343875,0.427618467,0.456009592,0.329482109,0.466527843
2021/5/21 1:00,0.506499045,0.427149505,0.473111389,0.337083986,0.469865126
2021/5/21 2:00,0.506067499,0.425160475,0.476357557,0.344330677,0.470149985
2021/5/21 3:00,0.504827534,0.422972673,0.475819376,0.341334621,0.468781593
2021/5/21 4:00,0.504985298,0.422903796,0.478327985,0.341292458,0.469613539
2021/5/21 5:00,0.505333734,0.421074035,0.473409481,0.335576527,0.468173588
2021/5/21 6:00,0.50542674,0.421835342,0.478103488,0.341855491,0.469676014
2021/5/21 7:00,0.506477013,0.430187534,0.485376233,0.348785099,0.472735221
2021/5/21 8:00,0.505686849,0.433302893,0.478862702,0.349282307,0.46993882
2021/5/21 9:00,0.504820406,0.432217207,0.470803154,0.349824156,0.465627861
2021/5/21 10:00,0.504753221,0.431876547,0.468821909,0.351444505,0.463764939
2021/5/21 11:00,0.504103931,0.431066587,0.463105722,0.349212011,0.461583765
2021/5/21 12:00,0.50387899,0.438872384,0.494814055,0.379265003,0.472672617
2021/5/21 13:00,0.502737384,0.434727126,0.479635169,0.364352486,0.466660657
2021/5/21 14:00,0.503449367,0.432631403,0.473115122,0.357486289,0.464479103
2021/5/21 15:00,0.505414896,0.427395551,0.454150696,0.368361021,0.459863452
2021/5/21 16:00,0.516776586,0.431251132,0.465707684,0.389077008,0.471143701
2021/5/21 17:00,0.51753319,0.433853025,0.481136165,0.406059379,0.478580254
2021/5/21 18:00,0.516985156,0.434293384,0.49443727,0.358808457,0.480871322
2021/5/21 19:00,0.515169799,0.429137575,0.457867307,0.322299547,0.467188626
2021/5/21 20:00,0.502358756,0.416068592,0.391878651,0.297243215,0.439758126
2021/5/21 21:00,0.501169489,0.414652126,0.376289274,0.289539977,0.433404712
2021/5/21 22:00,0.501593125,0.419271518,0.382193034,0.306440141,0.438732544
2021/5/21 23:00,0.500295722,0.420112964,0.385232395,0.31387848,0.439415877
2021/5/22 0:00,0.499608007,0.421798082,0.412938324,0.324139074,0.448872469
2021/5/22 1:00,0.499769884,0.424744508,0.43847202,0.336066037,0.45710655
2021/5/22 2:00,0.500068736,0.419172705,0.471968079,0.355364681,0.465808414
2021/5/22 3:00,0.500536013,0.418215898,0.471944134,0.354043912,0.465712838
2021/5/22 4:00,0.500009129,0.418934171,0.477013745,0.358837434,0.466972787
2021/5/22 5:00,0.500840027,0.417635089,0.475452694,0.357004272,0.466630001
2021/5/22 6:00,0.501860077,0.420707924,0.476567583,0.358674737,0.467822686
2021/5/22 7:00,0.501662088,0.428187077,0.48243988,0.364607987,0.471086299
2021/5/22 8:00,0.503011602,0.428203759,0.485456049,0.370208779,0.472107638
2021/5/22 9:00,0.500220088,0.428575385,0.474647668,0.363376682,0.467272492
2021/5/22 10:00,0.502094192,0.430489584,0.477696732,0.366575349,0.466754119
2021/5/22 11:00,0.504206568,0.433099379,0.479889665,0.371673753,0.467969595
2021/5/22 12:00,0.504355528,0.43266452,0.478487104,0.371144759,0.467333745
2021/5/22 13:00,0.503218232,0.431144269,0.472895189,0.363519113,0.465293805
2021/5/22 14:00,0.50260494,0.428769322,0.465195136,0.354863932,0.463672582
2021/5/22 15:00,0.504506829,0.428650962,0.4691064,0.359567864,0.466379673
2021/5/22 16:00,0.508697279,0.427279211,0.462812551,0.367871353,0.467767196
2021/5/22 17:00,0.509497681,0.425663904,0.446269654,0.381324999,0.464256569
2021/5/22 18:00,0.505765521,0.422759871,0.444489224,0.325820653,0.459305727
2021/5/22 19:00,0.503399572,0.426782754,0.405063916,0.296325998,0.447271393
2021/5/22 20:00,0.503287553,0.427685131,0.394108788,0.298514354,0.445100824
2021/5/22 21:00,0.502134425,0.429242776,0.383317774,0.314831698,0.443986027
2021/5/22 22:00,0.50042697,0.422423925,0.405955419,0.328229167,0.447660746
2021/5/22 23:00,0.502007478,0.423977639,0.431502566,0.334135133,0.456463495
2021/5/23 0:00,0.502071214,0.42436415,0.446040089,0.336791947,0.460660945
2021/5/23 1:00,0.502108728,0.422982731,0.467292311,0.344914562,0.465906776
2021/5/23 2:00,0.50232653,0.417823746,0.468685788,0.344308521,0.465096114
2021/5/23 3:00,0.50236316,0.416302529,0.472656004,0.347427226,0.466174736
2021/5/23 4:00,0.502670292,0.413728944,0.478720128,0.345049337,0.468644794
2021/5/23 5:00,0.504088873,0.413431455,0.485989976,0.349760222,0.471660072
2021/5/23 6:00,0.504568578,0.41253595,0.49632142,0.355384866,0.474229601
2021/5/23 7:00,0.503366192,0.412732418,0.501433287,0.363443402,0.474374025
2021/5/23 8:00,0.50885919,0.413762432,0.484232369,0.360664956,0.471310979
2021/5/23 9:00,0.51404812,0.414324564,0.490444096,0.414061886,0.476929826
2021/5/23 10:00,0.515989285,0.41952721,0.496260612,0.422831442,0.479461303
2021/5/23 11:00,0.514501686,0.422667051,0.482682392,0.415541853,0.473823126
2021/5/23 12:00,0.515759064,0.440370312,0.546223612,0.463401927,0.497590603
2021/5/23 13:00,0.515817878,0.443010025,0.551183473,0.465698817,0.501239823
2021/5/23 14:00,0.515757443,0.439168086,0.555045144,0.448819145,0.500971481
2021/5/23 15:00,0.515907583,0.43911179,0.547345569,0.434510231,0.498459782
2021/5/23 16:00,0.514394415,0.431089606,0.525824226,0.417476978,0.490897821
2021/5/23 17:00,0.515508124,0.425603844,0.528210348,0.410866024,0.492180237
2021/5/23 18:00,0.514098356,0.42510306,0.512097275,0.411912833,0.486405483
2021/5/23 19:00,0.515090289,0.427967369,0.506538125,0.382454366,0.485199702
2021/5/23 20:00,0.516773287,0.429747911,0.540426841,0.387044606,0.494446098
2021/5/23 21:00,0.517170625,0.427682449,0.499043223,0.360054355,0.482627388
2021/5/23 22:00,0.51745383,0.424304222,0.480633752,0.343474117,0.47821511
2021/5/23 23:00,0.514829091,0.418891444,0.484679582,0.336694128,0.476783675
2021/5/24 0:00,0.512044827,0.407664511,0.509447976,0.34691828,0.479081267
2021/5/24 1:00,0.509288982,0.401573544,0.519786239,0.349834181,0.480795102
2021/5/24 2:00,0.508527679,0.405120089,0.519195195,0.34731819,0.481286098
2021/5/24 3:00,0.510357632,0.401940436,0.524342249,0.358745536,0.483014962
2021/5/24 4:00,0.511264755,0.404537991,0.528857273,0.361833574,0.484593898
2021/5/24 5:00,0.511318878,0.403158435,0.530731734,0.376011661,0.485680889
2021/5/24 6:00,0.512052669,0.417869546,0.531965424,0.385842415,0.488312028
2021/5/24 7:00,0.512031716,0.429854482,0.534714133,0.409440507,0.490089718
2021/5/24 8:00,0.512642006,0.434710646,0.517105436,0.41068771,0.486467093
2021/5/24 9:00,0.51445261,0.449614357,0.522505135,0.422081912,0.491615763
2021/5/24 10:00,0.514345782,0.452400758,0.53664203,0.436554055,0.498450513
2021/5/24 11:00,0.514414701,0.460033798,0.555737892,0.452363715,0.506909068
2021/5/24 12:00,0.514367557,0.468231854,0.591866568,0.483395823,0.52153087
2021/5/24 13:00,0.514386535,0.459461938,0.554914302,0.455491158,0.506761711
2021/5/24 14:00,0.513420229,0.455604067,0.53048602,0.428757552,0.49743494
2021/5/24 15:00,0.514516962,0.468852786,0.557018607,0.430317242,0.510209537
2021/5/24 16:00,0.512918398,0.46227236,0.555875567,0.409263719,0.507415733
2021/5/24 17:00,0.513530552,0.463246792,0.561865677,0.405220998,0.510819515
2021/5/24 18:00,0.514036445,0.463924027,0.553358837,0.396871685,0.508503059
2021/5/24 19:00,0.514851414,0.454876227,0.56430189,0.399595202,0.510692138
2021/5/24 20:00,0.515201847,0.438016819,0.549720064,0.391531095,0.501700557
2021/5/24 21:00,0.513918592,0.431184644,0.511630185,0.362767214,0.486133572
2021/5/24 22:00,0.512464884,0.429826429,0.511188278,0.344532809,0.483880206
2021/5/24 23:00,0.512349539,0.433550018,0.511162785,0.341936787,0.48408723
2021/5/25 0:00,0.511740628,0.431351318,0.533674798,0.35146687,0.489412356
2021/5/25 1:00,0.511046561,0.42952976,0.53807222,0.351894641,0.491017287
2021/5/25 2:00,0.510739635,0.420980286,0.540090524,0.354041105,0.492247912
2021/5/25 3:00,0.510609938,0.41156787,0.547687377,0.358606897,0.493082393
2021/5/25 4:00,0.512509706,0.406348892,0.548875946,0.363220213,0.494820061
2021/5/25 5:00,0.511825497,0.405516406,0.546469291,0.361276513,0.493614526
2021/5/25 6:00,0.512742748,0.414152988,0.540007935,0.359372238,0.493378743
2021/5/25 7:00,0.511732,0.423916574,0.534277726,0.393969865,0.493167081
2021/5/25 8:00,0.512531185,0.429666773,0.530133774,0.408089914,0.490166211
2021/5/25 9:00,0.513132649,0.435568186,0.524347706,0.408236421,0.48964097
2021/5/25 10:00,0.51412162,0.438915731,0.543542781,0.422783794,0.498916789
2021/5/25 11:00,0.512306664,0.444396263,0.53805351,0.416609411,0.49709264
2021/5/25 12:00,0.511559449,0.45234565,0.575790846,0.448348817,0.512697233
2021/5/25 13:00,0.513383005,0.455878569,0.558660339,0.413816058,0.506698599
2021/5/25 14:00,0.513714557,0.464157691,0.555604409,0.373875642,0.506804164
2021/5/25 15:00,0.513738574,0.470312719,0.548446492,0.367516043,0.506828765
2021/5/25 16:00,0.513075683,0.470014532,0.53690985,0.361769082,0.503194306
2021/5/25 17:00,0.513356152,0.464221823,0.554134597,0.360350908,0.507070284
2021/5/25 18:00,0.512708805,0.448555501,0.543031484,0.353794323,0.49997638
2021/5/25 19:00,0.512578391,0.437804304,0.550800899,0.360761253,0.50004755
2021/5/25 20:00,0.512466154,0.433077632,0.573349496,0.373759206,0.507717051
2021/5/25 21:00,0.514035715,0.42510103,0.562608142,0.358491137,0.501343105
2021/5/25 22:00,0.514855765,0.428259405,0.538752124,0.339506033,0.493133708
2021/5/25 23:00,0.514278294,0.428406502,0.530161868,0.328112392,0.490245792
2021/5/26 0:00,0.511222921,0.432560255,0.546643407,0.333689449,0.493241131
2021/5/26 1:00,0.51084885,0.425411525,0.551141671,0.331935426,0.493887642
2021/5/26 2:00,0.511347098,0.419613695,0.54618576,0.332035134,0.493405817
2021/5/26 3:00,0.512808417,0.416964689,0.536791662,0.333586915,0.491656272
2021/5/26 4:00,0.511575496,0.406967407,0.54975919,0.337506521,0.49456721
2021/5/26 5:00,0.511767655,0.409498317,0.551451133,0.337086956,0.495831822
2021/5/26 6:00,0.511151867,0.417807186,0.546101251,0.334367104,0.495536987
2021/5/26 7:00,0.512580801,0.430576734,0.550040019,0.343317994,0.499355742
2021/5/26 8:00,0.515306933,0.447119103,0.539455186,0.357790574,0.498881506
2021/5/26 9:00,0.515195438,0.447967967,0.545419747,0.379540228,0.501235932
2021/5/26 10:00,0.510272342,0.450363287,0.532701941,0.376968198,0.494132393
2021/5/26 11:00,0.509774063,0.455677775,0.538450436,0.389256198,0.498316451
2021/5/26 12:00,0.5124458,0.459451668,0.57767591,0.420812893,0.515369447
2021/5/26 13:00,0.511694981,0.461083725,0.564467295,0.411242332,0.509824561
2021/5/26 14:00,0.513340843,0.466343194,0.548555751,0.379085426,0.505938185
2021/5/26 15:00,0.514744062,0.466513608,0.551839359,0.366773842,0.506967983
2021/5/26 16:00,0.511592202,0.461815367,0.548035985,0.353614876,0.503036351
2021/5/26 17:00,0.511284321,0.449922275,0.540809417,0.355511279,0.498031967
2021/5/26 18:00,0.510784591,0.443198663,0.534033667,0.351075855,0.494688801
2021/5/26 19:00,0.510902519,0.441660367,0.524351363,0.343597651,0.491178312
2021/5/26 20:00,0.51108165,0.449732779,0.439712087,0.298500682,0.465305779
2021/5/26 21:00,0.512761427,0.45222739,0.459978827,0.3079799,0.473834592
2021/5/26 22:00,0.514431296,0.44262491,0.48055309,0.313685745,0.477322849
2021/5/26 23:00,0.513769887,0.439869774,0.474382289,0.311750073,0.474381304
2021/5/27 0:00,0.511696853,0.43224262,0.478620006,0.310995843,0.473666814
2021/5/27 1:00,0.510359921,0.427328518,0.496723676,0.313219199,0.478449996
2021/5/27 2:00,0.510218907,0.425332165,0.495589428,0.309533715,0.47740754
2021/5/27 3:00,0.510536436,0.423359363,0.491374711,0.306423874,0.476296696
2021/5/27 4:00,0.511028034,0.422579294,0.497781872,0.30995911,0.478817865
2021/5/27 5:00,0.511384696,0.419525347,0.518899903,0.318412611,0.486153037
2021/5/27 6:00,0.512158959,0.42446418,0.516864038,0.318231933,0.486550218
2021/5/27 7:00,0.511450275,0.433507952,0.512161811,0.320020152,0.484758936
2021/5/27 8:00,0.509398597,0.438951117,0.49753471,0.319536296,0.477876942
2021/5/27 9:00,0.512266332,0.44295611,0.50205347,0.330594163,0.481194421
2021/5/27 10:00,0.514507548,0.445901451,0.500535328,0.335938796,0.481582888
2021/5/27 11:00,0.512716766,0.443413595,0.48384808,0.329370809,0.474168522
2021/5/27 12:00,0.514609314,0.451740902,0.51897613,0.354576572,0.488672767
2021/5/27 13:00,0.513199044,0.471168171,0.542909851,0.368130187,0.502615028
2021/5/27 14:00,0.512761018,0.466492373,0.53235695,0.361298845,0.498720761
2021/5/27 15:00,0.512463497,0.468438959,0.532040848,0.365428765,0.498916951
2021/5/27 16:00,0.512290006,0.465684069,0.523156794,0.35907011,0.495242193
2021/5/27 17:00,0.514831416,0.459095871,0.525981346,0.359281264,0.495915413
2021/5/27 18:00,0.513662822,0.446469103,0.50657867,0.338502604,0.485627472
2021/5/27 19:00,0.51303454,0.430165648,0.492524923,0.332918114,0.476860778
2021/5/27 20:00,0.514153435,0.420513389,0.49066954,0.329034387,0.47549197
2021/5/27 21:00,0.514511382,0.418019742,0.457690433,0.316604148,0.464860113
2021/5/27 22:00,0.515867886,0.419666967,0.457581979,0.314810786,0.466700019
2021/5/27 23:00,0.514744617,0.420867289,0.474767725,0.319017991,0.471748165
2021/5/28 0:00,0.511260935,0.41023112,0.49844175,0.325254539,0.475873016
2021/5/28 1:00,0.511551254,0.416458993,0.509784585,0.327241806,0.480354487
2021/5/28 2:00,0.511519441,0.408322925,0.511379182,0.324895972,0.480214906
2021/5/28 3:00,0.511314018,0.410599383,0.511363717,0.321835827,0.480462854
2021/5/28 4:00,0.510840751,0.411328841,0.511929352,0.325209374,0.480763467
2021/5/28 5:00,0.511641769,0.407720451,0.505528054,0.3302543,0.478681866
2021/5/28 6:00,0.51128259,0.410268138,0.497101941,0.326436509,0.475206882
2021/5/28 7:00,0.512826666,0.416304242,0.489028826,0.325034957,0.472501762
2021/5/28 8:00,0.513016002,0.423170499,0.483726923,0.327239651,0.471149017
2021/5/28 9:00,0.513442155,0.424878916,0.471070156,0.328962912,0.464568886
2021/5/28 10:00,0.51366692,0.424710263,0.471907571,0.334732033,0.464516763
2021/5/28 11:00,0.513617064,0.429105701,0.478926158,0.341554139,0.466883928
2021/5/28 12:00,0.512229917,0.438022368,0.504531565,0.366604487,0.477765365
2021/5/28 13:00,0.513630836,0.441554651,0.511340886,0.372746392,0.481866971
2021/5/28 14:00,0.514992632,0.437878093,0.501502355,0.367267572,0.478766541
2021/5/28 15:00,0.512718418,0.438870772,0.500852156,0.366206035,0.478994967
2021/5/28 16:00,0.513181916,0.437841109,0.499790065,0.366312168,0.479505518
2021/5/28 17:00,0.513972696,0.433909114,0.496692893,0.361421871,0.479613536
2021/5/28 18:00,0.514104639,0.429040252,0.480209068,0.351472924,0.474867149
2021/5/28 19:00,0.513889691,0.428489019,0.491688385,0.359426483,0.479394981
2021/5/28 20:00,0.512224644,0.425021348,0.47915853,0.34955659,0.473655862
2021/5/28 21:00,0.512952369,0.419373072,0.476030733,0.326269128,0.470978196
2021/5/28 22:00,0.514516484,0.422252697,0.461688631,0.316182995,0.467939316
2021/5/28 23:00,0.514388886,0.422747005,0.481268809,0.312539197,0.47425457
2021/5/29 0:00,0.513336705,0.414561749,0.493702595,0.307776115,0.476742236
2021/5/29 1:00,0.511359174,0.407546981,0.517754129,0.316430995,0.482445947
2021/5/29 2:00,0.510380696,0.399118768,0.523762367,0.321645809,0.484457571
2021/5/29 3:00,0.510797378,0.398243931,0.527069502,0.333212857,0.486098834
2021/5/29 4:00,0.510494972,0.402017533,0.531607064,0.336204446,0.487499739
2021/5/29 5:00,0.509734303,0.403446361,0.539028225,0.338753983,0.490425306
2021/5/29 6:00,0.503879757,0.406862635,0.538465582,0.336500654,0.489739108
2021/5/29 7:00,0.482759247,0.41891588,0.541532772,0.334983929,0.485490206
2021/5/29 8:00,0.476305535,0.431540973,0.543779088,0.341768947,0.484278249
2021/5/29 9:00,0.476304923,0.433245274,0.532390127,0.358028434,0.482172274
2021/5/29 10:00,0.482517446,0.433331111,0.53639556,0.366910545,0.4870452
2021/5/29 11:00,0.491573999,0.43528118,0.553547244,0.384068657,0.495664034
2021/5/29 12:00,0.491761119,0.435801859,0.559457777,0.387615994,0.498301315
2021/5/29 13:00,0.494460081,0.439856581,0.573934331,0.390223339,0.504488056
2021/5/29 14:00,0.495162428,0.445676356,0.578239658,0.388436672,0.506625426
2021/5/29 15:00,0.494512996,0.438754264,0.576775222,0.389291563,0.506422613
2021/5/29 16:00,0.497800163,0.43784992,0.570069401,0.391561923,0.504718921
2021/5/29 17:00,0.503668915,0.441429858,0.565267283,0.388607038,0.505745473
2021/5/29 18:00,0.508017775,0.441169498,0.548701729,0.361215417,0.501105187
2021/5/29 19:00,0.512648288,0.436405725,0.528180297,0.348781652,0.49448426
2021/5/29 20:00,0.513471699,0.437948445,0.535181911,0.351110775,0.49754335
2021/5/29 21:00,0.512696504,0.432030764,0.537568471,0.34616467,0.496290032
2021/5/29 22:00,0.513076152,0.432064442,0.502045873,0.335720322,0.483105776
2021/5/29 23:00,0.513737427,0.427041027,0.504220692,0.338029152,0.483532805
2021/5/30 0:00,0.513615189,0.419648661,0.526555415,0.346027656,0.490577374
2021/5/30 1:00,0.510227734,0.41113411,0.549947655,0.356815383,0.495079609
2021/5/30 2:00,0.509038813,0.404016121,0.551955194,0.356401281,0.495111555
2021/5/30 3:00,0.509985906,0.404372283,0.552913836,0.351797836,0.497375315
2021/5/30 4:00,0.510105659,0.409075476,0.55720796,0.353483108,0.500166055
2021/5/30 5:00,0.510600129,0.410203261,0.55334784,0.351965094,0.500670205
2021/5/30 6:00,0.510953305,0.418856992,0.544804126,0.355022736,0.499027834
2021/5/30 7:00,0.511957579,0.421022745,0.540903946,0.366197566,0.497314567
2021/5/30 8:00,0.51175156,0.427375583,0.530251738,0.350512271,0.492898
2021/5/30 9:00,0.511679711,0.437514221,0.511695235,0.339066437,0.487474867
2021/5/30 10:00,0.514476691,0.451634766,0.557634677,0.366487239,0.507500643
2021/5/30 11:00,0.513724352,0.460358118,0.565616722,0.369833438,0.511285505
2021/5/30 12:00,0.515694046,0.465952633,0.584198906,0.384171453,0.519210379
2021/5/30 13:00,0.515343769,0.459861756,0.558755227,0.378888258,0.509006394
2021/5/30 14:00,0.515252881,0.464302037,0.548139178,0.385575861,0.507673293
2021/5/30 15:00,0.51255811,0.47305131,0.54239393,0.380619827,0.507405589
2021/5/30 16:00,0.511257395,0.474568678,0.513588646,0.347763475,0.497218859
2021/5/30 17:00,0.513583993,0.474999722,0.513638604,0.351016122,0.498153131
2021/5/30 18:00,0.511909568,0.473172786,0.509544807,0.325321698,0.494929366
2021/5/30 19:00,0.511255482,0.472064127,0.511189711,0.306380915,0.494446895
2021/5/30 20:00,0.512258706,0.472636501,0.540205397,0.317718802,0.504440498
2021/5/30 21:00,0.512110385,0.453932574,0.554180765,0.336852933,0.505198812
2021/5/30 22:00,0.511300101,0.445521309,0.525279237,0.316429447,0.492535524
2021/5/30 23:00,0.513642857,0.446811306,0.524389596,0.316051182,0.493847386
2021/5/31 0:00,0.513791906,0.438451427,0.536971908,0.326880893,0.497432247
2021/5/31 1:00,0.513303622,0.430746548,0.554459621,0.328867177,0.502832343
2021/5/31 2:00,0.512115094,0.420438658,0.549141265,0.328095633,0.499912718
2021/5/31 3:00,0.511599347,0.411481502,0.547843603,0.331702082,0.498518856
2021/5/31 4:00,0.510678077,0.402664875,0.54849978,0.360383838,0.498279993
2021/5/31 5:00,0.511496601,0.407899789,0.547734963,0.366825534,0.498798258
2021/5/31 6:00,0.511777832,0.411563939,0.549819567,0.359289718,0.499761899
2021/5/31 7:00,0.511607533,0.421152874,0.541388382,0.367714969,0.495387374
2021/5/31 8:00,0.509530026,0.429738649,0.522659445,0.360900636,0.488905251
2021/5/31 9:00,0.510105822,0.434040808,0.534649435,0.38376386,0.493828675
2021/5/31 10:00,0.511653221,0.439337723,0.535111613,0.388171669,0.495565828
2021/5/31 11:00,0.51434715,0.441583798,0.536664791,0.38831261,0.496708929
2021/5/31 12:00,0.516047372,0.445542428,0.566522727,0.394839307,0.50845511
2021/5/31 13:00,0.514684121,0.443427139,0.579742006,0.385205243,0.512208228
2021/5/31 14:00,0.515263469,0.443114062,0.573961476,0.375941527,0.510654683
2021/5/31 15:00,0.513768481,0.440265677,0.57026775,0.360658622,0.509397491
2021/5/31 16:00,0.512259872,0.441247878,0.566672283,0.336989336,0.508673018
2021/5/31 17:00,0.513737488,0.440887949,0.579935368,0.338848266,0.513092613
2021/5/31 18:00,0.512462593,0.436844538,0.554874863,0.353197063,0.503368927
2021/5/31 19:00,0.512949501,0.432298769,0.549909335,0.353322034,0.501229645
2021/5/31 20:00,0.513526107,0.434663731,0.57182064,0.361072253,0.509463373
2021/5/31 21:00,0.513965561,0.436264391,0.546421141,0.343637183,0.499575216
2021/5/31 22:00,0.514237919,0.438174267,0.52439284,0.312763577,0.491456601
2021/5/31 23:00,0.513555221,0.434824656,0.532263304,0.314647779,0.493817536
2021/6/1 0:00,0.511926643,0.428203093,0.536886156,0.317746624,0.494327739
2021/6/1 1:00,0.511584203,0.414373863,0.542148704,0.329747827,0.494253932
2021/6/1 2:00,0.511493796,0.40610911,0.563863529,0.341560288,0.501721783
2021/6/1 3:00,0.512080294,0.405002774,0.559705781,0.356553936,0.500932389
2021/6/1 4:00,0.512173795,0.406671576,0.561820207,0.361449088,0.501422854
2021/6/1 5:00,0.512445767,0.405594013,0.566396266,0.367761702,0.502478842
2021/6/1 6:00,0.512793928,0.412016155,0.569153892,0.370133612,0.504434613
2021/6/1 7:00,0.513813281,0.420974073,0.571826965,0.379880842,0.505306776
2021/6/1 8:00,0.511745052,0.439045622,0.553233835,0.376247763,0.501415838
2021/6/1 9:00,0.511252246,0.442142359,0.545686161,0.377215879,0.499177523
2021/6/1 10:00,0.509251858,0.438091341,0.534975399,0.372906539,0.492441031
2021/6/1 11:00,0.507069082,0.438766745,0.52010318,0.368050571,0.48681095
2021/6/1 12:00,0.510082786,0.432415627,0.554553432,0.385313573,0.500562076
2021/6/1 13:00,0.511492871,0.440643331,0.573608985,0.395945143,0.510664571
2021/6/1 14:00,0.513212441,0.446921528,0.572058709,0.403361113,0.511884306
2021/6/1 15:00,0.512517726,0.44395012,0.566759286,0.402916054,0.508273676
2021/6/1 16:00,0.513998044,0.444765671,0.577088709,0.414199945,0.513976037
2021/6/1 17:00,0.515498864,0.442758997,0.581489762,0.407760733,0.516419037
2021/6/1 18:00,0.515064671,0.435253214,0.582079773,0.396923815,0.514632491
2021/6/1 19:00,0.514252373,0.437052554,0.572321516,0.365926856,0.510738693
2021/6/1 20:00,0.512993069,0.438495112,0.549711403,0.35338327,0.501487029
2021/6/1 21:00,0.512030657,0.438303325,0.549232476,0.349308062,0.501006217
2021/6/1 22:00,0.509642614,0.440195616,0.552718501,0.343893912,0.501206532
2021/6/1 23:00,0.510301647,0.438061886,0.570654903,0.35267867,0.507522933
2021/6/2 0:00,0.511897562,0.428302723,0.567480671,0.387118257,0.507160281
2021/6/2 1:00,0.511726414,0.423466103,0.573470403,0.408570123,0.510424733
2021/6/2 2:00,0.5129944,0.416559332,0.598274024,0.419186729,0.51972533
2021/6/2 3:00,0.511632447,0.41267378,0.581351355,0.408761849,0.511352661
2021/6/2 4:00,0.511872707,0.409032926,0.582163947,0.408204999,0.512297328
2021/6/2 5:00,0.512833665,0.406893534,0.581690272,0.409963953,0.513520979
2021/6/2 6:00,0.512933642,0.410510368,0.582548164,0.412419302,0.513430591
2021/6/2 7:00,0.513336735,0.426806309,0.577210891,0.413104221,0.512675767
2021/6/2 8:00,0.512035613,0.446047723,0.557966097,0.405025665,0.505817871
2021/6/2 9:00,0.513665877,0.452683511,0.575761276,0.424574166,0.514864232
2021/6/2 10:00,0.512224269,0.453168696,0.555589046,0.434198435,0.505567533
2021/6/2 11:00,0.51165074,0.447512459,0.532689086,0.416871382,0.495634956
2021/6/2 12:00,0.50936745,0.452024648,0.562135132,0.444912764,0.507630365
2021/6/2 13:00,0.511723331,0.451057047,0.549103728,0.413367368,0.500263111
2021/6/2 14:00,0.513828993,0.450109459,0.557425065,0.411645174,0.503731804
2021/6/2 15:00,0.513173566,0.44654378,0.552963259,0.404757138,0.501060205
2021/6/2 16:00,0.51425641,0.442894856,0.554916335,0.407178866,0.50172737
2021/6/2 17:00,0.512652482,0.439183811,0.546869052,0.397858304,0.498183445
2021/6/2 18:00,0.512503128,0.433969584,0.531146462,0.38964903,0.492244358
2021/6/2 19:00,0.51349232,0.434883317,0.530718087,0.379873873,0.491989581
2021/6/2 20:00,0.510228957,0.426657329,0.522724345,0.3695532,0.484806529
2021/6/2 21:00,0.509006783,0.424657814,0.495823641,0.352203286,0.473529112
2021/6/2 22:00,0.5078254,0.428251912,0.490195494,0.330176339,0.472029429
2021/6/2 23:00,0.509271266,0.435677016,0.534660127,0.326620761,0.488683
2021/6/3 0:00,0.510319134,0.438590782,0.587443722,0.335206464,0.50734446
2021/6/3 1:00,0.511210628,0.430398005,0.597928393,0.350814764,0.511760673
2021/6/3 2:00,0.510728015,0.420775729,0.58648113,0.414269541,0.509295281
2021/6/3 3:00,0.510997202,0.415888349,0.576420867,0.410104377,0.505601205
2021/6/3 4:00,0.511507857,0.413703609,0.57977964,0.409343177,0.507454843
2021/6/3 5:00,0.512133211,0.417096583,0.576266353,0.404964278,0.505419773
2021/6/3 6:00,0.51301817,0.424099049,0.569072226,0.404257294,0.503752879
2021/6/3 7:00,0.513527135,0.432313053,0.551232434,0.397112704,0.496938993
2021/6/3 8:00,0.514991118,0.442403051,0.538756106,0.408477898,0.493419386
2021/6/3 9:00,0.515038364,0.446095532,0.537639857,0.415190557,0.493535449
2021/6/3 10:00,0.518574947,0.447053796,0.537410432,0.417206713,0.494401077
2021/6/3 11:00,0.515691336,0.443454768,0.52386234,0.404794064,0.48798604
2021/6/3 12:00,0.514962331,0.443067073,0.520685368,0.405357596,0.487096144
2021/6/3 13:00,0.512769826,0.443739396,0.518790732,0.384696983,0.485315896
2021/6/3 14:00,0.514797819,0.450610005,0.533361129,0.394330933,0.493757105
2021/6/3 15:00,0.51314616,0.451169922,0.533545994,0.394890705,0.492671715
2021/6/3 16:00,0.512860311,0.449729221,0.539294278,0.397961323,0.495294385
2021/6/3 17:00,0.513506291,0.446793412,0.544961144,0.38788843,0.498138537
2021/6/3 18:00,0.514158916,0.443888281,0.55278745,0.373732541,0.501277561
2021/6/3 19:00,0.514744422,0.442536466,0.56466241,0.371660339,0.506348441
2021/6/3 20:00,0.51508993,0.440285848,0.565631145,0.375366401,0.507548572
2021/6/3 21:00,0.514781013,0.443612109,0.551000752,0.373570673,0.501372524
2021/6/3 22:00,0.513099778,0.441637055,0.541817559,0.370080169,0.496219404
2021/6/3 23:00,0.512446946,0.441831675,0.550448034,0.37698669,0.498868658
2021/6/4 0:00,0.512734894,0.435425867,0.554935012,0.376750574,0.50008185
2021/6/4 1:00,0.512113339,0.431493455,0.571290132,0.385064031,0.504993682
2021/6/4 2:00,0.510889363,0.428268074,0.573242944,0.384343634,0.504313505
2021/6/4 3:00,0.511940804,0.425404096,0.556245198,0.375865235,0.497846652
2021/6/4 4:00,0.510558422,0.421227075,0.553852505,0.374000135,0.498281159
2021/6/4 5:00,0.512437498,0.419982921,0.554462406,0.370904584,0.499284691
2021/6/4 6:00,0.51288951,0.422823201,0.562506301,0.380929898,0.502108716
2021/6/4 7:00,0.512957224,0.435840586,0.558146397,0.377027823,0.50142578
2021/6/4 8:00,0.508995617,0.444578661,0.545525939,0.426111758,0.496497084
2021/6/4 9:00,0.505895783,0.44825656,0.557501512,0.446764399,0.501365392
2021/6/4 10:00,0.502630087,0.455756332,0.561036549,0.456594084,0.502884316
2021/6/4 11:00,0.502213913,0.462812448,0.575349161,0.472216893,0.510598712
2021/6/4 12:00,0.50548481,0.457515307,0.575814727,0.474769864,0.511999564
2021/6/4 13:00,0.506283234,0.460034975,0.579715922,0.473643549,0.51250472
2021/6/4 14:00,0.506562432,0.450687559,0.581062531,0.448156116,0.510579642
2021/6/4 15:00,0.506603113,0.444071661,0.585882506,0.451560256,0.511008911
2021/6/4 16:00,0.505906484,0.438027892,0.566856164,0.437583964,0.502680572
2021/6/4 17:00,0.50690571,0.434471333,0.547629752,0.412457714,0.494795524
2021/6/4 18:00,0.511867097,0.428212302,0.534213198,0.388703355,0.491071165
2021/6/4 19:00,0.510680003,0.427912512,0.522299527,0.362371612,0.485627151
2021/6/4 20:00,0.510614508,0.427189127,0.52198899,0.360098679,0.484564673
2021/6/4 21:00,0.510075988,0.422701782,0.517876221,0.366659012,0.482480899
2021/6/4 22:00,0.507840924,0.422027269,0.505503789,0.361829683,0.477534542
2021/6/4 23:00,0.503739601,0.422396575,0.508162601,0.359742962,0.476647638
2021/6/5 0:00,0.503196335,0.422895069,0.49469695,0.381708601,0.472299934
2021/6/5 1:00,0.505134495,0.421673413,0.51065899,0.420643856,0.479113023
2021/6/5 2:00,0.505526668,0.422951866,0.541859797,0.439160031,0.490354805
2021/6/5 3:00,0.5069946,0.419109583,0.556937496,0.447395412,0.495120335
2021/6/5 4:00,0.508885591,0.417806474,0.55594249,0.444003225,0.496340065
2021/6/5 5:00,0.508999093,0.417659977,0.556087237,0.444169402,0.498262563
2021/6/5 6:00,0.502549642,0.415267748,0.555873573,0.435325666,0.496685324
2021/6/5 7:00,0.489818727,0.421711259,0.56230792,0.421673196,0.495283907
2021/6/5 8:00,0.484244391,0.433718546,0.558324298,0.417901182,0.491244634
2021/6/5 9:00,0.486294844,0.428365119,0.563817386,0.401910227,0.491478894
2021/6/5 10:00,0.495643427,0.434295618,0.558675524,0.406302487,0.492921976
2021/6/5 11:00,0.489360663,0.440180983,0.549929779,0.408222593,0.490225085
2021/6/5 12:00,0.482433073,0.441152345,0.540998605,0.409784822,0.485640281
2021/6/5 13:00,0.481414332,0.444831968,0.556750141,0.418631914,0.492854583
2021/6/5 14:00,0.483412735,0.449003077,0.571379675,0.429494826,0.50103978
2021/6/5 15:00,0.487343541,0.450204655,0.575882382,0.431645907,0.503076056
2021/6/5 16:00,0.495938576,0.44337194,0.555756606,0.413762088,0.494329236
2021/6/5 17:00,0.499325731,0.432766267,0.516691909,0.386446664,0.479630441
2021/6/5 18:00,0.501760853,0.435195414,0.5232133,0.379000115,0.484684627
2021/6/5 19:00,0.508075531,0.436950804,0.534670736,0.387855159,0.492596284
2021/6/5 20:00,0.509122413,0.439839126,0.537673388,0.388806241,0.494053445
2021/6/5 21:00,0.510196712,0.437777063,0.547784348,0.390108505,0.497762446
2021/6/5 22:00,0.509746961,0.434532159,0.547418644,0.382108444,0.495037946
2021/6/5 23:00,0.505027407,0.432138222,0.542112402,0.36633087,0.489751339
2021/6/6 0:00,0.503559474,0.426481244,0.557642753,0.366173711,0.492472106
2021/6/6 1:00,0.504384613,0.424147919,0.57617639,0.366844501,0.499486861
2021/6/6 2:00,0.500820406,0.423789391,0.57052128,0.360644676,0.496985503
2021/6/6 3:00,0.501275434,0.419364793,0.567853353,0.362960255,0.497469276
2021/6/6 4:00,0.502011938,0.416868435,0.565885639,0.365514575,0.497704602
2021/6/6 5:00,0.501823472,0.416137535,0.570788678,0.419664438,0.500569365
2021/6/6 6:00,0.500280259,0.420826772,0.576480635,0.421642415,0.503605938
2021/6/6 7:00,0.50294734,0.423612423,0.564753723,0.416908582,0.499745927
2021/6/6 8:00,0.504335591,0.427567119,0.571075385,0.419668861,0.502930907
2021/6/6 9:00,0.51426642,0.434632819,0.579064777,0.427551584,0.510975592
2021/6/6 10:00,0.513165973,0.431827312,0.586030108,0.431749649,0.511402584
2021/6/6 11:00,0.512619555,0.433613916,0.597593767,0.423119064,0.514620473
2021/6/6 12:00,0.508183198,0.442978287,0.633741508,0.436895668,0.527346962
2021/6/6 13:00,0.502180719,0.443750271,0.609047109,0.414572793,0.517472141
2021/6/6 14:00,0.505680245,0.442158241,0.613979859,0.42063655,0.521241515
2021/6/6 15:00,0.512560273,0.442066221,0.606546398,0.399538647,0.521272774
2021/6/6 16:00,0.512747778,0.440071897,0.600368778,0.370782189,0.517892731
2021/6/6 17:00,0.516098008,0.447182673,0.623583972,0.392118725,0.527581555
2021/6/6 18:00,0.515838462,0.446217152,0.613826672,0.390706057,0.523809377
2021/6/6 19:00,0.516153838,0.444188444,0.591121244,0.381042681,0.514370718
2021/6/6 20:00,0.515906,0.442102751,0.577586267,0.373180458,0.507025974
2021/6/6 21:00,0.513798534,0.442893936,0.562577394,0.394804101,0.502410489
2021/6/6 22:00,0.509699665,0.437242518,0.540772964,0.392611708,0.494462577
2021/6/6 23:00,0.510723218,0.435308262,0.550262978,0.390980985,0.498792138
2021/6/7 0:00,0.510667815,0.429129976,0.58603371,0.402419467,0.510018584
2021/6/7 1:00,0.509715025,0.415414672,0.625755137,0.420735388,0.524275616
2021/6/7 2:00,0.510126083,0.405751107,0.623149564,0.412075772,0.52192274
2021/6/7 3:00,0.511194389,0.397126298,0.61425603,0.406141826,0.517748755
2021/6/7 4:00,0.512267921,0.398729558,0.60806073,0.39934909,0.514865343
2021/6/7 5:00,0.512837308,0.395926873,0.608165217,0.389797879,0.514775232
2021/6/7 6:00,0.512096398,0.405407214,0.603981547,0.389966282,0.513637331
2021/6/7 7:00,0.512365696,0.41380341,0.605818551,0.390450059,0.515168455
2021/6/7 8:00,0.510478677,0.437866792,0.606514948,0.395643992,0.518490621
2021/6/7 9:00,0.510587643,0.453080097,0.638288202,0.433154211,0.534751704
2021/6/7 10:00,0.510223326,0.463632582,0.649158438,0.479601165,0.539099261
2021/6/7 11:00,0.510189012,0.4605472,0.626193083,0.464823375,0.53217127
2021/6/7 12:00,0.513195072,0.469483492,0.659440689,0.499534254,0.54806672
2021/6/7 13:00,0.514427318,0.463151553,0.634276249,0.469308674,0.536890695
2021/6/7 14:00,0.516365878,0.457126877,0.62757758,0.442661832,0.534196142
2021/6/7 15:00,0.515361603,0.455275167,0.632165455,0.483633978,0.535739694
2021/6/7 16:00,0.515067811,0.449441819,0.633374792,0.487049271,0.53456718
2021/6/7 17:00,0.516962301,0.439252388,0.639820778,0.484983092,0.535748587
2021/6/7 18:00,0.51481652,0.432923197,0.628378726,0.430009042,0.52750316
2021/6/7 19:00,0.511834727,0.430585324,0.590250004,0.384006707,0.510342265
2021/6/7 20:00,0.512874341,0.428527965,0.578326211,0.378046668,0.505489214
2021/6/7 21:00,0.5119571,0.423941726,0.584297626,0.37344701,0.505339737
2021/6/7 22:00,0.510422888,0.421470772,0.562131362,0.356351394,0.495180272
2021/6/7 23:00,0.509192533,0.422351265,0.584358226,0.350059091,0.501477082
2021/6/8 0:00,0.504385118,0.419278985,0.593931571,0.353744595,0.502939167
2021/6/8 1:00,0.505107527,0.407236442,0.618522783,0.367755747,0.509118055
2021/6/8 2:00,0.507798744,0.396781865,0.616887515,0.381028275,0.510067915
2021/6/8 3:00,0.508436628,0.392597086,0.614358005,0.3819337,0.509271324
2021/6/8 4:00,0.508744893,0.39517087,0.617630957,0.385599705,0.511815299
2021/6/8 5:00,0.50833949,0.39708965,0.617434488,0.385212007,0.511116391
2021/6/8 6:00,0.5092394,0.407102259,0.613579488,0.38917688,0.511717757
2021/6/8 7:00,0.510775657,0.422034919,0.608278643,0.409017271,0.514397569
2021/6/8 8:00,0.510930676,0.445105278,0.582036144,0.406356527,0.507864473
2021/6/8 9:00,0.514130598,0.442153193,0.580184345,0.406230671,0.509827613
2021/6/8 10:00,0.515117076,0.447436765,0.588451931,0.415202997,0.51249014
2021/6/8 11:00,0.514852865,0.450423521,0.572876347,0.406399891,0.507769392
2021/6/8 12:00,0.517637678,0.45333386,0.603530841,0.450906455,0.520589775
2021/6/8 13:00,0.520553485,0.453276431,0.596719759,0.417557783,0.519783056
2021/6/8 14:00,0.52099435,0.454078204,0.594140422,0.409274515,0.518213979
2021/6/8 15:00,0.520915466,0.449201959,0.583604893,0.408374222,0.514310317
2021/6/8 16:00,0.52099405,0.445647198,0.586481343,0.428002228,0.514893602
2021/6/8 17:00,0.520506157,0.438105295,0.578788238,0.422176246,0.509594556
2021/6/8 18:00,0.519017774,0.433237806,0.564738912,0.398921917,0.502845029
2021/6/8 19:00,0.517875914,0.429201183,0.541467987,0.348439925,0.490768199
2021/6/8 20:00,0.518219192,0.432622914,0.538990253,0.368744388,0.491269843
2021/6/8 21:00,0.522121539,0.431359845,0.531057995,0.363688788,0.489870967
2021/6/8 22:00,0.516782859,0.431360925,0.519073176,0.347280056,0.48419755
2021/6/8 23:00,0.514788836,0.432506564,0.538964926,0.350600205,0.49049165
2021/6/9 0:00,0.515331313,0.435223536,0.565206682,0.357298356,0.499212681
2021/6/9 1:00,0.513954092,0.433732625,0.587663896,0.365614655,0.507163525
2021/6/9 2:00,0.51354542,0.426375508,0.587872059,0.380653452,0.50816955
2021/6/9 3:00,0.51352179,0.418724181,0.57823281,0.412628146,0.504957786
2021/6/9 4:00,0.514285337,0.416020672,0.581737795,0.411303789,0.50644017
2021/6/9 5:00,0.513819026,0.415040821,0.580641176,0.409789605,0.505940853
2021/6/9 6:00,0.513872696,0.421307585,0.574220289,0.411086739,0.505086752
2021/6/9 7:00,0.513306744,0.432671998,0.577784789,0.42143486,0.508148807
2021/6/9 8:00,0.512389494,0.447532156,0.572026535,0.429965815,0.50798655
2021/6/9 9:00,0.512781535,0.45114351,0.567843455,0.435748363,0.506648067
2021/6/9 10:00,0.512600033,0.451042862,0.552989089,0.413322153,0.499756227
2021/6/9 11:00,0.511352035,0.449877544,0.545608137,0.399128444,0.496892018
2021/6/9 12:00,0.510667536,0.453776974,0.57602706,0.438023047,0.510136355
2021/6/9 13:00,0.510578682,0.448528268,0.561968189,0.439748624,0.502337339
2021/6/9 14:00,0.516429657,0.446921386,0.564013691,0.423961461,0.504773271
2021/6/9 15:00,0.520143395,0.444364942,0.565817475,0.42594866,0.507008673
2021/6/9 16:00,0.521127505,0.440975428,0.563381696,0.433572028,0.506905441
2021/6/9 17:00,0.521551326,0.440918338,0.588992146,0.456978197,0.516341576
2021/6/9 18:00,0.522727491,0.434733462,0.56347512,0.428873506,0.505740666
2021/6/9 19:00,0.521127875,0.429747495,0.53064477,0.394204802,0.490982608
2021/6/9 20:00,0.52178018,0.427608012,0.536387079,0.396274536,0.49258558
2021/6/9 21:00,0.519814116,0.431948118,0.552002589,0.400433935,0.497802554
2021/6/9 22:00,0.519296819,0.430452158,0.551354457,0.388522478,0.497059501
2021/6/9 23:00,0.51567506,0.433300571,0.555483984,0.389619457,0.497516326
2021/6/10 0:00,0.512019224,0.433654198,0.565060993,0.399384717,0.499243071
2021/6/10 1:00,0.512085622,0.434457736,0.592436132,0.410960772,0.50851918
2021/6/10 2:00,0.512157675,0.428433657,0.594711121,0.402704227,0.509745343
2021/6/10 3:00,0.513051644,0.424141086,0.597119381,0.404848932,0.511468052
2021/6/10 4:00,0.512196091,0.420823118,0.594081529,0.409660078,0.5112324
2021/6/10 5:00,0.512618549,0.417868921,0.584821481,0.401904543,0.507598138
2021/6/10 6:00,0.512653755,0.423463141,0.578929154,0.403499006,0.506169362
2021/6/10 7:00,0.512160339,0.433240056,0.578316115,0.408334895,0.507455436
2021/6/10 8:00,0.512816443,0.444627179,0.563666267,0.405622184,0.5032722
2021/6/10 9:00,0.513123361,0.444747394,0.559031075,0.406517126,0.502002983
2021/6/10 10:00,0.511484168,0.443595394,0.553242788,0.409823307,0.498344237
2021/6/10 11:00,0.511713048,0.437468923,0.53950225,0.403167863,0.491594656
2021/6/10 12:00,0.512822198,0.446840472,0.568176744,0.426928067,0.50518114
2021/6/10 13:00,0.514688074,0.445928922,0.570800043,0.428379289,0.507843095
2021/6/10 14:00,0.519891258,0.444334213,0.553348288,0.41713627,0.502355426
2021/6/10 15:00,0.515098416,0.443335022,0.553990775,0.418120941,0.499110233
2021/6/10 16:00,0.51200008,0.445850607,0.55267731,0.432027057,0.499133702
2021/6/10 17:00,0.512797673,0.441957989,0.56538792,0.437088029,0.503950739
2021/6/10 18:00,0.503842076,0.438023962,0.547445178,0.423920124,0.494741778
2021/6/10 19:00,0.498638666,0.432014537,0.523129616,0.4095065,0.482070556
2021/6/10 20:00,0.499387317,0.428426556,0.523470151,0.40519335,0.482509354
2021/6/10 21:00,0.495398199,0.429599383,0.537201276,0.384324481,0.486831123
2021/6/10 22:00,0.49344827,0.423152902,0.528200899,0.371855462,0.482009877
2021/6/10 23:00,0.4939209,0.426257206,0.54284609,0.375646238,0.487463591
2021/6/11 0:00,0.492985348,0.429285588,0.55677212,0.368348024,0.492784901
2021/6/11 1:00,0.494320674,0.418906841,0.570093057,0.370616679,0.497401661
2021/6/11 2:00,0.495826258,0.414692662,0.600863983,0.393557087,0.508635354
2021/6/11 3:00,0.495551684,0.407755471,0.599459426,0.406559407,0.508058564
2021/6/11 4:00,0.495165612,0.408974617,0.597268078,0.403987419,0.507138906
2021/6/11 5:00,0.495104046,0.40994162,0.601180958,0.406663222,0.509006695
2021/6/11 6:00,0.495299337,0.41918702,0.602445564,0.427148169,0.512161332
2021/6/11 7:00,0.493683799,0.437264095,0.577484615,0.441881453,0.506240842
2021/6/11 8:00,0.496532694,0.438539256,0.577196488,0.447417316,0.503330058
2021/6/11 9:00,0.504788633,0.440757271,0.583126822,0.458214787,0.508916272
2021/6/11 10:00,0.504567253,0.438636681,0.542267622,0.421156806,0.493122882
2021/6/11 11:00,0.514769954,0.44949314,0.568830191,0.427595727,0.507432779
2021/6/11 12:00,0.516677174,0.462360796,0.60832596,0.487678164,0.525127273
2021/6/11 13:00,0.517198046,0.460869788,0.602233199,0.482997925,0.521116739
2021/6/11 14:00,0.50996338,0.455718617,0.580615636,0.465424882,0.506932175
2021/6/11 15:00,0.504858929,0.443964101,0.553589305,0.4432644,0.49478998
2021/6/11 16:00,0.507958268,0.450329097,0.568457857,0.447923868,0.504532904
2021/6/11 17:00,0.507597542,0.448149956,0.572255555,0.450140269,0.50485812
2021/6/11 18:00,0.506022917,0.442630077,0.560617825,0.444812873,0.499658624
2021/6/11 19:00,0.504804103,0.435048447,0.534487499,0.390585096,0.487362953
2021/6/11 20:00,0.501643793,0.423674113,0.527505531,0.368217342,0.480972906
2021/6/11 21:00,0.502864962,0.418660176,0.533305713,0.365969674,0.483498262
2021/6/11 22:00,0.503499324,0.415149591,0.543651578,0.365124684,0.487342515
2021/6/11 23:00,0.498922773,0.416828784,0.532479687,0.354512533,0.481794618
2021/6/12 0:00,0.493664078,0.416968417,0.524423242,0.346563303,0.477723192
2021/6/12 1:00,0.492872971,0.412745224,0.536866117,0.366343576,0.483144364
2021/6/12 2:00,0.493206476,0.413203303,0.554625343,0.37656466,0.492766291
2021/6/12 3:00,0.492249379,0.417985323,0.566182552,0.38237996,0.497438703
2021/6/12 4:00,0.49236316,0.409513998,0.56715924,0.384472796,0.497436803
2021/6/12 5:00,0.493213876,0.400954766,0.580191952,0.387463837,0.500422922
2021/6/12 6:00,0.493668688,0.402404305,0.586592106,0.391716792,0.503134775
2021/6/12 7:00,0.494936304,0.410283683,0.586184598,0.397426898,0.506672711
2021/6/12 8:00,0.4953293,0.425266612,0.58099438,0.405949029,0.507719589
2021/6/12 9:00,0.497277367,0.422871384,0.580458818,0.408584439,0.504275364
2021/6/12 10:00,0.505250318,0.426337893,0.584903379,0.421493532,0.507702444
2021/6/12 11:00,0.503545934,0.436476314,0.589626476,0.423175169,0.510068194
2021/6/12 12:00,0.495105702,0.444316958,0.579569376,0.421421215,0.503822393
2021/6/12 13:00,0.493467564,0.449366739,0.579149628,0.420175882,0.501310453
2021/6/12 14:00,0.493811088,0.445502993,0.574317653,0.441046185,0.498315455
2021/6/12 15:00,0.493170575,0.440858358,0.564869439,0.460326378,0.494587717
2021/6/12 16:00,0.490563728,0.430157677,0.528280633,0.432617599,0.479985064
2021/6/12 17:00,0.488498247,0.430102013,0.53414732,0.434920462,0.482951436
2021/6/12 18:00,0.491355698,0.434002984,0.551719485,0.413145085,0.491162848
2021/6/12 19:00,0.493523333,0.432719442,0.549614328,0.398575649,0.489904853
2021/6/12 20:00,0.493333067,0.429594004,0.539509538,0.394626792,0.4859909
2021/6/12 21:00,0.493525173,0.426950395,0.521404116,0.380287371,0.478568744
2021/6/12 22:00,0.491423244,0.417602264,0.525302174,0.376416955,0.47749944
2021/6/12 23:00,0.491221966,0.413701926,0.561657082,0.389941721,0.489333215
2021/6/13 0:00,0.48989921,0.418594508,0.582990549,0.412957027,0.496865568
2021/6/13 1:00,0.490039483,0.417754202,0.581515972,0.426076191,0.496802588
2021/6/13 2:00,0.490033839,0.413538833,0.573989775,0.433372085,0.494922649
2021/6/13 3:00,0.490553815,0.409612337,0.574773256,0.440629775,0.495261402
2021/6/13 4:00,0.490187366,0.403727964,0.580996442,0.441041023,0.496199277
2021/6/13 5:00,0.491956259,0.398971085,0.580469209,0.445387668,0.498000354
2021/6/13 6:00,0.491893466,0.405656804,0.584997179,0.460940729,0.500922222
2021/6/13 7:00,0.492489316,0.412521826,0.582357459,0.46539675,0.502910403
2021/6/13 8:00,0.490274566,0.422861268,0.549436954,0.444326379,0.492367816
2021/6/13 9:00,0.49157075,0.436714032,0.549378228,0.445319461,0.493394167
2021/6/13 10:00,0.490877265,0.443645088,0.538028625,0.431562046,0.48872908
2021/6/13 11:00,0.489175063,0.443208264,0.528875633,0.409866762,0.483669545
2021/6/13 12:00,0.48787488,0.449662126,0.545750043,0.429131102,0.490528085
2021/6/13 13:00,0.497048429,0.44791595,0.548007892,0.392687234,0.492660039
2021/6/13 14:00,0.503013168,0.444709857,0.547496339,0.393021475,0.494074789
2021/6/13 15:00,0.503647434,0.445997389,0.554402115,0.403245491,0.498483906
2021/6/13 16:00,0.504382772,0.439102039,0.570385665,0.412494592,0.503213175
2021/6/13 17:00,0.50380944,0.436947465,0.561212867,0.407820847,0.498791333
2021/6/13 18:00,0.50366136,0.437069042,0.542529256,0.383604615,0.491260387
2021/6/13 19:00,0.503473798,0.437456232,0.533815642,0.375409407,0.488005662
2021/6/13 20:00,0.4940416,0.43754046,0.524469728,0.374659512,0.481140927
2021/6/13 21:00,0.488639599,0.432561583,0.527584026,0.383525464,0.479817101
2021/6/13 22:00,0.488029698,0.433897411,0.530256284,0.38392186,0.481821235
2021/6/13 23:00,0.489115403,0.4279611,0.560034483,0.39655945,0.491624269
2021/6/14 0:00,0.488906832,0.426934519,0.561596981,0.394139513,0.491144954
2021/6/14 1:00,0.488898329,0.426468538,0.585895668,0.432616124,0.499997777
2021/6/14 2:00,0.488718082,0.421986968,0.58115608,0.436644304,0.499726877
2021/6/14 3:00,0.489219284,0.414340891,0.580419306,0.438291547,0.500275791
2021/6/14 4:00,0.489224763,0.410981739,0.576896813,0.438357975,0.499360115
2021/6/14 5:00,0.488544145,0.407351763,0.556808522,0.443392134,0.49243392
2021/6/14 6:00,0.489015255,0.405716209,0.565303165,0.447644761,0.495360954
2021/6/14 7:00,0.48849967,0.411047298,0.576631912,0.457779341,0.500323421
2021/6/14 8:00,0.489246442,0.422286674,0.571143209,0.458567938,0.501494119
2021/6/14 9:00,0.490549944,0.428172643,0.548368402,0.447803129,0.495421214
2021/6/14 10:00,0.48425773,0.430095344,0.545948535,0.449844631,0.491762468
2021/6/14 11:00,0.482625608,0.436447006,0.539122109,0.446580982,0.489124088
2021/6/14 12:00,0.482313399,0.449248802,0.570027348,0.450288521,0.501302178
2021/6/14 13:00,0.488817133,0.449922492,0.552916898,0.4438622,0.496695551
2021/6/14 14:00,0.492152573,0.452185455,0.550826067,0.430643653,0.497275979
2021/6/14 15:00,0.497376521,0.451418509,0.573193046,0.450834961,0.508771252
2021/6/14 16:00,0.494163954,0.442197866,0.573960231,0.435750631,0.50456319
2021/6/14 17:00,0.495866893,0.441430383,0.580903635,0.437828054,0.506159778
2021/6/14 18:00,0.492260429,0.43988656,0.565810854,0.398775786,0.497715721
2021/6/14 19:00,0.494004745,0.43832281,0.553064581,0.391487763,0.493295856
2021/6/14 20:00,0.494888385,0.436933682,0.559660156,0.39520708,0.495307628
2021/6/14 21:00,0.495062752,0.433928623,0.535251851,0.382026101,0.485886765
2021/6/14 22:00,0.490224111,0.427637682,0.526754731,0.37308729,0.48041037
2021/6/14 23:00,0.489279206,0.427722845,0.539187544,0.376867364,0.484852172
2021/6/15 0:00,0.488701821,0.420405749,0.54411989,0.380627547,0.486508096
2021/6/15 1:00,0.489091994,0.416938949,0.556665854,0.39703476,0.491213943
2021/6/15 2:00,0.489825156,0.412345168,0.577010803,0.424985662,0.498848353
2021/6/15 3:00,0.489520114,0.406555843,0.572890494,0.424169078,0.495703417
2021/6/15 4:00,0.490824138,0.401351677,0.575447607,0.424428225,0.497151182
2021/6/15 5:00,0.490334373,0.400235822,0.579980173,0.428782073,0.497648376
2021/6/15 6:00,0.488826609,0.408962037,0.577626138,0.460126738,0.498422069
2021/6/15 7:00,0.488864128,0.417401099,0.577722248,0.462385529,0.501596685
2021/6/15 8:00,0.492610598,0.439464874,0.575388682,0.470319253,0.505327485
2021/6/15 9:00,0.495043511,0.446267675,0.56375909,0.466158515,0.503524104
2021/6/15 10:00,0.491698312,0.445944392,0.548594096,0.456951344,0.494742262
2021/6/15 11:00,0.491422333,0.453497472,0.552362796,0.462699548,0.497174206
2021/6/15 12:00,0.490590348,0.455003141,0.573213274,0.484972896,0.50476614
2021/6/15 13:00,0.492019799,0.453755899,0.563151423,0.475056222,0.498214614
2021/6/15 14:00,0.493600693,0.452763868,0.55571168,0.462341081,0.495783365
2021/6/15 15:00,0.495782279,0.454747173,0.56614768,0.459351748,0.501311231
2021/6/15 16:00,0.495084048,0.453243236,0.55444582,0.44968161,0.497603694
2021/6/15 17:00,0.496101923,0.449429566,0.574227133,0.458901384,0.503310447
2021/6/15 18:00,0.494324138,0.441948954,0.561695929,0.40394722,0.49610578
2021/6/15 19:00,0.49406703,0.437993831,0.548220142,0.393734407,0.490442655
2021/6/15 20:00,0.49438964,0.430985186,0.537881748,0.392490416,0.484178369
2021/6/15 21:00,0.49219508,0.425774613,0.530639617,0.387937166,0.480188325
2021/6/15 22:00,0.489619979,0.418387944,0.548425836,0.390605464,0.484372015
2021/6/15 23:00,0.490173108,0.41340576,0.547666786,0.387227992,0.484896524
2021/6/16 0:00,0.490682311,0.412961122,0.552453316,0.388723731,0.487429229
2021/6/16 1:00,0.488651737,0.398048392,0.562511851,0.407445517,0.490853823
2021/6/16 2:00,0.488914082,0.391717231,0.56985671,0.413738214,0.49381392
2021/6/16 3:00,0.489132868,0.396377785,0.575504037,0.429215908,0.496375706
2021/6/16 4:00,0.490700054,0.399001415,0.574526492,0.426241763,0.497243748
2021/6/16 5:00,0.490564138,0.396297032,0.579171615,0.424682526,0.498040203
2021/6/16 6:00,0.490958035,0.401461165,0.57957224,0.443166455,0.499393694
2021/6/16 7:00,0.49098523,0.415777025,0.584193072,0.468024147,0.503678578
2021/6/16 8:00,0.490328107,0.434600736,0.569115931,0.460102862,0.498684994
2021/6/16 9:00,0.491349946,0.439823955,0.585338929,0.480506214,0.504841958
2021/6/16 10:00,0.491032191,0.44348535,0.581575862,0.484633426,0.502965163
2021/6/16 11:00,0.490646089,0.448675818,0.572062868,0.471275012,0.499971546
2021/6/16 12:00,0.490444503,0.453926611,0.580486397,0.484287878,0.505945174
2021/6/16 13:00,0.4933313,0.456872083,0.566923403,0.461679816,0.502175327
2021/6/16 14:00,0.494986018,0.457525945,0.568721332,0.483236549,0.503230451
2021/6/16 15:00,0.492138626,0.454761903,0.573069387,0.476506189,0.503949901
2021/6/16 16:00,0.49117687,0.449273412,0.570117488,0.463655299,0.501617132
2021/6/16 17:00,0.494784781,0.449946797,0.577203192,0.46742867,0.506326044
2021/6/16 18:00,0.495052415,0.447420402,0.576875887,0.451246097,0.505359113
2021/6/16 19:00,0.493346542,0.440592799,0.545668616,0.427550993,0.49156749
2021/6/16 20:00,0.490942403,0.431788798,0.537300962,0.415754807,0.486484159
2021/6/16 21:00,0.489141788,0.430045021,0.529433013,0.409128588,0.482239433
2021/6/16 22:00,0.487617233,0.427330382,0.532001445,0.405042854,0.481496333
2021/6/16 23:00,0.488152214,0.42397853,0.533935746,0.401565232,0.481129655
2021/6/17 0:00,0.48833266,0.428334987,0.567231983,0.430971869,0.492222911
2021/6/17 1:00,0.48849882,0.421391458,0.592729047,0.451470613,0.5012467
2021/6/17 2:00,0.489002811,0.418010701,0.593081594,0.451224584,0.502565318
2021/6/17 3:00,0.488412863,0.412415965,0.589895899,0.448379348,0.502470057
2021/6/17 4:00,0.488760642,0.413820669,0.583279813,0.443368325,0.50088406
2021/6/17 5:00,0.489739368,0.411919067,0.584257659,0.440852658,0.502211321
2021/6/17 6:00,0.48997423,0.415053634,0.582826391,0.437591321,0.501938915
2021/6/17 7:00,0.490595532,0.429051451,0.5874208,0.453367508,0.508700039
2021/6/17 8:00,0.48865859,0.447277755,0.555593044,0.446811214,0.496397087
2021/6/17 9:00,0.492437478,0.449829254,0.546740677,0.444860548,0.494211948
2021/6/17 10:00,0.49020222,0.453700636,0.551075016,0.464356962,0.495430228
2021/6/17 11:00,0.488593461,0.455720184,0.542807701,0.46019201,0.492525856
2021/6/17 12:00,0.488928656,0.465129455,0.558877054,0.473564836,0.502497975
2021/6/17 13:00,0.491871592,0.465189408,0.548151616,0.46595644,0.497960353
2021/6/17 14:00,0.493076809,0.461122355,0.547489387,0.464900988,0.496300023
2021/6/17 15:00,0.495415558,0.457157774,0.545581349,0.461415705,0.495154168
2021/6/17 16:00,0.504887487,0.459096007,0.557551944,0.46706321,0.503551751
2021/6/17 17:00,0.504419786,0.454913724,0.567344798,0.471844543,0.506064345
2021/6/17 18:00,0.503018695,0.448131048,0.554873591,0.450228228,0.499832956
2021/6/17 19:00,0.502143667,0.445623343,0.548913486,0.409355166,0.495837682
2021/6/17 20:00,0.499855523,0.435648863,0.546408546,0.406291045,0.492314732
2021/6/17 21:00,0.498322599,0.436882673,0.551071368,0.406236537,0.493519061
2021/6/17 22:00,0.498044398,0.436234699,0.557431586,0.408197329,0.495848234
2021/6/17 23:00,0.497565763,0.437108173,0.566188605,0.41499994,0.499312141
2021/6/18 0:00,0.498894366,0.434861249,0.594526096,0.426005352,0.509493639
2021/6/18 1:00,0.498817833,0.427885921,0.616036332,0.434234952,0.51761372
2021/6/18 2:00,0.498531806,0.418557156,0.624544489,0.499154279,0.522106357
2021/6/18 3:00,0.499093128,0.411486453,0.626027924,0.512956171,0.524138433
2021/6/18 4:00,0.499305046,0.40597006,0.61881257,0.507179573,0.520346479
2021/6/18 5:00,0.501160893,0.401840761,0.614021569,0.5012166,0.518071453
2021/6/18 6:00,0.502454096,0.41287856,0.604209185,0.494210065,0.514965034
2021/6/18 7:00,0.50186429,0.430393182,0.606550459,0.502876341,0.518112509
2021/6/18 8:00,0.501542801,0.458090339,0.600706906,0.512050943,0.519753992
2021/6/18 9:00,0.502188545,0.463514388,0.596570034,0.515348073,0.519428106
2021/6/18 10:00,0.503867173,0.463127854,0.578102398,0.501187611,0.514067611
2021/6/18 11:00,0.512554027,0.465508164,0.582539101,0.504292512,0.518619367
2021/6/18 12:00,0.51386683,0.476383408,0.601213018,0.535033005,0.529926822
2021/6/18 13:00,0.514896838,0.480151643,0.591935605,0.515041327,0.525530212
2021/6/18 14:00,0.514481541,0.486182308,0.593719223,0.512545877,0.525403455
2021/6/18 15:00,0.512689017,0.479151366,0.589546589,0.50437414,0.521930941
2021/6/18 16:00,0.511887669,0.468592001,0.583470686,0.490956065,0.517462863
2021/6/18 17:00,0.513678684,0.460977966,0.579596261,0.482249294,0.514716722
2021/6/18 18:00,0.511190718,0.436004737,0.581110451,0.447895543,0.508523279
2021/6/18 19:00,0.509928399,0.418840071,0.565528345,0.405766299,0.49690617
2021/6/18 20:00,0.509618556,0.410517243,0.56525214,0.40608558,0.495781217
2021/6/18 21:00,0.50946993,0.400252769,0.583399484,0.412146684,0.499949767
2021/6/18 22:00,0.510367544,0.413132416,0.593819406,0.419226198,0.5059318
2021/6/18 23:00,0.510464528,0.410784658,0.602321826,0.437908244,0.51043765
2021/6/19 0:00,0.510958587,0.412952065,0.61482339,0.474607621,0.516097533
2021/6/19 1:00,0.510757523,0.40101605,0.640579266,0.516112243,0.524526051
2021/6/19 2:00,0.510612708,0.385757803,0.635785177,0.528147744,0.523588355
2021/6/19 3:00,0.511831297,0.373333535,0.648207919,0.532658899,0.527138356
2021/6/19 4:00,0.512402548,0.351958581,0.652099312,0.533429929,0.529054994
2021/6/19 5:00,0.513194255,0.33949938,0.655800118,0.530895532,0.53042343
2021/6/19 6:00,0.514373183,0.343290667,0.655009705,0.530833143,0.531322002
2021/6/19 7:00,0.514564964,0.354754806,0.643544427,0.528137778,0.527548091
2021/6/19 8:00,0.514235608,0.384750889,0.635444216,0.52787472,0.522810358
2021/6/19 9:00,0.514347256,0.406813498,0.632394726,0.534832061,0.523629336
2021/6/19 10:00,0.513412773,0.41396561,0.631460089,0.538884422,0.524671963
2021/6/19 11:00,0.513795004,0.431538607,0.616461909,0.530287784,0.521222277
2021/6/19 12:00,0.512709632,0.438036722,0.595290215,0.50806865,0.515603062
2021/6/19 13:00,0.511027096,0.443337211,0.593612423,0.505490173,0.513753266
2021/6/19 14:00,0.510539435,0.440408594,0.589433323,0.500376018,0.511093641
2021/6/19 15:00,0.511146083,0.438028136,0.589095865,0.500473026,0.510753019
2021/6/19 16:00,0.512402017,0.436611017,0.586312061,0.483880843,0.508994108
2021/6/19 17:00,0.512865555,0.436298929,0.567433926,0.43678548,0.501508646
2021/6/19 18:00,0.51210157,0.437430765,0.555311357,0.420732773,0.497433681
2021/6/19 19:00,0.509704134,0.435986986,0.538514427,0.413331568,0.491275663
2021/6/19 20:00,0.510954069,0.436855492,0.538371291,0.412079411,0.491156036
2021/6/19 21:00,0.511689425,0.433655642,0.551252674,0.413885228,0.494804621
2021/6/19 22:00,0.51135165,0.423201694,0.582387418,0.431280121,0.502007863
2021/6/19 23:00,0.509362926,0.410641975,0.592401558,0.434259656,0.500670988
2021/6/20 0:00,0.508683439,0.405916245,0.588171093,0.473404642,0.500869813
2021/6/20 1:00,0.509801738,0.414144238,0.615761016,0.519719118,0.512426201
2021/6/20 2:00,0.511289146,0.401440489,0.627848705,0.527708989,0.517842537
2021/6/20 3:00,0.511653714,0.389906863,0.628684355,0.528140166,0.518435766
2021/6/20 4:00,0.51142556,0.381268141,0.628594828,0.52648401,0.518491557
2021/6/20 5:00,0.5107521,0.371807766,0.634104949,0.526420049,0.52167137
2021/6/20 6:00,0.511076453,0.36492276,0.638442147,0.524852747,0.523265092
2021/6/20 7:00,0.511567425,0.362253518,0.63842611,0.523600969,0.522943241
2021/6/20 8:00,0.5106311,0.376820432,0.606216038,0.501920656,0.51026142
2021/6/20 9:00,0.511390123,0.397169684,0.599523719,0.500299213,0.507199104
2021/6/20 10:00,0.511642877,0.406116009,0.590606725,0.500154369,0.503380439
2021/6/20 11:00,0.511071471,0.428228378,0.590178599,0.488652922,0.506959979
2021/6/20 12:00,0.510953256,0.443615421,0.603619595,0.50692411,0.515302012
2021/6/20 13:00,0.511236988,0.442577814,0.573137183,0.48278147,0.50498662
2021/6/20 14:00,0.510763531,0.451532759,0.565751524,0.479205692,0.505456143
2021/6/20 15:00,0.512091342,0.453015247,0.560011225,0.474203055,0.504230603
2021/6/20 16:00,0.513659641,0.446418763,0.550180103,0.446316411,0.499429475
2021/6/20 17:00,0.514309415,0.44532092,0.556600372,0.448411769,0.501702501
2021/6/20 18:00,0.512683962,0.437040721,0.539136994,0.422077078,0.493473148
2021/6/20 19:00,0.512515591,0.434580409,0.524094262,0.399224395,0.487354262
2021/6/20 20:00,0.512713904,0.4305745,0.539611242,0.409210934,0.491578709
2021/6/20 21:00,0.512843027,0.41807259,0.547956761,0.412162013,0.490984846
2021/6/20 22:00,0.511366122,0.413410698,0.571394755,0.428686976,0.498923227
2021/6/20 23:00,0.511449533,0.409707522,0.578764613,0.428674811,0.501326845
2021/6/21 0:00,0.512714143,0.406564276,0.61103473,0.488583932,0.514768225
2021/6/21 1:00,0.51157478,0.408330102,0.634441133,0.49978568,0.521874211
2021/6/21 2:00,0.510227729,0.394251397,0.633851065,0.50883528,0.522005231
2021/6/21 3:00,0.509480176,0.384897939,0.634385178,0.529202958,0.522769453
2021/6/21 4:00,0.510001857,0.374223295,0.639249848,0.532002547,0.525586264
2021/6/21 5:00,0.509597576,0.366372185,0.638860546,0.528084226,0.525986734
2021/6/21 6:00,0.509721954,0.37528395,0.634815792,0.525242864,0.525765534
2021/6/21 7:00,0.509783774,0.400770231,0.630474056,0.52879748,0.524453585
2021/6/21 8:00,0.509983567,0.422956891,0.593235581,0.495836738,0.510994184
2021/6/21 9:00,0.514538215,0.439547968,0.599029934,0.520565534,0.516772581
2021/6/21 10:00,0.513895734,0.44888037,0.593609226,0.523589662,0.516964251
2021/6/21 11:00,0.513645638,0.460491903,0.586114765,0.519159663,0.517690432
2021/6/21 12:00,0.515232187,0.470409187,0.607921958,0.542634245,0.529639972
2021/6/21 13:00,0.515037689,0.464014021,0.579618526,0.512537566,0.516404788
2021/6/21 14:00,0.514934994,0.461679452,0.586725478,0.501255491,0.517258266
2021/6/21 15:00,0.515115045,0.453506284,0.584312297,0.49729644,0.514543423
2021/6/21 16:00,0.516657447,0.448146185,0.574873546,0.477370334,0.51103669
2021/6/21 17:00,0.51675276,0.440454969,0.578084117,0.477450753,0.510949471
2021/6/21 18:00,0.515161336,0.424878923,0.564051754,0.457110673,0.501277894
2021/6/21 19:00,0.514325369,0.424528069,0.559729867,0.448248771,0.499376551
2021/6/21 20:00,0.513101089,0.415922207,0.5617669,0.450685261,0.498574687
2021/6/21 21:00,0.513403126,0.410917717,0.579195973,0.459117755,0.503892272
2021/6/21 22:00,0.512742812,0.418368472,0.597896736,0.469308499,0.511777168
2021/6/21 23:00,0.512153411,0.418718219,0.600598845,0.464232672,0.512447735
2021/6/22 0:00,0.510425881,0.421110947,0.624237985,0.454870299,0.520036754
2021/6/22 1:00,0.509742386,0.412254148,0.648843973,0.455338912,0.529445554
2021/6/22 2:00,0.509701799,0.400512979,0.652413979,0.456787194,0.531649667
2021/6/22 3:00,0.510504544,0.388539002,0.655444421,0.533682955,0.536131632
2021/6/22 4:00,0.510776051,0.377707864,0.661843217,0.555921248,0.538675828
2021/6/22 5:00,0.511688067,0.374031165,0.667779771,0.55794783,0.541668044
2021/6/22 6:00,0.511445791,0.389641594,0.663004882,0.55453195,0.542248885
2021/6/22 7:00,0.512198297,0.413842464,0.6564107,0.555709365,0.543067952
2021/6/22 8:00,0.513334971,0.442513804,0.642611095,0.556512627,0.539213743
2021/6/22 9:00,0.513510529,0.443585528,0.636436117,0.555573399,0.534595909
2021/6/22 10:00,0.513061742,0.445492132,0.6266542,0.548088734,0.530852758
2021/6/22 11:00,0.511736591,0.456360616,0.618945623,0.543313412,0.531055486
2021/6/22 12:00,0.513217646,0.466294729,0.640956538,0.564866479,0.543579791
2021/6/22 13:00,0.513800567,0.465827995,0.618617079,0.533071077,0.531473527
2021/6/22 14:00,0.514323838,0.453251179,0.583896996,0.494371524,0.516334674
2021/6/22 15:00,0.512051147,0.442754425,0.561175279,0.458736487,0.505591842
2021/6/22 16:00,0.509046795,0.434902139,0.560916259,0.458588942,0.503108632
2021/6/22 17:00,0.510263665,0.430797735,0.571408244,0.45375156,0.505048264
2021/6/22 18:00,0.510835124,0.431331866,0.571552835,0.439190296,0.505086091
2021/6/22 19:00,0.513934807,0.434530994,0.554490392,0.408999861,0.49952996
2021/6/22 20:00,0.512882382,0.437663089,0.555593909,0.409628996,0.500205256
2021/6/22 21:00,0.514713133,0.4355906,0.570408578,0.416322619,0.506690971
2021/6/22 22:00,0.51425558,0.434430862,0.61251856,0.458347192,0.5207848
2021/6/22 23:00,0.514097332,0.421776026,0.617927021,0.485737873,0.520567368
2021/6/23 0:00,0.510437856,0.396220336,0.60365108,0.471691781,0.512578864
2021/6/23 1:00,0.508449263,0.385564962,0.618509735,0.479523003,0.517450535
2021/6/23 2:00,0.508858657,0.385027373,0.646877796,0.47257599,0.526799088
2021/6/23 3:00,0.509633335,0.38140233,0.652622511,0.503012039,0.530201014
2021/6/23 4:00,0.511059403,0.371708455,0.654812954,0.533118721,0.533237532
2021/6/23 5:00,0.51098807,0.365488768,0.657430785,0.532912579,0.53449305
2021/6/23 6:00,0.510820124,0.360758252,0.663974864,0.532888495,0.535604176
2021/6/23 7:00,0.511658726,0.366485404,0.662103097,0.536065302,0.53830313
2021/6/23 8:00,0.510281203,0.414718932,0.644719557,0.53510739,0.533733672
2021/6/23 9:00,0.509532641,0.423494448,0.637329509,0.537543845,0.531399775
2021/6/23 10:00,0.50736746,0.427977797,0.629884599,0.535729732,0.527313037
2021/6/23 11:00,0.510762822,0.444761891,0.620985055,0.521473768,0.528210137
2021/6/23 12:00,0.513840626,0.453837085,0.645304107,0.5368689,0.540253567
2021/6/23 13:00,0.512554814,0.445220426,0.598306532,0.503483788,0.52184772
2021/6/23 14:00,0.508833965,0.438512242,0.578706439,0.486107138,0.511160158
2021/6/23 15:00,0.508834533,0.428377333,0.570986099,0.445665631,0.505173723
2021/6/23 16:00,0.509661128,0.421619404,0.573894584,0.408453706,0.505225804
2021/6/23 17:00,0.51329793,0.419256399,0.569453141,0.431598443,0.506062516
2021/6/23 18:00,0.513988848,0.413272252,0.581654296,0.446873984,0.509889649
2021/6/23 19:00,0.513243076,0.413708501,0.5745168,0.424700563,0.506402651
2021/6/23 20:00,0.511698668,0.411617101,0.572749059,0.434378693,0.504692822
2021/6/23 21:00,0.511085004,0.399166054,0.58461013,0.460622946,0.50704714
2021/6/23 22:00,0.509774161,0.393555158,0.586678836,0.450147042,0.505566095
2021/6/23 23:00,0.511410733,0.396055798,0.592070799,0.450900545,0.508632241
2021/6/24 0:00,0.512020885,0.397147283,0.611812638,0.460241054,0.517111392
2021/6/24 1:00,0.511079887,0.37314018,0.647008461,0.510922218,0.528963326
2021/6/24 2:00,0.510575892,0.360279541,0.658875652,0.526290173,0.533047068
2021/6/24 3:00,0.510053059,0.339610018,0.663517173,0.525909503,0.533857004
2021/6/24 4:00,0.509832212,0.337482007,0.664700122,0.525790098,0.536805836
2021/6/24 5:00,0.510526272,0.338099753,0.668216122,0.528078995,0.5387328
2021/6/24 6:00,0.510616271,0.350696973,0.667588132,0.529139776,0.538472431
2021/6/24 7:00,0.51113543,0.373000716,0.66600755,0.542033439,0.539312348
2021/6/24 8:00,0.51036485,0.405771723,0.633485773,0.534683184,0.5288784
2021/6/24 9:00,0.512800353,0.411257154,0.627753533,0.532188084,0.527072297
2021/6/24 10:00,0.515087556,0.428054612,0.633368737,0.543546453,0.53216508
2021/6/24 11:00,0.514266596,0.440507865,0.624879001,0.54091604,0.531309252
2021/6/24 12:00,0.513181264,0.448818483,0.641032926,0.544289728,0.539511276
2021/6/24 13:00,0.515072613,0.441288213,0.592342289,0.485843641,0.520413647
2021/6/24 14:00,0.511212607,0.4346409,0.580003431,0.461379978,0.512044213
2021/6/24 15:00,0.5108803,0.424056334,0.540776142,0.408749779,0.493835568
2021/6/24 16:00,0.510336868,0.422475008,0.555353294,0.417770135,0.499109567
2021/6/24 17:00,0.514843585,0.426905353,0.602933684,0.445765591,0.518774137
2021/6/24 18:00,0.515430881,0.411355643,0.604617173,0.442505481,0.516797489
2021/6/24 19:00,0.51474979,0.383048057,0.595308032,0.433660024,0.508918287
2021/6/24 20:00,0.512805119,0.383045408,0.589604796,0.424872344,0.506474759
2021/6/24 21:00,0.509609124,0.383894588,0.600262301,0.424282847,0.509044992
2021/6/24 22:00,0.507592249,0.371627003,0.603101639,0.434748547,0.508797612
2021/6/24 23:00,0.508728623,0.369832372,0.610621699,0.441217956,0.511728132
2021/6/25 0:00,0.509677414,0.366097593,0.61660028,0.432958363,0.514458121
2021/6/25 1:00,0.508667327,0.347958754,0.630405968,0.473255934,0.519983114
2021/6/25 2:00,0.509408685,0.33089429,0.658221119,0.488482367,0.52981975
2021/6/25 3:00,0.510521095,0.324033478,0.663023746,0.489493029,0.533176244
2021/6/25 4:00,0.510659518,0.316947004,0.65964551,0.489317204,0.533522114
2021/6/25 5:00,0.511067101,0.32923521,0.656400349,0.499730559,0.534673658
2021/6/25 6:00,0.51110893,0.347061765,0.652594809,0.501119311,0.534546175
2021/6/25 7:00,0.510075096,0.393255545,0.649241255,0.515400219,0.540110611
2021/6/25 8:00,0.504427216,0.432134976,0.647800671,0.526818381,0.543233015
2021/6/25 9:00,0.504657772,0.429356112,0.649644194,0.535688838,0.544909102
2021/6/25 10:00,0.5049321,0.436981632,0.636719562,0.512265909,0.540875858
2021/6/25 11:00,0.505380607,0.439667413,0.624168501,0.503497599,0.533806969
2021/6/25 12:00,0.507569822,0.440562409,0.631541605,0.511290297,0.537452344
2021/6/25 13:00,0.511546681,0.427514685,0.607372675,0.498858613,0.527946864
2021/6/25 14:00,0.511246537,0.431412137,0.609295785,0.49855897,0.528588343
2021/6/25 15:00,0.512105425,0.424213112,0.610615175,0.496401602,0.52850521
2021/6/25 16:00,0.509734607,0.417804052,0.607707342,0.464183014,0.524155892
2021/6/25 17:00,0.510033769,0.403564719,0.604686951,0.397207552,0.518451491
2021/6/25 18:00,0.510185892,0.399609489,0.586591847,0.392432607,0.511380141
2021/6/25 19:00,0.509806098,0.396757931,0.573295671,0.388300969,0.505799073
2021/6/25 20:00,0.509309261,0.396067965,0.572277204,0.395075264,0.505048516
2021/6/25 21:00,0.509194396,0.391187096,0.582037473,0.407462249,0.508550662
2021/6/25 22:00,0.508892304,0.396489607,0.57834239,0.402660911,0.505984925
2021/6/25 23:00,0.509163169,0.388500103,0.594421285,0.449797348,0.511322166
2021/6/26 0:00,0.509800896,0.382374112,0.598379353,0.463433645,0.511678099
2021/6/26 1:00,0.509565579,0.364529171,0.620991495,0.471189392,0.517943344
2021/6/26 2:00,0.509781666,0.350345174,0.638711245,0.480932945,0.524246431
2021/6/26 3:00,0.51141032,0.332539757,0.648036916,0.492134152,0.528915298
2021/6/26 4:00,0.510745486,0.326788525,0.652198477,0.4996986,0.529998207
2021/6/26 5:00,0.511622393,0.322525761,0.64912183,0.501389663,0.529378706
2021/6/26 6:00,0.512970999,0.325391829,0.644487613,0.50891898,0.52875755
2021/6/26 7:00,0.513084736,0.344059713,0.642724721,0.517813403,0.528210207
2021/6/26 8:00,0.513612981,0.378801502,0.63608851,0.522425056,0.52984678
2021/6/26 9:00,0.514766787,0.395731675,0.628330218,0.526041576,0.530910411
2021/6/26 10:00,0.512991212,0.381247902,0.629690617,0.528395947,0.527079863
2021/6/26 11:00,0.512427919,0.394056891,0.606225968,0.514985381,0.52120319
2021/6/26 12:00,0.513097608,0.390815535,0.597607358,0.504842293,0.516185035
2021/6/26 13:00,0.512568442,0.386005737,0.604204943,0.49542729,0.517477233
2021/6/26 14:00,0.51198844,0.392497045,0.60512581,0.494227578,0.516823041
2021/6/26 15:00,0.513705118,0.387320794,0.605302188,0.49512425,0.517349223
2021/6/26 16:00,0.512232118,0.378154119,0.598538407,0.489326515,0.513308619
2021/6/26 17:00,0.512177105,0.377871724,0.60575023,0.493715549,0.514222946
2021/6/26 18:00,0.510883757,0.375650132,0.583355765,0.479686833,0.503546701
2021/6/26 19:00,0.50792615,0.379506621,0.565373301,0.396100913,0.49335125
2021/6/26 20:00,0.507997707,0.382418656,0.571851141,0.385363657,0.495193436
2021/6/26 21:00,0.508124001,0.384895065,0.583594193,0.413251753,0.501202484
2021/6/26 22:00,0.509265654,0.396097753,0.602765106,0.460523735,0.510388652
2021/6/26 23:00,0.510989424,0.393302496,0.61115628,0.484040088,0.514136218
2021/6/27 0:00,0.509976879,0.389602966,0.61580998,0.487961206,0.518247029
2021/6/27 1:00,0.51110954,0.381885344,0.644535634,0.501862819,0.529006268
2021/6/27 2:00,0.510474928,0.365627852,0.66647122,0.510110877,0.535772595
2021/6/27 3:00,0.511286327,0.348404869,0.666448254,0.521512768,0.536634998
2021/6/27 4:00,0.510382332,0.338408084,0.658582271,0.525750208,0.531921427
2021/6/27 5:00,0.511075536,0.331920543,0.668971857,0.535085936,0.533970858
2021/6/27 6:00,0.511890397,0.333527481,0.674622862,0.538362295,0.534532181
2021/6/27 7:00,0.511339939,0.339532412,0.668961892,0.5341682,0.532803768
2021/6/27 8:00,0.510754403,0.362909175,0.640597013,0.520612049,0.526721672
2021/6/27 9:00,0.510240997,0.3688292,0.633294366,0.519962438,0.524027111
2021/6/27 10:00,0.510267903,0.391705435,0.621012435,0.501025928,0.520196925
2021/6/27 11:00,0.511069036,0.403976752,0.611266421,0.494374291,0.516321142
2021/6/27 12:00,0.512565709,0.42627585,0.636117795,0.507709994,0.527433174
2021/6/27 13:00,0.515800543,0.438075879,0.605079033,0.446984857,0.517788812
2021/6/27 14:00,0.512776279,0.44755208,0.597800293,0.496374144,0.51737548
2021/6/27 15:00,0.511826272,0.441075915,0.584905777,0.486210181,0.511930727
2021/6/27 16:00,0.511348642,0.431125368,0.565106881,0.470159954,0.502900254
2021/6/27 17:00,0.512683799,0.433805536,0.585174259,0.483069153,0.510252499
2021/6/27 18:00,0.509035407,0.428412107,0.582016727,0.424243922,0.505138735
2021/6/27 19:00,0.511524683,0.424673454,0.564507072,0.409371872,0.49938223
2021/6/27 20:00,0.512234715,0.417811187,0.584789324,0.420493991,0.504613579
2021/6/27 21:00,0.512270487,0.408379909,0.59716624,0.425849105,0.506466051
2021/6/27 22:00,0.508675363,0.399885754,0.59585226,0.448664073,0.504465769
2021/6/27 23:00,0.510780901,0.403660193,0.602748181,0.484872394,0.509621508
2021/6/28 0:00,0.513580088,0.392224996,0.636922042,0.508170129,0.522973647
2021/6/28 1:00,0.513465483,0.372817956,0.65357424,0.516755811,0.529125057
2021/6/28 2:00,0.512597066,0.362499459,0.652266886,0.512426078,0.529096948
2021/6/28 3:00,0.509490863,0.350010928,0.653934929,0.521736475,0.529677807
2021/6/28 4:00,0.510087125,0.334445585,0.658297458,0.53558975,0.532646733
2021/6/28 5:00,0.51029286,0.33549233,0.659747214,0.535464485,0.533354416
2021/6/28 6:00,0.510418531,0.352959911,0.660912738,0.531316929,0.534195707
2021/6/28 7:00,0.511120456,0.38561322,0.6617157,0.537476326,0.538611309
2021/6/28 8:00,0.510434398,0.415870937,0.643686621,0.53766713,0.529547997
2021/6/28 9:00,0.513201688,0.427243672,0.638974374,0.538970424,0.528712743
2021/6/28 10:00,0.510175366,0.435096603,0.628297555,0.535889983,0.526215995
2021/6/28 11:00,0.509808097,0.447832401,0.618475478,0.534524264,0.526787606
2021/6/28 12:00,0.513858701,0.449771327,0.633927504,0.554826287,0.536032063
2021/6/28 13:00,0.513866801,0.448940054,0.598307491,0.480572612,0.521021007
2021/6/28 14:00,0.512795071,0.44360077,0.570822268,0.491189477,0.509789007
2021/6/28 15:00,0.508679148,0.434813309,0.569105018,0.478301306,0.504187107
2021/6/28 16:00,0.507270946,0.425741807,0.547909683,0.432546601,0.49315978
2021/6/28 17:00,0.511856478,0.434634868,0.569467012,0.464669047,0.505145548
2021/6/28 18:00,0.510817869,0.430193914,0.562744564,0.469480532,0.501484002
2021/6/28 19:00,0.511016079,0.427835326,0.543533941,0.415769615,0.493387765
2021/6/28 20:00,0.511370486,0.428380949,0.57365876,0.418369421,0.503950124
2021/6/28 21:00,0.510769961,0.42078207,0.597027751,0.442785176,0.508073218
2021/6/28 22:00,0.509471259,0.412086941,0.607524873,0.441178094,0.508813314
2021/6/28 23:00,0.511528422,0.420855284,0.615753197,0.444053501,0.513880699
2021/6/29 0:00,0.511057894,0.408015625,0.631407609,0.486918169,0.520551283
2021/6/29 1:00,0.510732823,0.399723191,0.644276655,0.519606482,0.526245442
2021/6/29 2:00,0.510570993,0.388939076,0.660383737,0.529005206,0.531357908
2021/6/29 3:00,0.51009007,0.375411869,0.666683022,0.545109074,0.533570904
2021/6/29 4:00,0.509356496,0.36450677,0.667019812,0.549412447,0.532431025
2021/6/29 5:00,0.509856872,0.358297013,0.664497289,0.546675049,0.532522254
2021/6/29 6:00,0.510209014,0.36335981,0.665495661,0.546480475,0.533464511
2021/6/29 7:00,0.509957708,0.38591017,0.656278399,0.53999022,0.531981891
2021/6/29 8:00,0.509267891,0.427759564,0.618803479,0.516472758,0.520802129
2021/6/29 9:00,0.514170186,0.438305987,0.621587029,0.519303998,0.525092153
2021/6/29 10:00,0.513776159,0.445864479,0.624619346,0.504328452,0.527259911
2021/6/29 11:00,0.513275628,0.454362165,0.604201101,0.508962653,0.521712377
2021/6/29 12:00,0.514564589,0.463330146,0.615755291,0.532067772,0.528633487
2021/6/29 13:00,0.50916955,0.435280266,0.541112266,0.418890931,0.491969438
2021/6/29 14:00,0.507557065,0.429923036,0.525272374,0.395453123,0.484091063
2021/6/29 15:00,0.507680398,0.435476654,0.561877647,0.483120796,0.500328046
2021/6/29 16:00,0.508456214,0.437936152,0.573963129,0.497290448,0.505077459
2021/6/29 17:00,0.514750053,0.442492832,0.601063261,0.503798097,0.518278102
2021/6/29 18:00,0.515048596,0.442971051,0.602615343,0.477980076,0.518629627
2021/6/29 19:00,0.51466666,0.430914594,0.599775668,0.477080413,0.514797643
2021/6/29 20:00,0.513210479,0.414948186,0.596629724,0.471483592,0.509026035
2021/6/29 21:00,0.511941284,0.416716742,0.594019754,0.468473528,0.507910284
2021/6/29 22:00,0.510560812,0.411059946,0.594603156,0.457786923,0.506937945
2021/6/29 23:00,0.513091098,0.420981411,0.61166431,0.4505931,0.515573293
2021/6/30 0:00,0.512322076,0.422634838,0.655985015,0.460836929,0.532513956
2021/6/30 1:00,0.511939024,0.406568522,0.659913199,0.482310073,0.53500203
2021/6/30 2:00,0.51106524,0.390979383,0.658791237,0.536145107,0.534911714
2021/6/30 3:00,0.512443064,0.381030651,0.663042032,0.534921449,0.536463597
2021/6/30 4:00,0.512481732,0.378409792,0.667349453,0.537143577,0.538042943
2021/6/30 5:00,0.513073787,0.370196145,0.668880974,0.53596501,0.539403535
2021/6/30 6:00,0.513034764,0.377122395,0.667470099,0.538332046,0.539449291
2021/6/30 7:00,0.513161833,0.397379386,0.660112714,0.541225548,0.540496248
2021/6/30 8:00,0.511225517,0.439419444,0.638190534,0.544577485,0.535020927
2021/6/30 9:00,0.5118611,0.44662802,0.642333544,0.552270323,0.535268019
2021/6/30 10:00,0.510146651,0.445287737,0.628171344,0.530629932,0.526834114
2021/6/30 11:00,0.510026228,0.458298866,0.610546839,0.514012268,0.522756666
2021/6/30 12:00,0.510774441,0.483017564,0.622628389,0.534684419,0.534244392
2021/6/30 13:00,0.513430371,0.474254455,0.612331585,0.518603747,0.529065284
2021/6/30 14:00,0.515278988,0.460675478,0.588784144,0.47336005,0.518000659
2021/6/30 15:00,0.514045554,0.452528835,0.582005591,0.48276828,0.513317589
2021/6/30 16:00,0.513269967,0.440088219,0.567714842,0.451527352,0.504418858
2021/6/30 17:00,0.51456223,0.443059307,0.577058769,0.445390404,0.509377034
2021/6/30 18:00,0.512817175,0.442018001,0.570018657,0.42671743,0.506162882
2021/6/30 19:00,0.512314466,0.446958113,0.561415365,0.42451935,0.504762525
2021/6/30 20:00,0.514256943,0.436384067,0.576200678,0.433053025,0.508113626
2021/6/30 21:00,0.512005324,0.428750246,0.594614938,0.469485735,0.512215658
2021/6/30 22:00,0.510974662,0.445192238,0.607256141,0.473305193,0.519691829
2021/6/30 23:00,0.511814527,0.451921807,0.636337922,0.483797621,0.531022522
2021/7/1 0:00,0.538295162,0.479937421,0.637032425,0.486894937,0.548976426
2021/7/1 1:00,0.536368118,0.476787989,0.633493147,0.481559376,0.547776524
2021/7/1 2:00,0.537488568,0.468553383,0.643618403,0.490895584,0.551766025
2021/7/1 3:00,0.539363154,0.466676273,0.644139578,0.524919772,0.554711332
2021/7/1 4:00,0.538117686,0.465966231,0.641938645,0.532793749,0.555566403
2021/7/1 5:00,0.537937578,0.462759967,0.640672433,0.529912448,0.555337765
2021/7/1 6:00,0.538732427,0.467721974,0.63775161,0.527371752,0.555113956
2021/7/1 7:00,0.539580096,0.474422844,0.631669285,0.525355182,0.553623058
2021/7/1 8:00,0.539733193,0.486930345,0.618062458,0.524690044,0.548898585
2021/7/1 9:00,0.539209158,0.500718769,0.618487846,0.511677385,0.551790663
2021/7/1 10:00,0.536572574,0.495881027,0.605162248,0.484935095,0.544140344
2021/7/1 11:00,0.536868681,0.493357192,0.582040837,0.468909277,0.535241707
2021/7/1 12:00,0.541620765,0.506251329,0.617781152,0.500055114,0.553426232
2021/7/1 13:00,0.540125779,0.50930936,0.602393159,0.490335429,0.547818972
2021/7/1 14:00,0.541142025,0.504607672,0.577992382,0.476033489,0.538230833
2021/7/1 15:00,0.539377303,0.501939746,0.578737176,0.493939453,0.537394799
2021/7/1 16:00,0.53874012,0.49909791,0.577547336,0.492698612,0.536142222
2021/7/1 17:00,0.539396214,0.50040583,0.587181985,0.499466997,0.540084514
2021/7/1 18:00,0.539235527,0.490442882,0.575772143,0.460213298,0.532018455
2021/7/1 19:00,0.538896318,0.481389448,0.576162127,0.433575492,0.527621868
2021/7/1 20:00,0.538733937,0.478493843,0.588361376,0.430558072,0.530730501
2021/7/1 21:00,0.538767861,0.482212387,0.608488285,0.44202175,0.538319587
2021/7/1 22:00,0.537692646,0.484761415,0.613344838,0.462206745,0.541422949
2021/7/1 23:00,0.538526774,0.492482579,0.620652867,0.493963302,0.546065928
2021/7/2 0:00,0.538667266,0.494275429,0.642226398,0.515950907,0.553747269
2021/7/2 1:00,0.539211229,0.505465597,0.643087661,0.517218304,0.559173431
2021/7/2 2:00,0.538644842,0.512466938,0.641726366,0.524785756,0.564299477
2021/7/2 3:00,0.538909034,0.515627557,0.639709969,0.527659822,0.567056627
2021/7/2 4:00,0.537839208,0.515126134,0.633871361,0.535351661,0.565454118
2021/7/2 5:00,0.538425677,0.5152083,0.629687091,0.531608473,0.564358314
2021/7/2 6:00,0.536728469,0.5210806,0.635306557,0.535159025,0.566930561
2021/7/2 7:00,0.528325118,0.524177079,0.630443268,0.530862691,0.563885587
2021/7/2 8:00,0.524173837,0.535714393,0.62160761,0.5166299,0.561901434
2021/7/2 9:00,0.5244515,0.537303098,0.62259229,0.52262543,0.56144823
2021/7/2 10:00,0.524089718,0.538320993,0.60644122,0.511116612,0.556310861
2021/7/2 11:00,0.524426481,0.535564816,0.595882925,0.506208922,0.551358225
2021/7/2 12:00,0.524876124,0.534828811,0.59601446,0.503979744,0.551956868
2021/7/2 13:00,0.525444465,0.536381927,0.586049525,0.492431996,0.548338373
2021/7/2 14:00,0.52591433,0.532578919,0.588089605,0.4943576,0.547663595
2021/7/2 15:00,0.52578637,0.524131521,0.588135045,0.495735245,0.544096011
2021/7/2 16:00,0.524999205,0.505540615,0.561097764,0.470074594,0.528727147
2021/7/2 17:00,0.525361579,0.494419029,0.555326108,0.461729264,0.52255592
2021/7/2 18:00,0.523298708,0.487441999,0.542836755,0.431812674,0.515077712
2021/7/2 19:00,0.525595594,0.484339401,0.536583808,0.397492116,0.511672697
2021/7/2 20:00,0.533569612,0.485338242,0.548751139,0.405713395,0.518371791
2021/7/2 21:00,0.537475673,0.486424976,0.568297446,0.413408017,0.526298664
2021/7/2 22:00,0.530673183,0.483248505,0.576949984,0.413754363,0.526040714
2021/7/2 23:00,0.520630729,0.48575305,0.581128969,0.466051644,0.526058248
2021/7/3 0:00,0.518299309,0.490447029,0.612039744,0.48425844,0.535023299
2021/7/3 1:00,0.518738985,0.488532785,0.645144349,0.499191104,0.545279326
2021/7/3 2:00,0.518752403,0.482152914,0.644745862,0.496166137,0.546837834
2021/7/3 3:00,0.519349499,0.477127998,0.646768164,0.49783521,0.548249186
2021/7/3 4:00,0.519183314,0.477770162,0.639649225,0.493329365,0.545795531
2021/7/3 5:00,0.520938436,0.478519436,0.640533961,0.497087221,0.547537811
2021/7/3 6:00,0.522486214,0.478567994,0.633161978,0.522300834,0.54617284
2021/7/3 7:00,0.523123211,0.482773172,0.628121954,0.523463997,0.547002313
2021/7/3 8:00,0.522197719,0.486841655,0.623609126,0.525949516,0.545165357
2021/7/3 9:00,0.525707496,0.497098974,0.620166998,0.53476327,0.549134648
2021/7/3 10:00,0.52427049,0.500283702,0.626525849,0.543497606,0.55333199
2021/7/3 11:00,0.52127475,0.508557222,0.627909084,0.54806827,0.553317358
2021/7/3 12:00,0.515981052,0.520967032,0.629665038,0.53649275,0.555565554
2021/7/3 13:00,0.515644582,0.527077012,0.630006739,0.537787865,0.556450457
2021/7/3 14:00,0.519659894,0.524630715,0.629815728,0.532141089,0.55537824
2021/7/3 15:00,0.524776526,0.519471902,0.62213102,0.522471079,0.553291071
2021/7/3 16:00,0.52910119,0.50240344,0.622640377,0.520338039,0.547877411
2021/7/3 17:00,0.52713985,0.491807094,0.606916216,0.504849464,0.538443814
2021/7/3 18:00,0.535602163,0.486964017,0.589045657,0.464339781,0.533221224
2021/7/3 19:00,0.533943441,0.482917482,0.579965696,0.42477312,0.527524312
2021/7/3 20:00,0.534465934,0.477572371,0.557582786,0.414169253,0.519449545
2021/7/3 21:00,0.534606366,0.475916504,0.571023617,0.419557153,0.523637784
2021/7/3 22:00,0.536792952,0.478809771,0.593852877,0.428495176,0.532142714
2021/7/3 23:00,0.537624282,0.491029322,0.626772468,0.478973494,0.545971966
2021/7/4 0:00,0.536890466,0.487070461,0.648188664,0.511878369,0.552315155
2021/7/4 1:00,0.536598792,0.482208613,0.645486019,0.525739384,0.552299867
2021/7/4 2:00,0.539015203,0.479975846,0.645496537,0.524986795,0.552841057
2021/7/4 3:00,0.539126308,0.474566179,0.64183935,0.543296984,0.551163826
2021/7/4 4:00,0.538970901,0.471765651,0.639941919,0.541694263,0.551408466
2021/7/4 5:00,0.538821633,0.468440147,0.638682098,0.538340279,0.55093972
2021/7/4 6:00,0.538675898,0.463303081,0.628435894,0.530875033,0.546396382
2021/7/4 7:00,0.538604964,0.464519298,0.62536103,0.532540298,0.545962651
2021/7/4 8:00,0.539294678,0.471221557,0.609497226,0.52072631,0.543582327
2021/7/4 9:00,0.539540041,0.481958421,0.606179393,0.521053396,0.54373885
2021/7/4 10:00,0.538571298,0.484148875,0.601063744,0.521199733,0.541086448
2021/7/4 11:00,0.538783083,0.48785355,0.609875173,0.529420708,0.543940547
2021/7/4 12:00,0.538734462,0.498049233,0.631923391,0.549602118,0.553585166
2021/7/4 13:00,0.538170563,0.49618163,0.617509447,0.522170257,0.54734527
2021/7/4 14:00,0.53981508,0.491444502,0.616123554,0.525736475,0.544925952
2021/7/4 15:00,0.540342422,0.488588711,0.616227186,0.516875397,0.544708913
2021/7/4 16:00,0.537241651,0.483185788,0.614415069,0.504826439,0.54162895
2021/7/4 17:00,0.53750684,0.485058527,0.621087105,0.505028408,0.543022074
2021/7/4 18:00,0.537503581,0.48454339,0.612531156,0.483611138,0.539022637
2021/7/4 19:00,0.535417933,0.480551507,0.601159021,0.443673379,0.532987637
2021/7/4 20:00,0.535632601,0.479513011,0.603616228,0.434577793,0.533103235
2021/7/4 21:00,0.536141478,0.483175052,0.610733203,0.435910286,0.536076336
2021/7/4 22:00,0.535223733,0.48503039,0.591755152,0.420174573,0.529781825
2021/7/4 23:00,0.536852181,0.484632402,0.5966071,0.452194283,0.53301395
2021/7/5 0:00,0.53850823,0.482165732,0.614469317,0.484206796,0.539449224
2021/7/5 1:00,0.53712497,0.47725084,0.636302851,0.49068625,0.545252542
2021/7/5 2:00,0.538358404,0.470996352,0.635929738,0.493484627,0.546812569
2021/7/5 3:00,0.540133751,0.471781586,0.626107288,0.510150446,0.545131708
2021/7/5 4:00,0.540454946,0.468621045,0.620790382,0.528620759,0.543612694
2021/7/5 5:00,0.540163938,0.467318535,0.618851158,0.524550398,0.543004036
2021/7/5 6:00,0.540253826,0.471686903,0.617131988,0.5243579,0.543090232
2021/7/5 7:00,0.538565235,0.479027001,0.613371365,0.522926531,0.542485645
2021/7/5 8:00,0.538242803,0.488345295,0.598508694,0.520505671,0.539231156
2021/7/5 9:00,0.542060306,0.49146768,0.609573857,0.533917821,0.544248177
2021/7/5 10:00,0.536869305,0.492370437,0.601362759,0.52701896,0.539210054
2021/7/5 11:00,0.536543939,0.492527399,0.595601418,0.524680341,0.536306138
2021/7/5 12:00,0.53964278,0.500612326,0.62222662,0.539385688,0.549879765
2021/7/5 13:00,0.539209821,0.498031159,0.609309017,0.496650906,0.54293729
2021/7/5 14:00,0.540736566,0.493119126,0.597163157,0.500042381,0.538064115
2021/7/5 15:00,0.538579199,0.483788919,0.583268323,0.488226254,0.530097344
2021/7/5 16:00,0.539291066,0.480839961,0.579957882,0.466355305,0.527959915
2021/7/5 17:00,0.538929614,0.483506154,0.606595115,0.492976495,0.537945376
2021/7/5 18:00,0.537446068,0.476803129,0.601859316,0.484499796,0.534308738
2021/7/5 19:00,0.53917974,0.474114713,0.592828883,0.458426817,0.530875948
2021/7/5 20:00,0.539364623,0.471237155,0.580460026,0.450349901,0.52526162
2021/7/5 21:00,0.539611283,0.471561615,0.589201395,0.459931864,0.527600959
2021/7/5 22:00,0.53808515,0.468444661,0.589851482,0.485205823,0.52820102
2021/7/5 23:00,0.538755644,0.471421744,0.596531594,0.486302979,0.532673026
2021/7/6 0:00,0.538632546,0.47729199,0.604419514,0.488556288,0.53559429
2021/7/6 1:00,0.537466001,0.475664799,0.624181117,0.45565587,0.539799142
2021/7/6 2:00,0.539061361,0.470461746,0.628879793,0.506882067,0.542973417
2021/7/6 3:00,0.539493865,0.464544606,0.617255738,0.525184245,0.540223255
2021/7/6 4:00,0.538629199,0.46348271,0.608827791,0.516683934,0.536596888
2021/7/6 5:00,0.537549003,0.462074956,0.608778146,0.515039448,0.535815273
2021/7/6 6:00,0.537497609,0.467007365,0.611085895,0.51743195,0.53660218
2021/7/6 7:00,0.537940148,0.472412983,0.62116663,0.507292469,0.543220665
2021/7/6 8:00,0.539947183,0.485582667,0.609593358,0.519735518,0.54027194
2021/7/6 9:00,0.53991924,0.494391627,0.612966501,0.52110882,0.54309994
2021/7/6 10:00,0.537636004,0.499607425,0.595256335,0.50656423,0.53785114
2021/7/6 11:00,0.536474008,0.49464211,0.592580394,0.509299358,0.5342836
2021/7/6 12:00,0.533906876,0.500566779,0.603827462,0.525362711,0.540789788
2021/7/6 13:00,0.538972349,0.502150897,0.605926117,0.531292419,0.543075832
2021/7/6 14:00,0.538479117,0.491590318,0.598476053,0.525565816,0.537351898
2021/7/6 15:00,0.539024383,0.487801442,0.596516874,0.518993374,0.535310166
2021/7/6 16:00,0.53714645,0.479684164,0.576141126,0.493092587,0.526902122
2021/7/6 17:00,0.538148802,0.484613135,0.594181738,0.497417815,0.533652963
2021/7/6 18:00,0.536955437,0.481760258,0.589665747,0.473798462,0.530630609
2021/7/6 19:00,0.537086087,0.478176232,0.578752884,0.446540062,0.526140308
2021/7/6 20:00,0.537691869,0.474754744,0.588738412,0.452863791,0.529616686
2021/7/6 21:00,0.539655929,0.473824661,0.609621044,0.461384298,0.536001743
2021/7/6 22:00,0.538766455,0.469972881,0.605023945,0.463075785,0.534311967
2021/7/6 23:00,0.539480284,0.469398704,0.601519054,0.473702918,0.533832859
2021/7/7 0:00,0.539058726,0.475257086,0.616886312,0.48459762,0.539306571
2021/7/7 1:00,0.538968683,0.476677787,0.618889591,0.489056574,0.54072085
2021/7/7 2:00,0.539227559,0.476799693,0.621072526,0.518333334,0.542749218
2021/7/7 3:00,0.53958226,0.474642905,0.624446103,0.5390468,0.545282932
2021/7/7 4:00,0.539721012,0.471079415,0.622496225,0.536825966,0.544875559
2021/7/7 5:00,0.53993453,0.46943073,0.622493337,0.535539743,0.545388833
2021/7/7 6:00,0.539810199,0.476603479,0.620944117,0.535626663,0.546541901
2021/7/7 7:00,0.538274013,0.487259194,0.6165925,0.530009291,0.547663804
2021/7/7 8:00,0.538686329,0.493784827,0.605126563,0.528826523,0.543536377
2021/7/7 9:00,0.539504484,0.500129072,0.596948375,0.53065726,0.542778346
2021/7/7 10:00,0.537916369,0.493923326,0.586673668,0.523625911,0.53490764
2021/7/7 11:00,0.537323739,0.490897295,0.585065524,0.522595987,0.531946779
2021/7/7 12:00,0.537726655,0.495851125,0.609612719,0.544898416,0.542737281
2021/7/7 13:00,0.538965271,0.493261737,0.606533124,0.506728134,0.540680736
2021/7/7 14:00,0.538058482,0.490315561,0.605505564,0.509571625,0.53932242
2021/7/7 15:00,0.537408751,0.480960692,0.571985451,0.482443557,0.526112656
2021/7/7 16:00,0.538478049,0.483549076,0.568608528,0.47808739,0.526238664
2021/7/7 17:00,0.538478404,0.484442199,0.5785772,0.483583981,0.529884351
2021/7/7 18:00,0.538159728,0.479079663,0.56750908,0.476187161,0.524588398
2021/7/7 19:00,0.536352201,0.472538926,0.549688908,0.467566442,0.5163941
2021/7/7 20:00,0.532712484,0.475385386,0.575088029,0.465865246,0.523842645
2021/7/7 21:00,0.532281843,0.480770425,0.608004582,0.481494106,0.534991567
2021/7/7 22:00,0.53324936,0.477654596,0.605234376,0.473736941,0.533224798
2021/7/7 23:00,0.535120971,0.478224703,0.616567117,0.47775249,0.538091053
2021/7/8 0:00,0.53505291,0.481596084,0.63363083,0.526960087,0.544396439
2021/7/8 1:00,0.536814705,0.479450384,0.643577237,0.531610914,0.548566608
2021/7/8 2:00,0.537595547,0.472223806,0.641600962,0.529195722,0.549168323
2021/7/8 3:00,0.538133172,0.467579293,0.630985732,0.534490262,0.545200764
2021/7/8 4:00,0.537890607,0.465703092,0.626878437,0.539178471,0.544283479
2021/7/8 5:00,0.539136095,0.465364787,0.623475093,0.531655195,0.544715973
2021/7/8 6:00,0.53800409,0.470314555,0.614758974,0.506523012,0.541763592
2021/7/8 7:00,0.536715014,0.480211516,0.615584595,0.510879103,0.543889862
2021/7/8 8:00,0.535442925,0.489268178,0.594658823,0.507230215,0.536455952
2021/7/8 9:00,0.538823585,0.49524617,0.594261331,0.511179267,0.538171125
2021/7/8 10:00,0.539080694,0.497412636,0.597585807,0.507066981,0.539942501
2021/7/8 11:00,0.537676376,0.501263614,0.608944397,0.516897839,0.544312376
2021/7/8 12:00,0.538149037,0.508473456,0.625062926,0.534170474,0.553328218
2021/7/8 13:00,0.539365418,0.5015789,0.609461932,0.520429584,0.544538207
2021/7/8 14:00,0.538014863,0.494640116,0.591717607,0.496367853,0.536134661
2021/7/8 15:00,0.536917185,0.483427059,0.556336547,0.448233525,0.520658491
2021/7/8 16:00,0.536869761,0.484347158,0.539288041,0.422191746,0.51498068
2021/7/8 17:00,0.539433563,0.493625853,0.575141883,0.456596735,0.530907728
2021/7/8 18:00,0.538627116,0.487053841,0.567319537,0.440714185,0.525684552
2021/7/8 19:00,0.538339745,0.476482099,0.551045498,0.416225513,0.516617457
2021/7/8 20:00,0.537490038,0.476205233,0.575320794,0.431925097,0.525019343
2021/7/8 21:00,0.538579847,0.484393342,0.608913459,0.457786872,0.537343478
2021/7/8 22:00,0.537649701,0.478237738,0.607485559,0.452804696,0.535257666
2021/7/8 23:00,0.537811905,0.466756002,0.605950017,0.449189607,0.532473873
2021/7/9 0:00,0.53843253,0.469806526,0.615972251,0.505220491,0.538848788
2021/7/9 1:00,0.538866085,0.467942061,0.6387954,0.525458187,0.549117645
2021/7/9 2:00,0.539309987,0.460065767,0.625750096,0.513241553,0.541947574
2021/7/9 3:00,0.539387442,0.453628534,0.623585168,0.510423416,0.541514144
2021/7/9 4:00,0.538141926,0.453081468,0.622758684,0.509579602,0.542081473
2021/7/9 5:00,0.539840449,0.449903894,0.621849169,0.506867551,0.542545206
2021/7/9 6:00,0.539036706,0.455221304,0.615447369,0.521791527,0.540161929
2021/7/9 7:00,0.539085401,0.467650848,0.619996141,0.541001623,0.543461115
2021/7/9 8:00,0.54078042,0.478756474,0.613905892,0.54362652,0.543401064
2021/7/9 9:00,0.537965892,0.478524365,0.594746135,0.530273858,0.532497475
2021/7/9 10:00,0.537606888,0.474323705,0.572740152,0.512190336,0.523165565
2021/7/9 11:00,0.537522352,0.480417046,0.582176675,0.518712591,0.53001878
2021/7/9 12:00,0.535812639,0.488514858,0.596237287,0.532557736,0.537317921
2021/7/9 13:00,0.537266109,0.490399402,0.586233469,0.523531701,0.533713511
2021/7/9 14:00,0.540369176,0.497668238,0.589607293,0.528573043,0.538112743
2021/7/9 15:00,0.538889744,0.501200104,0.592884196,0.525205889,0.540449066
2021/7/9 16:00,0.539408684,0.499664939,0.598375277,0.525334338,0.542485131
2021/7/9 17:00,0.53870276,0.494639724,0.601403392,0.514102949,0.542408134
2021/7/9 18:00,0.536587477,0.483014109,0.565992895,0.404385356,0.524966013
2021/7/9 19:00,0.532009222,0.480315493,0.544246987,0.38524992,0.514958968
2021/7/9 20:00,0.536599528,0.484167162,0.554927027,0.392263444,0.521776866
2021/7/9 21:00,0.536323409,0.478579375,0.566334847,0.397296521,0.52408265
2021/7/9 22:00,0.536640957,0.474523358,0.571030316,0.443970012,0.526616396
2021/7/9 23:00,0.536997511,0.478477142,0.599559664,0.5178676,0.537301868
2021/7/10 0:00,0.536177566,0.488120614,0.617869979,0.528384406,0.542674079
2021/7/10 1:00,0.537027345,0.489045578,0.647264092,0.545920908,0.551312841
2021/7/10 2:00,0.538748925,0.481526477,0.651615453,0.5477828,0.553527013
2021/7/10 3:00,0.54008589,0.477526177,0.645656881,0.543307667,0.551510445
2021/7/10 4:00,0.536760173,0.471924285,0.639382517,0.538777301,0.548817109
2021/7/10 5:00,0.537528713,0.46715014,0.635941575,0.534099357,0.547963618
2021/7/10 6:00,0.538886207,0.467423601,0.630699012,0.533242053,0.548415618
2021/7/10 7:00,0.542275307,0.47379908,0.627091079,0.533183901,0.549609063
2021/7/10 8:00,0.539583177,0.487284663,0.617770712,0.533198166,0.546004037
2021/7/10 9:00,0.53918039,0.505988883,0.60900434,0.535885632,0.54823967
2021/7/10 10:00,0.542818417,0.507273677,0.609252013,0.541895784,0.549896676
2021/7/10 11:00,0.541199024,0.517600436,0.615054497,0.555163233,0.55446766
2021/7/10 12:00,0.539658737,0.517694458,0.604522648,0.547328773,0.549183493
2021/7/10 13:00,0.538289502,0.517537813,0.601004631,0.544102809,0.547884983
2021/7/10 14:00,0.538947994,0.510402795,0.598977263,0.527736726,0.544599506
2021/7/10 15:00,0.539484541,0.510719836,0.604902711,0.528868107,0.547273142
2021/7/10 16:00,0.538582417,0.508204562,0.612054858,0.53009619,0.54871723
2021/7/10 17:00,0.538009449,0.505810311,0.602581945,0.489094579,0.543557507
2021/7/10 18:00,0.539335715,0.50549469,0.57074984,0.445232497,0.533903843
2021/7/10 19:00,0.538065879,0.501213021,0.550946913,0.435414982,0.525452167
2021/7/10 20:00,0.537305685,0.49545378,0.543248242,0.430660445,0.52099642
2021/7/10 21:00,0.536419212,0.491435894,0.549138429,0.436784562,0.521752429
2021/7/10 22:00,0.538473226,0.489603895,0.569274805,0.496182728,0.529593104
2021/7/10 23:00,0.540591231,0.482324515,0.594042321,0.515875568,0.5370766
2021/7/11 0:00,0.539362196,0.488404337,0.611397218,0.524447128,0.542566511
2021/7/11 1:00,0.538623562,0.490355747,0.636752675,0.540006832,0.551689102
2021/7/11 2:00,0.539039032,0.480596164,0.633479219,0.535653102,0.549963488
2021/7/11 3:00,0.5368614,0.474522061,0.628255615,0.528034699,0.545765816
2021/7/11 4:00,0.536372811,0.473667845,0.629218248,0.527142084,0.546409629
2021/7/11 5:00,0.537208375,0.470277677,0.630000627,0.524629069,0.547508101
2021/7/11 6:00,0.537585742,0.469606499,0.628085211,0.524054109,0.547627927
2021/7/11 7:00,0.537361532,0.47376395,0.623463702,0.528796355,0.547558194
2021/7/11 8:00,0.536724832,0.474726118,0.597570961,0.518950685,0.538222587
2021/7/11 9:00,0.540636665,0.486605496,0.615760632,0.534192029,0.547311013
2021/7/11 10:00,0.542220787,0.495908236,0.620996451,0.540779042,0.551507847
2021/7/11 11:00,0.540553176,0.498147261,0.62044811,0.532466131,0.548480513
2021/7/11 12:00,0.540518569,0.518567061,0.632526928,0.548260055,0.557811522
2021/7/11 13:00,0.541072488,0.515276076,0.60994928,0.526376033,0.550650592
2021/7/11 14:00,0.538095845,0.508934804,0.598021451,0.514282219,0.543856243
2021/7/11 15:00,0.536366579,0.500043871,0.578277386,0.49780358,0.535029237
2021/7/11 16:00,0.537421257,0.493221109,0.554156207,0.478609201,0.525444822
2021/7/11 17:00,0.537314252,0.498450615,0.573585289,0.496565614,0.533435124
2021/7/11 18:00,0.537930179,0.492757375,0.552569247,0.461129452,0.524186089
2021/7/11 19:00,0.536417797,0.490365738,0.541060905,0.436555998,0.518633501
2021/7/11 20:00,0.536973921,0.486000689,0.55115289,0.444792632,0.520507489
2021/7/11 21:00,0.536659857,0.480413726,0.569566882,0.4478375,0.524335336
2021/7/11 22:00,0.536033186,0.483568691,0.58792922,0.450851079,0.530696232
2021/7/11 23:00,0.538003326,0.483993748,0.618839154,0.462389637,0.541012697
2021/7/12 0:00,0.538947505,0.485322698,0.62436109,0.533540349,0.544309826
2021/7/12 1:00,0.539621901,0.482610623,0.641763862,0.546442201,0.551829917
2021/7/12 2:00,0.539106414,0.476008871,0.646633179,0.555896415,0.552714738
2021/7/12 3:00,0.539130048,0.469156795,0.64662547,0.556078313,0.552758964
2021/7/12 4:00,0.537941589,0.46297357,0.640621837,0.551016906,0.549295782
2021/7/12 5:00,0.539658514,0.462682811,0.642838902,0.551503934,0.55199142
2021/7/12 6:00,0.539323281,0.475044965,0.640658099,0.550873604,0.553740689
2021/7/12 7:00,0.539139943,0.483560733,0.641764229,0.556511709,0.554662671
2021/7/12 8:00,0.5386577,0.498772138,0.617023428,0.548559389,0.54954728
2021/7/12 9:00,0.539089637,0.503846565,0.609681231,0.546141043,0.548513148
2021/7/12 10:00,0.539359541,0.50790947,0.611094501,0.550332331,0.549223486
2021/7/12 11:00,0.539648085,0.502145263,0.603675251,0.545494048,0.544000579
2021/7/12 12:00,0.537906708,0.509367313,0.621953411,0.565044753,0.553155439
2021/7/12 13:00,0.537758418,0.510503735,0.601418211,0.499234324,0.544945962
2021/7/12 14:00,0.53778222,0.514159139,0.590172691,0.485828457,0.54279692
2021/7/12 15:00,0.537415949,0.510733784,0.58224632,0.478671496,0.53894517
2021/7/12 16:00,0.535790957,0.503644332,0.565623571,0.462130314,0.530398853
2021/7/12 17:00,0.537067857,0.50084129,0.570514913,0.459076318,0.531435947
2021/7/12 18:00,0.535815018,0.492008931,0.54669692,0.426946188,0.520223671
2021/7/12 19:00,0.535111121,0.488882554,0.530530494,0.408438945,0.513400691
2021/7/12 20:00,0.53470774,0.49230048,0.550675378,0.428645752,0.521613403
2021/7/12 21:00,0.5359484,0.488274875,0.579207828,0.443898634,0.529714239
2021/7/12 22:00,0.537138984,0.487317544,0.608708577,0.479496368,0.53945131
2021/7/12 23:00,0.537849253,0.490437694,0.619433745,0.536791668,0.54508715
2021/7/13 0:00,0.538632231,0.492281622,0.643394537,0.551303903,0.554003657
2021/7/13 1:00,0.538538841,0.485074309,0.648668741,0.557801196,0.556287053
2021/7/13 2:00,0.539110535,0.478031578,0.650805378,0.557791865,0.557626172
2021/7/13 3:00,0.5387673,0.474354559,0.651128373,0.556030934,0.558685268
2021/7/13 4:00,0.538110568,0.470634272,0.651579118,0.556317946,0.559880946
2021/7/13 5:00,0.536946936,0.465579732,0.649612683,0.551535173,0.558026496
2021/7/13 6:00,0.5366859,0.472124035,0.642709369,0.548924491,0.556304728
2021/7/13 7:00,0.536567947,0.480244854,0.635684581,0.548625435,0.554902779
2021/7/13 8:00,0.535584278,0.495637238,0.616702283,0.543416345,0.547232212
2021/7/13 9:00,0.537026739,0.498619924,0.618770117,0.549184999,0.547721607
2021/7/13 10:00,0.536277069,0.500012679,0.615534165,0.551614758,0.5463409
2021/7/13 11:00,0.536437615,0.503232436,0.614077911,0.552164187,0.546308513
2021/7/13 12:00,0.536177834,0.509688478,0.628860749,0.568193033,0.554238097
2021/7/13 13:00,0.538699561,0.509710055,0.608507939,0.550434726,0.547690626
2021/7/13 14:00,0.53888687,0.507035593,0.590397822,0.529672471,0.54092057
2021/7/13 15:00,0.537044076,0.506475464,0.58552532,0.509454996,0.537592687
2021/7/13 16:00,0.536217163,0.497831827,0.563070249,0.479859043,0.527714529
2021/7/13 17:00,0.539344616,0.498083559,0.56644787,0.469202982,0.529847371
2021/7/13 18:00,0.537046082,0.493571451,0.55551281,0.462718946,0.524007756
2021/7/13 19:00,0.536221047,0.491502726,0.54271571,0.444968915,0.518839812
2021/7/13 20:00,0.536575208,0.491978132,0.564226563,0.459266588,0.526593011
2021/7/13 21:00,0.537214413,0.489062318,0.599360592,0.480493514,0.536724307
2021/7/13 22:00,0.536866741,0.486046372,0.600463357,0.513224956,0.536460151
2021/7/13 23:00,0.537090576,0.485381639,0.61405976,0.522298902,0.54143887
2021/7/14 0:00,0.538683702,0.490978761,0.641875529,0.538189085,0.551705416
2021/7/14 1:00,0.538558623,0.490028223,0.644163327,0.540513381,0.554068436
2021/7/14 2:00,0.538983674,0.486425787,0.648500047,0.546133453,0.556834126
2021/7/14 3:00,0.53789742,0.481714779,0.646408386,0.55514079,0.557758081
2021/7/14 4:00,0.538821055,0.478660251,0.645280603,0.552659585,0.558058825
2021/7/14 5:00,0.539919072,0.477887326,0.64636703,0.549891727,0.559202242
2021/7/14 6:00,0.539963415,0.485212334,0.643546811,0.549712686,0.559776071
2021/7/14 7:00,0.540150868,0.497305516,0.63810875,0.550453293,0.560998788
2021/7/14 8:00,0.538927263,0.501117075,0.615876113,0.539967371,0.551606749
2021/7/14 9:00,0.538660832,0.502328634,0.61514156,0.545065367,0.550420103
2021/7/14 10:00,0.538084441,0.501324309,0.611028903,0.544927235,0.547040603
2021/7/14 11:00,0.536475507,0.500305203,0.605938029,0.50714248,0.542814589
2021/7/14 12:00,0.536843628,0.50940309,0.61202944,0.551191229,0.549140946
2021/7/14 13:00,0.536352852,0.506787101,0.58191921,0.494199503,0.537126045
2021/7/14 14:00,0.53646502,0.506404895,0.573499424,0.512618923,0.53499718
2021/7/14 15:00,0.537077183,0.502264061,0.563944658,0.504876002,0.53050975
2021/7/14 16:00,0.536286049,0.498900145,0.552171732,0.480134984,0.524727686
2021/7/14 17:00,0.538926366,0.502713248,0.571798959,0.489846736,0.533342098
2021/7/14 18:00,0.536185771,0.49849195,0.557237262,0.43654608,0.525620382
2021/7/14 19:00,0.535994605,0.495345442,0.546776379,0.432332785,0.521078561
2021/7/14 20:00,0.536476825,0.499504084,0.571130303,0.44851578,0.53067086
2021/7/14 21:00,0.53538161,0.493072107,0.594435763,0.47122991,0.535970093
2021/7/14 22:00,0.535859574,0.48568952,0.591191249,0.463923469,0.533237044
2021/7/14 23:00,0.536409679,0.489702918,0.623373359,0.48252993,0.544659299
2021/7/15 0:00,0.538304569,0.499919488,0.646102867,0.527305835,0.555418632
2021/7/15 1:00,0.537005133,0.495723345,0.64752522,0.560760154,0.555677222
2021/7/15 2:00,0.539442877,0.491200012,0.651355254,0.561988119,0.558008147
2021/7/15 3:00,0.539118749,0.484896759,0.652814894,0.56067039,0.558620003
2021/7/15 4:00,0.540176084,0.479777824,0.653888825,0.559945402,0.560231978
2021/7/15 5:00,0.539217805,0.476256147,0.648992466,0.554454529,0.559114405
2021/7/15 6:00,0.539656092,0.479052286,0.644346737,0.551956452,0.558580946
2021/7/15 7:00,0.53965462,0.48402147,0.641886448,0.555218878,0.559269008
2021/7/15 8:00,0.539111242,0.499107796,0.627308352,0.552673772,0.5557389
2021/7/15 9:00,0.53911198,0.503185,0.617220543,0.549132484,0.55206482
2021/7/15 10:00,0.538883533,0.508277015,0.614326494,0.551446738,0.551522338
2021/7/15 11:00,0.535312383,0.499478304,0.600603971,0.540933764,0.542243658
2021/7/15 12:00,0.540610791,0.505624453,0.619371082,0.562496755,0.553211114
2021/7/15 13:00,0.537561598,0.501631403,0.598556542,0.543355685,0.542506334
2021/7/15 14:00,0.537085884,0.500346173,0.588549771,0.532638309,0.538202724
2021/7/15 15:00,0.539808567,0.498889813,0.595713014,0.537721013,0.540211328
2021/7/15 16:00,0.538393585,0.490907685,0.593169063,0.527054092,0.53684482
2021/7/15 17:00,0.539827197,0.488454372,0.595869494,0.514265802,0.537853142
2021/7/15 18:00,0.539162425,0.489181957,0.591148424,0.501221415,0.535769308
2021/7/15 19:00,0.537522889,0.487072873,0.584005672,0.475812818,0.531513867
2021/7/15 20:00,0.537672667,0.481816887,0.584536193,0.473698314,0.531080223
2021/7/15 21:00,0.537348073,0.478150861,0.585926477,0.469101573,0.532248766
2021/7/15 22:00,0.534572018,0.474033721,0.582139313,0.461915087,0.529738457
2021/7/15 23:00,0.534231782,0.481470545,0.589660359,0.491049813,0.53455601
2021/7/16 0:00,0.533602377,0.484729774,0.616314523,0.505011136,0.543988349
2021/7/16 1:00,0.534650238,0.490029003,0.6334288,0.514829899,0.551693073
2021/7/16 2:00,0.534599263,0.485773844,0.64745602,0.533686169,0.556790235
2021/7/16 3:00,0.533704802,0.481421153,0.648653492,0.547832136,0.557509748
2021/7/16 4:00,0.532682305,0.476768032,0.648065344,0.552468622,0.557498452
2021/7/16 5:00,0.533094883,0.474621757,0.648584529,0.550497503,0.558518363
2021/7/16 6:00,0.530718883,0.484494901,0.644969132,0.548837685,0.559802988
2021/7/16 7:00,0.533255153,0.494897574,0.641179193,0.553362726,0.562664384
2021/7/16 8:00,0.531303475,0.506320617,0.623093637,0.552382289,0.555598405
2021/7/16 9:00,0.529612874,0.503578147,0.618331959,0.554940605,0.550798025
2021/7/16 10:00,0.528926099,0.502401156,0.611405605,0.547728925,0.547803367
2021/7/16 11:00,0.530375196,0.50420322,0.603473542,0.543548265,0.546017459
2021/7/16 12:00,0.531013999,0.503973532,0.61097829,0.549505326,0.549201282
2021/7/16 13:00,0.52982005,0.503876093,0.608301495,0.547624676,0.545657606
2021/7/16 14:00,0.531805243,0.505301154,0.612647032,0.547604852,0.547645451
2021/7/16 15:00,0.531759163,0.506947909,0.620009962,0.556524644,0.550926781
2021/7/16 16:00,0.531232665,0.504150937,0.620181993,0.552288731,0.549127611
2021/7/16 17:00,0.530447784,0.50134283,0.617305706,0.534666541,0.547031302
2021/7/16 18:00,0.530103665,0.492122746,0.595361211,0.4984284,0.536113481
2021/7/16 19:00,0.528213546,0.485633733,0.582048171,0.471181727,0.528897189
2021/7/16 20:00,0.526725002,0.484626087,0.575489463,0.465471769,0.525740243
2021/7/16 21:00,0.525996441,0.488493744,0.588827945,0.472463417,0.531332813
2021/7/16 22:00,0.526618295,0.486395846,0.596189532,0.472377892,0.534767001
2021/7/16 23:00,0.534011909,0.487165571,0.602350677,0.468773235,0.539734984
2021/7/17 0:00,0.536579544,0.486080597,0.604204521,0.483121723,0.542375351
2021/7/17 1:00,0.538313806,0.484522152,0.614765976,0.505340413,0.546933049
2021/7/17 2:00,0.537112121,0.480621381,0.650937856,0.530485307,0.5589158
2021/7/17 3:00,0.537412128,0.482537194,0.652930694,0.531957203,0.561344651
2021/7/17 4:00,0.536615238,0.475241143,0.646638092,0.528031345,0.557337106
2021/7/17 5:00,0.53673813,0.473896356,0.644849678,0.525268434,0.557608379
2021/7/17 6:00,0.529137631,0.473643027,0.649271408,0.528259976,0.557286432
2021/7/17 7:00,0.524650524,0.483288999,0.62593218,0.515832124,0.551095356
2021/7/17 8:00,0.525312624,0.489771246,0.61772148,0.532114827,0.549975478
2021/7/17 9:00,0.526906237,0.490809892,0.6182816,0.540488695,0.549930707
2021/7/17 10:00,0.525940816,0.500800931,0.608814821,0.539354307,0.548912984
2021/7/17 11:00,0.525085499,0.500139217,0.602226132,0.537023796,0.543859109
2021/7/17 12:00,0.525902774,0.503124633,0.587161554,0.528878996,0.538080926
2021/7/17 13:00,0.526532055,0.506467882,0.597175541,0.536920864,0.542161369
2021/7/17 14:00,0.526120665,0.504145613,0.604265119,0.539526533,0.543405683
2021/7/17 15:00,0.528003952,0.502438959,0.61104224,0.543811753,0.545536143
2021/7/17 16:00,0.5338628,0.501462976,0.617173419,0.531863979,0.548934667
2021/7/17 17:00,0.538364458,0.498190115,0.612810529,0.530565716,0.547720268
2021/7/17 18:00,0.537678504,0.494518841,0.607780816,0.515135586,0.544393936
2021/7/17 19:00,0.53531585,0.48637064,0.581945846,0.454716894,0.532227642
2021/7/17 20:00,0.535055956,0.485110467,0.571366486,0.447364436,0.528032284
2021/7/17 21:00,0.535124039,0.482147526,0.584747051,0.452903446,0.532424942
2021/7/17 22:00,0.534733801,0.480625415,0.59899788,0.464703505,0.53687013
2021/7/17 23:00,0.534647686,0.484674499,0.598236536,0.518568903,0.539522583
2021/7/18 0:00,0.535964576,0.486530721,0.614880394,0.536201447,0.546449875
2021/7/18 1:00,0.533392666,0.491030644,0.634138175,0.548831219,0.553467142
2021/7/18 2:00,0.536244653,0.483601534,0.641285792,0.552650866,0.55629582
2021/7/18 3:00,0.535723593,0.470386422,0.636088305,0.546264154,0.552886844
2021/7/18 4:00,0.536347116,0.467719542,0.639509851,0.548083947,0.554885658
2021/7/18 5:00,0.537382376,0.47294936,0.639535777,0.548331751,0.556888245
2021/7/18 6:00,0.537926299,0.474203079,0.639473245,0.54801537,0.558384425
2021/7/18 7:00,0.538439705,0.476043619,0.638099247,0.546938111,0.55795017
2021/7/18 8:00,0.538705532,0.480191465,0.616267788,0.534907963,0.550624083
2021/7/18 9:00,0.538741876,0.487252543,0.617239328,0.540302978,0.552524997
2021/7/18 10:00,0.537744893,0.490213032,0.613427893,0.542881841,0.549034534
2021/7/18 11:00,0.537486799,0.490202667,0.610135017,0.532674862,0.545900985
2021/7/18 12:00,0.537509882,0.499731636,0.632125703,0.549079254,0.554629189
2021/7/18 13:00,0.537810022,0.497470365,0.617092326,0.53604292,0.547826512
2021/7/18 14:00,0.537864444,0.499356872,0.612826149,0.529994457,0.546337286
2021/7/18 15:00,0.535426663,0.493005395,0.602395503,0.518599379,0.540688179
2021/7/18 16:00,0.535698896,0.489704364,0.59242796,0.510622232,0.536558699
2021/7/18 17:00,0.537314642,0.486606856,0.600256842,0.512556636,0.537577047
2021/7/18 18:00,0.536074018,0.479311289,0.567539807,0.426314382,0.522510914
2021/7/18 19:00,0.535881659,0.473946483,0.544960547,0.384309611,0.512946665
2021/7/18 20:00,0.535728425,0.476862758,0.57131582,0.412837508,0.522367559
2021/7/18 21:00,0.536311151,0.480212611,0.603915266,0.467881553,0.534268288
2021/7/18 22:00,0.536924706,0.483230729,0.607353039,0.513070488,0.537620567
2021/7/18 23:00,0.540060707,0.485334251,0.629524847,0.525006886,0.547025791
2021/7/19 0:00,0.538896444,0.482175625,0.648357105,0.541281944,0.553639783
2021/7/19 1:00,0.539099467,0.477587264,0.65248747,0.54872705,0.555911722
2021/7/19 2:00,0.538400151,0.470676411,0.647372731,0.542663701,0.553983477
2021/7/19 3:00,0.536835715,0.465902369,0.639899885,0.538265946,0.551091672
2021/7/19 4:00,0.535267811,0.46646452,0.636125798,0.53586092,0.549879806
2021/7/19 5:00,0.537688372,0.46550539,0.641322566,0.538475868,0.552367721
2021/7/19 6:00,0.537784606,0.468631309,0.640462681,0.53786695,0.5534769
2021/7/19 7:00,0.537587147,0.480948818,0.632985279,0.541067997,0.553724691
2021/7/19 8:00,0.536402197,0.489770297,0.611302125,0.540104561,0.544924005
2021/7/19 9:00,0.537724729,0.493312607,0.619412336,0.54929822,0.548393135
2021/7/19 10:00,0.539265426,0.500709571,0.623318315,0.556057803,0.551795274
2021/7/19 11:00,0.536932996,0.499881208,0.612522801,0.547721497,0.545983979
2021/7/19 12:00,0.536484931,0.506456896,0.625102429,0.561579732,0.55346149
2021/7/19 13:00,0.533754158,0.506591157,0.596519855,0.536743129,0.542149835
2021/7/19 14:00,0.533994254,0.507966836,0.596787336,0.537031058,0.542538871
2021/7/19 15:00,0.536061626,0.50488742,0.58773813,0.527597551,0.539201161
2021/7/19 16:00,0.535953994,0.501723957,0.583431241,0.521164386,0.536554497
2021/7/19 17:00,0.535772,0.496356964,0.598731648,0.531813039,0.539755681
2021/7/19 18:00,0.535421538,0.493172895,0.580350057,0.498992614,0.532685735
2021/7/19 19:00,0.535626075,0.493723327,0.572982007,0.437106323,0.529043498
2021/7/19 20:00,0.535834162,0.490585432,0.587747045,0.460112727,0.532818575
2021/7/19 21:00,0.535858308,0.484165619,0.608879819,0.467536793,0.537124005
2021/7/19 22:00,0.536810365,0.486498122,0.61637222,0.473292916,0.540038577
2021/7/19 23:00,0.537519581,0.487679871,0.62395742,0.53379219,0.545301025
2021/7/20 0:00,0.538164066,0.495884055,0.637405715,0.550482547,0.551724756
2021/7/20 1:00,0.539991405,0.49791343,0.649798083,0.558894073,0.557284374
2021/7/20 2:00,0.537661909,0.490565558,0.647750707,0.556209777,0.556153439
2021/7/20 3:00,0.537090572,0.485888075,0.644040942,0.55262792,0.555937754
2021/7/20 4:00,0.537130859,0.482357394,0.645686801,0.553635959,0.557383566
2021/7/20 5:00,0.53799864,0.481761691,0.646137301,0.55306739,0.558802969
2021/7/20 6:00,0.538478478,0.484934399,0.642596949,0.550563109,0.557626556
2021/7/20 7:00,0.537636316,0.48721703,0.640362702,0.551102681,0.557463696
2021/7/20 8:00,0.538256089,0.49243871,0.627759615,0.550996708,0.553290767
2021/7/20 9:00,0.5386191,0.496333238,0.61622361,0.547161201,0.548602855
2021/7/20 10:00,0.539394107,0.497565748,0.611362117,0.54552141,0.546169406
2021/7/20 11:00,0.539124921,0.499776617,0.613293127,0.549676421,0.546330098
2021/7/20 12:00,0.536859322,0.503985236,0.626862199,0.565551342,0.552534329
2021/7/20 13:00,0.537627236,0.508164762,0.615392272,0.546960318,0.548930365
2021/7/20 14:00,0.53928722,0.51112508,0.614309737,0.543775039,0.549687417
2021/7/20 15:00,0.538381294,0.510910177,0.606208918,0.53351736,0.546726969
2021/7/20 16:00,0.536041357,0.498767182,0.574037479,0.487743831,0.53209539
2021/7/20 17:00,0.536140482,0.501591314,0.588472838,0.521223004,0.538019406
2021/7/20 18:00,0.535754182,0.498280026,0.58083089,0.446089705,0.533004749
2021/7/20 19:00,0.536130591,0.497119443,0.581323813,0.442162991,0.532712473
2021/7/20 20:00,0.53640442,0.497331938,0.599625369,0.452229162,0.537905648
2021/7/20 21:00,0.536014238,0.489213152,0.610318238,0.489539358,0.538866192
2021/7/20 22:00,0.536098127,0.48762978,0.613139098,0.492998248,0.539236626
2021/7/20 23:00,0.53660154,0.48918478,0.616809781,0.505204797,0.542130095
2021/7/21 0:00,0.538728395,0.49206414,0.637904165,0.550430822,0.551487875
2021/7/21 1:00,0.540829406,0.485469983,0.650731496,0.559114405,0.556319478
2021/7/21 2:00,0.539751079,0.475530396,0.651906644,0.557279733,0.555724969
2021/7/21 3:00,0.538990735,0.473610391,0.651042766,0.552967149,0.557124813
2021/7/21 4:00,0.538728509,0.46529326,0.649343398,0.551725594,0.555436538
2021/7/21 5:00,0.539139598,0.464010632,0.646628165,0.550257584,0.554891435
2021/7/21 6:00,0.538835165,0.47186219,0.641245765,0.547691072,0.555324992
2021/7/21 7:00,0.53868614,0.48027151,0.63778218,0.547303517,0.555754845
2021/7/21 8:00,0.539182279,0.487895564,0.626602875,0.547821619,0.552473011
2021/7/21 9:00,0.539710816,0.494390049,0.619437507,0.548753437,0.549652108
2021/7/21 10:00,0.539016263,0.491259489,0.614617854,0.54615523,0.545060256
2021/7/21 11:00,0.537907055,0.494735681,0.614617073,0.551399605,0.545173938
2021/7/21 12:00,0.534080004,0.497611474,0.624848474,0.564222373,0.549685721
2021/7/21 13:00,0.537152286,0.502474527,0.613681744,0.553932254,0.547178046
2021/7/21 14:00,0.53672621,0.508564121,0.612512649,0.546779822,0.548869891
2021/7/21 15:00,0.538090569,0.504118976,0.595372859,0.513656746,0.54188481
2021/7/21 16:00,0.537360374,0.497453558,0.571729841,0.464382135,0.531168683
2021/7/21 17:00,0.537397138,0.497465858,0.576013413,0.475230388,0.532658359
2021/7/21 18:00,0.537051481,0.490334895,0.549134924,0.424437328,0.520999323
2021/7/21 19:00,0.536565602,0.487279978,0.531462242,0.412116291,0.514367093
2021/7/21 20:00,0.53626245,0.4888328,0.556321761,0.429596798,0.523702939
2021/7/21 21:00,0.536136171,0.491024878,0.601831834,0.466327652,0.539470966
2021/7/21 22:00,0.538397176,0.486619747,0.619726468,0.526021596,0.544939812
2021/7/21 23:00,0.540703738,0.480727685,0.62484855,0.530104179,0.546523403
2021/7/22 0:00,0.541137385,0.480729255,0.634905509,0.545724079,0.549733667
2021/7/22 1:00,0.539775918,0.48375897,0.647245685,0.559881687,0.554262633
2021/7/22 2:00,0.539327989,0.478880888,0.650401185,0.560516621,0.555615368
2021/7/22 3:00,0.539933337,0.475597928,0.649117534,0.559122016,0.5564819
2021/7/22 4:00,0.536206867,0.468716926,0.647378817,0.554227567,0.554482908
2021/7/22 5:00,0.537863612,0.465332238,0.645516564,0.55267067,0.555044454
2021/7/22 6:00,0.538217412,0.470987961,0.644338903,0.550529359,0.555010685
2021/7/22 7:00,0.537346198,0.480130204,0.64119013,0.551161599,0.555306643
2021/7/22 8:00,0.537303622,0.483735516,0.62316893,0.545196087,0.548756836
2021/7/22 9:00,0.53731019,0.487708633,0.617591945,0.548243192,0.547668978
2021/7/22 10:00,0.539458737,0.489724735,0.617385886,0.550652003,0.547805123
2021/7/22 11:00,0.537140154,0.495905493,0.618714294,0.550956893,0.546912754
2021/7/22 12:00,0.538811928,0.504527123,0.631414217,0.565708422,0.555145782
2021/7/22 13:00,0.540015365,0.504729355,0.611465934,0.549688233,0.548100729
2021/7/22 14:00,0.536758481,0.504184874,0.602602907,0.541991329,0.544383233
2021/7/22 15:00,0.536995976,0.499588072,0.588734743,0.530621327,0.538960455
2021/7/22 16:00,0.536349539,0.49461237,0.569429479,0.505628472,0.530595701
2021/7/22 17:00,0.536549399,0.49895794,0.592429912,0.519265257,0.539349145
2021/7/22 18:00,0.536046474,0.493217203,0.572067518,0.487120767,0.531014172
2021/7/22 19:00,0.536380383,0.491340472,0.563064851,0.466683446,0.527405841
2021/7/22 20:00,0.536258654,0.48901106,0.567905112,0.468053456,0.528714933
2021/7/22 21:00,0.536444137,0.488994965,0.588746464,0.483264003,0.536046901
2021/7/22 22:00,0.536336417,0.478262103,0.611149638,0.493706853,0.540540739
2021/7/22 23:00,0.534320753,0.477094128,0.60558806,0.486570112,0.538255207
2021/7/23 0:00,0.533321212,0.485242221,0.640218013,0.525341353,0.549772677
2021/7/23 1:00,0.531384406,0.475988753,0.651779943,0.555489383,0.551987473
2021/7/23 2:00,0.532943357,0.46968558,0.656226491,0.557012168,0.554168503
2021/7/23 3:00,0.532320006,0.465457347,0.660334101,0.55712261,0.55627607
2021/7/23 4:00,0.53222569,0.472497599,0.660939803,0.557028542,0.561534958
2021/7/23 5:00,0.531946321,0.475047795,0.657399947,0.553519989,0.562973616
2021/7/23 6:00,0.531905894,0.482249071,0.652666625,0.550662544,0.564513005
2021/7/23 7:00,0.531025854,0.498042824,0.645649351,0.549242344,0.566160403
2021/7/23 8:00,0.532281022,0.517193684,0.640585491,0.559177479,0.568908103
2021/7/23 9:00,0.532930009,0.522385367,0.626307178,0.552968833,0.563535708
2021/7/23 10:00,0.532201716,0.520324915,0.616368304,0.546820781,0.558351341
2021/7/23 11:00,0.531772908,0.517461954,0.602082657,0.53911533,0.55050055
2021/7/23 12:00,0.531072987,0.517255973,0.606769628,0.549107246,0.552327511
2021/7/23 13:00,0.532181779,0.521395744,0.605384097,0.544304208,0.55272963
2021/7/23 14:00,0.536205278,0.526056764,0.600432846,0.541750888,0.553630093
2021/7/23 15:00,0.53459644,0.523277396,0.597516842,0.541502838,0.551180722
2021/7/23 16:00,0.535108665,0.521217036,0.59246071,0.536781361,0.549111123
2021/7/23 17:00,0.534753585,0.520904516,0.583059004,0.516150631,0.545148592
2021/7/23 18:00,0.532035019,0.515125021,0.559299919,0.43759894,0.532742581
2021/7/23 19:00,0.531685742,0.508864694,0.524262389,0.416053611,0.518404978
2021/7/23 20:00,0.531625016,0.507866366,0.519703554,0.411273682,0.516432669
2021/7/23 21:00,0.531525785,0.506239399,0.51061614,0.402796785,0.512696136
2021/7/23 22:00,0.531774956,0.509174952,0.541045216,0.41765357,0.524769817
2021/7/23 23:00,0.53331043,0.50568089,0.58817371,0.456135057,0.539346393
2021/7/24 0:00,0.534993676,0.498851772,0.613635227,0.53287013,0.545340924
2021/7/24 1:00,0.534647643,0.492378713,0.631296117,0.546562534,0.54883731
2021/7/24 2:00,0.532061348,0.48827957,0.635503961,0.548160146,0.55004427
2021/7/24 3:00,0.534564582,0.48233988,0.636801296,0.548343838,0.551831358
2021/7/24 4:00,0.536816567,0.477781984,0.637128314,0.547454394,0.553278663
2021/7/24 5:00,0.539275825,0.473450883,0.635903511,0.545602958,0.553315837
2021/7/24 6:00,0.534463374,0.473526052,0.624988048,0.537246656,0.546335876
2021/7/24 7:00,0.534542662,0.473881742,0.630586134,0.546348399,0.54685761
2021/7/24 8:00,0.532223189,0.470978758,0.62347101,0.544140512,0.542433097
2021/7/24 9:00,0.536654712,0.469747049,0.613991725,0.540941814,0.54172338
2021/7/24 10:00,0.542826217,0.476457311,0.609867599,0.543382507,0.544771619
2021/7/24 11:00,0.54164541,0.48063928,0.598176778,0.537460838,0.539908264
2021/7/24 12:00,0.539752015,0.479622253,0.592250473,0.536163643,0.537248053
2021/7/24 13:00,0.537693311,0.474495617,0.606264546,0.546022753,0.540796444
2021/7/24 14:00,0.538748794,0.47411066,0.60840245,0.546367721,0.540847719
2021/7/24 15:00,0.539100006,0.476762826,0.607535158,0.545747023,0.540859879
2021/7/24 16:00,0.540289214,0.479602262,0.607745782,0.543265851,0.541803385
2021/7/24 17:00,0.540161879,0.477456659,0.587087448,0.525004941,0.533080676
2021/7/24 18:00,0.538421129,0.483613524,0.569566931,0.512831419,0.528842225
2021/7/24 19:00,0.53582098,0.485398282,0.543013825,0.485290367,0.520270424
2021/7/24 20:00,0.536016797,0.485529072,0.533176652,0.46809406,0.51680281
2021/7/24 21:00,0.535236352,0.484606195,0.548072565,0.476636374,0.5217036
2021/7/24 22:00,0.536194099,0.474461512,0.573462244,0.490190196,0.527641842
2021/7/24 23:00,0.536369358,0.459796102,0.594711952,0.500150321,0.531091254
2021/7/25 0:00,0.535233088,0.464409167,0.610280888,0.507937509,0.535915891
2021/7/25 1:00,0.534652392,0.459335245,0.616926759,0.510429783,0.538632763
2021/7/25 2:00,0.535637792,0.461016978,0.637453902,0.521805407,0.546137108
2021/7/25 3:00,0.535790523,0.456109257,0.642915026,0.532755697,0.547248589
2021/7/25 4:00,0.53723613,0.455339501,0.646682002,0.547132242,0.549719735
2021/7/25 5:00,0.536349709,0.454939982,0.645749199,0.544553146,0.550265561
2021/7/25 6:00,0.537928082,0.456857237,0.64837842,0.546313801,0.553217434
2021/7/25 7:00,0.541272182,0.459055109,0.646602425,0.54866483,0.554344999
2021/7/25 8:00,0.540168443,0.464884147,0.635145121,0.545730707,0.550667945
2021/7/25 9:00,0.538727775,0.47046417,0.620786032,0.539711657,0.543528799
2021/7/25 10:00,0.537774582,0.473290225,0.61868347,0.540108112,0.541942704
2021/7/25 11:00,0.534997731,0.482277345,0.605288091,0.533848702,0.537968875
2021/7/25 12:00,0.537468268,0.501035936,0.629863396,0.561376251,0.5515287
2021/7/25 13:00,0.535173695,0.503182385,0.603893341,0.536198064,0.54350427
2021/7/25 14:00,0.534814478,0.502201552,0.587953565,0.517814962,0.537793768
2021/7/25 15:00,0.534880735,0.497913595,0.572474884,0.508654576,0.531366981
2021/7/25 16:00,0.534584909,0.49378559,0.553994701,0.503305329,0.524649028
2021/7/25 17:00,0.535227554,0.497657611,0.578087631,0.510556666,0.533506676
2021/7/25 18:00,0.53450232,0.493592125,0.558426098,0.445942364,0.524190896
2021/7/25 19:00,0.534439738,0.491122111,0.542682672,0.406145572,0.517171948
2021/7/25 20:00,0.535037997,0.495452597,0.557497787,0.429248916,0.524109117
2021/7/25 21:00,0.534969329,0.500219134,0.595325475,0.540449326,0.540396541
2021/7/25 22:00,0.535228449,0.495796079,0.602087804,0.544775721,0.542277951
2021/7/25 23:00,0.538003743,0.497516078,0.623440732,0.563050477,0.550475989
2021/7/26 0:00,0.537273913,0.483404778,0.639038151,0.577713782,0.552838474
2021/7/26 1:00,0.536535641,0.477756155,0.64332715,0.580430991,0.553794979
2021/7/26 2:00,0.538556358,0.473842929,0.649086208,0.582287822,0.55587265
2021/7/26 3:00,0.540070886,0.469481131,0.654117334,0.584298294,0.557809885
2021/7/26 4:00,0.539277902,0.466804554,0.654144266,0.582913554,0.558559916
2021/7/26 5:00,0.539016418,0.463651402,0.6537114,0.580734999,0.558843459
2021/7/26 6:00,0.539759362,0.466875012,0.652943923,0.578993858,0.559184125
2021/7/26 7:00,0.538613054,0.474784459,0.646903204,0.579014591,0.557717031
2021/7/26 8:00,0.537837888,0.491923527,0.627457271,0.573794426,0.551846187
2021/7/26 9:00,0.535131891,0.492891886,0.618936698,0.570124926,0.54700509
2021/7/26 10:00,0.540725306,0.49626613,0.619266943,0.573171226,0.548618026
2021/7/26 11:00,0.538880271,0.499559077,0.614066147,0.572842502,0.547286093
2021/7/26 12:00,0.539134366,0.51018552,0.628055559,0.589128311,0.555998879
2021/7/26 13:00,0.537156075,0.509046469,0.604676458,0.565870421,0.546046027
2021/7/26 14:00,0.537055278,0.507948892,0.594376027,0.555265222,0.542479549
2021/7/26 15:00,0.536199643,0.506436968,0.587066141,0.54743169,0.539594031
2021/7/26 16:00,0.535639768,0.499757923,0.578279322,0.529482244,0.53426195
2021/7/26 17:00,0.536366056,0.502969131,0.592666322,0.522277628,0.539553396
2021/7/26 18:00,0.535410386,0.493991421,0.558760893,0.446262083,0.524394947
2021/7/26 19:00,0.535424779,0.489121319,0.537669237,0.429882486,0.51605783
2021/7/26 20:00,0.53527088,0.492157498,0.560330166,0.443340319,0.524614107
2021/7/26 21:00,0.535410027,0.49611938,0.60417584,0.518166499,0.54081373
2021/7/26 22:00,0.537314846,0.491483087,0.629062418,0.570797022,0.548150383
2021/7/26 23:00,0.538551332,0.48672384,0.636645841,0.580115562,0.550813989
2021/7/27 0:00,0.539928719,0.49125844,0.666466697,0.601477328,0.561084748
2021/7/27 1:00,0.539034665,0.484760019,0.666233962,0.59845826,0.561128691
2021/7/27 2:00,0.53876852,0.478505507,0.662034332,0.59386093,0.56082541
2021/7/27 3:00,0.540204398,0.478817101,0.66429213,0.594034559,0.562041668
2021/7/27 4:00,0.539844873,0.476742242,0.665333656,0.594248405,0.562376247
2021/7/27 5:00,0.539305267,0.475380565,0.665518216,0.591630007,0.562714247
2021/7/27 6:00,0.538162984,0.486776929,0.661609019,0.590377828,0.563489313
2021/7/27 7:00,0.537590631,0.502484033,0.649249612,0.590501112,0.562007942
2021/7/27 8:00,0.537854141,0.508662972,0.622725104,0.580097049,0.55483003
2021/7/27 9:00,0.539925297,0.514138588,0.623761992,0.584662163,0.555803907
2021/7/27 10:00,0.540187454,0.515306381,0.621952902,0.586694004,0.556341355
2021/7/27 11:00,0.540358505,0.513810455,0.611820253,0.578659409,0.553118889
2021/7/27 12:00,0.54030228,0.523369929,0.621761281,0.592611028,0.560930315
2021/7/27 13:00,0.539523619,0.52598686,0.608105383,0.57508581,0.555376656
2021/7/27 14:00,0.538094404,0.522838878,0.599473211,0.563658586,0.550446627
2021/7/27 15:00,0.537008579,0.515612725,0.581578143,0.546373472,0.541516988
2021/7/27 16:00,0.535994356,0.508617657,0.5660164,0.509221161,0.533104592
2021/7/27 17:00,0.537706476,0.515672645,0.596317554,0.542743277,0.546019313
2021/7/27 18:00,0.537093161,0.506608724,0.57312877,0.484691536,0.534501763
2021/7/27 19:00,0.536240224,0.502333325,0.56104746,0.444135776,0.528054537
2021/7/27 20:00,0.536412051,0.504984547,0.582153075,0.458681255,0.535960852
2021/7/27 21:00,0.538132951,0.497466634,0.599021746,0.470831956,0.539372875
2021/7/27 22:00,0.539112552,0.494659207,0.619808628,0.556982575,0.546344335
2021/7/27 23:00,0.540724875,0.499702712,0.628986178,0.565661434,0.550641141
2021/7/28 0:00,0.540935263,0.505315075,0.630178441,0.567941917,0.553087034
2021/7/28 1:00,0.53955007,0.507158877,0.642300474,0.577348554,0.559622873
2021/7/28 2:00,0.54081633,0.504487952,0.641259119,0.575546529,0.56067738
2021/7/28 3:00,0.540196176,0.502351889,0.642416795,0.583730952,0.562181982
2021/7/28 4:00,0.538237467,0.49647562,0.640855824,0.582629398,0.56096483
2021/7/28 5:00,0.538112525,0.491600012,0.642474562,0.581373178,0.561822785
2021/7/28 6:00,0.538943097,0.493743255,0.639707687,0.579734479,0.562524249
2021/7/28 7:00,0.538493043,0.502039027,0.638003721,0.581245774,0.561917724
2021/7/28 8:00,0.536377373,0.50750696,0.618623847,0.573626868,0.553980383
2021/7/28 9:00,0.537344636,0.513718719,0.615171078,0.576481285,0.554064643
2021/7/28 10:00,0.540136144,0.514433027,0.617556471,0.580499718,0.555482434
2021/7/28 11:00,0.537158219,0.515684878,0.616331307,0.580944067,0.552380426
2021/7/28 12:00,0.539143584,0.52165586,0.627036936,0.595336784,0.559242996
2021/7/28 13:00,0.536070965,0.522592512,0.606244486,0.564839075,0.550988517
2021/7/28 14:00,0.535504692,0.521113848,0.590179146,0.543961125,0.545692201
2021/7/28 15:00,0.535362137,0.515364646,0.58172178,0.540942722,0.541305075
2021/7/28 16:00,0.534753115,0.504105357,0.560685511,0.514972745,0.530544654
2021/7/28 17:00,0.533871443,0.504827734,0.57015603,0.480911935,0.532841061
2021/7/28 18:00,0.530166172,0.496804661,0.555036735,0.462637994,0.523706913
2021/7/28 19:00,0.531410516,0.496065609,0.547560781,0.449327795,0.520879107
2021/7/28 20:00,0.535273189,0.506313065,0.569551477,0.465795083,0.532610834
2021/7/28 21:00,0.536083109,0.515969218,0.601740178,0.50108536,0.54606056
2021/7/28 22:00,0.537717465,0.508703235,0.614786207,0.552612283,0.548726227
2021/7/28 23:00,0.53943647,0.503794723,0.625275292,0.573459043,0.552095955
2021/7/29 0:00,0.541361891,0.509110008,0.642360632,0.588717439,0.560800267
2021/7/29 1:00,0.541956638,0.50455397,0.653997809,0.593541265,0.562705384
2021/7/29 2:00,0.539622184,0.493819504,0.653016474,0.589990226,0.561011336
2021/7/29 3:00,0.538254247,0.486034632,0.653807756,0.587742966,0.561183994
2021/7/29 4:00,0.538246982,0.485270314,0.653056046,0.588504066,0.562112174
2021/7/29 5:00,0.538025873,0.481306198,0.651598128,0.585750583,0.56211801
2021/7/29 6:00,0.538454309,0.483787329,0.649971313,0.583282163,0.562364966
2021/7/29 7:00,0.538094996,0.487432765,0.647283971,0.583125324,0.560556209
2021/7/29 8:00,0.53928555,0.494362034,0.634737755,0.584766397,0.555333813
2021/7/29 9:00,0.538955675,0.500516179,0.624650812,0.582769172,0.55236604
2021/7/29 10:00,0.537877273,0.504304165,0.617504475,0.579247471,0.549760389
2021/7/29 11:00,0.537857594,0.50863932,0.617774291,0.582591145,0.549479831
2021/7/29 12:00,0.539121991,0.517478083,0.628676565,0.597758246,0.557715019
2021/7/29 13:00,0.537344967,0.516178246,0.617249249,0.578702874,0.552269043
2021/7/29 14:00,0.53616927,0.516504919,0.607528705,0.561593158,0.549724378
2021/7/29 15:00,0.534472932,0.509019153,0.594677917,0.54684886,0.542949331
2021/7/29 16:00,0.531011523,0.503412865,0.57368229,0.523344799,0.533072162
2021/7/29 17:00,0.536312515,0.506898218,0.597122479,0.545743965,0.543016612
2021/7/29 18:00,0.534513327,0.503529064,0.585612914,0.525092362,0.537230509
2021/7/29 19:00,0.535090224,0.497452061,0.567586659,0.498780608,0.529571631
2021/7/29 20:00,0.536558336,0.498609469,0.585447903,0.515674695,0.536213255
2021/7/29 21:00,0.537010828,0.495510265,0.601975843,0.539312411,0.540987417
2021/7/29 22:00,0.53698581,0.488038158,0.601187152,0.535483744,0.539012524
2021/7/29 23:00,0.537238444,0.485347146,0.616742445,0.543319456,0.544967491
2021/7/30 0:00,0.539320213,0.488261986,0.647274553,0.562844968,0.55662105
2021/7/30 1:00,0.537819699,0.483125481,0.654285751,0.566640505,0.559126324
2021/7/30 2:00,0.537840938,0.478790579,0.655584457,0.564566226,0.559532884
2021/7/30 3:00,0.539237316,0.474436078,0.659132565,0.565635032,0.562353638
2021/7/30 4:00,0.538422514,0.4695028,0.662273578,0.566646914,0.563629337
2021/7/30 5:00,0.538074914,0.471112303,0.661757849,0.565090261,0.565475489
2021/7/30 6:00,0.539233484,0.477967885,0.660014912,0.562896548,0.568640815
2021/7/30 7:00,0.538702865,0.488985492,0.666534975,0.554455032,0.571509392
2021/7/30 8:00,0.538658031,0.504420853,0.64989991,0.593568837,0.567286973
2021/7/30 9:00,0.539602711,0.504056347,0.636721649,0.588731485,0.561865582
2021/7/30 10:00,0.537130603,0.504451299,0.631865576,0.582167624,0.555815089
2021/7/30 11:00,0.535500741,0.501047174,0.624849309,0.57972509,0.549907185
2021/7/30 12:00,0.535072863,0.500068141,0.620090522,0.580349767,0.549682504
2021/7/30 13:00,0.535708162,0.495782279,0.612042718,0.571098639,0.54542387
2021/7/30 14:00,0.536969458,0.499136935,0.627929655,0.585617163,0.551892913
2021/7/30 15:00,0.537568344,0.504891575,0.630521454,0.589582049,0.554911406
2021/7/30 16:00,0.537394402,0.502065102,0.622945635,0.578652716,0.552513312
2021/7/30 17:00,0.536549745,0.494138411,0.620063682,0.527348881,0.547752668
2021/7/30 18:00,0.535955009,0.483872997,0.592381804,0.488930217,0.534415986
2021/7/30 19:00,0.535571866,0.480997694,0.574579523,0.474987424,0.527249384
2021/7/30 20:00,0.536117317,0.478819509,0.577714346,0.474623049,0.528182859
2021/7/30 21:00,0.536073652,0.48367572,0.594989266,0.490744371,0.535461993
2021/7/30 22:00,0.536108805,0.47989255,0.607296459,0.521483383,0.53953108
2021/7/30 23:00,0.53701917,0.479335622,0.613635423,0.522555177,0.54304844
2021/7/31 0:00,0.536992504,0.478588318,0.625828456,0.525760301,0.547270454
2021/7/31 1:00,0.538674365,0.476677943,0.65417155,0.543603177,0.559130735
2021/7/31 2:00,0.538843286,0.469932518,0.66423797,0.548648277,0.563879337
2021/7/31 3:00,0.538840438,0.462603937,0.663925073,0.550338228,0.56179138
2021/7/31 4:00,0.538013479,0.458108582,0.650471359,0.542301054,0.554685107
2021/7/31 5:00,0.537903867,0.454552401,0.646087627,0.538617777,0.55326174
2021/7/31 6:00,0.538681034,0.456482209,0.648037361,0.554527213,0.556058761
2021/7/31 7:00,0.540003985,0.463650598,0.642463516,0.576751032,0.554704598
2021/7/31 8:00,0.540144656,0.471246202,0.646341564,0.583336892,0.55292422
2021/7/31 9:00,0.540892016,0.483053038,0.641389109,0.581408252,0.553918122
2021/7/31 10:00,0.541014416,0.4980961,0.644935243,0.591462417,0.558854914
2021/7/31 11:00,0.538860019,0.50905622,0.653708721,0.600805541,0.564713766
2021/7/31 12:00,0.538521745,0.513814082,0.651117473,0.602050493,0.566674742
2021/7/31 13:00,0.538851429,0.509964792,0.654610328,0.604651479,0.566643632
2021/7/31 14:00,0.539065339,0.500938365,0.647305816,0.590098495,0.561633966
2021/7/31 15:00,0.538481545,0.495829208,0.651433517,0.558697294,0.560223772
2021/7/31 16:00,0.538113668,0.490405797,0.638432033,0.542395759,0.55521594
2021/7/31 17:00,0.538875914,0.488467509,0.632297927,0.525053437,0.552533325
2021/7/31 18:00,0.53758797,0.479226434,0.599025989,0.501539277,0.537556929
2021/7/31 19:00,0.53656162,0.473253173,0.572537403,0.486283593,0.52579417
2021/7/31 20:00,0.536162741,0.471898627,0.569874838,0.480700672,0.524184639
2021/7/31 21:00,0.536467826,0.468856725,0.564421938,0.476722248,0.52186519
2021/7/31 22:00,0.535527614,0.466045954,0.57379002,0.485532241,0.525384262
2021/7/31 23:00,0.535924211,0.472059159,0.601621604,0.516252029,0.536673237
2021/8/1 0:00,0.536343817,0.481339282,0.647574779,0.557493663,0.553662692
2021/8/1 1:00,0.537574084,0.476534722,0.661277703,0.564245228,0.559823376
2021/8/1 2:00,0.538272504,0.474655105,0.660846816,0.562376165,0.561336787
2021/8/1 3:00,0.539195234,0.471485801,0.660574258,0.569518732,0.562910168
2021/8/1 4:00,0.540323099,0.469334306,0.661785958,0.589747442,0.564294262
2021/8/1 5:00,0.539145184,0.46660164,0.657980706,0.585475088,0.561711592
2021/8/1 6:00,0.537696394,0.465548312,0.654967786,0.581762573,0.559129996
2021/8/1 7:00,0.536710561,0.465941293,0.65709905,0.574423608,0.558515977
2021/8/1 8:00,0.537284723,0.466773038,0.644938633,0.564067217,0.552985743
2021/8/1 9:00,0.537358391,0.473600174,0.631108506,0.557765401,0.548829243
2021/8/1 10:00,0.534552188,0.479821578,0.636172839,0.557619504,0.547775662
2021/8/1 11:00,0.535893102,0.477711858,0.607254499,0.520711312,0.53768525
2021/8/1 12:00,0.536334808,0.492342013,0.628795152,0.52753617,0.549156876
2021/8/1 13:00,0.536243983,0.485940731,0.576984685,0.47636997,0.531520241
2021/8/1 14:00,0.536020148,0.481863514,0.550518901,0.453130299,0.520784794
2021/8/1 15:00,0.536189272,0.485167331,0.570988871,0.4674447,0.528110262
2021/8/1 16:00,0.535935551,0.488250471,0.587212133,0.466621521,0.533131523
2021/8/1 17:00,0.537474422,0.490527851,0.626862245,0.491581828,0.54489537
2021/8/1 18:00,0.535726274,0.487636097,0.608871149,0.500117072,0.537790178
2021/8/1 19:00,0.535724708,0.487496431,0.602858293,0.499660657,0.536182715
2021/8/1 20:00,0.537845483,0.49128371,0.623239491,0.513764467,0.544102999
2021/8/1 21:00,0.540445866,0.491401,0.645425686,0.527203814,0.551984459
2021/8/1 22:00,0.540346668,0.490214361,0.64754726,0.525417965,0.550966077
2021/8/1 23:00,0.541005337,0.486754157,0.662706399,0.531993281,0.555104456
2021/8/2 0:00,0.539785355,0.480148101,0.669477224,0.527073339,0.557761526
2021/8/2 1:00,0.540011424,0.468793881,0.667383223,0.525313223,0.557413786
2021/8/2 2:00,0.539061119,0.463370414,0.664306747,0.520583394,0.55632528
2021/8/2 3:00,0.539599838,0.457945259,0.664414441,0.522819508,0.558041252
2021/8/2 4:00,0.539195085,0.462000437,0.662387159,0.550097831,0.559956097
2021/8/2 5:00,0.538337464,0.459937118,0.66159916,0.557642199,0.559719403
2021/8/2 6:00,0.53842816,0.46183211,0.659766084,0.556319619,0.55867358
2021/8/2 7:00,0.540154061,0.472159504,0.658208438,0.559529793,0.559825256
2021/8/2 8:00,0.539025101,0.4859853,0.637904506,0.5582941,0.553453614
2021/8/2 9:00,0.539958645,0.490768,0.631088949,0.557325003,0.550906357
2021/8/2 10:00,0.540366888,0.495311113,0.62465353,0.535789497,0.547973698
2021/8/2 11:00,0.540485439,0.498827284,0.624256169,0.523563856,0.547901476
2021/8/2 12:00,0.539831439,0.505848395,0.647565303,0.539167829,0.55690298
2021/8/2 13:00,0.541075336,0.507792169,0.6309015,0.529141664,0.55238785
2021/8/2 14:00,0.541071854,0.499696254,0.626985734,0.52648681,0.547445292
2021/8/2 15:00,0.538215532,0.491754076,0.618338384,0.52228323,0.542822793
2021/8/2 16:00,0.53620986,0.487009449,0.615115432,0.520496062,0.540104067
2021/8/2 17:00,0.537751175,0.483156543,0.619883883,0.526344493,0.541755186
2021/8/2 18:00,0.534014453,0.480596742,0.613270858,0.488244988,0.537452226
2021/8/2 19:00,0.534657678,0.476208309,0.596616673,0.437666674,0.530404542
2021/8/2 20:00,0.53584618,0.47390563,0.598861553,0.447920747,0.53145953
2021/8/2 21:00,0.535692529,0.469895903,0.604471156,0.49823628,0.533297805
2021/8/2 22:00,0.536457086,0.470067204,0.620930131,0.50937137,0.53977714
2021/8/2 23:00,0.538264739,0.47106732,0.632135979,0.521576803,0.544911218
2021/8/3 0:00,0.53835021,0.472382884,0.646808589,0.529918787,0.550964862
2021/8/3 1:00,0.53765378,0.46289611,0.666324956,0.543420098,0.556555102
2021/8/3 2:00,0.538686701,0.459480121,0.664247533,0.539598359,0.557336228
2021/8/3 3:00,0.539468828,0.454237772,0.650944247,0.542432471,0.552237558
2021/8/3 4:00,0.537977416,0.448281282,0.646132906,0.544050698,0.548755386
2021/8/3 5:00,0.537447661,0.449679321,0.648015376,0.546553546,0.548650812
2021/8/3 6:00,0.537684841,0.454754591,0.650450893,0.548560385,0.549728388
2021/8/3 7:00,0.53749812,0.466513189,0.657741935,0.560388398,0.554984647
2021/8/3 8:00,0.538437785,0.487649255,0.626577256,0.549781651,0.548660572
2021/8/3 9:00,0.538801085,0.493087791,0.618371635,0.545765806,0.545268284
2021/8/3 10:00,0.538924818,0.49803054,0.619299626,0.550849712,0.547687106
2021/8/3 11:00,0.535893724,0.493749247,0.613265907,0.536544257,0.542589439
2021/8/3 12:00,0.536373213,0.500219874,0.633183227,0.545648424,0.551528137
2021/8/3 13:00,0.536808929,0.510313036,0.621633469,0.537954761,0.550321171
2021/8/3 14:00,0.537382733,0.510408458,0.610442733,0.528283819,0.546981634
2021/8/3 15:00,0.535414191,0.501782582,0.594204743,0.513959919,0.53872786
2021/8/3 16:00,0.535468947,0.49769923,0.585022187,0.50698203,0.534689163
2021/8/3 17:00,0.537898207,0.502715136,0.614729921,0.528422842,0.546483394
2021/8/3 18:00,0.538272484,0.500299488,0.6140435,0.469734296,0.544479808
2021/8/3 19:00,0.536500041,0.492520224,0.591007176,0.435408126,0.534679428
2021/8/3 20:00,0.536894238,0.49254506,0.590014211,0.42835884,0.535318463
2021/8/3 21:00,0.535648085,0.489773654,0.598493896,0.430340873,0.537715728
2021/8/3 22:00,0.535774129,0.48712074,0.612968618,0.439756635,0.541809513
2021/8/3 23:00,0.537597147,0.486353638,0.618211217,0.44488897,0.543556288
2021/8/4 0:00,0.538004997,0.488176041,0.630398343,0.47956182,0.54860517
2021/8/4 1:00,0.537510436,0.486777169,0.660667843,0.49353233,0.556773269
2021/8/4 2:00,0.537253146,0.486853846,0.662543405,0.492176407,0.557480479
2021/8/4 3:00,0.537960198,0.487690102,0.662743908,0.533741873,0.560054432
2021/8/4 4:00,0.537035904,0.489343863,0.663554549,0.550439863,0.561339612
2021/8/4 5:00,0.537599232,0.488648111,0.662889166,0.551695564,0.562701022
2021/8/4 6:00,0.53755643,0.492188311,0.663760088,0.552478228,0.561026509
2021/8/4 7:00,0.537659686,0.495945429,0.659923251,0.545291851,0.561280216
2021/8/4 8:00,0.537564144,0.507720827,0.639602233,0.545603485,0.557712764
2021/8/4 9:00,0.536418736,0.502983342,0.631008706,0.541817759,0.552374009
2021/8/4 10:00,0.536915136,0.506013193,0.627756157,0.547310476,0.553332861
2021/8/4 11:00,0.536947753,0.511953747,0.630867384,0.561430291,0.554903397
2021/8/4 12:00,0.536978328,0.514057811,0.640307722,0.575844385,0.560986459
2021/8/4 13:00,0.536393942,0.510281893,0.625383667,0.555345169,0.551443962
2021/8/4 14:00,0.536534985,0.50156286,0.610803674,0.538053133,0.543229916
2021/8/4 15:00,0.537208793,0.497660648,0.602548817,0.52969294,0.540332524
2021/8/4 16:00,0.536600351,0.492488261,0.583315178,0.513241843,0.53313514
2021/8/4 17:00,0.539229426,0.497611821,0.613384995,0.533164171,0.544873546
2021/8/4 18:00,0.537967075,0.497065959,0.616477305,0.537183722,0.546036306
2021/8/4 19:00,0.538000459,0.49367158,0.616880955,0.496008454,0.544582068
2021/8/4 20:00,0.538763121,0.489607035,0.619364279,0.495480314,0.545346855
2021/8/4 21:00,0.537726746,0.48639377,0.623995194,0.493874779,0.545962022
2021/8/4 22:00,0.536647938,0.48101144,0.636867864,0.493285619,0.548267512
2021/8/4 23:00,0.537858171,0.476671417,0.64374673,0.504837325,0.550072656
2021/8/5 0:00,0.538346114,0.481559044,0.639215781,0.540617027,0.550992284
2021/8/5 1:00,0.538935627,0.47806746,0.645701609,0.543162998,0.55579108
2021/8/5 2:00,0.538304213,0.470913226,0.671190069,0.557949373,0.563583123
2021/8/5 3:00,0.538641323,0.463286407,0.675311414,0.559355691,0.564630585
2021/8/5 4:00,0.538228597,0.455967684,0.683137111,0.564986024,0.565447235
2021/8/5 5:00,0.537447677,0.455500172,0.6773414,0.56011888,0.562917792
2021/8/5 6:00,0.538529507,0.465792033,0.669900591,0.555189053,0.562577181
2021/8/5 7:00,0.538905597,0.477091567,0.666029394,0.5469305,0.563554199
2021/8/5 8:00,0.540434512,0.494101625,0.654450375,0.54462209,0.561318761
2021/8/5 9:00,0.540103733,0.508513795,0.641318742,0.543813468,0.55820094
2021/8/5 10:00,0.54005392,0.515844772,0.648175416,0.557282519,0.562520489
2021/8/5 11:00,0.539849292,0.516174812,0.647062809,0.560699786,0.561070565
2021/8/5 12:00,0.53882007,0.515242323,0.650849198,0.565420348,0.563657304
2021/8/5 13:00,0.539257566,0.510822984,0.638509107,0.553988352,0.558346368
2021/8/5 14:00,0.539054961,0.507715357,0.636608343,0.551939952,0.555965097
2021/8/5 15:00,0.536926837,0.503185569,0.630065049,0.544903348,0.551837637
2021/8/5 16:00,0.535236384,0.495607157,0.599944377,0.520448665,0.539506181
2021/8/5 17:00,0.536052104,0.492829063,0.595569699,0.516202318,0.537855656
2021/8/5 18:00,0.534595378,0.488692311,0.585732255,0.440496452,0.531707112
2021/8/5 19:00,0.53479354,0.486236952,0.582153449,0.435532458,0.52990481
2021/8/5 20:00,0.534613741,0.484996392,0.593335,0.436386979,0.53359749
2021/8/5 21:00,0.534761732,0.483706333,0.597303657,0.44290598,0.534413725
2021/8/5 22:00,0.534755079,0.483996947,0.598338953,0.521278854,0.536091007
2021/8/5 23:00,0.53506593,0.481816801,0.615665597,0.529694534,0.542548453
2021/8/6 0:00,0.53603722,0.478699736,0.63044365,0.538388337,0.549248059
2021/8/6 1:00,0.538558205,0.472883495,0.663169346,0.560874885,0.561490031
2021/8/6 2:00,0.540317426,0.466172804,0.67356574,0.568061257,0.565726259
2021/8/6 3:00,0.540123479,0.463952172,0.674062454,0.566408583,0.565887555
2021/8/6 4:00,0.540037885,0.466069068,0.675782723,0.567251234,0.567108086
2021/8/6 5:00,0.539016289,0.464828996,0.671224319,0.563655333,0.565509303
2021/8/6 6:00,0.539890188,0.469377814,0.675323836,0.565991715,0.567081033
2021/8/6 7:00,0.544712633,0.490083573,0.679618298,0.573536661,0.572321517
2021/8/6 8:00,0.542800077,0.491877161,0.679521899,0.575969037,0.569813888
2021/8/6 9:00,0.542912628,0.502355467,0.67046969,0.57295818,0.567946792
2021/8/6 10:00,0.54431021,0.502657372,0.660118673,0.56274306,0.564690867
2021/8/6 11:00,0.542775635,0.505091207,0.656698437,0.558787182,0.563967971
2021/8/6 12:00,0.541459133,0.497823366,0.652665044,0.563933203,0.562371706
2021/8/6 13:00,0.538474339,0.499331359,0.639797865,0.558853945,0.557378379
2021/8/6 14:00,0.538588565,0.503638711,0.643017776,0.54586972,0.559558677
2021/8/6 15:00,0.53694003,0.49923408,0.636270279,0.528967219,0.554653961
2021/8/6 16:00,0.537476771,0.499226925,0.6061031,0.493448991,0.544338535
2021/8/6 17:00,0.539672471,0.499975526,0.611191396,0.511026282,0.547350553
2021/8/6 18:00,0.537977373,0.494459956,0.610191074,0.50607061,0.544127539
2021/8/6 19:00,0.537211698,0.485634419,0.589801186,0.453976392,0.533855082
2021/8/6 20:00,0.536085297,0.478656057,0.583619718,0.44882889,0.529073706
2021/8/6 21:00,0.53645154,0.47303835,0.591038241,0.462412173,0.529587321
2021/8/6 22:00,0.534742225,0.473412482,0.600307645,0.501235943,0.533152442
2021/8/6 23:00,0.536667724,0.467552974,0.61450404,0.51876618,0.537929146
2021/8/7 0:00,0.534495776,0.465872837,0.615839652,0.522288657,0.53781161
2021/8/7 1:00,0.535422555,0.462634494,0.664279013,0.551372891,0.553744239
2021/8/7 2:00,0.536322622,0.456811639,0.675084056,0.556621423,0.558403541
2021/8/7 3:00,0.537710743,0.450776952,0.674697413,0.554874477,0.559920782
2021/8/7 4:00,0.539254618,0.447852565,0.669386218,0.550295303,0.558925186
2021/8/7 5:00,0.538839814,0.448657089,0.660088394,0.546080116,0.555221921
2021/8/7 6:00,0.538060639,0.45302523,0.642317708,0.534726152,0.548334214
2021/8/7 7:00,0.538846594,0.457769812,0.643351353,0.501609943,0.549454829
2021/8/7 8:00,0.532858878,0.465098799,0.638887523,0.501799328,0.544228559
2021/8/7 9:00,0.528690305,0.47546948,0.640424585,0.511298179,0.546756944
2021/8/7 10:00,0.529764749,0.479507876,0.644347592,0.524744371,0.55078043
2021/8/7 11:00,0.527148684,0.489570911,0.650776418,0.536459828,0.555919197
2021/8/7 12:00,0.521604824,0.500875585,0.651784811,0.533480712,0.559163601
2021/8/7 13:00,0.520359834,0.498472422,0.64659017,0.530689305,0.556900735
2021/8/7 14:00,0.519383291,0.487988028,0.632469808,0.520260464,0.547873035
2021/8/7 15:00,0.517900843,0.481115628,0.6209707,0.525195654,0.541650588
2021/8/7 16:00,0.518027546,0.476314398,0.600919491,0.514627537,0.532175911
2021/8/7 17:00,0.52526876,0.479684074,0.607163805,0.52201662,0.536205184
2021/8/7 18:00,0.529969866,0.479788898,0.602777634,0.514240107,0.535583571
2021/8/7 19:00,0.531953249,0.480777724,0.585722282,0.468005179,0.530849677
2021/8/7 20:00,0.536095945,0.476423658,0.589947625,0.47015352,0.533007858
2021/8/7 21:00,0.537298727,0.47052296,0.6026283,0.475288348,0.534956765
2021/8/7 22:00,0.536937422,0.464131933,0.605685213,0.475410251,0.534528195
2021/8/7 23:00,0.537903215,0.46059913,0.635836909,0.512863673,0.544443232
2021/8/8 0:00,0.536782189,0.468403589,0.648835561,0.527923598,0.549217316
2021/8/8 1:00,0.538226123,0.466344128,0.674745682,0.539112169,0.556863385
2021/8/8 2:00,0.537692755,0.461098292,0.672269522,0.544167778,0.556399678
2021/8/8 3:00,0.538018035,0.452607004,0.667002442,0.540687247,0.554202963
2021/8/8 4:00,0.539213459,0.449106225,0.663885816,0.540930424,0.554369781
2021/8/8 5:00,0.538375747,0.447801216,0.665126664,0.542668231,0.554711658
2021/8/8 6:00,0.537778971,0.448362463,0.663052026,0.540139182,0.553388261
2021/8/8 7:00,0.538548464,0.454032381,0.668119657,0.534076979,0.55792471
2021/8/8 8:00,0.53890145,0.45690899,0.655680483,0.528968022,0.553449144
2021/8/8 9:00,0.540731199,0.468461138,0.64861747,0.529155347,0.553330125
2021/8/8 10:00,0.539851157,0.479125228,0.638940058,0.52966567,0.551360958
2021/8/8 11:00,0.537990291,0.486475683,0.631412931,0.529324669,0.54861067
2021/8/8 12:00,0.538339059,0.494073375,0.646014958,0.556211851,0.555641973
2021/8/8 13:00,0.537058106,0.489724176,0.625920596,0.53758085,0.546888076
2021/8/8 14:00,0.537519024,0.485039921,0.616681917,0.526333902,0.5412878
2021/8/8 15:00,0.535898998,0.481183287,0.598724556,0.505901004,0.534122502
2021/8/8 16:00,0.535104266,0.479396508,0.578262761,0.458302202,0.526216701
2021/8/8 17:00,0.538508636,0.48776699,0.602438338,0.473710714,0.536942137
2021/8/8 18:00,0.537103121,0.486979779,0.597086583,0.471520207,0.534117643
2021/8/8 19:00,0.537705257,0.482158184,0.583564876,0.456346317,0.527554014
2021/8/8 20:00,0.538017481,0.483539126,0.600294557,0.477391165,0.533337344
2021/8/8 21:00,0.538088978,0.485059011,0.611770322,0.512660902,0.5376778
2021/8/8 22:00,0.538150697,0.483949547,0.617220105,0.520065593,0.539454246
2021/8/8 23:00,0.538676027,0.483996203,0.635194554,0.532103183,0.546515536
2021/8/9 0:00,0.53760617,0.485647769,0.661029307,0.546751516,0.556653305
2021/8/9 1:00,0.537547675,0.481349495,0.661505453,0.545984445,0.558250371
2021/8/9 2:00,0.536587692,0.470331371,0.664473136,0.543775223,0.557312359
2021/8/9 3:00,0.537431932,0.463721567,0.665576977,0.548950743,0.557510702
2021/8/9 4:00,0.537180092,0.462755142,0.666279971,0.560806166,0.558439221
2021/8/9 5:00,0.537392068,0.460234344,0.665723473,0.560224589,0.558314683
2021/8/9 6:00,0.537756879,0.467534286,0.664715981,0.553236313,0.559583346
2021/8/9 7:00,0.537966324,0.472637386,0.664711642,0.547326224,0.558649454
2021/8/9 8:00,0.53788596,0.479564228,0.646366366,0.545973546,0.553286719
2021/8/9 9:00,0.537565835,0.487215535,0.636917044,0.545708416,0.549208364
2021/8/9 10:00,0.538416853,0.486342627,0.636493385,0.547050608,0.548053088
2021/8/9 11:00,0.538868143,0.490286539,0.633133425,0.555067851,0.547997255
2021/8/9 12:00,0.537961126,0.486709314,0.649952558,0.573825826,0.554014285
2021/8/9 13:00,0.537530509,0.486651587,0.620260137,0.543334985,0.543415102
2021/8/9 14:00,0.536200411,0.484467765,0.578827654,0.494292809,0.529477565
2021/8/9 15:00,0.535606175,0.485523886,0.561792529,0.494076371,0.524637589
2021/8/9 16:00,0.535124295,0.488883267,0.559934372,0.453427616,0.524201921
2021/8/9 17:00,0.535502131,0.496638077,0.605870149,0.479515111,0.541088206
2021/8/9 18:00,0.534326676,0.494080113,0.598884105,0.47831428,0.537300104
2021/8/9 19:00,0.535095134,0.492834617,0.593895228,0.476390073,0.535485362
2021/8/9 20:00,0.536237236,0.491202726,0.628356481,0.49616502,0.545200936
2021/8/9 21:00,0.538509849,0.477010564,0.640217559,0.55956867,0.546248956
2021/8/9 22:00,0.536220799,0.464153968,0.640864446,0.557829167,0.543453369
2021/8/9 23:00,0.53849017,0.46604508,0.651855198,0.564193587,0.54777496
2021/8/10 0:00,0.539103642,0.475121421,0.673510252,0.578316621,0.55578257
2021/8/10 1:00,0.538386486,0.471260767,0.664564822,0.571333887,0.556528182
2021/8/10 2:00,0.537128333,0.473670949,0.660465669,0.566992706,0.555715544
2021/8/10 3:00,0.538055926,0.467011032,0.661097595,0.565933586,0.556587729
2021/8/10 4:00,0.536826333,0.461915377,0.661642376,0.56406336,0.556026574
2021/8/10 5:00,0.537870167,0.46181223,0.662778367,0.564729237,0.557182768
2021/8/10 6:00,0.537600346,0.461775455,0.66004939,0.562669142,0.556675184
2021/8/10 7:00,0.538981956,0.473179288,0.659336708,0.55835536,0.560442497
2021/8/10 8:00,0.540727297,0.488985249,0.637837418,0.549604792,0.555641939
2021/8/10 9:00,0.539097663,0.49159541,0.625382656,0.545066475,0.548754641
2021/8/10 10:00,0.540155391,0.495322096,0.626044621,0.553893935,0.549912017
2021/8/10 11:00,0.535903423,0.494132338,0.621165687,0.557941514,0.547361308
2021/8/10 12:00,0.538144508,0.496937023,0.645962043,0.580915638,0.557221384
2021/8/10 13:00,0.537220262,0.487558419,0.622646116,0.557670401,0.545078299
2021/8/10 14:00,0.536581868,0.486435205,0.609811337,0.549915646,0.540445998
2021/8/10 15:00,0.537710618,0.491300499,0.605962773,0.535942496,0.540310649
2021/8/10 16:00,0.536891829,0.495296365,0.593558195,0.525278779,0.538404278
2021/8/10 17:00,0.537057769,0.496703559,0.611762435,0.538404186,0.544103034
2021/8/10 18:00,0.53526433,0.490148852,0.599387082,0.511235976,0.537590559
2021/8/10 19:00,0.535051765,0.486254086,0.593454046,0.480276239,0.534242721
2021/8/10 20:00,0.536657294,0.480707837,0.612443728,0.534911581,0.539315048
2021/8/10 21:00,0.537690976,0.468777223,0.629296363,0.544689158,0.542100982
2021/8/10 22:00,0.537222909,0.46944791,0.624753151,0.5369174,0.540334109
2021/8/10 23:00,0.537948482,0.470501131,0.62428346,0.532469839,0.541160756
2021/8/11 0:00,0.538124871,0.480215401,0.642678571,0.542736652,0.549531478
2021/8/11 1:00,0.53786034,0.478729933,0.6581787,0.55193383,0.555985741
2021/8/11 2:00,0.538240778,0.471019838,0.657360301,0.546811148,0.555418602
2021/8/11 3:00,0.537166297,0.466530838,0.661432757,0.553410249,0.557507588
2021/8/11 4:00,0.53717174,0.460373038,0.660142748,0.562941823,0.557845723
2021/8/11 5:00,0.537372352,0.462279613,0.660475474,0.56247459,0.558921094
2021/8/11 6:00,0.537225438,0.467755096,0.656897635,0.558732719,0.558032384
2021/8/11 7:00,0.538667419,0.475398687,0.654975456,0.550736668,0.559883419
2021/8/11 8:00,0.539083491,0.489893224,0.63654017,0.548034061,0.554639522
2021/8/11 9:00,0.539511375,0.490429005,0.620022672,0.541312561,0.547423374
2021/8/11 10:00,0.540301916,0.49328782,0.623487914,0.548772664,0.548456732
2021/8/11 11:00,0.538803201,0.496751368,0.621422379,0.550646329,0.548117075
2021/8/11 12:00,0.536544734,0.505295936,0.639343494,0.568662545,0.556889516
2021/8/11 13:00,0.53889083,0.504462306,0.629699626,0.560557244,0.551974748
2021/8/11 14:00,0.536589854,0.504912627,0.619026248,0.554004939,0.548625126
2021/8/11 15:00,0.535996767,0.496105229,0.584149112,0.520561539,0.535176019
2021/8/11 16:00,0.535802167,0.490667039,0.557949312,0.436033952,0.523750765
2021/8/11 17:00,0.538140968,0.493808743,0.587373274,0.436451867,0.534684629
2021/8/11 18:00,0.537418256,0.492633714,0.585262298,0.442290144,0.533381083
2021/8/11 19:00,0.536786978,0.493003151,0.589213288,0.447578988,0.534695519
2021/8/11 20:00,0.537062235,0.491078903,0.609116715,0.512453234,0.541176974
2021/8/11 21:00,0.539962454,0.479102296,0.622115669,0.556281875,0.542920817
2021/8/11 22:00,0.539000644,0.470258753,0.631007515,0.558636392,0.54443991
2021/8/11 23:00,0.539663818,0.463384768,0.635063072,0.556613519,0.545403977
2021/8/12 0:00,0.540724454,0.475870329,0.6498166,0.567814886,0.552593373
2021/8/12 1:00,0.540560575,0.478947875,0.666765831,0.578620922,0.559381924
2021/8/12 2:00,0.540195139,0.470303548,0.665707195,0.575870109,0.559324506
2021/8/12 3:00,0.53983338,0.465541149,0.664757362,0.573382123,0.559234015
2021/8/12 4:00,0.539121689,0.469116312,0.662886725,0.572000199,0.56015954
2021/8/12 5:00,0.538729958,0.466903709,0.660002652,0.56947951,0.558979686
2021/8/12 6:00,0.53979578,0.470984901,0.658773277,0.568585776,0.56004193
2021/8/12 7:00,0.540934918,0.478791497,0.657360838,0.559075152,0.563011057
2021/8/12 8:00,0.541213186,0.497234959,0.638436265,0.551045572,0.559046964
2021/8/12 9:00,0.540784261,0.498550699,0.62920182,0.550450385,0.555388585
2021/8/12 10:00,0.540817955,0.50123719,0.626129461,0.553736003,0.554547828
2021/8/12 11:00,0.538790964,0.502917903,0.620725703,0.55911718,0.551798813
2021/8/12 12:00,0.538513203,0.510360613,0.634391895,0.581426928,0.559030829
2021/8/12 13:00,0.536920328,0.510121126,0.612149946,0.562723697,0.549997743
2021/8/12 14:00,0.538502211,0.50124867,0.573558414,0.526212085,0.534565728
2021/8/12 15:00,0.53781422,0.496077841,0.549715783,0.500208024,0.524568323
2021/8/12 16:00,0.537995525,0.497216194,0.564646253,0.489888494,0.52971004
2021/8/12 17:00,0.53905769,0.5041984,0.606613571,0.527974621,0.545928326
2021/8/12 18:00,0.539143151,0.502428239,0.610768982,0.522275189,0.545859197
2021/8/12 19:00,0.538663784,0.497989952,0.622015314,0.515214806,0.54681642
2021/8/12 20:00,0.538504226,0.483270937,0.627465149,0.514227457,0.543515402
2021/8/12 21:00,0.539145085,0.476951004,0.625558652,0.51260484,0.541877987
2021/8/12 22:00,0.536571471,0.471714712,0.624186627,0.542095803,0.540518257
2021/8/12 23:00,0.539159463,0.471386303,0.63337711,0.557826564,0.544513761
2021/8/13 0:00,0.538237436,0.476764609,0.633668289,0.554896125,0.546298064
2021/8/13 1:00,0.538615959,0.478655998,0.654551503,0.567336631,0.554752497
2021/8/13 2:00,0.539426296,0.470503001,0.658782662,0.566984808,0.557105866
2021/8/13 3:00,0.541822034,0.466947997,0.660936731,0.56747064,0.561189071
2021/8/13 4:00,0.541314159,0.46488998,0.667126955,0.57027305,0.564586945
2021/8/13 5:00,0.540566743,0.461394797,0.678845629,0.577985303,0.566193584
2021/8/13 6:00,0.541042634,0.470161872,0.680790693,0.577984168,0.56898912
2021/8/13 7:00,0.542141823,0.4796116,0.678899294,0.572851202,0.570798318
2021/8/13 8:00,0.542790105,0.486434601,0.654116665,0.56626739,0.560469078
2021/8/13 9:00,0.541851569,0.489700146,0.626554234,0.556548192,0.550619432
2021/8/13 10:00,0.540642859,0.494946128,0.62227988,0.562366957,0.549402108
2021/8/13 11:00,0.541609206,0.502821389,0.627767139,0.571001792,0.554948999
2021/8/13 12:00,0.541332711,0.501866236,0.625849176,0.569767456,0.555314426
2021/8/13 13:00,0.53755535,0.502543725,0.616774437,0.565256558,0.550357182
2021/8/13 14:00,0.539300234,0.500663293,0.616549142,0.563329457,0.550531281
2021/8/13 15:00,0.540091929,0.494951452,0.614379809,0.559316739,0.548508536
2021/8/13 16:00,0.538044362,0.485908132,0.603216026,0.546840794,0.542352291
2021/8/13 17:00,0.53994192,0.4834749,0.602730679,0.544917807,0.541379922
2021/8/13 18:00,0.539350087,0.473933035,0.58862485,0.499606129,0.533318008
2021/8/13 19:00,0.538583664,0.470674556,0.578138286,0.444252289,0.527327278
2021/8/13 20:00,0.538980887,0.467861606,0.57952404,0.443120737,0.528002627
2021/8/13 21:00,0.539395002,0.464119634,0.596481666,0.498983744,0.534499964
2021/8/13 22:00,0.53920313,0.462231259,0.6175186,0.466021786,0.539320174
2021/8/13 23:00,0.54084438,0.455664907,0.653328073,0.550553825,0.551867583
2021/8/14 0:00,0.540294159,0.460717374,0.666543653,0.573869881,0.557506253
2021/8/14 1:00,0.540767717,0.456992402,0.668268501,0.567845528,0.558189502
2021/8/14 2:00,0.538731784,0.455699953,0.685830495,0.57654055,0.563026204
2021/8/14 3:00,0.540402959,0.446375217,0.694393113,0.579453595,0.565764415
2021/8/14 4:00,0.541398192,0.43932807,0.694434297,0.577619486,0.5666175
2021/8/14 5:00,0.541128989,0.435273841,0.693531836,0.576911045,0.567892303
2021/8/14 6:00,0.540567717,0.437828012,0.692837439,0.575801525,0.568551271
2021/8/14 7:00,0.541933806,0.448775101,0.692092575,0.590634287,0.571669669
2021/8/14 8:00,0.542280375,0.45853954,0.690457967,0.595625616,0.570519555
2021/8/14 9:00,0.546186018,0.459759806,0.695444382,0.597689393,0.570946454
2021/8/14 10:00,0.549375768,0.470535831,0.68525714,0.590561721,0.569149549
2021/8/14 11:00,0.547176521,0.483328442,0.69209531,0.59881353,0.570150592
2021/8/14 12:00,0.54098827,0.501871357,0.688231471,0.603939141,0.569494843
2021/8/14 13:00,0.538263553,0.505657041,0.667565384,0.594508354,0.565950359
2021/8/14 14:00,0.539143936,0.505895346,0.6624883,0.591322556,0.563686354
2021/8/14 15:00,0.539130288,0.495121852,0.652298012,0.580843223,0.559722789
2021/8/14 16:00,0.536961602,0.490351056,0.652743812,0.578016532,0.557497453
2021/8/14 17:00,0.535493618,0.481571001,0.617454204,0.543691391,0.542837508
2021/8/14 18:00,0.536122846,0.480997974,0.58119165,0.473801205,0.529940825
2021/8/14 19:00,0.536048816,0.490602889,0.581416921,0.463852104,0.53219154
2021/8/14 20:00,0.535954335,0.491705568,0.575674499,0.460125773,0.53111381
2021/8/14 21:00,0.536105199,0.487071168,0.593218443,0.469628602,0.535752816
2021/8/14 22:00,0.536158818,0.47326442,0.625541645,0.501343516,0.542292892
2021/8/14 23:00,0.536508341,0.466203849,0.633021912,0.551618143,0.544765606
2021/8/15 0:00,0.537458264,0.470000727,0.641376927,0.558060265,0.549119596
2021/8/15 1:00,0.536233957,0.46631383,0.659029801,0.568163098,0.555179623
2021/8/15 2:00,0.535440275,0.462394398,0.666729743,0.574473572,0.557309704
2021/8/15 3:00,0.537481258,0.453295643,0.665379264,0.57115766,0.558760856
2021/8/15 4:00,0.538280896,0.44968745,0.669425888,0.574136788,0.561171806
2021/8/15 5:00,0.538666803,0.451054307,0.669685445,0.573742628,0.562841988
2021/8/15 6:00,0.539363619,0.446896706,0.664401022,0.569480629,0.56181923
2021/8/15 7:00,0.538497421,0.453533632,0.667195531,0.571840509,0.561924597
2021/8/15 8:00,0.535136529,0.456740348,0.631050716,0.538356844,0.547500866
2021/8/15 9:00,0.537606822,0.467673758,0.628548675,0.542643537,0.547893685
2021/8/15 10:00,0.540006395,0.481983698,0.638829507,0.566474387,0.555390634
2021/8/15 11:00,0.539572615,0.484547047,0.639012341,0.570005052,0.553225468
2021/8/15 12:00,0.538679298,0.487418133,0.656470582,0.58657291,0.556967466
2021/8/15 13:00,0.538956454,0.479800461,0.630919333,0.565341488,0.546813333
2021/8/15 14:00,0.538406771,0.480788682,0.62921112,0.561368496,0.545731514
2021/8/15 15:00,0.536604024,0.489003263,0.621708817,0.554172278,0.544489114
2021/8/15 16:00,0.536495489,0.490411005,0.608015819,0.543712192,0.540545449
2021/8/15 17:00,0.536531694,0.487552889,0.620143681,0.552302599,0.543662133
2021/8/15 18:00,0.536680338,0.487614576,0.596858535,0.534600152,0.535966439
2021/8/15 19:00,0.535836485,0.486647952,0.595664284,0.509091707,0.533973442
2021/8/15 20:00,0.536202674,0.481393822,0.612649433,0.515383553,0.536892068
2021/8/15 21:00,0.535687644,0.474349688,0.626986936,0.52224846,0.538650402
2021/8/15 22:00,0.535281301,0.469565213,0.624949266,0.516982086,0.536781669
2021/8/15 23:00,0.537969082,0.467276002,0.644652247,0.527885403,0.543932056
2021/8/16 0:00,0.540922232,0.469094496,0.658574306,0.5641671,0.551225257
2021/8/16 1:00,0.540466481,0.462097842,0.670304314,0.584642383,0.556471882
2021/8/16 2:00,0.540305063,0.45269324,0.675568748,0.586148303,0.55880762
2021/8/16 3:00,0.539037791,0.450897955,0.672990672,0.582110717,0.559254246
2021/8/16 4:00,0.539296498,0.449413454,0.670208942,0.579487208,0.559623374
2021/8/16 5:00,0.538982829,0.447857765,0.670597349,0.579239608,0.560070565
2021/8/16 6:00,0.540065187,0.455416582,0.670297163,0.582294068,0.561210304
2021/8/16 7:00,0.541180914,0.468904764,0.662531231,0.569423301,0.561610526
2021/8/16 8:00,0.539171791,0.486766037,0.642472237,0.562413436,0.555801719
2021/8/16 9:00,0.537664687,0.496282876,0.632019451,0.565915483,0.553312643
2021/8/16 10:00,0.537547475,0.497493259,0.629269207,0.573246964,0.551730414
2021/8/16 11:00,0.537676328,0.498408492,0.631563454,0.576474118,0.552139757
2021/8/16 12:00,0.53688372,0.50312579,0.640118019,0.589873537,0.557384408
2021/8/16 13:00,0.536518585,0.496899368,0.621183106,0.564058568,0.547336319
2021/8/16 14:00,0.537158604,0.495304136,0.607987428,0.548273203,0.542065749
2021/8/16 15:00,0.536397211,0.49508269,0.590848731,0.511532269,0.536428194
2021/8/16 16:00,0.538298489,0.490370935,0.563326662,0.465322557,0.526133194
2021/8/16 17:00,0.537713588,0.493804976,0.590672144,0.505161962,0.536181034
2021/8/16 18:00,0.537628995,0.494005385,0.589510787,0.496696842,0.535753384
2021/8/16 19:00,0.536934444,0.488710324,0.58322227,0.485034305,0.53158809
2021/8/16 20:00,0.536908531,0.477473623,0.597608724,0.510794811,0.532718038
2021/8/16 21:00,0.539846939,0.472511206,0.636336731,0.535518964,0.543373306
2021/8/16 22:00,0.539064043,0.46868494,0.641044735,0.559782207,0.544367814
2021/8/16 23:00,0.539998431,0.462975867,0.650216075,0.565898926,0.548030997
2021/8/17 0:00,0.539139427,0.47310876,0.679481477,0.584331364,0.556970602
2021/8/17 1:00,0.538192171,0.460054215,0.683750588,0.585366316,0.55712362
2021/8/17 2:00,0.538228345,0.451735418,0.681367407,0.582609082,0.557478546
2021/8/17 3:00,0.538702457,0.446782175,0.680843849,0.581048959,0.558577972
2021/8/17 4:00,0.537686384,0.44521715,0.681767376,0.580218823,0.560243502
2021/8/17 5:00,0.537735125,0.449228161,0.679010293,0.58056035,0.561044347
2021/8/17 6:00,0.537488672,0.453180457,0.671610404,0.568450744,0.560626965
2021/8/17 7:00,0.53709351,0.467187317,0.66281509,0.561418528,0.559001215
2021/8/17 8:00,0.537344239,0.482079682,0.628963638,0.561334821,0.548672211
2021/8/17 9:00,0.536919466,0.486602818,0.620576529,0.56415533,0.545096469
2021/8/17 10:00,0.539551103,0.496868312,0.621951883,0.572972766,0.548853794
2021/8/17 11:00,0.539272286,0.498180714,0.620035547,0.571966569,0.548161656
2021/8/17 12:00,0.537619101,0.510904608,0.637529558,0.590674922,0.558291508
2021/8/17 13:00,0.538534045,0.512282678,0.617219828,0.564895146,0.55137725
2021/8/17 14:00,0.53704903,0.507419088,0.607338468,0.550595977,0.546193896
2021/8/17 15:00,0.536697576,0.4946561,0.56577309,0.501952729,0.528598125
2021/8/17 16:00,0.534608892,0.489674434,0.562437147,0.479505311,0.524902799
2021/8/17 17:00,0.537294592,0.494680052,0.612206114,0.542956632,0.54393063
2021/8/17 18:00,0.538008191,0.494490809,0.616398202,0.549583202,0.54509139
2021/8/17 19:00,0.539397049,0.496083853,0.623113754,0.553765097,0.548009671
2021/8/17 20:00,0.541567768,0.490873926,0.628621362,0.558737592,0.549032602
2021/8/17 21:00,0.540342723,0.477065379,0.640258502,0.561934937,0.549092133
2021/8/17 22:00,0.5396007,0.464972069,0.644674579,0.556549859,0.547580042
2021/8/17 23:00,0.540566514,0.456029693,0.652740928,0.55485789,0.547889356
2021/8/18 0:00,0.538862596,0.468502806,0.661561233,0.55995954,0.551065167
2021/8/18 1:00,0.53881047,0.464183529,0.667024413,0.562738363,0.554514839
2021/8/18 2:00,0.539293854,0.460973047,0.651634474,0.553541695,0.549198557
2021/8/18 3:00,0.539975293,0.458225929,0.644720773,0.548736599,0.547225866
2021/8/18 4:00,0.539902409,0.454997069,0.645817427,0.548949604,0.547617671
2021/8/18 5:00,0.539179749,0.452587199,0.649425746,0.551488867,0.545456935
2021/8/18 6:00,0.538110948,0.459598651,0.641444043,0.548025444,0.54433024
2021/8/18 7:00,0.539419226,0.46881611,0.632370335,0.546550851,0.545486847
2021/8/18 8:00,0.539759014,0.477703145,0.621735224,0.549393292,0.545410957
2021/8/18 9:00,0.539875522,0.488547339,0.623058632,0.549211993,0.548515954
2021/8/18 10:00,0.537015446,0.488087715,0.620327832,0.551306932,0.545511055
2021/8/18 11:00,0.53636098,0.491136199,0.615279604,0.563886165,0.54387254
2021/8/18 12:00,0.536844948,0.503052276,0.639142872,0.591760125,0.556800022
2021/8/18 13:00,0.538179643,0.501722482,0.620725563,0.574754216,0.549844132
2021/8/18 14:00,0.542099103,0.5071732,0.618554862,0.573216765,0.552193406
2021/8/18 15:00,0.539308924,0.505263191,0.618532809,0.571303822,0.550826153
2021/8/18 16:00,0.538103147,0.497779924,0.615697653,0.553262509,0.546982934
2021/8/18 17:00,0.539092907,0.503465655,0.630395967,0.564096404,0.552748545
2021/8/18 18:00,0.538103909,0.501687281,0.633721676,0.53369307,0.551685578
2021/8/18 19:00,0.539510271,0.49242749,0.622037654,0.497664797,0.544844829
2021/8/18 20:00,0.539774253,0.477713724,0.624640211,0.535417363,0.542989372
2021/8/18 21:00,0.541601615,0.465742567,0.627526055,0.563124751,0.541744949
2021/8/18 22:00,0.539804968,0.453057714,0.635812602,0.560496349,0.541517962
2021/8/18 23:00,0.53818157,0.449727348,0.632922027,0.552235442,0.539763559
2021/8/19 0:00,0.538426138,0.45698461,0.6361995,0.552187818,0.541455948
2021/8/19 1:00,0.538251652,0.45431488,0.655961802,0.569108796,0.547182508
2021/8/19 2:00,0.539894325,0.448613942,0.657245365,0.572956024,0.548409842
2021/8/19 3:00,0.54081775,0.446304524,0.65373068,0.570918005,0.549783512
2021/8/19 4:00,0.53974337,0.445033837,0.641034828,0.5618465,0.544639016
2021/8/19 5:00,0.535295827,0.444270624,0.636521733,0.558806676,0.54098618
2021/8/19 6:00,0.536549372,0.448971571,0.633218525,0.543816077,0.540758899
2021/8/19 7:00,0.540166065,0.459855571,0.629650998,0.538725534,0.542351107
2021/8/19 8:00,0.539096439,0.47285724,0.60816131,0.533074845,0.536964725
2021/8/19 9:00,0.539862673,0.48366344,0.60223682,0.535432963,0.535883583
2021/8/19 10:00,0.539631242,0.484161957,0.599543258,0.537086332,0.534359878
2021/8/19 11:00,0.537863636,0.48988478,0.608902877,0.546207375,0.539828118
2021/8/19 12:00,0.537386162,0.497890374,0.629662655,0.584644827,0.550409526
2021/8/19 13:00,0.538088478,0.496899146,0.626501525,0.583592151,0.549110224
2021/8/19 14:00,0.538542952,0.490249488,0.621966059,0.579728637,0.545348006
2021/8/19 15:00,0.538014033,0.488954923,0.615675085,0.565675955,0.542846592
2021/8/19 16:00,0.538665639,0.479118812,0.616819194,0.55009446,0.540175227
2021/8/19 17:00,0.540786274,0.478728931,0.622027018,0.552230128,0.542270998
2021/8/19 18:00,0.538622219,0.474053956,0.60548306,0.539581959,0.535066802
2021/8/19 19:00,0.537337307,0.473992904,0.601584893,0.525345382,0.532384393
2021/8/19 20:00,0.536092438,0.47427362,0.613212193,0.517656563,0.535612415
2021/8/19 21:00,0.535309556,0.47343127,0.621671008,0.521901878,0.538466942
2021/8/19 22:00,0.532883048,0.464062769,0.624034088,0.517019286,0.537205751
2021/8/19 23:00,0.533813188,0.457692462,0.634463672,0.514852258,0.539297382
2021/8/20 0:00,0.534973601,0.467428701,0.64559973,0.516973683,0.545791394
2021/8/20 1:00,0.532293905,0.472181821,0.65165607,0.522517445,0.548867307
2021/8/20 2:00,0.532943055,0.471026763,0.65444803,0.523910411,0.553929819
2021/8/20 3:00,0.532089813,0.472541726,0.652656724,0.533856514,0.557910551
2021/8/20 4:00,0.532527899,0.476751148,0.651905674,0.545264728,0.56085357
2021/8/20 5:00,0.532001728,0.480132427,0.647674985,0.544792927,0.55963881
2021/8/20 6:00,0.532922068,0.485644265,0.643218492,0.542983027,0.559574045
2021/8/20 7:00,0.533601177,0.501909364,0.633185565,0.546298402,0.559809267
2021/8/20 8:00,0.529350489,0.512916091,0.621275948,0.561395568,0.556423252
2021/8/20 9:00,0.531411008,0.522922238,0.607385561,0.559250755,0.553713685
2021/8/20 10:00,0.532265438,0.519643789,0.598683787,0.55475351,0.549732146
2021/8/20 11:00,0.531113628,0.525170677,0.612664982,0.567086036,0.557729114
2021/8/20 12:00,0.533449151,0.522543853,0.629637717,0.585737599,0.563976647
2021/8/20 13:00,0.534075988,0.51905445,0.622060326,0.576419137,0.558111828
2021/8/20 14:00,0.534297324,0.515738072,0.621371868,0.575226168,0.555530484
2021/8/20 15:00,0.534511768,0.512398155,0.620167566,0.57545253,0.55354816
2021/8/20 16:00,0.533795043,0.50327708,0.612412038,0.566611124,0.547929057
2021/8/20 17:00,0.532474656,0.493256198,0.597187164,0.549632912,0.539040806
2021/8/20 18:00,0.532400342,0.481567486,0.581343628,0.520206993,0.530447851
2021/8/20 19:00,0.532099721,0.478295665,0.577386966,0.485416239,0.527533793
2021/8/20 20:00,0.530899965,0.473371071,0.576344916,0.481909324,0.526272909
2021/8/20 21:00,0.529303848,0.468096472,0.582063671,0.48094446,0.526336614
2021/8/20 22:00,0.529301402,0.459142506,0.588688595,0.478011694,0.526863048
2021/8/20 23:00,0.530073518,0.458042311,0.597850156,0.490771047,0.529810122
2021/8/21 0:00,0.529793903,0.466083386,0.592649298,0.515912269,0.528831868
2021/8/21 1:00,0.531280318,0.463686992,0.604131338,0.521870438,0.531674631
2021/8/21 2:00,0.530976149,0.462683793,0.634308559,0.541975004,0.541691242
2021/8/21 3:00,0.532183486,0.45845577,0.650960412,0.552712424,0.54827996
2021/8/21 4:00,0.530508317,0.463591174,0.652060666,0.552399937,0.550949253
2021/8/21 5:00,0.528589333,0.462075029,0.648803955,0.547496169,0.550640061
2021/8/21 6:00,0.529633496,0.465712169,0.65417412,0.561815218,0.553275985
2021/8/21 7:00,0.528464238,0.471988989,0.637945218,0.557036995,0.549220741
2021/8/21 8:00,0.528844035,0.477426337,0.632069696,0.557670694,0.548634651
2021/8/21 9:00,0.521267801,0.479545811,0.627484129,0.558153685,0.544925213
2021/8/21 10:00,0.526960855,0.487985065,0.628571001,0.567859814,0.550938816
2021/8/21 11:00,0.529390712,0.484776945,0.636827786,0.577205076,0.553399066
2021/8/21 12:00,0.529513843,0.494445267,0.636873035,0.580440646,0.55495929
2021/8/21 13:00,0.527981682,0.499503294,0.638010483,0.579833396,0.553254098
2021/8/21 14:00,0.5282158,0.496087931,0.643267105,0.584261128,0.553845258
2021/8/21 15:00,0.529820751,0.487435103,0.628383378,0.569688514,0.547094676
2021/8/21 16:00,0.532551133,0.474278002,0.614921316,0.554926125,0.539608463
2021/8/21 17:00,0.534004257,0.472503501,0.610157232,0.550905069,0.538082449
2021/8/21 18:00,0.537099434,0.471630291,0.592202267,0.524877136,0.533916822
2021/8/21 19:00,0.537647881,0.471960455,0.584900667,0.479559206,0.530635861
2021/8/21 20:00,0.538596738,0.469769225,0.584399084,0.450053479,0.529717551
2021/8/21 21:00,0.536902455,0.467628175,0.589680858,0.455184209,0.530297978
2021/8/21 22:00,0.535910652,0.458392857,0.602270993,0.489378739,0.533183944
2021/8/21 23:00,0.537308498,0.453058721,0.617597653,0.544519002,0.538437832
2021/8/22 0:00,0.537803121,0.460562512,0.643574782,0.558422259,0.54696381
2021/8/22 1:00,0.538585216,0.457307772,0.680692748,0.581421576,0.557760053
2021/8/22 2:00,0.538866083,0.451350296,0.678039056,0.577344207,0.55781982
2021/8/22 3:00,0.540250676,0.445350514,0.674709588,0.573739458,0.557369667
2021/8/22 4:00,0.539352671,0.442767221,0.660413688,0.566406935,0.552682619
2021/8/22 5:00,0.539550754,0.439002712,0.656737372,0.567357808,0.55155119
2021/8/22 6:00,0.538765856,0.446488831,0.654059063,0.554266209,0.552077301
2021/8/22 7:00,0.539061845,0.451860998,0.648750094,0.553129864,0.552411301
2021/8/22 8:00,0.53705792,0.455251593,0.629021359,0.553549096,0.543490103
2021/8/22 9:00,0.538090891,0.46690132,0.627323907,0.545650357,0.545225591
2021/8/22 10:00,0.536993416,0.473568755,0.61891368,0.547128265,0.541661814
2021/8/22 11:00,0.535049685,0.473313306,0.608626057,0.546876357,0.537504858
2021/8/22 12:00,0.53847931,0.494290824,0.646956114,0.581007796,0.557344204
2021/8/22 13:00,0.538769478,0.504482668,0.633871159,0.572701751,0.555167107
2021/8/22 14:00,0.537681668,0.504628235,0.621717996,0.561216449,0.551483962
2021/8/22 15:00,0.53656958,0.496530225,0.604259772,0.511538601,0.542999641
2021/8/22 16:00,0.536244819,0.489257848,0.570420767,0.450528645,0.528872832
2021/8/22 17:00,0.536841673,0.490596504,0.579360317,0.452129956,0.531690421
2021/8/22 18:00,0.537066711,0.486562362,0.547166329,0.431167379,0.520179067
2021/8/22 19:00,0.536471081,0.48654443,0.541988677,0.423901392,0.518161926
2021/8/22 20:00,0.536488858,0.490257122,0.571495286,0.463278701,0.528504604
2021/8/22 21:00,0.535602287,0.49608008,0.622087054,0.543639166,0.545229719
2021/8/22 22:00,0.538601808,0.490957912,0.654848332,0.575264598,0.55388619
2021/8/22 23:00,0.539292665,0.490839299,0.67051795,0.58911109,0.559317073
2021/8/23 0:00,0.538783692,0.478239177,0.677574793,0.590983615,0.559956482
2021/8/23 1:00,0.538137249,0.460398758,0.68125956,0.588875304,0.559249857
2021/8/23 2:00,0.53966484,0.450501754,0.681695486,0.587066241,0.559753353
2021/8/23 3:00,0.539695819,0.444062455,0.6800579,0.584289565,0.561127811
2021/8/23 4:00,0.537607308,0.437163501,0.676834575,0.580673716,0.560086667
2021/8/23 5:00,0.536419639,0.440387986,0.674143873,0.579177758,0.559084397
2021/8/23 6:00,0.537086285,0.447802365,0.672424734,0.578680219,0.559481683
2021/8/23 7:00,0.538381764,0.463814455,0.662945936,0.570581762,0.560118489
2021/8/23 8:00,0.537579066,0.480692852,0.640129947,0.559400408,0.551831222
2021/8/23 9:00,0.540415584,0.489062164,0.630812841,0.573258147,0.550058433
2021/8/23 10:00,0.54022157,0.496499194,0.628505983,0.576061929,0.550537917
2021/8/23 11:00,0.539460615,0.503669496,0.623652281,0.577319441,0.55086803
2021/8/23 12:00,0.539773847,0.519165823,0.637716533,0.595112887,0.561436718
2021/8/23 13:00,0.538038294,0.514462819,0.616167233,0.573339899,0.552047044
2021/8/23 14:00,0.536841836,0.505969736,0.591355022,0.548950554,0.541040495
2021/8/23 15:00,0.533578114,0.49875123,0.580511907,0.537875468,0.534108696
2021/8/23 16:00,0.532117976,0.492238243,0.560964259,0.519701,0.52553488
2021/8/23 17:00,0.531889694,0.494050557,0.578591807,0.519389831,0.531552014
2021/8/23 18:00,0.531915883,0.48792438,0.553987211,0.476160565,0.521472516
2021/8/23 19:00,0.531679107,0.486374216,0.547180665,0.471882071,0.51868112
2021/8/23 20:00,0.531588955,0.491119819,0.575542293,0.491400805,0.529113703
2021/8/23 21:00,0.533298312,0.493118088,0.617392115,0.517868912,0.543512812
2021/8/23 22:00,0.538562763,0.485483819,0.639223543,0.543455326,0.550673445
2021/8/23 23:00,0.539323748,0.474314417,0.665633482,0.572435601,0.557438556
2021/8/24 0:00,0.538543634,0.467274318,0.678267289,0.591000169,0.560655747
2021/8/24 1:00,0.537821003,0.455150939,0.671474048,0.585809817,0.558932452
2021/8/24 2:00,0.538571092,0.44146658,0.679480562,0.587783805,0.560107615
2021/8/24 3:00,0.539290859,0.441263354,0.683525666,0.588735231,0.561245055
2021/8/24 4:00,0.537971701,0.440364034,0.684495789,0.588094016,0.562019875
2021/8/24 5:00,0.537005114,0.443376358,0.682470665,0.586001783,0.56117043
2021/8/24 6:00,0.537274873,0.443607629,0.680372611,0.585021679,0.56172561
2021/8/24 7:00,0.537846359,0.463288167,0.666856954,0.569223435,0.561398468
2021/8/24 8:00,0.539814935,0.483034019,0.648651135,0.582923775,0.557857476
2021/8/24 9:00,0.541114954,0.497948563,0.631156757,0.5778488,0.554801605
2021/8/24 10:00,0.539793176,0.510606901,0.623850633,0.574369447,0.555295434
2021/8/24 11:00,0.536808389,0.501012565,0.570262347,0.489856739,0.532885016
2021/8/24 12:00,0.532604846,0.502651059,0.597795669,0.541292252,0.541814206
2021/8/24 13:00,0.532190562,0.482655898,0.548203775,0.467234362,0.516864288
2021/8/24 14:00,0.532034007,0.483529311,0.567247101,0.494104654,0.523612294
2021/8/24 15:00,0.532144737,0.478788707,0.566026029,0.491293041,0.521776822
2021/8/24 16:00,0.532018273,0.475323344,0.565997018,0.473293313,0.520648122
2021/8/24 17:00,0.534898542,0.484400804,0.607230318,0.545246727,0.537438931
2021/8/24 18:00,0.532360549,0.481056837,0.5974386,0.536417041,0.532417992
2021/8/24 19:00,0.532054927,0.48105886,0.585259417,0.518072355,0.528637261
2021/8/24 20:00,0.533127006,0.481980396,0.609040021,0.550505436,0.536784028
2021/8/24 21:00,0.538421603,0.48234885,0.632703194,0.573251345,0.546118624
2021/8/24 22:00,0.539977987,0.466185716,0.640596678,0.575879027,0.545070541
2021/8/24 23:00,0.53949801,0.462955779,0.666975067,0.585451298,0.551739716
2021/8/25 0:00,0.537492346,0.477644594,0.681757251,0.589796511,0.557530129
2021/8/25 1:00,0.537025995,0.477295212,0.680841306,0.586258824,0.559028769
2021/8/25 2:00,0.537851138,0.467120773,0.677078246,0.582053973,0.559407107
2021/8/25 3:00,0.537882581,0.461022191,0.67523492,0.579583365,0.559902821
2021/8/25 4:00,0.538786136,0.454434987,0.675962687,0.579470427,0.561870171
2021/8/25 5:00,0.538735034,0.449895317,0.67448706,0.578464258,0.562506143
2021/8/25 6:00,0.539863292,0.453463766,0.672010543,0.570411371,0.563348511
2021/8/25 7:00,0.539484239,0.471047549,0.661736147,0.568622901,0.562408635
2021/8/25 8:00,0.541429484,0.490861887,0.646887279,0.587307616,0.561066766
2021/8/25 9:00,0.539790104,0.506317317,0.62848875,0.584128055,0.555823326
2021/8/25 10:00,0.540101366,0.503653801,0.622450582,0.581647452,0.552117299
2021/8/25 11:00,0.539779098,0.501424727,0.620683604,0.579642008,0.54984246
2021/8/25 12:00,0.53659198,0.503024877,0.636531408,0.597180515,0.555248497
2021/8/25 13:00,0.540180685,0.493394829,0.630317662,0.586276601,0.549734062
2021/8/25 14:00,0.539204353,0.495110507,0.623719753,0.571180917,0.54808788
2021/8/25 15:00,0.538374183,0.491334012,0.621906827,0.555971201,0.545475627
2021/8/25 16:00,0.53657133,0.48083979,0.586277312,0.494303659,0.530498091
2021/8/25 17:00,0.537050637,0.483425886,0.60398698,0.544365393,0.537908403
2021/8/25 18:00,0.537554013,0.48380475,0.604969927,0.536175185,0.53802357
2021/8/25 19:00,0.536771376,0.482981243,0.603430265,0.503152823,0.535424739
2021/8/25 20:00,0.538363911,0.485146401,0.621164883,0.539962387,0.541728059
2021/8/25 21:00,0.538350493,0.476594573,0.634052825,0.56076734,0.543545871
2021/8/25 22:00,0.538814047,0.462120725,0.638369244,0.55860085,0.542054902
2021/8/25 23:00,0.539571803,0.457457847,0.641877153,0.552399986,0.543552575
2021/8/26 0:00,0.538326674,0.467726925,0.656467203,0.559831986,0.550237267
2021/8/26 1:00,0.538462039,0.471598763,0.67731859,0.572023855,0.559362719
2021/8/26 2:00,0.5393009,0.468634262,0.679673577,0.574002627,0.560964306
2021/8/26 3:00,0.539483624,0.468600479,0.67272565,0.57603389,0.559946172
2021/8/26 4:00,0.540251684,0.466499758,0.661676015,0.575486457,0.557306352
2021/8/26 5:00,0.538914464,0.458442186,0.653435662,0.569460057,0.552497649
2021/8/26 6:00,0.538630554,0.461657632,0.647641376,0.558482306,0.551248195
2021/8/26 7:00,0.541204854,0.477445321,0.642239707,0.556569731,0.5540076
2021/8/26 8:00,0.540078528,0.490677693,0.623114343,0.558768927,0.549775958
2021/8/26 9:00,0.540720854,0.502225736,0.607084858,0.562767133,0.546324552
2021/8/26 10:00,0.540531616,0.501275706,0.604008669,0.561466449,0.543934277
2021/8/26 11:00,0.538565507,0.500361241,0.604439536,0.563511771,0.542967917
2021/8/26 12:00,0.539799202,0.506350739,0.621361306,0.582886692,0.549695712
2021/8/26 13:00,0.53915907,0.492370302,0.614804751,0.565603767,0.54345916
2021/8/26 14:00,0.539952172,0.493099008,0.617723281,0.561409014,0.545303596
2021/8/26 15:00,0.539729429,0.498570909,0.620265705,0.560638003,0.547799751
2021/8/26 16:00,0.537405206,0.492866668,0.601930932,0.54211957,0.539921242
2021/8/26 17:00,0.538281506,0.491450509,0.610865213,0.547632629,0.542414658
2021/8/26 18:00,0.53651267,0.487898483,0.594031899,0.514310427,0.536034779
2021/8/26 19:00,0.536331692,0.489086672,0.591388319,0.503675042,0.535214319
2021/8/26 20:00,0.537451218,0.487577578,0.611733637,0.533899831,0.542318847
2021/8/26 21:00,0.537901066,0.482393365,0.628823316,0.562559199,0.547054089
2021/8/26 22:00,0.536742145,0.466091429,0.629570818,0.555096,0.543169529
2021/8/26 23:00,0.53758407,0.464354253,0.638503001,0.563800817,0.546771727
2021/8/27 0:00,0.533252607,0.472533487,0.628001034,0.554292222,0.544769449
2021/8/27 1:00,0.52988986,0.47502302,0.657587026,0.572846004,0.55202194
2021/8/27 2:00,0.531571254,0.4673547,0.657743534,0.57103304,0.552675797
2021/8/27 3:00,0.532073734,0.460871724,0.659156167,0.568836277,0.554070734
2021/8/27 4:00,0.532167881,0.455936447,0.659655464,0.566055232,0.553661876
2021/8/27 5:00,0.532335544,0.451673666,0.660817677,0.567098012,0.554444425
2021/8/27 6:00,0.532212005,0.454301841,0.659981896,0.555017941,0.555542272
2021/8/27 7:00,0.530578922,0.478125212,0.645228154,0.545165695,0.553782523
2021/8/27 8:00,0.527081999,0.492557953,0.625219864,0.545667576,0.547491864
2021/8/27 9:00,0.52145597,0.498200698,0.625171022,0.548417075,0.548004116
2021/8/27 10:00,0.528892702,0.512545535,0.621993812,0.559644275,0.552018792
2021/8/27 11:00,0.530239343,0.512442947,0.61620721,0.559054081,0.550352817
2021/8/27 12:00,0.530320866,0.507194375,0.610872485,0.553389398,0.547906003
2021/8/27 13:00,0.529021735,0.501115654,0.599040621,0.539931088,0.540398874
2021/8/27 14:00,0.5313893,0.50240889,0.603169818,0.549138625,0.543622054
2021/8/27 15:00,0.530663662,0.498133283,0.602328415,0.548371134,0.54123734
2021/8/27 16:00,0.52955294,0.494151744,0.603349564,0.538944897,0.539182363
2021/8/27 17:00,0.531151435,0.493396021,0.59839521,0.530836238,0.538924382
2021/8/27 18:00,0.530662313,0.49098715,0.580441294,0.516969514,0.532290051
2021/8/27 19:00,0.529148014,0.489579163,0.578111746,0.512072435,0.5307555
2021/8/27 20:00,0.5289151,0.482395764,0.579375243,0.511836613,0.529500811
2021/8/27 21:00,0.52967732,0.476299949,0.590111026,0.517475808,0.531810167
2021/8/27 22:00,0.530981866,0.469890421,0.599285271,0.521213538,0.53389314
2021/8/27 23:00,0.53238613,0.464022248,0.6394827,0.529078023,0.545438589
2021/8/28 0:00,0.532252216,0.472075285,0.650704401,0.523871698,0.549700648
2021/8/28 1:00,0.532013834,0.469381569,0.672670744,0.58273245,0.558845469
2021/8/28 2:00,0.531287123,0.462533215,0.672941601,0.582355871,0.557667301
2021/8/28 3:00,0.524136532,0.462906449,0.664202384,0.573602175,0.552091589
2021/8/28 4:00,0.518495838,0.460106816,0.663406407,0.570675518,0.550484919
2021/8/28 5:00,0.513892463,0.455053209,0.665084588,0.56912086,0.549571683
2021/8/28 6:00,0.51111651,0.452406205,0.661643218,0.56503158,0.547671337
2021/8/28 7:00,0.511900088,0.459758658,0.649763684,0.563843997,0.547924766
2021/8/28 8:00,0.512540469,0.467606084,0.631685985,0.556077457,0.54115155
2021/8/28 9:00,0.50944528,0.480656358,0.629150965,0.559333597,0.54139568
2021/8/28 10:00,0.51065485,0.483653344,0.629416085,0.567744028,0.543535036
2021/8/28 11:00,0.511289341,0.494713137,0.631320476,0.561958338,0.548612279
2021/8/28 12:00,0.511387264,0.496035528,0.628536651,0.557283632,0.549078862
2021/8/28 13:00,0.510683793,0.498310781,0.617905057,0.54478402,0.544616995
2021/8/28 14:00,0.511575421,0.496519974,0.612436554,0.547431098,0.541525215
2021/8/28 15:00,0.514092995,0.497351977,0.624726043,0.569121936,0.546755327
2021/8/28 16:00,0.514741815,0.494620279,0.635468392,0.578719307,0.549393422
2021/8/28 17:00,0.517719991,0.487759901,0.627915515,0.560487207,0.545717813
2021/8/28 18:00,0.523225649,0.484260523,0.604205562,0.494840648,0.536560441
2021/8/28 19:00,0.527690987,0.48409341,0.589030188,0.477769369,0.532205354
2021/8/28 20:00,0.532093779,0.483695386,0.589728146,0.477148065,0.533109743
2021/8/28 21:00,0.53775187,0.485560626,0.60951843,0.515753879,0.542266991
2021/8/28 22:00,0.538667257,0.480271227,0.618783996,0.539620557,0.54518388
2021/8/28 23:00,0.538642598,0.48193575,0.637772486,0.565025168,0.550970075
2021/8/29 0:00,0.538576929,0.489048102,0.667637442,0.578697223,0.558746721
2021/8/29 1:00,0.538564664,0.482980698,0.670753379,0.58209403,0.560817191
2021/8/29 2:00,0.538189553,0.474516822,0.664545187,0.576500044,0.557967839
2021/8/29 3:00,0.540122043,0.46712198,0.658852644,0.572495017,0.556904826
2021/8/29 4:00,0.539449077,0.46203962,0.658159219,0.57014752,0.556948453
2021/8/29 5:00,0.539800052,0.460238487,0.657620709,0.568495214,0.556227085
2021/8/29 6:00,0.539181825,0.460827391,0.653053362,0.556567919,0.554710514
2021/8/29 7:00,0.539539691,0.464736108,0.649592576,0.559610974,0.557617529
2021/8/29 8:00,0.540127937,0.468612383,0.628550092,0.56121563,0.551530958
2021/8/29 9:00,0.537953253,0.472906832,0.613881141,0.555351176,0.543872729
2021/8/29 10:00,0.536649711,0.483733552,0.60850768,0.555065508,0.541569546
2021/8/29 11:00,0.5339627,0.488193431,0.595363403,0.546899341,0.537719971
2021/8/29 12:00,0.535142386,0.507071943,0.628369319,0.580452989,0.555248925
2021/8/29 13:00,0.536326583,0.501866959,0.608279473,0.533845456,0.546112333
2021/8/29 14:00,0.536588299,0.499795835,0.58498881,0.508849856,0.537581738
2021/8/29 15:00,0.536136379,0.494408624,0.559365726,0.460874225,0.526910846
2021/8/29 16:00,0.536442998,0.494413062,0.55925018,0.447750282,0.526441665
2021/8/29 17:00,0.53754073,0.502216125,0.596220965,0.50002742,0.540847445
2021/8/29 18:00,0.535239636,0.496491272,0.584804446,0.452578415,0.534017957
2021/8/29 19:00,0.535122275,0.497015305,0.597153432,0.459801208,0.537288577
2021/8/29 20:00,0.536183107,0.499860129,0.619961482,0.481476024,0.545121541
2021/8/29 21:00,0.536999262,0.499319656,0.634126437,0.570170503,0.551009716
2021/8/29 22:00,0.537146077,0.483677132,0.632681853,0.568210834,0.546101214
2021/8/29 23:00,0.541392214,0.479846592,0.652051213,0.578105089,0.552874897
2021/8/30 0:00,0.540285422,0.474682615,0.675786838,0.588344772,0.558081991
2021/8/30 1:00,0.539802516,0.479281342,0.669154399,0.580857212,0.557550002
2021/8/30 2:00,0.540396072,0.470849615,0.657259056,0.571050497,0.554692022
2021/8/30 3:00,0.540135474,0.465564109,0.656187253,0.568470377,0.554940426
2021/8/30 4:00,0.538706802,0.460413774,0.654910789,0.571238975,0.554502195
2021/8/30 5:00,0.539147981,0.458635771,0.654054237,0.571325935,0.554886992
2021/8/30 6:00,0.538640253,0.461639508,0.650923916,0.569691315,0.553400494
2021/8/30 7:00,0.538244844,0.470133202,0.642468996,0.570603613,0.550863508
2021/8/30 8:00,0.53786369,0.482688726,0.62131602,0.563711157,0.544928535
2021/8/30 9:00,0.537745837,0.482720773,0.614501144,0.562580302,0.541918804
2021/8/30 10:00,0.53831662,0.488935648,0.61635793,0.568535686,0.54422161
2021/8/30 11:00,0.540388473,0.498351426,0.628285644,0.578007785,0.550907567
2021/8/30 12:00,0.538790369,0.502718021,0.639777646,0.587236058,0.556984689
2021/8/30 13:00,0.538809937,0.505692732,0.612125885,0.564034261,0.548843648
2021/8/30 14:00,0.538016741,0.506039735,0.603506995,0.556830377,0.545878863
2021/8/30 15:00,0.536241468,0.499100135,0.578335738,0.523148526,0.535065131
2021/8/30 16:00,0.536240462,0.491426909,0.5526933,0.485903863,0.523801303
2021/8/30 17:00,0.536543631,0.495521544,0.584662156,0.509839506,0.535704134
2021/8/30 18:00,0.535040265,0.494274853,0.565989378,0.45819417,0.528089641
2021/8/30 19:00,0.535143713,0.494478655,0.570435211,0.461277799,0.529241639
2021/8/30 20:00,0.536682757,0.498022308,0.608926067,0.500543439,0.543053775
2021/8/30 21:00,0.539532954,0.482907547,0.628774471,0.523552591,0.544605392
2021/8/30 22:00,0.539685912,0.46427355,0.630759993,0.561775645,0.541982052
2021/8/30 23:00,0.539919519,0.464771691,0.654449086,0.575677602,0.550787178
2021/8/31 0:00,0.537810633,0.476344207,0.662417343,0.579072042,0.554997981
2021/8/31 1:00,0.537527704,0.471292379,0.657209304,0.573885811,0.554751692
2021/8/31 2:00,0.538866551,0.470135138,0.650920413,0.568370469,0.552368911
2021/8/31 3:00,0.538109412,0.466301946,0.649205613,0.565708547,0.55127445
2021/8/31 4:00,0.537951369,0.463759523,0.649586194,0.564699328,0.552108535
2021/8/31 5:00,0.536929954,0.462222464,0.649281052,0.565002689,0.552247557
2021/8/31 6:00,0.537130326,0.464789354,0.648811817,0.563420879,0.552456633
2021/8/31 7:00,0.53680608,0.477651115,0.640215926,0.564808839,0.552138096
2021/8/31 8:00,0.537211625,0.489186898,0.618496617,0.562569456,0.547136179
2021/8/31 9:00,0.538527613,0.490161291,0.609305577,0.560920793,0.543577206
2021/8/31 10:00,0.53815369,0.498843585,0.610764465,0.56803713,0.544830187
2021/8/31 11:00,0.539208987,0.506638583,0.624879493,0.581758151,0.552333155
2021/8/31 12:00,0.540061148,0.515268729,0.641715908,0.597150203,0.56264289
2021/8/31 13:00,0.53977347,0.518757089,0.626183078,0.577533406,0.558516809
2021/8/31 14:00,0.540022644,0.519507922,0.61802506,0.574607612,0.556811644
2021/8/31 15:00,0.538730192,0.512447591,0.607271593,0.563356234,0.550498145
2021/8/31 16:00,0.536239781,0.502014779,0.585364215,0.542411178,0.539348336
2021/8/31 17:00,0.53704388,0.503021798,0.6001426,0.552314768,0.544296081
2021/8/31 18:00,0.536120092,0.497679104,0.583198335,0.508166696,0.536611779
2021/8/31 19:00,0.536054208,0.493860405,0.581530787,0.49689009,0.53450594
2021/8/31 20:00,0.536069285,0.487790799,0.599197701,0.519310638,0.538861303
2021/8/31 21:00,0.53656533,0.478395652,0.607279656,0.52271826,0.538262273
2021/8/31 22:00,0.53541614,0.468804148,0.598603483,0.507218862,0.531459579
2021/8/31 23:00,0.537955824,0.468259468,0.608656977,0.509875102,0.534004778
2021/9/1 0:00,0.538074534,0.474806941,0.619312105,0.550788266,0.53916797
2021/9/1 1:00,0.533360717,0.470756293,0.636464813,0.56082083,0.543575045
2021/9/1 2:00,0.533866576,0.468358367,0.642851855,0.566438002,0.545639844
2021/9/1 3:00,0.535253757,0.465506098,0.649960429,0.570722903,0.548423681
2021/9/1 4:00,0.537455057,0.465994511,0.638119256,0.562660601,0.544353339
2021/9/1 5:00,0.538875446,0.462965183,0.636847128,0.563115203,0.545163663
2021/9/1 6:00,0.539280369,0.46654653,0.636523063,0.563322238,0.546072594
2021/9/1 7:00,0.539719589,0.474319022,0.626613161,0.562602731,0.545547794
2021/9/1 8:00,0.539621033,0.481107423,0.608504048,0.558617539,0.541239273
2021/9/1 9:00,0.538395916,0.484261206,0.600591621,0.556758306,0.538589798
2021/9/1 10:00,0.539406836,0.489177779,0.595544721,0.556463865,0.537266916
2021/9/1 11:00,0.539027455,0.491288923,0.592351103,0.552913581,0.535869417
2021/9/1 12:00,0.534853118,0.495573449,0.603420753,0.570371698,0.540997752
2021/9/1 13:00,0.53726473,0.490870321,0.597253769,0.559713108,0.538331675
2021/9/1 14:00,0.540329113,0.489560506,0.605349804,0.563216514,0.541738086
2021/9/1 15:00,0.542414427,0.487184253,0.611380507,0.564870575,0.543054913
2021/9/1 16:00,0.541295092,0.482016183,0.603034691,0.554033914,0.538021432
2021/9/1 17:00,0.54060858,0.476904819,0.595537095,0.547562479,0.534415789
2021/9/1 18:00,0.539013701,0.471280962,0.568407792,0.493955186,0.521577197
2021/9/1 19:00,0.541069684,0.466532454,0.556792335,0.478680748,0.51595238
2021/9/1 20:00,0.538850471,0.465763387,0.564463818,0.483604696,0.517797847
2021/9/1 21:00,0.540503451,0.464634327,0.575068182,0.488773077,0.521889731
2021/9/1 22:00,0.539922575,0.464071726,0.586980277,0.4882288,0.526671606
2021/9/1 23:00,0.540850729,0.459410877,0.6103759,0.490631216,0.532805179
2021/9/2 0:00,0.539110489,0.470855279,0.632777926,0.498841791,0.54000197
2021/9/2 1:00,0.539807575,0.46646294,0.634280576,0.519481921,0.543173852
2021/9/2 2:00,0.538955304,0.459263779,0.634490612,0.563398628,0.543395093
2021/9/2 3:00,0.538694377,0.461489831,0.632982174,0.561290283,0.544143807
2021/9/2 4:00,0.538590623,0.463158338,0.634049447,0.560954047,0.547094932
2021/9/2 5:00,0.538220157,0.461173878,0.630877437,0.557914793,0.545458889
2021/9/2 6:00,0.538557764,0.4606397,0.627805551,0.545242814,0.542721588
2021/9/2 7:00,0.539785061,0.470126616,0.623342877,0.532133274,0.543151495
2021/9/2 8:00,0.5397953,0.476919314,0.600517908,0.513773606,0.536006622
2021/9/2 9:00,0.540911905,0.478936825,0.59281745,0.512825784,0.534014377
2021/9/2 10:00,0.539168725,0.48173436,0.583921213,0.506361832,0.529993092
2021/9/2 11:00,0.539776513,0.482620673,0.58199836,0.508991383,0.52901294
2021/9/2 12:00,0.541837595,0.497433101,0.605307284,0.55166536,0.542896058
2021/9/2 13:00,0.537963158,0.486060737,0.587055239,0.536257387,0.531763489
2021/9/2 14:00,0.537063404,0.476851622,0.575744424,0.52277099,0.525335587
2021/9/2 15:00,0.538682307,0.471646452,0.578855572,0.523265121,0.524682987
2021/9/2 16:00,0.538382191,0.469517043,0.577433563,0.519334729,0.523592444
2021/9/2 17:00,0.540204052,0.47121218,0.582030064,0.522820109,0.526091294
2021/9/2 18:00,0.539969278,0.470081774,0.576056218,0.511531136,0.52315352
2021/9/2 19:00,0.539864977,0.466162187,0.56196501,0.492287135,0.51731311
2021/9/2 20:00,0.539585272,0.465293807,0.567728751,0.496573871,0.518678999
2021/9/2 21:00,0.538520713,0.465560716,0.571337989,0.498874147,0.519438196
2021/9/2 22:00,0.538405179,0.46481297,0.579267032,0.499448534,0.521805392
2021/9/2 23:00,0.540400191,0.461856583,0.587127329,0.495678027,0.524722176
2021/9/3 0:00,0.538925732,0.47054415,0.592570811,0.494372161,0.527570323
2021/9/3 1:00,0.538397612,0.472480583,0.616048672,0.513059871,0.535504379
2021/9/3 2:00,0.538998518,0.465494613,0.616391531,0.515374704,0.535921328
2021/9/3 3:00,0.539660127,0.460347098,0.615778277,0.513507238,0.536305494
2021/9/3 4:00,0.538680991,0.456139,0.612366118,0.509621595,0.534259096
2021/9/3 5:00,0.539095772,0.457345736,0.608951471,0.507522386,0.532520706
2021/9/3 6:00,0.539156057,0.459274533,0.608245114,0.506945372,0.532601471
2021/9/3 7:00,0.54014318,0.468811973,0.601196082,0.508559149,0.533182279
2021/9/3 8:00,0.538237426,0.474027544,0.593929195,0.513533028,0.530738951
2021/9/3 9:00,0.537453159,0.476251362,0.588622948,0.513551116,0.529370709
2021/9/3 10:00,0.540549502,0.482661165,0.590779928,0.517072311,0.532489598
2021/9/3 11:00,0.538869432,0.490044974,0.593737176,0.523126456,0.535171878
2021/9/3 12:00,0.538596064,0.497391981,0.606821542,0.540311933,0.542365886
2021/9/3 13:00,0.539824083,0.495960154,0.598525754,0.532001884,0.539054783
2021/9/3 14:00,0.54177103,0.488649655,0.581565064,0.514415627,0.532148842
2021/9/3 15:00,0.540900711,0.480481469,0.581829691,0.509544103,0.528258847
2021/9/3 16:00,0.53951299,0.473302746,0.570368411,0.498379566,0.522028318
2021/9/3 17:00,0.53870729,0.465002992,0.54735427,0.479298087,0.512302241
2021/9/3 18:00,0.539773866,0.463855019,0.547195775,0.475555349,0.512467392
2021/9/3 19:00,0.540074521,0.466557928,0.557901725,0.482759335,0.516971382
2021/9/3 20:00,0.541818513,0.466636284,0.56447739,0.477234692,0.519471943
2021/9/3 21:00,0.541201735,0.467378399,0.553596279,0.470924068,0.515010712
2021/9/3 22:00,0.538639947,0.466487311,0.54644979,0.448676505,0.511614685
2021/9/3 23:00,0.539775089,0.465578398,0.549713713,0.453955529,0.513366035
2021/9/4 0:00,0.539665561,0.468800972,0.551859091,0.459525724,0.516225717
2021/9/4 1:00,0.540046703,0.470270861,0.560509607,0.468000177,0.519933829
2021/9/4 2:00,0.540428972,0.465792628,0.59971634,0.491723792,0.530805131
2021/9/4 3:00,0.539779424,0.458381112,0.609616574,0.496001188,0.533030631
2021/9/4 4:00,0.538898389,0.458973362,0.608633997,0.492745624,0.533348444
2021/9/4 5:00,0.539487212,0.456356299,0.608503666,0.493025538,0.532734571
2021/9/4 6:00,0.538422661,0.456334237,0.604348008,0.49448895,0.531566553
2021/9/4 7:00,0.539189133,0.460246716,0.596680097,0.508807425,0.532013075
2021/9/4 8:00,0.539991965,0.466005423,0.595746458,0.518936754,0.532808965
2021/9/4 9:00,0.544988019,0.470861965,0.591206346,0.519246827,0.533627922
2021/9/4 10:00,0.553782137,0.476764617,0.592680007,0.525778209,0.53616976
2021/9/4 11:00,0.54601444,0.48680155,0.60171429,0.537694306,0.539604127
2021/9/4 12:00,0.541411987,0.496776685,0.597575812,0.536371335,0.539736842
2021/9/4 13:00,0.534167305,0.491284982,0.581526371,0.525356025,0.530298313
2021/9/4 14:00,0.5330696,0.488070918,0.5693646,0.525076805,0.525539188
2021/9/4 15:00,0.53403015,0.486409075,0.561984702,0.515133615,0.523550583
2021/9/4 16:00,0.538115033,0.475290438,0.563347454,0.499752167,0.520278993
2021/9/4 17:00,0.537496693,0.472679359,0.568394626,0.491927957,0.521200471
2021/9/4 18:00,0.53760642,0.472952062,0.564561299,0.480368218,0.519817771
2021/9/4 19:00,0.536948222,0.470046582,0.556823762,0.450400179,0.516297287
2021/9/4 20:00,0.537148042,0.46598332,0.558564101,0.450576298,0.515893266
2021/9/4 21:00,0.538816439,0.464606357,0.560233224,0.450137828,0.517228525
2021/9/4 22:00,0.538141974,0.460929167,0.560729175,0.448181805,0.517083372
2021/9/4 23:00,0.54031466,0.465675581,0.565949382,0.464334349,0.521088849
2021/9/5 0:00,0.539475796,0.468726695,0.583867087,0.470635289,0.526227764
2021/9/5 1:00,0.53968297,0.466991528,0.632779498,0.502425709,0.542016411
2021/9/5 2:00,0.539713731,0.459020807,0.63835621,0.505305083,0.544737086
2021/9/5 3:00,0.53998797,0.452126035,0.623569518,0.52574348,0.539396001
2021/9/5 4:00,0.538597598,0.458862518,0.61637169,0.531621625,0.537049568
2021/9/5 5:00,0.538055937,0.459495929,0.615442033,0.531034579,0.536951784
2021/9/5 6:00,0.53792224,0.454031065,0.617276281,0.531126378,0.536069889
2021/9/5 7:00,0.537726232,0.456675899,0.615070599,0.532812373,0.535126541
2021/9/5 8:00,0.53846696,0.462108633,0.594482492,0.524353976,0.529775682
2021/9/5 9:00,0.539808846,0.466041633,0.5895932,0.525500626,0.527377463
2021/9/5 10:00,0.530724146,0.473999034,0.583002411,0.518930769,0.522671532
2021/9/5 11:00,0.528085418,0.479085625,0.596746501,0.515257411,0.527017737
2021/9/5 12:00,0.535856888,0.487889991,0.635754699,0.53912655,0.543182684
2021/9/5 13:00,0.540667365,0.484715018,0.64226073,0.535801401,0.546916892
2021/9/5 14:00,0.542290517,0.480875959,0.630410616,0.53516596,0.54636993
2021/9/5 15:00,0.539781883,0.477602511,0.617474515,0.524713447,0.541080334
2021/9/5 16:00,0.537937027,0.476697652,0.610040914,0.521613244,0.538391414
2021/9/5 17:00,0.538525456,0.478173229,0.612424744,0.522573798,0.538908102
2021/9/5 18:00,0.537296899,0.475589521,0.598493155,0.472682662,0.531359382
2021/9/5 19:00,0.537849943,0.471432814,0.588452703,0.461930886,0.526520368
2021/9/5 20:00,0.533824592,0.469469544,0.577425333,0.453022094,0.520134045
2021/9/5 21:00,0.525032379,0.470915608,0.577967823,0.448246149,0.517306359
2021/9/5 22:00,0.519216396,0.470881953,0.56514345,0.432583241,0.511016074
2021/9/5 23:00,0.52211893,0.471515658,0.588363865,0.465818126,0.519575853
2021/9/6 0:00,0.523713016,0.479482474,0.618386815,0.530945201,0.532138208
2021/9/6 1:00,0.521805505,0.477641874,0.635128766,0.541084928,0.537060952
2021/9/6 2:00,0.523716802,0.471045045,0.622244907,0.531506703,0.533249622
2021/9/6 3:00,0.522671748,0.464230352,0.616189333,0.528847766,0.531274043
2021/9/6 4:00,0.520992894,0.453797961,0.615717571,0.529626575,0.530570797
2021/9/6 5:00,0.521671394,0.453536412,0.614830672,0.529464049,0.530726355
2021/9/6 6:00,0.522505538,0.456973318,0.614444381,0.529681742,0.531016803
2021/9/6 7:00,0.522442005,0.468312684,0.604582788,0.529319989,0.530509701
2021/9/6 8:00,0.524073273,0.479278095,0.595718366,0.535417162,0.530770015
2021/9/6 9:00,0.519882227,0.485517179,0.574439265,0.522894428,0.522968273
2021/9/6 10:00,0.523833448,0.489773145,0.574108108,0.521086523,0.524280005
2021/9/6 11:00,0.523904289,0.49034499,0.57348368,0.520713125,0.523866927
2021/9/6 12:00,0.524588515,0.498271105,0.596563384,0.534706747,0.534847932
2021/9/6 13:00,0.52329499,0.493606644,0.588926654,0.525438339,0.530007365
2021/9/6 14:00,0.522250446,0.48489616,0.576370651,0.512056654,0.522807807
2021/9/6 15:00,0.521842997,0.48181968,0.587416607,0.518746749,0.526875739
2021/9/6 16:00,0.521346537,0.480035138,0.594437871,0.508666068,0.528596375
2021/9/6 17:00,0.522309938,0.473205134,0.593780591,0.448889162,0.524474543
2021/9/6 18:00,0.521686782,0.467787498,0.570930266,0.403345007,0.513627482
2021/9/6 19:00,0.522807568,0.466982785,0.564558195,0.401777622,0.511591689
2021/9/6 20:00,0.52270485,0.464997628,0.557826958,0.43162534,0.508992834
2021/9/6 21:00,0.521249905,0.464272531,0.557065648,0.444037397,0.508325704
2021/9/6 22:00,0.51993811,0.463820861,0.569812007,0.443757061,0.511714753
2021/9/6 23:00,0.521940396,0.463626241,0.575012983,0.436696489,0.514489533
2021/9/7 0:00,0.523150146,0.467108477,0.586439644,0.444930926,0.520037965
2021/9/7 1:00,0.523356951,0.469409102,0.599664122,0.469210121,0.52665387
2021/9/7 2:00,0.521728262,0.468747637,0.615482072,0.484548999,0.529915034
2021/9/7 3:00,0.523192144,0.468349454,0.617911106,0.488074758,0.531316938
2021/9/7 4:00,0.523586026,0.463226736,0.616965024,0.485536351,0.530630998
2021/9/7 5:00,0.522405761,0.460767649,0.616945933,0.486651848,0.530481823
2021/9/7 6:00,0.522548556,0.462115602,0.614161042,0.495552905,0.52905878
2021/9/7 7:00,0.522624532,0.469982479,0.605297152,0.499078255,0.528301752
2021/9/7 8:00,0.523199313,0.473719081,0.575578236,0.479575604,0.519544007
2021/9/7 9:00,0.521618014,0.476275849,0.568479308,0.500675755,0.517961026
2021/9/7 10:00,0.520224322,0.477745712,0.566264667,0.513464308,0.516210362
2021/9/7 11:00,0.521112146,0.48103908,0.563181783,0.516377086,0.516098768
2021/9/7 12:00,0.523674656,0.494447674,0.586747221,0.544810772,0.529786607
2021/9/7 13:00,0.525982583,0.493665407,0.601079513,0.553464093,0.534096349
2021/9/7 14:00,0.524979242,0.4788676,0.575745688,0.517244109,0.5204523
2021/9/7 15:00,0.524160993,0.472471771,0.563489796,0.439818846,0.513390842
2021/9/7 16:00,0.52500143,0.471291174,0.55542477,0.417842531,0.510364822
2021/9/7 17:00,0.526195537,0.472829258,0.569829137,0.466513522,0.517207953
2021/9/7 18:00,0.524386576,0.467555747,0.559527351,0.468797371,0.511532619
2021/9/7 19:00,0.522558287,0.462916259,0.548634109,0.460176894,0.506388972
2021/9/7 20:00,0.521124136,0.457474318,0.53403091,0.448007685,0.499746609
2021/9/7 21:00,0.522715888,0.453700474,0.533180907,0.441613573,0.499814508
2021/9/7 22:00,0.521450152,0.453373547,0.532540824,0.445083038,0.499934921
2021/9/7 23:00,0.52159733,0.453331799,0.546311556,0.447636135,0.504317868
2021/9/8 0:00,0.522393281,0.463448847,0.591542612,0.47422176,0.520153559
2021/9/8 1:00,0.52135067,0.469311995,0.58830479,0.470461086,0.519878209
2021/9/8 2:00,0.522411346,0.465556396,0.583977064,0.483413859,0.519153893
2021/9/8 3:00,0.521584455,0.460119255,0.576131012,0.496189053,0.516425917
2021/9/8 4:00,0.522057149,0.461540773,0.577208086,0.49840453,0.518248298
2021/9/8 5:00,0.520465131,0.462181791,0.574167065,0.498984569,0.517012683
2021/9/8 6:00,0.520718826,0.461754678,0.576491858,0.50027969,0.517641316
2021/9/8 7:00,0.523376734,0.473828221,0.574164367,0.504256763,0.52097186
2021/9/8 8:00,0.524717048,0.475788145,0.561195452,0.502447094,0.517101694
2021/9/8 9:00,0.525650217,0.474588711,0.554110176,0.500963473,0.513688094
2021/9/8 10:00,0.523169283,0.475316989,0.552431342,0.487494448,0.511113106
2021/9/8 11:00,0.521592258,0.479165363,0.552439112,0.489491202,0.510946522
2021/9/8 12:00,0.520198404,0.485035357,0.566329409,0.518695627,0.516928903
2021/9/8 13:00,0.521745953,0.476646786,0.554754308,0.463507463,0.508915493
2021/9/8 14:00,0.52211892,0.469207689,0.542260061,0.433468354,0.502218347
2021/9/8 15:00,0.52319419,0.464539601,0.543784485,0.434134248,0.502466894
2021/9/8 16:00,0.523494073,0.46353897,0.554111881,0.446466635,0.507099853
2021/9/8 17:00,0.523750501,0.462700823,0.566289058,0.478958371,0.512020727
2021/9/8 18:00,0.523532045,0.458080729,0.541517375,0.470513097,0.502669947
2021/9/8 19:00,0.522775473,0.453479437,0.517120028,0.448905062,0.492835029
2021/9/8 20:00,0.520092583,0.449040535,0.498401261,0.43136638,0.484506476
2021/9/8 21:00,0.518839366,0.447203307,0.490726859,0.424511262,0.481180857
2021/9/8 22:00,0.518852887,0.44687752,0.472788391,0.411204067,0.475900113
2021/9/8 23:00,0.518427577,0.447670793,0.479984317,0.415491621,0.479839585
2021/9/9 0:00,0.519425305,0.44975896,0.499745509,0.426652176,0.487290319
2021/9/9 1:00,0.520091855,0.450094114,0.523875299,0.440324617,0.496166123
2021/9/9 2:00,0.519766386,0.44761877,0.549577494,0.454355688,0.503553535
2021/9/9 3:00,0.519885803,0.448424864,0.561577322,0.460728084,0.507028099
2021/9/9 4:00,0.520093445,0.446405939,0.563358575,0.461075589,0.507682754
2021/9/9 5:00,0.521821171,0.4475912,0.562674178,0.460755913,0.508310651
2021/9/9 6:00,0.523119895,0.447756647,0.56356962,0.462053116,0.508933351
2021/9/9 7:00,0.523362878,0.458405583,0.563413972,0.490464296,0.511209907
2021/9/9 8:00,0.522967346,0.46193828,0.554654005,0.497802771,0.507647272
2021/9/9 9:00,0.522417702,0.460846821,0.548532994,0.496423076,0.504184731
2021/9/9 10:00,0.522486068,0.463480206,0.539334467,0.491552832,0.500094495
2021/9/9 11:00,0.521283898,0.463487116,0.534348094,0.489483435,0.497188412
2021/9/9 12:00,0.521903052,0.468108002,0.531656028,0.487037163,0.497614377
2021/9/9 13:00,0.521021425,0.465641295,0.528056597,0.482620369,0.496149172
2021/9/9 14:00,0.523177591,0.461698447,0.517004227,0.469659692,0.492308318
2021/9/9 15:00,0.522135421,0.456416439,0.508065263,0.4609777,0.487966495
2021/9/9 16:00,0.521036095,0.447297444,0.483961397,0.417029049,0.476402431
2021/9/9 17:00,0.522325808,0.443984112,0.466256844,0.393666153,0.471056857
2021/9/9 18:00,0.524101145,0.441600893,0.455040527,0.388582929,0.468723988
2021/9/9 19:00,0.524198697,0.441174949,0.448728711,0.380176938,0.466943718
2021/9/9 20:00,0.520452957,0.441021808,0.442715459,0.372872421,0.463400261
2021/9/9 21:00,0.52052862,0.441289256,0.440324334,0.369932917,0.462810599
2021/9/9 22:00,0.519492132,0.442094914,0.426408352,0.359234358,0.459442353
2021/9/9 23:00,0.519433689,0.444771205,0.427324586,0.361702357,0.461987354
2021/9/10 0:00,0.519415702,0.446224182,0.436182094,0.36470404,0.464292576
2021/9/10 1:00,0.519422996,0.450859883,0.468787541,0.386512929,0.476537533
2021/9/10 2:00,0.519399796,0.454106932,0.511374411,0.411910995,0.489344974
2021/9/10 3:00,0.51967225,0.454428986,0.525930716,0.417711633,0.493637444
2021/9/10 4:00,0.521448382,0.453668286,0.530093111,0.423519402,0.495524822
2021/9/10 5:00,0.521928714,0.450142664,0.546145401,0.448221216,0.501006598
2021/9/10 6:00,0.521068123,0.450405463,0.544166928,0.464845675,0.500618235
2021/9/10 7:00,0.522800235,0.456413761,0.533223848,0.463389589,0.498444387
2021/9/10 8:00,0.522811529,0.466628016,0.536608029,0.455765666,0.50079929
2021/9/10 9:00,0.522462895,0.468365141,0.534376648,0.482348598,0.500830431
2021/9/10 10:00,0.522587414,0.466988117,0.532885591,0.487879494,0.498893603
2021/9/10 11:00,0.520653189,0.464995949,0.532337512,0.491246761,0.496922555
2021/9/10 12:00,0.52117031,0.468912275,0.533462509,0.493919568,0.499634396
2021/9/10 13:00,0.520902392,0.466615524,0.531396496,0.490547829,0.497743954
2021/9/10 14:00,0.521133033,0.463697684,0.525712163,0.483387695,0.494926248
2021/9/10 15:00,0.520726931,0.456905335,0.508051871,0.464377766,0.487078641
2021/9/10 16:00,0.521438396,0.449485164,0.485410745,0.444866835,0.478675839
2021/9/10 17:00,0.521211301,0.44303771,0.45950119,0.424124618,0.469440913
2021/9/10 18:00,0.518741549,0.438108462,0.437351197,0.385902399,0.460263026
2021/9/10 19:00,0.518939754,0.43753687,0.431293459,0.367130593,0.457716562
2021/9/10 20:00,0.519680948,0.437218339,0.422840054,0.354497013,0.455198294
2021/9/10 21:00,0.518961329,0.436552214,0.419245703,0.35109086,0.454076761
2021/9/10 22:00,0.519715922,0.440565451,0.429253491,0.3706342,0.461405541
2021/9/10 23:00,0.520709576,0.442862258,0.435330977,0.3987682,0.466393543
2021/9/11 0:00,0.519726471,0.445062488,0.457996128,0.422954351,0.474400043
2021/9/11 1:00,0.519422203,0.450669669,0.50350362,0.4546532,0.487256686
2021/9/11 2:00,0.520298324,0.450985831,0.524824735,0.469397905,0.493711865
2021/9/11 3:00,0.522013846,0.448898246,0.522657954,0.468431991,0.494240744
2021/9/11 4:00,0.521341883,0.446526987,0.523897102,0.467580016,0.493658415
2021/9/11 5:00,0.521009539,0.446510477,0.524147382,0.467897639,0.493860369
2021/9/11 6:00,0.521082773,0.44873078,0.525014039,0.469174582,0.493993804
2021/9/11 7:00,0.522746925,0.454177664,0.528566266,0.473626523,0.496565253
2021/9/11 8:00,0.522498134,0.456061855,0.531139857,0.476809638,0.49643385
2021/9/11 9:00,0.521903388,0.459098101,0.534867102,0.481479013,0.497898281
2021/9/11 10:00,0.52033481,0.459067151,0.52833254,0.474277482,0.493896196
2021/9/11 11:00,0.520172935,0.458368757,0.517155593,0.428292875,0.489431832
2021/9/11 12:00,0.521330648,0.454679352,0.507800041,0.424328968,0.486397791
2021/9/11 13:00,0.522608835,0.454162973,0.503056784,0.424079629,0.485639435
2021/9/11 14:00,0.521593126,0.453096576,0.500683236,0.434773013,0.484638554
2021/9/11 15:00,0.521211624,0.453509847,0.498833071,0.437840514,0.485632557
2021/9/11 16:00,0.520605221,0.447528168,0.469755629,0.395984476,0.474443955
2021/9/11 17:00,0.52085742,0.444068238,0.447672187,0.375996829,0.466270755
2021/9/11 18:00,0.518599387,0.438593959,0.419979364,0.360153458,0.454563034
2021/9/11 19:00,0.52142534,0.438161893,0.419893194,0.345198876,0.455812902
2021/9/11 20:00,0.519946934,0.435315734,0.411810267,0.329034555,0.452250704
2021/9/11 21:00,0.520025865,0.438355689,0.400456382,0.320662137,0.45187036
2021/9/11 22:00,0.520016431,0.444014527,0.394723922,0.32144411,0.454003989
2021/9/11 23:00,0.520607511,0.446111913,0.401269783,0.336577456,0.456195576
2021/9/12 0:00,0.520183808,0.446504841,0.428938287,0.35375941,0.464547322
2021/9/12 1:00,0.520065096,0.4475019,0.464982955,0.379479117,0.476242305
2021/9/12 2:00,0.519350063,0.444391503,0.471710298,0.379043339,0.47816798
2021/9/12 3:00,0.520560796,0.440913467,0.476532339,0.382804066,0.478864234
2021/9/12 4:00,0.51857864,0.43772563,0.46868958,0.37710445,0.474043822
2021/9/12 5:00,0.518267269,0.436872368,0.464514885,0.378349056,0.472358354
2021/9/12 6:00,0.51855816,0.434262712,0.461767541,0.378548819,0.470465812
2021/9/12 7:00,0.52021904,0.433084457,0.479458144,0.383171572,0.474910232
2021/9/12 8:00,0.521727396,0.429240227,0.469047854,0.37496748,0.469560395
2021/9/12 9:00,0.524003792,0.42484753,0.486848329,0.386467719,0.474280251
2021/9/12 10:00,0.521621411,0.432777238,0.49607649,0.394344604,0.476742338
2021/9/12 11:00,0.520204398,0.435860859,0.505245115,0.405958953,0.479636475
2021/9/12 12:00,0.520790788,0.442463619,0.533106861,0.423022712,0.489825665
2021/9/12 13:00,0.521612658,0.447512371,0.533375692,0.419950237,0.491647442
2021/9/12 14:00,0.522682967,0.445146606,0.523917714,0.412148446,0.488725513
2021/9/12 15:00,0.519878977,0.441557998,0.512191051,0.401601036,0.483562137
2021/9/12 16:00,0.522253631,0.441593927,0.49570349,0.38743783,0.481167416
2021/9/12 17:00,0.525445088,0.440555029,0.473734308,0.377827275,0.477671086
2021/9/12 18:00,0.523364209,0.440627895,0.452772548,0.3704341,0.471284425
2021/9/12 19:00,0.522461203,0.442956043,0.47170002,0.378546825,0.476810335
2021/9/12 20:00,0.523894537,0.446594709,0.466190965,0.366593887,0.477067128
2021/9/12 21:00,0.525620273,0.448716667,0.466098822,0.360242422,0.47854527
2021/9/12 22:00,0.524363619,0.449854114,0.472682142,0.352905418,0.481482208
2021/9/12 23:00,0.51224301,0.447896273,0.47873036,0.340087988,0.477385006
2021/9/13 0:00,0.484877716,0.448821178,0.490828719,0.328934054,0.469905407
2021/9/13 1:00,0.491636742,0.448860873,0.537299628,0.347042805,0.483983639
2021/9/13 2:00,0.494947711,0.447804988,0.545723803,0.353646587,0.488051189
2021/9/13 3:00,0.49604692,0.446839298,0.545756602,0.357185405,0.488896714
2021/9/13 4:00,0.49555566,0.448237865,0.542779656,0.375322242,0.488784707
2021/9/13 5:00,0.477432718,0.449357473,0.539713112,0.379278253,0.482046456
2021/9/13 6:00,0.472944186,0.453257673,0.537211989,0.384933974,0.48026232
2021/9/13 7:00,0.480746019,0.459904981,0.531038001,0.399445766,0.484208425
2021/9/13 8:00,0.481182599,0.458467805,0.505933739,0.393742107,0.476164958
2021/9/13 9:00,0.481089497,0.45528953,0.498160038,0.377489555,0.472188066
2021/9/13 10:00,0.482065365,0.45283883,0.4917623,0.399207702,0.470466919
2021/9/13 11:00,0.486087099,0.452315164,0.494973904,0.415481563,0.472378236
2021/9/13 12:00,0.486763271,0.455447948,0.510260516,0.434686806,0.478275957
2021/9/13 13:00,0.498292518,0.451043648,0.498571356,0.43061764,0.476019264
2021/9/13 14:00,0.506312871,0.44636316,0.479256213,0.4047555,0.470829186
2021/9/13 15:00,0.511187295,0.440207177,0.447705061,0.374032014,0.460343747
2021/9/13 16:00,0.526871482,0.439676973,0.440259637,0.372354533,0.463821376
2021/9/13 17:00,0.537882097,0.439903421,0.443538849,0.366090316,0.468991415
2021/9/13 18:00,0.538261641,0.439918718,0.44673311,0.3517651,0.469560529
2021/9/13 19:00,0.538685877,0.44426818,0.470367343,0.367553207,0.478814074
2021/9/13 20:00,0.524794321,0.443197143,0.463366232,0.360711467,0.471054982
2021/9/13 21:00,0.505618899,0.445770936,0.470701079,0.361918019,0.468118166
2021/9/13 22:00,0.505566223,0.447047285,0.469799976,0.3848919,0.470038433
2021/9/13 23:00,0.506922232,0.45083891,0.483382508,0.388177377,0.476687973
2021/9/14 0:00,0.497501215,0.452843629,0.493537193,0.388318129,0.476029101
2021/9/14 1:00,0.488845238,0.45611842,0.51190239,0.396693514,0.479116997
2021/9/14 2:00,0.488517529,0.454677336,0.512861608,0.397787249,0.47944991
2021/9/14 3:00,0.487770798,0.452903871,0.513832717,0.401300697,0.479741569
2021/9/14 4:00,0.488510635,0.454095109,0.517032173,0.403775325,0.482049346
2021/9/14 5:00,0.488533544,0.454036125,0.51693478,0.403855597,0.481852113
2021/9/14 6:00,0.488235012,0.453885486,0.517959213,0.405393953,0.481512338
2021/9/14 7:00,0.488879531,0.458774643,0.51593645,0.408157253,0.482918051
2021/9/14 8:00,0.489530305,0.460986314,0.506303468,0.409485695,0.48000545
2021/9/14 9:00,0.490224744,0.457935761,0.497126602,0.408573021,0.476232852
2021/9/14 10:00,0.501525656,0.457768617,0.50134098,0.41000767,0.480052264
2021/9/14 11:00,0.500447635,0.456936209,0.503042274,0.412003261,0.479436295
2021/9/14 12:00,0.503070474,0.46273486,0.517973536,0.428630007,0.486889307
2021/9/14 13:00,0.527857829,0.457791651,0.516096117,0.423720719,0.491302496
2021/9/14 14:00,0.538067372,0.455097376,0.515809975,0.447544279,0.494566728
2021/9/14 15:00,0.537809164,0.445572909,0.485193965,0.38971339,0.481757288
2021/9/14 16:00,0.537875469,0.440498838,0.458673648,0.341371429,0.471166717
2021/9/14 17:00,0.538034067,0.446546768,0.478575068,0.38865538,0.481707323
2021/9/14 18:00,0.537875599,0.447281473,0.467256586,0.340237131,0.477562814
2021/9/14 19:00,0.537476242,0.447580498,0.484525644,0.375413652,0.484095618
2021/9/14 20:00,0.537259169,0.447239211,0.484846343,0.409209686,0.485542722
2021/9/14 21:00,0.540275303,0.446657126,0.476149027,0.400056957,0.483732025
2021/9/14 22:00,0.540561946,0.448039816,0.474892392,0.398702351,0.485190578
2021/9/14 23:00,0.540740992,0.450218237,0.493458893,0.408354495,0.492973857
2021/9/15 0:00,0.540715429,0.452917089,0.505097776,0.410795886,0.496507539
2021/9/15 1:00,0.541614431,0.454448427,0.528486238,0.428444837,0.503835106
2021/9/15 2:00,0.541887793,0.455183817,0.535279103,0.454669437,0.506142731
2021/9/15 3:00,0.541807448,0.454385991,0.535951743,0.47091832,0.507022258
2021/9/15 4:00,0.542196334,0.454247618,0.535132569,0.473578656,0.50750197
2021/9/15 5:00,0.540395155,0.453743706,0.539083968,0.476881665,0.507190654
2021/9/15 6:00,0.539666461,0.455711932,0.541211693,0.478146148,0.507448678
2021/9/15 7:00,0.540746888,0.462622024,0.542158253,0.480717327,0.508914489
2021/9/15 8:00,0.539839483,0.461891163,0.525625759,0.469745239,0.502475978
2021/9/15 9:00,0.523341927,0.462464271,0.515277719,0.461716256,0.493590634
2021/9/15 10:00,0.520932735,0.465114926,0.517309464,0.464993931,0.493672053
2021/9/15 11:00,0.51470636,0.464716784,0.516893838,0.464974781,0.491560085
2021/9/15 12:00,0.518308608,0.471685976,0.533339773,0.485234223,0.500113893
2021/9/15 13:00,0.537589549,0.466365237,0.533462127,0.481011936,0.503852874
2021/9/15 14:00,0.538631761,0.46893329,0.540854553,0.46487099,0.507628805
2021/9/15 15:00,0.539692074,0.466304402,0.538936891,0.459772107,0.508519479
2021/9/15 16:00,0.53893022,0.457904705,0.513687119,0.429822247,0.498088056
2021/9/15 17:00,0.538911867,0.457942507,0.514557968,0.429425535,0.499027665
2021/9/15 18:00,0.537745532,0.456499258,0.498352104,0.384826609,0.492147016
2021/9/15 19:00,0.538074718,0.457802351,0.515720286,0.393697398,0.498432585
2021/9/15 20:00,0.538616923,0.462369172,0.556698357,0.434324948,0.513945446
2021/9/15 21:00,0.537532523,0.464394486,0.55524582,0.456081876,0.513862134
2021/9/15 22:00,0.533483397,0.460638802,0.545894035,0.444125499,0.508312671
2021/9/15 23:00,0.534424144,0.460616768,0.572270683,0.454062336,0.516008714
2021/9/16 0:00,0.53275061,0.46286346,0.594223229,0.46239655,0.521419944
2021/9/16 1:00,0.531891031,0.465167522,0.581033502,0.492691906,0.51789416
2021/9/16 2:00,0.53145536,0.465105964,0.57486427,0.489217275,0.516541768
2021/9/16 3:00,0.532071226,0.461904776,0.576771019,0.488919312,0.517277316
2021/9/16 4:00,0.532840118,0.459390083,0.578538945,0.488137614,0.518383262
2021/9/16 5:00,0.533287983,0.46011045,0.577960315,0.490197041,0.518674279
2021/9/16 6:00,0.534286371,0.46409956,0.574152073,0.487839934,0.51874616
2021/9/16 7:00,0.534998085,0.469373545,0.56625769,0.476174954,0.517590458
2021/9/16 8:00,0.534526575,0.467073872,0.549520327,0.467455283,0.510847251
2021/9/16 9:00,0.531789463,0.464133231,0.539535863,0.462754558,0.504888798
2021/9/16 10:00,0.532526277,0.465449149,0.535568966,0.46606542,0.50302064
2021/9/16 11:00,0.531284959,0.467836634,0.534404143,0.459521235,0.502929235
2021/9/16 12:00,0.533603181,0.477263772,0.566571397,0.510902136,0.518361638
2021/9/16 13:00,0.534831585,0.475083608,0.563181042,0.506358725,0.517367706
2021/9/16 14:00,0.534192576,0.470540262,0.555560786,0.497588341,0.513366879
2021/9/16 15:00,0.533085079,0.461951108,0.532937741,0.477040496,0.504386843
2021/9/16 16:00,0.531395048,0.456019523,0.505904985,0.416634989,0.493021546
2021/9/16 17:00,0.531014094,0.452701282,0.483211273,0.397446399,0.484898753
2021/9/16 18:00,0.530505995,0.450738905,0.457506872,0.359229035,0.475795127
2021/9/16 19:00,0.530746428,0.452375396,0.474186745,0.373926176,0.481911943
2021/9/16 20:00,0.530603648,0.452790979,0.479212319,0.379105158,0.483685507
2021/9/16 21:00,0.530848044,0.452505502,0.472915504,0.3705062,0.48253174
2021/9/16 22:00,0.530962984,0.45453973,0.457569809,0.35754833,0.480336032
2021/9/16 23:00,0.530112844,0.454859017,0.485768252,0.372824524,0.48867738
2021/9/17 0:00,0.530719033,0.456714935,0.481019438,0.367184193,0.488420269
2021/9/17 1:00,0.530090007,0.461517957,0.531183762,0.420333109,0.502908691
2021/9/17 2:00,0.531197852,0.463150971,0.540289761,0.430295653,0.506311743
2021/9/17 3:00,0.532522654,0.467595532,0.541085224,0.42923339,0.509175734
2021/9/17 4:00,0.533261787,0.473669464,0.542484991,0.431054538,0.512523946
2021/9/17 5:00,0.532743737,0.478633454,0.543313911,0.455745377,0.515608443
2021/9/17 6:00,0.533075497,0.48939927,0.545082823,0.483715104,0.520500057
2021/9/17 7:00,0.532398413,0.492806943,0.545706071,0.484774733,0.520849847
2021/9/17 8:00,0.53327737,0.496426044,0.545717137,0.488278172,0.521380491
2021/9/17 9:00,0.53525789,0.499602896,0.5463557,0.494808144,0.523007884
2021/9/17 10:00,0.535288194,0.501184825,0.545779811,0.498472073,0.523532748
2021/9/17 11:00,0.533943761,0.498758856,0.544105338,0.498268156,0.521022846
2021/9/17 12:00,0.533792449,0.498709794,0.54370807,0.49862997,0.521018722
2021/9/17 13:00,0.534397,0.492135099,0.531524283,0.485798263,0.514847056
2021/9/17 14:00,0.532159503,0.485341134,0.523270485,0.477823046,0.509346388
2021/9/17 15:00,0.529403505,0.475116762,0.504964106,0.461132798,0.499733287
2021/9/17 16:00,0.526683624,0.468052295,0.460959663,0.399775984,0.482661204
2021/9/17 17:00,0.527588642,0.465827261,0.443358642,0.350432079,0.476207801
2021/9/17 18:00,0.527395661,0.464241432,0.416159553,0.338322852,0.467533467
2021/9/17 19:00,0.528066908,0.463872558,0.422035922,0.342780017,0.469592661
2021/9/17 20:00,0.528966723,0.464197347,0.42809825,0.34464162,0.471786931
2021/9/17 21:00,0.529817842,0.462709302,0.44291726,0.351839754,0.47646843
2021/9/17 22:00,0.529097379,0.46391425,0.452446977,0.366313067,0.480946733
2021/9/17 23:00,0.528334085,0.464337502,0.482421682,0.419365631,0.491939863
2021/9/18 0:00,0.530455037,0.465084194,0.505768768,0.438164922,0.499650091
2021/9/18 1:00,0.528073581,0.463446548,0.519735802,0.444300094,0.501901743
2021/9/18 2:00,0.527182008,0.461557119,0.541628519,0.458242601,0.507151883
2021/9/18 3:00,0.528056114,0.460384688,0.548118633,0.468668187,0.509656769
2021/9/18 4:00,0.526811483,0.459581337,0.545793258,0.480544719,0.508544948
2021/9/18 5:00,0.526923931,0.45773329,0.546256643,0.482218607,0.508854095
2021/9/18 6:00,0.526386567,0.458609085,0.546105128,0.482392497,0.508864336
2021/9/18 7:00,0.527920135,0.463454335,0.54639281,0.487026603,0.510595039
2021/9/18 8:00,0.526844812,0.46250335,0.545322496,0.489130945,0.508568713
2021/9/18 9:00,0.530495775,0.464120227,0.544476668,0.489497022,0.508631842
2021/9/18 10:00,0.537242017,0.465701906,0.545052868,0.496404111,0.511284522
2021/9/18 11:00,0.533957308,0.472318977,0.541016957,0.494527396,0.510224034
2021/9/18 12:00,0.532767778,0.474693791,0.54049717,0.49681914,0.51012992
2021/9/18 13:00,0.531812352,0.476453858,0.539842944,0.49630095,0.509799468
2021/9/18 14:00,0.530437915,0.474946689,0.523791115,0.481271953,0.505622965
2021/9/18 15:00,0.529186038,0.469011882,0.501833737,0.462994358,0.497674902
2021/9/18 16:00,0.529188205,0.463743181,0.490367642,0.411288775,0.492182371
2021/9/18 17:00,0.530287025,0.458970035,0.472378614,0.393338866,0.48611466
2021/9/18 18:00,0.529635666,0.454405615,0.435109775,0.371827149,0.472895479
2021/9/18 19:00,0.528938473,0.456527167,0.430228262,0.367689497,0.47292686
2021/9/18 20:00,0.529315397,0.45627494,0.430730898,0.370411397,0.473515832
2021/9/18 21:00,0.529606066,0.458413287,0.450882187,0.382557628,0.480279111
2021/9/18 22:00,0.529670123,0.459053592,0.47162696,0.411665601,0.487330384
2021/9/18 23:00,0.531199458,0.458842523,0.498686536,0.437948874,0.496729415
2021/9/19 0:00,0.531787191,0.457337767,0.510615208,0.439748868,0.499516694
2021/9/19 1:00,0.53241818,0.454843106,0.548685678,0.461618445,0.508838284
2021/9/19 2:00,0.531752678,0.450389636,0.547054992,0.46311805,0.508098905
2021/9/19 3:00,0.531258792,0.44931129,0.547127343,0.470171062,0.507862627
2021/9/19 4:00,0.530047102,0.44760962,0.548061244,0.471042083,0.508172796
2021/9/19 5:00,0.52986248,0.44655736,0.546640858,0.468135911,0.507628197
2021/9/19 6:00,0.529405398,0.446509166,0.54615472,0.466551117,0.506768172
2021/9/19 7:00,0.529380088,0.453432142,0.544217243,0.469016951,0.506917054
2021/9/19 8:00,0.531618636,0.460514875,0.522340824,0.455181708,0.502516501
2021/9/19 9:00,0.532916665,0.459834344,0.518893426,0.452686158,0.499851457
2021/9/19 10:00,0.529327721,0.46098122,0.507727831,0.445681628,0.49473975
2021/9/19 11:00,0.529021446,0.459371429,0.495197856,0.439204744,0.490827365
2021/9/19 12:00,0.532654976,0.47240637,0.56452141,0.498575463,0.516305905
2021/9/19 13:00,0.530123493,0.463048977,0.532154732,0.473496859,0.503931323
2021/9/19 14:00,0.52920369,0.461669136,0.504612323,0.460300015,0.495345208
2021/9/19 15:00,0.529199106,0.465693888,0.485143599,0.447786602,0.491239615
2021/9/19 16:00,0.52927918,0.471182977,0.479334937,0.427480162,0.491509479
2021/9/19 17:00,0.529095774,0.477338224,0.508663636,0.466867287,0.503375729
2021/9/19 18:00,0.528674843,0.475973314,0.476762191,0.403263909,0.492545299
2021/9/19 19:00,0.528927467,0.471494285,0.504304106,0.414533985,0.499438446
2021/9/19 20:00,0.530602012,0.466782637,0.513895407,0.411954371,0.500492036
2021/9/19 21:00,0.531441906,0.46296562,0.522537484,0.41601935,0.501768659
2021/9/19 22:00,0.532437087,0.457580762,0.522126339,0.462180786,0.501793495
2021/9/19 23:00,0.532740161,0.458998585,0.52574622,0.469154037,0.503916092
2021/9/20 0:00,0.532509939,0.464704374,0.555128331,0.484491459,0.512897992
2021/9/20 1:00,0.5322634,0.469149279,0.549719425,0.477549783,0.513872407
2021/9/20 2:00,0.531990946,0.469032149,0.541760735,0.474895613,0.513203644
2021/9/20 3:00,0.53237392,0.463305544,0.544762854,0.493532428,0.51312351
2021/9/20 4:00,0.53351333,0.462730625,0.541564369,0.491173146,0.51271534
2021/9/20 5:00,0.533331001,0.461136617,0.53143886,0.484995543,0.508964121
2021/9/20 6:00,0.53205703,0.459495805,0.536112507,0.488782106,0.508617427
2021/9/20 7:00,0.531099631,0.460818099,0.542671427,0.493439003,0.510074123
2021/9/20 8:00,0.53234608,0.462354308,0.525578997,0.483099816,0.50519459
2021/9/20 9:00,0.531781115,0.462108712,0.522755832,0.475501151,0.502480302
2021/9/20 10:00,0.53333962,0.46590943,0.526013214,0.472592107,0.503583184
2021/9/20 11:00,0.532393079,0.464343697,0.524997818,0.459382056,0.501107571
2021/9/20 12:00,0.530780919,0.46782793,0.536121586,0.470321297,0.503939756
2021/9/20 13:00,0.530884691,0.462043628,0.515383721,0.453843875,0.496070849
2021/9/20 14:00,0.532259095,0.457454953,0.494743215,0.4367793,0.490227459
2021/9/20 15:00,0.533155552,0.453493066,0.475236592,0.422510911,0.484580763
2021/9/20 16:00,0.53185974,0.453148088,0.476243632,0.426021625,0.485071946
2021/9/20 17:00,0.534241362,0.454540422,0.489913487,0.438646892,0.491459333
2021/9/20 18:00,0.532953141,0.452359227,0.47041008,0.38317187,0.483552816
2021/9/20 19:00,0.532294076,0.452577394,0.477110872,0.385654237,0.485527421
2021/9/20 20:00,0.53353817,0.45279389,0.47504224,0.383589788,0.485315341
2021/9/20 21:00,0.533446086,0.451851924,0.476280728,0.385191498,0.485994599
2021/9/20 22:00,0.531411391,0.452814823,0.46948188,0.426290464,0.486114498
2021/9/20 23:00,0.532028528,0.454349345,0.460060957,0.430515216,0.484873766
2021/9/21 0:00,0.535023477,0.458351977,0.470853296,0.449835319,0.491324685
2021/9/21 1:00,0.534864768,0.461456647,0.511764656,0.476547874,0.501523964
2021/9/21 2:00,0.534408125,0.4621794,0.52899932,0.48676344,0.506451229
2021/9/21 3:00,0.533106883,0.457669804,0.531516326,0.488265765,0.506624965
2021/9/21 4:00,0.532524827,0.449720983,0.531590889,0.487457361,0.503516986
2021/9/21 5:00,0.530944028,0.448033421,0.530490788,0.486511082,0.50250689
2021/9/21 6:00,0.529923913,0.44570157,0.530371395,0.480022984,0.50135636
2021/9/21 7:00,0.529979832,0.448015558,0.531017702,0.469653541,0.501464467
2021/9/21 8:00,0.531068381,0.447644233,0.514189768,0.459119074,0.496551328
2021/9/21 9:00,0.531705578,0.446804322,0.504846477,0.452862956,0.492984265
2021/9/21 10:00,0.531479437,0.449711376,0.504546759,0.454500827,0.49309489
2021/9/21 11:00,0.529673207,0.452464847,0.506189595,0.456625409,0.492954782
2021/9/21 12:00,0.530017831,0.457611977,0.530780001,0.483740338,0.500300143
2021/9/21 13:00,0.529879336,0.453162258,0.49520269,0.447847339,0.489596941
2021/9/21 14:00,0.532278096,0.459562352,0.504164436,0.456948058,0.495009492
2021/9/21 15:00,0.53142198,0.457307899,0.488950843,0.45121076,0.491257862
2021/9/21 16:00,0.532177806,0.454284238,0.466538991,0.40631649,0.485110831
2021/9/21 17:00,0.532526645,0.455751426,0.481199112,0.396645834,0.489282184
2021/9/21 18:00,0.531951021,0.454080663,0.450395202,0.380369974,0.481026289
2021/9/21 19:00,0.531984549,0.452301344,0.42483331,0.364323338,0.4749194
2021/9/21 20:00,0.53662078,0.451573797,0.407981351,0.332672426,0.469585374
2021/9/21 21:00,0.538798331,0.453127558,0.439718722,0.336236362,0.479174969
2021/9/21 22:00,0.533442028,0.455063667,0.44231697,0.414822951,0.483017809
2021/9/21 23:00,0.53238133,0.458548725,0.475037314,0.428894272,0.491649568
2021/9/22 0:00,0.531046347,0.461507296,0.498364853,0.441143649,0.497266387
2021/9/22 1:00,0.531365559,0.464234007,0.524720487,0.455682563,0.503774733
2021/9/22 2:00,0.531018828,0.462338069,0.52903873,0.457427505,0.504293639
2021/9/22 3:00,0.529786321,0.45944381,0.527774115,0.476852216,0.503336323
2021/9/22 4:00,0.52969759,0.460281429,0.527388255,0.477436484,0.503769741
2021/9/22 5:00,0.529280853,0.460165735,0.522743524,0.474119775,0.502191685
2021/9/22 6:00,0.529254557,0.460012162,0.518096953,0.471217967,0.500205512
2021/9/22 7:00,0.528637734,0.461294532,0.517829275,0.472164251,0.498856199
2021/9/22 8:00,0.529088623,0.461055628,0.500855308,0.461382255,0.49220501
2021/9/22 9:00,0.529050451,0.458206559,0.497861238,0.455527518,0.489196404
2021/9/22 10:00,0.530080965,0.458982173,0.496960273,0.454213951,0.488600256
2021/9/22 11:00,0.529210069,0.459277115,0.499262453,0.456511253,0.489039019
2021/9/22 12:00,0.529814618,0.466413625,0.522576521,0.483675728,0.498335091
2021/9/22 13:00,0.529744533,0.466008046,0.520412459,0.480187609,0.497355632
2021/9/22 14:00,0.529812181,0.459160856,0.500186831,0.461846252,0.489777797
2021/9/22 15:00,0.527711612,0.452603517,0.474354015,0.407175207,0.480605366
2021/9/22 16:00,0.52983858,0.444575765,0.426173438,0.350901647,0.466902028
2021/9/22 17:00,0.530643335,0.442687441,0.408113104,0.392377125,0.463733524
2021/9/22 18:00,0.531622296,0.443822413,0.408623808,0.334082207,0.46334854
2021/9/22 19:00,0.530988879,0.443874578,0.415194897,0.336982021,0.464640176
2021/9/22 20:00,0.528126921,0.444455222,0.408746581,0.3356195,0.460938876
2021/9/22 21:00,0.52797659,0.448599136,0.43829252,0.357490935,0.47098606
2021/9/22 22:00,0.527813759,0.451249112,0.440660353,0.368695254,0.474454928
2021/9/22 23:00,0.529944727,0.453037617,0.43560877,0.367602096,0.477449856
2021/9/23 0:00,0.531151078,0.456979636,0.463862051,0.420080778,0.486155364
2021/9/23 1:00,0.530493927,0.461793048,0.531248685,0.48289435,0.503049105
2021/9/23 2:00,0.531293312,0.461742977,0.533369392,0.483134829,0.503700065
2021/9/23 3:00,0.532115577,0.461796554,0.534748362,0.482700295,0.504265453
2021/9/23 4:00,0.532437702,0.459831017,0.534182864,0.483970227,0.503828523
2021/9/23 5:00,0.532505927,0.458461141,0.534538746,0.484801326,0.503854575
2021/9/23 6:00,0.532143072,0.459480076,0.533952605,0.484088075,0.503039197
2021/9/23 7:00,0.532695259,0.462648612,0.534909318,0.484038109,0.503369777
2021/9/23 8:00,0.53330229,0.46316083,0.517263981,0.470398256,0.496836945
2021/9/23 9:00,0.532939408,0.45983282,0.511470215,0.466570465,0.493074245
2021/9/23 10:00,0.532579071,0.460090589,0.512436838,0.468934698,0.492102663
2021/9/23 11:00,0.5319025,0.460122856,0.509660865,0.481248724,0.491509914
2021/9/23 12:00,0.531765794,0.469320764,0.529598085,0.508296411,0.500265837
2021/9/23 13:00,0.529663959,0.45953514,0.509151738,0.481485608,0.490399075
2021/9/23 14:00,0.531990204,0.455967145,0.502648383,0.467752683,0.488325677
2021/9/23 15:00,0.533650939,0.456266522,0.496109827,0.435135878,0.488495186
2021/9/23 16:00,0.534192665,0.447392629,0.458635301,0.396595424,0.476568453
2021/9/23 17:00,0.534806924,0.446780155,0.451694879,0.42379647,0.476183024
2021/9/23 18:00,0.532936057,0.44177,0.421162379,0.371408584,0.466772704
2021/9/23 19:00,0.532568617,0.440140607,0.408040742,0.362637347,0.461560487
2021/9/23 20:00,0.535556807,0.438825338,0.40296013,0.369521064,0.458799283
2021/9/23 21:00,0.533923998,0.44331709,0.426320068,0.397191517,0.468289377
2021/9/23 22:00,0.529059487,0.44682531,0.435384169,0.411844936,0.473073692
2021/9/23 23:00,0.527436137,0.448557109,0.425390172,0.409736582,0.472756029
2021/9/24 0:00,0.528269612,0.45160695,0.454256254,0.426222186,0.480956962
2021/9/24 1:00,0.529969288,0.457192153,0.485008667,0.445690052,0.490303463
2021/9/24 2:00,0.529463408,0.459139867,0.512505296,0.463832322,0.496831231
2021/9/24 3:00,0.531468793,0.458729171,0.513186579,0.46837481,0.497276975
2021/9/24 4:00,0.531156223,0.458040278,0.509981775,0.466004448,0.496306365
2021/9/24 5:00,0.531132722,0.457896205,0.512460889,0.471582946,0.496855412
2021/9/24 6:00,0.530496217,0.458131906,0.51277278,0.475143167,0.496491536
2021/9/24 7:00,0.532751835,0.460807663,0.514690809,0.476723031,0.497307084
2021/9/24 8:00,0.529759306,0.463174378,0.516053429,0.477793878,0.495901682
2021/9/24 9:00,0.524191023,0.461692548,0.515602375,0.479627993,0.49276465
2021/9/24 10:00,0.523410689,0.461675806,0.515198479,0.46195652,0.491589348
2021/9/24 11:00,0.52966631,0.465675151,0.519695549,0.463853174,0.495918014
2021/9/24 12:00,0.530346882,0.464335894,0.517181983,0.472318537,0.495796531
2021/9/24 13:00,0.529978335,0.460568266,0.50633628,0.464023119,0.491563621
2021/9/24 14:00,0.532995868,0.458514232,0.497773082,0.458130945,0.490142283
2021/9/24 15:00,0.532660138,0.454971724,0.480389221,0.446709319,0.485998648
2021/9/24 16:00,0.531167764,0.445013994,0.422528754,0.40390905,0.468716501
2021/9/24 17:00,0.529922182,0.441796577,0.39369814,0.369701638,0.457769209
2021/9/24 18:00,0.530945462,0.44213816,0.375844964,0.327863441,0.453215521
2021/9/24 19:00,0.53173608,0.443362509,0.377375961,0.324254651,0.453212567
2021/9/24 20:00,0.530023448,0.445594126,0.384687433,0.325208437,0.454384195
2021/9/24 21:00,0.528090362,0.448269319,0.398184142,0.330456596,0.459718947
2021/9/24 22:00,0.529142169,0.451462713,0.416284386,0.342254123,0.468204082
2021/9/24 23:00,0.53084278,0.451830481,0.426338259,0.373706765,0.472267614
2021/9/25 0:00,0.52938975,0.452672943,0.428640971,0.387543845,0.474838914
2021/9/25 1:00,0.531179609,0.454337256,0.461653092,0.404782408,0.484703569
2021/9/25 2:00,0.531408589,0.454806603,0.504693585,0.428776125,0.494630226
2021/9/25 3:00,0.531466643,0.454521324,0.513672763,0.432701632,0.496912454
2021/9/25 4:00,0.532356576,0.454819801,0.514684473,0.432575977,0.497514507
2021/9/25 5:00,0.53210336,0.453533635,0.514981395,0.434434138,0.497627709
2021/9/25 6:00,0.534223313,0.453642656,0.517459114,0.438331757,0.498448242
2021/9/25 7:00,0.535099423,0.455233139,0.516827177,0.467018654,0.498870963
2021/9/25 8:00,0.533018026,0.454956986,0.519761605,0.475386593,0.497846121
2021/9/25 9:00,0.526989998,0.456052353,0.517996471,0.472486102,0.493929133
2021/9/25 10:00,0.529200387,0.459179319,0.520518186,0.439470397,0.494901953
2021/9/25 11:00,0.532127921,0.462391293,0.52225293,0.442522368,0.497577738
2021/9/25 12:00,0.53219538,0.462648128,0.52235663,0.443872687,0.497695214
2021/9/25 13:00,0.53090332,0.461561818,0.519394018,0.452217084,0.496067135
2021/9/25 14:00,0.533116886,0.458931986,0.515465656,0.451828223,0.494707734
2021/9/25 15:00,0.533713923,0.456058864,0.493645381,0.425976813,0.488975594
2021/9/25 16:00,0.531118378,0.44840225,0.44671782,0.384068606,0.474876101
2021/9/25 17:00,0.530366191,0.448455213,0.403111984,0.352373698,0.463706617
2021/9/25 18:00,0.53085216,0.445870089,0.371248348,0.315750419,0.455522917
2021/9/25 19:00,0.532067607,0.44420622,0.368515239,0.313554639,0.45466552
2021/9/25 20:00,0.531311944,0.441844567,0.366519149,0.311714748,0.452562602
2021/9/25 21:00,0.531350665,0.445942967,0.372843848,0.319530603,0.457307374
2021/9/25 22:00,0.531618914,0.452966982,0.413245053,0.359870546,0.474064258
2021/9/25 23:00,0.533266189,0.456552832,0.463858423,0.416690719,0.488491562
2021/9/26 0:00,0.533846071,0.457147215,0.503060615,0.418034119,0.497641721
2021/9/26 1:00,0.534612976,0.457685492,0.512379101,0.419288075,0.500013339
2021/9/26 2:00,0.534474273,0.455867019,0.513486268,0.416730833,0.499826767
2021/9/26 3:00,0.534503222,0.452830323,0.514148233,0.416258568,0.499612091
2021/9/26 4:00,0.534963999,0.449886085,0.515759018,0.419164672,0.499314638
2021/9/26 5:00,0.533872687,0.450311221,0.516402658,0.421214968,0.499192262
2021/9/26 6:00,0.532416113,0.449317753,0.515298585,0.421067552,0.497458127
2021/9/26 7:00,0.531084489,0.45075032,0.516398115,0.422023368,0.496617605
2021/9/26 8:00,0.532621058,0.451046719,0.500378288,0.425944337,0.492548089
2021/9/26 9:00,0.535601623,0.452395969,0.496885434,0.424571772,0.490934501
2021/9/26 10:00,0.534562899,0.452791039,0.499994846,0.429934826,0.489784342
2021/9/26 11:00,0.534973888,0.453827825,0.500684415,0.430240234,0.489952025
2021/9/26 12:00,0.533894343,0.461516647,0.520309955,0.459945953,0.496645886
2021/9/26 13:00,0.532850978,0.459697069,0.504095378,0.449484501,0.491614537
2021/9/26 14:00,0.531909865,0.456733203,0.504440465,0.453164174,0.490596322
2021/9/26 15:00,0.530913964,0.454468301,0.496570013,0.449445772,0.488036964
2021/9/26 16:00,0.530094109,0.450341087,0.460479214,0.401114431,0.47685263
2021/9/26 17:00,0.531435372,0.457879885,0.471165726,0.406423326,0.484032343
2021/9/26 18:00,0.532105106,0.459872279,0.45261276,0.382839045,0.479961315
2021/9/26 19:00,0.532993652,0.46687629,0.481338911,0.398860779,0.490815716
2021/9/26 20:00,0.531722397,0.464813021,0.510850979,0.416978118,0.497651328
2021/9/26 21:00,0.534666937,0.465302824,0.531433374,0.431873652,0.503190237
2021/9/26 22:00,0.532999628,0.461242313,0.511566495,0.435944051,0.49741688
2021/9/26 23:00,0.534962365,0.461263062,0.506472173,0.446691543,0.497318792
2021/9/27 0:00,0.534280631,0.462930081,0.515672813,0.450815047,0.500345427
2021/9/27 1:00,0.535475913,0.464855408,0.529299533,0.46280523,0.504482856
2021/9/27 2:00,0.535841197,0.462812535,0.531832828,0.473448345,0.505086046
2021/9/27 3:00,0.535655541,0.460112657,0.526205187,0.472423793,0.502900691
2021/9/27 4:00,0.533992353,0.460611996,0.523984404,0.468836751,0.50163414
2021/9/27 5:00,0.533880941,0.460521982,0.526414134,0.469299457,0.502542263
2021/9/27 6:00,0.53417508,0.460614952,0.528893878,0.474051547,0.502095886
2021/9/27 7:00,0.534213875,0.465618342,0.532944079,0.477893789,0.503296795
2021/9/27 8:00,0.533068501,0.464079122,0.517122976,0.464331208,0.4961128
2021/9/27 9:00,0.533925483,0.45973493,0.507946242,0.458121324,0.492471346
2021/9/27 10:00,0.533676138,0.460594009,0.510634085,0.459252487,0.492891508
2021/9/27 11:00,0.53326927,0.459067269,0.504000273,0.451109017,0.490488155
2021/9/27 12:00,0.535874449,0.468197255,0.534168463,0.481531931,0.502888687
2021/9/27 13:00,0.535089357,0.465925853,0.524695085,0.467303157,0.50018911
2021/9/27 14:00,0.533871468,0.467413251,0.529291604,0.481761842,0.503445424
2021/9/27 15:00,0.532612074,0.475518883,0.549023075,0.488954222,0.512620752
2021/9/27 16:00,0.531572492,0.479913782,0.544766309,0.466589851,0.513199121
2021/9/27 17:00,0.533917084,0.4807788,0.556015636,0.456501618,0.517023505
2021/9/27 18:00,0.530802266,0.475759907,0.540809654,0.410593775,0.509706081
2021/9/27 19:00,0.532760897,0.465587954,0.554879686,0.42242964,0.511001446
2021/9/27 20:00,0.53399366,0.45975569,0.548050232,0.417313303,0.507108536
2021/9/27 21:00,0.533321666,0.4542888,0.53060899,0.427912219,0.501465792
2021/9/27 22:00,0.532091896,0.452025083,0.516501381,0.445896245,0.498910946
2021/9/27 23:00,0.533690809,0.452664161,0.521926232,0.44606867,0.500935788
2021/9/28 0:00,0.533078595,0.46028152,0.545673168,0.455175148,0.506891888
2021/9/28 1:00,0.53260957,0.465097882,0.555357825,0.458801619,0.509788444
2021/9/28 2:00,0.534042497,0.462063975,0.556634748,0.46208109,0.510805987
2021/9/28 3:00,0.534267986,0.460832303,0.557135514,0.461600916,0.510764546
2021/9/28 4:00,0.53444465,0.460682795,0.557860247,0.462866684,0.5112074
2021/9/28 5:00,0.534726879,0.459809121,0.56153642,0.465979643,0.512220337
2021/9/28 6:00,0.534518241,0.461794034,0.560733227,0.465241042,0.512142274
2021/9/28 7:00,0.534365947,0.473074425,0.556979395,0.465388433,0.513463689
2021/9/28 8:00,0.535863323,0.476159372,0.53365238,0.453505381,0.506988244
2021/9/28 9:00,0.536480339,0.474577922,0.531396867,0.455898218,0.505587384
2021/9/28 10:00,0.535001055,0.474575981,0.528873104,0.467547629,0.504521586
2021/9/28 11:00,0.530569202,0.472462022,0.525117687,0.451959248,0.500806268
2021/9/28 12:00,0.529773476,0.483195922,0.559324369,0.510481001,0.514870765
2021/9/28 13:00,0.535947592,0.485487614,0.564274824,0.514302434,0.519708461
2021/9/28 14:00,0.535639755,0.486580305,0.571846345,0.520924332,0.523301292
2021/9/28 15:00,0.533821607,0.488875727,0.584690223,0.529805027,0.528906636
2021/9/28 16:00,0.53234051,0.480089887,0.550248609,0.433437647,0.514775018
2021/9/28 17:00,0.534076648,0.478364196,0.549229545,0.418728019,0.514626271
2021/9/28 18:00,0.534142831,0.474523708,0.549472066,0.423071709,0.51313184
2021/9/28 19:00,0.534798504,0.470638509,0.565948944,0.425970218,0.516493187
2021/9/28 20:00,0.534363744,0.461444517,0.549868284,0.41248887,0.50723675
2021/9/28 21:00,0.534305872,0.455341721,0.525710136,0.396994297,0.498016963
2021/9/28 22:00,0.531670522,0.453490644,0.505718728,0.40898823,0.492715867
2021/9/28 23:00,0.534768165,0.452177158,0.512948098,0.427917288,0.496036117
2021/9/29 0:00,0.535135444,0.457215029,0.533967057,0.457573198,0.502207202
2021/9/29 1:00,0.536539427,0.458558135,0.563758277,0.48408991,0.511000213
2021/9/29 2:00,0.536774427,0.456648849,0.563050459,0.496095995,0.511269776
2021/9/29 3:00,0.535847839,0.453958746,0.562318937,0.494901659,0.510932642
2021/9/29 4:00,0.536628459,0.455010314,0.56450917,0.495688205,0.512331842
2021/9/29 5:00,0.537028703,0.454699728,0.565632079,0.497476313,0.512775723
2021/9/29 6:00,0.536792409,0.454939095,0.563840506,0.496569309,0.511621344
2021/9/29 7:00,0.535060286,0.461491598,0.557791652,0.494314779,0.510411277
2021/9/29 8:00,0.535686584,0.46372232,0.537743484,0.481306392,0.504737903
2021/9/29 9:00,0.538099656,0.466429183,0.546781933,0.492474131,0.509173873
2021/9/29 10:00,0.537674947,0.468552139,0.547081278,0.493772201,0.508542126
2021/9/29 11:00,0.538338459,0.476529195,0.567032439,0.513573285,0.517505415
2021/9/29 12:00,0.537848228,0.484652543,0.586285065,0.534912783,0.526456718
2021/9/29 13:00,0.53900509,0.487386152,0.586659279,0.536879741,0.528629068
2021/9/29 14:00,0.538670618,0.488033305,0.591068707,0.538715597,0.531264974
2021/9/29 15:00,0.535762079,0.483931059,0.57500232,0.517272629,0.525004272
2021/9/29 16:00,0.534437442,0.481301578,0.552417326,0.440709082,0.515767932
2021/9/29 17:00,0.536790364,0.481423552,0.553796462,0.382662505,0.515374705
2021/9/29 18:00,0.534714353,0.472963599,0.54854759,0.379156801,0.510194699
2021/9/29 19:00,0.53437091,0.464920494,0.554581531,0.410234446,0.510004961
2021/9/29 20:00,0.536354105,0.46000817,0.533785107,0.409469887,0.502558504
2021/9/29 21:00,0.536409681,0.455288816,0.516205444,0.399910593,0.495695574
2021/9/29 22:00,0.534479707,0.453860408,0.507121937,0.420192531,0.494183715
2021/9/29 23:00,0.536632893,0.453988515,0.535528956,0.458198723,0.503996299
2021/9/30 0:00,0.537061304,0.45562988,0.569551296,0.502356983,0.513752385
2021/9/30 1:00,0.536329953,0.45713965,0.571859426,0.502302722,0.51492839
2021/9/30 2:00,0.537207232,0.455122734,0.567801234,0.499478593,0.514271774
2021/9/30 3:00,0.538012403,0.451001267,0.564686365,0.497705023,0.513452582
2021/9/30 4:00,0.536365631,0.450383612,0.564501982,0.497085248,0.51242418
2021/9/30 5:00,0.537195194,0.448749592,0.56472516,0.498253128,0.512524546
2021/9/30 6:00,0.536838714,0.450453576,0.563651103,0.496304485,0.511994328
2021/9/30 7:00,0.535273273,0.458894904,0.558479736,0.497883597,0.511441735
2021/9/30 8:00,0.536035613,0.463244818,0.535656779,0.484301826,0.504926111
2021/9/30 9:00,0.537030797,0.464139946,0.531738359,0.475959036,0.502518694
2021/9/30 10:00,0.535427156,0.466226607,0.531009413,0.474774879,0.501572959
2021/9/30 11:00,0.536150206,0.470299117,0.535941549,0.478240354,0.504434668
2021/9/30 12:00,0.536682675,0.476881416,0.55274622,0.498600845,0.511812881
2021/9/30 13:00,0.535172383,0.483124841,0.565152135,0.498852267,0.51841569
2021/9/30 14:00,0.537573233,0.494063755,0.581625462,0.517028293,0.52963454
2021/9/30 15:00,0.533976204,0.491343377,0.578934642,0.528043265,0.52828475
2021/9/30 16:00,0.530856806,0.486660164,0.554568895,0.507949428,0.519534012
2021/9/30 17:00,0.529076133,0.477456705,0.557780441,0.493811632,0.51697242
2021/9/30 18:00,0.526717317,0.471700136,0.539342972,0.418299772,0.507193506
2021/9/30 19:00,0.524028852,0.467776054,0.54402595,0.418172482,0.506348349
2021/9/30 20:00,0.517309996,0.457627724,0.556580536,0.444024703,0.505475125
2021/9/30 21:00,0.510573867,0.453090974,0.528004453,0.435381869,0.493136531
2021/9/30 22:00,0.505480345,0.456560608,0.509538858,0.436726341,0.488293119
2021/9/30 23:00,0.474525391,0.452660301,0.503964232,0.423585614,0.474878544
2021/10/1 0:00,0.462093902,0.449890104,0.488825007,0.407408607,0.465176823
2021/10/1 1:00,0.460809413,0.441436849,0.535125871,0.448232824,0.477200679
2021/10/1 2:00,0.461573562,0.435457965,0.553661641,0.462336753,0.482782214
2021/10/1 3:00,0.461482049,0.437430475,0.557190527,0.477024581,0.484436217
2021/10/1 4:00,0.45965193,0.437752105,0.55544621,0.473804974,0.483386431
2021/10/1 5:00,0.457691716,0.437091418,0.554889174,0.473195257,0.482497564
2021/10/1 6:00,0.458053396,0.440807673,0.55314621,0.472988717,0.482989758
2021/10/1 7:00,0.462052291,0.449611903,0.546016788,0.476981625,0.485165704
2021/10/1 8:00,0.462159046,0.457548629,0.536274002,0.480434794,0.4844037
2021/10/1 9:00,0.454943852,0.460183175,0.526187406,0.475276767,0.47863465
2021/10/1 10:00,0.44939907,0.464190249,0.530188019,0.475141799,0.480313477
2021/10/1 11:00,0.45018245,0.464805183,0.529681105,0.475937869,0.4807361
2021/10/1 12:00,0.453013679,0.463038566,0.533841107,0.479818044,0.483549824
2021/10/1 13:00,0.456788404,0.465964697,0.545633206,0.489529934,0.486840424
2021/10/1 14:00,0.45712778,0.462139852,0.548809168,0.490472742,0.485073432
2021/10/1 15:00,0.459346229,0.460457681,0.559920768,0.493153986,0.48848763
2021/10/1 16:00,0.470939087,0.453677002,0.556254838,0.483660539,0.489137234
2021/10/1 17:00,0.471719495,0.443485852,0.5288743,0.447750299,0.478103645
2021/10/1 18:00,0.460757824,0.43253364,0.467684062,0.380606148,0.450308762
2021/10/1 19:00,0.453775616,0.43139795,0.422347386,0.32882782,0.432358701
2021/10/1 20:00,0.453995475,0.43025341,0.416137268,0.323476033,0.430039503
2021/10/1 21:00,0.456825187,0.430972338,0.431563022,0.33246091,0.4364215
2021/10/1 22:00,0.457704181,0.429420222,0.44221772,0.347137413,0.440341481
2021/10/1 23:00,0.458002554,0.424356125,0.492381751,0.386776859,0.453913378
2021/10/2 0:00,0.457876698,0.412878279,0.554344025,0.428508259,0.467791487
2021/10/2 1:00,0.455028736,0.407468344,0.560014615,0.429771745,0.468486546
2021/10/2 2:00,0.453254171,0.416714557,0.570400846,0.438207083,0.474560042
2021/10/2 3:00,0.449209142,0.420439254,0.566821046,0.437821395,0.47437343
2021/10/2 4:00,0.448544849,0.424152451,0.566393012,0.483704835,0.475584468
2021/10/2 5:00,0.449107965,0.424706326,0.565840107,0.485307983,0.47691042
2021/10/2 6:00,0.449110779,0.429342146,0.560438482,0.483209164,0.477674265
2021/10/2 7:00,0.450729394,0.435761376,0.549995584,0.483462928,0.478791397
2021/10/2 8:00,0.448846124,0.440613687,0.545967046,0.485421207,0.476910907
2021/10/2 9:00,0.448801561,0.444566868,0.543764719,0.488138125,0.476467829
2021/10/2 10:00,0.44865072,0.449244387,0.534235444,0.490402411,0.474936679
2021/10/2 11:00,0.450921905,0.456478229,0.5346397,0.494319859,0.476789649
2021/10/2 12:00,0.452613489,0.459151002,0.529928661,0.493659439,0.477909138
2021/10/2 13:00,0.450868398,0.45837743,0.532068929,0.494130876,0.476769425
2021/10/2 14:00,0.450625065,0.454423105,0.53082573,0.490912563,0.474653882
2021/10/2 15:00,0.45049347,0.447680351,0.512741679,0.47093151,0.46739617
2021/10/2 16:00,0.461864175,0.444573898,0.503964879,0.461267552,0.466822333
2021/10/2 17:00,0.475194518,0.443639469,0.501955701,0.451291856,0.470401786
2021/10/2 18:00,0.475277211,0.444208652,0.493219905,0.423457245,0.467716957
2021/10/2 19:00,0.475195604,0.441841272,0.470876455,0.404517177,0.459795318
2021/10/2 20:00,0.474956209,0.441497871,0.463560951,0.39781366,0.457400888
2021/10/2 21:00,0.473674924,0.442575713,0.481557472,0.401341279,0.463132633
2021/10/2 22:00,0.464495082,0.443964481,0.515032723,0.401055685,0.469135002
2021/10/2 23:00,0.460502181,0.443360476,0.547703839,0.414493746,0.476243278
2021/10/3 0:00,0.459921811,0.439577209,0.569898971,0.454190042,0.480744954
2021/10/3 1:00,0.456955767,0.43859131,0.566428709,0.460230765,0.480107764
2021/10/3 2:00,0.451137211,0.435472095,0.560787682,0.455767987,0.477338184
2021/10/3 3:00,0.45099389,0.432952659,0.552707708,0.474761739,0.474534707
2021/10/3 4:00,0.450747519,0.431850461,0.5573364,0.476311766,0.475020221
2021/10/3 5:00,0.450580389,0.430823843,0.555792521,0.475591106,0.474803053
2021/10/3 6:00,0.452319193,0.430836128,0.55595063,0.475584199,0.476196012
2021/10/3 7:00,0.452359409,0.432541849,0.55393362,0.480002701,0.478634832
2021/10/3 8:00,0.453958743,0.434211435,0.526424603,0.464018475,0.470672594
2021/10/3 9:00,0.45888208,0.434435641,0.531416055,0.466861123,0.474028149
2021/10/3 10:00,0.459257198,0.439381384,0.544217234,0.485367192,0.479520533
2021/10/3 11:00,0.462916438,0.445487361,0.55306706,0.493963047,0.48419376
2021/10/3 12:00,0.464974291,0.450082615,0.590401054,0.52579962,0.49833206
2021/10/3 13:00,0.47009112,0.44929182,0.575364208,0.511700418,0.495900636
2021/10/3 14:00,0.4754874,0.437282213,0.5651377,0.501609259,0.489993366
2021/10/3 15:00,0.474898131,0.434785352,0.539867498,0.478355552,0.48023127
2021/10/3 16:00,0.4748006,0.434626388,0.514220355,0.446084428,0.47184477
2021/10/3 17:00,0.474980833,0.435410103,0.536926663,0.454566235,0.478452843
2021/10/3 18:00,0.473468451,0.438470548,0.523970635,0.448369143,0.474578105
2021/10/3 19:00,0.473840186,0.438021446,0.550822557,0.429615511,0.481281374
2021/10/3 20:00,0.467985828,0.438835326,0.566686054,0.420596915,0.482874001
2021/10/3 21:00,0.459743612,0.443054986,0.577201326,0.422835021,0.484894232
2021/10/3 22:00,0.46063795,0.443273933,0.586497214,0.417933523,0.48823444
2021/10/3 23:00,0.461335629,0.4458895,0.601400067,0.438545727,0.491951044
2021/10/4 0:00,0.45988412,0.437663277,0.607087379,0.456665062,0.488670823
2021/10/4 1:00,0.456688144,0.424434961,0.58973521,0.477384953,0.480953872
2021/10/4 2:00,0.453346936,0.414659923,0.586851619,0.493792705,0.478728208
2021/10/4 3:00,0.45320301,0.40942589,0.581520857,0.493641896,0.477017652
2021/10/4 4:00,0.453642278,0.410419954,0.581844451,0.494400959,0.477712742
2021/10/4 5:00,0.45346779,0.409024708,0.58216698,0.495385381,0.477982202
2021/10/4 6:00,0.453105908,0.413012048,0.576458704,0.492738202,0.477362465
2021/10/4 7:00,0.452637258,0.425577327,0.560655764,0.491170961,0.476654489
2021/10/4 8:00,0.46090611,0.433538303,0.54262411,0.484577135,0.474372546
2021/10/4 9:00,0.47270273,0.437692972,0.567008357,0.50834278,0.486844938
2021/10/4 10:00,0.472972819,0.440493708,0.564619531,0.510399679,0.487146842
2021/10/4 11:00,0.473895716,0.451063173,0.566729927,0.515536017,0.491234017
2021/10/4 12:00,0.473097983,0.452962412,0.577331456,0.526896229,0.496505745
2021/10/4 13:00,0.472686655,0.461332315,0.574935707,0.520148453,0.497641022
2021/10/4 14:00,0.476185991,0.459690054,0.565726985,0.512259982,0.495013768
2021/10/4 15:00,0.483440246,0.449196364,0.545834988,0.495003213,0.487465365
2021/10/4 16:00,0.485557282,0.445577762,0.532887504,0.447622664,0.482290568
2021/10/4 17:00,0.486635973,0.444640657,0.551114802,0.472635338,0.488353884
2021/10/4 18:00,0.486336381,0.443417565,0.539797387,0.44398713,0.483809053
2021/10/4 19:00,0.485004126,0.442451245,0.561604051,0.454646509,0.489747087
2021/10/4 20:00,0.474599887,0.440116311,0.554402415,0.444969062,0.483026174
2021/10/4 21:00,0.474320508,0.43708285,0.560242938,0.445328491,0.484299723
2021/10/4 22:00,0.474923492,0.423712069,0.575486739,0.459652074,0.485678171
2021/10/4 23:00,0.466415051,0.420640157,0.576253267,0.477062023,0.482048619
2021/10/5 0:00,0.465576561,0.409297854,0.592503084,0.50605769,0.486607644
2021/10/5 1:00,0.465738606,0.397861638,0.609900427,0.516836917,0.491240486
2021/10/5 2:00,0.458789639,0.392849548,0.597425301,0.506170346,0.484301107
2021/10/5 3:00,0.456016668,0.389119127,0.595292291,0.503295652,0.483770869
2021/10/5 4:00,0.452337525,0.380684791,0.594569534,0.501676279,0.482294463
2021/10/5 5:00,0.451432272,0.379537201,0.585716146,0.497219478,0.480011706
2021/10/5 6:00,0.451012452,0.384232328,0.585545202,0.496885698,0.479987431
2021/10/5 7:00,0.450864856,0.396143489,0.574547356,0.495533956,0.479517834
2021/10/5 8:00,0.453151117,0.415123637,0.546927,0.484658919,0.47039281
2021/10/5 9:00,0.455521856,0.422358561,0.54082154,0.484746317,0.467676653
2021/10/5 10:00,0.455005029,0.425422314,0.526952448,0.477765397,0.462974553
2021/10/5 11:00,0.456633782,0.429674637,0.526145285,0.482249472,0.464064704
2021/10/5 12:00,0.45887977,0.426836584,0.543087316,0.497367923,0.470195602
2021/10/5 13:00,0.457694796,0.430921435,0.539825366,0.480594523,0.469567667
2021/10/5 14:00,0.468293439,0.435015746,0.547971459,0.484435129,0.476292706
2021/10/5 15:00,0.480983642,0.441557283,0.557049994,0.489474976,0.485133169
2021/10/5 16:00,0.48437831,0.445077462,0.545462793,0.469903827,0.484165035
2021/10/5 17:00,0.485501123,0.443002667,0.558406622,0.466390509,0.487968554
2021/10/5 18:00,0.486842475,0.440966298,0.543795343,0.420743842,0.482960025
2021/10/5 19:00,0.475807297,0.435722049,0.565045575,0.421692991,0.483970358
2021/10/5 20:00,0.474505778,0.425144305,0.562044274,0.417444766,0.47956953
2021/10/5 21:00,0.464663714,0.413755503,0.535628094,0.408258175,0.466732263
2021/10/5 22:00,0.456862311,0.414364743,0.539671544,0.431420991,0.466201313
2021/10/5 23:00,0.457508549,0.405582609,0.543959409,0.476139316,0.467498811
2021/10/6 0:00,0.457186603,0.401935572,0.575294808,0.495877203,0.476646754
2021/10/6 1:00,0.457138941,0.391552241,0.607276321,0.515834184,0.486074213
2021/10/6 2:00,0.458161754,0.386108313,0.608290042,0.513024024,0.48704927
2021/10/6 3:00,0.45674363,0.380767851,0.597617101,0.504593641,0.483129129
2021/10/6 4:00,0.45488752,0.376041639,0.588431742,0.498195477,0.479183122
2021/10/6 5:00,0.453996008,0.375068531,0.587620058,0.498322936,0.478789837
2021/10/6 6:00,0.453029634,0.378150972,0.584511193,0.496432973,0.476396031
2021/10/6 7:00,0.452370245,0.391636163,0.572598018,0.494931615,0.475134695
2021/10/6 8:00,0.454287022,0.415765949,0.537835974,0.478821701,0.467023936
2021/10/6 9:00,0.457186983,0.42376445,0.542668897,0.490032998,0.469560629
2021/10/6 10:00,0.457276492,0.427347579,0.53978385,0.49277928,0.469091124
2021/10/6 11:00,0.456531864,0.43217243,0.537459169,0.494158525,0.469095753
2021/10/6 12:00,0.456776753,0.425029394,0.552464616,0.499700849,0.472925809
2021/10/6 13:00,0.457082059,0.424421853,0.538605371,0.472474417,0.465310592
2021/10/6 14:00,0.465026504,0.4284216,0.555535278,0.480165054,0.472994187
2021/10/6 15:00,0.472203013,0.426268286,0.551759178,0.473253795,0.473591675
2021/10/6 16:00,0.471976553,0.421140743,0.520394125,0.444232208,0.463553245
2021/10/6 17:00,0.472026745,0.41856843,0.514754261,0.420087667,0.461792185
2021/10/6 18:00,0.4714812,0.417958969,0.504676679,0.376222828,0.45761142
2021/10/6 19:00,0.467194355,0.418768944,0.522016476,0.385864107,0.462205861
2021/10/6 20:00,0.456043267,0.415843384,0.516711042,0.37596674,0.455222289
2021/10/6 21:00,0.454090358,0.416930802,0.517919074,0.379485417,0.456809764
2021/10/6 22:00,0.451256517,0.416378483,0.509404468,0.393655796,0.455239567
2021/10/6 23:00,0.44929636,0.412955578,0.532785739,0.410466606,0.460758879
2021/10/7 0:00,0.449999405,0.4155855,0.592274293,0.445651656,0.477187264
2021/10/7 1:00,0.450888674,0.405878281,0.602818433,0.457116396,0.482220737
2021/10/7 2:00,0.450655449,0.397358713,0.59786783,0.506324478,0.482530268
2021/10/7 3:00,0.450241408,0.393764158,0.600980346,0.507090215,0.482852346
2021/10/7 4:00,0.449419584,0.389379115,0.600521374,0.50750912,0.482605325
2021/10/7 5:00,0.449095898,0.386795185,0.599154028,0.507702467,0.482628338
2021/10/7 6:00,0.449314786,0.391072615,0.596205702,0.507045563,0.482745259
2021/10/7 7:00,0.451314846,0.402866695,0.591836846,0.510720842,0.485104726
2021/10/7 8:00,0.458239744,0.423086365,0.578994115,0.509106662,0.483626163
2021/10/7 9:00,0.470460263,0.428286594,0.588013147,0.522640527,0.488447978
2021/10/7 10:00,0.470949958,0.4407852,0.58456897,0.528500736,0.491113145
2021/10/7 11:00,0.471097793,0.450364503,0.586179242,0.534607164,0.493244628
2021/10/7 12:00,0.470672901,0.447173307,0.598865851,0.545090096,0.496665707
2021/10/7 13:00,0.471579346,0.452636454,0.59221679,0.536234407,0.492968752
2021/10/7 14:00,0.471544448,0.459328005,0.598947982,0.540455528,0.496444003
2021/10/7 15:00,0.469691981,0.459360588,0.59472515,0.528349493,0.494949941
2021/10/7 16:00,0.469255238,0.44725372,0.558670192,0.495198305,0.481246925
2021/10/7 17:00,0.462613503,0.431075989,0.534530477,0.464266302,0.467252451
2021/10/7 18:00,0.461015228,0.419423684,0.504076742,0.439041097,0.453886867
2021/10/7 19:00,0.45048185,0.415503584,0.480520088,0.397695605,0.442183245
2021/10/7 20:00,0.449802554,0.415340964,0.493193745,0.380200808,0.444558496
2021/10/7 21:00,0.45031072,0.417513991,0.517532546,0.390457684,0.453539514
2021/10/7 22:00,0.449612499,0.419386692,0.513069212,0.38260411,0.454139829
2021/10/7 23:00,0.447845788,0.414032409,0.517458139,0.379562653,0.453794667
2021/10/8 0:00,0.446036256,0.409185904,0.515143711,0.372839117,0.453661959
2021/10/8 1:00,0.44654713,0.40844102,0.542775445,0.385760426,0.463166581
2021/10/8 2:00,0.446102579,0.396032835,0.580080717,0.406101182,0.47194043
2021/10/8 3:00,0.447090356,0.389660633,0.579231662,0.417906844,0.472884609
2021/10/8 4:00,0.446415215,0.380346107,0.579638767,0.424075392,0.472574599
2021/10/8 5:00,0.446142852,0.381029593,0.578805627,0.425961721,0.472524902
2021/10/8 6:00,0.446538785,0.38666757,0.577805984,0.425717402,0.474846806
2021/10/8 7:00,0.446692009,0.407566015,0.566335689,0.425505191,0.478034062
2021/10/8 8:00,0.445961156,0.438214004,0.559124663,0.4241682,0.4782726
2021/10/8 9:00,0.446048342,0.451016788,0.551932649,0.429323677,0.478124531
2021/10/8 10:00,0.446141322,0.455540437,0.546804799,0.441451453,0.477987108
2021/10/8 11:00,0.447477852,0.460426214,0.54641186,0.440798431,0.478791401
2021/10/8 12:00,0.448521568,0.457307355,0.545226842,0.446572703,0.479579554
2021/10/8 13:00,0.448448404,0.461701159,0.552057611,0.444571378,0.478698007
2021/10/8 14:00,0.448201561,0.464121985,0.555891666,0.446627572,0.478883333
2021/10/8 15:00,0.448909256,0.457235851,0.53620742,0.421478341,0.472038929
2021/10/8 16:00,0.451060874,0.448853257,0.497756101,0.393678335,0.460347339
2021/10/8 17:00,0.449927164,0.441824844,0.459761497,0.37089446,0.447448222
2021/10/8 18:00,0.44823432,0.437207941,0.442801007,0.342102906,0.43934009
2021/10/8 19:00,0.448413798,0.433166031,0.441498837,0.336322648,0.437392094
2021/10/8 20:00,0.448414921,0.42838696,0.429606428,0.32856274,0.431616831
2021/10/8 21:00,0.448664853,0.424478786,0.450080456,0.330957274,0.437341339
2021/10/8 22:00,0.448518074,0.419793485,0.471300407,0.338399544,0.442744124
2021/10/8 23:00,0.448580463,0.413374613,0.486331646,0.357721771,0.446259129
2021/10/9 0:00,0.449811454,0.407668261,0.51139032,0.370449142,0.453029701
2021/10/9 1:00,0.449258412,0.404990118,0.554000555,0.388810956,0.468305786
2021/10/9 2:00,0.448795507,0.413771947,0.566137362,0.395439001,0.479881701
2021/10/9 3:00,0.449868456,0.414786008,0.564295969,0.397424358,0.484509593
2021/10/9 4:00,0.449740108,0.421633795,0.561019001,0.404640211,0.487828771
2021/10/9 5:00,0.449618711,0.427610943,0.559368352,0.406629859,0.490252987
2021/10/9 6:00,0.449283693,0.437110718,0.557588606,0.405611198,0.491481342
2021/10/9 7:00,0.44880849,0.450136348,0.549458203,0.406405982,0.490810382
2021/10/9 8:00,0.450015794,0.456852092,0.548594958,0.421713151,0.491355512
2021/10/9 9:00,0.450515809,0.457769481,0.551188075,0.433347921,0.493366594
2021/10/9 10:00,0.450731426,0.466849982,0.553894418,0.438382914,0.495734127
2021/10/9 11:00,0.450682683,0.469954039,0.549015958,0.434505894,0.494847524
2021/10/9 12:00,0.451057345,0.475824567,0.548744265,0.436138541,0.496328323
2021/10/9 13:00,0.452111556,0.475031501,0.551595477,0.434081937,0.494533381
2021/10/9 14:00,0.452777119,0.47420434,0.551773179,0.436459642,0.494581573
2021/10/9 15:00,0.452180004,0.475927065,0.535741884,0.425107659,0.489764719
2021/10/9 16:00,0.45449117,0.470792955,0.516003121,0.412850102,0.48015195
2021/10/9 17:00,0.45670109,0.470827654,0.481365915,0.384082701,0.467678287
2021/10/9 18:00,0.457212745,0.472448888,0.451371608,0.350240026,0.456817879
2021/10/9 19:00,0.452777727,0.467776305,0.449231915,0.34647258,0.453144185
2021/10/9 20:00,0.451712167,0.463247919,0.454123627,0.350756722,0.453268327
2021/10/9 21:00,0.451338562,0.461398823,0.463610683,0.356319063,0.456078646
2021/10/9 22:00,0.451629992,0.458505486,0.477904853,0.361296003,0.460156362
2021/10/9 23:00,0.452777088,0.449992774,0.486657154,0.367723074,0.460624019
2021/10/10 0:00,0.452694261,0.439002696,0.506720578,0.383978805,0.463207281
2021/10/10 1:00,0.45267415,0.430551932,0.555037165,0.408717633,0.472644979
2021/10/10 2:00,0.452021031,0.419792418,0.574822576,0.415409224,0.475577877
2021/10/10 3:00,0.452314943,0.41271912,0.578719449,0.417197024,0.476161113
2021/10/10 4:00,0.449527023,0.409764819,0.56980107,0.409312804,0.473532305
2021/10/10 5:00,0.449025935,0.410075842,0.54798157,0.398988951,0.467283861
2021/10/10 6:00,0.448858301,0.412126402,0.543055815,0.38354481,0.465972603
2021/10/10 7:00,0.448349384,0.41331336,0.540813719,0.372195672,0.465062887
2021/10/10 8:00,0.447314462,0.418819796,0.532750975,0.372843409,0.46298282
2021/10/10 9:00,0.45138232,0.424836996,0.529561244,0.377555736,0.464613789
2021/10/10 10:00,0.459591585,0.432416324,0.528298852,0.387367399,0.469379117
2021/10/10 11:00,0.456528616,0.434982663,0.530807295,0.393369237,0.469950894
2021/10/10 12:00,0.449653897,0.442712483,0.543596754,0.398400115,0.473517328
2021/10/10 13:00,0.448209607,0.446040019,0.549044826,0.397439476,0.473900524
2021/10/10 14:00,0.449354894,0.437176672,0.552651777,0.397236841,0.470390591
2021/10/10 15:00,0.449508702,0.424905071,0.537418102,0.385704064,0.462915096
2021/10/10 16:00,0.449240028,0.421349548,0.498361354,0.364104929,0.451811891
2021/10/10 17:00,0.448628975,0.42068268,0.453038471,0.342153607,0.437071908
2021/10/10 18:00,0.448890975,0.420992921,0.435810212,0.334328317,0.431470393
2021/10/10 19:00,0.449201865,0.420285245,0.436236941,0.331259331,0.431391251
2021/10/10 20:00,0.449820394,0.419633922,0.43766439,0.331889853,0.431838994
2021/10/10 21:00,0.449198455,0.418205093,0.462366367,0.345522041,0.439470062
2021/10/10 22:00,0.449153253,0.415856849,0.482705058,0.352204509,0.445126448
2021/10/10 23:00,0.449515467,0.415193126,0.496184105,0.353436839,0.448588327
2021/10/11 0:00,0.449375746,0.410068106,0.567708291,0.384122415,0.463085994
2021/10/11 1:00,0.449207769,0.411814701,0.591055294,0.38963993,0.467197688
2021/10/11 2:00,0.449775484,0.403784554,0.591527556,0.386103973,0.46820115
2021/10/11 3:00,0.449311239,0.40065797,0.580013316,0.386689365,0.467578709
2021/10/11 4:00,0.449529255,0.397336674,0.583491747,0.397178831,0.469070536
2021/10/11 5:00,0.449713904,0.396444286,0.577605189,0.401849371,0.468667017
2021/10/11 6:00,0.449127548,0.399692548,0.563227568,0.400499841,0.465246838
2021/10/11 7:00,0.44859148,0.400183297,0.558107092,0.395785861,0.463399892
2021/10/11 8:00,0.448411847,0.403995167,0.521840462,0.383142538,0.453893071
2021/10/11 9:00,0.449025976,0.4054732,0.508755067,0.383351273,0.450309537
2021/10/11 10:00,0.448926357,0.406519075,0.517481882,0.394064904,0.45333264
2021/10/11 11:00,0.44914817,0.409549824,0.524533984,0.404825008,0.455251304
2021/10/11 12:00,0.449442392,0.409939815,0.548899661,0.419251119,0.462803443
2021/10/11 13:00,0.448764082,0.405627084,0.536355258,0.385543269,0.457184531
2021/10/11 14:00,0.449144345,0.407769616,0.512541626,0.364535065,0.450077721
2021/10/11 15:00,0.449643764,0.406351198,0.508901193,0.367875816,0.447424575
2021/10/11 16:00,0.450764027,0.409773596,0.495379324,0.360683488,0.443654184
2021/10/11 17:00,0.449373401,0.409595188,0.477115687,0.349699376,0.437447629
2021/10/11 18:00,0.447079654,0.409372475,0.444279108,0.32531822,0.427537005
2021/10/11 19:00,0.447916982,0.405493159,0.440534302,0.330318033,0.425045882
2021/10/11 20:00,0.448402378,0.40363353,0.442542131,0.333411844,0.425328508
2021/10/11 21:00,0.445080358,0.409540802,0.444789019,0.332468356,0.427510074
2021/10/11 22:00,0.430428354,0.412318903,0.471916575,0.337193587,0.431872238
2021/10/11 23:00,0.418451272,0.411254952,0.510407745,0.345095791,0.4370745
2021/10/12 0:00,0.40767694,0.411164779,0.554642354,0.364433897,0.445075952
2021/10/12 1:00,0.401981077,0.411693345,0.548568534,0.394490071,0.446961394
2021/10/12 2:00,0.402101801,0.403222737,0.544642951,0.392745405,0.445074399
2021/10/12 3:00,0.401906589,0.397158425,0.550081034,0.393367973,0.445351153
2021/10/12 4:00,0.401529397,0.39636498,0.549585145,0.390953267,0.444938341
2021/10/12 5:00,0.401989117,0.396876647,0.546957276,0.391686332,0.444692004
2021/10/12 6:00,0.401400002,0.405906758,0.555394525,0.396746698,0.44784491
2021/10/12 7:00,0.401432947,0.411604416,0.545258573,0.382304507,0.446056689
2021/10/12 8:00,0.402564107,0.418231518,0.521367659,0.370198504,0.438590102
2021/10/12 9:00,0.402090689,0.414349324,0.523746365,0.381311221,0.436986859
2021/10/12 10:00,0.402724959,0.413052053,0.520270887,0.377406735,0.435773885
2021/10/12 11:00,0.402362983,0.414281495,0.511375813,0.377063965,0.434911105
2021/10/12 12:00,0.405613696,0.411372597,0.527045879,0.392672767,0.441913492
2021/10/12 13:00,0.408406185,0.413324611,0.505846482,0.374165228,0.43477244
2021/10/12 14:00,0.406407477,0.408780775,0.49830769,0.366309174,0.430386658
2021/10/12 15:00,0.417204789,0.407309265,0.508488644,0.375058203,0.437004626
2021/10/12 16:00,0.419516854,0.41205037,0.526219837,0.390669449,0.443932356
2021/10/12 17:00,0.421279133,0.409710705,0.524546686,0.411643293,0.443809008
2021/10/12 18:00,0.420978617,0.410295163,0.51103626,0.404194061,0.439872305
2021/10/12 19:00,0.41331744,0.406866103,0.491719078,0.390520287,0.430447328
2021/10/12 20:00,0.405421997,0.400932293,0.473623277,0.376586048,0.421180049
2021/10/12 21:00,0.404912533,0.398941031,0.483582233,0.377627203,0.423349103
2021/10/12 22:00,0.404588363,0.400210454,0.48144196,0.369055418,0.423908603
2021/10/12 23:00,0.404539058,0.402019433,0.484471517,0.363979466,0.424850777
2021/10/13 0:00,0.404769632,0.401094881,0.510495204,0.370144032,0.433125577
2021/10/13 1:00,0.404680177,0.402520851,0.537731422,0.367538346,0.441188283
2021/10/13 2:00,0.40521012,0.403276884,0.533027175,0.363360364,0.441866782
2021/10/13 3:00,0.404691579,0.397991594,0.533984798,0.376925328,0.443046064
2021/10/13 4:00,0.404339778,0.397495989,0.533499584,0.378477896,0.443033095
2021/10/13 5:00,0.403056344,0.399461655,0.536145673,0.381933754,0.443210539
2021/10/13 6:00,0.402509928,0.401887556,0.544911535,0.391168948,0.446797645
2021/10/13 7:00,0.402295654,0.399522933,0.548373892,0.400458315,0.450080161
2021/10/13 8:00,0.402874717,0.403932522,0.523928841,0.407382328,0.44117999
2021/10/13 9:00,0.404341928,0.409081331,0.528372032,0.407361827,0.441663937
2021/10/13 10:00,0.402575683,0.4129128,0.5196053,0.388406786,0.439685429
2021/10/13 11:00,0.402313864,0.415354051,0.521004039,0.390733153,0.439989526
2021/10/13 12:00,0.402886732,0.41250099,0.536830184,0.397729055,0.445767312
2021/10/13 13:00,0.40325915,0.411959661,0.517807292,0.380816467,0.436991654
2021/10/13 14:00,0.40677889,0.411023571,0.518527956,0.375508955,0.437181616
2021/10/13 15:00,0.413754023,0.407639751,0.500788814,0.356868355,0.432805624
2021/10/13 16:00,0.433859159,0.407218731,0.501981995,0.356290341,0.439478456
2021/10/13 17:00,0.437828017,0.406420409,0.501904661,0.344614092,0.440081688
2021/10/13 18:00,0.436235016,0.405944611,0.494429646,0.341616145,0.4375129
2021/10/13 19:00,0.419734391,0.404340041,0.481439861,0.333476391,0.428393891
2021/10/13 20:00,0.415719339,0.399960462,0.450694358,0.314486006,0.416032385
2021/10/13 21:00,0.414356863,0.401170083,0.442198631,0.318841413,0.4147207
2021/10/13 22:00,0.408394644,0.4048378,0.45136824,0.340669511,0.418495452
2021/10/13 23:00,0.406260322,0.40608021,0.45194072,0.33575997,0.418328216
2021/10/14 0:00,0.405272418,0.405246074,0.492033386,0.348138576,0.429149465
2021/10/14 1:00,0.404740729,0.401346465,0.522345997,0.360023696,0.436928677
2021/10/14 2:00,0.405225796,0.40071658,0.524901604,0.356985956,0.437208062
2021/10/14 3:00,0.405109831,0.397572795,0.523491861,0.359000614,0.437257068
2021/10/14 4:00,0.405209126,0.39863868,0.527000625,0.371234191,0.438546692
2021/10/14 5:00,0.404972884,0.400954179,0.527637447,0.374777093,0.439479406
2021/10/14 6:00,0.409649809,0.404184677,0.525844639,0.370652961,0.43990677
2021/10/14 7:00,0.416168506,0.408130195,0.523555858,0.376509612,0.4417018
2021/10/14 8:00,0.415425723,0.409773311,0.492702736,0.381925741,0.433013541
2021/10/14 9:00,0.407746029,0.404025935,0.489381403,0.393929453,0.427553449
2021/10/14 10:00,0.404380005,0.40409125,0.485070425,0.395191376,0.425916366
2021/10/14 11:00,0.40507291,0.406892723,0.478781619,0.393172145,0.425380343
2021/10/14 12:00,0.404425785,0.404277731,0.500075839,0.383834217,0.431373333
2021/10/14 13:00,0.409787333,0.40933111,0.482789249,0.365550986,0.427879042
2021/10/14 14:00,0.415937795,0.408291946,0.465403911,0.353507509,0.424080663
2021/10/14 15:00,0.417148242,0.403903457,0.44394522,0.335335422,0.416634213
2021/10/14 16:00,0.418151208,0.402408445,0.435799648,0.32766778,0.414339603
2021/10/14 17:00,0.418433525,0.403264812,0.444166333,0.336952359,0.417654063
2021/10/14 18:00,0.418809331,0.402808462,0.441871798,0.338538462,0.416760436
2021/10/14 19:00,0.417124899,0.401095813,0.419087358,0.322505192,0.40869054
2021/10/14 20:00,0.413203885,0.400150268,0.420762617,0.32022288,0.407821846
2021/10/14 21:00,0.413092455,0.402076005,0.415114361,0.316772783,0.407023962
2021/10/14 22:00,0.416619199,0.40690163,0.440146173,0.324185133,0.417433338
2021/10/14 23:00,0.409086609,0.407028391,0.444447999,0.31906957,0.416220585
2021/10/15 0:00,0.376807282,0.408172371,0.476749871,0.317766335,0.416410433
2021/10/15 1:00,0.375133231,0.405037564,0.518549764,0.336679582,0.427055761
2021/10/15 2:00,0.374964465,0.400105708,0.520476986,0.341440441,0.428347399
2021/10/15 3:00,0.375090489,0.397508185,0.520828898,0.340500005,0.429357697
2021/10/15 4:00,0.375331677,0.394833008,0.521103054,0.338708381,0.429561253
2021/10/15 5:00,0.375972843,0.396036105,0.52001328,0.339737419,0.429876198
2021/10/15 6:00,0.376374677,0.398033998,0.515217218,0.337975773,0.429004669
2021/10/15 7:00,0.37530008,0.401509671,0.508490976,0.337477759,0.42899657
2021/10/15 8:00,0.377251694,0.41155659,0.493845929,0.344232594,0.42756143
2021/10/15 9:00,0.376434772,0.410168507,0.488705687,0.347834892,0.425078557
2021/10/15 10:00,0.379763239,0.412901692,0.485068641,0.351391894,0.425625348
2021/10/15 11:00,0.389085608,0.419995884,0.488564014,0.349759887,0.430972125
2021/10/15 12:00,0.391443894,0.421186296,0.489498815,0.355993518,0.43299622
2021/10/15 13:00,0.390741787,0.420282627,0.478999584,0.358936507,0.429498989
2021/10/15 14:00,0.386599219,0.419249276,0.467844725,0.339932298,0.423619225
2021/10/15 15:00,0.384252354,0.416638371,0.45587015,0.329977572,0.417409496
2021/10/15 16:00,0.388749041,0.41478568,0.435949291,0.33168957,0.411511956
2021/10/15 17:00,0.394730971,0.414104796,0.419305894,0.30500359,0.407440476
2021/10/15 18:00,0.39574201,0.413671559,0.415734711,0.296864778,0.406175615
2021/10/15 19:00,0.39309043,0.412630033,0.423072019,0.298548191,0.407358596
2021/10/15 20:00,0.391224652,0.412768325,0.396281762,0.280904292,0.398278075
2021/10/15 21:00,0.389660235,0.413486148,0.40394082,0.292200255,0.400849608
2021/10/15 22:00,0.38115632,0.413713505,0.407811517,0.297370337,0.400520469
2021/10/15 23:00,0.374196179,0.412936868,0.413781369,0.29493676,0.400828492
2021/10/16 0:00,0.375655198,0.410007527,0.440113806,0.322518205,0.409118364
2021/10/16 1:00,0.376955812,0.404372364,0.464120419,0.346606633,0.416781543
2021/10/16 2:00,0.37478949,0.400452863,0.465855607,0.340814615,0.417559003
2021/10/16 3:00,0.374852416,0.397789418,0.46403646,0.335820394,0.417093996
2021/10/16 4:00,0.374156187,0.395424727,0.464995248,0.333762982,0.417392746
2021/10/16 5:00,0.375655299,0.395371013,0.465646791,0.329806556,0.417411073
2021/10/16 6:00,0.371006375,0.400382146,0.460611427,0.336283955,0.416022604
2021/10/16 7:00,0.37241665,0.40346762,0.457207135,0.338945658,0.416115814
2021/10/16 8:00,0.383327413,0.407796249,0.460895721,0.336299778,0.420043818
2021/10/16 9:00,0.383365127,0.405326067,0.465661917,0.313800451,0.4212847
2021/10/16 10:00,0.378659078,0.410912589,0.44803472,0.308729125,0.415131324
2021/10/16 11:00,0.380813273,0.416250396,0.461041733,0.321462958,0.422732382
2021/10/16 12:00,0.372997417,0.417125779,0.459329302,0.323571642,0.422586785
2021/10/16 13:00,0.370800353,0.416569523,0.45314723,0.321798533,0.41835347
2021/10/16 14:00,0.370577971,0.416592116,0.456250721,0.322956951,0.41750082
2021/10/16 15:00,0.36526897,0.415140234,0.441534253,0.316578021,0.410276781
2021/10/16 16:00,0.365706668,0.41497614,0.416287889,0.303760588,0.400534028
2021/10/16 17:00,0.37712625,0.417896534,0.384568601,0.289392631,0.392973798
2021/10/16 18:00,0.389766873,0.418370858,0.37097105,0.286530262,0.391756291
2021/10/16 19:00,0.39418807,0.417495351,0.381665229,0.291227828,0.396119026
2021/10/16 20:00,0.396913046,0.416423636,0.396995329,0.302770157,0.401779363
2021/10/16 21:00,0.391792938,0.41500397,0.397607315,0.296490906,0.399883125
2021/10/16 22:00,0.371568679,0.413998279,0.395641417,0.288558096,0.393479062
2021/10/16 23:00,0.364585401,0.414626899,0.407763118,0.28878044,0.395990128
2021/10/17 0:00,0.36433722,0.415240368,0.433954472,0.297566659,0.40475838
2021/10/17 1:00,0.369249953,0.41291402,0.446850789,0.313318923,0.409755571
2021/10/17 2:00,0.372500902,0.411132486,0.448397223,0.312057454,0.410803125
2021/10/17 3:00,0.371143709,0.409548669,0.448882835,0.311579695,0.411123018
2021/10/17 4:00,0.371697248,0.408320019,0.44810186,0.31393475,0.410489289
2021/10/17 5:00,0.373094952,0.40509863,0.448490224,0.32452016,0.409858683
2021/10/17 6:00,0.37708813,0.40450767,0.441990323,0.332312639,0.408538684
2021/10/17 7:00,0.383295309,0.402217778,0.453234118,0.367276169,0.414716646
2021/10/17 8:00,0.385405958,0.400196096,0.45399494,0.372769922,0.415089587
2021/10/17 9:00,0.381436139,0.398912063,0.466990531,0.380272328,0.417225065
2021/10/17 10:00,0.379540571,0.400391946,0.46011009,0.377629389,0.413545884
2021/10/17 11:00,0.38451165,0.403530555,0.460652878,0.380974315,0.415001485
2021/10/17 12:00,0.381168953,0.403318369,0.504564525,0.417758976,0.427908328
2021/10/17 13:00,0.385017896,0.402886487,0.510315236,0.427564542,0.431562261
2021/10/17 14:00,0.394364302,0.4028858,0.53370293,0.439570813,0.44124286
2021/10/17 15:00,0.397300676,0.403281715,0.525589205,0.411206611,0.438877401
2021/10/17 16:00,0.398369001,0.407358727,0.512730852,0.393981254,0.436652439
2021/10/17 17:00,0.397890776,0.412125555,0.528001851,0.399021845,0.440719222
2021/10/17 18:00,0.396682211,0.411208315,0.543651547,0.394497638,0.44200963
2021/10/17 19:00,0.396915112,0.403868453,0.553502491,0.394666598,0.43918912
2021/10/17 20:00,0.382406352,0.400542849,0.545435378,0.38587635,0.430287906
2021/10/17 21:00,0.382025427,0.402635553,0.549098185,0.383028456,0.433185175
2021/10/17 22:00,0.383409742,0.401147681,0.549147035,0.389238763,0.435585372
2021/10/17 23:00,0.380518662,0.396309433,0.555132613,0.407071595,0.435048362
2021/10/18 0:00,0.38657995,0.388999187,0.559815587,0.408737216,0.436906874
2021/10/18 1:00,0.391529873,0.387316973,0.554345785,0.404358571,0.441094528
2021/10/18 2:00,0.390972605,0.383288336,0.560507956,0.403672269,0.442443008
2021/10/18 3:00,0.399638277,0.380875033,0.560264012,0.406389213,0.44602141
2021/10/18 4:00,0.404507849,0.378320139,0.563314498,0.413908214,0.448541347
2021/10/18 5:00,0.40454651,0.381645895,0.556475763,0.459354542,0.448869614
2021/10/18 6:00,0.409126794,0.39000904,0.551010059,0.470220092,0.449636645
2021/10/18 7:00,0.417180926,0.400281856,0.536186101,0.449363971,0.450164851
2021/10/18 8:00,0.416872166,0.407410029,0.511498991,0.435117311,0.441721009
2021/10/18 9:00,0.417340193,0.404662253,0.508401493,0.434472788,0.439334311
2021/10/18 10:00,0.417266362,0.396948867,0.503438769,0.427350676,0.434668125
2021/10/18 11:00,0.416775875,0.386083522,0.502059694,0.42181779,0.429005199
2021/10/18 12:00,0.416863962,0.380330522,0.521015624,0.458155555,0.433284339
2021/10/18 13:00,0.417554795,0.375048297,0.504318951,0.445972871,0.426634989
2021/10/18 14:00,0.418301651,0.367299719,0.483440017,0.42969454,0.417716652
2021/10/18 15:00,0.42542969,0.373550419,0.469139658,0.355219077,0.419251499
2021/10/18 16:00,0.429116073,0.381222398,0.4748211,0.321265279,0.425449364
2021/10/18 17:00,0.428938492,0.380744663,0.499301759,0.33738531,0.433994125
2021/10/18 18:00,0.428932012,0.38062102,0.4986926,0.334015657,0.433609364
2021/10/18 19:00,0.428912216,0.375516064,0.510730159,0.3343324,0.437591355
2021/10/18 20:00,0.428868341,0.370395495,0.52135906,0.336625108,0.44017477
2021/10/18 21:00,0.428834672,0.370735704,0.503000251,0.323153323,0.43466221
2021/10/18 22:00,0.429219672,0.380524245,0.51587712,0.32547266,0.439848929
2021/10/18 23:00,0.432411676,0.377363084,0.512605766,0.314027758,0.437438123
2021/10/19 0:00,0.429177907,0.364721648,0.5361247,0.312239345,0.441164772
2021/10/19 1:00,0.431153189,0.355373905,0.546741851,0.343239043,0.447053723
2021/10/19 2:00,0.429898881,0.358981601,0.543619928,0.339704561,0.446318548
2021/10/19 3:00,0.427944225,0.353711478,0.545544165,0.336732058,0.445062419
2021/10/19 4:00,0.427591366,0.352035611,0.545705213,0.3349534,0.445032757
2021/10/19 5:00,0.427611815,0.354278497,0.543402091,0.341503984,0.445412835
2021/10/19 6:00,0.428532881,0.361681033,0.539884074,0.345754853,0.444139973
2021/10/19 7:00,0.430285714,0.363106282,0.53883927,0.354682305,0.444143088
2021/10/19 8:00,0.429659954,0.370003408,0.536845321,0.358720017,0.442171263
2021/10/19 9:00,0.428645724,0.363455432,0.515696567,0.347217808,0.431234197
2021/10/19 10:00,0.428547426,0.367001321,0.503336708,0.342700501,0.427351742
2021/10/19 11:00,0.428420907,0.372023829,0.500991528,0.329253813,0.426441274
2021/10/19 12:00,0.428683407,0.369179845,0.521321583,0.345888346,0.432535783
2021/10/19 13:00,0.433867169,0.368045619,0.506373167,0.337965419,0.427502932
2021/10/19 14:00,0.435371491,0.365933566,0.489251099,0.316071651,0.421536906
2021/10/19 15:00,0.43871615,0.363644782,0.482675341,0.325393144,0.421563949
2021/10/19 16:00,0.44442207,0.360711546,0.478658433,0.306146852,0.421837545
2021/10/19 17:00,0.445927736,0.360057178,0.47579428,0.311376813,0.421021951
2021/10/19 18:00,0.445054811,0.361565525,0.428786984,0.289585758,0.406024983
2021/10/19 19:00,0.43886065,0.358865264,0.419352674,0.279893178,0.39970898
2021/10/19 20:00,0.43558039,0.355862337,0.421605987,0.27809548,0.398808519
2021/10/19 21:00,0.435318838,0.357110199,0.432807012,0.277477624,0.403502739
2021/10/19 22:00,0.435340796,0.360333462,0.472877049,0.289578954,0.416190795
2021/10/19 23:00,0.431976181,0.357181636,0.500935605,0.286834229,0.421861453
2021/10/20 0:00,0.427819694,0.34353441,0.539154245,0.301037544,0.43047917
2021/10/20 1:00,0.428107321,0.335806551,0.539230215,0.328427189,0.433151007
2021/10/20 2:00,0.428244813,0.336025147,0.537482875,0.328577103,0.433354868
2021/10/20 3:00,0.428191624,0.330997117,0.539072703,0.327333163,0.433393657
2021/10/20 4:00,0.428395197,0.324117298,0.54225245,0.327192488,0.433895731
2021/10/20 5:00,0.428326321,0.327290388,0.539273643,0.32980895,0.434597216
2021/10/20 6:00,0.428135118,0.344009655,0.538916075,0.331664484,0.433835378
2021/10/20 7:00,0.428167686,0.359419115,0.536419147,0.336233479,0.43510052
2021/10/20 8:00,0.427973776,0.364264943,0.514412875,0.335968865,0.42980428
2021/10/20 9:00,0.428236238,0.361879034,0.505752055,0.336852901,0.426783035
2021/10/20 10:00,0.428670316,0.359327547,0.509794091,0.339407482,0.427021984
2021/10/20 11:00,0.420422255,0.362337579,0.509925771,0.349819559,0.424275504
2021/10/20 12:00,0.416621998,0.359506304,0.527344881,0.354957397,0.428317448
2021/10/20 13:00,0.405951748,0.362879211,0.513074904,0.339342914,0.420766655
2021/10/20 14:00,0.401985448,0.357409524,0.505749592,0.332108737,0.415134617
2021/10/20 15:00,0.403541095,0.354533064,0.499614655,0.322027581,0.412327926
2021/10/20 16:00,0.410395637,0.358140009,0.494864134,0.317762356,0.415065457
2021/10/20 17:00,0.420346385,0.359162378,0.503970652,0.330901698,0.421531719
2021/10/20 18:00,0.425430271,0.360245459,0.494550214,0.326641101,0.420044031
2021/10/20 19:00,0.42092151,0.359153388,0.468153803,0.310175779,0.409328492
2021/10/20 20:00,0.416974837,0.356922632,0.460117621,0.30467958,0.405702072
2021/10/20 21:00,0.425702078,0.355887716,0.465854143,0.306823956,0.410561528
2021/10/20 22:00,0.428177869,0.362160743,0.471501404,0.302798304,0.413796019
2021/10/20 23:00,0.428057887,0.356581662,0.496622856,0.306274993,0.419785141
2021/10/21 0:00,0.427780829,0.338206853,0.523046097,0.312309048,0.427326332
2021/10/21 1:00,0.428093493,0.323728208,0.541138902,0.318310025,0.433107515
2021/10/21 2:00,0.427947909,0.316188395,0.545470425,0.316239384,0.43394036
2021/10/21 3:00,0.427963061,0.316500562,0.548059324,0.316565123,0.434120132
2021/10/21 4:00,0.427918714,0.316431089,0.544868815,0.316463464,0.433938862
2021/10/21 5:00,0.42829785,0.311555335,0.545235922,0.31828367,0.433152205
2021/10/21 6:00,0.427880749,0.319899756,0.542920837,0.309758263,0.432425846
2021/10/21 7:00,0.427940286,0.33979495,0.541030987,0.301904545,0.43300681
2021/10/21 8:00,0.429194077,0.361063063,0.512153406,0.296710451,0.427517728
2021/10/21 9:00,0.42963629,0.363865739,0.506519215,0.334052875,0.426417971
2021/10/21 10:00,0.429587075,0.366549026,0.492816559,0.331595027,0.422714325
2021/10/21 11:00,0.42956378,0.368784321,0.495531299,0.338096364,0.422703958
2021/10/21 12:00,0.429741795,0.365816542,0.521136803,0.35373707,0.430018074
2021/10/21 13:00,0.429970456,0.366785432,0.508131353,0.346352009,0.42574264
2021/10/21 14:00,0.435279179,0.364116265,0.504393922,0.346491363,0.426301563
2021/10/21 15:00,0.439339281,0.359045674,0.497528424,0.341184738,0.424122858
2021/10/21 16:00,0.439293606,0.359714716,0.461723118,0.308073523,0.414081908
2021/10/21 17:00,0.439150729,0.360484374,0.457297647,0.288874706,0.41213531
2021/10/21 18:00,0.438186972,0.36095287,0.454735107,0.285579302,0.410948549
2021/10/21 19:00,0.433126589,0.35953521,0.43578658,0.276385303,0.403013277
2021/10/21 20:00,0.429736277,0.354120237,0.454148949,0.283114289,0.406083253
2021/10/21 21:00,0.425032609,0.350025202,0.464467423,0.283939448,0.407686944
2021/10/21 22:00,0.424662657,0.35319499,0.477194674,0.287934111,0.411383284
2021/10/21 23:00,0.424619862,0.351171361,0.485922096,0.316322545,0.414086847
2021/10/22 0:00,0.42434,0.341001722,0.517411752,0.31806403,0.421605397
2021/10/22 1:00,0.424137564,0.327642776,0.542772966,0.330965598,0.429356062
2021/10/22 2:00,0.423928684,0.317363685,0.546004054,0.334695627,0.430904259
2021/10/22 3:00,0.424382845,0.314140075,0.550435911,0.333200912,0.43210661
2021/10/22 4:00,0.424521893,0.312980643,0.552198908,0.331334083,0.432536201
2021/10/22 5:00,0.424304506,0.314464494,0.551511009,0.336808198,0.431823549
2021/10/22 6:00,0.424438766,0.327433155,0.544500162,0.345511751,0.432396354
2021/10/22 7:00,0.424257957,0.345170449,0.538709767,0.351184813,0.432582308
2021/10/22 8:00,0.424246292,0.364805512,0.535718479,0.357690533,0.434176303
2021/10/22 9:00,0.425034193,0.368952618,0.537398343,0.357702371,0.434982363
2021/10/22 10:00,0.425849468,0.374819075,0.535848204,0.347689301,0.43555072
2021/10/22 11:00,0.42666302,0.376394345,0.535268011,0.350521927,0.436006659
2021/10/22 12:00,0.426060698,0.366907663,0.536260315,0.347710832,0.436169113
2021/10/22 13:00,0.425938999,0.366721195,0.542159283,0.34967702,0.436393688
2021/10/22 14:00,0.425932642,0.367483506,0.544694275,0.348183176,0.435865977
2021/10/22 15:00,0.42605241,0.362906666,0.539143351,0.335070907,0.432146651
2021/10/22 16:00,0.426388508,0.362913068,0.479213997,0.301575637,0.417311113
2021/10/22 17:00,0.426384536,0.368752403,0.434254956,0.280504878,0.405795401
2021/10/22 18:00,0.425789268,0.369532733,0.428437428,0.267920086,0.403904409
2021/10/22 19:00,0.42481556,0.367664129,0.429572885,0.270937776,0.40337876
2021/10/22 20:00,0.424219151,0.366979369,0.436234987,0.278141943,0.404524133
2021/10/22 21:00,0.424732482,0.364478775,0.450669334,0.259371719,0.406563866
2021/10/22 22:00,0.424795,0.361368263,0.463697172,0.262983421,0.409283676
2021/10/22 23:00,0.424491905,0.359166536,0.462482326,0.253897976,0.408659217
2021/10/23 0:00,0.424162736,0.355300798,0.469160217,0.239747631,0.410549525
2021/10/23 1:00,0.42419027,0.34069964,0.521841083,0.277576587,0.425190435
2021/10/23 2:00,0.424284381,0.332537319,0.533440038,0.289110466,0.42809502
2021/10/23 3:00,0.424697025,0.330576442,0.530091413,0.289951793,0.428181083
2021/10/23 4:00,0.424621597,0.32477542,0.528357208,0.288697006,0.427624988
2021/10/23 5:00,0.424590787,0.323865889,0.526565146,0.298015801,0.426470953
2021/10/23 6:00,0.424368164,0.328999514,0.524158936,0.304955825,0.426444731
2021/10/23 7:00,0.424612385,0.333380594,0.5247595,0.317152028,0.42853346
2021/10/23 8:00,0.42419529,0.344319019,0.5276342,0.330089014,0.428785825
2021/10/23 9:00,0.427042487,0.357762523,0.524465228,0.340776983,0.430467291
2021/10/23 10:00,0.434857036,0.370890853,0.521292667,0.345066565,0.434030225
2021/10/23 11:00,0.432660421,0.382705066,0.516134087,0.346307819,0.433681986
2021/10/23 12:00,0.427579984,0.378919543,0.516924548,0.345191171,0.431606735
2021/10/23 13:00,0.425937103,0.381496436,0.517595523,0.349052884,0.430364838
2021/10/23 14:00,0.430356286,0.377626149,0.513917358,0.346878717,0.429327076
2021/10/23 15:00,0.429716923,0.373742183,0.512973765,0.345312725,0.427702644
2021/10/23 16:00,0.42959444,0.368538575,0.486246031,0.337336511,0.419218532
2021/10/23 17:00,0.431512223,0.367480499,0.454454527,0.321424272,0.410453112
2021/10/23 18:00,0.431329332,0.367792127,0.44190901,0.289106077,0.40571899
2021/10/23 19:00,0.429409534,0.3647545,0.421553998,0.256551896,0.396937182
2021/10/23 20:00,0.424610316,0.360449152,0.411118485,0.250287803,0.390599942
2021/10/23 21:00,0.424083295,0.357591642,0.415096635,0.26164192,0.392342812
2021/10/23 22:00,0.42396161,0.361005147,0.441348191,0.276942461,0.402306979
2021/10/23 23:00,0.424327314,0.361167418,0.471667523,0.280271393,0.412182617
2021/10/24 0:00,0.424252834,0.355135206,0.521040448,0.292461138,0.424485336
2021/10/24 1:00,0.424586308,0.349540685,0.535452622,0.295626511,0.429606638
2021/10/24 2:00,0.424503932,0.353197869,0.536485364,0.290029713,0.4329861
2021/10/24 3:00,0.423649123,0.34791934,0.546746018,0.29042107,0.434445381
2021/10/24 4:00,0.42380525,0.34689834,0.545463087,0.293246888,0.435110246
2021/10/24 5:00,0.42345348,0.358555531,0.543388935,0.304412391,0.437789091
2021/10/24 6:00,0.423287144,0.379724721,0.54062298,0.302392079,0.441383024
2021/10/24 7:00,0.423843319,0.389279647,0.531482922,0.3033031,0.440293701
2021/10/24 8:00,0.428725702,0.394805021,0.501318667,0.303572804,0.434599276
2021/10/24 9:00,0.429862498,0.398063281,0.499039493,0.307160913,0.434027593
2021/10/24 10:00,0.425781095,0.400300637,0.495197478,0.317897146,0.433613332
2021/10/24 11:00,0.424563085,0.401704327,0.501593849,0.338760127,0.435556048
2021/10/24 12:00,0.424686339,0.406211213,0.521075756,0.344340268,0.441140336
2021/10/24 13:00,0.424316356,0.400548405,0.504777046,0.328850457,0.433718069
2021/10/24 14:00,0.424413938,0.396550955,0.490301505,0.317200773,0.428117872
2021/10/24 15:00,0.424574747,0.395661917,0.485689772,0.307314358,0.42631205
2021/10/24 16:00,0.424082067,0.394549512,0.451435734,0.298558269,0.417006496
2021/10/24 17:00,0.423860634,0.394437065,0.450420997,0.303037212,0.416106693
2021/10/24 18:00,0.421708906,0.394154479,0.44633984,0.292473612,0.41378639
2021/10/24 19:00,0.422967869,0.393642052,0.445067579,0.279238425,0.413174416
2021/10/24 20:00,0.424099548,0.393532214,0.437786241,0.274335923,0.410974407
2021/10/24 21:00,0.424109987,0.394483015,0.439578949,0.266393114,0.411954538
2021/10/24 22:00,0.424006849,0.392677251,0.461299535,0.256434991,0.417156808
2021/10/24 23:00,0.424509541,0.389134732,0.492708592,0.294576322,0.425586437
2021/10/25 0:00,0.424276894,0.385198434,0.529595152,0.301716363,0.434979153
2021/10/25 1:00,0.424463378,0.380692887,0.527767683,0.296467323,0.435418134
2021/10/25 2:00,0.424513692,0.377717036,0.518763617,0.290857914,0.43312287
2021/10/25 3:00,0.424433205,0.378823725,0.515787222,0.28984273,0.433265555
2021/10/25 4:00,0.424497473,0.376688737,0.51514274,0.314601293,0.433353669
2021/10/25 5:00,0.424096798,0.376193972,0.513056847,0.321851317,0.43262014
2021/10/25 6:00,0.424207432,0.38285438,0.510882292,0.324111784,0.430908205
2021/10/25 7:00,0.424585344,0.386358506,0.501118834,0.322821589,0.42890814
2021/10/25 8:00,0.421997964,0.391569965,0.461810984,0.313060739,0.418755955
2021/10/25 9:00,0.424704924,0.390780408,0.466384307,0.317072293,0.419422843
2021/10/25 10:00,0.424975674,0.392628211,0.463199679,0.318615878,0.419045984
2021/10/25 11:00,0.424866446,0.394039915,0.46292767,0.319433259,0.419104751
2021/10/25 12:00,0.424629911,0.396703215,0.485831946,0.327996708,0.426070972
2021/10/25 13:00,0.42588843,0.396276106,0.467334201,0.30727646,0.420635304
2021/10/25 14:00,0.428475712,0.39261144,0.454426191,0.304219992,0.417019837
2021/10/25 15:00,0.429702823,0.390725792,0.439442271,0.295548474,0.412614571
2021/10/25 16:00,0.431612655,0.390034399,0.403261899,0.270902406,0.403074453
2021/10/25 17:00,0.431724604,0.393205259,0.391387082,0.25482917,0.400904495
2021/10/25 18:00,0.431572752,0.383376627,0.378435758,0.24612012,0.393232673
2021/10/25 19:00,0.431217652,0.368255343,0.40373758,0.264374937,0.394702066
2021/10/25 20:00,0.430921001,0.367672488,0.418644572,0.26973003,0.398702417
2021/10/25 21:00,0.431189804,0.367681269,0.426916172,0.277672509,0.401689272
2021/10/25 22:00,0.431410595,0.369845403,0.431608164,0.269522674,0.403474918
2021/10/25 23:00,0.430912085,0.367011262,0.449279163,0.263460915,0.406683584
2021/10/26 0:00,0.426800266,0.362601869,0.472479974,0.274243806,0.412258238
2021/10/26 1:00,0.424675538,0.354080455,0.49365014,0.308510338,0.418160958
2021/10/26 2:00,0.424528808,0.349605672,0.498913294,0.31119167,0.418934746
2021/10/26 3:00,0.424862727,0.346572909,0.500347976,0.310131062,0.419189197
2021/10/26 4:00,0.428446421,0.346248498,0.500307111,0.30999002,0.420457343
2021/10/26 5:00,0.431180982,0.350072793,0.497719925,0.316599709,0.421437643
2021/10/26 6:00,0.431718358,0.358222424,0.494583258,0.318907874,0.421625059
2021/10/26 7:00,0.431599036,0.362490506,0.494683962,0.326752978,0.422122149
2021/10/26 8:00,0.431682683,0.372188073,0.465465548,0.322000161,0.415163023
2021/10/26 9:00,0.431212846,0.361407189,0.463270602,0.322030192,0.409284361
2021/10/26 10:00,0.430883503,0.360514401,0.462320545,0.320001645,0.408254407
2021/10/26 11:00,0.430831295,0.361203855,0.466908325,0.324007196,0.409433194
2021/10/26 12:00,0.431365285,0.359178305,0.486305182,0.334027164,0.414707498
2021/10/26 13:00,0.431250374,0.363707905,0.464726618,0.313923894,0.409645363
2021/10/26 14:00,0.431832553,0.364087015,0.43837603,0.296482787,0.403366956
2021/10/26 15:00,0.434478295,0.362212884,0.420472605,0.274887478,0.399243586
2021/10/26 16:00,0.437850517,0.362036553,0.420575584,0.26795726,0.400917885
2021/10/26 17:00,0.438835031,0.362937913,0.433160465,0.280099472,0.405761899
2021/10/26 18:00,0.438089607,0.369844467,0.446676155,0.28211222,0.412317711
2021/10/26 19:00,0.431609021,0.366928585,0.447093368,0.280940026,0.409253615
2021/10/26 20:00,0.431428695,0.366794362,0.431942885,0.289617559,0.404835102
2021/10/26 21:00,0.431649437,0.367158088,0.437846574,0.290370802,0.406857044
2021/10/26 22:00,0.431538688,0.371319976,0.447180573,0.287062464,0.409866735
2021/10/26 23:00,0.430901882,0.368524552,0.470539631,0.283663001,0.414590849
2021/10/27 0:00,0.423082815,0.361448142,0.474148136,0.281570114,0.41174082
2021/10/27 1:00,0.420174783,0.35578931,0.49333372,0.294855582,0.416390714
2021/10/27 2:00,0.42496745,0.352212553,0.494348684,0.309558297,0.419208271
2021/10/27 3:00,0.430226218,0.350142235,0.496783092,0.320420089,0.421318766
2021/10/27 4:00,0.430831992,0.348795094,0.495689042,0.320958543,0.421114978
2021/10/27 5:00,0.430856973,0.349633524,0.496902977,0.323201988,0.4211032
2021/10/27 6:00,0.431329285,0.357365322,0.495859226,0.324701124,0.4213174
2021/10/27 7:00,0.431678844,0.359757588,0.50033583,0.330169653,0.423478161
2021/10/27 8:00,0.431557569,0.368792162,0.484375048,0.319382843,0.42002615
2021/10/27 9:00,0.431876154,0.369841067,0.463347072,0.311282459,0.413263702
2021/10/27 10:00,0.431865054,0.370633411,0.460881218,0.316949001,0.413030134
2021/10/27 11:00,0.431925993,0.375016382,0.467160741,0.323824796,0.415574998
2021/10/27 12:00,0.43178451,0.376259462,0.485523959,0.335079049,0.420175992
2021/10/27 13:00,0.431523246,0.372687787,0.466127538,0.324224447,0.414732613
2021/10/27 14:00,0.431824137,0.372405652,0.42244098,0.29990029,0.402068133
2021/10/27 15:00,0.432925604,0.372189016,0.382677961,0.261617607,0.389879165
2021/10/27 16:00,0.442231708,0.376582522,0.377301158,0.257418106,0.39326793
2021/10/27 17:00,0.445618799,0.380732228,0.425379296,0.288313331,0.411870511
2021/10/27 18:00,0.443163483,0.37433668,0.423467344,0.288895254,0.408251593
2021/10/27 19:00,0.433267327,0.369861575,0.415746585,0.285007289,0.40077252
2021/10/27 20:00,0.431815414,0.367796821,0.432736503,0.290147111,0.404928645
2021/10/27 21:00,0.431790824,0.371211232,0.431619342,0.284867004,0.405746627
2021/10/27 22:00,0.432015057,0.372798439,0.466478823,0.290131775,0.416429929
2021/10/27 23:00,0.431724104,0.371772901,0.465715214,0.27740837,0.415088488
2021/10/28 0:00,0.431128467,0.367019609,0.476952909,0.268638808,0.416525775
2021/10/28 1:00,0.43187269,0.357490828,0.498799999,0.287287704,0.422703402
2021/10/28 2:00,0.432029562,0.355324753,0.495619034,0.305415778,0.423475218
2021/10/28 3:00,0.432011645,0.349040141,0.503043252,0.313090674,0.426120749
2021/10/28 4:00,0.431853672,0.347846468,0.503099185,0.313276343,0.426301681
2021/10/28 5:00,0.432088438,0.350994416,0.502581142,0.315857716,0.426400006
2021/10/28 6:00,0.431894133,0.359812868,0.503591951,0.317140167,0.426147986
2021/10/28 7:00,0.431601967,0.367351163,0.50238283,0.324965631,0.426367523
2021/10/28 8:00,0.431535042,0.378852415,0.467190887,0.315938989,0.416883079
2021/10/28 9:00,0.432049315,0.371413096,0.472120171,0.328495825,0.415423235
2021/10/28 10:00,0.432749733,0.365055618,0.47561579,0.334013418,0.413957116
2021/10/28 11:00,0.431999293,0.369599802,0.473439233,0.334466875,0.414268649
2021/10/28 12:00,0.43235196,0.368808544,0.483062299,0.334516532,0.417713291
2021/10/28 13:00,0.433090438,0.369529154,0.497139356,0.343153358,0.423697578
2021/10/28 14:00,0.442988516,0.368775028,0.482125323,0.336403768,0.423757185
2021/10/28 15:00,0.442976678,0.366743959,0.471055707,0.333320246,0.420791666
2021/10/28 16:00,0.44887565,0.36636119,0.459449711,0.317963174,0.419473884
2021/10/28 17:00,0.44926614,0.365584652,0.456482002,0.310557865,0.418359689
2021/10/28 18:00,0.448050058,0.359420393,0.448697996,0.292317313,0.41360123
2021/10/28 19:00,0.436956609,0.34084465,0.414098429,0.281390905,0.392477549
2021/10/28 20:00,0.431998479,0.347531339,0.399084537,0.272250595,0.387227252
2021/10/28 21:00,0.431658567,0.35201648,0.416130952,0.274812421,0.39434703
2021/10/28 22:00,0.430197319,0.353387698,0.422901236,0.270974006,0.395468774
2021/10/28 23:00,0.43008811,0.350983542,0.424562174,0.262459288,0.394924231
2021/10/29 0:00,0.429223082,0.346230744,0.450773502,0.260457962,0.401345763
2021/10/29 1:00,0.429118603,0.335634149,0.483321235,0.269966091,0.40903653
2021/10/29 2:00,0.429150107,0.329663023,0.497147392,0.299530695,0.412649943
2021/10/29 3:00,0.428852008,0.332343208,0.497302309,0.31495458,0.414046115
2021/10/29 4:00,0.42899242,0.331843552,0.496975969,0.316034293,0.414511471
2021/10/29 5:00,0.426681417,0.335432526,0.49519049,0.316744118,0.413332112
2021/10/29 6:00,0.407714948,0.343330626,0.489572404,0.314888682,0.406779971
2021/10/29 7:00,0.396288635,0.350987521,0.485207396,0.310743189,0.403770299
2021/10/29 8:00,0.395233169,0.363686001,0.476827073,0.313717784,0.403501811
2021/10/29 9:00,0.395840542,0.364250003,0.477330047,0.315275335,0.404345111
2021/10/29 10:00,0.395702979,0.370969813,0.473773825,0.322592882,0.404605133
2021/10/29 11:00,0.396389019,0.373469431,0.471010058,0.325329876,0.404773152
2021/10/29 12:00,0.396560058,0.371434531,0.46683183,0.322223686,0.404043291
2021/10/29 13:00,0.398880817,0.369941728,0.469666458,0.323237834,0.404736962
2021/10/29 14:00,0.403784048,0.360913548,0.478992741,0.326784971,0.406054903
2021/10/29 15:00,0.409051084,0.354635513,0.46535822,0.3195383,0.402142393
2021/10/29 16:00,0.414785061,0.354097242,0.419880297,0.302825957,0.390146808
2021/10/29 17:00,0.419839362,0.354171097,0.396640007,0.280628535,0.384449108
2021/10/29 18:00,0.431949655,0.354874744,0.389585274,0.277230188,0.38618355
2021/10/29 19:00,0.438831015,0.355446058,0.387772787,0.275274314,0.387420544
2021/10/29 20:00,0.444972464,0.355605727,0.383839243,0.278958288,0.389732649
2021/10/29 21:00,0.449081393,0.354946451,0.384044484,0.278586883,0.391421571
2021/10/29 22:00,0.449698953,0.353412301,0.413036903,0.291704081,0.401111465
2021/10/29 23:00,0.45115367,0.351167607,0.419881675,0.292538163,0.402410827
2021/10/30 0:00,0.450673079,0.343467574,0.431260357,0.287642515,0.403837402
2021/10/30 1:00,0.448517962,0.330477823,0.467799505,0.302760833,0.413020105
2021/10/30 2:00,0.447347356,0.316762187,0.49382376,0.31092621,0.418829455
2021/10/30 3:00,0.445685675,0.312229401,0.495783946,0.321481333,0.418841706
2021/10/30 4:00,0.444759727,0.313110743,0.495012064,0.323313466,0.418312233
2021/10/30 5:00,0.444602729,0.319113869,0.49468602,0.325152457,0.418733385
2021/10/30 6:00,0.444569539,0.324721731,0.495488504,0.327219391,0.418982283
2021/10/30 7:00,0.446013059,0.325981662,0.497245639,0.335892265,0.419897432
2021/10/30 8:00,0.444920874,0.326184604,0.496235915,0.343712159,0.418018112
2021/10/30 9:00,0.445245751,0.337754216,0.496808791,0.336982632,0.418063184
2021/10/30 10:00,0.444306321,0.349521732,0.494853125,0.338997565,0.418135341
2021/10/30 11:00,0.443797944,0.352284041,0.49353583,0.342656389,0.418051579
2021/10/30 12:00,0.445011764,0.347625861,0.492363553,0.33875513,0.418597693
2021/10/30 13:00,0.444757103,0.349936538,0.493961366,0.342205505,0.418348884
2021/10/30 14:00,0.444259982,0.343689985,0.481970093,0.326178166,0.413996454
2021/10/30 15:00,0.443893805,0.338739459,0.463199813,0.305955951,0.408586967
2021/10/30 16:00,0.445252509,0.349704965,0.411405441,0.264444457,0.396650071
2021/10/30 17:00,0.449265224,0.358281521,0.372473628,0.247460586,0.387984973
2021/10/30 18:00,0.450493413,0.358741812,0.371443871,0.247167856,0.388137574
2021/10/30 19:00,0.450624113,0.358948806,0.373963282,0.249051552,0.388643171
2021/10/30 20:00,0.450899002,0.358900934,0.373892821,0.248955717,0.388405277
2021/10/30 21:00,0.450441686,0.35349508,0.415447599,0.268355232,0.401228941
2021/10/30 22:00,0.448386441,0.343733972,0.448829143,0.297900215,0.408588048
2021/10/30 23:00,0.445707169,0.340422048,0.479637209,0.308077767,0.414944627
2021/10/31 0:00,0.445648495,0.337487429,0.496520001,0.307174368,0.418737944
2021/10/31 1:00,0.445049561,0.328493081,0.495782589,0.30107303,0.41808415
2021/10/31 2:00,0.444495458,0.318297903,0.49836193,0.299193757,0.417744051
2021/10/31 3:00,0.444557553,0.314796843,0.499469755,0.298385888,0.418086191
2021/10/31 4:00,0.445770111,0.322100287,0.49966335,0.299384518,0.419212669
2021/10/31 5:00,0.44925958,0.321452941,0.504526304,0.305473089,0.422300184
2021/10/31 6:00,0.451187644,0.322661006,0.515830574,0.309807998,0.426239193
2021/10/31 7:00,0.466350115,0.323086415,0.542119703,0.352420996,0.441309119
2021/10/31 8:00,0.475510244,0.329007522,0.545136582,0.399011914,0.448552081
2021/10/31 9:00,0.475607351,0.340153147,0.550698062,0.403086595,0.45386
2021/10/31 10:00,0.477526393,0.360351972,0.553515674,0.402688228,0.459878278
2021/10/31 11:00,0.474237747,0.364645926,0.544276475,0.397819161,0.457396857
2021/10/31 12:00,0.474746164,0.363621202,0.582272917,0.408782006,0.467110075
2021/10/31 13:00,0.475147691,0.376040272,0.556887196,0.420916258,0.464405524
2021/10/31 14:00,0.47586965,0.388871791,0.543702445,0.429664487,0.464853774
2021/10/31 15:00,0.475450096,0.387552458,0.515862504,0.416329548,0.456468332
2021/10/31 16:00,0.475098526,0.378168456,0.502448323,0.385987731,0.449461322
2021/10/31 17:00,0.474274097,0.367236922,0.492265284,0.385052375,0.441453942
2021/10/31 18:00,0.469437341,0.362910323,0.476637749,0.377285854,0.433351316
2021/10/31 19:00,0.458357241,0.364759857,0.451573535,0.342050246,0.42105793
2021/10/31 20:00,0.457667458,0.367407795,0.433325906,0.316731104,0.41480144
2021/10/31 21:00,0.457616418,0.366388087,0.447389412,0.321100919,0.418770173
2021/10/31 22:00,0.458156334,0.354234589,0.458603513,0.316264442,0.418397295
2021/10/31 23:00,0.459125377,0.353649444,0.460923798,0.300026644,0.418117307
2021/11/1 0:00,0.457690531,0.342282582,0.494366827,0.304702271,0.425066579
2021/11/1 1:00,0.453336229,0.336331979,0.498900001,0.304208553,0.425243025
2021/11/1 2:00,0.453289624,0.330447501,0.497832999,0.319923455,0.425679464
2021/11/1 3:00,0.452202333,0.33025356,0.498990871,0.329195114,0.426210379
2021/11/1 4:00,0.452611581,0.329691981,0.504122026,0.344716525,0.428244467
2021/11/1 5:00,0.452152151,0.33249376,0.504194337,0.35799769,0.428836245
2021/11/1 6:00,0.452255423,0.344794588,0.501037623,0.367266501,0.429417031
2021/11/1 7:00,0.455789906,0.352597048,0.511146705,0.366807994,0.434336286
2021/11/1 8:00,0.457724266,0.357907741,0.502326143,0.373283253,0.432350282
2021/11/1 9:00,0.458985075,0.354282177,0.497807102,0.390325165,0.42981586
2021/11/1 10:00,0.456792954,0.353213956,0.501933594,0.415137652,0.42951569
2021/11/1 11:00,0.456707998,0.354963558,0.516735832,0.436227718,0.435519486
2021/11/1 12:00,0.456447062,0.346741052,0.541885336,0.454122342,0.443856399
2021/11/1 13:00,0.456526152,0.350651966,0.529815998,0.456510712,0.440840676
2021/11/1 14:00,0.457922125,0.357478551,0.496114818,0.435961053,0.432210334
2021/11/1 15:00,0.465297115,0.355387123,0.50532218,0.440916356,0.438948243
2021/11/1 16:00,0.468220799,0.359618285,0.505038265,0.440136879,0.442831183
2021/11/1 17:00,0.463857737,0.35781399,0.531771171,0.439307354,0.451061287
2021/11/1 18:00,0.461381323,0.354979558,0.536361605,0.421989824,0.451827499
2021/11/1 19:00,0.454232045,0.349588347,0.543262811,0.42274142,0.449949464
2021/11/1 20:00,0.454499436,0.34289555,0.555059896,0.427995371,0.451425549
2021/11/1 21:00,0.45421619,0.337468777,0.548218813,0.419611738,0.447822363
2021/11/1 22:00,0.45430108,0.340270803,0.54950044,0.420973978,0.448381627
2021/11/1 23:00,0.454882172,0.338292038,0.552502092,0.419543332,0.44892175
2021/11/2 0:00,0.454521964,0.31533482,0.582571731,0.462323696,0.457567346
2021/11/2 1:00,0.454539182,0.30903707,0.581849429,0.490637053,0.459221787
2021/11/2 2:00,0.454773964,0.290182084,0.584726591,0.493573747,0.458378404
2021/11/2 3:00,0.454546938,0.281491306,0.57405709,0.488049202,0.45216706
2021/11/2 4:00,0.454975323,0.283630327,0.572430492,0.487571164,0.452069034
2021/11/2 5:00,0.454172922,0.295594875,0.570392793,0.488755422,0.450952571
2021/11/2 6:00,0.454416959,0.316376673,0.568538979,0.488998667,0.451774833
2021/11/2 7:00,0.454483097,0.331617691,0.561085937,0.487219927,0.452407025
2021/11/2 8:00,0.454753152,0.346260203,0.535037099,0.473817447,0.446014997
2021/11/2 9:00,0.452473738,0.34175745,0.546652198,0.478547873,0.447887218
2021/11/2 10:00,0.448915169,0.344278024,0.543385258,0.465460724,0.446070668
2021/11/2 11:00,0.448830066,0.34570106,0.54689443,0.449084594,0.44705769
2021/11/2 12:00,0.448063379,0.337295245,0.559846361,0.453011933,0.450953289
2021/11/2 13:00,0.447939072,0.345358933,0.563399031,0.398177691,0.453079668
2021/11/2 14:00,0.447985516,0.343129646,0.576082733,0.399440546,0.458463199
2021/11/2 15:00,0.450065694,0.350233238,0.549935351,0.357140793,0.451811327
2021/11/2 16:00,0.461870483,0.352967382,0.520732284,0.34529,0.445421243
2021/11/2 17:00,0.468651122,0.370268621,0.541681344,0.365936186,0.458008072
2021/11/2 18:00,0.467623508,0.369378016,0.531244827,0.355352768,0.453992212
2021/11/2 19:00,0.466483611,0.35539637,0.535581549,0.354427752,0.453659638
2021/11/2 20:00,0.454857888,0.333588088,0.562074498,0.366686193,0.455910269
2021/11/2 21:00,0.44717069,0.321606759,0.565753654,0.361370117,0.454840849
2021/11/2 22:00,0.447238242,0.3234184,0.58297312,0.360152533,0.46032208
2021/11/2 23:00,0.447759263,0.310824944,0.600208184,0.357139611,0.465156947
2021/11/3 0:00,0.448333006,0.308343725,0.626432514,0.355815613,0.471347167
2021/11/3 1:00,0.448869018,0.313203358,0.618911457,0.344240522,0.471120877
2021/11/3 2:00,0.448613415,0.282961622,0.611854293,0.35248156,0.466566701
2021/11/3 3:00,0.448129393,0.267332832,0.612087398,0.354701141,0.466818992
2021/11/3 4:00,0.448248672,0.260079116,0.613242856,0.354423393,0.466912806
2021/11/3 5:00,0.447741484,0.267888371,0.61287903,0.355995589,0.466616932
2021/11/3 6:00,0.451286416,0.290084583,0.612937303,0.386560996,0.468575005
2021/11/3 7:00,0.455744112,0.316990521,0.604718768,0.391165627,0.469816558
2021/11/3 8:00,0.456124453,0.333839646,0.57722051,0.389149335,0.462183862
2021/11/3 9:00,0.456203033,0.334504961,0.570245957,0.388207474,0.456843959
2021/11/3 10:00,0.455985495,0.340433899,0.559698878,0.366012527,0.453377307
2021/11/3 11:00,0.455163766,0.34142839,0.55884795,0.351184407,0.45328943
2021/11/3 12:00,0.458237576,0.341413172,0.593465793,0.375267568,0.46594115
2021/11/3 13:00,0.464483743,0.349461672,0.591938321,0.409989131,0.468922916
2021/11/3 14:00,0.467376741,0.340776078,0.579977106,0.402669279,0.465189788
2021/11/3 15:00,0.474353427,0.35006296,0.542741952,0.3833605,0.456699199
2021/11/3 16:00,0.474169605,0.384286399,0.530327197,0.377478717,0.460684539
2021/11/3 17:00,0.474748175,0.400979864,0.531619033,0.380621082,0.466796569
2021/11/3 18:00,0.474840249,0.397685099,0.537423405,0.377071689,0.468310934
2021/11/3 19:00,0.475123974,0.375780528,0.540891647,0.374215994,0.465454881
2021/11/3 20:00,0.475495164,0.345417282,0.551196284,0.357012485,0.462574346
2021/11/3 21:00,0.475222786,0.331451455,0.566629687,0.374002085,0.466249026
2021/11/3 22:00,0.471066538,0.317302143,0.579816866,0.372959285,0.469210322
2021/11/3 23:00,0.464906157,0.312400178,0.583420826,0.362896094,0.468169909
2021/11/4 0:00,0.464477544,0.306426873,0.628659352,0.36828961,0.480445262
2021/11/4 1:00,0.463595869,0.294364291,0.633206259,0.370574553,0.482269921
2021/11/4 2:00,0.463756816,0.279655437,0.630475034,0.368343866,0.482611672
2021/11/4 3:00,0.463464212,0.271248454,0.629520991,0.37442615,0.482899567
2021/11/4 4:00,0.46377895,0.266677057,0.631022531,0.385978731,0.483784232
2021/11/4 5:00,0.463847688,0.280801565,0.629906768,0.392250167,0.483537484
2021/11/4 6:00,0.47085635,0.306577711,0.626312041,0.397128826,0.4842697
2021/11/4 7:00,0.474141129,0.32445426,0.624721717,0.401511853,0.487915667
2021/11/4 8:00,0.466218627,0.360075251,0.593768528,0.393769375,0.480018765
2021/11/4 9:00,0.467865815,0.375002184,0.586556747,0.391696149,0.481239137
2021/11/4 10:00,0.468233852,0.381306204,0.595484518,0.398747844,0.486650162
2021/11/4 11:00,0.462463905,0.386854858,0.599061477,0.396100319,0.485412621
2021/11/4 12:00,0.462866312,0.372696547,0.60927937,0.405403624,0.488957697
2021/11/4 13:00,0.46323762,0.383148843,0.592610748,0.399772562,0.481959547
2021/11/4 14:00,0.462941066,0.386172621,0.573585011,0.383362025,0.473509865
2021/11/4 15:00,0.465433408,0.387999303,0.56261787,0.370128796,0.470411289
2021/11/4 16:00,0.463790331,0.393686231,0.529772449,0.346692505,0.459693989
2021/11/4 17:00,0.46411296,0.391255852,0.528627877,0.352266459,0.458425938
2021/11/4 18:00,0.4632426,0.387193619,0.522829925,0.341216031,0.455183312
2021/11/4 19:00,0.452335283,0.387645868,0.522928218,0.339372417,0.452708814
2021/11/4 20:00,0.449370311,0.382493091,0.531923998,0.343909098,0.454751949
2021/11/4 21:00,0.449021069,0.373026189,0.567147835,0.353937143,0.465210712
2021/11/4 22:00,0.44896504,0.369334925,0.58315188,0.351136,0.47183989
2021/11/4 23:00,0.447266902,0.35876037,0.583817987,0.350793872,0.470846814
2021/11/5 0:00,0.447763966,0.3645291,0.566020029,0.331546521,0.464254389
2021/11/5 1:00,0.447559229,0.351561617,0.59631,0.340630522,0.473399381
2021/11/5 2:00,0.448027835,0.338690522,0.599326603,0.387588222,0.475196653
2021/11/5 3:00,0.447721886,0.323113977,0.598472659,0.38684346,0.472855897
2021/11/5 4:00,0.4478737,0.317545967,0.599534959,0.385837103,0.472068493
2021/11/5 5:00,0.450063348,0.324279704,0.598913153,0.390844597,0.471397623
2021/11/5 6:00,0.461887494,0.338989679,0.597372298,0.395376475,0.473613473
2021/11/5 7:00,0.464890626,0.364041956,0.572782471,0.388992049,0.466550599
2021/11/5 8:00,0.464934401,0.38061226,0.557023865,0.389259605,0.461413414
2021/11/5 9:00,0.465186217,0.393542018,0.568953647,0.397626615,0.467491371
2021/11/5 10:00,0.464584514,0.401978619,0.569997837,0.404937787,0.469382878
2021/11/5 11:00,0.46317353,0.409942333,0.583470414,0.419080656,0.477478077
2021/11/5 12:00,0.464966717,0.382605319,0.590109675,0.422580829,0.479194441
2021/11/5 13:00,0.46503727,0.388564563,0.593326341,0.416970299,0.477333534
2021/11/5 14:00,0.464979934,0.393348698,0.584818851,0.395125592,0.475161936
2021/11/5 15:00,0.463856579,0.394120138,0.576888087,0.387385211,0.470025128
2021/11/5 16:00,0.453862452,0.387214343,0.563878208,0.370001945,0.46109708
2021/11/5 17:00,0.447342555,0.375964074,0.507291198,0.337342167,0.439425572
2021/11/5 18:00,0.446695138,0.362494853,0.469166525,0.312631029,0.422289495
2021/11/5 19:00,0.441535502,0.358034174,0.467973719,0.307591104,0.419974047
2021/11/5 20:00,0.441392735,0.355216344,0.467708675,0.304964601,0.419996624
2021/11/5 21:00,0.441630229,0.350169213,0.468035114,0.309856223,0.420584271
2021/11/5 22:00,0.442105714,0.335908604,0.507289419,0.328077925,0.432245091
2021/11/5 23:00,0.442060971,0.335537012,0.514913289,0.322915577,0.433478312
2021/11/6 0:00,0.441466166,0.31643905,0.511066713,0.311138748,0.429058929
2021/11/6 1:00,0.441780626,0.283951158,0.56347272,0.336354227,0.44207235
2021/11/6 2:00,0.442340893,0.265320387,0.581803072,0.341022787,0.446917125
2021/11/6 3:00,0.442723925,0.2581595,0.579039747,0.338627392,0.446433236
2021/11/6 4:00,0.442461161,0.259283331,0.569379346,0.34502899,0.442920904
2021/11/6 5:00,0.442206736,0.259019604,0.56950172,0.350832634,0.44308106
2021/11/6 6:00,0.44189633,0.262552394,0.56805549,0.351219326,0.442747282
2021/11/6 7:00,0.442158536,0.281873767,0.560699568,0.363472379,0.44367251
2021/11/6 8:00,0.443490222,0.312525771,0.552295836,0.365830209,0.442349649
2021/11/6 9:00,0.446576747,0.316972172,0.542159151,0.370211533,0.43799289
2021/11/6 10:00,0.455806644,0.330747986,0.538934206,0.373614402,0.438643055
2021/11/6 11:00,0.452895388,0.337159516,0.539762789,0.371075625,0.437840483
2021/11/6 12:00,0.445263185,0.329606726,0.54065017,0.377498451,0.439067883
2021/11/6 13:00,0.443406354,0.330061826,0.54128428,0.376075194,0.438103997
2021/11/6 14:00,0.442725573,0.332989433,0.534929477,0.374506814,0.435487404
2021/11/6 15:00,0.442770134,0.332828193,0.50186418,0.358589522,0.42600514
2021/11/6 16:00,0.442964338,0.332254168,0.48480014,0.330946559,0.422392038
2021/11/6 17:00,0.455988826,0.337508654,0.485551443,0.341118188,0.428119271
2021/11/6 18:00,0.45884384,0.341160875,0.49011239,0.346403614,0.4316399
2021/11/6 19:00,0.458308615,0.334895968,0.495436336,0.348739834,0.433954758
2021/11/6 20:00,0.460485267,0.335277189,0.493880569,0.347304866,0.433016525
2021/11/6 21:00,0.45904293,0.331861403,0.504779896,0.340906622,0.435665601
2021/11/6 22:00,0.458591669,0.327441174,0.558092545,0.356782429,0.451838942
2021/11/6 23:00,0.458935716,0.318754682,0.580119632,0.360806924,0.457806222
2021/11/7 0:00,0.454391254,0.305524388,0.622792727,0.368887106,0.46802823
2021/11/7 1:00,0.454681292,0.276524946,0.638336042,0.377982668,0.471957297
2021/11/7 2:00,0.454711647,0.271389604,0.632134569,0.373474699,0.472135267
2021/11/7 3:00,0.454907305,0.270266135,0.629016943,0.40220835,0.472809593
2021/11/7 4:00,0.454413903,0.275749577,0.618730531,0.404058432,0.466101528
2021/11/7 5:00,0.453709613,0.276011737,0.625988819,0.412010522,0.469631156
2021/11/7 6:00,0.454622109,0.293114354,0.634035311,0.418158341,0.477339849
2021/11/7 7:00,0.456385291,0.322413384,0.635040729,0.41856916,0.484306002
2021/11/7 8:00,0.449429747,0.327172664,0.60374025,0.406290114,0.469372961
2021/11/7 9:00,0.450638887,0.340542726,0.574315718,0.394024978,0.460053276
2021/11/7 10:00,0.453220234,0.3522376,0.567088629,0.391096343,0.458059125
2021/11/7 11:00,0.44828777,0.356825896,0.569707524,0.37599921,0.457467727
2021/11/7 12:00,0.447690565,0.362377727,0.59675661,0.375022213,0.46596715
2021/11/7 13:00,0.446343155,0.393913807,0.569123254,0.358602879,0.465026982
2021/11/7 14:00,0.445967871,0.395700826,0.561194012,0.35446029,0.46503559
2021/11/7 15:00,0.454998432,0.392908609,0.571449731,0.362432139,0.470316607
2021/11/7 16:00,0.467233524,0.392941383,0.553280384,0.362378786,0.467980198
2021/11/7 17:00,0.470962686,0.398594512,0.542054033,0.358791753,0.466477562
2021/11/7 18:00,0.472027963,0.39982965,0.534601295,0.345872987,0.463803628
2021/11/7 19:00,0.466564247,0.400494604,0.536823458,0.345843711,0.461828971
2021/11/7 20:00,0.448122453,0.399702046,0.534671497,0.341054534,0.455800088
2021/11/7 21:00,0.432588115,0.399822012,0.535045318,0.331895318,0.451830178
2021/11/7 22:00,0.432679736,0.393146244,0.568641092,0.345991339,0.460637893
2021/11/7 23:00,0.433288891,0.385273433,0.588704345,0.343313113,0.465636777
2021/11/8 0:00,0.432518968,0.378725795,0.620404466,0.347265997,0.475911372
2021/11/8 1:00,0.425947208,0.369294037,0.616727556,0.340750138,0.475494915
2021/11/8 2:00,0.426027471,0.360489512,0.612715999,0.335952289,0.475719983
2021/11/8 3:00,0.423287372,0.355107849,0.611205741,0.351070714,0.474986941
2021/11/8 4:00,0.420766848,0.354265431,0.605598271,0.35307729,0.471136144
2021/11/8 5:00,0.420635442,0.360488295,0.603370957,0.355463813,0.470302804
2021/11/8 6:00,0.420669236,0.368075106,0.604721688,0.362410249,0.471790981
2021/11/8 7:00,0.423224713,0.38213525,0.600059461,0.372217527,0.474462546
2021/11/8 8:00,0.418441438,0.392000125,0.588710988,0.373092213,0.470276022
2021/11/8 9:00,0.410354124,0.395843207,0.592643534,0.386713737,0.470274798
2021/11/8 10:00,0.409170501,0.401361053,0.591604639,0.395932405,0.468720616
2021/11/8 11:00,0.411537897,0.403432501,0.569316415,0.382842546,0.460737855
2021/11/8 12:00,0.422450201,0.398100954,0.586753054,0.392933972,0.467232141
2021/11/8 13:00,0.421353305,0.402970869,0.568165722,0.366679042,0.461670827
2021/11/8 14:00,0.423519114,0.408372753,0.578448109,0.37014248,0.465969246
2021/11/8 15:00,0.428730145,0.408612954,0.576190048,0.369220679,0.466303775
2021/11/8 16:00,0.429515736,0.404546928,0.567346801,0.362514532,0.466111221
2021/11/8 17:00,0.429323652,0.405998317,0.568103789,0.365492786,0.467719219
2021/11/8 18:00,0.429402376,0.404876276,0.559317869,0.350559015,0.464840747
2021/11/8 19:00,0.429237146,0.391956538,0.546422969,0.342403557,0.458105855
2021/11/8 20:00,0.426621906,0.389007883,0.510445654,0.322186887,0.442494549
2021/11/8 21:00,0.428016948,0.391928365,0.492170727,0.305268372,0.435449161
2021/11/8 22:00,0.425958428,0.392318902,0.502695836,0.30980537,0.436821814
2021/11/8 23:00,0.421471453,0.382755504,0.529822493,0.30745922,0.440606717
2021/11/9 0:00,0.421434753,0.380568938,0.545334991,0.302363226,0.446437899
2021/11/9 1:00,0.421051904,0.375360532,0.574818588,0.319590536,0.455132268
2021/11/9 2:00,0.421261927,0.36771526,0.584077693,0.325413421,0.457228804
2021/11/9 3:00,0.420874407,0.362876727,0.580218473,0.340086318,0.456675509
2021/11/9 4:00,0.42074651,0.362127932,0.582482439,0.341382662,0.457272138
2021/11/9 5:00,0.420525585,0.36342287,0.582533375,0.345776772,0.456862762
2021/11/9 6:00,0.421047863,0.373825734,0.582730315,0.3539405,0.456589988
2021/11/9 7:00,0.420814484,0.387611337,0.582637555,0.364334744,0.460198083
2021/11/9 8:00,0.421001449,0.388154678,0.57575848,0.361589421,0.4619614
2021/11/9 9:00,0.421542597,0.397500275,0.544304126,0.345561256,0.451856299
2021/11/9 10:00,0.42166191,0.403200695,0.529899038,0.322109274,0.449046453
2021/11/9 11:00,0.421278934,0.403502638,0.540124489,0.323362296,0.45120255
2021/11/9 12:00,0.421459072,0.399287378,0.560121645,0.340043602,0.457952614
2021/11/9 13:00,0.424421167,0.401226807,0.543894494,0.333743703,0.452507569
2021/11/9 14:00,0.428885092,0.395961374,0.528099364,0.329065703,0.449403131
2021/11/9 15:00,0.434112492,0.396553564,0.541729984,0.329155114,0.457065994
2021/11/9 16:00,0.446655191,0.40814013,0.542875477,0.343851313,0.465465166
2021/11/9 17:00,0.448485583,0.418219556,0.552983618,0.349400218,0.47078824
2021/11/9 18:00,0.449219841,0.417131925,0.565868015,0.351542162,0.474469069
2021/11/9 19:00,0.443847229,0.399350807,0.582462525,0.361902019,0.475046239
2021/11/9 20:00,0.430631651,0.386790791,0.561873736,0.347251007,0.459201769
2021/11/9 21:00,0.429162625,0.389186018,0.567801147,0.344389465,0.460360749
2021/11/9 22:00,0.429049258,0.387073009,0.565082976,0.328749738,0.456716506
2021/11/9 23:00,0.429492528,0.379127754,0.551297656,0.293904637,0.44800242
2021/11/10 0:00,0.429536741,0.382833858,0.538914138,0.270397712,0.44397015
2021/11/10 1:00,0.427518338,0.369650616,0.570265466,0.312623469,0.453275853
2021/11/10 2:00,0.428443725,0.364061878,0.568705669,0.320679446,0.453890724
2021/11/10 3:00,0.428750763,0.362736625,0.569278986,0.325581619,0.454729843
2021/11/10 4:00,0.42905195,0.358462408,0.569749349,0.353055562,0.455566785
2021/11/10 5:00,0.428817841,0.366425224,0.567425775,0.357664342,0.455357808
2021/11/10 6:00,0.428701837,0.381417078,0.5649157,0.355225917,0.455700349
2021/11/10 7:00,0.429240352,0.393938747,0.5681236,0.367355706,0.461215539
2021/11/10 8:00,0.429097723,0.401710126,0.535684817,0.361587467,0.454418902
2021/11/10 9:00,0.428802688,0.407327691,0.528896157,0.366012734,0.452767525
2021/11/10 10:00,0.426506808,0.402628538,0.530911636,0.373401894,0.450992717
2021/11/10 11:00,0.425967485,0.40452231,0.532597882,0.373136314,0.451309683
2021/11/10 12:00,0.425968688,0.406750102,0.550175748,0.36819105,0.457397925
2021/11/10 13:00,0.428707867,0.407973821,0.539743242,0.346325371,0.455373191
2021/11/10 14:00,0.4345213,0.401521299,0.556246186,0.353002817,0.463036234
2021/11/10 15:00,0.446302968,0.406640491,0.573158956,0.359277319,0.475687614
2021/11/10 16:00,0.44862901,0.416174444,0.551734383,0.337324591,0.472224676
2021/11/10 17:00,0.449130062,0.4179101,0.557163147,0.352057275,0.474047492
2021/11/10 18:00,0.449610651,0.413938667,0.575170706,0.352742468,0.477993483
2021/11/10 19:00,0.449097168,0.394578168,0.582631671,0.359133508,0.477120722
2021/11/10 20:00,0.437805386,0.384542627,0.577745311,0.353793958,0.469287871
2021/11/10 21:00,0.430545634,0.391546579,0.547035261,0.34304764,0.456992282
2021/11/10 22:00,0.429493108,0.394579376,0.528247853,0.339997046,0.449135955
2021/11/10 23:00,0.429034167,0.383592453,0.528285891,0.320112639,0.445019541
2021/11/11 0:00,0.429349856,0.374168511,0.586786951,0.340973147,0.459101672
2021/11/11 1:00,0.427137028,0.37165814,0.574516261,0.335893061,0.455560782
2021/11/11 2:00,0.425359551,0.363524548,0.570021844,0.332977511,0.454426712
2021/11/11 3:00,0.425417449,0.358658349,0.567474149,0.33398138,0.45444585
2021/11/11 4:00,0.422857028,0.357186087,0.567530013,0.334259129,0.453794355
2021/11/11 5:00,0.422821003,0.36164814,0.565883322,0.339522084,0.453716177
2021/11/11 6:00,0.422929128,0.368160688,0.570832963,0.342468539,0.455211975
2021/11/11 7:00,0.422703974,0.371896605,0.587559521,0.348447921,0.464129227
2021/11/11 8:00,0.426819582,0.404253049,0.60047871,0.368867118,0.476846419
2021/11/11 9:00,0.429086266,0.411197699,0.589262704,0.384697535,0.476018626
2021/11/11 10:00,0.428803783,0.413803298,0.582037455,0.390063487,0.473019643
2021/11/11 11:00,0.428778653,0.410194833,0.580968856,0.38810141,0.472392957
2021/11/11 12:00,0.428829532,0.405946912,0.574967359,0.381926456,0.470697909
2021/11/11 13:00,0.428713551,0.408173591,0.571073331,0.375209964,0.468538903
2021/11/11 14:00,0.429022553,0.406954374,0.561346505,0.373715883,0.465715913
2021/11/11 15:00,0.437848357,0.407630709,0.575250856,0.387418756,0.474410182
2021/11/11 16:00,0.446482895,0.41597981,0.56803947,0.359047589,0.475210163
2021/11/11 17:00,0.448617595,0.420667391,0.565329943,0.364981635,0.476579767
2021/11/11 18:00,0.449180037,0.416472643,0.557434184,0.355089415,0.474130077
2021/11/11 19:00,0.446316604,0.398933791,0.565705615,0.356493597,0.470734923
2021/11/11 20:00,0.432308287,0.394837971,0.545014182,0.341415545,0.456619098
2021/11/11 21:00,0.428473193,0.392756029,0.539405186,0.354252994,0.455449517
2021/11/11 22:00,0.42860545,0.388374051,0.537053765,0.351820623,0.454609534
2021/11/11 23:00,0.427520025,0.385634547,0.521074221,0.332478766,0.445822027
2021/11/12 0:00,0.422284401,0.390058956,0.500256079,0.311449407,0.437271275
2021/11/12 1:00,0.420497461,0.372228859,0.549881602,0.324978795,0.45067949
2021/11/12 2:00,0.420654017,0.363688556,0.55300412,0.314133704,0.45122364
2021/11/12 3:00,0.420718544,0.360029943,0.555532866,0.339543838,0.452308547
2021/11/12 4:00,0.420507975,0.362850479,0.555095291,0.341255378,0.452442007
2021/11/12 5:00,0.421213936,0.364249379,0.553675127,0.34837769,0.452005647
2021/11/12 6:00,0.42496712,0.368152312,0.555257452,0.354966547,0.452109513
2021/11/12 7:00,0.428234284,0.383557251,0.554410427,0.3600064,0.456578829
2021/11/12 8:00,0.424900321,0.40527214,0.547668039,0.360386725,0.455302721
2021/11/12 9:00,0.420750954,0.409068797,0.54603371,0.363724414,0.454841164
2021/11/12 10:00,0.420472018,0.413240192,0.538402372,0.36961753,0.454888264
2021/11/12 11:00,0.420912548,0.410864481,0.533255646,0.369966428,0.454160157
2021/11/12 12:00,0.420844828,0.403155311,0.535050047,0.366923709,0.452219234
2021/11/12 13:00,0.420890556,0.402768079,0.531177005,0.360750553,0.450449926
2021/11/12 14:00,0.420690453,0.40270547,0.515049924,0.34265295,0.443156534
2021/11/12 15:00,0.422389214,0.401455739,0.518428515,0.344381113,0.443952313
2021/11/12 16:00,0.427202869,0.398090301,0.506837782,0.339176873,0.441320235
2021/11/12 17:00,0.428598593,0.399555249,0.480407996,0.323786779,0.433058463
2021/11/12 18:00,0.428021352,0.399132971,0.475142963,0.319033709,0.431327487
2021/11/12 19:00,0.426791573,0.397249222,0.479930297,0.319933021,0.431435259
2021/11/12 20:00,0.427227245,0.396301316,0.474427783,0.32427689,0.430408776
2021/11/12 21:00,0.428529975,0.394822179,0.477974342,0.319792867,0.432506703
2021/11/12 22:00,0.428397758,0.392658726,0.49103558,0.321723674,0.43765403
2021/11/12 23:00,0.428245721,0.388289926,0.492978635,0.313539159,0.437910929
2021/11/13 0:00,0.425576479,0.381231341,0.484352066,0.311908048,0.433236342
2021/11/13 1:00,0.420488395,0.384658774,0.496965262,0.32370704,0.437005369
2021/11/13 2:00,0.420552782,0.374514179,0.542574077,0.346599516,0.448540493
2021/11/13 3:00,0.420509716,0.369851309,0.543886485,0.350363418,0.449541883
2021/11/13 4:00,0.420840547,0.366566624,0.544069273,0.350184874,0.449638438
2021/11/13 5:00,0.420667787,0.366984291,0.538881312,0.344801713,0.449014007
2021/11/13 6:00,0.420866637,0.369250168,0.53767443,0.344993021,0.448834158
2021/11/13 7:00,0.42068584,0.379296912,0.53879873,0.346911001,0.450116311
2021/11/13 8:00,0.420651329,0.391787231,0.537060641,0.341636623,0.450348433
2021/11/13 9:00,0.42081358,0.396959363,0.529567359,0.339554949,0.449820082
2021/11/13 10:00,0.420908243,0.396823167,0.539170591,0.346635241,0.451995488
2021/11/13 11:00,0.420974172,0.401468648,0.537139233,0.337754789,0.452091545
2021/11/13 12:00,0.421148138,0.406213925,0.531322953,0.33465584,0.453483116
2021/11/13 13:00,0.420926195,0.408802586,0.537585118,0.327247219,0.45304524
2021/11/13 14:00,0.423349603,0.40709647,0.543056798,0.30660865,0.454013024
2021/11/13 15:00,0.428215117,0.405886162,0.554006533,0.319189953,0.457904646
2021/11/13 16:00,0.429232834,0.404767788,0.557488311,0.332471539,0.462373195
2021/11/13 17:00,0.429303869,0.410505596,0.545782928,0.333381436,0.460889217
2021/11/13 18:00,0.429151401,0.407815296,0.534502935,0.325243281,0.453835024
2021/11/13 19:00,0.428885755,0.407326878,0.50831443,0.316193073,0.444450313
2021/11/13 20:00,0.429291518,0.406295747,0.490244571,0.310009385,0.438057946
2021/11/13 21:00,0.428304493,0.405287661,0.497616874,0.310646814,0.439888598
2021/11/13 22:00,0.423709087,0.402828628,0.499800213,0.300172563,0.437956081
2021/11/13 23:00,0.421884539,0.399339432,0.487710393,0.314651962,0.433057668
2021/11/14 0:00,0.42763698,0.397167074,0.512903711,0.327123207,0.441795578
2021/11/14 1:00,0.427662937,0.385041077,0.568424499,0.341352544,0.454338021
2021/11/14 2:00,0.427761695,0.377517712,0.57037891,0.339047734,0.454999514
2021/11/14 3:00,0.427565639,0.371576178,0.569112314,0.337522196,0.454620061
2021/11/14 4:00,0.421694448,0.365820228,0.573778542,0.322478177,0.453625033
2021/11/14 5:00,0.420657647,0.362327499,0.569799823,0.323761757,0.452127293
2021/11/14 6:00,0.422083789,0.361532097,0.571733814,0.328888098,0.452789243
2021/11/14 7:00,0.425040875,0.366597989,0.577953081,0.332366306,0.456246232
2021/11/14 8:00,0.425203521,0.384135663,0.57607621,0.330766552,0.460366106
2021/11/14 9:00,0.421812036,0.395784586,0.574881625,0.343734314,0.460733468
2021/11/14 10:00,0.421301775,0.402519307,0.567355071,0.347494089,0.460441644
2021/11/14 11:00,0.421174687,0.405454018,0.565745961,0.34497733,0.460211952
2021/11/14 12:00,0.422940061,0.411839741,0.583736729,0.348359988,0.465092387
2021/11/14 13:00,0.425068874,0.411228413,0.563867148,0.337364814,0.45818472
2021/11/14 14:00,0.42946975,0.407711712,0.546223795,0.325761886,0.453138753
2021/11/14 15:00,0.433112164,0.405190774,0.557767007,0.336450258,0.458577973
2021/11/14 16:00,0.440773221,0.398454329,0.561016643,0.32867515,0.463139925
2021/11/14 17:00,0.44427596,0.397082001,0.584453052,0.347797212,0.469910729
2021/11/14 18:00,0.439321864,0.395365634,0.576978162,0.342470098,0.465244374
2021/11/14 19:00,0.433110269,0.39430425,0.567954835,0.34125212,0.458176965
2021/11/14 20:00,0.433029784,0.394961069,0.548415517,0.346352228,0.451156275
2021/11/14 21:00,0.431358175,0.396812463,0.526788212,0.331602191,0.444627681
2021/11/14 22:00,0.431864314,0.391628193,0.536480735,0.328172811,0.447912133
2021/11/14 23:00,0.43325611,0.389841267,0.545128876,0.31958911,0.449995667
2021/11/15 0:00,0.433035956,0.383297389,0.583465357,0.335801238,0.457297857
2021/11/15 1:00,0.43377266,0.376381701,0.580207238,0.335320981,0.457193632
2021/11/15 2:00,0.433943727,0.372310788,0.558594043,0.330947316,0.453251321
2021/11/15 3:00,0.433742259,0.368857128,0.558563787,0.331417351,0.453026311
2021/11/15 4:00,0.433841548,0.368862597,0.559924623,0.334641266,0.453751505
2021/11/15 5:00,0.433538842,0.371161822,0.555945095,0.340002524,0.45295828
2021/11/15 6:00,0.43287157,0.375494739,0.55743845,0.353167957,0.454014774
2021/11/15 7:00,0.432359189,0.378290668,0.572085325,0.361145625,0.459720131
2021/11/15 8:00,0.432431772,0.395279551,0.562606633,0.356599053,0.458145179
2021/11/15 9:00,0.425243338,0.401870673,0.559886661,0.359372669,0.457770357
2021/11/15 10:00,0.421527506,0.403429611,0.561043928,0.350569642,0.45766154
2021/11/15 11:00,0.421667213,0.400991195,0.571626904,0.334202276,0.460875846
2021/11/15 12:00,0.42163767,0.39370131,0.577725072,0.359370641,0.465036087
2021/11/15 13:00,0.42466095,0.399545799,0.559970951,0.345967623,0.460100659
2021/11/15 14:00,0.432951071,0.400987928,0.555346997,0.351167138,0.461300491
2021/11/15 15:00,0.439718497,0.397532999,0.548529777,0.351493432,0.460263235
2021/11/15 16:00,0.440736098,0.397747519,0.538096948,0.328601959,0.45728345
2021/11/15 17:00,0.444452002,0.397136399,0.532012124,0.332125496,0.455652762
2021/11/15 18:00,0.447790361,0.396708645,0.531823459,0.337103558,0.455890799
2021/11/15 19:00,0.442854126,0.394712472,0.532312222,0.339068213,0.45430104
2021/11/15 20:00,0.440345583,0.395772276,0.510384137,0.345369526,0.444832142
2021/11/15 21:00,0.439760826,0.395426448,0.511224595,0.341996428,0.445639309
2021/11/15 22:00,0.44040438,0.390519349,0.53076984,0.340945026,0.451443577
2021/11/15 23:00,0.441063952,0.385627205,0.54475411,0.329442389,0.453936953
2021/11/16 0:00,0.445240359,0.383703335,0.571393511,0.325613894,0.460828181
2021/11/16 1:00,0.445656396,0.378447537,0.563400061,0.31918419,0.45882594
2021/11/16 2:00,0.445707486,0.372430925,0.560105301,0.319075895,0.45834562
2021/11/16 3:00,0.44558678,0.369386164,0.554685228,0.317451441,0.458198312
2021/11/16 4:00,0.445740306,0.368138846,0.5559643,0.318597272,0.459120205
2021/11/16 5:00,0.445465287,0.373689532,0.546024148,0.323036764,0.456439819
2021/11/16 6:00,0.44585235,0.374162907,0.550276058,0.347038238,0.455996458
2021/11/16 7:00,0.445547031,0.378018634,0.546457876,0.354039045,0.455678757
2021/11/16 8:00,0.445749679,0.395827667,0.519498932,0.347216958,0.449038664
2021/11/16 9:00,0.446623246,0.403417565,0.508899814,0.35072491,0.446641586
2021/11/16 10:00,0.446734232,0.405438339,0.515517893,0.361959523,0.448875599
2021/11/16 11:00,0.446802547,0.404502429,0.512744033,0.365909063,0.448787876
2021/11/16 12:00,0.44656431,0.4022209,0.527473396,0.380460599,0.454970789
2021/11/16 13:00,0.44619736,0.407430774,0.513883718,0.364523267,0.449249858
2021/11/16 14:00,0.445353439,0.410607875,0.526612962,0.361227044,0.453708458
2021/11/16 15:00,0.445091589,0.410204098,0.544597169,0.369177454,0.46063649
2021/11/16 16:00,0.448579132,0.409386447,0.526078668,0.341005912,0.455299339
2021/11/16 17:00,0.450054863,0.410414474,0.53931854,0.336485839,0.460849497
2021/11/16 18:00,0.446352986,0.406454944,0.546371523,0.343383648,0.462063681
2021/11/16 19:00,0.445212601,0.398123618,0.546761505,0.344788741,0.459769455
2021/11/16 20:00,0.444862794,0.397886428,0.544328735,0.346068643,0.459123703
2021/11/16 21:00,0.444860445,0.396168498,0.542641041,0.340423499,0.459207455
2021/11/16 22:00,0.445318705,0.389524435,0.547859938,0.344627785,0.459621858
2021/11/16 23:00,0.445314755,0.383870301,0.568022375,0.350045692,0.463251983
2021/11/17 0:00,0.44365171,0.384262344,0.580259366,0.344122499,0.463923851
2021/11/17 1:00,0.443529567,0.375538772,0.58875082,0.344328219,0.46750018
2021/11/17 2:00,0.443433103,0.369090477,0.5868819,0.353122722,0.467537296
2021/11/17 3:00,0.443763593,0.364398731,0.582809765,0.354289335,0.466885279
2021/11/17 4:00,0.443628999,0.36436314,0.584013603,0.36126452,0.467677255
2021/11/17 5:00,0.44362844,0.368086466,0.58349674,0.36630635,0.4679492
2021/11/17 6:00,0.4435995,0.37199782,0.600192829,0.380583979,0.475559442
2021/11/17 7:00,0.443909092,0.378996618,0.596876535,0.388326788,0.477854595
2021/11/17 8:00,0.444351356,0.39665446,0.564637716,0.383732736,0.469659237
2021/11/17 9:00,0.445256269,0.400199373,0.543097939,0.375268528,0.461528448
2021/11/17 10:00,0.44528927,0.402090693,0.53152534,0.361585191,0.455997082
2021/11/17 11:00,0.445256405,0.405075403,0.535734143,0.371676111,0.457723233
2021/11/17 12:00,0.444710742,0.399779176,0.55439583,0.381144269,0.463898865
2021/11/17 13:00,0.445196743,0.402305115,0.555386388,0.389407178,0.464919384
2021/11/17 14:00,0.451513272,0.399766492,0.569503959,0.393525039,0.472727159
2021/11/17 15:00,0.461666811,0.396781681,0.573893368,0.374494735,0.474843883
2021/11/17 16:00,0.470703483,0.400692686,0.554589204,0.350712572,0.470753415
2021/11/17 17:00,0.478457812,0.400862882,0.560247765,0.361110533,0.474107839
2021/11/17 18:00,0.469134554,0.404517637,0.558262227,0.357847775,0.473501646
2021/11/17 19:00,0.446515769,0.405966166,0.580173027,0.368171551,0.477037797
2021/11/17 20:00,0.443700376,0.401047195,0.581244192,0.363958245,0.47367956
2021/11/17 21:00,0.443930743,0.398133623,0.565595774,0.35679685,0.467459391
2021/11/17 22:00,0.444112879,0.390782973,0.571996763,0.377856137,0.468617043
2021/11/17 23:00,0.444932756,0.38489131,0.577089996,0.362622938,0.469009071
2021/11/18 0:00,0.445279435,0.378873034,0.611589277,0.370300944,0.479125193
2021/11/18 1:00,0.44445188,0.37251529,0.619615205,0.388419147,0.481688408
2021/11/18 2:00,0.445017141,0.363801004,0.62247454,0.384849883,0.481294069
2021/11/18 3:00,0.44579013,0.357306108,0.6235816,0.384862852,0.482422713
2021/11/18 4:00,0.446443221,0.358709673,0.624517361,0.385582912,0.483007973
2021/11/18 5:00,0.446864123,0.359059318,0.625020755,0.395872329,0.482844604
2021/11/18 6:00,0.44660072,0.368519424,0.625061472,0.398904131,0.482012711
2021/11/18 7:00,0.44705952,0.377658333,0.615649281,0.401209118,0.48215458
2021/11/18 8:00,0.446781072,0.401095809,0.561420025,0.388709377,0.467852006
2021/11/18 9:00,0.447541553,0.404362487,0.536274204,0.383228462,0.458638212
2021/11/18 10:00,0.448199253,0.404278314,0.532614055,0.379892021,0.457380202
2021/11/18 11:00,0.448333472,0.405767171,0.538033924,0.381268491,0.458559356
2021/11/18 12:00,0.448198732,0.404222706,0.56495707,0.402394427,0.465859648
2021/11/18 13:00,0.448933146,0.403808767,0.575481312,0.396875675,0.471354326
2021/11/18 14:00,0.456330488,0.402066732,0.570615515,0.392724036,0.472032114
2021/11/18 15:00,0.460734213,0.399982347,0.574621304,0.394497326,0.473623284
2021/11/18 16:00,0.467534385,0.398749744,0.581972841,0.399134414,0.477899661
2021/11/18 17:00,0.469894127,0.399474519,0.586990172,0.410382988,0.479759416
2021/11/18 18:00,0.468567188,0.398239627,0.557018942,0.394621147,0.468808287
2021/11/18 19:00,0.463662687,0.394787653,0.526945559,0.37143247,0.455783121
2021/11/18 20:00,0.463076582,0.39235397,0.530229789,0.374493619,0.456927559
2021/11/18 21:00,0.46462086,0.3929068,0.530581355,0.368792003,0.458481789
2021/11/18 22:00,0.469121349,0.39567032,0.521982731,0.352364419,0.458256995
2021/11/18 23:00,0.4732626,0.390885773,0.528224122,0.337396378,0.460077835
2021/11/19 0:00,0.480969079,0.390927512,0.541721053,0.355245062,0.467511129
2021/11/19 1:00,0.492850819,0.385534265,0.571169432,0.365120881,0.478182567
2021/11/19 2:00,0.50470172,0.378967598,0.586786968,0.373868052,0.485437578
2021/11/19 3:00,0.513236833,0.37581493,0.587071742,0.372449911,0.48690127
2021/11/19 4:00,0.52025557,0.376009694,0.585646371,0.372746226,0.488357421
2021/11/19 5:00,0.523095229,0.373515085,0.592524308,0.385150341,0.493318474
2021/11/19 6:00,0.523303654,0.382946723,0.599450588,0.390696909,0.496670002
2021/11/19 7:00,0.527119428,0.387776353,0.609371467,0.402287833,0.501985489
2021/11/19 8:00,0.525513933,0.408056068,0.598032499,0.399771539,0.49777146
2021/11/19 9:00,0.526964089,0.406391933,0.606151347,0.411588838,0.497499514
2021/11/19 10:00,0.52605165,0.396619037,0.605615577,0.428806414,0.493362537
2021/11/19 11:00,0.525521397,0.392848259,0.593555079,0.422705199,0.488548493
2021/11/19 12:00,0.525819089,0.384673248,0.601067892,0.428047488,0.490250165
2021/11/19 13:00,0.524331378,0.386260118,0.605785648,0.4224342,0.490865323
2021/11/19 14:00,0.526226474,0.388391918,0.605394369,0.420544658,0.490368065
2021/11/19 15:00,0.526174009,0.380862169,0.58729401,0.411453078,0.483599627
2021/11/19 16:00,0.529117925,0.381146806,0.583930374,0.415443944,0.485800225
2021/11/19 17:00,0.528513579,0.379430671,0.566378729,0.409398055,0.480071363
2021/11/19 18:00,0.528758147,0.377041785,0.545937626,0.391500659,0.472906815
2021/11/19 19:00,0.527832302,0.373885988,0.542371748,0.386897908,0.471329049
2021/11/19 20:00,0.52545691,0.367884585,0.552213723,0.393793535,0.473381664
2021/11/19 21:00,0.521294938,0.365238132,0.539877965,0.38217563,0.467780646
2021/11/19 22:00,0.52290335,0.358258938,0.549559711,0.381582817,0.469248872
2021/11/19 23:00,0.524495106,0.359991022,0.55233276,0.348105994,0.468882048
2021/11/20 0:00,0.525451246,0.360551219,0.551574782,0.343571684,0.468010924
2021/11/20 1:00,0.526057463,0.345690571,0.573761236,0.361676548,0.474455448
2021/11/20 2:00,0.526050951,0.333422571,0.595142614,0.377535426,0.481138369
2021/11/20 3:00,0.526247329,0.329358835,0.602805626,0.39330866,0.482628528
2021/11/20 4:00,0.526025411,0.327876588,0.598160395,0.40292921,0.479471174
2021/11/20 5:00,0.524526564,0.328612116,0.596905269,0.40618687,0.478458251
2021/11/20 6:00,0.522349102,0.337200913,0.595987949,0.399592405,0.477706906
2021/11/20 7:00,0.524538162,0.342391535,0.592621969,0.400902317,0.477986901
2021/11/20 8:00,0.518224711,0.350888737,0.586967006,0.410835037,0.475464398
2021/11/20 9:00,0.501425515,0.343094879,0.583921719,0.409726055,0.469342674
2021/11/20 10:00,0.500242202,0.353017426,0.563138669,0.393155039,0.46121255
2021/11/20 11:00,0.503259987,0.358222052,0.561229204,0.391308898,0.461629343
2021/11/20 12:00,0.522212897,0.357406745,0.567103312,0.397962807,0.469868168
2021/11/20 13:00,0.524116021,0.36223262,0.567822853,0.397386999,0.470570045
2021/11/20 14:00,0.521774057,0.361150163,0.564582658,0.403067748,0.469419233
2021/11/20 15:00,0.523907089,0.362889842,0.544301515,0.39237284,0.464991844
2021/11/20 16:00,0.523405237,0.364072464,0.541876754,0.396065271,0.465245116
2021/11/20 17:00,0.524883364,0.369424026,0.523397321,0.388018146,0.462645156
2021/11/20 18:00,0.525306886,0.37269844,0.529611754,0.371748169,0.464868048
2021/11/20 19:00,0.520257896,0.371341483,0.530715007,0.367420532,0.463110154
2021/11/20 20:00,0.520414769,0.370601013,0.538628893,0.366151425,0.466217925
2021/11/20 21:00,0.521131029,0.366897937,0.542330461,0.370161656,0.467761187
2021/11/20 22:00,0.524484497,0.367948934,0.560111527,0.398601793,0.474710802
2021/11/20 23:00,0.524994442,0.365444677,0.569531307,0.394683709,0.476719008
2021/11/21 0:00,0.523250193,0.355744311,0.620674274,0.405909596,0.489797444
2021/11/21 1:00,0.522125592,0.346600399,0.61019515,0.408089758,0.485107733
2021/11/21 2:00,0.522087453,0.338162356,0.603337147,0.428302089,0.483154116
2021/11/21 3:00,0.519989132,0.33218884,0.603116466,0.465447338,0.482311402
2021/11/21 4:00,0.522479545,0.331984123,0.604555324,0.465926469,0.483448055
2021/11/21 5:00,0.520399055,0.330073012,0.608667958,0.469751768,0.484595266
2021/11/21 6:00,0.521025473,0.332157204,0.609918307,0.473670362,0.485748728
2021/11/21 7:00,0.520634456,0.337155665,0.598315188,0.469473595,0.480875854
2021/11/21 8:00,0.520058345,0.343667803,0.579297128,0.457276145,0.475470321
2021/11/21 9:00,0.524227081,0.352386485,0.592370637,0.443442421,0.480967312
2021/11/21 10:00,0.524756949,0.3537527,0.592573559,0.436622204,0.481702212
2021/11/21 11:00,0.523960579,0.355272872,0.595052709,0.391364865,0.481205786
2021/11/21 12:00,0.523404281,0.351681991,0.619742668,0.392747521,0.487533702
2021/11/21 13:00,0.518905945,0.352538269,0.604413041,0.393176127,0.48414135
2021/11/21 14:00,0.52527748,0.358306912,0.605549694,0.441233444,0.489095264
2021/11/21 15:00,0.531597819,0.357644972,0.601645204,0.461010115,0.490256441
2021/11/21 16:00,0.542180937,0.364281895,0.576018854,0.409417216,0.485735134
2021/11/21 17:00,0.548782304,0.372158585,0.57578554,0.379492114,0.486888131
2021/11/21 18:00,0.545817151,0.373115134,0.578147669,0.382188254,0.486066492
2021/11/21 19:00,0.528392769,0.36914566,0.586931156,0.381679203,0.48222231
2021/11/21 20:00,0.517878412,0.36765996,0.595451182,0.383961919,0.480549289
2021/11/21 21:00,0.516569559,0.369352548,0.59530266,0.388070015,0.482475602
2021/11/21 22:00,0.516035801,0.366129664,0.597349655,0.4128036,0.484656655
2021/11/21 23:00,0.520152226,0.352301688,0.603246064,0.407581579,0.485660878
2021/11/22 0:00,0.518972878,0.336166384,0.623834569,0.419215272,0.49160696
2021/11/22 1:00,0.518500637,0.320458565,0.63408182,0.417126398,0.494837262
2021/11/22 2:00,0.520106257,0.309106898,0.635366365,0.423575417,0.495479061
2021/11/22 3:00,0.520062182,0.308170219,0.634667405,0.423062925,0.494677692
2021/11/22 4:00,0.520042712,0.307241223,0.633020147,0.421276199,0.493492441
2021/11/22 5:00,0.517399058,0.314514924,0.629034227,0.421988778,0.492324879
2021/11/22 6:00,0.519486924,0.322157995,0.626114967,0.42615031,0.491312895
2021/11/22 7:00,0.520820346,0.335871159,0.626364335,0.427581666,0.492127425
2021/11/22 8:00,0.517486948,0.360808089,0.595713916,0.424636755,0.483963064
2021/11/22 9:00,0.533665005,0.370138342,0.593443128,0.428939095,0.489237112
2021/11/22 10:00,0.533438975,0.37197709,0.604610318,0.440129433,0.493818813
2021/11/22 11:00,0.544825849,0.373465747,0.604424494,0.437738703,0.496120197
2021/11/22 12:00,0.550781938,0.365730652,0.624184016,0.449328741,0.503315393
2021/11/22 13:00,0.548808725,0.375055977,0.611578813,0.442295145,0.501410618
2021/11/22 14:00,0.545495008,0.376749495,0.594662793,0.426631257,0.496572469
2021/11/22 15:00,0.545626617,0.376143353,0.596587333,0.399241337,0.495895376
2021/11/22 16:00,0.546125745,0.372535772,0.567007983,0.365818881,0.486219578
2021/11/22 17:00,0.546927822,0.370995032,0.565228262,0.391569481,0.486050433
2021/11/22 18:00,0.548331994,0.366207333,0.571650287,0.374921151,0.486872875
2021/11/22 19:00,0.55223488,0.35333304,0.596666253,0.387487809,0.492608822
2021/11/22 20:00,0.541218358,0.34589818,0.604653852,0.389547524,0.490618141
2021/11/22 21:00,0.526490951,0.341654176,0.607223124,0.3870382,0.487934354
2021/11/22 22:00,0.523052212,0.344011063,0.608394607,0.415780212,0.49067574
2021/11/22 23:00,0.521214084,0.342808342,0.61427985,0.411146706,0.49105769
2021/11/23 0:00,0.518368505,0.338856181,0.648502088,0.416290448,0.499885052
2021/11/23 1:00,0.517023619,0.32043855,0.637953805,0.408614635,0.4994241
2021/11/23 2:00,0.518438147,0.310263746,0.641907374,0.413463321,0.501597912
2021/11/23 3:00,0.520873459,0.310348348,0.650695674,0.483687253,0.505419314
2021/11/23 4:00,0.525515366,0.310308745,0.651481615,0.487703821,0.506865897
2021/11/23 5:00,0.526097311,0.314094796,0.651800654,0.492615837,0.507218139
2021/11/23 6:00,0.525507902,0.321197711,0.652404634,0.497458762,0.505974239
2021/11/23 7:00,0.524504263,0.325991211,0.647679453,0.499983119,0.504468501
2021/11/23 8:00,0.52162359,0.358526339,0.606387067,0.452103336,0.491514321
2021/11/23 9:00,0.524465833,0.361728264,0.605197134,0.448701284,0.491957051
2021/11/23 10:00,0.523520365,0.366539179,0.599424858,0.444885445,0.489531143
2021/11/23 11:00,0.522695748,0.371818899,0.617032284,0.455676104,0.494861255
2021/11/23 12:00,0.523656067,0.355667158,0.640221396,0.500499726,0.501912562
2021/11/23 13:00,0.522862087,0.360011773,0.631290024,0.489140319,0.496679814
2021/11/23 14:00,0.522003976,0.35890763,0.616137306,0.465360088,0.490553572
2021/11/23 15:00,0.522070247,0.359632561,0.60913322,0.421294237,0.48710307
2021/11/23 16:00,0.521993286,0.359083144,0.588841882,0.406611457,0.480698293
2021/11/23 17:00,0.52500303,0.359066291,0.577863742,0.402018755,0.4777004
2021/11/23 18:00,0.523081524,0.357394384,0.569925181,0.371760712,0.473041779
2021/11/23 19:00,0.501655008,0.352501192,0.57771617,0.370269717,0.468644884
2021/11/23 20:00,0.487503018,0.34501544,0.584308819,0.38606021,0.467652534
2021/11/23 21:00,0.488473344,0.341136563,0.589684212,0.386982619,0.470096543
2021/11/23 22:00,0.489766124,0.347560429,0.587615403,0.382353268,0.471055976
2021/11/23 23:00,0.489634136,0.336518094,0.601542712,0.38951283,0.474861224
2021/11/24 0:00,0.49779553,0.333837762,0.635259555,0.40123246,0.487087987
2021/11/24 1:00,0.509456977,0.314054248,0.643654173,0.412038291,0.494468494
2021/11/24 2:00,0.520377305,0.30306886,0.640625341,0.411780467,0.496417162
2021/11/24 3:00,0.524423293,0.29846043,0.640381783,0.409906053,0.496127972
2021/11/24 4:00,0.525612264,0.296627368,0.641687892,0.409971424,0.49591152
2021/11/24 5:00,0.523760559,0.302026278,0.640433699,0.420056848,0.494972497
2021/11/24 6:00,0.52306475,0.311786407,0.638201046,0.450796766,0.494207718
2021/11/24 7:00,0.53008567,0.31752671,0.633386825,0.443269324,0.496593416
2021/11/24 8:00,0.534398678,0.353986941,0.601011677,0.425674902,0.489930058
2021/11/24 9:00,0.543190478,0.363024352,0.595153241,0.450153438,0.49147665
2021/11/24 10:00,0.541930736,0.366715778,0.589891357,0.459439175,0.490065004
2021/11/24 11:00,0.53778695,0.372223553,0.603866716,0.459844549,0.493442833
2021/11/24 12:00,0.53766041,0.364911103,0.627905543,0.483197265,0.501219154
2021/11/24 13:00,0.538118183,0.360855728,0.614837573,0.435907056,0.495942486
2021/11/24 14:00,0.537529329,0.356323766,0.613122757,0.415010228,0.492996215
2021/11/24 15:00,0.531359805,0.352083325,0.597811436,0.411918898,0.483906229
2021/11/24 16:00,0.521207947,0.350070157,0.565700912,0.39040536,0.471599124
2021/11/24 17:00,0.519356635,0.352552849,0.550229847,0.386254083,0.466374532
2021/11/24 18:00,0.520012502,0.350228627,0.545637632,0.365964435,0.463464114
2021/11/24 19:00,0.520313438,0.347542867,0.552879242,0.357971879,0.464973766
2021/11/24 20:00,0.517187942,0.344617993,0.554262309,0.357749167,0.464816952
2021/11/24 21:00,0.519074186,0.34125646,0.558122944,0.349349063,0.467150378
2021/11/24 22:00,0.518831597,0.339660485,0.557405296,0.340398319,0.468472719
2021/11/24 23:00,0.520681114,0.325305772,0.570571804,0.359606747,0.47273105
2021/11/25 0:00,0.521642822,0.309829504,0.608505531,0.384758308,0.485905818
2021/11/25 1:00,0.521900678,0.287027003,0.637575573,0.395072523,0.494128396
2021/11/25 2:00,0.520898749,0.279917532,0.63541747,0.442377528,0.495296666
2021/11/25 3:00,0.521833886,0.272511534,0.639834278,0.421026451,0.496644364
2021/11/25 4:00,0.52286673,0.26854159,0.63872287,0.420731207,0.49723283
2021/11/25 5:00,0.522104433,0.276725976,0.639865242,0.427321038,0.496272677
2021/11/25 6:00,0.51927925,0.296097298,0.633946704,0.429770992,0.493722914
2021/11/25 7:00,0.523242064,0.309734689,0.637111066,0.436787172,0.496200619
2021/11/25 8:00,0.522552448,0.339507243,0.606890032,0.420742733,0.487937436
2021/11/25 9:00,0.521289026,0.351256036,0.594506824,0.410046615,0.483878678
2021/11/25 10:00,0.520476884,0.356149346,0.597128917,0.414073098,0.485392097
2021/11/25 11:00,0.519705263,0.358700647,0.606559969,0.424425523,0.490355759
2021/11/25 12:00,0.521568426,0.349124143,0.629993696,0.439887105,0.499410798
2021/11/25 13:00,0.522407979,0.350056936,0.61846617,0.419537895,0.494103749
2021/11/25 14:00,0.522721886,0.349590699,0.611702979,0.416114786,0.488548363
2021/11/25 15:00,0.519790649,0.35194443,0.59230445,0.40553242,0.480885284
2021/11/25 16:00,0.517927906,0.354215028,0.568139335,0.387130889,0.473315693
2021/11/25 17:00,0.524240993,0.357421219,0.580010902,0.382712083,0.477801531
2021/11/25 18:00,0.522075487,0.353694435,0.579816817,0.376924775,0.476241248
2021/11/25 19:00,0.520985403,0.345524998,0.577103998,0.372560376,0.473543623
2021/11/25 20:00,0.522810233,0.347644365,0.580279375,0.374682733,0.475183899
2021/11/25 21:00,0.524828604,0.347522685,0.581126014,0.369607309,0.477138991
2021/11/25 22:00,0.518911387,0.353883444,0.580792461,0.359971425,0.480226993
2021/11/25 23:00,0.523609047,0.351831941,0.587487928,0.353886953,0.486900937
2021/11/26 0:00,0.524787741,0.358632407,0.578114268,0.370650584,0.491025349
2021/11/26 1:00,0.523560817,0.347903303,0.610342606,0.384570057,0.50140893
2021/11/26 2:00,0.521434349,0.336789122,0.638521456,0.410972107,0.507894104
2021/11/26 3:00,0.519483252,0.334235719,0.63517847,0.423163856,0.507184351
2021/11/26 4:00,0.521492166,0.334897552,0.639390718,0.424559584,0.508480011
2021/11/26 5:00,0.519932367,0.338260064,0.638719345,0.427780721,0.508032561
2021/11/26 6:00,0.519790574,0.353543987,0.637820239,0.437264291,0.508311558
2021/11/26 7:00,0.52379482,0.370614805,0.630250039,0.447145091,0.510704305
2021/11/26 8:00,0.523533111,0.394660132,0.605555507,0.449239265,0.501786673
2021/11/26 9:00,0.525266342,0.406205816,0.599032193,0.468734441,0.503162695
2021/11/26 10:00,0.524791304,0.419981759,0.58293136,0.461179553,0.497646798
2021/11/26 11:00,0.525135364,0.423315978,0.580064531,0.463043741,0.497817051
2021/11/26 12:00,0.524968707,0.421077769,0.586094648,0.464652239,0.500496958
2021/11/26 13:00,0.522795067,0.418763904,0.57504405,0.450180445,0.494891463
2021/11/26 14:00,0.522251096,0.421117997,0.547736664,0.409418362,0.485675147
2021/11/26 15:00,0.52539752,0.435761152,0.538831121,0.403552008,0.489221135
2021/11/26 16:00,0.522479731,0.436732341,0.51978407,0.389540702,0.483233708
2021/11/26 17:00,0.521541987,0.435560953,0.511472707,0.363244949,0.480235378
2021/11/26 18:00,0.521914147,0.43420436,0.480587313,0.333709187,0.469220225
2021/11/26 19:00,0.523869211,0.433095622,0.470084435,0.325259449,0.465250087
2021/11/26 20:00,0.52203833,0.433000227,0.47761954,0.329336397,0.467609636
2021/11/26 21:00,0.520335996,0.431877857,0.478526025,0.32683406,0.467582795
2021/11/26 22:00,0.521751738,0.433609982,0.479027609,0.331056367,0.468991445
2021/11/26 23:00,0.524734845,0.433364855,0.498869633,0.336146019,0.477097715
2021/11/27 0:00,0.524843604,0.432082112,0.562287261,0.36225566,0.494857189
2021/11/27 1:00,0.523209552,0.426604039,0.57844918,0.368180314,0.499689626
2021/11/27 2:00,0.524865055,0.426448099,0.5812262,0.37279114,0.504071831
2021/11/27 3:00,0.524235145,0.420978787,0.579336127,0.373936283,0.503747879
2021/11/27 4:00,0.524344269,0.420200119,0.578945325,0.373855415,0.503681423
2021/11/27 5:00,0.518857529,0.418746523,0.589639547,0.382500123,0.505845558
2021/11/27 6:00,0.521202926,0.418643041,0.604154137,0.392988356,0.512209455
2021/11/27 7:00,0.520062216,0.428306804,0.605667089,0.394121325,0.516924766
2021/11/27 8:00,0.521636973,0.435289751,0.60463093,0.401668681,0.516712108
2021/11/27 9:00,0.509512151,0.429020403,0.601293232,0.413745122,0.51110693
2021/11/27 10:00,0.515801517,0.431871757,0.60194695,0.415262594,0.512421956
2021/11/27 11:00,0.518662225,0.435036991,0.605659487,0.409661236,0.514513619
2021/11/27 12:00,0.519309157,0.435996326,0.608344886,0.415597401,0.51787244
2021/11/27 13:00,0.52268808,0.429132058,0.618535051,0.419684101,0.520940218
2021/11/27 14:00,0.51924682,0.430836661,0.623559628,0.422401008,0.519846719
2021/11/27 15:00,0.521371001,0.431417861,0.6230611,0.422932376,0.51974436
2021/11/27 16:00,0.521543396,0.428817679,0.603264359,0.412898133,0.509544703
2021/11/27 17:00,0.518528806,0.428845462,0.557350677,0.37414267,0.492333148
2021/11/27 18:00,0.519835483,0.426754157,0.552813724,0.375507292,0.49007097
2021/11/27 19:00,0.52427823,0.425105375,0.553025653,0.374952426,0.489458099
2021/11/27 20:00,0.520915394,0.41970195,0.537898273,0.36872426,0.481197883
2021/11/27 21:00,0.523259445,0.415570022,0.535318426,0.355475826,0.479425356
2021/11/27 22:00,0.5235464,0.416175956,0.542743759,0.367321027,0.481240044
2021/11/27 23:00,0.523418617,0.410662454,0.570860378,0.378087022,0.487919113
2021/11/28 0:00,0.521146394,0.411432226,0.62001918,0.392463256,0.500136314
2021/11/28 1:00,0.523195089,0.403023853,0.61859961,0.387422573,0.499885671
2021/11/28 2:00,0.522564145,0.396652367,0.609297332,0.416956089,0.497642842
2021/11/28 3:00,0.524915841,0.39165173,0.613247914,0.415783324,0.499527084
2021/11/28 4:00,0.524576167,0.38889912,0.61699998,0.418480768,0.500017625
2021/11/28 5:00,0.523910213,0.385576946,0.615049612,0.428438592,0.499420529
2021/11/28 6:00,0.521940509,0.386750238,0.608706231,0.433502272,0.497197317
2021/11/28 7:00,0.522403242,0.38955849,0.607591883,0.436386938,0.496368098
2021/11/28 8:00,0.520374753,0.395955083,0.579971634,0.421743313,0.487581969
2021/11/28 9:00,0.525064167,0.390762508,0.567386398,0.40493231,0.482886472
2021/11/28 10:00,0.522517296,0.394651277,0.559369595,0.407033718,0.478697941
2021/11/28 11:00,0.519791098,0.398187434,0.560394854,0.402334762,0.478581406
2021/11/28 12:00,0.519643475,0.397213209,0.584128535,0.467114147,0.486296543
2021/11/28 13:00,0.517387164,0.399115776,0.545781065,0.438212089,0.476237043
2021/11/28 14:00,0.518722775,0.401116581,0.528622898,0.427395505,0.472822411
2021/11/28 15:00,0.52155738,0.402536807,0.539888356,0.429384608,0.477547257
2021/11/28 16:00,0.518972631,0.402364233,0.555613952,0.392277452,0.48092784
2021/11/28 17:00,0.52341361,0.405132611,0.541068989,0.353637077,0.477174866
2021/11/28 18:00,0.529104415,0.406387567,0.559691699,0.362104721,0.484204204
2021/11/28 19:00,0.527246444,0.407696782,0.581376023,0.409082854,0.489967709
2021/11/28 20:00,0.519317974,0.406410822,0.581489545,0.417427037,0.486668374
2021/11/28 21:00,0.518798734,0.40590339,0.589241341,0.415372131,0.488852491
2021/11/28 22:00,0.520867248,0.403078373,0.585920092,0.420031454,0.488335031
2021/11/28 23:00,0.522537068,0.398345923,0.589832652,0.403756348,0.488220419
2021/11/29 0:00,0.523613286,0.391412166,0.62903364,0.406411568,0.498984182
2021/11/29 1:00,0.522634305,0.385202867,0.630234063,0.423802839,0.501687498
2021/11/29 2:00,0.523167091,0.375203398,0.626922067,0.443422532,0.50163778
2021/11/29 3:00,0.523111352,0.378185656,0.619819459,0.438651885,0.500584745
2021/11/29 4:00,0.523581612,0.379930263,0.617832329,0.439088474,0.500487762
2021/11/29 5:00,0.523272357,0.38107481,0.616576488,0.442215927,0.5001909
2021/11/29 6:00,0.517770587,0.387487498,0.615052507,0.446008412,0.497856494
2021/11/29 7:00,0.521110585,0.382301308,0.614661879,0.461813818,0.498846898
2021/11/29 8:00,0.522391932,0.398856803,0.588828901,0.456039999,0.491194738
2021/11/29 9:00,0.524248189,0.402334245,0.590951824,0.442880028,0.492517494
2021/11/29 10:00,0.522389299,0.403598619,0.588726901,0.426910282,0.491265002
2021/11/29 11:00,0.521511961,0.406422189,0.591796715,0.404176609,0.493666196
2021/11/29 12:00,0.521999329,0.404366922,0.619076309,0.410545159,0.501562767
2021/11/29 13:00,0.521237615,0.406595457,0.602753311,0.402883837,0.496758253
2021/11/29 14:00,0.520005303,0.410299133,0.595008504,0.400178357,0.494248434
2021/11/29 15:00,0.531766422,0.41208283,0.571129091,0.384920739,0.492790209
2021/11/29 16:00,0.540098465,0.416128896,0.534793942,0.329105988,0.484977822
2021/11/29 17:00,0.549066694,0.419790322,0.5570059,0.348076115,0.495049887
2021/11/29 18:00,0.55601372,0.419284627,0.567391482,0.345800221,0.499783252
2021/11/29 19:00,0.533828989,0.411580053,0.569698945,0.34853327,0.491686053
2021/11/29 20:00,0.527818584,0.402269328,0.574279451,0.349496399,0.48954462
2021/11/29 21:00,0.527583161,0.398308863,0.593319584,0.372736336,0.49518399
2021/11/29 22:00,0.522194513,0.390005787,0.598526445,0.393211188,0.494863046
2021/11/29 23:00,0.506420761,0.38729083,0.586858555,0.407850539,0.485597603
2021/11/30 0:00,0.497024822,0.384896124,0.631856467,0.425302228,0.494498365
2021/11/30 1:00,0.498517353,0.37766419,0.634036758,0.450612044,0.498398537
2021/11/30 2:00,0.499781238,0.368954712,0.631098669,0.459800845,0.50105769
2021/11/30 3:00,0.501454506,0.364839511,0.63041112,0.456429551,0.501665084
2021/11/30 4:00,0.501271633,0.369828169,0.610107227,0.442705504,0.492746277
2021/11/30 5:00,0.500851557,0.375833667,0.608490816,0.444006245,0.491200069
2021/11/30 6:00,0.501604169,0.383319029,0.606008922,0.45110152,0.490045416
2021/11/30 7:00,0.50356991,0.383565161,0.60313109,0.440438028,0.48991022
2021/11/30 8:00,0.50180809,0.402669598,0.584053626,0.413068693,0.485967074
2021/11/30 9:00,0.500873443,0.409793768,0.582920251,0.41231905,0.487118281
2021/11/30 10:00,0.500818124,0.415446245,0.575501208,0.407640175,0.483887035
2021/11/30 11:00,0.500616525,0.417820421,0.564491305,0.395901762,0.478777785
2021/11/30 12:00,0.502260141,0.416397689,0.566570807,0.395912956,0.481176003
2021/11/30 13:00,0.500606981,0.414336642,0.557028974,0.387050529,0.475095031
2021/11/30 14:00,0.500167959,0.408013788,0.555856351,0.381242598,0.474230313
2021/11/30 15:00,0.502196995,0.405535939,0.594501428,0.410632718,0.490094725
2021/11/30 16:00,0.504688631,0.398328894,0.588400976,0.412898761,0.487638107
2021/11/30 17:00,0.507925625,0.394336113,0.591901474,0.41658318,0.488427647
2021/11/30 18:00,0.505079014,0.384664712,0.57497583,0.386682116,0.476990098
2021/11/30 19:00,0.500816427,0.380986909,0.559143698,0.363778984,0.46839245
2021/11/30 20:00,0.498577029,0.376317348,0.55628918,0.365884763,0.464658765
2021/11/30 21:00,0.498851989,0.376290493,0.558957718,0.385854746,0.467645271
2021/11/30 22:00,0.503016861,0.369398303,0.565727071,0.37897194,0.470298684
2021/11/30 23:00,0.503789622,0.356223309,0.573109745,0.373204107,0.468960001
2021/12/1 0:00,0.50510827,0.362633953,0.607658288,0.370213566,0.482149642
2021/12/1 1:00,0.504450963,0.363570949,0.6134329,0.366218768,0.490083011
2021/12/1 2:00,0.502661072,0.354690993,0.614229933,0.361176903,0.489317327
2021/12/1 3:00,0.504194571,0.342503603,0.613676671,0.409122291,0.490071282
2021/12/1 4:00,0.5034457,0.338650847,0.614964165,0.408112503,0.490303585
2021/12/1 5:00,0.502886269,0.342565225,0.615666587,0.412178027,0.490277722
2021/12/1 6:00,0.50213592,0.356821045,0.61814226,0.423420347,0.489944109
2021/12/1 7:00,0.504805165,0.3645351,0.619324056,0.433363275,0.492957882
2021/12/1 8:00,0.50318068,0.385590597,0.579527108,0.420318965,0.480236214
2021/12/1 9:00,0.502366436,0.38502423,0.549544668,0.396268466,0.464602993
2021/12/1 10:00,0.502355407,0.377172529,0.545148241,0.373222473,0.458483262
2021/12/1 11:00,0.502522204,0.374231244,0.53743383,0.367593769,0.454456272
2021/12/1 12:00,0.503714472,0.369788668,0.568447177,0.406547992,0.464628822
2021/12/1 13:00,0.501833797,0.371440768,0.554229979,0.406038472,0.457803795
2021/12/1 14:00,0.504353583,0.372484309,0.544628259,0.3869262,0.457114398
2021/12/1 15:00,0.507586677,0.370125845,0.535526222,0.37868572,0.456549086
2021/12/1 16:00,0.50661144,0.371790675,0.530214871,0.382963245,0.456646107
2021/12/1 17:00,0.507787566,0.370519563,0.503667498,0.374514285,0.445391847
2021/12/1 18:00,0.507760386,0.370554257,0.497678588,0.371243784,0.443166989
2021/12/1 19:00,0.506004743,0.367870225,0.503292669,0.374314878,0.443412341
2021/12/1 20:00,0.503587189,0.368119986,0.505596901,0.371818071,0.443671563
2021/12/1 21:00,0.504972682,0.371069773,0.516243295,0.376252326,0.449924655
2021/12/1 22:00,0.505103015,0.376062479,0.535207868,0.382999787,0.458175347
2021/12/1 23:00,0.503476247,0.375705557,0.559810657,0.372689632,0.464414981
2021/12/2 0:00,0.502570232,0.37530869,0.586292406,0.336257724,0.469054567
2021/12/2 1:00,0.504093217,0.365110088,0.588499299,0.328556759,0.471688456
2021/12/2 2:00,0.503375556,0.359418149,0.587302668,0.321154314,0.472125913
2021/12/2 3:00,0.504879487,0.354170576,0.586367114,0.332451056,0.472985347
2021/12/2 4:00,0.505178393,0.352020941,0.586988778,0.36252475,0.474499578
2021/12/2 5:00,0.504836353,0.356875289,0.585760365,0.37021511,0.472897723
2021/12/2 6:00,0.502189059,0.362285613,0.584881696,0.41294688,0.472463141
2021/12/2 7:00,0.505300077,0.36671147,0.586675729,0.422811696,0.475406967
2021/12/2 8:00,0.501760939,0.385394257,0.561987912,0.412656173,0.470150683
2021/12/2 9:00,0.503164352,0.391201223,0.554032002,0.404142274,0.468612994
2021/12/2 10:00,0.506043895,0.398282449,0.556304398,0.40627759,0.47073605
2021/12/2 11:00,0.505116602,0.39743363,0.541020205,0.390466312,0.463215007
2021/12/2 12:00,0.504309134,0.40197733,0.562077096,0.416237272,0.472700702
2021/12/2 13:00,0.503325122,0.397385126,0.543550551,0.388547472,0.463913041
2021/12/2 14:00,0.503740195,0.388579792,0.538189569,0.387414045,0.458950275
2021/12/2 15:00,0.502091894,0.380801426,0.502961193,0.362524768,0.447328906
2021/12/2 16:00,0.498922304,0.389835242,0.46087398,0.330950179,0.438014082
2021/12/2 17:00,0.499302814,0.397465201,0.455857106,0.338602781,0.43957596
2021/12/2 18:00,0.501180313,0.396590879,0.458577886,0.320824843,0.440060678
2021/12/2 19:00,0.502529817,0.3908268,0.457371829,0.320071346,0.438078844
2021/12/2 20:00,0.498181866,0.391299456,0.467291865,0.324553659,0.44090096
2021/12/2 21:00,0.497997943,0.393807724,0.47366143,0.356367347,0.445408441
2021/12/2 22:00,0.49828776,0.398817725,0.483291321,0.361043987,0.449324881
2021/12/2 23:00,0.498148542,0.395135843,0.470547858,0.347210081,0.445133224
2021/12/3 0:00,0.497851302,0.392674527,0.484611806,0.353423166,0.451660059
2021/12/3 1:00,0.499845593,0.389311999,0.522110928,0.374804748,0.464773517
2021/12/3 2:00,0.502208891,0.37951456,0.556954966,0.39086666,0.474767701
2021/12/3 3:00,0.502629116,0.376360635,0.57495562,0.429716621,0.479719829
2021/12/3 4:00,0.505712394,0.373913803,0.576643642,0.439895593,0.481387494
2021/12/3 5:00,0.503165859,0.373788074,0.574078817,0.440172706,0.479951748
2021/12/3 6:00,0.49991846,0.381420073,0.570561817,0.444539816,0.478292242
2021/12/3 7:00,0.499444603,0.384801598,0.565974278,0.445465998,0.477508475
2021/12/3 8:00,0.487971677,0.394877896,0.561150528,0.442776318,0.473629941
2021/12/3 9:00,0.487794469,0.400302807,0.566161955,0.446077359,0.475989467
2021/12/3 10:00,0.497735163,0.403044257,0.572434731,0.455304447,0.480000667
2021/12/3 11:00,0.504947016,0.401836178,0.573032941,0.459082487,0.482495206
2021/12/3 12:00,0.505811106,0.405027477,0.563559886,0.455612125,0.481703716
2021/12/3 13:00,0.505978428,0.404080103,0.563955401,0.452012435,0.479176338
2021/12/3 14:00,0.502090249,0.405685452,0.561433443,0.431067587,0.476872898
2021/12/3 15:00,0.501443274,0.405555437,0.541750424,0.413197247,0.470333706
2021/12/3 16:00,0.499577352,0.402327965,0.489338098,0.383433232,0.453930748
2021/12/3 17:00,0.497870186,0.398937374,0.445149637,0.319115212,0.437668156
2021/12/3 18:00,0.497720658,0.39736742,0.440910486,0.303831907,0.436361721
2021/12/3 19:00,0.49804315,0.396218271,0.445120176,0.305253881,0.437676385
2021/12/3 20:00,0.497898019,0.396405454,0.445681776,0.303639548,0.438000692
2021/12/3 21:00,0.49811915,0.393951685,0.46638409,0.33117047,0.446236605
2021/12/3 22:00,0.497812825,0.392030373,0.477766032,0.367408658,0.450822029
2021/12/3 23:00,0.498162404,0.391665042,0.477670312,0.360881789,0.450833222
2021/12/4 0:00,0.498473983,0.39378815,0.50444313,0.368107599,0.458302047
2021/12/4 1:00,0.498062428,0.389484617,0.541419479,0.380554512,0.467922538
2021/12/4 2:00,0.499051419,0.380790371,0.562843094,0.386577358,0.473729197
2021/12/4 3:00,0.503286071,0.375460334,0.57419193,0.394395848,0.478918104
2021/12/4 4:00,0.503691263,0.373241878,0.585877117,0.400259401,0.486692599
2021/12/4 5:00,0.503090113,0.37008402,0.594305854,0.408448161,0.492845919
2021/12/4 6:00,0.503045837,0.37048753,0.602250905,0.419578745,0.498244934
2021/12/4 7:00,0.505960593,0.382153108,0.599991008,0.429827134,0.499643855
2021/12/4 8:00,0.503399181,0.390189455,0.578946664,0.438038303,0.491422148
2021/12/4 9:00,0.503820143,0.395130131,0.582894232,0.450996385,0.495685551
2021/12/4 10:00,0.502444,0.406652598,0.579456551,0.456721569,0.497036169
2021/12/4 11:00,0.500987942,0.409069495,0.589827198,0.462881312,0.503571175
2021/12/4 12:00,0.504742554,0.415898829,0.595286108,0.469513202,0.507461212
2021/12/4 13:00,0.502083546,0.41364426,0.591096706,0.466817417,0.502654967
2021/12/4 14:00,0.499842611,0.400285871,0.596568251,0.459368222,0.501349397
2021/12/4 15:00,0.502176328,0.399044769,0.596825604,0.442286254,0.498518662
2021/12/4 16:00,0.502185665,0.39106359,0.555787422,0.420611304,0.483344412
2021/12/4 17:00,0.502021967,0.395879845,0.521159589,0.370846006,0.469214609
2021/12/4 18:00,0.503454619,0.395803725,0.509560813,0.335467234,0.463160761
2021/12/4 19:00,0.502368421,0.392665406,0.527278533,0.360286093,0.46592415
2021/12/4 20:00,0.502321828,0.389333564,0.520380801,0.352949316,0.462716241
2021/12/4 21:00,0.502760961,0.387615815,0.523294347,0.35401237,0.462451629
2021/12/4 22:00,0.504465178,0.383674185,0.522245129,0.423113273,0.463908093
2021/12/4 23:00,0.503636858,0.382516847,0.513347829,0.416408056,0.459634589
2021/12/5 0:00,0.502143097,0.367811654,0.571762793,0.448934687,0.473600771
2021/12/5 1:00,0.50600511,0.352084173,0.586202882,0.430810424,0.476540123
2021/12/5 2:00,0.506706765,0.340038327,0.584846911,0.419837144,0.476671003
2021/12/5 3:00,0.503508434,0.336593204,0.583669311,0.421444251,0.474567664
2021/12/5 4:00,0.503456643,0.334665745,0.586581107,0.420995868,0.475566955
2021/12/5 5:00,0.503373821,0.336149264,0.586156901,0.426474422,0.473625536
2021/12/5 6:00,0.505499025,0.336782602,0.582639618,0.429206588,0.47330673
2021/12/5 7:00,0.506448121,0.34365043,0.57971078,0.42792108,0.472735541
2021/12/5 8:00,0.506415301,0.350042846,0.560146306,0.424746828,0.466780618
2021/12/5 9:00,0.507622423,0.351579246,0.54624739,0.442750134,0.459569892
2021/12/5 10:00,0.505356086,0.35167142,0.519376541,0.429132979,0.450698969
2021/12/5 11:00,0.505266901,0.351874031,0.523410841,0.431466316,0.451753382
2021/12/5 12:00,0.506505842,0.352448966,0.564216936,0.453695693,0.463594705
2021/12/5 13:00,0.505392667,0.351688725,0.566943105,0.428134033,0.463464448
2021/12/5 14:00,0.505192036,0.34839329,0.545860623,0.411395157,0.455374297
2021/12/5 15:00,0.502954772,0.34146528,0.540414131,0.392928123,0.450760853
2021/12/5 16:00,0.502042413,0.348679235,0.501238671,0.337997528,0.440000937
2021/12/5 17:00,0.501698455,0.354937287,0.502868512,0.342169314,0.440642921
2021/12/5 18:00,0.504051104,0.358237314,0.499924712,0.341247495,0.44041023
2021/12/5 19:00,0.505035236,0.356344386,0.499368647,0.340261639,0.440105039
2021/12/5 20:00,0.503762173,0.357086089,0.486128147,0.334398212,0.435829952
2021/12/5 21:00,0.502611654,0.362092973,0.499586475,0.353400076,0.442604694
2021/12/5 22:00,0.503547897,0.360579181,0.522983167,0.374290015,0.452604436
2021/12/5 23:00,0.504143013,0.359057428,0.534011693,0.370574208,0.455809371
2021/12/6 0:00,0.503006332,0.350904772,0.569966354,0.428791281,0.467777369
2021/12/6 1:00,0.504045301,0.340537294,0.582798945,0.432156875,0.472059629
2021/12/6 2:00,0.50518551,0.33438886,0.582069735,0.429700389,0.472340937
2021/12/6 3:00,0.503644607,0.329124526,0.586342133,0.431590393,0.473556892
2021/12/6 4:00,0.506185839,0.320544867,0.588954889,0.43339814,0.473179129
2021/12/6 5:00,0.505762494,0.322896113,0.58627543,0.437633146,0.4715228
2021/12/6 6:00,0.502027159,0.339184884,0.587465801,0.450407309,0.469962606
2021/12/6 7:00,0.499525705,0.345923987,0.586568333,0.455046354,0.469877568
2021/12/6 8:00,0.488300731,0.374452232,0.556015481,0.435582476,0.46227845
2021/12/6 9:00,0.492426477,0.382364761,0.557871737,0.42885747,0.463966898
2021/12/6 10:00,0.500627125,0.383440372,0.535062039,0.433342175,0.457346504
2021/12/6 11:00,0.505439894,0.387054246,0.541195961,0.440061948,0.462972983
2021/12/6 12:00,0.50619764,0.38546834,0.555488661,0.45103579,0.467344383
2021/12/6 13:00,0.505619814,0.381733683,0.5422822,0.441549369,0.461284676
2021/12/6 14:00,0.504136225,0.370948959,0.534451741,0.376521463,0.453424995
2021/12/6 15:00,0.50359098,0.361131523,0.535910517,0.365065152,0.449234542
2021/12/6 16:00,0.50174001,0.366694778,0.514966409,0.349000499,0.445834137
2021/12/6 17:00,0.502543822,0.370065537,0.502786993,0.340926098,0.443241359
2021/12/6 18:00,0.503525467,0.370336479,0.485255079,0.329433731,0.437766095
2021/12/6 19:00,0.504765516,0.367503422,0.504350481,0.336024771,0.443487473
2021/12/6 20:00,0.501042949,0.363539513,0.520075639,0.344357396,0.446188449
2021/12/6 21:00,0.501182817,0.369299922,0.521126192,0.339969098,0.450173844
2021/12/6 22:00,0.500220049,0.373551242,0.533191411,0.357480259,0.456317205
2021/12/6 23:00,0.498846897,0.37375063,0.558466161,0.369280672,0.462358925
2021/12/7 0:00,0.499569922,0.367566396,0.590291623,0.425773309,0.471468767
2021/12/7 1:00,0.499152059,0.357998688,0.595206434,0.43256325,0.474358977
2021/12/7 2:00,0.499929371,0.349700668,0.582306781,0.435812957,0.471058153
2021/12/7 3:00,0.499709833,0.347957543,0.570579236,0.444094394,0.466495143
2021/12/7 4:00,0.501412655,0.348024271,0.573400754,0.444686322,0.468139825
2021/12/7 5:00,0.499041265,0.353114101,0.572246645,0.446577159,0.467186372
2021/12/7 6:00,0.496178801,0.360992393,0.567198768,0.448823018,0.465315591
2021/12/7 7:00,0.496609327,0.367013942,0.562554321,0.450573563,0.465262656
2021/12/7 8:00,0.496536991,0.384852222,0.546768971,0.445085101,0.464043019
2021/12/7 9:00,0.498846929,0.385091723,0.541515341,0.446475883,0.461384259
2021/12/7 10:00,0.500128283,0.387255227,0.53711628,0.445865478,0.460332638
2021/12/7 11:00,0.501111705,0.388569727,0.546226025,0.451609654,0.462689121
2021/12/7 12:00,0.501546747,0.384869454,0.547378943,0.450977678,0.462181107
2021/12/7 13:00,0.499088744,0.381039541,0.539488161,0.441364063,0.458237597
2021/12/7 14:00,0.497726723,0.368929193,0.533232252,0.43296109,0.452497456
2021/12/7 15:00,0.496683309,0.359851221,0.519707159,0.419786807,0.444765289
2021/12/7 16:00,0.497129425,0.363697986,0.522224156,0.384793712,0.447054215
2021/12/7 17:00,0.495266857,0.364513115,0.528009829,0.372095401,0.449334705
2021/12/7 18:00,0.494745371,0.364913118,0.499778943,0.333594918,0.441221049
2021/12/7 19:00,0.494471569,0.362527247,0.485416485,0.324006647,0.435823539
2021/12/7 20:00,0.494576677,0.363482274,0.501926097,0.331966869,0.440883933
2021/12/7 21:00,0.494589416,0.369981817,0.502678477,0.328937337,0.44491396
2021/12/7 22:00,0.494519372,0.369265083,0.506599238,0.317518546,0.448964335
2021/12/7 23:00,0.497110821,0.359590669,0.524291786,0.323103122,0.453717606
2021/12/8 0:00,0.497734797,0.348550511,0.579143026,0.365316573,0.465065553
2021/12/8 1:00,0.501242188,0.336857229,0.580077181,0.364316546,0.466283244
2021/12/8 2:00,0.501434921,0.322127115,0.580883892,0.365460806,0.468342302
2021/12/8 3:00,0.501487088,0.323559501,0.577560853,0.367953056,0.467532821
2021/12/8 4:00,0.501080415,0.324206583,0.577421731,0.423654511,0.467983443
2021/12/8 5:00,0.501263937,0.327108695,0.578797123,0.440777711,0.467326357
2021/12/8 6:00,0.499071131,0.334198922,0.578515195,0.447160032,0.465716486
2021/12/8 7:00,0.501244614,0.337983642,0.576206726,0.452454943,0.466122495
2021/12/8 8:00,0.500438775,0.364659796,0.550899639,0.435217613,0.460851758
2021/12/8 9:00,0.503485411,0.374036629,0.535300911,0.433889959,0.456883386
2021/12/8 10:00,0.503678005,0.375541744,0.52946492,0.433753679,0.454210426
2021/12/8 11:00,0.503549319,0.380026235,0.535625637,0.443379031,0.456200545
2021/12/8 12:00,0.502711686,0.376212495,0.5492123,0.471236367,0.460695628
2021/12/8 13:00,0.500013359,0.376920624,0.537317911,0.464144994,0.455670426
2021/12/8 14:00,0.499274824,0.371186148,0.526960956,0.45859765,0.450240971
2021/12/8 15:00,0.498897708,0.365327517,0.545113447,0.471610521,0.453376607
2021/12/8 16:00,0.498943845,0.367555266,0.536181338,0.467721358,0.453253669
2021/12/8 17:00,0.498970987,0.369721148,0.508550167,0.419921947,0.445324911
2021/12/8 18:00,0.495365425,0.366780785,0.460638775,0.332704331,0.428939192
2021/12/8 19:00,0.49450952,0.362595214,0.453631341,0.3205801,0.425000552
2021/12/8 20:00,0.494614881,0.361422354,0.470354959,0.330791903,0.429315046
2021/12/8 21:00,0.494644592,0.364336004,0.47656532,0.331249272,0.433901186
2021/12/8 22:00,0.494627708,0.368712408,0.483224422,0.34066628,0.439827187
2021/12/8 23:00,0.494879884,0.367229468,0.498882234,0.388009616,0.445147783
2021/12/9 0:00,0.497094409,0.366435549,0.54189449,0.426606883,0.456746325
2021/12/9 1:00,0.499600262,0.362071597,0.550811,0.43147933,0.460498796
2021/12/9 2:00,0.502818718,0.351172022,0.551277875,0.435771048,0.46196982
2021/12/9 3:00,0.502702367,0.3448565,0.550032933,0.436165663,0.461869556
2021/12/9 4:00,0.503766541,0.34521124,0.549228192,0.434898978,0.462713846
2021/12/9 5:00,0.502664186,0.349696799,0.546520895,0.443347231,0.462315735
2021/12/9 6:00,0.498784467,0.3573441,0.545866205,0.446197473,0.461456936
2021/12/9 7:00,0.501325304,0.357238294,0.549310012,0.447481953,0.462569661
2021/12/9 8:00,0.50013459,0.376710441,0.531317178,0.436394284,0.458261783
2021/12/9 9:00,0.500527124,0.381637975,0.517541377,0.430506256,0.451740112
2021/12/9 10:00,0.500751246,0.38375205,0.51254057,0.413132971,0.449464609
2021/12/9 11:00,0.499674573,0.385801393,0.509611192,0.395825229,0.449122897
2021/12/9 12:00,0.502779319,0.384443938,0.539635015,0.410011694,0.458506179
2021/12/9 13:00,0.499459447,0.381737906,0.524953501,0.392871539,0.452716016
2021/12/9 14:00,0.500950907,0.374288143,0.510602252,0.385457885,0.445341564
2021/12/9 15:00,0.498278436,0.366686303,0.493928236,0.374175177,0.437522779
2021/12/9 16:00,0.495930307,0.367306207,0.470486892,0.365788391,0.431115174
2021/12/9 17:00,0.495766818,0.366202356,0.449138572,0.353923171,0.425585123
2021/12/9 18:00,0.499091299,0.365306362,0.444679314,0.350448104,0.424093499
2021/12/9 19:00,0.503614541,0.363247004,0.449465499,0.351938477,0.426019832
2021/12/9 20:00,0.503519822,0.362179708,0.448444181,0.357459499,0.426092846
2021/12/9 21:00,0.503667151,0.370389592,0.460120476,0.365196368,0.433145245
2021/12/9 22:00,0.501117181,0.376568334,0.471882562,0.372729726,0.439822218
2021/12/9 23:00,0.501675738,0.374983708,0.478578352,0.32913057,0.440666177
2021/12/10 0:00,0.503842225,0.371663801,0.493021232,0.317885957,0.447615457
2021/12/10 1:00,0.503330382,0.361430904,0.541047557,0.333817377,0.460615583
2021/12/10 2:00,0.501210228,0.351679607,0.5539126,0.375820121,0.463842248
2021/12/10 3:00,0.50144065,0.344831612,0.551554574,0.384448219,0.464363555
2021/12/10 4:00,0.499125703,0.350664606,0.555967257,0.443583561,0.467741064
2021/12/10 5:00,0.497202216,0.36041498,0.55664321,0.45010263,0.469861184
2021/12/10 6:00,0.496662045,0.371515445,0.558117356,0.454853578,0.470765223
2021/12/10 7:00,0.499971533,0.384580993,0.563774538,0.463338444,0.477999176
2021/12/10 8:00,0.498994172,0.413053591,0.559908394,0.466891071,0.480138304
2021/12/10 9:00,0.497776531,0.420682076,0.558267341,0.469580857,0.48003378
2021/12/10 10:00,0.496882342,0.421761044,0.553268137,0.472938504,0.478962635
2021/12/10 11:00,0.497223032,0.422844902,0.551726181,0.475292586,0.47926532
2021/12/10 12:00,0.497790887,0.417676913,0.550051203,0.470869105,0.478649388
2021/12/10 13:00,0.499895356,0.411097459,0.531154947,0.454014366,0.469174591
2021/12/10 14:00,0.501076773,0.408865105,0.521125676,0.446506097,0.465618431
2021/12/10 15:00,0.498010496,0.401187733,0.509368639,0.438751513,0.461156945
2021/12/10 16:00,0.496732409,0.401616465,0.501476485,0.42173922,0.458795333
2021/12/10 17:00,0.499079277,0.403177053,0.5123498,0.397861815,0.464111002
2021/12/10 18:00,0.502288543,0.401027024,0.520597186,0.368039035,0.466917797
2021/12/10 19:00,0.503197429,0.396577517,0.49991498,0.352554711,0.459232784
2021/12/10 20:00,0.499850213,0.394759911,0.487191526,0.345870861,0.45303061
2021/12/10 21:00,0.498841758,0.388863589,0.485057702,0.351562655,0.449983386
2021/12/10 22:00,0.499976579,0.390144095,0.490313466,0.355708212,0.451149547
2021/12/10 23:00,0.501238088,0.387600947,0.482971213,0.363964307,0.448433558
2021/12/11 0:00,0.502797888,0.38813319,0.495114001,0.395023357,0.45410463
2021/12/11 1:00,0.501560169,0.38786448,0.529537224,0.41494586,0.465036546
2021/12/11 2:00,0.502423956,0.381536841,0.537855092,0.417318925,0.467285105
2021/12/11 3:00,0.503334729,0.37889036,0.540718387,0.418091003,0.468545556
2021/12/11 4:00,0.502915889,0.37852316,0.540567156,0.417285673,0.468159249
2021/12/11 5:00,0.503647013,0.37867664,0.539421469,0.42181273,0.46811173
2021/12/11 6:00,0.510141047,0.38081258,0.537673867,0.426479754,0.4694882
2021/12/11 7:00,0.520860178,0.386365052,0.551456351,0.456362501,0.480222825
2021/12/11 8:00,0.526582662,0.394817034,0.550854591,0.473678346,0.481645748
2021/12/11 9:00,0.532772659,0.392648669,0.542719562,0.469028149,0.478331722
2021/12/11 10:00,0.528361599,0.40623614,0.541043169,0.466179106,0.477769984
2021/12/11 11:00,0.527061305,0.412288185,0.54001522,0.464423389,0.479070802
2021/12/11 12:00,0.525570357,0.410881842,0.545182085,0.465042139,0.480032365
2021/12/11 13:00,0.512992764,0.413535901,0.545592617,0.459464553,0.477023734
2021/12/11 14:00,0.503033724,0.414070359,0.540867577,0.446987987,0.473214012
2021/12/11 15:00,0.499306645,0.415316127,0.547059128,0.412499497,0.4737484
2021/12/11 16:00,0.499956154,0.408648087,0.527714539,0.378484033,0.465739038
2021/12/11 17:00,0.501214905,0.397052428,0.492062167,0.367363555,0.449425608
2021/12/11 18:00,0.499680005,0.390964649,0.470471465,0.346391797,0.437502316
2021/12/11 19:00,0.499322257,0.389791918,0.465023391,0.34403093,0.433784621
2021/12/11 20:00,0.497718425,0.390020614,0.464113892,0.348264079,0.433549742
2021/12/11 21:00,0.499089204,0.389175161,0.466159659,0.359632548,0.434946479
2021/12/11 22:00,0.498681437,0.390759126,0.466880768,0.393322333,0.436160479
2021/12/11 23:00,0.499685778,0.391392267,0.478253324,0.398456875,0.440134486
2021/12/12 0:00,0.500496037,0.397300705,0.535332448,0.449771472,0.458475398
2021/12/12 1:00,0.502180636,0.393053866,0.54829467,0.453310415,0.462410951
2021/12/12 2:00,0.502740247,0.389459955,0.547894816,0.459485214,0.463389316
2021/12/12 3:00,0.502632232,0.387523508,0.550580201,0.457613823,0.464237858
2021/12/12 4:00,0.502991681,0.384589382,0.548800584,0.458311925,0.46464021
2021/12/12 5:00,0.50121178,0.38530468,0.546602076,0.458040998,0.462780641
2021/12/12 6:00,0.500448258,0.388902291,0.560431372,0.468578438,0.467893565
2021/12/12 7:00,0.502948282,0.393985878,0.565977306,0.473458538,0.472155677
2021/12/12 8:00,0.499257872,0.398684129,0.53830354,0.45548019,0.464561322
2021/12/12 9:00,0.500779268,0.402060763,0.533805027,0.457611082,0.462928289
2021/12/12 10:00,0.499705013,0.399574227,0.520889812,0.429022935,0.455804295
2021/12/12 11:00,0.499980154,0.403541842,0.522732019,0.426783468,0.456648882
2021/12/12 12:00,0.500471699,0.410941153,0.5428049,0.443688604,0.465160805
2021/12/12 13:00,0.498730487,0.408505782,0.530791699,0.43223279,0.459936707
2021/12/12 14:00,0.501653029,0.39625731,0.52562603,0.423586438,0.453102968
2021/12/12 15:00,0.498752909,0.386568687,0.514802471,0.413472879,0.44430912
2021/12/12 16:00,0.501568884,0.386911261,0.51041988,0.389948392,0.444628969
2021/12/12 17:00,0.500866725,0.386895161,0.506636469,0.382738292,0.443370786
2021/12/12 18:00,0.50070918,0.3857644,0.504039285,0.376499184,0.441962697
2021/12/12 19:00,0.500033193,0.382161142,0.495342683,0.371063433,0.437527151
2021/12/12 20:00,0.501173723,0.382952775,0.498462291,0.374571258,0.438535413
2021/12/12 21:00,0.503813879,0.387983753,0.499460496,0.387200553,0.442987175
2021/12/12 22:00,0.505321924,0.394922914,0.502693271,0.393250524,0.44952067
2021/12/12 23:00,0.50484088,0.391003678,0.516883382,0.410878823,0.453939555
2021/12/13 0:00,0.503507409,0.390275533,0.555251651,0.429602571,0.466238691
2021/12/13 1:00,0.502348507,0.385894486,0.558513891,0.424863959,0.469711566
2021/12/13 2:00,0.500149363,0.384993588,0.558020386,0.424207736,0.470410974
2021/12/13 3:00,0.500071989,0.378115683,0.55761444,0.421887975,0.46881074
2021/12/13 4:00,0.501234563,0.376877331,0.558034605,0.422059542,0.468985631
2021/12/13 5:00,0.498371205,0.379545197,0.555607998,0.42241302,0.467718702
2021/12/13 6:00,0.497254941,0.386566192,0.557573075,0.426586799,0.468091211
2021/12/13 7:00,0.503029525,0.393880231,0.560238616,0.456214148,0.472987504
2021/12/13 8:00,0.502047922,0.406939465,0.533538523,0.456483636,0.465905968
2021/12/13 9:00,0.502423728,0.409140844,0.51411367,0.442937287,0.458043525
2021/12/13 10:00,0.50247743,0.409319069,0.517806792,0.447604004,0.458409684
2021/12/13 11:00,0.5033473,0.409164677,0.52717105,0.454129053,0.461469822
2021/12/13 12:00,0.499756224,0.406686807,0.539756426,0.464317557,0.465672182
2021/12/13 13:00,0.499618492,0.406411107,0.529301866,0.455853717,0.461333939
2021/12/13 14:00,0.499640298,0.396314931,0.523601926,0.450449886,0.454291052
2021/12/13 15:00,0.50126165,0.381534494,0.524463636,0.43436237,0.448357671
2021/12/13 16:00,0.498736614,0.375762829,0.511452627,0.388632387,0.44285078
2021/12/13 17:00,0.498587476,0.373790351,0.486062709,0.366507346,0.435276262
2021/12/13 18:00,0.499556328,0.370810485,0.469713081,0.350867781,0.429390229
2021/12/13 19:00,0.499358917,0.368114742,0.45564854,0.340492596,0.42475399
2021/12/13 20:00,0.498590132,0.367098745,0.459473304,0.342047413,0.42631799
2021/12/13 21:00,0.500961122,0.372127462,0.470738197,0.352343344,0.43302898
2021/12/13 22:00,0.502150706,0.37796485,0.485421965,0.356853321,0.44177561
2021/12/13 23:00,0.501910679,0.377559405,0.520261454,0.37945595,0.452125177
2021/12/14 0:00,0.495611963,0.378742159,0.544385201,0.444933027,0.45763943
2021/12/14 1:00,0.493094068,0.371448812,0.542301594,0.439403249,0.457010313
2021/12/14 2:00,0.494986815,0.366977026,0.543228156,0.439820472,0.458105381
2021/12/14 3:00,0.49775988,0.363191801,0.544372362,0.441606581,0.459003586
2021/12/14 4:00,0.500078107,0.362621591,0.54478697,0.44290817,0.459954185
2021/12/14 5:00,0.49746989,0.366046942,0.544816541,0.444147685,0.459035828
2021/12/14 6:00,0.487195909,0.373225734,0.545294281,0.447618027,0.457740677
2021/12/14 7:00,0.487316772,0.37439729,0.545670961,0.45498055,0.459426726
2021/12/14 8:00,0.481547881,0.388446504,0.521674125,0.429156301,0.452973857
2021/12/14 9:00,0.487388005,0.397780027,0.538423106,0.431979428,0.462098729
2021/12/14 10:00,0.480709851,0.400005207,0.529740087,0.4128468,0.457495528
2021/12/14 11:00,0.476058869,0.398073799,0.527203113,0.399104679,0.454782557
2021/12/14 12:00,0.476981995,0.396984986,0.54787389,0.423364453,0.462949359
2021/12/14 13:00,0.473695714,0.394586342,0.541500977,0.412320509,0.458432086
2021/12/14 14:00,0.475441228,0.392787432,0.549413502,0.421955249,0.45956632
2021/12/14 15:00,0.476871487,0.384336702,0.552617227,0.425381932,0.454168939
2021/12/14 16:00,0.475195514,0.382006583,0.532221886,0.401303096,0.447380402
2021/12/14 17:00,0.475692435,0.38216981,0.522845391,0.389529063,0.444412434
2021/12/14 18:00,0.477246564,0.377923754,0.506875838,0.375216069,0.438975625
2021/12/14 19:00,0.474943229,0.373875432,0.498665794,0.367861275,0.434550683
2021/12/14 20:00,0.473592395,0.373327581,0.509817727,0.373877429,0.438069543
2021/12/14 21:00,0.474256922,0.378871863,0.532170741,0.392502571,0.449468213
2021/12/14 22:00,0.475513179,0.380010448,0.540343916,0.389655171,0.454593294
2021/12/14 23:00,0.474437171,0.374793333,0.544415355,0.381457675,0.453715024
2021/12/15 0:00,0.475953338,0.372277042,0.575012593,0.38708039,0.461414881
2021/12/15 1:00,0.4762375,0.366524021,0.572744686,0.401888413,0.462459944
2021/12/15 2:00,0.47483102,0.358855419,0.559936481,0.447656784,0.459243584
2021/12/15 3:00,0.476054865,0.355702528,0.559860473,0.447763808,0.459808329
2021/12/15 4:00,0.476340046,0.355359139,0.560773769,0.44904738,0.460318263
2021/12/15 5:00,0.476011025,0.358834546,0.561827874,0.452135092,0.460574729
2021/12/15 6:00,0.473810807,0.364677956,0.56578536,0.454102545,0.46264365
2021/12/15 7:00,0.477247545,0.368040502,0.574300896,0.44726037,0.468206035
2021/12/15 8:00,0.476455139,0.382869465,0.549151937,0.434361375,0.461829041
2021/12/15 9:00,0.478893598,0.391262277,0.541397399,0.43232609,0.460633157
2021/12/15 10:00,0.4771886,0.393674926,0.530088934,0.419148123,0.455986825
2021/12/15 11:00,0.477465059,0.394870036,0.536586053,0.424247941,0.459229812
2021/12/15 12:00,0.477375521,0.393082362,0.559746318,0.465732556,0.468106712
2021/12/15 13:00,0.477689035,0.392508104,0.540136444,0.449660953,0.458816093
2021/12/15 14:00,0.476950193,0.384216354,0.533001964,0.428581115,0.450685953
2021/12/15 15:00,0.47628444,0.376465918,0.531067662,0.426587725,0.444648793
2021/12/15 16:00,0.479319699,0.37608999,0.54569466,0.420347122,0.452373781
2021/12/15 17:00,0.480232153,0.376603843,0.559716495,0.410393895,0.458221903
2021/12/15 18:00,0.474615811,0.37200043,0.532850859,0.394254872,0.44764698
2021/12/15 19:00,0.472188502,0.368586322,0.505593779,0.38217822,0.436332188
2021/12/15 20:00,0.471490078,0.367489485,0.496166626,0.370633548,0.432466733
2021/12/15 21:00,0.471636268,0.37606951,0.482790207,0.359919737,0.431851469
2021/12/15 22:00,0.473531073,0.378318057,0.489012475,0.38673404,0.437695298
2021/12/15 23:00,0.474480811,0.374848299,0.50842659,0.437325702,0.44474506
2021/12/16 0:00,0.474972265,0.37190116,0.55419479,0.460691053,0.457191788
2021/12/16 1:00,0.474219739,0.366761786,0.550876781,0.455641671,0.457000454
2021/12/16 2:00,0.473848932,0.361132826,0.551240341,0.454405568,0.457110079
2021/12/16 3:00,0.473720309,0.35675054,0.55520737,0.459747375,0.458761156
2021/12/16 4:00,0.474454402,0.355740775,0.555409288,0.460635779,0.45923135
2021/12/16 5:00,0.47296074,0.35797324,0.552649323,0.46049805,0.457843126
2021/12/16 6:00,0.472024143,0.367198294,0.556567146,0.441691433,0.459570854
2021/12/16 7:00,0.474093713,0.365713156,0.56586516,0.438512276,0.463884447
2021/12/16 8:00,0.47359108,0.385741382,0.535823533,0.420363017,0.45775355
2021/12/16 9:00,0.477682758,0.393636903,0.530549922,0.438345104,0.456559227
2021/12/16 10:00,0.476590103,0.392903822,0.522222533,0.440927036,0.453284347
2021/12/16 11:00,0.476231087,0.390316305,0.521806731,0.407011936,0.451694524
2021/12/16 12:00,0.477022721,0.394429531,0.538596242,0.463532175,0.458733959
2021/12/16 13:00,0.477534791,0.391818005,0.541225215,0.446437661,0.458318101
2021/12/16 14:00,0.478978318,0.38218576,0.536125727,0.426022786,0.45207374
2021/12/16 15:00,0.480649092,0.378782067,0.541382345,0.434613173,0.449721415
2021/12/16 16:00,0.479040525,0.376478945,0.546323527,0.439625842,0.452234987
2021/12/16 17:00,0.479495895,0.373612347,0.54839347,0.423278407,0.453028362
2021/12/16 18:00,0.48067634,0.370849543,0.546086233,0.402029271,0.451462472
2021/12/16 19:00,0.476558443,0.369807459,0.518537674,0.384606408,0.439244135
2021/12/16 20:00,0.475857999,0.366300461,0.510798519,0.380185268,0.43571705
2021/12/16 21:00,0.476026454,0.370059201,0.513124179,0.37690025,0.440012006
2021/12/16 22:00,0.476636115,0.378526063,0.525618122,0.391210668,0.448700911
2021/12/16 23:00,0.478329308,0.374132144,0.528399443,0.4093813,0.450662981
2021/12/17 0:00,0.479765465,0.373299891,0.532607435,0.411543392,0.451605001
2021/12/17 1:00,0.480406864,0.368973993,0.562324812,0.477691886,0.461275448
2021/12/17 2:00,0.480630701,0.356911628,0.567159046,0.479720634,0.464189736
2021/12/17 3:00,0.480761693,0.349196957,0.567150495,0.479049309,0.463787379
2021/12/17 4:00,0.482958706,0.349941258,0.567885087,0.481070262,0.464115012
2021/12/17 5:00,0.482761073,0.34958155,0.56899562,0.483023118,0.464204317
2021/12/17 6:00,0.483366875,0.356371484,0.576635383,0.488790502,0.466998253
2021/12/17 7:00,0.483640555,0.366057038,0.576496955,0.488835903,0.469325741
2021/12/17 8:00,0.480441177,0.385948438,0.572319881,0.453629609,0.469591762
2021/12/17 9:00,0.481006324,0.390897643,0.582129577,0.432943245,0.476145643
2021/12/17 10:00,0.483956603,0.394736822,0.586350685,0.455083787,0.480057666
2021/12/17 11:00,0.482926226,0.39221474,0.564343314,0.42093603,0.469268559
2021/12/17 12:00,0.479546946,0.392520698,0.535536153,0.430606476,0.456722659
2021/12/17 13:00,0.480037778,0.390835382,0.538999533,0.436635029,0.456358656
2021/12/17 14:00,0.481121098,0.389304447,0.539479951,0.436452146,0.4555466
2021/12/17 15:00,0.48049046,0.388531456,0.534233531,0.424222737,0.451716385
2021/12/17 16:00,0.477632423,0.386408929,0.516656756,0.386029153,0.445522536
2021/12/17 17:00,0.478023513,0.388826366,0.520735171,0.370056056,0.447531149
2021/12/17 18:00,0.480598178,0.386881524,0.520769925,0.364639597,0.448920639
2021/12/17 19:00,0.480387491,0.382022404,0.511694836,0.35585328,0.444398056
2021/12/17 20:00,0.47965987,0.385105205,0.507495181,0.352505892,0.443332701
2021/12/17 21:00,0.481161413,0.383185427,0.506784313,0.351141778,0.443017549
2021/12/17 22:00,0.481131997,0.380012547,0.512007125,0.357176417,0.443779621
2021/12/17 23:00,0.48013273,0.375690749,0.51377057,0.350731381,0.443752832
2021/12/18 0:00,0.481458295,0.375580217,0.524182515,0.361003232,0.447587004
2021/12/18 1:00,0.482591719,0.368966824,0.561152314,0.409533622,0.459740757
2021/12/18 2:00,0.483666162,0.36308075,0.568992697,0.437348379,0.463449045
2021/12/18 3:00,0.483423632,0.356831493,0.564448061,0.464550724,0.463355072
2021/12/18 4:00,0.483186764,0.356132542,0.553187669,0.457641841,0.45872528
2021/12/18 5:00,0.483141036,0.357180892,0.554577888,0.461622555,0.458287145
2021/12/18 6:00,0.48170586,0.362615235,0.554156288,0.464373692,0.457429995
2021/12/18 7:00,0.483095538,0.365738833,0.554908108,0.448626196,0.458164034
2021/12/18 8:00,0.483713314,0.36834366,0.554483805,0.436007818,0.458003176
2021/12/18 9:00,0.483114357,0.361595397,0.543877083,0.433001048,0.452036527
2021/12/18 10:00,0.483804365,0.369145848,0.520051894,0.410817247,0.443542518
2021/12/18 11:00,0.482812221,0.370042754,0.518848469,0.390519977,0.444923823
2021/12/18 12:00,0.483588131,0.37352268,0.526132899,0.409357668,0.447783093
2021/12/18 13:00,0.483281162,0.381004243,0.522453079,0.397120365,0.445610243
2021/12/18 14:00,0.482584814,0.378449307,0.51891826,0.383904184,0.446782216
2021/12/18 15:00,0.483036234,0.372789037,0.50088408,0.373092838,0.440077212
2021/12/18 16:00,0.483177913,0.373069072,0.472243078,0.353139505,0.428920859
2021/12/18 17:00,0.479977644,0.377629361,0.474050854,0.33481565,0.429469374
2021/12/18 18:00,0.482658614,0.383874875,0.511448342,0.349200963,0.445098579
2021/12/18 19:00,0.483813923,0.386604106,0.525224819,0.349247281,0.451454125
2021/12/18 20:00,0.48251642,0.386488389,0.520657362,0.342715103,0.449872503
2021/12/18 21:00,0.482076044,0.386236888,0.527434251,0.343345553,0.451653927
2021/12/18 22:00,0.481146815,0.383666147,0.522327395,0.352913013,0.44760932
2021/12/18 23:00,0.484094679,0.380749878,0.533255533,0.351932222,0.449772656
2021/12/19 0:00,0.484163441,0.372976209,0.551770001,0.361045929,0.455456083
2021/12/19 1:00,0.483948084,0.368029924,0.572438725,0.400223099,0.462327704
2021/12/19 2:00,0.483072075,0.361536903,0.571018921,0.436169068,0.462839251
2021/12/19 3:00,0.483422418,0.359224248,0.570351339,0.436248164,0.462950158
2021/12/19 4:00,0.483816929,0.360069923,0.571940501,0.435167441,0.463600157
2021/12/19 5:00,0.4843946,0.363649685,0.58751726,0.445236555,0.469981123
2021/12/19 6:00,0.485812941,0.365981557,0.604975844,0.458668181,0.478334747
2021/12/19 7:00,0.485744701,0.368090302,0.604346567,0.464681044,0.480312979
2021/12/19 8:00,0.485706423,0.374235977,0.60099706,0.4674254,0.481103136
2021/12/19 9:00,0.484802884,0.377959042,0.580684081,0.460895004,0.473821908
2021/12/19 10:00,0.4838342,0.378997498,0.572866822,0.456217141,0.469547646
2021/12/19 11:00,0.483816853,0.385550595,0.568209563,0.441657578,0.467314612
2021/12/19 12:00,0.484057371,0.385091177,0.565926462,0.415754693,0.462594727
2021/12/19 13:00,0.482178876,0.384352649,0.556175766,0.407654757,0.458858139
2021/12/19 14:00,0.480035708,0.377205184,0.569072691,0.41115962,0.458872849
2021/12/19 15:00,0.4795018,0.362920221,0.54523705,0.383897866,0.446184968
2021/12/19 16:00,0.481720061,0.366393243,0.530744044,0.376193445,0.443028339
2021/12/19 17:00,0.48208342,0.374919757,0.527309827,0.371895899,0.443309686
2021/12/19 18:00,0.477173523,0.377114302,0.532052718,0.348280995,0.443216426
2021/12/19 19:00,0.477871476,0.376108824,0.532740979,0.347157161,0.444027968
2021/12/19 20:00,0.478320745,0.375937752,0.529066509,0.349209874,0.443218816
2021/12/19 21:00,0.478223902,0.383809849,0.526865031,0.350811552,0.447138648
2021/12/19 22:00,0.47817062,0.389313711,0.540784426,0.387052711,0.455645443
2021/12/19 23:00,0.47874192,0.382040105,0.558504497,0.405714525,0.461769237
2021/12/20 0:00,0.47960602,0.372613103,0.593972793,0.422513981,0.472761154
2021/12/20 1:00,0.481969805,0.363539955,0.603080461,0.429287226,0.476372235
2021/12/20 2:00,0.482005747,0.35481834,0.599386264,0.429357628,0.476223804
2021/12/20 3:00,0.483133844,0.351944076,0.59399022,0.424084592,0.47326815
2021/12/20 4:00,0.483063206,0.34945753,0.5895462,0.422078106,0.47060798
2021/12/20 5:00,0.481941616,0.357775353,0.588561115,0.423337067,0.4698334
2021/12/20 6:00,0.4816292,0.369236452,0.599983924,0.430134034,0.474330737
2021/12/20 7:00,0.483090919,0.379725488,0.603939779,0.440539427,0.4792501
2021/12/20 8:00,0.482986236,0.386908662,0.562175763,0.416640689,0.464795892
2021/12/20 9:00,0.482292982,0.386825812,0.552798339,0.40774007,0.460547714
2021/12/20 10:00,0.485115333,0.387177346,0.55135275,0.408592725,0.460177566
2021/12/20 11:00,0.485847664,0.388403461,0.562358236,0.415642812,0.463806121
2021/12/20 12:00,0.486222061,0.385993964,0.591153515,0.432960951,0.473122561
2021/12/20 13:00,0.484660323,0.387557474,0.572742249,0.44916224,0.467365949
2021/12/20 14:00,0.484711779,0.379838791,0.552343109,0.432189977,0.456796764
2021/12/20 15:00,0.48591532,0.375179788,0.568818536,0.42651908,0.458913143
2021/12/20 16:00,0.487164198,0.372503472,0.561563609,0.409149344,0.459456049
2021/12/20 17:00,0.487703844,0.377045963,0.545431327,0.401613217,0.456438792
2021/12/20 18:00,0.487895743,0.376435333,0.54545248,0.380814628,0.456620009
2021/12/20 19:00,0.488079788,0.375384322,0.5623735,0.391058406,0.461225817
2021/12/20 20:00,0.488190186,0.368964128,0.56393509,0.390496323,0.4601278
2021/12/20 21:00,0.482679709,0.367361149,0.559537158,0.382993489,0.459599421
2021/12/20 22:00,0.482730354,0.373374003,0.566975299,0.441165818,0.467149196
2021/12/20 23:00,0.48342433,0.365467623,0.566920843,0.43989946,0.467197162
2021/12/21 0:00,0.480656431,0.367736879,0.597909912,0.448159839,0.475139035
2021/12/21 1:00,0.479517673,0.357058596,0.606000647,0.452172255,0.477772711
2021/12/21 2:00,0.478696033,0.349133948,0.612379137,0.455676302,0.48238771
2021/12/21 3:00,0.478585469,0.346255439,0.608237236,0.450504251,0.480390273
2021/12/21 4:00,0.480466386,0.345554242,0.606444195,0.43301588,0.479809704
2021/12/21 5:00,0.480136768,0.35334586,0.60673306,0.436811505,0.478795606
2021/12/21 6:00,0.482050419,0.365230251,0.605452667,0.440206412,0.479522669
2021/12/21 7:00,0.482069609,0.365724672,0.606835725,0.446009363,0.482600301
2021/12/21 8:00,0.485213136,0.391778184,0.590258936,0.440667658,0.479017293
2021/12/21 9:00,0.485916271,0.393310432,0.564291411,0.426845595,0.466958225
2021/12/21 10:00,0.485157133,0.392156768,0.544771747,0.418105156,0.456774512
2021/12/21 11:00,0.483672287,0.394728899,0.546713473,0.412721363,0.457161241
2021/12/21 12:00,0.484510172,0.397873789,0.570321491,0.413282498,0.467789189
2021/12/21 13:00,0.483653237,0.394550406,0.552617433,0.400654381,0.462316986
2021/12/21 14:00,0.484460041,0.383258416,0.543227674,0.393299542,0.45238525
2021/12/21 15:00,0.48351357,0.372988551,0.542839201,0.39576665,0.446238954
2021/12/21 16:00,0.48054593,0.372111572,0.537562456,0.403310864,0.446272791
2021/12/21 17:00,0.480839768,0.373107448,0.529822096,0.408020249,0.445482043
2021/12/21 18:00,0.482620334,0.37023761,0.51372271,0.379578076,0.439167587
2021/12/21 19:00,0.481091045,0.367834826,0.495098339,0.366773241,0.431797759
2021/12/21 20:00,0.480202835,0.367868263,0.509517082,0.372077021,0.435659012
2021/12/21 21:00,0.47917076,0.378632023,0.514685145,0.376926408,0.441100315
2021/12/21 22:00,0.479394289,0.383416099,0.527635044,0.378633838,0.449232288
2021/12/21 23:00,0.480768794,0.379409268,0.555522531,0.384525158,0.457083741
2021/12/22 0:00,0.481985014,0.374562917,0.56377218,0.397330411,0.457613067
2021/12/22 1:00,0.483042605,0.366134635,0.571051745,0.377505636,0.46041418
2021/12/22 2:00,0.483700612,0.358194133,0.572378681,0.353857382,0.461090559
2021/12/22 3:00,0.482740867,0.35935431,0.571759284,0.350778948,0.460946451
2021/12/22 4:00,0.483456997,0.36068821,0.572127416,0.351358808,0.461787483
2021/12/22 5:00,0.483140054,0.363137736,0.570618757,0.37916813,0.461726058
2021/12/22 6:00,0.481493914,0.365686762,0.594122246,0.400793857,0.469431363
2021/12/22 7:00,0.484305959,0.361612569,0.593386616,0.448383773,0.471639522
2021/12/22 8:00,0.484029255,0.379034973,0.546961803,0.435569444,0.455429885
2021/12/22 9:00,0.483844339,0.38532166,0.521857895,0.426258438,0.446409637
2021/12/22 10:00,0.484105176,0.384616175,0.50705808,0.401069326,0.443128712
2021/12/22 11:00,0.483024685,0.39224587,0.513899002,0.405271843,0.448411062
2021/12/22 12:00,0.483432658,0.401653114,0.540405939,0.42207735,0.463361186
2021/12/22 13:00,0.481774436,0.399529877,0.535299637,0.403317414,0.459668142
2021/12/22 14:00,0.481100366,0.395344327,0.544233207,0.3864994,0.460611526
2021/12/22 15:00,0.48231055,0.391806376,0.567512234,0.414673565,0.465421775
2021/12/22 16:00,0.483934575,0.39549665,0.576542437,0.435163883,0.473080264
2021/12/22 17:00,0.482103839,0.393999427,0.557266377,0.417695062,0.466030743
2021/12/22 18:00,0.484123313,0.392710801,0.54277994,0.390496852,0.461744578
2021/12/22 19:00,0.481666131,0.385446918,0.538420115,0.386300567,0.45759196
2021/12/22 20:00,0.479000805,0.384523741,0.523440855,0.379110689,0.449775753
2021/12/22 21:00,0.479252963,0.390833848,0.523567192,0.367708733,0.452613674
2021/12/22 22:00,0.48159604,0.388139708,0.530485299,0.351725308,0.454569299
2021/12/22 23:00,0.480883842,0.382070928,0.550451003,0.347031381,0.457292
2021/12/23 0:00,0.482019604,0.377285477,0.576413023,0.389254739,0.463315918
2021/12/23 1:00,0.483404251,0.365296832,0.565758989,0.412590703,0.46055593
2021/12/23 2:00,0.482360935,0.356022843,0.567098018,0.418420777,0.460078963
2021/12/23 3:00,0.483344967,0.353200183,0.568805556,0.422440563,0.45979347
2021/12/23 4:00,0.482487017,0.352552409,0.56907771,0.423367767,0.459791963
2021/12/23 5:00,0.48206719,0.35295265,0.569580407,0.425563887,0.459920558
2021/12/23 6:00,0.483368773,0.357762866,0.571878089,0.430490652,0.462046794
2021/12/23 7:00,0.484962769,0.35879669,0.571621986,0.43514528,0.464037538
2021/12/23 8:00,0.483696699,0.376865241,0.554696477,0.430411351,0.457174813
2021/12/23 9:00,0.484242844,0.379258471,0.533007614,0.41934284,0.448944724
2021/12/23 10:00,0.483751156,0.383812778,0.527131105,0.418779096,0.448914939
2021/12/23 11:00,0.482752644,0.387123226,0.520139851,0.406930644,0.446788379
2021/12/23 12:00,0.479984901,0.387367344,0.524905836,0.41171022,0.448225375
2021/12/23 13:00,0.480272709,0.385983137,0.52573477,0.414625048,0.445479447
2021/12/23 14:00,0.481720014,0.372985962,0.502593023,0.398344425,0.432587142
2021/12/23 15:00,0.480653423,0.361517815,0.489246256,0.393687585,0.423827007
2021/12/23 16:00,0.47994713,0.364463368,0.48828263,0.399906126,0.425978952
2021/12/23 17:00,0.48164073,0.369822398,0.514930826,0.39300484,0.436947786
2021/12/23 18:00,0.481156191,0.367598317,0.496947413,0.365234665,0.431546624
2021/12/23 19:00,0.479745972,0.359996407,0.477684446,0.350915703,0.423623463
2021/12/23 20:00,0.479281209,0.355710222,0.47555417,0.34772547,0.422372732
2021/12/23 21:00,0.47763853,0.363225474,0.461325694,0.339586231,0.422437397
2021/12/23 22:00,0.47760885,0.369818234,0.498405095,0.35086222,0.438437727
2021/12/23 23:00,0.477638344,0.365374193,0.506842996,0.371383366,0.441466575
2021/12/24 0:00,0.481904536,0.363977764,0.505278196,0.389709079,0.441199661
2021/12/24 1:00,0.483810524,0.357078732,0.524534749,0.398488044,0.44658477
2021/12/24 2:00,0.484181995,0.348313615,0.539016126,0.407124452,0.4496748
2021/12/24 3:00,0.48466085,0.346399225,0.536416245,0.40770973,0.449440961
2021/12/24 4:00,0.484588929,0.345531111,0.5348312,0.406895041,0.449195495
2021/12/24 5:00,0.483760095,0.348395812,0.526542745,0.404914264,0.446004042
2021/12/24 6:00,0.482949734,0.354505916,0.523425286,0.402528502,0.443668779
2021/12/24 7:00,0.483909066,0.359480071,0.523277466,0.403412761,0.444336689
2021/12/24 8:00,0.481068399,0.374897734,0.521573902,0.404369612,0.443874622
2021/12/24 9:00,0.453277823,0.377194385,0.49738055,0.386871493,0.427917369
2021/12/24 10:00,0.450158343,0.382554379,0.494400983,0.387320107,0.429170535
2021/12/24 11:00,0.456819839,0.387762687,0.493820794,0.384910234,0.43238274
2021/12/24 12:00,0.478597794,0.384591425,0.506712245,0.399540559,0.44097779
2021/12/24 13:00,0.482197719,0.383617589,0.507691316,0.390319357,0.441537552
2021/12/24 14:00,0.481707591,0.382007557,0.502912687,0.389325517,0.440513409
2021/12/24 15:00,0.480019901,0.378052091,0.490701162,0.382902821,0.435837284
2021/12/24 16:00,0.480140645,0.37618067,0.453589632,0.36204722,0.424620853
2021/12/24 17:00,0.47952173,0.377882073,0.454915854,0.3462515,0.425977699
2021/12/24 18:00,0.47967358,0.377506623,0.471520916,0.336156071,0.431612493
2021/12/24 19:00,0.478555147,0.374406263,0.438952669,0.312618078,0.419910723
2021/12/24 20:00,0.478436764,0.372654103,0.41735054,0.298563319,0.412503309
2021/12/24 21:00,0.4785128,0.371767419,0.437198098,0.328455543,0.419732361
2021/12/24 22:00,0.478551865,0.371682704,0.460423489,0.355942602,0.426886805
2021/12/24 23:00,0.47880792,0.369339156,0.457901797,0.354571002,0.425696641
2021/12/25 0:00,0.481707772,0.364820676,0.492820711,0.381193264,0.434687098
2021/12/25 1:00,0.482945814,0.357784555,0.529997093,0.403415616,0.444519285
2021/12/25 2:00,0.482013139,0.349138129,0.525083474,0.416515442,0.443528465
2021/12/25 3:00,0.482440123,0.347431543,0.50732602,0.415003463,0.437297426
2021/12/25 4:00,0.483205695,0.349334215,0.507778219,0.416726601,0.437569258
2021/12/25 5:00,0.483260076,0.351651382,0.507477413,0.419688546,0.437640716
2021/12/25 6:00,0.481383962,0.354360158,0.505716236,0.419115838,0.436528187
2021/12/25 7:00,0.482838801,0.359544018,0.505434838,0.421353376,0.437420805
2021/12/25 8:00,0.483194629,0.366303443,0.505038774,0.423689951,0.437734561
2021/12/25 9:00,0.483254735,0.365165775,0.504591357,0.423879964,0.437531893
2021/12/25 10:00,0.48328669,0.371174885,0.505686519,0.424470776,0.438850135
2021/12/25 11:00,0.483981139,0.378738509,0.5108651,0.426803957,0.441172031
2021/12/25 12:00,0.485025714,0.377272095,0.507407687,0.419938651,0.440356625
2021/12/25 13:00,0.484454643,0.380775372,0.511061573,0.400899933,0.440069016
2021/12/25 14:00,0.482533734,0.377065926,0.513970904,0.398156885,0.439253984
2021/12/25 15:00,0.481521141,0.375620075,0.524754311,0.398415122,0.442962189
2021/12/25 16:00,0.480671394,0.376765823,0.513301449,0.392382205,0.440536444
2021/12/25 17:00,0.477840341,0.377384246,0.485500559,0.38152158,0.435457316
2021/12/25 18:00,0.480284726,0.377762409,0.494032468,0.380700181,0.439529193
2021/12/25 19:00,0.480870151,0.380698546,0.479089319,0.341080671,0.434619006
2021/12/25 20:00,0.478237218,0.377993798,0.429242503,0.311205548,0.417510455
2021/12/25 21:00,0.47869031,0.376611029,0.420210188,0.313940633,0.415010105
2021/12/25 22:00,0.479464807,0.376216335,0.448151968,0.313260759,0.424287615
2021/12/25 23:00,0.479035479,0.373778867,0.469926107,0.331568252,0.430784737
2021/12/26 0:00,0.479625687,0.369464429,0.516020302,0.364935196,0.4437319
2021/12/26 1:00,0.481020842,0.362678626,0.547290913,0.37387514,0.452100839
2021/12/26 2:00,0.481770524,0.356740408,0.555398749,0.373814361,0.454254045
2021/12/26 3:00,0.481782734,0.353464229,0.558448115,0.374054537,0.45545326
2021/12/26 4:00,0.482176112,0.353395643,0.557749378,0.374046877,0.455017045
2021/12/26 5:00,0.480938976,0.351704587,0.555775371,0.391731984,0.4550836
2021/12/26 6:00,0.48227776,0.354619548,0.56957612,0.403298638,0.460333426
2021/12/26 7:00,0.482658648,0.35681489,0.573041273,0.40609867,0.462769638
2021/12/26 8:00,0.482402837,0.363254596,0.570314603,0.406234489,0.463637561
2021/12/26 9:00,0.482550868,0.368625212,0.573568576,0.426271601,0.46316765
2021/12/26 10:00,0.483272169,0.373758243,0.547916405,0.438548306,0.453525795
2021/12/26 11:00,0.483698752,0.378727155,0.540273486,0.435779683,0.452415441
2021/12/26 12:00,0.481966408,0.380148883,0.535570581,0.43695069,0.45413967
2021/12/26 13:00,0.481955142,0.376563125,0.529303366,0.431055388,0.450763138
2021/12/26 14:00,0.482812176,0.362179104,0.519275677,0.424517727,0.442666171
2021/12/26 15:00,0.48179459,0.348884511,0.514332866,0.411406329,0.433413872
2021/12/26 16:00,0.479978663,0.354678472,0.510347193,0.404164106,0.432503015
2021/12/26 17:00,0.482083797,0.358286894,0.507834351,0.408407916,0.434784758
2021/12/26 18:00,0.481156405,0.359816229,0.494395365,0.400459519,0.431154601
2021/12/26 19:00,0.480305835,0.359492457,0.476330574,0.391527826,0.425458801
2021/12/26 20:00,0.479240758,0.35959166,0.456539504,0.382093553,0.419085466
2021/12/26 21:00,0.477755235,0.367777315,0.432471915,0.365040011,0.416115863
2021/12/26 22:00,0.477846548,0.37604227,0.456110483,0.370434255,0.426971548
2021/12/26 23:00,0.477968376,0.376423391,0.492814975,0.358538547,0.436628416
2021/12/27 0:00,0.479812195,0.37108724,0.541095275,0.368930811,0.449370853
2021/12/27 1:00,0.477376939,0.359968688,0.553374661,0.369792042,0.453291383
2021/12/27 2:00,0.476212458,0.350722924,0.5534362,0.366727929,0.452911621
2021/12/27 3:00,0.477156409,0.348378642,0.555677639,0.422006638,0.454827744
2021/12/27 4:00,0.47803377,0.349150177,0.554938156,0.437396373,0.455335874
2021/12/27 5:00,0.476598629,0.35099633,0.554064435,0.440299995,0.455549653
2021/12/27 6:00,0.476035297,0.351816913,0.560534942,0.422201464,0.457577655
2021/12/27 7:00,0.479700978,0.356406105,0.569706125,0.403315566,0.462102866
2021/12/27 8:00,0.4816752,0.37355259,0.575373042,0.391903699,0.465632279
2021/12/27 9:00,0.481240243,0.383716211,0.561463489,0.428862353,0.462249352
2021/12/27 10:00,0.481259779,0.387606449,0.551703652,0.430177108,0.460013291
2021/12/27 11:00,0.480375114,0.388642728,0.545428379,0.424738421,0.457714058
2021/12/27 12:00,0.480731078,0.38931277,0.546902067,0.451488312,0.460890086
2021/12/27 13:00,0.479384429,0.386532667,0.551866993,0.451189321,0.458767746
2021/12/27 14:00,0.48074512,0.372369024,0.537368122,0.441817191,0.448837837
2021/12/27 15:00,0.47983951,0.358815697,0.529076447,0.429979545,0.439637445
2021/12/27 16:00,0.479793953,0.365218362,0.529457439,0.416033248,0.440800054
2021/12/27 17:00,0.483658877,0.363946551,0.497567971,0.378306407,0.43322605
2021/12/27 18:00,0.484076155,0.361809756,0.475516432,0.341797826,0.425346465
2021/12/27 19:00,0.482771474,0.363021523,0.478765434,0.344134753,0.425304521
2021/12/27 20:00,0.479440464,0.362918361,0.491828159,0.350343646,0.428159605
2021/12/27 21:00,0.477493201,0.374689046,0.498103187,0.351488731,0.435113972
2021/12/27 22:00,0.477058411,0.383315157,0.504108126,0.358469543,0.441892001
2021/12/27 23:00,0.476428914,0.382049411,0.495780126,0.366151662,0.442109879
2021/12/28 0:00,0.47736909,0.387378957,0.502118535,0.364431245,0.448853415
2021/12/28 1:00,0.479918033,0.381221838,0.512328768,0.368170087,0.454193723
2021/12/28 2:00,0.477691721,0.375685982,0.554740546,0.395833341,0.465454145
2021/12/28 3:00,0.478518268,0.373152179,0.554972829,0.438198021,0.465977485
2021/12/28 4:00,0.479151105,0.369422816,0.555163979,0.44318261,0.466447019
2021/12/28 5:00,0.478089646,0.369537653,0.558186503,0.447042756,0.466916502
2021/12/28 6:00,0.477367502,0.3771348,0.563595378,0.456443999,0.470288841
2021/12/28 7:00,0.479921184,0.379682611,0.565199368,0.460503199,0.471334994
2021/12/28 8:00,0.479061309,0.386816201,0.554465876,0.458545199,0.467820135
2021/12/28 9:00,0.47869524,0.397034078,0.544975257,0.450067947,0.46267627
2021/12/28 10:00,0.478935798,0.404604744,0.534319094,0.441061083,0.45962428
2021/12/28 11:00,0.478229504,0.405647678,0.533435818,0.418368198,0.458743785
2021/12/28 12:00,0.479707421,0.412175114,0.544896193,0.425277665,0.464136063
2021/12/28 13:00,0.479605779,0.413308825,0.536949049,0.422798036,0.461201061
2021/12/28 14:00,0.479254014,0.4010693,0.517894722,0.405130524,0.451308748
2021/12/28 15:00,0.478255687,0.389757902,0.514675704,0.401768647,0.446250334
2021/12/28 16:00,0.479725072,0.391226384,0.524537463,0.379043291,0.450791335
2021/12/28 17:00,0.479245607,0.391942199,0.51194513,0.367937212,0.448430288
2021/12/28 18:00,0.478553225,0.391409964,0.501680623,0.352728277,0.44504551
2021/12/28 19:00,0.478713637,0.393224679,0.517440812,0.371976594,0.450434133
2021/12/28 20:00,0.477829554,0.390633635,0.523362406,0.390379985,0.451711565
2021/12/28 21:00,0.47574094,0.393504734,0.522428443,0.384394943,0.45378895
2021/12/28 22:00,0.475670663,0.394059171,0.525321013,0.380591577,0.455261632
2021/12/28 23:00,0.476446402,0.392619707,0.531584846,0.372554375,0.456797254
2021/12/29 0:00,0.479690671,0.393048931,0.529263966,0.363212109,0.457699817
2021/12/29 1:00,0.47972299,0.388347919,0.536663784,0.392840811,0.460551032
2021/12/29 2:00,0.478954709,0.38031416,0.562108027,0.409530935,0.467561383
2021/12/29 3:00,0.47772258,0.376757842,0.558510527,0.408420305,0.465979642
2021/12/29 4:00,0.478257196,0.377119492,0.557582074,0.408600472,0.46637073
2021/12/29 5:00,0.478002917,0.377713256,0.557688322,0.413165047,0.466568667
2021/12/29 6:00,0.477181624,0.384575053,0.555714001,0.41800596,0.465905741
2021/12/29 7:00,0.477571657,0.387668591,0.560619421,0.420855613,0.46834767
2021/12/29 8:00,0.47833319,0.403404868,0.556210798,0.388505135,0.4677668
2021/12/29 9:00,0.47883504,0.407320019,0.543585186,0.444043293,0.465880954
2021/12/29 10:00,0.476117621,0.410398649,0.541666359,0.448046454,0.465720915
2021/12/29 11:00,0.475749362,0.415228646,0.539234051,0.415307228,0.465552247
2021/12/29 12:00,0.475785822,0.409239933,0.541205251,0.449184173,0.466882772
2021/12/29 13:00,0.476848882,0.417369903,0.550963006,0.462818738,0.472286019
2021/12/29 14:00,0.476791255,0.408876594,0.542176767,0.456327808,0.4652416
2021/12/29 15:00,0.476907363,0.40076629,0.537537944,0.441003879,0.459844463
2021/12/29 16:00,0.477582715,0.394255695,0.541304372,0.391884015,0.460751093
2021/12/29 17:00,0.477287709,0.393062939,0.534117131,0.380920003,0.459760859
2021/12/29 18:00,0.477005282,0.393413225,0.52807344,0.375900837,0.458530873
2021/12/29 19:00,0.478013549,0.39246727,0.536135654,0.379194792,0.460056913
2021/12/29 20:00,0.477930591,0.387176164,0.545561855,0.37718365,0.461654683
2021/12/29 21:00,0.476835734,0.391576545,0.547558384,0.375311074,0.465938623
2021/12/29 22:00,0.476335783,0.397401203,0.562632321,0.372897584,0.472908572
2021/12/29 23:00,0.476303662,0.400050699,0.583344886,0.383328515,0.478810763
2021/12/30 0:00,0.47662345,0.400814131,0.610266748,0.466825763,0.486903859
2021/12/30 1:00,0.476609514,0.389951944,0.602301758,0.464153682,0.486595184
2021/12/30 2:00,0.476329002,0.382337807,0.594873068,0.46104883,0.486449915
2021/12/30 3:00,0.476426738,0.377423178,0.598597859,0.467585919,0.488549194
2021/12/30 4:00,0.477849364,0.375920006,0.602095289,0.471334551,0.489493562
2021/12/30 5:00,0.478093257,0.378552221,0.593994974,0.469259344,0.485876264
2021/12/30 6:00,0.47847721,0.384346068,0.590813843,0.471474982,0.481749356
2021/12/30 7:00,0.482543159,0.388210744,0.598865506,0.485710011,0.488217251
2021/12/30 8:00,0.483469317,0.410357927,0.579958345,0.455569852,0.483341795
2021/12/30 9:00,0.482771056,0.414946574,0.567584985,0.447013275,0.479400916
2021/12/30 10:00,0.481944815,0.415293435,0.557984635,0.444467347,0.47809413
2021/12/30 11:00,0.478824902,0.418250657,0.551822724,0.432938961,0.476390695
2021/12/30 12:00,0.479345703,0.421214572,0.568768498,0.454517237,0.48534774
2021/12/30 13:00,0.478807498,0.417555681,0.563612962,0.444672591,0.48249819
2021/12/30 14:00,0.476757264,0.410322291,0.545501065,0.430249778,0.471780456
2021/12/30 15:00,0.482223247,0.401465529,0.54090159,0.398074047,0.465813848
2021/12/30 16:00,0.481465527,0.397525501,0.529621039,0.376940029,0.460362148
2021/12/30 17:00,0.478669976,0.39648996,0.519967343,0.378435281,0.454819111
2021/12/30 18:00,0.479007031,0.396278374,0.515012904,0.37656978,0.45293304
2021/12/30 19:00,0.477817038,0.394342694,0.507800168,0.372557125,0.449635352
2021/12/30 20:00,0.47750513,0.395128548,0.516615724,0.378165312,0.452823436
2021/12/30 21:00,0.476568996,0.400163659,0.514935132,0.372128981,0.454611372
2021/12/30 22:00,0.477371327,0.402725729,0.532729337,0.37933933,0.461786417
2021/12/30 23:00,0.476013259,0.399121695,0.527547056,0.371301862,0.458749609
2021/12/31 0:00,0.476283575,0.398582841,0.556286392,0.372419049,0.463343471
2021/12/31 1:00,0.476061402,0.392737622,0.58405228,0.404104247,0.471142665
2021/12/31 2:00,0.477390481,0.385364296,0.585058939,0.414905326,0.472560606
2021/12/31 3:00,0.477605278,0.381711736,0.58307246,0.413957176,0.472573273
2021/12/31 4:00,0.479102806,0.377588928,0.580159706,0.415700798,0.47310445
2021/12/31 5:00,0.47825229,0.377595288,0.579489633,0.418222284,0.473118845
2021/12/31 6:00,0.478384028,0.382601232,0.578559669,0.424595054,0.474039605
2021/12/31 7:00,0.478222325,0.384169697,0.575619598,0.426694648,0.47399861
2021/12/31 8:00,0.477080364,0.389613574,0.559879553,0.430849975,0.469044131
2021/12/31 9:00,0.476344847,0.404185667,0.55134189,0.445683418,0.470521786
2021/12/31 10:00,0.475286026,0.417330174,0.541548997,0.439267857,0.473053704
2021/12/31 11:00,0.47580592,0.421446432,0.536155878,0.439622946,0.471619723
2021/12/31 12:00,0.473732719,0.419739636,0.536090499,0.44875796,0.470900017
2021/12/31 13:00,0.472966327,0.421036958,0.536832586,0.454469403,0.469837259
2021/12/31 14:00,0.473338753,0.422128256,0.542178525,0.460269621,0.469424831
2021/12/31 15:00,0.475079893,0.414531018,0.532815804,0.449325093,0.46390438
2021/12/31 16:00,0.474333109,0.411751264,0.547063196,0.439525121,0.46618892
2021/12/31 17:00,0.473588234,0.41122411,0.549487965,0.420760854,0.466861491
2021/12/31 18:00,0.473955318,0.408154729,0.522955286,0.38164072,0.458536727
2021/12/31 19:00,0.472366558,0.403443808,0.473052707,0.351210011,0.442553311
2021/12/31 20:00,0.471416978,0.403086523,0.460362914,0.352679901,0.438712859
2021/12/31 21:00,0.470605438,0.402054294,0.453012058,0.338047275,0.435776268
2021/12/31 22:00,0.470751177,0.399939302,0.450518587,0.338292857,0.434800184
2021/12/31 23:00,0.471501723,0.398501802,0.456295735,0.364046221,0.436953427