,南部 (kgCO2e/kWh),中部 (kgCO2e/kWh),北部 (kgCO2e/kWh),東部 (kgCO2e/kWh),全台 (kgCO2e/kWh)
2024/5/1 0:00,0.431668411,0.67100791,0.506536973,0.431155748,0.530925828
2024/5/1 1:00,0.427458263,0.732964088,0.516222602,0.468062619,0.548487817
2024/5/1 2:00,0.427389003,0.733612726,0.503450436,0.509466483,0.551848628
2024/5/1 3:00,0.427222911,0.735092614,0.51726852,0.540848364,0.559372774
2024/5/1 4:00,0.427143419,0.681494774,0.507406073,0.513383424,0.543547701
2024/5/1 5:00,0.425325033,0.624657137,0.505610068,0.48580564,0.524262687
2024/5/1 6:00,0.407718526,0.639580662,0.498535126,0.493113781,0.520595168
2024/5/1 7:00,0.384454359,0.618174135,0.495497813,0.458407599,0.506176278
2024/5/1 8:00,0.312972605,0.562855322,0.515642023,0.425218931,0.471177488
2024/5/1 9:00,0.317052472,0.511323007,0.526193143,0.384613773,0.460701986
2024/5/1 10:00,0.256457354,0.48295942,0.524212033,0.371295368,0.422090007
2024/5/1 11:00,0.297033239,0.479889305,0.516041715,0.36576488,0.436701478
2024/5/1 12:00,0.349415169,0.56877187,0.527445986,0.418032021,0.486420942
2024/5/1 13:00,0.343395464,0.637998316,0.527253237,0.431592204,0.502300195
2024/5/1 14:00,0.403226878,0.645257002,0.52987215,0.462542454,0.532533803
2024/5/1 15:00,0.434443007,0.652265124,0.52502169,0.485408176,0.543148844
2024/5/1 16:00,0.408987547,0.662658882,0.538118406,0.523684174,0.539310638
2024/5/1 17:00,0.42286584,0.673355146,0.541379764,0.53142222,0.547168173
2024/5/1 18:00,0.423854652,0.658179596,0.522468734,0.506180413,0.533296529
2024/5/1 19:00,0.420440538,0.652152833,0.510075073,0.483029823,0.525586577
2024/5/1 20:00,0.426532637,0.602615365,0.514963191,0.446609358,0.515538149
2024/5/1 21:00,0.425727946,0.598808009,0.521161228,0.436880705,0.515794248
2024/5/1 22:00,0.426459545,0.625347646,0.529259055,0.39222672,0.525510597
2024/5/1 23:00,0.426071523,0.625317229,0.546785013,0.396220028,0.532065385
2024/5/2 0:00,0.425614827,0.6371421,0.532020593,0.422427606,0.531437635
2024/5/2 1:00,0.425940694,0.66322643,0.517598275,0.446128713,0.535740163
2024/5/2 2:00,0.426166809,0.650072184,0.511634791,0.449755621,0.530029673
2024/5/2 3:00,0.426811009,0.65300298,0.5158728,0.474477716,0.533246356
2024/5/2 4:00,0.429907071,0.626653177,0.512181236,0.465337891,0.526371932
2024/5/2 5:00,0.434934884,0.629327683,0.508986214,0.495431338,0.529386145
2024/5/2 6:00,0.406996158,0.625400599,0.51614998,0.513614071,0.517917914
2024/5/2 7:00,0.367477611,0.559831003,0.517376907,0.473485151,0.482410816
2024/5/2 8:00,0.315404228,0.453234222,0.504807105,0.381503723,0.425671533
2024/5/2 9:00,0.264030301,0.378869103,0.485732223,0.324106686,0.374305481
2024/5/2 10:00,0.249282856,0.319665759,0.465606765,0.28319766,0.342352789
2024/5/2 11:00,0.241406509,0.305721158,0.456952379,0.272132033,0.332152301
2024/5/2 12:00,0.240870522,0.314385807,0.4633952,0.282403138,0.336196981
2024/5/2 13:00,0.248007211,0.344432072,0.471129272,0.300793992,0.351592317
2024/5/2 14:00,0.266368132,0.380267695,0.478205418,0.321394003,0.372054477
2024/5/2 15:00,0.309685478,0.42519624,0.492673396,0.354150745,0.409456926
2024/5/2 16:00,0.361757409,0.48091535,0.499532069,0.386893132,0.449122631
2024/5/2 17:00,0.398212872,0.517995292,0.512087951,0.402914535,0.476316278
2024/5/2 18:00,0.422998149,0.540453992,0.504701958,0.416611543,0.489044514
2024/5/2 19:00,0.425214329,0.538074736,0.505342253,0.413987164,0.488976706
2024/5/2 20:00,0.426538494,0.555900378,0.509990501,0.415781291,0.495908818
2024/5/2 21:00,0.42577325,0.559735068,0.511277008,0.417826668,0.497221624
2024/5/2 22:00,0.425334799,0.563309007,0.510593077,0.40593458,0.497878964
2024/5/2 23:00,0.424838405,0.565881458,0.520257484,0.413515141,0.503402186
2024/5/3 0:00,0.424747409,0.564929743,0.533245444,0.416695311,0.505453511
2024/5/3 1:00,0.424455581,0.602696273,0.534964758,0.443010782,0.517862619
2024/5/3 2:00,0.423478124,0.611487929,0.536982599,0.459730303,0.523981106
2024/5/3 3:00,0.423118099,0.609334068,0.535789802,0.459311338,0.523022191
2024/5/3 4:00,0.423371427,0.613248094,0.538815912,0.459905651,0.525243198
2024/5/3 5:00,0.424251976,0.606601809,0.52925176,0.459396752,0.520634264
2024/5/3 6:00,0.407685297,0.583690972,0.521732367,0.452338495,0.505204192
2024/5/3 7:00,0.363564803,0.502036692,0.522185848,0.408584609,0.46239637
2024/5/3 8:00,0.322593016,0.429666518,0.491989338,0.357060621,0.415965273
2024/5/3 9:00,0.27324117,0.370913956,0.470444321,0.311042401,0.369908833
2024/5/3 10:00,0.261669639,0.363996217,0.467250416,0.307808133,0.362339139
2024/5/3 11:00,0.24557375,0.337378541,0.458531179,0.289878603,0.345224508
2024/5/3 12:00,0.245912371,0.348550608,0.469335578,0.309299276,0.353198919
2024/5/3 13:00,0.252931737,0.367538106,0.476394087,0.320011571,0.36464128
2024/5/3 14:00,0.27135379,0.395665574,0.479200266,0.319689926,0.380763123
2024/5/3 15:00,0.301407892,0.431840857,0.483436985,0.327520054,0.404316253
2024/5/3 16:00,0.362274191,0.463071611,0.489721154,0.355822566,0.438733002
2024/5/3 17:00,0.408889353,0.509015174,0.496718406,0.416789462,0.472231227
2024/5/3 18:00,0.422500239,0.547895586,0.502894275,0.419855003,0.48992525
2024/5/3 19:00,0.422610213,0.563101181,0.513145324,0.405609833,0.498013244
2024/5/3 20:00,0.422964315,0.552763631,0.516585475,0.402872614,0.495822522
2024/5/3 21:00,0.42280536,0.530797533,0.511658432,0.39420833,0.487124367
2024/5/3 22:00,0.423167019,0.524013503,0.504623524,0.388128002,0.481902272
2024/5/3 23:00,0.424649043,0.533414019,0.49502824,0.416134111,0.483270068
2024/5/4 0:00,0.425070555,0.560329058,0.49958025,0.428557799,0.491607775
2024/5/4 1:00,0.424794484,0.585556622,0.509211559,0.442665352,0.502265898
2024/5/4 2:00,0.425061467,0.6222062,0.507458052,0.47770594,0.515906652
2024/5/4 3:00,0.42488864,0.626889656,0.505248464,0.482037778,0.51805341
2024/5/4 4:00,0.425267758,0.630503155,0.503064543,0.483066161,0.519194918
2024/5/4 5:00,0.4254381,0.62749387,0.507063435,0.480751948,0.519389138
2024/5/4 6:00,0.394871062,0.586769998,0.522220752,0.478011945,0.500217977
2024/5/4 7:00,0.336238015,0.488497041,0.523298658,0.419984267,0.447142058
2024/5/4 8:00,0.289854288,0.420038721,0.508643613,0.369187697,0.402498566
2024/5/4 9:00,0.263539175,0.398671657,0.501647054,0.358406753,0.383420123
2024/5/4 10:00,0.246529206,0.356709489,0.488351211,0.323998418,0.35965434
2024/5/4 11:00,0.237037603,0.370490103,0.49644657,0.337937148,0.364562819
2024/5/4 12:00,0.234909111,0.379176511,0.500488264,0.342477337,0.36874403
2024/5/4 13:00,0.241998593,0.387472456,0.499882556,0.346146446,0.374250459
2024/5/4 14:00,0.256072454,0.41637225,0.515927834,0.373221648,0.397680123
2024/5/4 15:00,0.283475337,0.458552176,0.533387323,0.401355449,0.426001656
2024/5/4 16:00,0.331332455,0.494690867,0.530580137,0.423671652,0.45611695
2024/5/4 17:00,0.392868329,0.562873022,0.53359595,0.469348626,0.499936919
2024/5/4 18:00,0.435452294,0.582566798,0.535659846,0.456058922,0.5192336
2024/5/4 19:00,0.439294524,0.588254463,0.536675416,0.457103899,0.522703209
2024/5/4 20:00,0.440114291,0.598555626,0.538674028,0.462448505,0.52675148
2024/5/4 21:00,0.439609423,0.609142494,0.541880588,0.465411716,0.531708217
2024/5/4 22:00,0.420326438,0.623466854,0.544513356,0.465709865,0.532211127
2024/5/4 23:00,0.400721787,0.628102208,0.537442286,0.454083266,0.526617463
2024/5/5 0:00,0.392595457,0.616317966,0.528961521,0.445747011,0.514147131
2024/5/5 1:00,0.390673551,0.65411158,0.524783938,0.473501213,0.523900253
2024/5/5 2:00,0.390388487,0.68819187,0.513094435,0.500212971,0.534462932
2024/5/5 3:00,0.390329525,0.679102116,0.505902215,0.502948809,0.531207077
2024/5/5 4:00,0.390555246,0.666871293,0.498340766,0.495505484,0.523561902
2024/5/5 5:00,0.390536174,0.648415581,0.499331272,0.491254302,0.517630852
2024/5/5 6:00,0.372501376,0.600648575,0.499139775,0.465279366,0.495564688
2024/5/5 7:00,0.372602289,0.576184877,0.503496585,0.450663149,0.487108229
2024/5/5 8:00,0.36294857,0.599689823,0.513897819,0.455038911,0.494190067
2024/5/5 9:00,0.356295593,0.596665197,0.525664971,0.455019665,0.498675638
2024/5/5 10:00,0.352260867,0.597165039,0.530183558,0.452609505,0.499306039
2024/5/5 11:00,0.258415497,0.538078973,0.540171401,0.423583142,0.441551289
2024/5/5 12:00,0.223101317,0.488095358,0.531730902,0.42427175,0.410078569
2024/5/5 13:00,0.229592817,0.479243951,0.527679367,0.419489136,0.412093404
2024/5/5 14:00,0.238519532,0.493397317,0.524802026,0.430753151,0.416818961
2024/5/5 15:00,0.270223662,0.49025142,0.518589746,0.434004747,0.432941295
2024/5/5 16:00,0.322580844,0.551263539,0.524539541,0.473285231,0.471068838
2024/5/5 17:00,0.375180938,0.599478752,0.523863633,0.490430862,0.500381509
2024/5/5 18:00,0.41899502,0.627417963,0.521554003,0.507973654,0.522139683
2024/5/5 19:00,0.423467031,0.629079254,0.522420743,0.509775986,0.524118582
2024/5/5 20:00,0.424344982,0.616287728,0.522672334,0.49016892,0.521313109
2024/5/5 21:00,0.424476104,0.627759169,0.521676656,0.466879635,0.524223808
2024/5/5 22:00,0.425028182,0.631384113,0.520754807,0.45723504,0.524367243
2024/5/5 23:00,0.425389923,0.616548687,0.510795188,0.443405577,0.51486095
2024/5/6 0:00,0.424762589,0.598962938,0.501258187,0.440355988,0.504855705
2024/5/6 1:00,0.424743472,0.62775679,0.492261221,0.457262153,0.51122681
2024/5/6 2:00,0.425060545,0.659230382,0.482173289,0.484062062,0.520931723
2024/5/6 3:00,0.425092434,0.641244607,0.479584733,0.498007245,0.514792865
2024/5/6 4:00,0.42508889,0.631062155,0.476600733,0.497803195,0.510796625
2024/5/6 5:00,0.424756074,0.632672574,0.476720504,0.499583152,0.510824134
2024/5/6 6:00,0.387308522,0.582279483,0.479545776,0.469375685,0.483197178
2024/5/6 7:00,0.329299367,0.491927478,0.489140055,0.41186824,0.43721785
2024/5/6 8:00,0.290560813,0.434043694,0.475160748,0.373060901,0.401852395
2024/5/6 9:00,0.254645746,0.410734857,0.469798015,0.353494515,0.379954972
2024/5/6 10:00,0.240295394,0.396390243,0.469554923,0.339924773,0.36932948
2024/5/6 11:00,0.235563537,0.384001674,0.469417425,0.336010635,0.36363159
2024/5/6 12:00,0.236222084,0.382768516,0.471981151,0.335255316,0.364923025
2024/5/6 13:00,0.248347438,0.396767847,0.473984882,0.344536126,0.375040608
2024/5/6 14:00,0.267951572,0.415958071,0.47396206,0.355867119,0.389964813
2024/5/6 15:00,0.297355531,0.462038385,0.484827045,0.389956743,0.419655525
2024/5/6 16:00,0.345534856,0.522498594,0.498038981,0.428076336,0.459543332
2024/5/6 17:00,0.407522672,0.602933026,0.514319407,0.491990315,0.509342016
2024/5/6 18:00,0.449140155,0.618060937,0.515615848,0.512102153,0.526467206
2024/5/6 19:00,0.457144457,0.626415272,0.507867137,0.476192405,0.527290379
2024/5/6 20:00,0.455651293,0.644203355,0.499514537,0.48240234,0.529183143
2024/5/6 21:00,0.447871586,0.652149495,0.494755245,0.489755234,0.528039687
2024/5/6 22:00,0.435879132,0.646369059,0.484464054,0.52352356,0.520837503
2024/5/6 23:00,0.428986196,0.660868364,0.484928706,0.533870366,0.525511584
2024/5/7 0:00,0.424676649,0.678383972,0.502402895,0.544552922,0.535537415
2024/5/7 1:00,0.423666157,0.671014472,0.511123345,0.537881799,0.535265584
2024/5/7 2:00,0.4240718,0.632478139,0.513184664,0.521971559,0.524950666
2024/5/7 3:00,0.424426689,0.631660585,0.511205457,0.522926881,0.525331817
2024/5/7 4:00,0.424724233,0.643075166,0.500901412,0.531127532,0.525589352
2024/5/7 5:00,0.42494016,0.651870211,0.487239849,0.538538718,0.523397488
2024/5/7 6:00,0.391498674,0.607623695,0.484473758,0.50903486,0.497055319
2024/5/7 7:00,0.345561459,0.530852766,0.487349758,0.456484688,0.458521614
2024/5/7 8:00,0.322385065,0.484309237,0.474688837,0.417485171,0.431850011
2024/5/7 9:00,0.285614223,0.415617534,0.459801314,0.364561623,0.391479162
2024/5/7 10:00,0.256623515,0.387519051,0.453104485,0.346695635,0.369981374
2024/5/7 11:00,0.250777943,0.38307501,0.451918228,0.340853149,0.367136608
2024/5/7 12:00,0.236309243,0.438069895,0.474938782,0.375303464,0.384129525
2024/5/7 13:00,0.256543555,0.46052732,0.477307172,0.388885033,0.402385582
2024/5/7 14:00,0.256886087,0.474615825,0.473972857,0.393910816,0.4063695
2024/5/7 15:00,0.287340528,0.511229973,0.484029278,0.415426484,0.430243302
2024/5/7 16:00,0.33682337,0.554824252,0.489384206,0.441887277,0.462471008
2024/5/7 17:00,0.376160496,0.599487497,0.493929373,0.465960177,0.489988368
2024/5/7 18:00,0.414353122,0.60231193,0.491905949,0.445934286,0.502247987
2024/5/7 19:00,0.418874507,0.61327684,0.489250968,0.433389202,0.505372022
2024/5/7 20:00,0.424684337,0.620947747,0.487799753,0.439230336,0.509788908
2024/5/7 21:00,0.424838369,0.607745125,0.489280189,0.438294392,0.504947185
2024/5/7 22:00,0.425078965,0.607395068,0.484125334,0.471148295,0.503835826
2024/5/7 23:00,0.425176254,0.638015011,0.487212748,0.492889115,0.514490586
2024/5/8 0:00,0.425482781,0.676213272,0.494912099,0.510615325,0.526958973
2024/5/8 1:00,0.425362785,0.712209095,0.495487762,0.533615281,0.541719634
2024/5/8 2:00,0.424680896,0.730262653,0.49081793,0.540729177,0.54562518
2024/5/8 3:00,0.425329171,0.730357909,0.483171295,0.545007879,0.546522054
2024/5/8 4:00,0.425447265,0.728047878,0.4803368,0.546589046,0.54573633
2024/5/8 5:00,0.425996978,0.726346011,0.482322882,0.546493713,0.542718824
2024/5/8 6:00,0.38702515,0.643499017,0.472436269,0.527395827,0.502406684
2024/5/8 7:00,0.330756285,0.575599227,0.482701498,0.488692554,0.46451037
2024/5/8 8:00,0.285282427,0.507789064,0.464847239,0.42429254,0.417625867
2024/5/8 9:00,0.259709293,0.431025366,0.455001921,0.3673477,0.38177785
2024/5/8 10:00,0.240094077,0.409569691,0.453699641,0.355143383,0.36770142
2024/5/8 11:00,0.236521367,0.415040528,0.459373849,0.363373005,0.369389885
2024/5/8 12:00,0.238679295,0.407571512,0.463948118,0.355962412,0.370253025
2024/5/8 13:00,0.253965636,0.385391724,0.450030802,0.334656516,0.366156828
2024/5/8 14:00,0.257315801,0.390891887,0.450085296,0.354219235,0.372067563
2024/5/8 15:00,0.273507535,0.400583383,0.451366007,0.359365641,0.381684164
2024/5/8 16:00,0.324949582,0.454610709,0.451482636,0.379870863,0.415071061
2024/5/8 17:00,0.375036478,0.506249255,0.455790195,0.374470264,0.446376217
2024/5/8 18:00,0.411777647,0.532238808,0.457108693,0.379953485,0.465323155
2024/5/8 19:00,0.415062555,0.532528416,0.462846465,0.376187412,0.468380956
2024/5/8 20:00,0.423428619,0.53478948,0.458694811,0.378007499,0.46900976
2024/5/8 21:00,0.422989199,0.54203052,0.459351923,0.389528631,0.471748068
2024/5/8 22:00,0.423109819,0.551544703,0.45348569,0.392151405,0.471904093
2024/5/8 23:00,0.423813978,0.535323523,0.451936941,0.402052465,0.466585783
2024/5/9 0:00,0.423082141,0.536696875,0.46196963,0.410627694,0.469728222
2024/5/9 1:00,0.42296236,0.59137178,0.476281035,0.447922873,0.491276506
2024/5/9 2:00,0.422828765,0.605030877,0.474693324,0.477146261,0.497231207
2024/5/9 3:00,0.423216315,0.569906725,0.476322657,0.473774812,0.488811843
2024/5/9 4:00,0.423378929,0.58090868,0.475388029,0.481860238,0.491456195
2024/5/9 5:00,0.423619216,0.569445292,0.467669921,0.476293911,0.485342254
2024/5/9 6:00,0.393043536,0.526997969,0.466422297,0.452738237,0.461555125
2024/5/9 7:00,0.365414255,0.475837938,0.470509387,0.415999281,0.438958918
2024/5/9 8:00,0.304803696,0.408349049,0.452959191,0.352472562,0.388110368
2024/5/9 9:00,0.270058773,0.365931569,0.439103468,0.318854718,0.357031084
2024/5/9 10:00,0.287854563,0.37190303,0.437079194,0.326807704,0.366482131
2024/5/9 11:00,0.262791143,0.334569849,0.435932744,0.289231862,0.342758058
2024/5/9 12:00,0.27292897,0.32604706,0.432853123,0.288354797,0.345141667
2024/5/9 13:00,0.248610248,0.32246126,0.42788062,0.279285206,0.332132434
2024/5/9 14:00,0.270883089,0.343352923,0.427476166,0.297257292,0.3479624
2024/5/9 15:00,0.2809346,0.368125151,0.431518884,0.328301115,0.361390917
2024/5/9 16:00,0.324914991,0.392108362,0.430895324,0.356169252,0.385325177
2024/5/9 17:00,0.382280352,0.43977189,0.439119249,0.385022147,0.420816326
2024/5/9 18:00,0.418638352,0.447296395,0.440247452,0.396556233,0.434842703
2024/5/9 19:00,0.421737277,0.456258327,0.446491368,0.382390376,0.440370629
2024/5/9 20:00,0.422879808,0.462250819,0.450572278,0.380360651,0.443688493
2024/5/9 21:00,0.422804175,0.468403217,0.450920358,0.384423175,0.445318913
2024/5/9 22:00,0.423247607,0.487443807,0.449790527,0.396414299,0.450921195
2024/5/9 23:00,0.423071654,0.529546748,0.452669198,0.427397197,0.462840615
2024/5/10 0:00,0.422940178,0.564772506,0.464457598,0.47509288,0.478879758
2024/5/10 1:00,0.42301072,0.594552592,0.479757398,0.492102243,0.495099779
2024/5/10 2:00,0.423416881,0.604953366,0.4854011,0.493703711,0.500752523
2024/5/10 3:00,0.423197156,0.603371547,0.491304496,0.4965538,0.501940616
2024/5/10 4:00,0.423791965,0.607742455,0.486032067,0.518595644,0.502170684
2024/5/10 5:00,0.423017877,0.610840421,0.476868795,0.524338009,0.499746432
2024/5/10 6:00,0.389173213,0.589802282,0.45261589,0.496814347,0.474238903
2024/5/10 7:00,0.325343251,0.525890624,0.462132818,0.440621445,0.43442354
2024/5/10 8:00,0.28136981,0.45485082,0.460365606,0.384412157,0.39594748
2024/5/10 9:00,0.253881988,0.416496125,0.456456729,0.343002235,0.372324594
2024/5/10 10:00,0.240464334,0.393042074,0.452132654,0.321421198,0.358683235
2024/5/10 11:00,0.233935206,0.374953411,0.45142374,0.288466588,0.349786833
2024/5/10 12:00,0.233402782,0.387953428,0.46095793,0.320757503,0.358144514
2024/5/10 13:00,0.240901436,0.40687869,0.46508627,0.343646657,0.36731266
2024/5/10 14:00,0.250643804,0.416074066,0.463163489,0.361670345,0.377543941
2024/5/10 15:00,0.277490569,0.431556993,0.465370356,0.389486213,0.396973812
2024/5/10 16:00,0.322724447,0.484869348,0.467516981,0.440437876,0.430472717
2024/5/10 17:00,0.383238591,0.569148664,0.478227645,0.511266538,0.48020163
2024/5/10 18:00,0.420164035,0.608256576,0.473937506,0.50830913,0.50095371
2024/5/10 19:00,0.423612215,0.614034704,0.469387783,0.51121654,0.502103211
2024/5/10 20:00,0.424143013,0.594395071,0.464673659,0.494515421,0.492976803
2024/5/10 21:00,0.423530897,0.573922072,0.461411684,0.478014263,0.484685019
2024/5/10 22:00,0.423371585,0.577242882,0.457377304,0.477629433,0.485357985
2024/5/10 23:00,0.424932196,0.580720083,0.4593616,0.481515827,0.487991065
2024/5/11 0:00,0.424892779,0.589747414,0.474703157,0.494171793,0.495574853
2024/5/11 1:00,0.425649081,0.61183064,0.491648977,0.503622981,0.509177238
2024/5/11 2:00,0.425676595,0.669925224,0.48281498,0.538753488,0.528127846
2024/5/11 3:00,0.425335018,0.688563834,0.472597111,0.550389566,0.534314398
2024/5/11 4:00,0.42549146,0.695543155,0.469217581,0.55300605,0.535708784
2024/5/11 5:00,0.425793506,0.698812528,0.47137875,0.552466838,0.536637562
2024/5/11 6:00,0.388824474,0.658778278,0.486914633,0.516332035,0.515715593
2024/5/11 7:00,0.34119264,0.594961487,0.49413238,0.464732201,0.479171043
2024/5/11 8:00,0.28727154,0.51410473,0.502294661,0.412742922,0.431508112
2024/5/11 9:00,0.250424429,0.431478509,0.505042763,0.35416049,0.390062756
2024/5/11 10:00,0.250544272,0.368648866,0.486691669,0.307910383,0.365138947
2024/5/11 11:00,0.237018223,0.349498161,0.480969811,0.296074837,0.351724622
2024/5/11 12:00,0.243393158,0.357902702,0.479130837,0.303513228,0.358359731
2024/5/11 13:00,0.241691208,0.384239607,0.489328694,0.329751989,0.370312343
2024/5/11 14:00,0.262079912,0.41708253,0.50209925,0.365532325,0.396851912
2024/5/11 15:00,0.285134259,0.464589962,0.50956155,0.413836716,0.422466934
2024/5/11 16:00,0.329415778,0.50760878,0.512178571,0.45022569,0.45271861
2024/5/11 17:00,0.39249713,0.577349663,0.515336744,0.490485398,0.49653951
2024/5/11 18:00,0.432170953,0.604117653,0.519070494,0.505201042,0.520062652
2024/5/11 19:00,0.43215833,0.618659687,0.52056085,0.517305934,0.526125971
2024/5/11 20:00,0.426753025,0.62097838,0.521576923,0.516383388,0.524883881
2024/5/11 21:00,0.424645769,0.624815644,0.518117062,0.518314335,0.522189834
2024/5/11 22:00,0.42527397,0.619955804,0.514770488,0.510914857,0.520099016
2024/5/11 23:00,0.425112844,0.620244834,0.514073649,0.528935352,0.520732316
2024/5/12 0:00,0.424810496,0.619149383,0.506763048,0.517494273,0.516196641
2024/5/12 1:00,0.425226098,0.65457592,0.496838188,0.537861387,0.524940143
2024/5/12 2:00,0.425978781,0.681859603,0.480976876,0.551771878,0.533169565
2024/5/12 3:00,0.42588963,0.67003979,0.476772676,0.541920403,0.527987308
2024/5/12 4:00,0.404147086,0.67045418,0.470629665,0.53619724,0.518948448
2024/5/12 5:00,0.389928379,0.678154638,0.463826412,0.53672907,0.515007631
2024/5/12 6:00,0.367226268,0.63567948,0.485557798,0.502676097,0.500150852
2024/5/12 7:00,0.321843759,0.537022725,0.510110135,0.438740653,0.458668022
2024/5/12 8:00,0.299039067,0.479726585,0.509101972,0.387157547,0.429979583
2024/5/12 9:00,0.265895626,0.415735057,0.502798344,0.335580331,0.391704077
2024/5/12 10:00,0.248634581,0.388859536,0.497673872,0.32205849,0.372214895
2024/5/12 11:00,0.236003866,0.370564321,0.490719047,0.313221814,0.358093298
2024/5/12 12:00,0.257347149,0.392248669,0.492962705,0.333883397,0.375024185
2024/5/12 13:00,0.261970298,0.383183275,0.488209024,0.331109926,0.371752506
2024/5/12 14:00,0.332388056,0.454662497,0.496858111,0.39819837,0.428965945
2024/5/12 15:00,0.371781033,0.513115894,0.505619593,0.448690751,0.463989971
2024/5/12 16:00,0.386166908,0.615053226,0.525618576,0.534163856,0.508520907
2024/5/12 17:00,0.406421778,0.66751397,0.530642533,0.565361461,0.532780291
2024/5/12 18:00,0.422978354,0.64440447,0.522941878,0.495415054,0.526130057
2024/5/12 19:00,0.429109725,0.625519074,0.518562906,0.479036445,0.519978001
2024/5/12 20:00,0.429842066,0.6176842,0.51051779,0.471467975,0.515279914
2024/5/12 21:00,0.428957199,0.650717252,0.509514572,0.494083121,0.524874729
2024/5/12 22:00,0.424821587,0.69319264,0.501622782,0.511632166,0.535363332
2024/5/12 23:00,0.425806045,0.717208825,0.485774788,0.575760143,0.541899891
2024/5/13 0:00,0.425996729,0.713317473,0.46336347,0.59342879,0.536911582
2024/5/13 1:00,0.426152674,0.701301042,0.473373406,0.58580989,0.531696192
2024/5/13 2:00,0.426419518,0.617649894,0.475685637,0.525142276,0.507392684
2024/5/13 3:00,0.426340877,0.553314937,0.483638334,0.481008679,0.487981936
2024/5/13 4:00,0.426511035,0.534872039,0.473688399,0.467833957,0.479681644
2024/5/13 5:00,0.42631766,0.523235186,0.458675201,0.462242219,0.471104945
2024/5/13 6:00,0.398026145,0.495336738,0.449527408,0.437503293,0.449109019
2024/5/13 7:00,0.34350243,0.459413137,0.452755872,0.400868324,0.418681867
2024/5/13 8:00,0.333196424,0.401162545,0.437208947,0.357463832,0.390711892
2024/5/13 9:00,0.261341231,0.367563256,0.429650894,0.323193285,0.350041325
2024/5/13 10:00,0.233161263,0.339499108,0.420782503,0.30152901,0.328358658
2024/5/13 11:00,0.231705389,0.340623965,0.427961238,0.304684066,0.330900884
2024/5/13 12:00,0.243951026,0.349603891,0.44205531,0.312488652,0.344778363
2024/5/13 13:00,0.263777351,0.372355708,0.442233106,0.334755159,0.360101789
2024/5/13 14:00,0.255055046,0.370583635,0.443815543,0.336913358,0.356628812
2024/5/13 15:00,0.290438516,0.428249547,0.455315933,0.391644731,0.394044688
2024/5/13 16:00,0.355625498,0.484776972,0.45864653,0.438024888,0.434978249
2024/5/13 17:00,0.39245868,0.500300238,0.460782275,0.453233277,0.451748851
2024/5/13 18:00,0.420653362,0.466709048,0.453141882,0.415502847,0.446597947
2024/5/13 19:00,0.421761016,0.440439872,0.447668867,0.358919874,0.435689118
2024/5/13 20:00,0.422514396,0.436795327,0.448448783,0.352647383,0.434940098
2024/5/13 21:00,0.42255576,0.437623442,0.448294707,0.364669464,0.435469234
2024/5/13 22:00,0.422518122,0.461333231,0.45433634,0.393428298,0.44538075
2024/5/13 23:00,0.422738572,0.483339316,0.459013813,0.403510067,0.453475025
2024/5/14 0:00,0.422680336,0.487027697,0.478678267,0.415572414,0.461079952
2024/5/14 1:00,0.423626039,0.544833849,0.485858768,0.451122601,0.482090684
2024/5/14 2:00,0.422944536,0.565178145,0.484589748,0.462980873,0.490188402
2024/5/14 3:00,0.422840628,0.575437212,0.485637049,0.470905692,0.493917236
2024/5/14 4:00,0.422891284,0.574064906,0.482525369,0.471124365,0.492128568
2024/5/14 5:00,0.423009601,0.598051632,0.46241026,0.489220402,0.493214889
2024/5/14 6:00,0.416925342,0.578644296,0.449515177,0.472425958,0.48115546
2024/5/14 7:00,0.396167341,0.574573395,0.450361798,0.465621769,0.472590041
2024/5/14 8:00,0.350060019,0.56549574,0.455948255,0.456732003,0.452069415
2024/5/14 9:00,0.311092455,0.544237041,0.457826373,0.450235444,0.435793622
2024/5/14 10:00,0.265450068,0.439532609,0.450699839,0.366336379,0.385601792
2024/5/14 11:00,0.2589679,0.39170309,0.446532191,0.315094776,0.363568928
2024/5/14 12:00,0.248069277,0.390199138,0.453463554,0.332492752,0.362057406
2024/5/14 13:00,0.245441986,0.379268292,0.447029599,0.338991247,0.35670713
2024/5/14 14:00,0.240758007,0.371344107,0.441961759,0.340752022,0.352641079
2024/5/14 15:00,0.2684516,0.389942733,0.446937646,0.357660106,0.372369317
2024/5/14 16:00,0.305378036,0.433479817,0.451263292,0.390407388,0.399971331
2024/5/14 17:00,0.359125012,0.498127834,0.4573952,0.444065364,0.438044589
2024/5/14 18:00,0.396840498,0.526421937,0.455296982,0.442276354,0.457214843
2024/5/14 19:00,0.400200842,0.525194175,0.455003367,0.438280793,0.45731039
2024/5/14 20:00,0.403835257,0.532427419,0.457226961,0.442983093,0.461412249
2024/5/14 21:00,0.403900538,0.540019165,0.458586421,0.448448824,0.464276252
2024/5/14 22:00,0.404196301,0.527225253,0.460944048,0.437172641,0.461810294
2024/5/14 23:00,0.40365953,0.53054511,0.462522703,0.433688763,0.463641691
2024/5/15 0:00,0.403754702,0.556766028,0.472965124,0.442065645,0.474727151
2024/5/15 1:00,0.403754192,0.575875407,0.487156313,0.448803349,0.485656987
2024/5/15 2:00,0.404034363,0.605590174,0.484412134,0.466877263,0.497268433
2024/5/15 3:00,0.403793279,0.606074469,0.481753131,0.479299615,0.498102756
2024/5/15 4:00,0.406019674,0.600886084,0.482997098,0.508063291,0.498235575
2024/5/15 5:00,0.411355717,0.608976917,0.47206227,0.518826424,0.498033597
2024/5/15 6:00,0.381280394,0.558447966,0.465996343,0.478526719,0.469942245
2024/5/15 7:00,0.336065313,0.480787265,0.467642722,0.406195301,0.430835197
2024/5/15 8:00,0.283013933,0.418077616,0.450791718,0.343263622,0.383712617
2024/5/15 9:00,0.257890351,0.410032563,0.446555128,0.33606273,0.37208628
2024/5/15 10:00,0.232304913,0.393733595,0.444408081,0.322630158,0.355793898
2024/5/15 11:00,0.225966357,0.368098432,0.441895308,0.303098413,0.343672028
2024/5/15 12:00,0.223560171,0.361945378,0.442713691,0.304771158,0.34111652
2024/5/15 13:00,0.229977233,0.36181954,0.437330198,0.312785697,0.341980435
2024/5/15 14:00,0.242969039,0.367734227,0.433808453,0.333519726,0.350566949
2024/5/15 15:00,0.269401029,0.397268478,0.440239274,0.366219089,0.372917983
2024/5/15 16:00,0.314148028,0.439304388,0.439033526,0.394008728,0.400995243
2024/5/15 17:00,0.376834252,0.490321545,0.445247277,0.444235684,0.438760622
2024/5/15 18:00,0.417613482,0.516034248,0.448764435,0.470754165,0.459580175
2024/5/15 19:00,0.415187642,0.502926975,0.452615566,0.431373241,0.454610091
2024/5/15 20:00,0.41044569,0.520562079,0.451878895,0.43095271,0.456878804
2024/5/15 21:00,0.404932704,0.536272849,0.449450784,0.448574407,0.458111523
2024/5/15 22:00,0.390255661,0.529326835,0.445383786,0.455534147,0.451206386
2024/5/15 23:00,0.364012867,0.585366577,0.438528098,0.480061509,0.454504222
2024/5/16 0:00,0.36118889,0.571232853,0.445767001,0.466360116,0.453449281
2024/5/16 1:00,0.36058739,0.56530496,0.462153821,0.45850977,0.458678296
2024/5/16 2:00,0.360544408,0.569538437,0.472970039,0.459851323,0.465765347
2024/5/16 3:00,0.359651781,0.559376247,0.482800411,0.452263745,0.466276573
2024/5/16 4:00,0.359622325,0.541840029,0.480702645,0.438324045,0.460556728
2024/5/16 5:00,0.359485215,0.530865468,0.473379095,0.431299251,0.455000789
2024/5/16 6:00,0.31944233,0.47908365,0.47321399,0.390012811,0.425040089
2024/5/16 7:00,0.259272949,0.406516141,0.468331783,0.329879556,0.379254547
2024/5/16 8:00,0.224224217,0.368013023,0.445982041,0.309423012,0.346282493
2024/5/16 9:00,0.200094673,0.341586542,0.424751551,0.272719578,0.321918509
2024/5/16 10:00,0.223044142,0.365295249,0.426700331,0.295138146,0.342993077
2024/5/16 11:00,0.203217826,0.337312434,0.42021454,0.287624451,0.321948929
2024/5/16 12:00,0.210911176,0.318079127,0.419633009,0.270330516,0.317191503
2024/5/16 13:00,0.226697689,0.36593195,0.423881688,0.301168423,0.340402164
2024/5/16 14:00,0.204744592,0.353633221,0.423663453,0.291818824,0.327999257
2024/5/16 15:00,0.239474992,0.406762682,0.432572428,0.337917312,0.360465626
2024/5/16 16:00,0.302385057,0.408528589,0.431046934,0.346518217,0.384086956
2024/5/16 17:00,0.349345404,0.46723794,0.439749065,0.3959603,0.418867341
2024/5/16 18:00,0.39667699,0.495850488,0.443413417,0.420835958,0.444154107
2024/5/16 19:00,0.400216517,0.518816921,0.44593209,0.414288668,0.452731227
2024/5/16 20:00,0.401065291,0.533524302,0.44575203,0.416230123,0.456516332
2024/5/16 21:00,0.401841792,0.546206253,0.441416942,0.437814613,0.459185223
2024/5/16 22:00,0.402766189,0.54041662,0.447232617,0.448083521,0.460597213
2024/5/16 23:00,0.403648493,0.559214584,0.447057259,0.477405623,0.467130241
2024/5/17 0:00,0.404271071,0.588839347,0.454535579,0.494123331,0.477825664
2024/5/17 1:00,0.404379168,0.632445955,0.46338157,0.535655508,0.496219578
2024/5/17 2:00,0.404088698,0.649097779,0.465467174,0.545196809,0.507038865
2024/5/17 3:00,0.404468571,0.662280884,0.461072851,0.553170924,0.513283863
2024/5/17 4:00,0.404513546,0.660100177,0.460589725,0.551522228,0.513283445
2024/5/17 5:00,0.40429178,0.659899672,0.461159791,0.551825316,0.512860574
2024/5/17 6:00,0.375878063,0.613864681,0.476829125,0.515657307,0.491375905
2024/5/17 7:00,0.358855581,0.578457259,0.481136089,0.488119474,0.476046011
2024/5/17 8:00,0.359404048,0.521367369,0.472207878,0.446595437,0.455046692
2024/5/17 9:00,0.311858342,0.448036774,0.45294836,0.376730742,0.408051031
2024/5/17 10:00,0.254749235,0.422148223,0.450374826,0.35988417,0.373958693
2024/5/17 11:00,0.258045805,0.418418615,0.450315068,0.353618715,0.376159704
2024/5/17 12:00,0.252570333,0.430178125,0.451587931,0.379081885,0.379684633
2024/5/17 13:00,0.286258443,0.45882682,0.453951263,0.414238529,0.405228291
2024/5/17 14:00,0.28766747,0.508436315,0.471275742,0.469913773,0.432404109
2024/5/17 15:00,0.304538827,0.524594761,0.469893003,0.470643065,0.441280146
2024/5/17 16:00,0.307965746,0.5768679,0.473445618,0.50767333,0.456928473
2024/5/17 17:00,0.360542521,0.613694887,0.474882745,0.536270954,0.486775601
2024/5/17 18:00,0.400635862,0.598505488,0.460424193,0.5080261,0.487636498
2024/5/17 19:00,0.403240499,0.572647126,0.455398612,0.491573419,0.478095098
2024/5/17 20:00,0.403122795,0.555702932,0.451659165,0.476219308,0.470849079
2024/5/17 21:00,0.404015498,0.554140411,0.449230364,0.476180744,0.471036666
2024/5/17 22:00,0.404357586,0.567246671,0.451168969,0.483763842,0.476778785
2024/5/17 23:00,0.40451411,0.572357368,0.452430397,0.484844023,0.479558574
2024/5/18 0:00,0.404749846,0.561904695,0.46389865,0.464375567,0.479702885
2024/5/18 1:00,0.404594543,0.60117185,0.478616698,0.486953967,0.497634529
2024/5/18 2:00,0.404690818,0.637610085,0.47404572,0.50892715,0.511660238
2024/5/18 3:00,0.404257981,0.650934422,0.463302328,0.526639227,0.516510158
2024/5/18 4:00,0.404748614,0.649246977,0.460391525,0.545857242,0.516010127
2024/5/18 5:00,0.404684622,0.6396867,0.459204855,0.53828557,0.511212167
2024/5/18 6:00,0.394925007,0.584060385,0.479925906,0.494526673,0.493434009
2024/5/18 7:00,0.345290474,0.483866425,0.516283317,0.415312794,0.444915432
2024/5/18 8:00,0.271089611,0.463211059,0.509602576,0.388550095,0.404240349
2024/5/18 9:00,0.26571804,0.398398653,0.511384525,0.338852555,0.386372294
2024/5/18 10:00,0.262377432,0.388258331,0.504847361,0.329355157,0.379332407
2024/5/18 11:00,0.294362777,0.414844078,0.498485421,0.338071706,0.399452555
2024/5/18 12:00,0.28724726,0.423640865,0.486983109,0.330315461,0.395444873
2024/5/18 13:00,0.300588274,0.41954133,0.48155807,0.345676797,0.397115702
2024/5/18 14:00,0.298595201,0.406067809,0.47902739,0.364058969,0.393875269
2024/5/18 15:00,0.353123218,0.466128447,0.484286295,0.419028126,0.43726393
2024/5/18 16:00,0.368530529,0.565186619,0.47849016,0.49671666,0.472136868
2024/5/18 17:00,0.396917631,0.614315658,0.485072763,0.540161719,0.497722047
2024/5/18 18:00,0.404251881,0.626706937,0.479900367,0.546866003,0.501403236
2024/5/18 19:00,0.404504211,0.593190145,0.477516127,0.522759256,0.491262462
2024/5/18 20:00,0.404624065,0.549682034,0.482099099,0.473843249,0.479175512
2024/5/18 21:00,0.404575492,0.544407343,0.484407246,0.467174604,0.478738841
2024/5/18 22:00,0.404461723,0.544797512,0.484185367,0.466379527,0.480022783
2024/5/18 23:00,0.403230568,0.543495745,0.491482429,0.463611936,0.481491764
2024/5/19 0:00,0.403411946,0.553092655,0.488390845,0.461650593,0.482082233
2024/5/19 1:00,0.402954984,0.595068768,0.479184203,0.48690432,0.493314758
2024/5/19 2:00,0.403542676,0.641163144,0.439396365,0.518452572,0.501013878
2024/5/19 3:00,0.404016876,0.663607068,0.424865563,0.533129458,0.506632964
2024/5/19 4:00,0.403939699,0.66541291,0.42035239,0.531997561,0.506496719
2024/5/19 5:00,0.403892318,0.656769135,0.427777334,0.528369964,0.505122098
2024/5/19 6:00,0.37753389,0.611666389,0.450601702,0.491384503,0.485545295
2024/5/19 7:00,0.365375645,0.559801228,0.455590297,0.469821157,0.463755794
2024/5/19 8:00,0.324027544,0.484331848,0.479180589,0.418142787,0.430057439
2024/5/19 9:00,0.282972678,0.455128504,0.479841771,0.390613791,0.403826052
2024/5/19 10:00,0.277838234,0.399856019,0.480137218,0.350785599,0.387786965
2024/5/19 11:00,0.280827758,0.381361433,0.473710618,0.340346248,0.381923473
2024/5/19 12:00,0.32001462,0.434215224,0.47676083,0.38688262,0.415863735
2024/5/19 13:00,0.297881239,0.431320776,0.477618105,0.38028874,0.405823024
2024/5/19 14:00,0.271880905,0.465743754,0.48210337,0.397214384,0.406325683
2024/5/19 15:00,0.291172039,0.527106892,0.491252632,0.459526236,0.436540199
2024/5/19 16:00,0.3300231,0.55099697,0.492261862,0.492045721,0.461709662
2024/5/19 17:00,0.369716572,0.587192057,0.49617466,0.526911096,0.486112884
2024/5/19 18:00,0.401243685,0.593110343,0.500754267,0.526377321,0.499518714
2024/5/19 19:00,0.404718713,0.573166709,0.502609157,0.485167861,0.493436
2024/5/19 20:00,0.406480418,0.570347343,0.503926071,0.471437468,0.492301686
2024/5/19 21:00,0.409551357,0.591280623,0.501552554,0.486079663,0.499628108
2024/5/19 22:00,0.412158707,0.606233854,0.495525927,0.494016065,0.502915031
2024/5/19 23:00,0.41349015,0.617411202,0.48906854,0.49611054,0.504840705
2024/5/20 0:00,0.415034207,0.658665736,0.467947146,0.542588758,0.515861148
2024/5/20 1:00,0.415775745,0.681764167,0.44707575,0.584136515,0.523614127
2024/5/20 2:00,0.418452924,0.683769051,0.442989269,0.584031695,0.526533178
2024/5/20 3:00,0.418745597,0.667813496,0.442759381,0.570664816,0.520545528
2024/5/20 4:00,0.418386059,0.675096461,0.441138975,0.575510854,0.521283423
2024/5/20 5:00,0.41923037,0.657091294,0.453702261,0.563885668,0.519501635
2024/5/20 6:00,0.384523424,0.625325544,0.466103096,0.537764454,0.498142803
2024/5/20 7:00,0.345257989,0.585862594,0.468639857,0.503993545,0.469788819
2024/5/20 8:00,0.345884625,0.539758409,0.473115402,0.467036845,0.452649762
2024/5/20 9:00,0.320384969,0.534748211,0.463477974,0.466288586,0.441885508
2024/5/20 10:00,0.311937941,0.562751967,0.460042948,0.502835877,0.447154882
2024/5/20 11:00,0.318375398,0.551759479,0.461287012,0.490560839,0.447699021
2024/5/20 12:00,0.338689888,0.570525384,0.452309576,0.499767,0.463692113
2024/5/20 13:00,0.360777392,0.601232098,0.451077002,0.510455755,0.479105927
2024/5/20 14:00,0.334673406,0.587809954,0.455623701,0.493885022,0.466535435
2024/5/20 15:00,0.347589599,0.638034942,0.458967608,0.563074148,0.48637254
2024/5/20 16:00,0.374268417,0.675572769,0.452978544,0.603600269,0.503552532
2024/5/20 17:00,0.412100207,0.688770713,0.446500279,0.598130267,0.51393144
2024/5/20 18:00,0.424832148,0.661845152,0.446933703,0.560992383,0.507790565
2024/5/20 19:00,0.425093922,0.618352791,0.447574846,0.531896618,0.495231543
2024/5/20 20:00,0.425297111,0.607609654,0.443278107,0.523736987,0.489734576
2024/5/20 21:00,0.425142728,0.613998426,0.438805484,0.528822157,0.491728836
2024/5/20 22:00,0.425043717,0.585969321,0.440299616,0.506511517,0.483271098
2024/5/20 23:00,0.425004192,0.605685967,0.435248293,0.520975114,0.488127937
2024/5/21 0:00,0.424930537,0.626699124,0.444446572,0.525187456,0.497607593
2024/5/21 1:00,0.425164313,0.62868202,0.458366634,0.518926248,0.506226628
2024/5/21 2:00,0.425026289,0.676587539,0.458926444,0.548654905,0.527521546
2024/5/21 3:00,0.4250674,0.71252677,0.445451889,0.571757028,0.543787309
2024/5/21 4:00,0.425465458,0.728332882,0.438364844,0.580393223,0.549347008
2024/5/21 5:00,0.425634124,0.729617893,0.439358705,0.581095209,0.551013686
2024/5/21 6:00,0.413070271,0.71274359,0.446907019,0.567713397,0.541918327
2024/5/21 7:00,0.360714487,0.67062114,0.453166076,0.549847766,0.508445278
2024/5/21 8:00,0.35794255,0.630603201,0.472001797,0.537985925,0.492824776
2024/5/21 9:00,0.297338066,0.550658794,0.473955228,0.488228166,0.443909548
2024/5/21 10:00,0.263014523,0.497734791,0.484351032,0.458011835,0.419328555
2024/5/21 11:00,0.264266036,0.490237079,0.475355229,0.449771955,0.414585216
2024/5/21 12:00,0.277852435,0.503596427,0.467695506,0.451182105,0.422975723
2024/5/21 13:00,0.282947898,0.503276782,0.468024,0.455492112,0.425146227
2024/5/21 14:00,0.313377259,0.53345281,0.471428574,0.481593227,0.445849135
2024/5/21 15:00,0.348235912,0.561547096,0.472329332,0.512380422,0.467789131
2024/5/21 16:00,0.38182146,0.620606865,0.470354975,0.567029589,0.497063327
2024/5/21 17:00,0.402792217,0.656755301,0.467105794,0.593078757,0.511513309
2024/5/21 18:00,0.425060502,0.647044594,0.460197434,0.58221431,0.512366025
2024/5/21 19:00,0.425408702,0.623911197,0.452508729,0.521973334,0.500767272
2024/5/21 20:00,0.425278201,0.630162242,0.44600852,0.52139238,0.500392973
2024/5/21 21:00,0.425404759,0.610949281,0.445148185,0.549863183,0.494325754
2024/5/21 22:00,0.425465959,0.608553155,0.443545612,0.546360215,0.494544639
2024/5/21 23:00,0.425714538,0.623754102,0.442375547,0.540174643,0.501431788
2024/5/22 0:00,0.425531781,0.618603096,0.46592613,0.51162864,0.504026106
2024/5/22 1:00,0.425423426,0.665752874,0.464807749,0.539333925,0.520465464
2024/5/22 2:00,0.425490938,0.706705822,0.445179018,0.562297291,0.534809757
2024/5/22 3:00,0.42594071,0.716112731,0.441952498,0.565778634,0.542958142
2024/5/22 4:00,0.426347558,0.71398279,0.448392659,0.561686596,0.544876503
2024/5/22 5:00,0.425974188,0.700003915,0.453784349,0.553285224,0.543029124
2024/5/22 6:00,0.396308927,0.665315639,0.472126589,0.54044344,0.524564451
2024/5/22 7:00,0.3645254,0.595183182,0.476559581,0.496842675,0.489952818
2024/5/22 8:00,0.293520105,0.505162271,0.478847606,0.441202312,0.426037186
2024/5/22 9:00,0.287691424,0.463131372,0.452628955,0.402650378,0.402711339
2024/5/22 10:00,0.330148771,0.448737529,0.453468716,0.389982472,0.417002669
2024/5/22 11:00,0.354728507,0.465291861,0.456206638,0.404753532,0.4315627
2024/5/22 12:00,0.337454851,0.515605719,0.459112747,0.444251038,0.446146334
2024/5/22 13:00,0.290734201,0.547193289,0.46687336,0.480340303,0.441907307
2024/5/22 14:00,0.306982238,0.538971734,0.465229801,0.477674374,0.443726877
2024/5/22 15:00,0.324580944,0.572706403,0.466596024,0.511773082,0.459609118
2024/5/22 16:00,0.379249346,0.593172652,0.453646376,0.522436426,0.479940789
2024/5/22 17:00,0.402591949,0.630374546,0.452319179,0.563033529,0.496115304
2024/5/22 18:00,0.420608111,0.635386873,0.446797333,0.567777414,0.499884511
2024/5/22 19:00,0.407943613,0.642222127,0.442430303,0.568797251,0.496824059
2024/5/22 20:00,0.402890778,0.64875761,0.438887587,0.571462957,0.496597162
2024/5/22 21:00,0.402882325,0.639902528,0.431194182,0.563980554,0.494026658
2024/5/22 22:00,0.402928983,0.657168505,0.425490267,0.575468424,0.500479425
2024/5/22 23:00,0.403573653,0.668330694,0.43971282,0.583216955,0.509714755
2024/5/23 0:00,0.403534464,0.693777778,0.45287315,0.589620608,0.520926112
2024/5/23 1:00,0.403651473,0.714830437,0.452636377,0.568846493,0.533647478
2024/5/23 2:00,0.403513602,0.729959285,0.459086634,0.577166466,0.541946529
2024/5/23 3:00,0.403569601,0.732713315,0.453361507,0.611477654,0.545088368
2024/5/23 4:00,0.403818777,0.733212225,0.455949206,0.6118234,0.546339493
2024/5/23 5:00,0.403509548,0.732779391,0.453573594,0.610683745,0.546286309
2024/5/23 6:00,0.370476446,0.700321214,0.470264762,0.583710371,0.525003508
2024/5/23 7:00,0.334514589,0.614608442,0.482764923,0.516201555,0.487992239
2024/5/23 8:00,0.315764576,0.571581823,0.47579048,0.459719588,0.459825236
2024/5/23 9:00,0.298190334,0.524543563,0.457996927,0.369161745,0.432433844
2024/5/23 10:00,0.252056327,0.493521198,0.464344009,0.394132542,0.407136959
2024/5/23 11:00,0.231986842,0.468474258,0.466949981,0.416758242,0.387874325
2024/5/23 12:00,0.243439667,0.500397973,0.460334689,0.456865442,0.401448862
2024/5/23 13:00,0.280434785,0.510942064,0.464568991,0.461164061,0.421309453
2024/5/23 14:00,0.312347904,0.556760045,0.467934839,0.459979703,0.447535249
2024/5/23 15:00,0.319379815,0.598209078,0.467416946,0.471437875,0.461908643
2024/5/23 16:00,0.337395016,0.625934566,0.464963976,0.489582935,0.477074903
2024/5/23 17:00,0.375575507,0.641395026,0.459185968,0.504040751,0.493369422
2024/5/23 18:00,0.40089567,0.657503265,0.452370249,0.499580712,0.504026296
2024/5/23 19:00,0.396897109,0.676800797,0.446588703,0.546432882,0.508723671
2024/5/23 20:00,0.377736325,0.716480579,0.435696255,0.573931696,0.515588665
2024/5/23 21:00,0.364991411,0.734545872,0.429146299,0.608451624,0.517532199
2024/5/23 22:00,0.364293308,0.73281211,0.421430994,0.621254683,0.520028156
2024/5/23 23:00,0.363817816,0.734206983,0.43857336,0.624029691,0.527492775
2024/5/24 0:00,0.364007577,0.754038491,0.437575279,0.621561743,0.53422785
2024/5/24 1:00,0.367438452,0.765132029,0.453210246,0.624582857,0.543854244
2024/5/24 2:00,0.375896856,0.762683632,0.443433272,0.620064736,0.546171701
2024/5/24 3:00,0.379008481,0.748195682,0.426803172,0.60707286,0.54499863
2024/5/24 4:00,0.390719654,0.727390232,0.436066904,0.591958857,0.542547908
2024/5/24 5:00,0.400918393,0.721071772,0.442302339,0.58785648,0.544858228
2024/5/24 6:00,0.388676051,0.705839584,0.452913396,0.574889942,0.53635727
2024/5/24 7:00,0.360706949,0.68100333,0.47237354,0.556345989,0.520922622
2024/5/24 8:00,0.353407116,0.641237216,0.470285821,0.546219403,0.496419011
2024/5/24 9:00,0.304805703,0.603854271,0.465153916,0.520232305,0.46448056
2024/5/24 10:00,0.255063465,0.503138882,0.480210878,0.4607944,0.415308199
2024/5/24 11:00,0.260752891,0.455404359,0.465946144,0.41629007,0.399947075
2024/5/24 12:00,0.297026713,0.517244157,0.461661887,0.470328432,0.439956321
2024/5/24 13:00,0.315345444,0.552693454,0.466684386,0.457015504,0.454433044
2024/5/24 14:00,0.341540343,0.580732744,0.46812999,0.456282564,0.469140441
2024/5/24 15:00,0.348460769,0.599746326,0.465689273,0.517132878,0.477874103
2024/5/24 16:00,0.377629818,0.625601205,0.460743267,0.544945657,0.494925413
2024/5/24 17:00,0.389178657,0.65767401,0.466514329,0.575597604,0.510763603
2024/5/24 18:00,0.403742892,0.657359155,0.45393789,0.570779336,0.508617059
2024/5/24 19:00,0.404173555,0.656622569,0.448592555,0.535390027,0.50463063
2024/5/24 20:00,0.403444133,0.671123369,0.445947678,0.5382766,0.508404853
2024/5/24 21:00,0.403776655,0.674267716,0.452691782,0.5413556,0.510416692
2024/5/24 22:00,0.403543522,0.682713654,0.458024927,0.558002892,0.516967733
2024/5/24 23:00,0.403393221,0.695313328,0.464306179,0.592286754,0.523826315
2024/5/25 0:00,0.403735776,0.713109309,0.474447747,0.592145233,0.529574954
2024/5/25 1:00,0.403449364,0.7488458,0.482873761,0.613771013,0.546104279
2024/5/25 2:00,0.402801449,0.767349913,0.465537478,0.624499905,0.552077466
2024/5/25 3:00,0.402466479,0.761778795,0.448602064,0.621462499,0.549649176
2024/5/25 4:00,0.402271703,0.759258281,0.449437931,0.618848312,0.550345532
2024/5/25 5:00,0.402825489,0.756336974,0.455548316,0.61624923,0.553018596
2024/5/25 6:00,0.386376897,0.702706865,0.477756569,0.577821575,0.534879264
2024/5/25 7:00,0.353993506,0.653700659,0.488296905,0.537866488,0.507986724
2024/5/25 8:00,0.302149222,0.60744125,0.493227366,0.498383588,0.473667417
2024/5/25 9:00,0.273468549,0.549549795,0.505725195,0.4552588,0.447155341
2024/5/25 10:00,0.23148997,0.425627336,0.507807994,0.355414186,0.384566642
2024/5/25 11:00,0.218126464,0.370670461,0.496103398,0.323311166,0.353864059
2024/5/25 12:00,0.235553597,0.408065217,0.504817475,0.36776606,0.379230524
2024/5/25 13:00,0.235356614,0.433130233,0.50864513,0.395346854,0.386664891
2024/5/25 14:00,0.275055934,0.458698234,0.509411404,0.417231627,0.412885829
2024/5/25 15:00,0.311235979,0.517904035,0.51126047,0.462655748,0.445709041
2024/5/25 16:00,0.367992069,0.569821265,0.506970706,0.505348675,0.483457614
2024/5/25 17:00,0.383547804,0.598538573,0.507630586,0.527128562,0.498419053
2024/5/25 18:00,0.400470321,0.59072446,0.507369314,0.4966469,0.500408064
2024/5/25 19:00,0.403403461,0.609909178,0.508270744,0.506984202,0.507810418
2024/5/25 20:00,0.403338149,0.659596804,0.505898762,0.542232612,0.524286505
2024/5/25 21:00,0.390200136,0.679863807,0.499416722,0.552182168,0.524731884
2024/5/25 22:00,0.370070241,0.683464164,0.504846949,0.54617005,0.520867566
2024/5/25 23:00,0.365051332,0.709432145,0.506006478,0.567497275,0.528817217
2024/5/26 0:00,0.364643018,0.743567785,0.498224983,0.616191388,0.534094258
2024/5/26 1:00,0.365910808,0.801260371,0.475717774,0.646178518,0.548915084
2024/5/26 2:00,0.365413102,0.816684214,0.45719696,0.653622898,0.554526855
2024/5/26 3:00,0.365924172,0.807850038,0.438248325,0.643694518,0.552289522
2024/5/26 4:00,0.367629128,0.777499675,0.437046446,0.617875103,0.540922258
2024/5/26 5:00,0.374854001,0.761305328,0.442631198,0.607463688,0.538704992
2024/5/26 6:00,0.378537811,0.730107858,0.469064027,0.584920594,0.533035124
2024/5/26 7:00,0.375366829,0.673999527,0.484691764,0.545231415,0.516254371
2024/5/26 8:00,0.403427573,0.665391155,0.491620061,0.545413439,0.526807039
2024/5/26 9:00,0.398015973,0.653130626,0.500471853,0.531131654,0.524277331
2024/5/26 10:00,0.392161,0.648434596,0.517847403,0.532147566,0.5247584
2024/5/26 11:00,0.404305924,0.628775947,0.521397489,0.496683031,0.521453178
2024/5/26 12:00,0.408702992,0.658159315,0.520149964,0.525360861,0.531724525
2024/5/26 13:00,0.412294589,0.648144583,0.521136075,0.553887571,0.53380396
2024/5/26 14:00,0.410609807,0.6500702,0.515708675,0.558070326,0.532880209
2024/5/26 15:00,0.420069023,0.6516935,0.520930235,0.565009269,0.537010976
2024/5/26 16:00,0.422334758,0.657737004,0.52637475,0.571402008,0.538063376
2024/5/26 17:00,0.425073669,0.640039287,0.521918677,0.560073225,0.530473093
2024/5/26 18:00,0.43260189,0.654929661,0.509962151,0.565840681,0.532142265
2024/5/26 19:00,0.433731318,0.632255178,0.510793282,0.522994733,0.52477395
2024/5/26 20:00,0.434607648,0.632774961,0.509964115,0.523058424,0.525007467
2024/5/26 21:00,0.427546772,0.650064637,0.507628798,0.531641868,0.527731528
2024/5/26 22:00,0.425988123,0.688394772,0.500779618,0.553613816,0.537848948
2024/5/26 23:00,0.426808398,0.681552778,0.492195695,0.564063522,0.536756166
2024/5/27 0:00,0.426848125,0.711180648,0.46702935,0.595873977,0.540352782
2024/5/27 1:00,0.426925671,0.746104262,0.43869534,0.610247313,0.546670401
2024/5/27 2:00,0.42824111,0.747792264,0.421981842,0.606625752,0.548458743
2024/5/27 3:00,0.429312929,0.745142466,0.410685512,0.601978668,0.548819863
2024/5/27 4:00,0.429466735,0.738922716,0.413374795,0.597891439,0.549453434
2024/5/27 5:00,0.429444351,0.731853079,0.428924622,0.592980144,0.547499983
2024/5/27 6:00,0.400878785,0.694614799,0.459771963,0.559860229,0.528381198
2024/5/27 7:00,0.362567928,0.60530278,0.482520574,0.493168463,0.486876082
2024/5/27 8:00,0.347505983,0.559269558,0.481039463,0.472674054,0.460259676
2024/5/27 9:00,0.349660146,0.577188395,0.467121927,0.479046825,0.458528691
2024/5/27 10:00,0.359017574,0.555767784,0.467307001,0.477030237,0.461302381
2024/5/27 11:00,0.308717858,0.577792314,0.477238997,0.514218401,0.451266385
2024/5/27 12:00,0.261717444,0.528271806,0.462152325,0.459056787,0.416226046
2024/5/27 13:00,0.286441619,0.536313642,0.461456363,0.473401929,0.428234559
2024/5/27 14:00,0.32110539,0.52117799,0.469525056,0.463943557,0.441259029
2024/5/27 15:00,0.332274607,0.564226439,0.470181787,0.483932271,0.455235742
2024/5/27 16:00,0.402518681,0.595000396,0.463830734,0.521572841,0.485661043
2024/5/27 17:00,0.428390884,0.66103001,0.464060414,0.574456849,0.508601589
2024/5/27 18:00,0.43577212,0.65758806,0.455264213,0.534626415,0.506471424
2024/5/27 19:00,0.428622781,0.650858975,0.45576597,0.52291227,0.5031001
2024/5/27 20:00,0.427338988,0.668962802,0.449294872,0.531059545,0.505936462
2024/5/27 21:00,0.426915078,0.674715617,0.446919533,0.532863031,0.506405025
2024/5/27 22:00,0.425479637,0.653527233,0.442936041,0.515930309,0.502026648
2024/5/27 23:00,0.425746089,0.675018502,0.451854657,0.532429147,0.510843917
2024/5/28 0:00,0.425409598,0.710208159,0.461289755,0.413891706,0.520827537
2024/5/28 1:00,0.424917898,0.743205044,0.461610895,0.399643636,0.534246957
2024/5/28 2:00,0.425046471,0.743554086,0.457165128,0.397126575,0.536996946
2024/5/28 3:00,0.425194454,0.724700044,0.448437001,0.430556573,0.532627182
2024/5/28 4:00,0.425226621,0.721254854,0.453470786,0.506207033,0.534929329
2024/5/28 5:00,0.424467508,0.695803235,0.450881205,0.505811036,0.528605285
2024/5/28 6:00,0.42360724,0.70715724,0.454179059,0.51173739,0.532923152
2024/5/28 7:00,0.414581991,0.71844499,0.4535894,0.492298692,0.530536408
2024/5/28 8:00,0.410934459,0.616401414,0.455527044,0.483508883,0.493141193
2024/5/28 9:00,0.399781685,0.618350856,0.440466648,0.509074755,0.484450267
2024/5/28 10:00,0.389126961,0.505648317,0.443490656,0.439082248,0.447842105
2024/5/28 11:00,0.271593657,0.501770167,0.448347614,0.42991716,0.400521285
2024/5/28 12:00,0.277162421,0.406486044,0.436284915,0.335524726,0.371799676
2024/5/28 13:00,0.369767041,0.364983822,0.431280615,0.309908965,0.386864911
2024/5/28 14:00,0.37578339,0.378780033,0.431673715,0.301606945,0.394113219
2024/5/28 15:00,0.386668955,0.469453686,0.436239131,0.351254695,0.429294803
2024/5/28 16:00,0.397780783,0.523170395,0.429699455,0.395043003,0.444839217
2024/5/28 17:00,0.407644317,0.521271854,0.429800178,0.40165871,0.447172589
2024/5/28 18:00,0.419686496,0.510478684,0.429147877,0.413029152,0.448388702
2024/5/28 19:00,0.418732646,0.497627754,0.426566962,0.419310107,0.443815343
2024/5/28 20:00,0.42407902,0.501270869,0.424782096,0.424646047,0.446131133
2024/5/28 21:00,0.423680475,0.517541164,0.423583458,0.434441293,0.449734275
2024/5/28 22:00,0.423126368,0.548855465,0.420164667,0.449568065,0.456424439
2024/5/28 23:00,0.423363561,0.61339334,0.419931381,0.482956974,0.472435308
2024/5/29 0:00,0.423734486,0.653310069,0.425722821,0.497496844,0.48535122
2024/5/29 1:00,0.422920497,0.667375956,0.439436258,0.504901896,0.500549206
2024/5/29 2:00,0.422901328,0.668043355,0.443202963,0.505893818,0.508523237
2024/5/29 3:00,0.42340379,0.683731838,0.433601849,0.51348632,0.511710463
2024/5/29 4:00,0.423790682,0.682157491,0.4393588,0.512761505,0.512291046
2024/5/29 5:00,0.42483423,0.679666498,0.447496845,0.517721132,0.513968902
2024/5/29 6:00,0.400246331,0.661587261,0.460538283,0.509084276,0.501340997
2024/5/29 7:00,0.339213223,0.670096891,0.449501534,0.501792773,0.468904785
2024/5/29 8:00,0.28064464,0.633146824,0.445779095,0.485200988,0.424551095
2024/5/29 9:00,0.253019072,0.584750665,0.443751207,0.457265477,0.398858735
2024/5/29 10:00,0.247584207,0.489895591,0.437197747,0.40052298,0.375851789
2024/5/29 11:00,0.230954879,0.391195252,0.425597837,0.312763313,0.338739268
2024/5/29 12:00,0.251738818,0.382117267,0.423974621,0.310826536,0.347641078
2024/5/29 13:00,0.244276767,0.362697274,0.421928232,0.299257674,0.337682506
2024/5/29 14:00,0.258593996,0.361241337,0.424010431,0.310910214,0.345734397
2024/5/29 15:00,0.278805875,0.38760285,0.424672963,0.339714954,0.361928911
2024/5/29 16:00,0.335378392,0.445803045,0.424194893,0.371468895,0.400070623
2024/5/29 17:00,0.390632447,0.507947549,0.424149905,0.417364889,0.437599129
2024/5/29 18:00,0.418149588,0.530770329,0.428154261,0.429589838,0.454451622
2024/5/29 19:00,0.422063977,0.576370694,0.426828907,0.459656494,0.467329658
2024/5/29 20:00,0.423027123,0.575502158,0.430431417,0.444022901,0.467770885
2024/5/29 21:00,0.423577985,0.550586566,0.43322606,0.4145256,0.462274645
2024/5/29 22:00,0.423731273,0.561262438,0.431907271,0.41593382,0.467406712
2024/5/29 23:00,0.42533071,0.583573048,0.434507654,0.477117866,0.477656322
2024/5/30 0:00,0.425818432,0.630173851,0.441726109,0.509874072,0.49362281
2024/5/30 1:00,0.42653315,0.701213208,0.444874828,0.550248909,0.520191572
2024/5/30 2:00,0.427644778,0.738002488,0.439863681,0.571802643,0.539946431
2024/5/30 3:00,0.42782787,0.728656377,0.436652767,0.565389541,0.542638512
2024/5/30 4:00,0.428089614,0.738408865,0.43202818,0.572564726,0.545875537
2024/5/30 5:00,0.428485156,0.747101677,0.431840594,0.576408655,0.549497123
2024/5/30 6:00,0.388352078,0.679489039,0.477474798,0.531882549,0.519945093
2024/5/30 7:00,0.325156321,0.559850823,0.49562196,0.442368252,0.458765645
2024/5/30 8:00,0.278801912,0.476549262,0.473038431,0.380973604,0.405968995
2024/5/30 9:00,0.256290992,0.417874298,0.451536114,0.344003,0.371451623
2024/5/30 10:00,0.257483672,0.390074797,0.443654111,0.329458798,0.361246912
2024/5/30 11:00,0.257845476,0.39784037,0.442882815,0.327262408,0.364659751
2024/5/30 12:00,0.245530978,0.424764091,0.448724084,0.340651357,0.37061203
2024/5/30 13:00,0.255125958,0.44294908,0.450523696,0.361973693,0.379207846
2024/5/30 14:00,0.276745551,0.468655359,0.456175189,0.390338327,0.40262539
2024/5/30 15:00,0.311061504,0.515409293,0.460233169,0.441142119,0.431903508
2024/5/30 16:00,0.331292514,0.594271562,0.469262987,0.511386643,0.460644114
2024/5/30 17:00,0.373206948,0.61115157,0.465825224,0.523373303,0.478480005
2024/5/30 18:00,0.438488986,0.627396487,0.459819254,0.488848714,0.501291521
2024/5/30 19:00,0.457319744,0.628999918,0.458512353,0.486252584,0.508102249
2024/5/30 20:00,0.457219653,0.670259551,0.455562382,0.510368466,0.519130565
2024/5/30 21:00,0.450475983,0.692196427,0.449365387,0.519848764,0.522415321
2024/5/30 22:00,0.441128888,0.666660876,0.440990546,0.55002218,0.513692352
2024/5/30 23:00,0.43024249,0.685600679,0.445841285,0.5769188,0.516973051
2024/5/31 0:00,0.428729779,0.679492012,0.469754359,0.566331649,0.520110536
2024/5/31 1:00,0.428453915,0.694740785,0.483882572,0.572881882,0.533112794
2024/5/31 2:00,0.428875358,0.697273409,0.485988207,0.573538431,0.541695055
2024/5/31 3:00,0.42847026,0.676378717,0.481412137,0.559818323,0.536760362
2024/5/31 4:00,0.428637338,0.68144096,0.475397601,0.562872199,0.537900746
2024/5/31 5:00,0.428291267,0.685247197,0.474100349,0.56455677,0.539054128
2024/5/31 6:00,0.391635668,0.611546171,0.49386105,0.504781934,0.504701442
2024/5/31 7:00,0.327562159,0.551264579,0.500452302,0.451434501,0.460262032
2024/5/31 8:00,0.303690157,0.476513449,0.473999579,0.40433254,0.417115075
2024/5/31 9:00,0.357834446,0.439133713,0.450195979,0.386461435,0.419092754
2024/5/31 10:00,0.368274024,0.448967832,0.452242016,0.396869694,0.42613238
2024/5/31 11:00,0.279810217,0.499938418,0.46726366,0.4021425,0.414188806
2024/5/31 12:00,0.248909352,0.48419743,0.466980546,0.390822642,0.399834816
2024/5/31 13:00,0.287173647,0.467913027,0.463570807,0.38988606,0.411716023
2024/5/31 14:00,0.297324746,0.49652837,0.467025518,0.426425399,0.422966798
2024/5/31 15:00,0.30806011,0.508204121,0.463352423,0.438805803,0.42784199
2024/5/31 16:00,0.372976063,0.559620802,0.463434946,0.458776679,0.463738454
2024/5/31 17:00,0.390218775,0.614921862,0.46447493,0.477947092,0.481557294
2024/5/31 18:00,0.426260477,0.619111334,0.461846952,0.485439161,0.49329411
2024/5/31 19:00,0.428312354,0.626040837,0.461145903,0.514262409,0.49647989
2024/5/31 20:00,0.42651917,0.632510247,0.462002437,0.54442286,0.499053901
2024/5/31 21:00,0.409425298,0.641831639,0.454371843,0.544875867,0.494953593
2024/5/31 22:00,0.398497515,0.65420565,0.45050102,0.549603136,0.49509523
2024/5/31 23:00,0.391087606,0.673240717,0.455927324,0.56002513,0.501068234
2024/6/1 0:00,0.381894656,0.675166941,0.472048675,0.564120166,0.506307743
2024/6/1 1:00,0.381463223,0.705834859,0.486832625,0.583310732,0.524804298
2024/6/1 2:00,0.381681194,0.756645888,0.484129864,0.615207239,0.545802248
2024/6/1 3:00,0.380889784,0.762733073,0.478662128,0.618206221,0.551922618
2024/6/1 4:00,0.380104987,0.76169519,0.475349703,0.615493019,0.552821039
2024/6/1 5:00,0.380204823,0.742267695,0.480634817,0.604933971,0.549131682
2024/6/1 6:00,0.345937568,0.664384072,0.510844346,0.549251649,0.519527948
2024/6/1 7:00,0.315191854,0.574573087,0.519545427,0.475310738,0.475922889
2024/6/1 8:00,0.265861379,0.523403188,0.52022207,0.42621462,0.435600279
2024/6/1 9:00,0.24740473,0.526613974,0.523467715,0.44214067,0.42982625
2024/6/1 10:00,0.263453379,0.562826703,0.531368585,0.452663218,0.450453351
2024/6/1 11:00,0.300072132,0.591987019,0.541779338,0.464580267,0.476358386
2024/6/1 12:00,0.320145909,0.624710565,0.545276096,0.497915701,0.493752534
2024/6/1 13:00,0.318180049,0.633928468,0.543876732,0.518876282,0.489530478
2024/6/1 14:00,0.337266227,0.627429207,0.542063173,0.534485707,0.500774379
2024/6/1 15:00,0.373441724,0.611950093,0.539567836,0.528775534,0.511310664
2024/6/1 16:00,0.386614479,0.635143173,0.540151313,0.549743574,0.521557444
2024/6/1 17:00,0.402487253,0.68208393,0.541135034,0.588493413,0.539469818
2024/6/1 18:00,0.419639551,0.680709369,0.538611015,0.569006347,0.540732097
2024/6/1 19:00,0.426418532,0.658646167,0.529045316,0.525920632,0.533879974
2024/6/1 20:00,0.426409507,0.6544911,0.520889121,0.52398912,0.531009015
2024/6/1 21:00,0.426806626,0.667121298,0.515863811,0.531189179,0.534027801
2024/6/1 22:00,0.42691806,0.711882654,0.504403337,0.58533558,0.546662464
2024/6/1 23:00,0.418954826,0.706158673,0.496325724,0.597629884,0.540566917
2024/6/2 0:00,0.402717479,0.721154793,0.489977929,0.593762,0.538216688
2024/6/2 1:00,0.392782873,0.742428138,0.478050772,0.600173139,0.538660577
2024/6/2 2:00,0.388655043,0.774287363,0.456386113,0.617480095,0.54563443
2024/6/2 3:00,0.384223115,0.779310432,0.447414909,0.617753605,0.547429021
2024/6/2 4:00,0.384386437,0.779740844,0.439072859,0.618794248,0.548993629
2024/6/2 5:00,0.383988784,0.773312099,0.438484238,0.612380424,0.547424308
2024/6/2 6:00,0.371301017,0.728364341,0.458851617,0.579944474,0.533446195
2024/6/2 7:00,0.381353621,0.714798227,0.453874146,0.571819233,0.52955978
2024/6/2 8:00,0.383997547,0.724030492,0.467912631,0.549107691,0.53323179
2024/6/2 9:00,0.393932976,0.664703048,0.496043193,0.510096344,0.524360177
2024/6/2 10:00,0.378545036,0.586925945,0.510879493,0.466380274,0.492861049
2024/6/2 11:00,0.367941372,0.500923963,0.51118449,0.429159846,0.462017831
2024/6/2 12:00,0.326741353,0.451717128,0.509284714,0.399181422,0.42913291
2024/6/2 13:00,0.314258825,0.468234748,0.513042723,0.413487827,0.434978538
2024/6/2 14:00,0.272715821,0.456237269,0.525040494,0.399464779,0.414812709
2024/6/2 15:00,0.359229074,0.536601068,0.5229487,0.467259573,0.474564106
2024/6/2 16:00,0.367213241,0.642025006,0.490632261,0.537674878,0.496886781
2024/6/2 17:00,0.340295696,0.639111424,0.484681537,0.531361916,0.481012663
2024/6/2 18:00,0.379775765,0.661275161,0.482473359,0.547381457,0.499690404
2024/6/2 19:00,0.384966743,0.648702255,0.487275341,0.533728728,0.498977196
2024/6/2 20:00,0.380759207,0.592110264,0.48635923,0.4826386,0.482688841
2024/6/2 21:00,0.378156772,0.530724483,0.481430633,0.389546442,0.460092919
2024/6/2 22:00,0.378490557,0.49735137,0.487145956,0.318441444,0.448961423
2024/6/2 23:00,0.378560867,0.489847046,0.491572139,0.299011481,0.447704037
2024/6/3 0:00,0.3799731,0.513167221,0.488889241,0.321741221,0.456392331
2024/6/3 1:00,0.380513644,0.510148356,0.487891079,0.314602895,0.455680825
2024/6/3 2:00,0.38019316,0.503421064,0.493691788,0.328297478,0.455827253
2024/6/3 3:00,0.380816278,0.50792462,0.498782337,0.342192974,0.459209952
2024/6/3 4:00,0.380669857,0.513782892,0.499445534,0.375649837,0.46159986
2024/6/3 5:00,0.381049458,0.533788497,0.495261153,0.398803831,0.468325453
2024/6/3 6:00,0.359058086,0.454511907,0.508225614,0.357974075,0.438487595
2024/6/3 7:00,0.335885716,0.431805032,0.490615082,0.368158714,0.41993886
2024/6/3 8:00,0.314159778,0.406330485,0.466187992,0.316764945,0.395823142
2024/6/3 9:00,0.25306635,0.408610406,0.448024883,0.326228417,0.369138571
2024/6/3 10:00,0.249632412,0.382406996,0.441343797,0.308063278,0.357323733
2024/6/3 11:00,0.213736574,0.352128466,0.435977503,0.271545812,0.328024893
2024/6/3 12:00,0.21674788,0.349171884,0.43946724,0.28567431,0.332350704
2024/6/3 13:00,0.218396732,0.37840776,0.439646768,0.288662459,0.340506483
2024/6/3 14:00,0.245370345,0.385427995,0.435782649,0.295176146,0.353824368
2024/6/3 15:00,0.281210969,0.380192931,0.429977945,0.305079634,0.362688864
2024/6/3 16:00,0.359313497,0.435444807,0.433047671,0.360572156,0.409887931
2024/6/3 17:00,0.404055203,0.480987638,0.442342117,0.400332888,0.441982742
2024/6/3 18:00,0.424687464,0.494169019,0.445149591,0.38112724,0.452885316
2024/6/3 19:00,0.427669137,0.463148919,0.445309696,0.353301153,0.443226925
2024/6/3 20:00,0.427464677,0.491442148,0.43906106,0.358863895,0.449259314
2024/6/3 21:00,0.42772046,0.499189806,0.439751169,0.361767966,0.451355218
2024/6/3 22:00,0.427401093,0.524968498,0.440239987,0.373873673,0.458570696
2024/6/3 23:00,0.427904218,0.54295475,0.446975848,0.374788498,0.465973744
2024/6/4 0:00,0.427070446,0.572505049,0.45940264,0.399113716,0.477599107
2024/6/4 1:00,0.426719941,0.621745242,0.461306191,0.47766188,0.498118807
2024/6/4 2:00,0.42643654,0.645471072,0.458891217,0.492289251,0.51022959
2024/6/4 3:00,0.427050905,0.644059286,0.463311913,0.482649752,0.513614706
2024/6/4 4:00,0.426716255,0.644592408,0.474226322,0.479864076,0.516451587
2024/6/4 5:00,0.427435104,0.652858235,0.462694335,0.482987323,0.518347514
2024/6/4 6:00,0.391869428,0.633352284,0.472952079,0.487499714,0.500522114
2024/6/4 7:00,0.335047369,0.590408341,0.477834926,0.452145943,0.461914444
2024/6/4 8:00,0.332911561,0.509709233,0.47744831,0.402296705,0.438506166
2024/6/4 9:00,0.276759523,0.46616833,0.461361455,0.363376176,0.399620225
2024/6/4 10:00,0.266342088,0.446020945,0.455366688,0.361222926,0.386364916
2024/6/4 11:00,0.322718147,0.461273844,0.453520805,0.344475858,0.414405411
2024/6/4 12:00,0.322846577,0.527146709,0.463374754,0.38731441,0.43931243
2024/6/4 13:00,0.325078489,0.535890596,0.466996928,0.404005965,0.442428735
2024/6/4 14:00,0.389491448,0.533369415,0.46821129,0.421049564,0.467046015
2024/6/4 15:00,0.419744729,0.588871357,0.467686882,0.483352503,0.493416914
2024/6/4 16:00,0.428810953,0.635319817,0.465164813,0.534169377,0.50761146
2024/6/4 17:00,0.430910043,0.662304685,0.460633809,0.550673734,0.5138721
2024/6/4 18:00,0.428029057,0.661503502,0.456266217,0.523870261,0.510465265
2024/6/4 19:00,0.426258764,0.656136646,0.452859064,0.527141988,0.508678646
2024/6/4 20:00,0.426529302,0.656643162,0.445244466,0.52259898,0.508377118
2024/6/4 21:00,0.42703366,0.645865583,0.441623259,0.538608859,0.505516312
2024/6/4 22:00,0.426520029,0.621812929,0.436253772,0.505525327,0.497023545
2024/6/4 23:00,0.427245349,0.597536391,0.447545308,0.471141611,0.491797851
2024/6/5 0:00,0.427146962,0.604749127,0.456928865,0.46785805,0.496178718
2024/6/5 1:00,0.426663797,0.630704968,0.464248772,0.493795267,0.510797993
2024/6/5 2:00,0.426698161,0.641244583,0.457024063,0.499470897,0.518209905
2024/6/5 3:00,0.427419578,0.643128456,0.459347861,0.497125286,0.521485947
2024/6/5 4:00,0.428609419,0.646139302,0.45747596,0.498559359,0.522843305
2024/6/5 5:00,0.427740184,0.640716982,0.455700684,0.495419125,0.52126838
2024/6/5 6:00,0.399001631,0.622960889,0.472002252,0.47643403,0.504878338
2024/6/5 7:00,0.392158094,0.584126131,0.478099828,0.447558248,0.488646285
2024/6/5 8:00,0.350687499,0.5709673,0.478340445,0.436379517,0.464412267
2024/6/5 9:00,0.283952754,0.546058553,0.468450364,0.40403878,0.424079032
2024/6/5 10:00,0.303382535,0.496303451,0.461650184,0.371896745,0.417502015
2024/6/5 11:00,0.317387302,0.46995035,0.45563467,0.354270432,0.416276226
2024/6/5 12:00,0.290351382,0.516068041,0.46157639,0.401194227,0.423942472
2024/6/5 13:00,0.266692493,0.49665518,0.464574027,0.395716435,0.407930439
2024/6/5 14:00,0.287935276,0.488133663,0.460982903,0.391336619,0.412849614
2024/6/5 15:00,0.339736109,0.527602296,0.455947986,0.42820722,0.442314929
2024/6/5 16:00,0.372535973,0.563149817,0.452310638,0.468332539,0.463471223
2024/6/5 17:00,0.400001173,0.595079099,0.452503991,0.490673017,0.480658674
2024/6/5 18:00,0.425031798,0.594300676,0.446792393,0.496819285,0.48606751
2024/6/5 19:00,0.425613219,0.593160157,0.445111829,0.479876075,0.484272881
2024/6/5 20:00,0.425627884,0.629030656,0.442546741,0.489000783,0.494274805
2024/6/5 21:00,0.425846863,0.653130048,0.435481042,0.494077045,0.499346419
2024/6/5 22:00,0.425889911,0.655524183,0.42064054,0.487810856,0.500797872
2024/6/5 23:00,0.426575968,0.639986872,0.429863139,0.46320495,0.497837282
2024/6/6 0:00,0.426370866,0.638541422,0.437691853,0.445392991,0.498367691
2024/6/6 1:00,0.426310749,0.668732114,0.442031407,0.466870548,0.512807371
2024/6/6 2:00,0.425680444,0.669109517,0.444905443,0.492042182,0.521039401
2024/6/6 3:00,0.425772166,0.649902605,0.450523367,0.480190987,0.519360846
2024/6/6 4:00,0.426550773,0.653984662,0.453015098,0.484865742,0.521873217
2024/6/6 5:00,0.428676789,0.674909743,0.463543151,0.496361794,0.533165022
2024/6/6 6:00,0.418246008,0.646301229,0.470309948,0.484079251,0.519767635
2024/6/6 7:00,0.393383001,0.596965566,0.469275665,0.45637921,0.489995288
2024/6/6 8:00,0.369404327,0.551673952,0.465690876,0.42608649,0.459798218
2024/6/6 9:00,0.304261338,0.50613639,0.45672007,0.390223114,0.415949177
2024/6/6 10:00,0.389450825,0.470244333,0.448832977,0.3564916,0.436411992
2024/6/6 11:00,0.3546418,0.499747968,0.456818012,0.362141299,0.435705146
2024/6/6 12:00,0.327855214,0.461493004,0.451235527,0.352864283,0.415526608
2024/6/6 13:00,0.37459909,0.457386203,0.448336647,0.368759811,0.427835439
2024/6/6 14:00,0.380957164,0.484001923,0.452202882,0.392508124,0.439083196
2024/6/6 15:00,0.407412082,0.498452334,0.4503672,0.406295262,0.450860625
2024/6/6 16:00,0.407578982,0.482142817,0.443079439,0.410936731,0.443167526
2024/6/6 17:00,0.401025537,0.506221056,0.445385148,0.431818451,0.447584517
2024/6/6 18:00,0.430598859,0.526547644,0.444952719,0.42639045,0.46227319
2024/6/6 19:00,0.430065647,0.486225586,0.443014187,0.381820759,0.44932413
2024/6/6 20:00,0.428169659,0.511245513,0.442294141,0.388493094,0.455228989
2024/6/6 21:00,0.428619972,0.522726028,0.439449202,0.389800543,0.45715517
2024/6/6 22:00,0.428581833,0.522487102,0.438989927,0.421723861,0.457475706
2024/6/6 23:00,0.428871903,0.531963099,0.443231365,0.427796122,0.461438957
2024/6/7 0:00,0.430280677,0.556856506,0.461509193,0.435880924,0.475166426
2024/6/7 1:00,0.429936651,0.583601571,0.478570386,0.451057643,0.491174902
2024/6/7 2:00,0.429492314,0.574148315,0.495046667,0.444870454,0.496226448
2024/6/7 3:00,0.429520333,0.575002889,0.498893553,0.459862055,0.4993454
2024/6/7 4:00,0.429462887,0.581017789,0.496603452,0.463895679,0.500870359
2024/6/7 5:00,0.429247986,0.587582123,0.49054816,0.46957433,0.501676146
2024/6/7 6:00,0.409873905,0.55491101,0.492529082,0.447786993,0.484662896
2024/6/7 7:00,0.381396808,0.490583155,0.484314697,0.399850007,0.451002438
2024/6/7 8:00,0.329405467,0.432734045,0.465652889,0.35877878,0.407411319
2024/6/7 9:00,0.269923163,0.39015768,0.445817166,0.317430613,0.364043429
2024/6/7 10:00,0.248606349,0.323767494,0.429028368,0.280112249,0.329534741
2024/6/7 11:00,0.242013956,0.309704483,0.420800149,0.260434259,0.320293849
2024/6/7 12:00,0.236346992,0.318047672,0.424929537,0.268334914,0.322778109
2024/6/7 13:00,0.240852432,0.342551817,0.430194488,0.294223163,0.335440522
2024/6/7 14:00,0.250402466,0.375683568,0.436737562,0.330582134,0.355258461
2024/6/7 15:00,0.271461553,0.395917353,0.436318862,0.354265431,0.369745899
2024/6/7 16:00,0.327326757,0.454607285,0.440820213,0.402075198,0.409357163
2024/6/7 17:00,0.385114916,0.530522403,0.447551962,0.460002849,0.453756188
2024/6/7 18:00,0.422684704,0.579422864,0.446807494,0.464816204,0.478708597
2024/6/7 19:00,0.424894115,0.590755821,0.445507058,0.448718692,0.481675292
2024/6/7 20:00,0.424542656,0.581686342,0.44862864,0.429868843,0.478691462
2024/6/7 21:00,0.424297618,0.563208213,0.44904686,0.417897778,0.473847953
2024/6/7 22:00,0.424540428,0.544938063,0.457379517,0.405566802,0.47217445
2024/6/7 23:00,0.425727389,0.561709938,0.472410551,0.45548897,0.48488397
2024/6/8 0:00,0.425236722,0.583942293,0.49223131,0.471690755,0.50066468
2024/6/8 1:00,0.425718157,0.608302256,0.498403878,0.49169902,0.512806358
2024/6/8 2:00,0.42566966,0.60831001,0.490357782,0.496151703,0.512194782
2024/6/8 3:00,0.425682895,0.590268368,0.490314356,0.470315532,0.505813133
2024/6/8 4:00,0.426465538,0.577679036,0.494195091,0.466201194,0.503651225
2024/6/8 5:00,0.427346805,0.58249806,0.493556185,0.480300104,0.503890381
2024/6/8 6:00,0.389010883,0.523467887,0.511771431,0.438372931,0.476062965
2024/6/8 7:00,0.348147856,0.454574641,0.51271573,0.378609735,0.436477882
2024/6/8 8:00,0.302644755,0.429315764,0.506032714,0.350058116,0.406603617
2024/6/8 9:00,0.311576888,0.404341027,0.498249456,0.332460641,0.401380688
2024/6/8 10:00,0.2936466,0.378822436,0.48936173,0.322848574,0.384916136
2024/6/8 11:00,0.244538031,0.368399673,0.491922096,0.31324201,0.361051881
2024/6/8 12:00,0.279253213,0.387525019,0.494617465,0.328707286,0.387098021
2024/6/8 13:00,0.245305511,0.375107791,0.492877621,0.311773365,0.365528035
2024/6/8 14:00,0.253498618,0.363454265,0.487934979,0.315476349,0.364960581
2024/6/8 15:00,0.327865375,0.410924855,0.494348432,0.363613638,0.413379735
2024/6/8 16:00,0.336287479,0.476443562,0.500589188,0.418718014,0.439471585
2024/6/8 17:00,0.369414845,0.511962965,0.503632336,0.437416434,0.46274392
2024/6/8 18:00,0.423784818,0.564934282,0.507053746,0.459184183,0.498198075
2024/6/8 19:00,0.427624272,0.576015249,0.508312204,0.465534292,0.503533936
2024/6/8 20:00,0.427431982,0.587173379,0.507454166,0.471290272,0.506405511
2024/6/8 21:00,0.427323634,0.606208511,0.506119405,0.482348439,0.512170719
2024/6/8 22:00,0.427647949,0.610574929,0.507991862,0.481798884,0.514266954
2024/6/8 23:00,0.428895464,0.623364027,0.510241986,0.483941662,0.519062267
2024/6/9 0:00,0.429086761,0.62950896,0.508905007,0.476985237,0.518302415
2024/6/9 1:00,0.429046979,0.626531379,0.505746701,0.485972786,0.516608326
2024/6/9 2:00,0.429398501,0.633719379,0.511263595,0.520877059,0.522051702
2024/6/9 3:00,0.428968492,0.6161431,0.4951428,0.510480615,0.512084547
2024/6/9 4:00,0.428513005,0.587174712,0.494013212,0.492203768,0.502045844
2024/6/9 5:00,0.428805638,0.581193547,0.495975446,0.488105324,0.501566066
2024/6/9 6:00,0.391087132,0.519017652,0.509702953,0.440949881,0.472893876
2024/6/9 7:00,0.347398536,0.434353331,0.512101042,0.373857843,0.430060982
2024/6/9 8:00,0.301700857,0.41297052,0.505213452,0.346478894,0.403295175
2024/6/9 9:00,0.292872253,0.444508705,0.496647587,0.370414889,0.408467353
2024/6/9 10:00,0.366457986,0.411536034,0.486887065,0.361814528,0.423742188
2024/6/9 11:00,0.291046395,0.408094744,0.487477235,0.345918034,0.395322278
2024/6/9 12:00,0.280566928,0.395607039,0.489623324,0.344655802,0.389394584
2024/6/9 13:00,0.292286864,0.452121185,0.500616019,0.392147233,0.415752048
2024/6/9 14:00,0.295325109,0.432154541,0.49862228,0.378922607,0.412080978
2024/6/9 15:00,0.294761174,0.466397609,0.529255993,0.414809022,0.432379052
2024/6/9 16:00,0.346799365,0.514830113,0.521930839,0.455892637,0.464052242
2024/6/9 17:00,0.396133687,0.545958595,0.5179011,0.48320688,0.487120558
2024/6/9 18:00,0.448174214,0.589359326,0.527871112,0.518966808,0.520154956
2024/6/9 19:00,0.457617744,0.582375562,0.523932666,0.491816357,0.518463661
2024/6/9 20:00,0.458816044,0.57466793,0.519136216,0.474703773,0.514393526
2024/6/9 21:00,0.451689368,0.574232397,0.515653579,0.471633849,0.510609782
2024/6/9 22:00,0.436569963,0.580151722,0.515517933,0.468762209,0.507257523
2024/6/9 23:00,0.427884998,0.594240918,0.511843629,0.471537485,0.507893458
2024/6/10 0:00,0.427939886,0.585437486,0.506671451,0.459793738,0.501993733
2024/6/10 1:00,0.428211605,0.567098186,0.503751276,0.445265773,0.495486739
2024/6/10 2:00,0.427974126,0.574098887,0.497437293,0.463827852,0.496632784
2024/6/10 3:00,0.427968141,0.582800592,0.492923371,0.496251698,0.499455466
2024/6/10 4:00,0.428083112,0.590994611,0.492710641,0.500041497,0.50189833
2024/6/10 5:00,0.428769357,0.590631367,0.496072105,0.500403893,0.50358841
2024/6/10 6:00,0.42011675,0.539828543,0.497951233,0.463525167,0.487404199
2024/6/10 7:00,0.398952355,0.512656664,0.495091995,0.437798541,0.469094526
2024/6/10 8:00,0.377417482,0.493304196,0.488932783,0.420377897,0.453654227
2024/6/10 9:00,0.310299492,0.446180876,0.486435193,0.384872186,0.415033796
2024/6/10 10:00,0.327048849,0.404385741,0.475998088,0.355742765,0.407130301
2024/6/10 11:00,0.293120291,0.38158936,0.467555364,0.329756226,0.385226081
2024/6/10 12:00,0.235425749,0.355537571,0.467528269,0.30900751,0.352262366
2024/6/10 13:00,0.244538853,0.377168047,0.474130847,0.334590101,0.366391157
2024/6/10 14:00,0.270554315,0.415152228,0.478003389,0.369949421,0.391095947
2024/6/10 15:00,0.310724269,0.423234039,0.473323669,0.374697426,0.406621153
2024/6/10 16:00,0.359141277,0.454774487,0.47736553,0.406284341,0.433709312
2024/6/10 17:00,0.411128448,0.500824969,0.488658126,0.447798278,0.467042666
2024/6/10 18:00,0.446915254,0.526306823,0.495375593,0.440717729,0.48726157
2024/6/10 19:00,0.462940927,0.552592473,0.503560399,0.456030489,0.50245176
2024/6/10 20:00,0.465187794,0.572726371,0.507117262,0.46762184,0.509922648
2024/6/10 21:00,0.454507762,0.613423317,0.512621092,0.491629016,0.519931241
2024/6/10 22:00,0.44282584,0.638588365,0.512349723,0.527583925,0.523711098
2024/6/10 23:00,0.434855769,0.62626964,0.498581016,0.532322489,0.513909104
2024/6/11 0:00,0.42982255,0.634201633,0.489674995,0.53222148,0.511026355
2024/6/11 1:00,0.428982757,0.639080299,0.484617897,0.533599903,0.512861273
2024/6/11 2:00,0.429415422,0.603140524,0.477360899,0.517340204,0.50160141
2024/6/11 3:00,0.429269753,0.5807112,0.467247572,0.500582847,0.490672604
2024/6/11 4:00,0.429157949,0.575505802,0.469609066,0.497841626,0.489227013
2024/6/11 5:00,0.429238829,0.575008579,0.465233528,0.49715769,0.487784046
2024/6/11 6:00,0.421646848,0.558346648,0.46059,0.484935185,0.480039914
2024/6/11 7:00,0.414145677,0.514763114,0.459981932,0.454265673,0.464842925
2024/6/11 8:00,0.386764649,0.471611195,0.452446728,0.425367192,0.43921859
2024/6/11 9:00,0.284187054,0.463339884,0.44572258,0.415136034,0.396955682
2024/6/11 10:00,0.243371158,0.351178567,0.417340302,0.311717497,0.338645286
2024/6/11 11:00,0.311644901,0.356931869,0.41143851,0.29959141,0.365140742
2024/6/11 12:00,0.38188861,0.417071863,0.425062285,0.330702114,0.408986526
2024/6/11 13:00,0.291269983,0.454690893,0.441939682,0.363788805,0.394838004
2024/6/11 14:00,0.38009256,0.440935217,0.433445119,0.37900892,0.42104886
2024/6/11 15:00,0.315441125,0.464477947,0.440570334,0.399591019,0.410180694
2024/6/11 16:00,0.354289533,0.507775309,0.439699802,0.440857684,0.436242539
2024/6/11 17:00,0.404008249,0.554083372,0.441279463,0.471445109,0.463139975
2024/6/11 18:00,0.417590423,0.558231118,0.441482086,0.45298117,0.466407071
2024/6/11 19:00,0.426245484,0.530047467,0.435462911,0.437620859,0.458838545
2024/6/11 20:00,0.426398178,0.525512113,0.432515261,0.432943021,0.455396949
2024/6/11 21:00,0.426572861,0.520438434,0.429701818,0.421742299,0.452012157
2024/6/11 22:00,0.426715169,0.518590138,0.428434455,0.420362749,0.451862007
2024/6/11 23:00,0.427145928,0.536552185,0.433684606,0.442476335,0.459582405
2024/6/12 0:00,0.42730066,0.55897134,0.446655808,0.46678466,0.470871128
2024/6/12 1:00,0.426834147,0.587037016,0.459535741,0.483490088,0.485662787
2024/6/12 2:00,0.426818792,0.59111439,0.466665417,0.485482972,0.492721503
2024/6/12 3:00,0.427674525,0.591830753,0.467219499,0.484856165,0.495632527
2024/6/12 4:00,0.427622428,0.583156179,0.463072937,0.479140884,0.492283498
2024/6/12 5:00,0.427646058,0.590299779,0.463890548,0.484240165,0.495549311
2024/6/12 6:00,0.378713474,0.550238033,0.472611549,0.449634007,0.46666021
2024/6/12 7:00,0.332240151,0.482798326,0.474216417,0.403022996,0.430694183
2024/6/12 8:00,0.285843333,0.428212298,0.450331081,0.358224013,0.388100027
2024/6/12 9:00,0.286107852,0.423420437,0.429603306,0.356151082,0.37984534
2024/6/12 10:00,0.262115741,0.3572528,0.410496818,0.302997541,0.34388341
2024/6/12 11:00,0.303010262,0.353936488,0.405638542,0.299273452,0.356822505
2024/6/12 12:00,0.255856394,0.380763366,0.415502918,0.31092245,0.351060809
2024/6/12 13:00,0.270704608,0.40360077,0.421771633,0.351155232,0.366479229
2024/6/12 14:00,0.276544359,0.414708121,0.426180473,0.36558088,0.375932346
2024/6/12 15:00,0.298162539,0.428239834,0.424714425,0.383070196,0.388473526
2024/6/12 16:00,0.333903279,0.459322895,0.428675191,0.407325386,0.410828051
2024/6/12 17:00,0.414467752,0.526328157,0.441336005,0.446717619,0.458402611
2024/6/12 18:00,0.429669024,0.567550889,0.443414877,0.466060676,0.473369406
2024/6/12 19:00,0.431501995,0.578274598,0.444770431,0.475262357,0.477729421
2024/6/12 20:00,0.430742773,0.608432648,0.446079073,0.50271373,0.485744144
2024/6/12 21:00,0.427218883,0.598879786,0.443415862,0.505898142,0.480480999
2024/6/12 22:00,0.426425259,0.570830946,0.43782328,0.482215338,0.471129426
2024/6/12 23:00,0.42722894,0.557134401,0.437609671,0.470861233,0.467641324
2024/6/13 0:00,0.427123238,0.567847363,0.452618906,0.472158127,0.475642556
2024/6/13 1:00,0.427186829,0.578674084,0.462367677,0.478316223,0.484791076
2024/6/13 2:00,0.426537237,0.575180111,0.47187492,0.475550124,0.491226073
2024/6/13 3:00,0.426910573,0.565672936,0.473922347,0.467285036,0.489992939
2024/6/13 4:00,0.427841113,0.56986759,0.470721329,0.470490328,0.49156715
2024/6/13 5:00,0.426988888,0.573870203,0.465116157,0.48399151,0.492176054
2024/6/13 6:00,0.426045259,0.54630434,0.46714299,0.46710097,0.482561838
2024/6/13 7:00,0.417284159,0.51520255,0.459129707,0.445396137,0.464731307
2024/6/13 8:00,0.405691774,0.503191616,0.445315426,0.436017659,0.449919257
2024/6/13 9:00,0.375293111,0.512084169,0.437102919,0.436355875,0.439678455
2024/6/13 10:00,0.279701666,0.467517503,0.43880501,0.390519613,0.393990282
2024/6/13 11:00,0.25005686,0.4082273,0.431075717,0.334654745,0.363981891
2024/6/13 12:00,0.263091783,0.389479333,0.42724913,0.320081534,0.364232486
2024/6/13 13:00,0.265732745,0.413539451,0.432044444,0.342753559,0.373079178
2024/6/13 14:00,0.317041768,0.459082676,0.443038759,0.402147035,0.41213514
2024/6/13 15:00,0.31005815,0.46438038,0.440882366,0.407335521,0.409417763
2024/6/13 16:00,0.323971435,0.485564812,0.445262196,0.434399317,0.421735564
2024/6/13 17:00,0.407024558,0.551643942,0.455721186,0.486978949,0.469036461
2024/6/13 18:00,0.44039023,0.554735125,0.453700038,0.485427709,0.477741586
2024/6/13 19:00,0.445693345,0.551338254,0.45199404,0.484470734,0.477851578
2024/6/13 20:00,0.442551983,0.590306099,0.453361828,0.510764836,0.488066033
2024/6/13 21:00,0.431199108,0.599888883,0.448363593,0.513653759,0.4858578
2024/6/13 22:00,0.427463612,0.604019212,0.444769682,0.500611493,0.484828125
2024/6/13 23:00,0.427888878,0.622679616,0.452333694,0.501887273,0.492217286
2024/6/14 0:00,0.427908402,0.643780032,0.462338864,0.500426464,0.502746149
2024/6/14 1:00,0.427919246,0.645688543,0.479551513,0.498004909,0.512689028
2024/6/14 2:00,0.428028384,0.623914596,0.480573781,0.484227506,0.510235594
2024/6/14 3:00,0.427803893,0.590437151,0.478838105,0.49714963,0.499577432
2024/6/14 4:00,0.428242612,0.580574351,0.484694425,0.490082016,0.497594658
2024/6/14 5:00,0.428425238,0.580712882,0.484802753,0.490759564,0.498370041
2024/6/14 6:00,0.422761426,0.528487448,0.481013261,0.453440978,0.47804559
2024/6/14 7:00,0.418516795,0.534320185,0.463314961,0.458138055,0.471877563
2024/6/14 8:00,0.385221552,0.542276589,0.452331428,0.463218051,0.455972812
2024/6/14 9:00,0.335278757,0.490534159,0.442062662,0.422798568,0.42192956
2024/6/14 10:00,0.309571356,0.47536658,0.446207147,0.40396269,0.408999234
2024/6/14 11:00,0.316121597,0.458404235,0.441584409,0.361959062,0.405560828
2024/6/14 12:00,0.291019793,0.458341473,0.444077705,0.363593424,0.399794236
2024/6/14 13:00,0.278629927,0.409025995,0.432120482,0.336404218,0.376351471
2024/6/14 14:00,0.272588487,0.420744156,0.435118803,0.358104781,0.379394003
2024/6/14 15:00,0.279139283,0.436308363,0.432973153,0.378141541,0.384708063
2024/6/14 16:00,0.320245557,0.452796612,0.434346738,0.402405853,0.405193827
2024/6/14 17:00,0.377900606,0.524968472,0.444236883,0.463537055,0.446601202
2024/6/14 18:00,0.423160384,0.561531338,0.444247031,0.478559878,0.469625703
2024/6/14 19:00,0.42814486,0.545171216,0.442218112,0.446005966,0.4648247
2024/6/14 20:00,0.428186166,0.526776422,0.438396208,0.431683456,0.457505891
2024/6/14 21:00,0.428043704,0.520788207,0.435318272,0.42587147,0.455330749
2024/6/14 22:00,0.428264254,0.525548576,0.431741509,0.422348624,0.456454892
2024/6/14 23:00,0.428292174,0.52429214,0.435781058,0.412087302,0.45707439
2024/6/15 0:00,0.428050079,0.551166007,0.450994538,0.422502283,0.469418798
2024/6/15 1:00,0.427727566,0.576832806,0.469058345,0.434740194,0.484856322
2024/6/15 2:00,0.428227614,0.59357036,0.481471025,0.441885121,0.496362589
2024/6/15 3:00,0.428142002,0.589039978,0.480439036,0.467416003,0.496227933
2024/6/15 4:00,0.428561295,0.580946074,0.488217684,0.479958881,0.496670006
2024/6/15 5:00,0.429047453,0.57971511,0.493793918,0.476332688,0.49736663
2024/6/15 6:00,0.389144019,0.509574456,0.492597486,0.422254665,0.462047056
2024/6/15 7:00,0.356166228,0.438984182,0.488480496,0.364738465,0.427680087
2024/6/15 8:00,0.308298178,0.376928117,0.476294447,0.32180029,0.38563583
2024/6/15 9:00,0.266084193,0.354056966,0.460962837,0.302216446,0.358825015
2024/6/15 10:00,0.247403945,0.336862517,0.450573693,0.288682193,0.344689557
2024/6/15 11:00,0.271880571,0.375124744,0.459142303,0.320341278,0.372773675
2024/6/15 12:00,0.27615492,0.368714738,0.457973797,0.315605295,0.372875068
2024/6/15 13:00,0.254757514,0.362823072,0.457939161,0.309521645,0.360276273
2024/6/15 14:00,0.263401444,0.356448397,0.459811939,0.308558923,0.358995595
2024/6/15 15:00,0.282254041,0.371108339,0.463908777,0.330308215,0.373153811
2024/6/15 16:00,0.324023477,0.447013926,0.48360992,0.398138882,0.419030759
2024/6/15 17:00,0.406989647,0.489901244,0.490948022,0.441925458,0.463571574
2024/6/15 18:00,0.445828649,0.504256834,0.494529251,0.427714017,0.48064892
2024/6/15 19:00,0.449000305,0.510277845,0.498078255,0.417616252,0.484275485
2024/6/15 20:00,0.439952776,0.538549255,0.506450599,0.432655388,0.492802426
2024/6/15 21:00,0.437162712,0.546284646,0.508080908,0.452525818,0.495254514
2024/6/15 22:00,0.425839362,0.574707929,0.509561178,0.490016052,0.502005824
2024/6/15 23:00,0.415601937,0.584732585,0.510159751,0.509249854,0.503224697
2024/6/16 0:00,0.410387469,0.608141323,0.51007243,0.52326965,0.508694472
2024/6/16 1:00,0.417310886,0.640787165,0.505859457,0.538084832,0.518520286
2024/6/16 2:00,0.421557514,0.677566516,0.496567124,0.560504746,0.531959207
2024/6/16 3:00,0.41807175,0.681682337,0.496956427,0.560523007,0.533848741
2024/6/16 4:00,0.407429113,0.654339131,0.490605578,0.538134923,0.521216762
2024/6/16 5:00,0.395238324,0.632484689,0.490088337,0.51949197,0.509380362
2024/6/16 6:00,0.363732285,0.574642273,0.498769408,0.472926628,0.480007978
2024/6/16 7:00,0.290740915,0.463741652,0.516766142,0.385701269,0.418059292
2024/6/16 8:00,0.298438952,0.441287876,0.507141016,0.375105923,0.412915731
2024/6/16 9:00,0.25061294,0.396269912,0.496327931,0.329900451,0.375622744
2024/6/16 10:00,0.216083749,0.355701995,0.488787175,0.301737297,0.34647719
2024/6/16 11:00,0.236699189,0.370570895,0.484712908,0.321539528,0.362245558
2024/6/16 12:00,0.221623797,0.37285182,0.4790381,0.321956223,0.352568941
2024/6/16 13:00,0.216547054,0.331714571,0.463502153,0.288563605,0.33305901
2024/6/16 14:00,0.262901475,0.366098957,0.474055998,0.322798128,0.366446037
2024/6/16 15:00,0.285035837,0.38835064,0.479415836,0.349632469,0.385227953
2024/6/16 16:00,0.360735857,0.445999431,0.489321977,0.402213888,0.433260738
2024/6/16 17:00,0.400836047,0.500992577,0.497642635,0.446290168,0.466814845
2024/6/16 18:00,0.437730404,0.549031382,0.511178482,0.481852093,0.498352983
2024/6/16 19:00,0.448627037,0.575737006,0.518318978,0.501063684,0.51300277
2024/6/16 20:00,0.448871934,0.569441842,0.518942137,0.496683374,0.511263829
2024/6/16 21:00,0.445932747,0.572817411,0.520044264,0.49593163,0.511020972
2024/6/16 22:00,0.436350736,0.57586478,0.515441313,0.481686528,0.506649962
2024/6/16 23:00,0.430641522,0.59277048,0.518492262,0.486611043,0.510433788
2024/6/17 0:00,0.428328419,0.579358222,0.512783428,0.463081853,0.501815794
2024/6/17 1:00,0.427774483,0.597117731,0.503429691,0.471067974,0.505296677
2024/6/17 2:00,0.427795994,0.592765787,0.497632146,0.467900195,0.504472988
2024/6/17 3:00,0.428340062,0.580384313,0.495389984,0.47970579,0.501108921
2024/6/17 4:00,0.429043338,0.584309338,0.498055293,0.491486235,0.503871473
2024/6/17 5:00,0.429078813,0.573231359,0.50182411,0.489824483,0.500565175
2024/6/17 6:00,0.40971307,0.545375856,0.502878121,0.468041187,0.485355966
2024/6/17 7:00,0.372888775,0.512158488,0.489822204,0.444657554,0.458590051
2024/6/17 8:00,0.300075031,0.496951908,0.475177873,0.44270913,0.419700307
2024/6/17 9:00,0.277593901,0.477206931,0.458890123,0.424157994,0.401402086
2024/6/17 10:00,0.298412123,0.445874917,0.445870776,0.398260905,0.399191751
2024/6/17 11:00,0.274844091,0.385013921,0.427131772,0.349523742,0.365463698
2024/6/17 12:00,0.290239079,0.358744352,0.418904831,0.331419879,0.360570666
2024/6/17 13:00,0.296736587,0.352185883,0.411791153,0.326021295,0.358151414
2024/6/17 14:00,0.270359011,0.38661646,0.424465819,0.355213791,0.365904065
2024/6/17 15:00,0.270849785,0.398916267,0.423134405,0.363705577,0.367849135
2024/6/17 16:00,0.315542149,0.464157359,0.435790251,0.40952153,0.407364993
2024/6/17 17:00,0.386259447,0.514090623,0.443083153,0.453527549,0.447542106
2024/6/17 18:00,0.432827967,0.538077511,0.443095267,0.470836352,0.467650737
2024/6/17 19:00,0.440724165,0.547536803,0.445116291,0.454552727,0.472868868
2024/6/17 20:00,0.450219283,0.583098417,0.447001947,0.480580651,0.485859946
2024/6/17 21:00,0.446136824,0.602608214,0.45068062,0.495642105,0.490006994
2024/6/17 22:00,0.434563431,0.619272817,0.454845864,0.51625975,0.494464881
2024/6/17 23:00,0.430460356,0.630400305,0.457377293,0.520024642,0.498029162
2024/6/18 0:00,0.428933449,0.617692249,0.468809518,0.502134023,0.497344887
2024/6/18 1:00,0.428796591,0.618823495,0.485057856,0.499100112,0.505143531
2024/6/18 2:00,0.429241679,0.620711394,0.494157967,0.498407524,0.511040328
2024/6/18 3:00,0.428766113,0.621876914,0.494084799,0.498258378,0.513604996
2024/6/18 4:00,0.429000497,0.605525564,0.495044656,0.496823469,0.510646305
2024/6/18 5:00,0.428620843,0.600821248,0.489436808,0.506173999,0.509409848
2024/6/18 6:00,0.388976588,0.577346336,0.49480411,0.483366247,0.489493191
2024/6/18 7:00,0.32444735,0.537119918,0.489835156,0.4510631,0.450732094
2024/6/18 8:00,0.291928109,0.495095001,0.475811774,0.443376697,0.422056026
2024/6/18 9:00,0.272671951,0.446857238,0.456218637,0.4019248,0.394969817
2024/6/18 10:00,0.276125199,0.433504642,0.449843926,0.39118274,0.389644683
2024/6/18 11:00,0.254917789,0.396854138,0.441249742,0.352535089,0.365459858
2024/6/18 12:00,0.244612028,0.423666195,0.450995844,0.371839356,0.374679515
2024/6/18 13:00,0.249162396,0.417772854,0.449898356,0.373135248,0.37352323
2024/6/18 14:00,0.283197241,0.466685273,0.464826031,0.426841728,0.40785525
2024/6/18 15:00,0.34222739,0.483188865,0.453058374,0.440972107,0.429443782
2024/6/18 16:00,0.389708277,0.543838724,0.461450817,0.474091917,0.465106518
2024/6/18 17:00,0.430298769,0.578549866,0.461924872,0.467604872,0.48639955
2024/6/18 18:00,0.458658588,0.571347284,0.459338357,0.471934446,0.491768156
2024/6/18 19:00,0.464455037,0.569618624,0.458188297,0.47506449,0.492671239
2024/6/18 20:00,0.465078253,0.572104511,0.458798722,0.476597945,0.493718646
2024/6/18 21:00,0.464548616,0.579355267,0.460785704,0.492874487,0.496731644
2024/6/18 22:00,0.462711564,0.61341294,0.459492675,0.543394445,0.50776346
2024/6/18 23:00,0.452524203,0.640645998,0.458535896,0.558458309,0.512573558
2024/6/19 0:00,0.44086782,0.653689742,0.471709178,0.556380788,0.516842644
2024/6/19 1:00,0.438916547,0.672468864,0.485907325,0.565471134,0.529966319
2024/6/19 2:00,0.436320673,0.667465049,0.49581406,0.561154122,0.535756062
2024/6/19 3:00,0.431352934,0.665234617,0.494236401,0.557266964,0.535407655
2024/6/19 4:00,0.428463995,0.659726372,0.490424945,0.557963044,0.531915901
2024/6/19 5:00,0.428650077,0.647988837,0.494689849,0.550910009,0.528820723
2024/6/19 6:00,0.384626481,0.587237571,0.504607625,0.500726212,0.495295683
2024/6/19 7:00,0.348021319,0.51590889,0.501796537,0.443991767,0.45793
2024/6/19 8:00,0.297545146,0.450293316,0.469378784,0.393230621,0.406630545
2024/6/19 9:00,0.262348786,0.447447598,0.454349542,0.381234414,0.387715469
2024/6/19 10:00,0.254089861,0.397110614,0.441684515,0.334854416,0.36727601
2024/6/19 11:00,0.251243631,0.379866725,0.434419948,0.322709314,0.357844542
2024/6/19 12:00,0.250569576,0.381226289,0.435030753,0.324377666,0.358783927
2024/6/19 13:00,0.269762848,0.403212417,0.4405929,0.349756293,0.37549781
2024/6/19 14:00,0.276475475,0.418349094,0.446218819,0.372479612,0.384977158
2024/6/19 15:00,0.308074226,0.449846683,0.448812454,0.40614982,0.406640306
2024/6/19 16:00,0.376787998,0.497715124,0.452637156,0.452225285,0.444658433
2024/6/19 17:00,0.416612287,0.542710298,0.459601206,0.493684876,0.471004218
2024/6/19 18:00,0.455328932,0.55315156,0.459945938,0.462622705,0.484478409
2024/6/19 19:00,0.463415488,0.544326302,0.460500466,0.454221422,0.484969779
2024/6/19 20:00,0.465376447,0.582917059,0.463031329,0.489606271,0.498413477
2024/6/19 21:00,0.466104162,0.613347314,0.457206023,0.512968431,0.506264382
2024/6/19 22:00,0.456885221,0.624524117,0.453945288,0.515263425,0.507839415
2024/6/19 23:00,0.443413343,0.6383003,0.452260517,0.520563252,0.508561822
2024/6/20 0:00,0.436038424,0.652166303,0.467282001,0.522998577,0.515621904
2024/6/20 1:00,0.431604972,0.677255776,0.488845779,0.532874088,0.5295713
2024/6/20 2:00,0.429081252,0.676612234,0.500841202,0.553997482,0.536349771
2024/6/20 3:00,0.429698482,0.656473162,0.502485333,0.542850278,0.532174114
2024/6/20 4:00,0.430056119,0.641644326,0.50103162,0.532476026,0.527684793
2024/6/20 5:00,0.429366782,0.620788368,0.495458553,0.516471682,0.519099818
2024/6/20 6:00,0.389558578,0.567967475,0.496583293,0.480966307,0.488031987
2024/6/20 7:00,0.337313062,0.481565151,0.489094216,0.411281726,0.439147444
2024/6/20 8:00,0.288530063,0.441687597,0.464816147,0.384975795,0.399146688
2024/6/20 9:00,0.269997908,0.434929627,0.446673822,0.370853596,0.38398343
2024/6/20 10:00,0.244090051,0.395061691,0.43414548,0.338726132,0.357373027
2024/6/20 11:00,0.24831738,0.387048484,0.432685964,0.338833821,0.357753921
2024/6/20 12:00,0.236682598,0.392632804,0.436337206,0.340467449,0.356842174
2024/6/20 13:00,0.25630808,0.420918234,0.442284229,0.371728378,0.376047449
2024/6/20 14:00,0.294050658,0.442268073,0.449172941,0.404790143,0.40147298
2024/6/20 15:00,0.298505848,0.46406209,0.452965071,0.427042395,0.408581195
2024/6/20 16:00,0.332396855,0.494460361,0.455659718,0.444036129,0.427662595
2024/6/20 17:00,0.386192786,0.536266877,0.465210154,0.483008759,0.460622142
2024/6/20 18:00,0.44119216,0.531433963,0.463362785,0.455372325,0.475311109
2024/6/20 19:00,0.455612793,0.52633846,0.466056439,0.449778081,0.479420005
2024/6/20 20:00,0.466638255,0.555321584,0.470612664,0.471014631,0.492939803
2024/6/20 21:00,0.468162115,0.591936349,0.468644023,0.494414741,0.503438378
2024/6/20 22:00,0.467176257,0.614848395,0.463401888,0.511885789,0.509388121
2024/6/20 23:00,0.467655761,0.642959396,0.45339896,0.555677996,0.517273417
2024/6/21 0:00,0.464934027,0.670847469,0.460190304,0.567285094,0.529160052
2024/6/21 1:00,0.45442335,0.670174534,0.48077575,0.572203538,0.534690601
2024/6/21 2:00,0.442222821,0.662441558,0.487053881,0.562338231,0.5342116
2024/6/21 3:00,0.435643058,0.645336268,0.487241594,0.548067738,0.528014337
2024/6/21 4:00,0.432197605,0.626687001,0.484628654,0.534098994,0.519901015
2024/6/21 5:00,0.432193892,0.626361971,0.484415037,0.532946983,0.521061924
2024/6/21 6:00,0.406142499,0.590361835,0.500670227,0.504279426,0.504056673
2024/6/21 7:00,0.345725306,0.543329991,0.498821528,0.462758263,0.464679654
2024/6/21 8:00,0.301907373,0.449027234,0.467479632,0.391454248,0.4078672
2024/6/21 9:00,0.262851777,0.405094752,0.439099257,0.344520892,0.370306477
2024/6/21 10:00,0.249591365,0.369610489,0.429105637,0.317274212,0.351676723
2024/6/21 11:00,0.244722697,0.353950161,0.422627031,0.306442225,0.342440135
2024/6/21 12:00,0.244776681,0.359583499,0.426030124,0.313041709,0.346120275
2024/6/21 13:00,0.257727167,0.380762422,0.430814568,0.335512675,0.359584704
2024/6/21 14:00,0.275271386,0.408499339,0.439717583,0.362494675,0.377936008
2024/6/21 15:00,0.30336123,0.447609845,0.447020069,0.400745405,0.403118727
2024/6/21 16:00,0.336172018,0.480022758,0.447209906,0.426459285,0.423644444
2024/6/21 17:00,0.381130241,0.521899368,0.451695299,0.461269003,0.451010849
2024/6/21 18:00,0.436213759,0.519205522,0.451120468,0.452741328,0.466142219
2024/6/21 19:00,0.458530859,0.51034008,0.451171173,0.443204536,0.470065549
2024/6/21 20:00,0.464288354,0.533375286,0.453322494,0.459170431,0.479727106
2024/6/21 21:00,0.458298396,0.557552599,0.454890597,0.472963137,0.485840513
2024/6/21 22:00,0.446866431,0.574612794,0.453933547,0.477263654,0.48778339
2024/6/21 23:00,0.445039196,0.628524023,0.453157104,0.530646531,0.504055269
2024/6/22 0:00,0.445105589,0.655290971,0.464348696,0.562910034,0.515530473
2024/6/22 1:00,0.445351846,0.672854352,0.484613791,0.574261834,0.529693558
2024/6/22 2:00,0.445644275,0.683316843,0.49341363,0.581146735,0.540586981
2024/6/22 3:00,0.447207506,0.685730106,0.490034492,0.582822209,0.54479645
2024/6/22 4:00,0.439831132,0.681709052,0.483830719,0.574555785,0.538224624
2024/6/22 5:00,0.435198303,0.665766167,0.48323913,0.561324871,0.531108009
2024/6/22 6:00,0.389290939,0.588945145,0.490098593,0.500832261,0.491913851
2024/6/22 7:00,0.341084269,0.499504689,0.499574762,0.429170952,0.446853648
2024/6/22 8:00,0.289818394,0.425535025,0.494368658,0.366112041,0.399541088
2024/6/22 9:00,0.264102702,0.383313027,0.48227851,0.33434918,0.370262634
2024/6/22 10:00,0.247707887,0.35431425,0.475048304,0.311139254,0.351846263
2024/6/22 11:00,0.235026333,0.352836671,0.473069706,0.312403914,0.349090932
2024/6/22 12:00,0.236237845,0.351202685,0.470333851,0.313884792,0.350904973
2024/6/22 13:00,0.250010677,0.377765538,0.477251679,0.341348758,0.368368241
2024/6/22 14:00,0.264477563,0.402911895,0.484344715,0.369229124,0.386916057
2024/6/22 15:00,0.284553045,0.423030612,0.486213076,0.389950607,0.401205186
2024/6/22 16:00,0.3246831,0.471792694,0.496348603,0.43456913,0.433556204
2024/6/22 17:00,0.385803515,0.534670441,0.506372351,0.490182927,0.476740204
2024/6/22 18:00,0.446106456,0.513758846,0.503280481,0.472890443,0.488133276
2024/6/22 19:00,0.457327847,0.497108921,0.506898292,0.450957955,0.486979775
2024/6/22 20:00,0.466246735,0.507439702,0.516693158,0.460129869,0.496716014
2024/6/22 21:00,0.467845345,0.52722405,0.520826913,0.474973756,0.505074932
2024/6/22 22:00,0.467782429,0.564218365,0.52446073,0.501356535,0.518114533
2024/6/22 23:00,0.468143515,0.611201276,0.520415555,0.533846046,0.532108941
2024/6/23 0:00,0.466094887,0.636437093,0.513024409,0.550041288,0.53499061
2024/6/23 1:00,0.454604475,0.65640605,0.503563203,0.571587133,0.535842562
2024/6/23 2:00,0.443908232,0.654953819,0.494570298,0.56553208,0.531572936
2024/6/23 3:00,0.43740877,0.666726678,0.486244291,0.567281233,0.52958349
2024/6/23 4:00,0.43273379,0.666226703,0.485830675,0.565239594,0.527474754
2024/6/23 5:00,0.431659542,0.663005053,0.50142758,0.562929949,0.53202728
2024/6/23 6:00,0.393650029,0.591262541,0.505150114,0.508404333,0.498861521
2024/6/23 7:00,0.326255252,0.486774187,0.507262646,0.425539849,0.439093785
2024/6/23 8:00,0.297332331,0.411658435,0.494218813,0.368303133,0.399932453
2024/6/23 9:00,0.240897326,0.353235586,0.475783989,0.313578741,0.352683409
2024/6/23 10:00,0.224902029,0.330953027,0.465534719,0.296007752,0.337200349
2024/6/23 11:00,0.229215809,0.314463503,0.459670822,0.285550351,0.331396515
2024/6/23 12:00,0.237505843,0.312843988,0.454283849,0.287217794,0.333155156
2024/6/23 13:00,0.241861739,0.314055217,0.453112841,0.289342902,0.334997478
2024/6/23 14:00,0.254284946,0.326156013,0.46028984,0.303623676,0.34673001
2024/6/23 15:00,0.284011137,0.345201508,0.469948459,0.322625344,0.367186113
2024/6/23 16:00,0.326277301,0.460121843,0.498360866,0.427753381,0.431110586
2024/6/23 17:00,0.4142356,0.54729061,0.506979868,0.501756413,0.490428779
2024/6/23 18:00,0.452563014,0.567429915,0.519245007,0.519272414,0.513151092
2024/6/23 19:00,0.455126515,0.566164241,0.521702492,0.50780085,0.513763757
2024/6/23 20:00,0.461718813,0.570420377,0.520056081,0.489936378,0.515744093
2024/6/23 21:00,0.461070958,0.579331687,0.514270793,0.495214421,0.5169186
2024/6/23 22:00,0.461101004,0.615260365,0.513748375,0.542051208,0.529239659
2024/6/23 23:00,0.463420446,0.64012787,0.516556562,0.567187645,0.540967703
2024/6/24 0:00,0.462866106,0.656479565,0.51708825,0.571375367,0.545098497
2024/6/24 1:00,0.462492088,0.687090066,0.507538087,0.588142275,0.55358924
2024/6/24 2:00,0.456268604,0.685468012,0.503104899,0.584868872,0.551647202
2024/6/24 3:00,0.444364714,0.667815663,0.506356672,0.568338814,0.542325241
2024/6/24 4:00,0.43975628,0.644653415,0.504209018,0.552651073,0.532559602
2024/6/24 5:00,0.434357203,0.614954585,0.502978825,0.532582379,0.52148328
2024/6/24 6:00,0.392872982,0.555915169,0.500416796,0.483655665,0.486138341
2024/6/24 7:00,0.33326498,0.464339641,0.4875643,0.406646225,0.428780622
2024/6/24 8:00,0.29446562,0.401104957,0.4522951,0.359630238,0.384514589
2024/6/24 9:00,0.266978317,0.362814865,0.422829349,0.332345688,0.354948715
2024/6/24 10:00,0.247048541,0.354859161,0.42024829,0.324511012,0.344844548
2024/6/24 11:00,0.240078349,0.351123874,0.417147289,0.319929816,0.340736381
2024/6/24 12:00,0.24953547,0.367252343,0.423004785,0.330749077,0.352516874
2024/6/24 13:00,0.270813592,0.393479717,0.433290253,0.351720129,0.371656505
2024/6/24 14:00,0.284489681,0.415791197,0.447337114,0.379129793,0.390079289
2024/6/24 15:00,0.315693447,0.442964548,0.453792869,0.40527263,0.410294384
2024/6/24 16:00,0.376563995,0.49028431,0.464700245,0.423817716,0.446082359
2024/6/24 17:00,0.440186953,0.55468871,0.47288751,0.484842526,0.486978053
2024/6/24 18:00,0.457493512,0.554318819,0.469370034,0.470180093,0.490064114
2024/6/24 19:00,0.464935381,0.557701922,0.469135699,0.468561571,0.492837014
2024/6/24 20:00,0.469585855,0.58314533,0.470449327,0.497707969,0.502744013
2024/6/24 21:00,0.469155693,0.608610385,0.462999908,0.493485882,0.506905696
2024/6/24 22:00,0.469646964,0.617506608,0.454936694,0.522692218,0.509182833
2024/6/24 23:00,0.463258654,0.635329538,0.450084547,0.535712779,0.512823654
2024/6/25 0:00,0.452888015,0.627796951,0.46108417,0.524783784,0.510441028
2024/6/25 1:00,0.44601769,0.650237083,0.468050568,0.535823664,0.521729386
2024/6/25 2:00,0.441866651,0.641676189,0.475031743,0.528200787,0.522638428
2024/6/25 3:00,0.440056848,0.631658101,0.477555995,0.521940319,0.520911071
2024/6/25 4:00,0.440186219,0.618428588,0.480575527,0.515542403,0.516715073
2024/6/25 5:00,0.441396964,0.606456028,0.48141222,0.511608846,0.515059652
2024/6/25 6:00,0.40481086,0.561857091,0.492295248,0.475232473,0.490367981
2024/6/25 7:00,0.346910335,0.507843173,0.483612997,0.432849271,0.447557271
2024/6/25 8:00,0.309112256,0.443688867,0.46396139,0.387091894,0.405562119
2024/6/25 9:00,0.289224112,0.416550422,0.442005931,0.363755162,0.384265667
2024/6/25 10:00,0.292511955,0.401395206,0.436033678,0.354664982,0.381142661
2024/6/25 11:00,0.272041369,0.40323602,0.440251239,0.356451627,0.375629957
2024/6/25 12:00,0.265971311,0.411234713,0.450908512,0.361550816,0.379449716
2024/6/25 13:00,0.278969336,0.41596775,0.456155549,0.366040455,0.38776451
2024/6/25 14:00,0.295469772,0.427275279,0.462118496,0.38006685,0.399504147
2024/6/25 15:00,0.313920683,0.441896727,0.46417181,0.39802495,0.411834514
2024/6/25 16:00,0.350833952,0.497709664,0.472004742,0.446845313,0.441728315
2024/6/25 17:00,0.413434901,0.550335156,0.476685385,0.496197957,0.479026586
2024/6/25 18:00,0.445805668,0.564086677,0.477066529,0.506426615,0.493372026
2024/6/25 19:00,0.459070512,0.545352134,0.449627691,0.464257888,0.479835297
2024/6/25 20:00,0.46837513,0.577334377,0.445447873,0.48649185,0.490815257
2024/6/25 21:00,0.468370954,0.602579479,0.436659573,0.503477944,0.495777617
2024/6/25 22:00,0.463296284,0.617644829,0.425945996,0.514826217,0.49693967
2024/6/25 23:00,0.456455325,0.632507653,0.426369379,0.561581681,0.501085965
2024/6/26 0:00,0.443823876,0.644758257,0.431940232,0.558580376,0.503978948
2024/6/26 1:00,0.43809179,0.64234168,0.457671871,0.55242707,0.510704282
2024/6/26 2:00,0.433832634,0.644651143,0.463083631,0.551418248,0.515172367
2024/6/26 3:00,0.432151502,0.657868243,0.462366625,0.559973956,0.522217986
2024/6/26 4:00,0.432585677,0.654506238,0.463219656,0.557520467,0.525300439
2024/6/26 5:00,0.433076967,0.653913283,0.470335458,0.555746163,0.527206976
2024/6/26 6:00,0.385085259,0.594554842,0.486850394,0.504432654,0.494524504
2024/6/26 7:00,0.330835059,0.545127488,0.482688341,0.460699393,0.456483155
2024/6/26 8:00,0.285937231,0.468976115,0.464981822,0.406224439,0.40793892
2024/6/26 9:00,0.261605103,0.423098085,0.442685702,0.362040683,0.376183693
2024/6/26 10:00,0.243519681,0.401677707,0.436334079,0.34407589,0.360005615
2024/6/26 11:00,0.240891908,0.394225746,0.435577183,0.346059537,0.357060271
2024/6/26 12:00,0.248089663,0.412658783,0.443887227,0.366898367,0.369663687
2024/6/26 13:00,0.268247662,0.452739511,0.460609135,0.413104416,0.395592715
2024/6/26 14:00,0.309408947,0.463059756,0.465659099,0.425812992,0.417835613
2024/6/26 15:00,0.334164469,0.486515805,0.464584042,0.434027461,0.430076249
2024/6/26 16:00,0.393681531,0.471185592,0.459161127,0.429573964,0.443153393
2024/6/26 17:00,0.438068751,0.527012944,0.468960306,0.485578591,0.478123173
2024/6/26 18:00,0.442671201,0.557573201,0.466740182,0.482602847,0.486702724
2024/6/26 19:00,0.459788383,0.54458674,0.457523794,0.4659708,0.484089523
2024/6/26 20:00,0.46872275,0.545735388,0.456626541,0.408284534,0.485069834
2024/6/26 21:00,0.468056187,0.568553749,0.456511895,0.406456173,0.491859676
2024/6/26 22:00,0.465791785,0.602049342,0.4562073,0.45297221,0.503043128
2024/6/26 23:00,0.458743791,0.6249477,0.451138583,0.550416824,0.509976022
2024/6/27 0:00,0.445218172,0.652035661,0.465173634,0.565655126,0.519292638
2024/6/27 1:00,0.43894967,0.672625676,0.485596907,0.575450375,0.532814943
2024/6/27 2:00,0.435032505,0.68490486,0.491709584,0.575594807,0.538432562
2024/6/27 3:00,0.432440499,0.676516266,0.489782509,0.567491456,0.535926821
2024/6/27 4:00,0.432522801,0.654872267,0.485852256,0.554066347,0.528077185
2024/6/27 5:00,0.432166677,0.631156246,0.485464717,0.538535134,0.519820309
2024/6/27 6:00,0.392462646,0.571692123,0.491962864,0.488450366,0.486214443
2024/6/27 7:00,0.330366817,0.490734145,0.485006898,0.421020885,0.434969287
2024/6/27 8:00,0.289541003,0.440136941,0.464989301,0.389069666,0.399506754
2024/6/27 9:00,0.260544686,0.414131846,0.443919259,0.369148573,0.374407313
2024/6/27 10:00,0.24607584,0.393767727,0.439551562,0.352228112,0.362317973
2024/6/27 11:00,0.243233361,0.391535148,0.43918231,0.351273079,0.36052964
2024/6/27 12:00,0.249940817,0.394681559,0.441121426,0.351836572,0.365468506
2024/6/27 13:00,0.266454598,0.414432398,0.448916199,0.378428107,0.38130309
2024/6/27 14:00,0.28101061,0.412947206,0.446703753,0.383351083,0.385537364
2024/6/27 15:00,0.31036349,0.42783659,0.442945924,0.399289577,0.397752767
2024/6/27 16:00,0.360687048,0.470325773,0.4522722,0.427594959,0.43034239
2024/6/27 17:00,0.407538137,0.52526833,0.469903369,0.469731753,0.468072686
2024/6/27 18:00,0.447200174,0.539592402,0.474623998,0.481792462,0.48607195
2024/6/27 19:00,0.459579341,0.530948751,0.465688326,0.453004774,0.482731939
2024/6/27 20:00,0.469208518,0.535162543,0.463318228,0.452225565,0.485644009
2024/6/27 21:00,0.469125202,0.555197221,0.460250507,0.463379321,0.490701875
2024/6/27 22:00,0.468609633,0.577812794,0.462401468,0.50764015,0.500039054
2024/6/27 23:00,0.470556495,0.61748388,0.463216058,0.541512033,0.514601873
2024/6/28 0:00,0.461957177,0.645192558,0.474866661,0.550305198,0.525007057
2024/6/28 1:00,0.454975539,0.658524853,0.492041377,0.554775697,0.534754666
2024/6/28 2:00,0.453576684,0.66958317,0.494782233,0.562272943,0.544033671
2024/6/28 3:00,0.443649918,0.663465276,0.494583755,0.553018799,0.540113275
2024/6/28 4:00,0.435353675,0.647550362,0.492285468,0.540141479,0.531289754
2024/6/28 5:00,0.433825024,0.641683039,0.491429734,0.543421482,0.528725169
2024/6/28 6:00,0.393338325,0.592972015,0.492911635,0.502498014,0.499254025
2024/6/28 7:00,0.332301487,0.5158795,0.486489267,0.436943244,0.449034522
2024/6/28 8:00,0.290596084,0.469068316,0.470535119,0.405583609,0.41121888
2024/6/28 9:00,0.269708129,0.432903563,0.44960343,0.384508078,0.38803553
2024/6/28 10:00,0.254338396,0.406334463,0.445604778,0.362345614,0.373299987
2024/6/28 11:00,0.248761584,0.409932941,0.444980629,0.366870204,0.371834937
2024/6/28 12:00,0.257141339,0.412051341,0.446782792,0.368796226,0.377422168
2024/6/28 13:00,0.270887423,0.416366051,0.448964412,0.381423002,0.384969799
2024/6/28 14:00,0.291849352,0.414976264,0.44687631,0.387597378,0.391450786
2024/6/28 15:00,0.30403421,0.442654988,0.45225474,0.413283638,0.404782962
2024/6/28 16:00,0.348182376,0.484283098,0.450110616,0.438205031,0.431061523
2024/6/28 17:00,0.398813091,0.50243807,0.45017264,0.455368022,0.452535887
2024/6/28 18:00,0.439111994,0.503870974,0.451324317,0.411126892,0.462152048
2024/6/28 19:00,0.451938029,0.526380431,0.456011209,0.418033215,0.473491021
2024/6/28 20:00,0.454742748,0.552890234,0.458360499,0.431031606,0.482257791
2024/6/28 21:00,0.453816932,0.57574186,0.459401863,0.468670509,0.48988022
2024/6/28 22:00,0.453655913,0.561797013,0.458780019,0.459802189,0.486730636
2024/6/28 23:00,0.454305914,0.603066329,0.46612028,0.534617151,0.503649748
2024/6/29 0:00,0.454458119,0.623809213,0.48258073,0.544299142,0.515580309
2024/6/29 1:00,0.447837749,0.625277764,0.498573198,0.541477477,0.521894159
2024/6/29 2:00,0.439714922,0.652711831,0.503340464,0.554732931,0.531651339
2024/6/29 3:00,0.43351746,0.661483526,0.500424162,0.557917022,0.534137313
2024/6/29 4:00,0.434113387,0.64972894,0.500886363,0.549941727,0.530991183
2024/6/29 5:00,0.434278198,0.624233087,0.508520813,0.535352163,0.525237812
2024/6/29 6:00,0.376572419,0.549543464,0.516402722,0.47379217,0.481798184
2024/6/29 7:00,0.348135996,0.458319005,0.514651287,0.404997262,0.441080777
2024/6/29 8:00,0.29759786,0.381132909,0.497353803,0.339063285,0.38959495
2024/6/29 9:00,0.316481774,0.354004025,0.478003146,0.32369598,0.383299087
2024/6/29 10:00,0.269289991,0.33200084,0.46828127,0.301051193,0.356404605
2024/6/29 11:00,0.270032957,0.310325959,0.450567874,0.287254904,0.344940764
2024/6/29 12:00,0.23914175,0.302680006,0.44802827,0.281504355,0.329915883
2024/6/29 13:00,0.276203255,0.313033945,0.453069857,0.29272327,0.346898829
2024/6/29 14:00,0.263556615,0.324762735,0.460012986,0.301100849,0.346974186
2024/6/29 15:00,0.292690448,0.346118607,0.467289271,0.318066248,0.368897467
2024/6/29 16:00,0.412778251,0.395297047,0.477089313,0.363071888,0.427175825
2024/6/29 17:00,0.42188061,0.434763352,0.49715913,0.394762961,0.451590225
2024/6/29 18:00,0.430652773,0.459104854,0.500211096,0.413493333,0.46382002
2024/6/29 19:00,0.432818141,0.43576835,0.4944493,0.385772787,0.45418476
2024/6/29 20:00,0.433252243,0.432071488,0.490169507,0.380827602,0.451636366
2024/6/29 21:00,0.43356244,0.457866172,0.492759384,0.398295861,0.46116922
2024/6/29 22:00,0.433491135,0.475213233,0.50348898,0.408921908,0.470438507
2024/6/29 23:00,0.433642298,0.487424049,0.506623961,0.432826985,0.476561818
2024/6/30 0:00,0.433390675,0.512952903,0.505570994,0.467883498,0.484213121
2024/6/30 1:00,0.433778508,0.534025945,0.508278908,0.478456254,0.490633693
2024/6/30 2:00,0.434747328,0.557997843,0.510437478,0.493646153,0.499481899
2024/6/30 3:00,0.433957535,0.585110768,0.506412296,0.512717379,0.508057658
2024/6/30 4:00,0.433740816,0.597968042,0.511759875,0.521622595,0.513701384
2024/6/30 5:00,0.433978109,0.594774508,0.515403793,0.518943326,0.514405931
2024/6/30 6:00,0.415356521,0.557988439,0.510305386,0.489051518,0.495280968
2024/6/30 7:00,0.361357263,0.50135462,0.506460724,0.436346845,0.456688373
2024/6/30 8:00,0.332866592,0.426835401,0.492816548,0.37681496,0.416128668
2024/6/30 9:00,0.274547814,0.357757107,0.47550181,0.318038486,0.364909681
2024/6/30 10:00,0.255753588,0.336509697,0.466736041,0.303217264,0.348071661
2024/6/30 11:00,0.336906705,0.370947723,0.464308049,0.343787838,0.393555093
2024/6/30 12:00,0.284577272,0.349611408,0.458781749,0.317794975,0.365929098
2024/6/30 13:00,0.254088887,0.358765736,0.466252175,0.322046747,0.359647676
2024/6/30 14:00,0.26049205,0.369467682,0.470199429,0.330265792,0.36589183
2024/6/30 15:00,0.290043897,0.388557688,0.480365103,0.356916071,0.388844182
2024/6/30 16:00,0.323264809,0.421188007,0.485912576,0.388013873,0.414094854
2024/6/30 17:00,0.38645678,0.485866569,0.494296428,0.443891844,0.458537832
2024/6/30 18:00,0.434260743,0.525957365,0.49738631,0.451515101,0.485609886
2024/6/30 19:00,0.438879297,0.51754203,0.498099691,0.44278015,0.484344135
2024/6/30 20:00,0.440022604,0.527532987,0.50095518,0.450150856,0.488834032
2024/6/30 21:00,0.439798069,0.534431755,0.505978845,0.455346948,0.49267146
2024/6/30 22:00,0.439645646,0.555823008,0.509450522,0.473869933,0.500986983
2024/6/30 23:00,0.440088671,0.579201568,0.510971044,0.520399016,0.51019889
2024/7/1 0:00,0.440338012,0.61340047,0.505961077,0.538191728,0.518805186
2024/7/1 1:00,0.440540708,0.649049181,0.501297229,0.561138508,0.531130111
2024/7/1 2:00,0.441510741,0.645892149,0.496665711,0.557656199,0.532165194
2024/7/1 3:00,0.44142243,0.633646858,0.492866441,0.547929033,0.528931728
2024/7/1 4:00,0.442510227,0.636507405,0.500123539,0.550749677,0.53263274
2024/7/1 5:00,0.443070786,0.619569555,0.503123206,0.540316023,0.527874046
2024/7/1 6:00,0.396463298,0.555318501,0.508127995,0.485992022,0.488718883
2024/7/1 7:00,0.335568982,0.480933556,0.494731712,0.422943835,0.436806037
2024/7/1 8:00,0.302004637,0.415238983,0.452750025,0.373280549,0.390861974
2024/7/1 9:00,0.276109944,0.362311968,0.423462891,0.334011161,0.35676739
2024/7/1 10:00,0.254237924,0.33542086,0.414492575,0.311065155,0.338270729
2024/7/1 11:00,0.248580981,0.327902136,0.409635241,0.304087932,0.332786381
2024/7/1 12:00,0.25053586,0.339534855,0.415026331,0.314208224,0.339925445
2024/7/1 13:00,0.272100759,0.362255599,0.41822819,0.337094457,0.356029543
2024/7/1 14:00,0.280726908,0.386592286,0.42559117,0.363445045,0.370609672
2024/7/1 15:00,0.30637899,0.420042236,0.432092832,0.392352053,0.391582815
2024/7/1 16:00,0.351707403,0.472633511,0.442461873,0.43329202,0.425193061
2024/7/1 17:00,0.427673061,0.505012693,0.449788053,0.466753028,0.460123757
2024/7/1 18:00,0.466385443,0.529263008,0.457618665,0.459506252,0.480325375
2024/7/1 19:00,0.468321268,0.533035828,0.461563804,0.460180823,0.483602704
2024/7/1 20:00,0.476414352,0.560710914,0.470990654,0.484948785,0.497565791
2024/7/1 21:00,0.47700315,0.58725578,0.477001731,0.516259649,0.508347463
2024/7/1 22:00,0.477627981,0.60756795,0.481616363,0.529851497,0.517456139
2024/7/1 23:00,0.480946485,0.634908521,0.48329886,0.544517019,0.52806864
2024/7/2 0:00,0.480540309,0.646136664,0.485416279,0.569102204,0.533751706
2024/7/2 1:00,0.479229719,0.657334495,0.504648993,0.577077495,0.545212136
2024/7/2 2:00,0.479385558,0.658798194,0.509902013,0.577404381,0.552030195
2024/7/2 3:00,0.476512012,0.660961521,0.510749082,0.576900262,0.55360711
2024/7/2 4:00,0.461563121,0.649210003,0.50565186,0.564822797,0.542954532
2024/7/2 5:00,0.454036893,0.627113318,0.504849204,0.547599211,0.53290044
2024/7/2 6:00,0.40399672,0.558013692,0.505834277,0.489499028,0.492578936
2024/7/2 7:00,0.344734221,0.461727319,0.484600804,0.408074587,0.432773164
2024/7/2 8:00,0.296409791,0.393064895,0.450713032,0.356125624,0.382843984
2024/7/2 9:00,0.266967864,0.373234883,0.432006843,0.341844744,0.360623385
2024/7/2 10:00,0.253042532,0.366848606,0.427659653,0.332984288,0.353381694
2024/7/2 11:00,0.250255376,0.362293536,0.424221996,0.330964936,0.350505729
2024/7/2 12:00,0.259800778,0.372847738,0.430752763,0.341296489,0.360064312
2024/7/2 13:00,0.271863973,0.391498406,0.43871576,0.361162396,0.372798111
2024/7/2 14:00,0.288501393,0.407195238,0.446753095,0.381540211,0.386590742
2024/7/2 15:00,0.325701255,0.429871422,0.451789293,0.399490409,0.406922751
2024/7/2 16:00,0.360747264,0.532088889,0.472874048,0.482395434,0.455323762
2024/7/2 17:00,0.412219432,0.566810108,0.479066988,0.514164254,0.483570306
2024/7/2 18:00,0.459714985,0.574515578,0.474873796,0.523175562,0.498820195
2024/7/2 19:00,0.47524244,0.563385446,0.47006344,0.512510827,0.498773617
2024/7/2 20:00,0.478986612,0.566692839,0.461464195,0.510643487,0.49789075
2024/7/2 21:00,0.475942656,0.603614192,0.460937243,0.537462718,0.50852254
2024/7/2 22:00,0.476815758,0.612678256,0.459270816,0.541940962,0.512550427
2024/7/2 23:00,0.47771823,0.622491628,0.463866865,0.546341961,0.518066427
2024/7/3 0:00,0.46386785,0.644309442,0.473109007,0.548050309,0.523056227
2024/7/3 1:00,0.457952083,0.667821696,0.491669677,0.560937318,0.536534896
2024/7/3 2:00,0.458231989,0.676788196,0.501838127,0.565391143,0.545261802
2024/7/3 3:00,0.451894473,0.676734378,0.501643007,0.566128548,0.545066021
2024/7/3 4:00,0.447164209,0.657825164,0.496449781,0.554443367,0.535992805
2024/7/3 5:00,0.443391279,0.632878789,0.494628034,0.536592801,0.52598434
2024/7/3 6:00,0.407099655,0.568808269,0.49610916,0.486573281,0.492916302
2024/7/3 7:00,0.341215926,0.482579728,0.483494221,0.414876691,0.438122411
2024/7/3 8:00,0.297775294,0.43104177,0.460671837,0.379957002,0.400117823
2024/7/3 9:00,0.271207508,0.407226803,0.444027403,0.361245909,0.377381636
2024/7/3 10:00,0.261992268,0.410992929,0.445753982,0.362971247,0.377377339
2024/7/3 11:00,0.263902941,0.407883894,0.444221651,0.362224311,0.378852796
2024/7/3 12:00,0.267156095,0.406028993,0.444989371,0.363252891,0.378612345
2024/7/3 13:00,0.282462467,0.405972204,0.449531893,0.372511707,0.385264311
2024/7/3 14:00,0.300138995,0.421094919,0.461033666,0.386664888,0.399806806
2024/7/3 15:00,0.326146461,0.444725899,0.465492298,0.39446874,0.416860903
2024/7/3 16:00,0.367636577,0.513813052,0.480272356,0.433143678,0.454050862
2024/7/3 17:00,0.41377041,0.553903466,0.482936414,0.487243105,0.481504105
2024/7/3 18:00,0.461839828,0.546109986,0.479104065,0.493749463,0.493718574
2024/7/3 19:00,0.469880877,0.542553496,0.477465658,0.492945156,0.494435711
2024/7/3 20:00,0.477351385,0.577444006,0.480094353,0.519352661,0.508609656
2024/7/3 21:00,0.477519879,0.609652055,0.47650879,0.543172708,0.517432874
2024/7/3 22:00,0.477668773,0.597909565,0.472594921,0.53316483,0.513142159
2024/7/3 23:00,0.478127656,0.627130697,0.467483913,0.553251075,0.522104546
2024/7/4 0:00,0.477022671,0.649579208,0.476263667,0.560386193,0.532648791
2024/7/4 1:00,0.47592666,0.65669246,0.49854149,0.562990758,0.543697328
2024/7/4 2:00,0.476070185,0.66825261,0.506628559,0.570007485,0.553615615
2024/7/4 3:00,0.473862658,0.666391981,0.501949183,0.573139811,0.554746404
2024/7/4 4:00,0.467874885,0.666174376,0.500668866,0.577803661,0.553997608
2024/7/4 5:00,0.466042539,0.666756521,0.500055676,0.575834441,0.554455473
2024/7/4 6:00,0.423511928,0.615280457,0.504015183,0.529338275,0.522034514
2024/7/4 7:00,0.355742189,0.523273095,0.49082752,0.452605917,0.461686398
2024/7/4 8:00,0.315582035,0.461124642,0.470357439,0.41085824,0.418785004
2024/7/4 9:00,0.288460105,0.439132183,0.451574925,0.393797124,0.396412445
2024/7/4 10:00,0.270518492,0.416512705,0.446617455,0.375000109,0.380914789
2024/7/4 11:00,0.26264786,0.406178885,0.442601484,0.370161124,0.375523814
2024/7/4 12:00,0.263282516,0.409675385,0.446058914,0.374260623,0.378800588
2024/7/4 13:00,0.276827115,0.416633012,0.452450877,0.385230062,0.387159033
2024/7/4 14:00,0.298952328,0.424556371,0.451834833,0.395733194,0.396845941
2024/7/4 15:00,0.325243111,0.438117898,0.457553956,0.40639845,0.410970143
2024/7/4 16:00,0.394896719,0.466804641,0.465602977,0.431523839,0.445350901
2024/7/4 17:00,0.440450525,0.509620419,0.473364905,0.460315248,0.474180554
2024/7/4 18:00,0.464545015,0.519010251,0.475726041,0.443292282,0.484147706
2024/7/4 19:00,0.474099437,0.507835724,0.473315736,0.441138861,0.482792193
2024/7/4 20:00,0.475734739,0.532296663,0.476250437,0.458664754,0.491838997
2024/7/4 21:00,0.475747123,0.57142912,0.479516381,0.493053433,0.505200453
2024/7/4 22:00,0.475385605,0.594215696,0.478863543,0.536750843,0.51345507
2024/7/4 23:00,0.477159236,0.652325854,0.473911002,0.582752662,0.532022062
2024/7/5 0:00,0.475632917,0.665421602,0.484095528,0.592797493,0.54210326
2024/7/5 1:00,0.475019521,0.673992358,0.496560269,0.586004137,0.549346919
2024/7/5 2:00,0.472349062,0.671933046,0.493046807,0.580861992,0.550868214
2024/7/5 3:00,0.461108809,0.670285924,0.488283319,0.578870653,0.546635556
2024/7/5 4:00,0.450155699,0.6607405,0.483042954,0.568658628,0.539010505
2024/7/5 5:00,0.445687681,0.656554031,0.484835873,0.563670054,0.537992622
2024/7/5 6:00,0.412540492,0.613921918,0.487028278,0.52663464,0.514079255
2024/7/5 7:00,0.363438356,0.539025817,0.482039964,0.464390761,0.468850477
2024/7/5 8:00,0.32914212,0.484913991,0.468381771,0.424996425,0.430416701
2024/7/5 9:00,0.285680664,0.456707918,0.451788344,0.405227998,0.399719367
2024/7/5 10:00,0.274727518,0.432425341,0.447309716,0.387097111,0.387038909
2024/7/5 11:00,0.269472824,0.413986667,0.445190365,0.377708851,0.380315282
2024/7/5 12:00,0.274331723,0.412281005,0.447638943,0.378403459,0.3834114
2024/7/5 13:00,0.286597979,0.410221055,0.448069553,0.379818218,0.386071751
2024/7/5 14:00,0.298421974,0.412701419,0.453081166,0.384104302,0.391033972
2024/7/5 15:00,0.320823441,0.437341176,0.463783485,0.406213404,0.411047593
2024/7/5 16:00,0.395619053,0.458246188,0.463263232,0.41282458,0.441219232
2024/7/5 17:00,0.47304945,0.513732441,0.476200885,0.476929316,0.486830558
2024/7/5 18:00,0.471294303,0.551968047,0.482546679,0.509212657,0.500261436
2024/7/5 19:00,0.474044847,0.544185115,0.479339478,0.482647783,0.496771029
2024/7/5 20:00,0.475929331,0.556714885,0.483858192,0.493444416,0.502911298
2024/7/5 21:00,0.475723521,0.570964391,0.484092413,0.502314156,0.507484429
2024/7/5 22:00,0.476108848,0.582990157,0.484094992,0.509411342,0.512171051
2024/7/5 23:00,0.477277646,0.623731953,0.484926849,0.570252809,0.527446085
2024/7/6 0:00,0.478595855,0.63306869,0.490384204,0.570292872,0.532380869
2024/7/6 1:00,0.47894288,0.639361808,0.508010806,0.573989231,0.542164399
2024/7/6 2:00,0.480380995,0.659203258,0.516036041,0.588248591,0.554727652
2024/7/6 3:00,0.480355429,0.667151494,0.518916838,0.591387524,0.560218684
2024/7/6 4:00,0.467584057,0.661938313,0.510267735,0.583282762,0.551626403
2024/7/6 5:00,0.455270073,0.645232983,0.506239264,0.568824046,0.541802923
2024/7/6 6:00,0.414743017,0.587226461,0.509550356,0.519258667,0.511452824
2024/7/6 7:00,0.345797553,0.496739892,0.504387976,0.436289304,0.455158379
2024/7/6 8:00,0.300481522,0.454296498,0.498569787,0.399369737,0.423125551
2024/7/6 9:00,0.274399309,0.403717676,0.482971254,0.356133794,0.391225971
2024/7/6 10:00,0.257250206,0.389188022,0.475310244,0.344532424,0.37834065
2024/7/6 11:00,0.251044617,0.385175399,0.47505384,0.342855973,0.374705037
2024/7/6 12:00,0.250061459,0.392497732,0.476850981,0.351561101,0.378594598
2024/7/6 13:00,0.259573287,0.408582868,0.483801467,0.371456158,0.390240736
2024/7/6 14:00,0.270276359,0.422692751,0.488699613,0.391783739,0.401624995
2024/7/6 15:00,0.304139225,0.443863457,0.487915093,0.412469962,0.418174946
2024/7/6 16:00,0.452961979,0.488297788,0.495800424,0.462129836,0.481524225
2024/7/6 17:00,0.468937738,0.543293606,0.51116984,0.512002149,0.510608791
2024/7/6 18:00,0.475351111,0.522629181,0.507571946,0.496282576,0.504163758
2024/7/6 19:00,0.475337949,0.548562016,0.516108932,0.504058031,0.515243849
2024/7/6 20:00,0.476497426,0.563046824,0.517654664,0.518041125,0.520879045
2024/7/6 21:00,0.476531688,0.564271126,0.517548024,0.519302945,0.521361354
2024/7/6 22:00,0.476329313,0.582756768,0.519176351,0.534593699,0.528516128
2024/7/6 23:00,0.476002497,0.596096266,0.514340886,0.540107995,0.531683028
2024/7/7 0:00,0.467925219,0.587609337,0.508445466,0.540136352,0.52351969
2024/7/7 1:00,0.461648429,0.578384852,0.505102288,0.532238277,0.517084035
2024/7/7 2:00,0.459018082,0.584491507,0.507475757,0.535393127,0.519604731
2024/7/7 3:00,0.458595937,0.600033355,0.504124336,0.546885726,0.524902286
2024/7/7 4:00,0.458864849,0.616921691,0.501455731,0.558848526,0.531782117
2024/7/7 5:00,0.459934369,0.617814022,0.504110786,0.559631531,0.533623595
2024/7/7 6:00,0.41571675,0.561659124,0.503715279,0.507851741,0.500487897
2024/7/7 7:00,0.329526559,0.457509951,0.508385364,0.412909594,0.434450867
2024/7/7 8:00,0.297565333,0.381727511,0.503181392,0.347523376,0.394796291
2024/7/7 9:00,0.269346369,0.358153496,0.494086833,0.324612229,0.374078368
2024/7/7 10:00,0.237683387,0.351992665,0.486326548,0.316614349,0.358281458
2024/7/7 11:00,0.239691523,0.361158243,0.478434709,0.328481414,0.362575648
2024/7/7 12:00,0.250841453,0.373390986,0.482837766,0.338386373,0.371197832
2024/7/7 13:00,0.261266273,0.381477718,0.488298114,0.346745179,0.379197606
2024/7/7 14:00,0.274990335,0.400548015,0.494453985,0.367767973,0.393535102
2024/7/7 15:00,0.337267369,0.457606146,0.497274112,0.416898504,0.432395646
2024/7/7 16:00,0.46720731,0.555176708,0.512513364,0.514898266,0.513847897
2024/7/7 17:00,0.477708602,0.544407307,0.521836762,0.512273336,0.517463513
2024/7/7 18:00,0.476791976,0.580423902,0.529574676,0.529737472,0.530269748
2024/7/7 19:00,0.475041822,0.579980913,0.525482227,0.522094859,0.52791182
2024/7/7 20:00,0.477854312,0.579346062,0.522781899,0.521027102,0.527502319
2024/7/7 21:00,0.477287718,0.600631159,0.52554586,0.537970661,0.535689363
2024/7/7 22:00,0.467680017,0.618829408,0.525405779,0.548959554,0.540094986
2024/7/7 23:00,0.462571568,0.629300488,0.523254198,0.552506246,0.541248151
2024/7/8 0:00,0.460624651,0.622847445,0.528232875,0.565096833,0.540378152
2024/7/8 1:00,0.459139932,0.636069263,0.524606105,0.576685935,0.5449497
2024/7/8 2:00,0.460613145,0.630294602,0.519192963,0.570146579,0.543313479
2024/7/8 3:00,0.461086258,0.61567039,0.518417314,0.558607088,0.538124124
2024/7/8 4:00,0.461028409,0.610025098,0.514252474,0.553255491,0.535584898
2024/7/8 5:00,0.460945532,0.60913912,0.510654227,0.550612205,0.534671021
2024/7/8 6:00,0.420162555,0.559404127,0.505323386,0.504624421,0.502858154
2024/7/8 7:00,0.347664998,0.471519808,0.486954258,0.426457558,0.443321756
2024/7/8 8:00,0.303846793,0.408200928,0.457909612,0.377595833,0.397177768
2024/7/8 9:00,0.286356738,0.384030341,0.435964109,0.356795214,0.374976932
2024/7/8 10:00,0.279421989,0.384831751,0.437459844,0.353117704,0.372943197
2024/7/8 11:00,0.268624928,0.389294258,0.438853757,0.358297198,0.370426998
2024/7/8 12:00,0.272005142,0.406493031,0.450353768,0.374668174,0.381470575
2024/7/8 13:00,0.28481152,0.427536947,0.462390397,0.39491226,0.396526346
2024/7/8 14:00,0.296497362,0.458238785,0.476944054,0.430746627,0.413134308
2024/7/8 15:00,0.394571592,0.46882268,0.466704282,0.414270414,0.445687119
2024/7/8 16:00,0.473186364,0.541534683,0.483650437,0.47814827,0.498214884
2024/7/8 17:00,0.467327804,0.561915631,0.475135525,0.498444324,0.500234753
2024/7/8 18:00,0.463940025,0.601995442,0.469830065,0.529859682,0.509583513
2024/7/8 19:00,0.469996103,0.616537447,0.468710696,0.542398354,0.514605053
2024/7/8 20:00,0.466931606,0.605548319,0.461737459,0.538483466,0.506616162
2024/7/8 21:00,0.464714103,0.594855726,0.461050727,0.5288753,0.502345603
2024/7/8 22:00,0.464548056,0.596940592,0.463472325,0.533497162,0.505040225
2024/7/8 23:00,0.461317745,0.599450329,0.463624922,0.54445228,0.506288832
2024/7/9 0:00,0.448608416,0.602962864,0.475964215,0.540731508,0.507616261
2024/7/9 1:00,0.442822934,0.609158853,0.492547777,0.537886512,0.514480917
2024/7/9 2:00,0.440818473,0.622522651,0.501081441,0.546200691,0.524344803
2024/7/9 3:00,0.442067344,0.635484732,0.500954027,0.552800117,0.531941665
2024/7/9 4:00,0.444900085,0.635755476,0.497772732,0.553542846,0.534289128
2024/7/9 5:00,0.445374771,0.63464664,0.498954668,0.551979892,0.534627551
2024/7/9 6:00,0.411230356,0.594826594,0.507520271,0.516197763,0.512088764
2024/7/9 7:00,0.342731611,0.508676574,0.500932153,0.443589878,0.457821716
2024/7/9 8:00,0.294897418,0.467575655,0.475814491,0.414698243,0.418125076
2024/7/9 9:00,0.267578497,0.435007237,0.455625963,0.392758707,0.389789978
2024/7/9 10:00,0.258339518,0.379522684,0.434864636,0.341502226,0.361282127
2024/7/9 11:00,0.255815332,0.368415205,0.431739625,0.334273226,0.355609872
2024/7/9 12:00,0.25920456,0.378461596,0.439229061,0.344606818,0.363615248
2024/7/9 13:00,0.270438119,0.397312811,0.443912021,0.368549262,0.376097531
2024/7/9 14:00,0.290164666,0.422819057,0.451100928,0.397167503,0.39432791
2024/7/9 15:00,0.318977056,0.44304532,0.453712246,0.414216083,0.411252078
2024/7/9 16:00,0.359401737,0.475815964,0.458794098,0.437234421,0.436072089
2024/7/9 17:00,0.413564427,0.529596411,0.470320568,0.489923153,0.472655892
2024/7/9 18:00,0.47065535,0.54602785,0.46923842,0.475933146,0.492304703
2024/7/9 19:00,0.480192077,0.541515273,0.463265454,0.467826438,0.490814993
2024/7/9 20:00,0.48080845,0.573621895,0.464935517,0.490238042,0.501149068
2024/7/9 21:00,0.480473698,0.608813405,0.468912312,0.534465557,0.513446464
2024/7/9 22:00,0.480300333,0.619201483,0.46909994,0.563011419,0.517918065
2024/7/9 23:00,0.480223381,0.620617674,0.477340255,0.565841462,0.521297512
2024/7/10 0:00,0.468711786,0.616513081,0.487747875,0.554376704,0.519732065
2024/7/10 1:00,0.464668257,0.628283011,0.50558308,0.560095535,0.5301405
2024/7/10 2:00,0.464304758,0.652047349,0.514460929,0.577065205,0.543625829
2024/7/10 3:00,0.464949677,0.65149868,0.514234711,0.575902551,0.546219708
2024/7/10 4:00,0.466195156,0.652507418,0.507315717,0.575811095,0.546527902
2024/7/10 5:00,0.463980006,0.649099965,0.505391995,0.57173132,0.545705477
2024/7/10 6:00,0.423188214,0.601842259,0.502421339,0.530403614,0.515421245
2024/7/10 7:00,0.353089125,0.51386024,0.487759249,0.453949279,0.457905857
2024/7/10 8:00,0.299733547,0.442349229,0.459995302,0.397174719,0.405260765
2024/7/10 9:00,0.268899412,0.395328938,0.433597866,0.363049719,0.369712482
2024/7/10 10:00,0.255863911,0.387165622,0.432645184,0.356517831,0.362765593
2024/7/10 11:00,0.255038952,0.38055417,0.429092186,0.351879538,0.359418384
2024/7/10 12:00,0.254670773,0.382712448,0.434145025,0.35726261,0.363328799
2024/7/10 13:00,0.270902743,0.367749683,0.42306417,0.345707535,0.361596294
2024/7/10 14:00,0.291923183,0.39986159,0.432537382,0.37653563,0.381721583
2024/7/10 15:00,0.387254469,0.460297837,0.447793792,0.432848581,0.436786201
2024/7/10 16:00,0.378512364,0.526823149,0.471705477,0.474530035,0.459391243
2024/7/10 17:00,0.431254915,0.563549529,0.473483904,0.510703069,0.48643098
2024/7/10 18:00,0.47252713,0.572169553,0.472830706,0.495617322,0.500625141
2024/7/10 19:00,0.476753161,0.574392133,0.471293709,0.495010533,0.502071948
2024/7/10 20:00,0.475977698,0.597578055,0.473761871,0.509990701,0.50956299
2024/7/10 21:00,0.474551749,0.620163265,0.476503751,0.523145827,0.516740452
2024/7/10 22:00,0.474163724,0.61621766,0.476862381,0.544959959,0.516908465
2024/7/10 23:00,0.466902131,0.635312584,0.476779414,0.551627302,0.520497444
2024/7/11 0:00,0.464776644,0.652919835,0.476965393,0.559295407,0.524457382
2024/7/11 1:00,0.464407127,0.651725864,0.491682925,0.56081665,0.531785743
2024/7/11 2:00,0.463987178,0.655236815,0.496578391,0.568617457,0.538179277
2024/7/11 3:00,0.4639165,0.666869334,0.498290647,0.575925256,0.543867903
2024/7/11 4:00,0.454565477,0.667073443,0.497543084,0.573567963,0.541758886
2024/7/11 5:00,0.445339851,0.659640292,0.49849276,0.563114405,0.539452884
2024/7/11 6:00,0.425037296,0.602766224,0.503250414,0.520399001,0.515909562
2024/7/11 7:00,0.354590539,0.506298652,0.494616356,0.441240808,0.45566541
2024/7/11 8:00,0.3041051,0.44389817,0.462735947,0.391703628,0.405850931
2024/7/11 9:00,0.274424548,0.401607244,0.435167115,0.359187274,0.3741634
2024/7/11 10:00,0.26607146,0.365287056,0.419979347,0.337055531,0.355894024
2024/7/11 11:00,0.251911617,0.338949453,0.408627161,0.313880904,0.339225519
2024/7/11 12:00,0.251515664,0.358346282,0.417100138,0.328660072,0.347500289
2024/7/11 13:00,0.273615654,0.370831075,0.426102748,0.3451288,0.362802649
2024/7/11 14:00,0.29692068,0.416948878,0.444583607,0.390536571,0.392597304
2024/7/11 15:00,0.317318202,0.45203189,0.453604467,0.423787652,0.413271277
2024/7/11 16:00,0.369515296,0.467911439,0.448126379,0.428091459,0.431146028
2024/7/11 17:00,0.430893945,0.521052981,0.464016105,0.444016883,0.469618874
2024/7/11 18:00,0.472092865,0.547139266,0.474288832,0.469869376,0.492411739
2024/7/11 19:00,0.477420349,0.554138616,0.47774765,0.47835444,0.497912509
2024/7/11 20:00,0.47738588,0.592684195,0.480167241,0.506891203,0.509666893
2024/7/11 21:00,0.479015478,0.615640705,0.473892429,0.542423282,0.514812639
2024/7/11 22:00,0.477520174,0.62197907,0.474715376,0.565911626,0.518117591
2024/7/11 23:00,0.470956127,0.61605178,0.473358752,0.551487459,0.514057113
2024/7/12 0:00,0.456911219,0.646129883,0.470562683,0.555947846,0.515692963
2024/7/12 1:00,0.454005644,0.681556561,0.486202994,0.581649339,0.5344192
2024/7/12 2:00,0.460331166,0.67762481,0.498327299,0.580451927,0.543803779
2024/7/12 3:00,0.45110627,0.682286183,0.496017483,0.579369885,0.542461297
2024/7/12 4:00,0.443733042,0.67852407,0.490245188,0.574054387,0.539119947
2024/7/12 5:00,0.443091827,0.66405482,0.489978431,0.565035766,0.533959091
2024/7/12 6:00,0.407608688,0.623290099,0.500227906,0.53045484,0.512278268
2024/7/12 7:00,0.362762161,0.543119606,0.486332297,0.470430517,0.467322877
2024/7/12 8:00,0.305078634,0.460327478,0.458929018,0.410749031,0.411277644
2024/7/12 9:00,0.267944687,0.427144715,0.439883392,0.388278308,0.382227242
2024/7/12 10:00,0.24924491,0.402346537,0.435866419,0.365292663,0.366623363
2024/7/12 11:00,0.242891874,0.382654709,0.429996393,0.351472382,0.357233387
2024/7/12 12:00,0.241547128,0.384915425,0.43142118,0.352743865,0.358260072
2024/7/12 13:00,0.259887072,0.385643551,0.435438996,0.360532943,0.367962782
2024/7/12 14:00,0.280219047,0.414266722,0.446534307,0.387800274,0.388621876
2024/7/12 15:00,0.298412912,0.44148423,0.45321058,0.411160151,0.405303495
2024/7/12 16:00,0.34858451,0.46331223,0.452167151,0.414384144,0.425610112
2024/7/12 17:00,0.416264583,0.51185318,0.46628312,0.437356228,0.464382877
2024/7/12 18:00,0.467044937,0.522134195,0.470705062,0.454805369,0.483386093
2024/7/12 19:00,0.476565112,0.512499505,0.473979326,0.451490748,0.484730667
2024/7/12 20:00,0.476763834,0.535709818,0.478432792,0.477759364,0.493661208
2024/7/12 21:00,0.47691001,0.573682393,0.484099143,0.518320343,0.507917387
2024/7/12 22:00,0.476977962,0.575258109,0.479247393,0.521609321,0.507276111
2024/7/12 23:00,0.477223452,0.591435146,0.481702594,0.539369564,0.513196744
2024/7/13 0:00,0.477364106,0.598552694,0.491191382,0.544036624,0.518902653
2024/7/13 1:00,0.478209395,0.617708763,0.510405422,0.5568928,0.532908849
2024/7/13 2:00,0.474823993,0.650636037,0.517443557,0.579069285,0.547038473
2024/7/13 3:00,0.462920077,0.656997193,0.513833082,0.578830764,0.545949963
2024/7/13 4:00,0.452782501,0.658717407,0.515168829,0.577807044,0.543508098
2024/7/13 5:00,0.448077086,0.642695631,0.510809743,0.566727901,0.538367233
2024/7/13 6:00,0.414209228,0.580281135,0.516435874,0.518643483,0.509638483
2024/7/13 7:00,0.338635695,0.488784576,0.508749858,0.440572926,0.450056503
2024/7/13 8:00,0.316813043,0.425545095,0.490953776,0.387838252,0.414371255
2024/7/13 9:00,0.27531329,0.38866423,0.483778867,0.351525532,0.383429552
2024/7/13 10:00,0.261868852,0.363628824,0.475502352,0.332243729,0.367666069
2024/7/13 11:00,0.255218674,0.362294721,0.473865054,0.334074065,0.36515942
2024/7/13 12:00,0.25426777,0.36143641,0.474364466,0.332934717,0.364457364
2024/7/13 13:00,0.264021512,0.378349775,0.480276707,0.349200808,0.375459552
2024/7/13 14:00,0.280547754,0.39244352,0.485353037,0.37030998,0.390033244
2024/7/13 15:00,0.304763333,0.420950716,0.493265213,0.398954751,0.411450182
2024/7/13 16:00,0.350611039,0.477059684,0.502462976,0.442209681,0.444706499
2024/7/13 17:00,0.436850616,0.546591538,0.510528806,0.505195881,0.498763484
2024/7/13 18:00,0.469075136,0.550875228,0.513173436,0.513378737,0.511824821
2024/7/13 19:00,0.476492281,0.542774013,0.515475723,0.484769696,0.511716629
2024/7/13 20:00,0.47501886,0.550408008,0.516559679,0.484936268,0.514107746
2024/7/13 21:00,0.475109142,0.556953338,0.522216951,0.489579021,0.518405732
2024/7/13 22:00,0.475511058,0.600219535,0.528021174,0.520847089,0.535244267
2024/7/13 23:00,0.477353384,0.625312805,0.527695725,0.536081805,0.546141444
2024/7/14 0:00,0.475940985,0.632624647,0.530257931,0.556291042,0.548833175
2024/7/14 1:00,0.464478181,0.650237603,0.525588892,0.559536919,0.547477585
2024/7/14 2:00,0.454330703,0.670649662,0.517911361,0.565524476,0.549072154
2024/7/14 3:00,0.447816316,0.682699795,0.507214585,0.571105084,0.550074536
2024/7/14 4:00,0.444482593,0.681755471,0.50462627,0.569971639,0.548470402
2024/7/14 5:00,0.443085026,0.672147024,0.511823083,0.577504607,0.546609337
2024/7/14 6:00,0.407082617,0.61899082,0.536533181,0.535651288,0.524442581
2024/7/14 7:00,0.322008795,0.512078498,0.530013137,0.446599061,0.458440651
2024/7/14 8:00,0.281528129,0.427186855,0.512859911,0.379435416,0.409363477
2024/7/14 9:00,0.258686814,0.38361556,0.496398964,0.347474952,0.382293965
2024/7/14 10:00,0.235048034,0.356894614,0.484665742,0.327027441,0.360321405
2024/7/14 11:00,0.226978309,0.342219304,0.475604155,0.313957343,0.349735567
2024/7/14 12:00,0.239426526,0.350087302,0.473995473,0.323861072,0.35677765
2024/7/14 13:00,0.258264532,0.375313777,0.479985117,0.348259942,0.373119956
2024/7/14 14:00,0.273362638,0.402585119,0.491040432,0.378041472,0.393572981
2024/7/14 15:00,0.302813316,0.440488383,0.502783517,0.415947398,0.421458955
2024/7/14 16:00,0.359016659,0.496653706,0.515194366,0.464818071,0.462402501
2024/7/14 17:00,0.405815524,0.550756783,0.52612936,0.500757809,0.497194368
2024/7/14 18:00,0.462355255,0.569883772,0.538104593,0.489955924,0.524763387
2024/7/14 19:00,0.474415618,0.557621442,0.53701073,0.489261884,0.524388527
2024/7/14 20:00,0.478286219,0.556557945,0.535160155,0.490666128,0.524768836
2024/7/14 21:00,0.477095822,0.569166157,0.538913268,0.500377003,0.530159225
2024/7/14 22:00,0.477377889,0.597858242,0.543095204,0.553744962,0.54241878
2024/7/14 23:00,0.480496195,0.641667925,0.541110804,0.588757069,0.559259895
2024/7/15 0:00,0.47534449,0.644322685,0.53139522,0.58307411,0.554206323
2024/7/15 1:00,0.466770861,0.673972534,0.522130521,0.599132325,0.560106137
2024/7/15 2:00,0.463809762,0.685156425,0.513091673,0.604631512,0.563548852
2024/7/15 3:00,0.452662048,0.671971693,0.503588498,0.589736859,0.553544434
2024/7/15 4:00,0.444541113,0.652990193,0.500055216,0.574574896,0.543246032
2024/7/15 5:00,0.443598729,0.651515979,0.498740796,0.57180776,0.542982159
2024/7/15 6:00,0.413196738,0.62242893,0.497751128,0.545530204,0.52326843
2024/7/15 7:00,0.35259979,0.554388077,0.49284775,0.486104153,0.475649832
2024/7/15 8:00,0.317593859,0.483885884,0.477261473,0.437200146,0.430538166
2024/7/15 9:00,0.276445439,0.425829567,0.449211584,0.387638017,0.387878438
2024/7/15 10:00,0.27469517,0.404976339,0.443198168,0.374113526,0.379728727
2024/7/15 11:00,0.267319416,0.403950772,0.443915763,0.373491236,0.375715021
2024/7/15 12:00,0.270327889,0.418023966,0.458422018,0.386815253,0.387093624
2024/7/15 13:00,0.286270919,0.424238026,0.469020432,0.398526039,0.399349017
2024/7/15 14:00,0.305647399,0.435247066,0.471668562,0.41133989,0.410940074
2024/7/15 15:00,0.3281,0.45921186,0.473264051,0.432290163,0.4250896
2024/7/15 16:00,0.372421551,0.48527242,0.475583243,0.456241011,0.448285991
2024/7/15 17:00,0.449528753,0.545698215,0.486923546,0.492180833,0.495063183
2024/7/15 18:00,0.451603876,0.564724004,0.491774673,0.486970879,0.502937071
2024/7/15 19:00,0.472008426,0.582282698,0.496395142,0.513047374,0.517433137
2024/7/15 20:00,0.477425172,0.593552703,0.494054625,0.524435844,0.521572252
2024/7/15 21:00,0.476750346,0.590001578,0.490465111,0.520019759,0.518183239
2024/7/15 22:00,0.477312014,0.597278603,0.485647749,0.531337684,0.519011712
2024/7/15 23:00,0.47898733,0.617570053,0.488600352,0.576514598,0.529396066
2024/7/16 0:00,0.472747126,0.644417276,0.502947168,0.587645649,0.542183603
2024/7/16 1:00,0.465164554,0.65389855,0.520837144,0.590335332,0.551619264
2024/7/16 2:00,0.46602031,0.663690457,0.526534944,0.596715971,0.560754493
2024/7/16 3:00,0.466442393,0.662106359,0.528724102,0.594192486,0.56324669
2024/7/16 4:00,0.46728986,0.661042815,0.52623238,0.591842434,0.563917821
2024/7/16 5:00,0.467866276,0.661459217,0.522913046,0.590732794,0.565000184
2024/7/16 6:00,0.433938033,0.620673391,0.52904858,0.555337039,0.541216129
2024/7/16 7:00,0.364506877,0.542721229,0.513641948,0.485479932,0.484737102
2024/7/16 8:00,0.310675166,0.478593489,0.489525039,0.442663508,0.434905183
2024/7/16 9:00,0.279823891,0.427312052,0.457455218,0.396077938,0.395950251
2024/7/16 10:00,0.263552733,0.400619084,0.446901261,0.373520681,0.377733142
2024/7/16 11:00,0.263114695,0.397184982,0.447921166,0.370021241,0.376545999
2024/7/16 12:00,0.270121448,0.408677339,0.464068254,0.381901659,0.389305171
2024/7/16 13:00,0.284407642,0.410246111,0.467487469,0.389489101,0.396396874
2024/7/16 14:00,0.301454808,0.420320553,0.468336839,0.400338906,0.405225874
2024/7/16 15:00,0.335147706,0.439123651,0.469439458,0.415560954,0.421586473
2024/7/16 16:00,0.444945602,0.473940667,0.468504195,0.436555042,0.463469213
2024/7/16 17:00,0.481601947,0.534346566,0.484407164,0.487578599,0.499086204
2024/7/16 18:00,0.479268787,0.547206237,0.487689948,0.447856028,0.501719651
2024/7/16 19:00,0.48312926,0.558515529,0.491860946,0.45175512,0.507973729
2024/7/16 20:00,0.483782178,0.592896942,0.503121321,0.517919118,0.525101528
2024/7/16 21:00,0.48459553,0.61393924,0.496925961,0.570244695,0.530134338
2024/7/16 22:00,0.484458531,0.614097937,0.485759612,0.57172311,0.526328158
2024/7/16 23:00,0.483755134,0.636788807,0.485060418,0.58959291,0.534752185
2024/7/17 0:00,0.474199554,0.661363479,0.491567338,0.596601844,0.543179932
2024/7/17 1:00,0.468657075,0.675781144,0.510372985,0.601848064,0.554614182
2024/7/17 2:00,0.468277159,0.685029993,0.519066668,0.604587346,0.561335792
2024/7/17 3:00,0.467865255,0.681189769,0.512953891,0.59927311,0.561904639
2024/7/17 4:00,0.468098216,0.682407524,0.510434382,0.597091318,0.562763801
2024/7/17 5:00,0.466977748,0.680317708,0.516662146,0.596323351,0.5651048
2024/7/17 6:00,0.427841951,0.636352051,0.509068353,0.55600065,0.535680608
2024/7/17 7:00,0.359251578,0.552039331,0.502161193,0.483464781,0.480554727
2024/7/17 8:00,0.304403959,0.476299973,0.480350734,0.432179035,0.427154858
2024/7/17 9:00,0.274870837,0.429472941,0.457488024,0.391640854,0.394074957
2024/7/17 10:00,0.259626144,0.413491013,0.450920275,0.377997617,0.380736095
2024/7/17 11:00,0.26982352,0.399304349,0.449436854,0.368488743,0.379706756
2024/7/17 12:00,0.275745781,0.400543228,0.461033142,0.370989089,0.385833408
2024/7/17 13:00,0.287909424,0.404919577,0.464940114,0.381352828,0.393588644
2024/7/17 14:00,0.303131727,0.411975677,0.465000906,0.392846878,0.400529925
2024/7/17 15:00,0.331803817,0.41776506,0.460025386,0.396006427,0.409024442
2024/7/17 16:00,0.41498205,0.443686139,0.46235792,0.409465146,0.44320133
2024/7/17 17:00,0.465883946,0.535856146,0.493865984,0.509495936,0.5001833
2024/7/17 18:00,0.479029622,0.544710113,0.494035095,0.48735933,0.505278461
2024/7/17 19:00,0.482871895,0.553813727,0.496831954,0.517522515,0.510514488
2024/7/17 20:00,0.48292652,0.579814524,0.503229856,0.556749503,0.521460715
2024/7/17 21:00,0.483035613,0.596578583,0.500340881,0.567428952,0.524633896
2024/7/17 22:00,0.480514506,0.612370041,0.49767212,0.575870871,0.527819247
2024/7/17 23:00,0.480502133,0.623991747,0.492941324,0.584762037,0.531564077
2024/7/18 0:00,0.478531124,0.641586462,0.503375409,0.589291023,0.541502156
2024/7/18 1:00,0.477968905,0.652887219,0.519024268,0.595477221,0.552959523
2024/7/18 2:00,0.478377326,0.662261414,0.530704544,0.600305287,0.562784725
2024/7/18 3:00,0.480014998,0.662985938,0.531284447,0.599216126,0.566425726
2024/7/18 4:00,0.479855121,0.664230046,0.529891274,0.599075595,0.568096884
2024/7/18 5:00,0.47449954,0.660481266,0.524974414,0.592807131,0.565820213
2024/7/18 6:00,0.450016401,0.616548569,0.524599149,0.555357901,0.54229784
2024/7/18 7:00,0.404715018,0.552266372,0.525439036,0.498273659,0.504628506
2024/7/18 8:00,0.333991568,0.495929843,0.518280626,0.461137192,0.457294516
2024/7/18 9:00,0.304990608,0.445590016,0.492150356,0.416429667,0.422270399
2024/7/18 10:00,0.287624429,0.444711805,0.493150942,0.418295674,0.416078926
2024/7/18 11:00,0.273953487,0.412096443,0.480879174,0.386782365,0.394587344
2024/7/18 12:00,0.276687387,0.421577852,0.497123121,0.400900664,0.406816108
2024/7/18 13:00,0.290631469,0.443528152,0.510419989,0.430094662,0.424476882
2024/7/18 14:00,0.307846432,0.422162564,0.489551245,0.402783763,0.414834891
2024/7/18 15:00,0.330079923,0.426148472,0.486311849,0.408492588,0.423830756
2024/7/18 16:00,0.370624396,0.461891297,0.494743991,0.444088527,0.452458499
2024/7/18 17:00,0.409641181,0.507298031,0.501991505,0.476234004,0.479890786
2024/7/18 18:00,0.476604057,0.543251187,0.505514647,0.466239245,0.509391261
2024/7/18 19:00,0.479661592,0.54760435,0.502895277,0.468715927,0.51008497
2024/7/18 20:00,0.480845816,0.561883718,0.508036467,0.510057553,0.517907156
2024/7/18 21:00,0.480637349,0.57485218,0.504625822,0.525861704,0.519955274
2024/7/18 22:00,0.480759551,0.589021538,0.500290854,0.529930118,0.52196499
2024/7/18 23:00,0.480997913,0.624844743,0.504806547,0.561331919,0.53567482
2024/7/19 0:00,0.480024249,0.647163878,0.51837961,0.587368382,0.547464393
2024/7/19 1:00,0.479435726,0.662424765,0.532836024,0.59681347,0.558776363
2024/7/19 2:00,0.478803637,0.674540592,0.530664992,0.605025647,0.566745102
2024/7/19 3:00,0.478167183,0.670907715,0.518552598,0.601355316,0.563671048
2024/7/19 4:00,0.474415675,0.671821523,0.513852506,0.600230757,0.562436209
2024/7/19 5:00,0.465503387,0.664383021,0.513756308,0.594100521,0.557199131
2024/7/19 6:00,0.427935798,0.628006849,0.504906498,0.566566005,0.530665345
2024/7/19 7:00,0.359641926,0.572043887,0.500405288,0.524094188,0.486934537
2024/7/19 8:00,0.315367234,0.498612324,0.489366119,0.467460425,0.441260558
2024/7/19 9:00,0.299084508,0.442765894,0.461127975,0.417748157,0.408878982
2024/7/19 10:00,0.294706662,0.4298255,0.46228808,0.407480617,0.403529156
2024/7/19 11:00,0.276056376,0.400084259,0.464506898,0.380234995,0.389512399
2024/7/19 12:00,0.277215586,0.402486703,0.468265958,0.381219214,0.39174999
2024/7/19 13:00,0.289403828,0.405175172,0.466280055,0.388036656,0.396528897
2024/7/19 14:00,0.318174478,0.426514743,0.468306873,0.410227355,0.414837079
2024/7/19 15:00,0.358939759,0.436741454,0.464034923,0.419461406,0.428692796
2024/7/19 16:00,0.38201911,0.461713389,0.468411352,0.44190905,0.443612991
2024/7/19 17:00,0.421459187,0.509094354,0.481910803,0.486169944,0.474317722
2024/7/19 18:00,0.458807465,0.535551137,0.486833545,0.485593204,0.493620727
2024/7/19 19:00,0.477456163,0.528210254,0.48336562,0.462837276,0.494369358
2024/7/19 20:00,0.477475215,0.545832197,0.488486913,0.489878115,0.502373742
2024/7/19 21:00,0.478101707,0.559410586,0.488973475,0.50052097,0.506902924
2024/7/19 22:00,0.4779918,0.583848389,0.493059844,0.542058932,0.51743928
2024/7/19 23:00,0.477396822,0.607439891,0.495773262,0.566492286,0.525817676
2024/7/20 0:00,0.476916736,0.615106538,0.504072611,0.564251127,0.53017267
2024/7/20 1:00,0.476927693,0.617944177,0.520878563,0.566442361,0.538140442
2024/7/20 2:00,0.477038705,0.650836849,0.529369467,0.591387394,0.553790867
2024/7/20 3:00,0.476913622,0.669633368,0.525042353,0.603484239,0.560844188
2024/7/20 4:00,0.476970448,0.67466389,0.521302603,0.60591301,0.562703163
2024/7/20 5:00,0.476663638,0.672379799,0.518235398,0.603403869,0.563450205
2024/7/20 6:00,0.453303823,0.66007971,0.52259529,0.588803988,0.554874347
2024/7/20 7:00,0.386475531,0.587899308,0.520249145,0.521368744,0.508304634
2024/7/20 8:00,0.328371654,0.520254666,0.519194171,0.466081426,0.462122614
2024/7/20 9:00,0.281768512,0.454956082,0.504573623,0.410749059,0.416856131
2024/7/20 10:00,0.256168401,0.417243503,0.492545207,0.374221823,0.390362656
2024/7/20 11:00,0.249744505,0.417208664,0.490570131,0.372864417,0.387050074
2024/7/20 12:00,0.252984312,0.417379283,0.492211935,0.376654638,0.388286369
2024/7/20 13:00,0.266023941,0.422740453,0.494157566,0.386058115,0.395684216
2024/7/20 14:00,0.285227284,0.434885671,0.502153599,0.403924572,0.411199868
2024/7/20 15:00,0.321002164,0.462393729,0.509948049,0.425894122,0.432739345
2024/7/20 16:00,0.388518668,0.493453156,0.525000365,0.460860058,0.47335401
2024/7/20 17:00,0.451241254,0.541133276,0.538681323,0.482641705,0.514369705
2024/7/20 18:00,0.471152727,0.561201939,0.541427278,0.487324018,0.527067205
2024/7/20 19:00,0.478207485,0.556017795,0.539876543,0.478562832,0.526617326
2024/7/20 20:00,0.478377763,0.55140678,0.540014167,0.484658209,0.525476889
2024/7/20 21:00,0.479439446,0.564121699,0.5410097,0.494848533,0.530097948
2024/7/20 22:00,0.479673245,0.596429915,0.546745551,0.552393603,0.544301922
2024/7/20 23:00,0.479633297,0.621388574,0.543991425,0.580636072,0.552716869
2024/7/21 0:00,0.478452395,0.627495622,0.54009021,0.579112911,0.551339443
2024/7/21 1:00,0.478037823,0.649482423,0.539802656,0.592672641,0.558614642
2024/7/21 2:00,0.477401494,0.675060313,0.537259476,0.610597656,0.567858575
2024/7/21 3:00,0.473553976,0.679156082,0.540701782,0.613788398,0.570257435
2024/7/21 4:00,0.46604497,0.675950783,0.543732599,0.609566151,0.567868501
2024/7/21 5:00,0.455386164,0.663774392,0.541875166,0.597762015,0.560692826
2024/7/21 6:00,0.430810683,0.630273157,0.540371462,0.570034817,0.541478418
2024/7/21 7:00,0.350664813,0.547888387,0.539952206,0.503335523,0.487692275
2024/7/21 8:00,0.307632105,0.473891083,0.518952076,0.438856447,0.439182853
2024/7/21 9:00,0.350062897,0.464201432,0.510169239,0.433796151,0.452404094
2024/7/21 10:00,0.300014926,0.435066736,0.50677078,0.403836119,0.422355998
2024/7/21 11:00,0.283295594,0.40503638,0.482801461,0.377069878,0.397877989
2024/7/21 12:00,0.256907994,0.372353793,0.465086772,0.344726001,0.367273039
2024/7/21 13:00,0.263779455,0.37343828,0.457515011,0.34813533,0.364919032
2024/7/21 14:00,0.279028835,0.409005936,0.470774091,0.393450511,0.388046761
2024/7/21 15:00,0.329278571,0.416069966,0.461275748,0.399624164,0.40626358
2024/7/21 16:00,0.472566387,0.468330919,0.467193625,0.45295929,0.468477607
2024/7/21 17:00,0.479606294,0.503046031,0.486834975,0.484121765,0.490570992
2024/7/21 18:00,0.481651702,0.532980431,0.504147233,0.503439721,0.508071189
2024/7/21 19:00,0.478848879,0.545828075,0.511159838,0.518939466,0.514541064
2024/7/21 20:00,0.478052452,0.536641496,0.500809985,0.509588669,0.507051457
2024/7/21 21:00,0.478255608,0.538525378,0.501284881,0.511562885,0.507942091
2024/7/21 22:00,0.477983346,0.560395446,0.507126227,0.528561539,0.517337777
2024/7/21 23:00,0.477776123,0.605406988,0.51938554,0.566042301,0.537629293
2024/7/22 0:00,0.469189559,0.616174658,0.518290897,0.574245604,0.53830701
2024/7/22 1:00,0.468943457,0.639492766,0.520058147,0.590910541,0.547680035
2024/7/22 2:00,0.462697194,0.644673504,0.514532143,0.591070031,0.548594191
2024/7/22 3:00,0.45908036,0.642129563,0.505802842,0.587304203,0.545062881
2024/7/22 4:00,0.458965703,0.639833901,0.499262537,0.583112517,0.544061061
2024/7/22 5:00,0.459103146,0.639928678,0.499413012,0.582191828,0.545783955
2024/7/22 6:00,0.427829951,0.614949201,0.509202272,0.558003926,0.530252378
2024/7/22 7:00,0.358793108,0.522380526,0.493601273,0.47724419,0.467571658
2024/7/22 8:00,0.310685816,0.447003134,0.457758552,0.414686895,0.412625346
2024/7/22 9:00,0.283933138,0.422870646,0.440686398,0.388458747,0.391757873
2024/7/22 10:00,0.258080057,0.399760729,0.437425618,0.367831051,0.373361322
2024/7/22 11:00,0.247538139,0.378801163,0.428637591,0.352470168,0.360833583
2024/7/22 12:00,0.250046333,0.383078984,0.43227273,0.363113977,0.36591057
2024/7/22 13:00,0.269444597,0.387682426,0.431663236,0.374004376,0.372914411
2024/7/22 14:00,0.291537464,0.399657618,0.434801279,0.379936139,0.384803211
2024/7/22 15:00,0.324964215,0.420820469,0.438787679,0.394322332,0.403724945
2024/7/22 16:00,0.366083974,0.446185248,0.446489459,0.416921317,0.426689022
2024/7/22 17:00,0.427387082,0.495213124,0.460709642,0.458323057,0.463382248
2024/7/22 18:00,0.477349508,0.507214314,0.461020884,0.477274407,0.478947434
2024/7/22 19:00,0.483465022,0.50254421,0.460049313,0.479811942,0.478733143
2024/7/22 20:00,0.483778597,0.524818072,0.470666646,0.500144897,0.490485674
2024/7/22 21:00,0.48442971,0.548062982,0.477540967,0.519902257,0.500527322
2024/7/22 22:00,0.484531802,0.570600033,0.483697015,0.541367318,0.510578388
2024/7/22 23:00,0.487011948,0.586820785,0.485550426,0.555370597,0.517426106
2024/7/23 0:00,0.486623111,0.600849218,0.496158633,0.564466143,0.527814373
2024/7/23 1:00,0.485357879,0.593527593,0.510463347,0.553168743,0.530907191
2024/7/23 2:00,0.486715014,0.597115723,0.513010102,0.554026722,0.534999679
2024/7/23 3:00,0.487198935,0.609504256,0.511783134,0.561847062,0.5397702
2024/7/23 4:00,0.48152362,0.602809109,0.512563092,0.555323552,0.536215072
2024/7/23 5:00,0.472294063,0.596613034,0.509409045,0.548453197,0.529581263
2024/7/23 6:00,0.44508309,0.572371031,0.506191787,0.524356143,0.512537899
2024/7/23 7:00,0.389795003,0.518285083,0.4842414,0.476547736,0.469619763
2024/7/23 8:00,0.337495238,0.440775947,0.441461439,0.41617222,0.411155911
2024/7/23 9:00,0.300141937,0.383752634,0.411708276,0.361870292,0.36984178
2024/7/23 10:00,0.291197474,0.389518973,0.417298416,0.370121266,0.370286959
2024/7/23 11:00,0.290207577,0.377879576,0.410003916,0.358198145,0.363992774
2024/7/23 12:00,0.27642392,0.369402408,0.410676831,0.353625671,0.357656488
2024/7/23 13:00,0.297881484,0.36700818,0.406588885,0.332021356,0.362635683
2024/7/23 14:00,0.346329477,0.382412342,0.408418264,0.338275048,0.382409753
2024/7/23 15:00,0.360602096,0.403529254,0.417633353,0.353891804,0.397653028
2024/7/23 16:00,0.365954211,0.419252696,0.424539396,0.374735125,0.407211831
2024/7/23 17:00,0.3865013,0.458895746,0.441632424,0.422667098,0.432268834
2024/7/23 18:00,0.473676612,0.484227985,0.44314376,0.453920706,0.463531154
2024/7/23 19:00,0.480876087,0.488635063,0.439696343,0.459711376,0.465385057
2024/7/23 20:00,0.48234272,0.518864123,0.44453276,0.488908539,0.476713769
2024/7/23 21:00,0.477427746,0.545706672,0.452746217,0.508365709,0.486176544
2024/7/23 22:00,0.463044547,0.539919272,0.438413421,0.496156619,0.474639388
2024/7/23 23:00,0.453301409,0.543469993,0.434142274,0.485444878,0.47068694
2024/7/24 0:00,0.449231127,0.546955699,0.445281636,0.463843125,0.473157272
2024/7/24 1:00,0.444004471,0.540344277,0.457744948,0.456202613,0.475320057
2024/7/24 2:00,0.445790452,0.539539191,0.46324456,0.48230906,0.479737793
2024/7/24 3:00,0.446800771,0.506867053,0.458256371,0.474530535,0.469780815
2024/7/24 4:00,0.445095308,0.501695946,0.456572541,0.470632812,0.467806357
2024/7/24 5:00,0.44468577,0.487093062,0.452496479,0.459825569,0.462150831
2024/7/24 6:00,0.414088144,0.442828922,0.442000298,0.419160767,0.434289183
2024/7/24 7:00,0.391618876,0.423252483,0.424658547,0.397422076,0.414700488
2024/7/24 8:00,0.409026268,0.408079588,0.406972027,0.386417427,0.407474171
2024/7/24 9:00,0.375584198,0.383882377,0.3909628,0.362110372,0.383733112
2024/7/24 10:00,0.404345703,0.382114954,0.389549078,0.368424148,0.390649815
2024/7/24 11:00,0.393615259,0.407566885,0.398094885,0.32597483,0.398802023
2024/7/24 12:00,0.395775649,0.430690711,0.415268053,0.305407413,0.412416157
2024/7/24 13:00,0.423840926,0.40812835,0.409876305,0.300621772,0.411170092
2024/7/24 14:00,0.438404104,0.405407129,0.409225829,0.300334837,0.41364876
2024/7/24 15:00,0.42978813,0.411855487,0.406658875,0.309364731,0.41226165
2024/7/24 16:00,0.408679163,0.429069559,0.413340096,0.321088802,0.414449071
2024/7/24 17:00,0.437788958,0.446397961,0.41558258,0.338711364,0.428520812
2024/7/24 18:00,0.446553736,0.448414649,0.417426039,0.340687079,0.431752253
2024/7/24 19:00,0.446645346,0.445791974,0.41492777,0.333471767,0.430147113
2024/7/24 20:00,0.446661931,0.460519295,0.423583958,0.340687415,0.437410502
2024/7/24 21:00,0.445997695,0.474494284,0.43416338,0.346680099,0.44570994
2024/7/24 22:00,0.445303285,0.503497514,0.446698795,0.355440133,0.459113228
2024/7/24 23:00,0.446391425,0.524375216,0.457519298,0.362940687,0.46989286
2024/7/25 0:00,0.446102076,0.53727208,0.470576808,0.365331081,0.478987484
2024/7/25 1:00,0.446459265,0.54606813,0.471451149,0.369375851,0.483869513
2024/7/25 2:00,0.446364053,0.551396137,0.46976128,0.370406738,0.485335112
2024/7/25 3:00,0.44647112,0.560572683,0.471697491,0.366950691,0.48733956
2024/7/25 4:00,0.446397481,0.567340734,0.472628775,0.363460865,0.488823312
2024/7/25 5:00,0.446450407,0.555513805,0.469327707,0.358638405,0.483136053
2024/7/25 6:00,0.445188109,0.535185491,0.462773204,0.347485918,0.474647441
2024/7/25 7:00,0.440769809,0.497572886,0.454272531,0.329956695,0.459677518
2024/7/25 8:00,0.441278472,0.486561449,0.444354532,0.414048192,0.455111698
2024/7/25 9:00,0.434480407,0.506209528,0.442926174,0.461729003,0.459209924
2024/7/25 10:00,0.427391499,0.521562828,0.445049435,0.473494692,0.462164002
2024/7/25 11:00,0.413586113,0.5070242,0.442459686,0.451294213,0.452741683
2024/7/25 12:00,0.422710704,0.51400202,0.446457613,0.384371345,0.457316605
2024/7/25 13:00,0.430358919,0.505256756,0.444496147,0.365555371,0.456732454
2024/7/25 14:00,0.431390752,0.489617077,0.440172338,0.353766097,0.450738331
2024/7/25 15:00,0.432181271,0.497184604,0.442618235,0.359700651,0.454212479
2024/7/25 16:00,0.429456123,0.473364911,0.435379393,0.347044795,0.443595243
2024/7/25 17:00,0.429300971,0.46856102,0.435349016,0.345730745,0.441316904
2024/7/25 18:00,0.42931942,0.506010091,0.444162522,0.3758478,0.455405807
2024/7/25 19:00,0.438254347,0.548071493,0.455734224,0.407596075,0.473630262
2024/7/25 20:00,0.449262608,0.566470755,0.461059591,0.422085742,0.484331112
2024/7/25 21:00,0.453614942,0.58559235,0.465495909,0.43148741,0.494099035
2024/7/25 22:00,0.444108182,0.58523049,0.457553208,0.418304854,0.487755602
2024/7/25 23:00,0.436045185,0.574934021,0.457698566,0.408488969,0.482835683
2024/7/26 0:00,0.431946465,0.562420238,0.457261967,0.391195132,0.476638245
2024/7/26 1:00,0.433165737,0.539275214,0.453483665,0.371735609,0.469183711
2024/7/26 2:00,0.434905777,0.522256827,0.448542929,0.357015265,0.462748243
2024/7/26 3:00,0.43845012,0.502403083,0.448782648,0.350443647,0.458486091
2024/7/26 4:00,0.440771298,0.495389321,0.450166555,0.347380985,0.457616119
2024/7/26 5:00,0.443180863,0.513919495,0.45737666,0.362760019,0.466428006
2024/7/26 6:00,0.446134785,0.543058747,0.459849154,0.379278245,0.476785619
2024/7/26 7:00,0.449629772,0.5465227,0.466833471,0.379361952,0.482964041
2024/7/26 8:00,0.437344435,0.509448517,0.469074223,0.375739615,0.470703559
2024/7/26 9:00,0.403431847,0.4813204,0.455493012,0.369102217,0.449057736
2024/7/26 10:00,0.376934451,0.44662368,0.443132259,0.339868302,0.426916273
2024/7/26 11:00,0.371940496,0.428416966,0.435539512,0.323017879,0.416500009
2024/7/26 12:00,0.440799758,0.471426465,0.450302492,0.358888893,0.453698003
2024/7/26 13:00,0.457530636,0.511368778,0.462125019,0.401194289,0.474871173
2024/7/26 14:00,0.468010214,0.527032692,0.481140106,0.418312266,0.490786246
2024/7/26 15:00,0.472573857,0.532055058,0.477321514,0.426283436,0.491361671
2024/7/26 16:00,0.477909735,0.526742751,0.470936928,0.41940038,0.48775887
2024/7/26 17:00,0.471438262,0.519041073,0.477347334,0.413406036,0.486354203
2024/7/26 18:00,0.460523971,0.516645207,0.473236298,0.413046383,0.48065751
2024/7/26 19:00,0.452780328,0.494419867,0.465701907,0.397359196,0.46876932
2024/7/26 20:00,0.447721671,0.488985807,0.463506044,0.390179134,0.464686849
2024/7/26 21:00,0.44773867,0.477744468,0.458223696,0.375750597,0.459084342
2024/7/26 22:00,0.447265535,0.482021088,0.459698167,0.371695868,0.460626747
2024/7/26 23:00,0.447150404,0.470555972,0.463842203,0.360963781,0.459332412
2024/7/27 0:00,0.445777784,0.465630466,0.474296299,0.355308279,0.461626077
2024/7/27 1:00,0.44610229,0.477578367,0.496262225,0.361878396,0.474274819
2024/7/27 2:00,0.44626152,0.483312837,0.507382368,0.360653599,0.479573735
2024/7/27 3:00,0.446572254,0.495419696,0.511739561,0.36948968,0.485147188
2024/7/27 4:00,0.446232218,0.493997796,0.511027041,0.367284764,0.48438536
2024/7/27 5:00,0.446784824,0.49383868,0.510584717,0.367511614,0.484243857
2024/7/27 6:00,0.424801674,0.470309966,0.508466573,0.355287459,0.46921783
2024/7/27 7:00,0.358225515,0.442689429,0.508044691,0.33277198,0.43939926
2024/7/27 8:00,0.293065278,0.38769954,0.495046116,0.294480941,0.39485537
2024/7/27 9:00,0.272356555,0.383007732,0.490502794,0.296463688,0.386599936
2024/7/27 10:00,0.305870445,0.374964301,0.479278756,0.295746379,0.393327403
2024/7/27 11:00,0.351149525,0.411230517,0.484225356,0.322850994,0.421911318
2024/7/27 12:00,0.351747032,0.456361184,0.503120915,0.360056818,0.445024227
2024/7/27 13:00,0.260930274,0.378093875,0.488442491,0.295803243,0.377507743
2024/7/27 14:00,0.327088688,0.412079767,0.4977735,0.322224011,0.421004107
2024/7/27 15:00,0.407647165,0.424828745,0.490767545,0.33346827,0.444278992
2024/7/27 16:00,0.412519262,0.447101003,0.497909411,0.348500884,0.456153223
2024/7/27 17:00,0.438903708,0.492340217,0.507444648,0.387545543,0.48300797
2024/7/27 18:00,0.469949252,0.527644735,0.517957673,0.419486533,0.507113059
2024/7/27 19:00,0.477617394,0.555201717,0.523794282,0.442740384,0.520220161
2024/7/27 20:00,0.477156422,0.563988568,0.526071484,0.445148126,0.523845438
2024/7/27 21:00,0.485939768,0.561141319,0.52105923,0.437353581,0.522955689
2024/7/27 22:00,0.487265198,0.537659812,0.514842913,0.412956784,0.51305331
2024/7/27 23:00,0.482060326,0.520534309,0.511554559,0.396355745,0.504614464
2024/7/28 0:00,0.486786599,0.503963636,0.509077462,0.379611256,0.498722798
2024/7/28 1:00,0.491687291,0.49590685,0.508654756,0.370696709,0.497041045
2024/7/28 2:00,0.494425277,0.497110898,0.511147007,0.36769628,0.499010026
2024/7/28 3:00,0.496123374,0.50360547,0.511706368,0.369806947,0.501868341
2024/7/28 4:00,0.495949739,0.512330042,0.512521401,0.37745547,0.50525057
2024/7/28 5:00,0.486416697,0.52427369,0.512225275,0.383104134,0.506903728
2024/7/28 6:00,0.425825215,0.475703578,0.508796957,0.340600443,0.471876088
2024/7/28 7:00,0.364074752,0.41292456,0.501620472,0.292765135,0.429035147
2024/7/28 8:00,0.297716227,0.359625338,0.487869172,0.252876889,0.385345106
2024/7/28 9:00,0.281242883,0.337794623,0.474611178,0.235228257,0.366300958
2024/7/28 10:00,0.280261567,0.320298055,0.465053953,0.229567063,0.355322235
2024/7/28 11:00,0.230699035,0.300389836,0.462596961,0.201965664,0.327650088
2024/7/28 12:00,0.237348225,0.304017902,0.468027642,0.207716613,0.33258597
2024/7/28 13:00,0.27487485,0.314155645,0.466826829,0.223044815,0.349908851
2024/7/28 14:00,0.275714436,0.330175113,0.469917447,0.234516389,0.35661471
2024/7/28 15:00,0.309110456,0.38003885,0.482419596,0.279233101,0.39013246
2024/7/28 16:00,0.41053288,0.447199601,0.493874398,0.342769412,0.45179629
2024/7/28 17:00,0.498270508,0.524732951,0.512768451,0.415332314,0.510757753
2024/7/28 18:00,0.519807208,0.586606996,0.527322064,0.468565231,0.542715638
2024/7/28 19:00,0.525519918,0.587445711,0.527081963,0.473755571,0.544513715
2024/7/28 20:00,0.521125767,0.582031412,0.524622789,0.469693051,0.540928044
2024/7/28 21:00,0.517274791,0.583706904,0.524907769,0.469783507,0.540854537
2024/7/28 22:00,0.505587068,0.587927801,0.525544968,0.46324509,0.539950998
2024/7/28 23:00,0.500033458,0.588219696,0.523088197,0.453577722,0.537797762
2024/7/29 0:00,0.495266306,0.594779115,0.521543508,0.45133793,0.538888977
2024/7/29 1:00,0.495029632,0.600934647,0.516369347,0.454157911,0.542307202
2024/7/29 2:00,0.496307461,0.603336938,0.511337467,0.452095084,0.543621054
2024/7/29 3:00,0.496608911,0.597056407,0.508716275,0.44481588,0.539692962
2024/7/29 4:00,0.495835023,0.582994725,0.506922833,0.436377962,0.532909657
2024/7/29 5:00,0.494793812,0.584136441,0.504648059,0.434886058,0.532009172
2024/7/29 6:00,0.470620771,0.576471111,0.505446024,0.415395099,0.522161989
2024/7/29 7:00,0.393956784,0.538338674,0.491412484,0.413142508,0.479873048
2024/7/29 8:00,0.348072622,0.492555127,0.479026576,0.463991644,0.444465335
2024/7/29 9:00,0.326741152,0.48577067,0.467153937,0.464638545,0.432695797
2024/7/29 10:00,0.321234715,0.487846693,0.468946718,0.473407983,0.433632134
2024/7/29 11:00,0.295229837,0.478980921,0.470628672,0.459634612,0.421985898
2024/7/29 12:00,0.290326078,0.488596415,0.478883865,0.458049617,0.425782079
2024/7/29 13:00,0.306598247,0.514521419,0.493876475,0.507953432,0.443100992
2024/7/29 14:00,0.359423768,0.487410174,0.471300342,0.471483453,0.446769073
2024/7/29 15:00,0.50479484,0.492701745,0.460512933,0.47706782,0.481028054
2024/7/29 16:00,0.506391002,0.531065522,0.473919345,0.51179919,0.500319742
2024/7/29 17:00,0.509149975,0.567482723,0.497957816,0.542993193,0.524160116
2024/7/29 18:00,0.517229175,0.615303923,0.502301682,0.586507201,0.543055258
2024/7/29 19:00,0.514376206,0.596858315,0.496517082,0.570201641,0.534363636
2024/7/29 20:00,0.50634597,0.586932406,0.487520304,0.55873784,0.525635782
2024/7/29 21:00,0.496978207,0.576202543,0.482092923,0.546874868,0.517601378
2024/7/29 22:00,0.494590917,0.552322121,0.477419807,0.525778425,0.506684039
2024/7/29 23:00,0.496268306,0.534705877,0.476971153,0.512205218,0.500858434
2024/7/30 0:00,0.495197569,0.516985212,0.491493721,0.495157105,0.500678869
2024/7/30 1:00,0.49254367,0.517468371,0.502214582,0.494568145,0.504562275
2024/7/30 2:00,0.495558553,0.517291576,0.50913849,0.494104237,0.507984329
2024/7/30 3:00,0.495927128,0.524383776,0.510573617,0.499704086,0.511273441
2024/7/30 4:00,0.495647391,0.528223875,0.506540024,0.502476776,0.511471398
2024/7/30 5:00,0.496778893,0.527062653,0.507049019,0.501410143,0.511609346
2024/7/30 6:00,0.450206354,0.498024144,0.508847115,0.469849144,0.488682906
2024/7/30 7:00,0.352719716,0.435608093,0.497500113,0.405067586,0.434824117
2024/7/30 8:00,0.297852942,0.381469361,0.463299493,0.356576283,0.388331727
2024/7/30 9:00,0.264574681,0.351411176,0.442099905,0.329045946,0.360404263
2024/7/30 10:00,0.255002996,0.3270667,0.430758542,0.306972541,0.345884482
2024/7/30 11:00,0.261267819,0.339979932,0.451367169,0.317557235,0.359681211
2024/7/30 12:00,0.280475727,0.367114496,0.468659686,0.337832094,0.380955532
2024/7/30 13:00,0.299626814,0.388219734,0.478400973,0.362808106,0.397742975
2024/7/30 14:00,0.317812258,0.411809831,0.486565265,0.388741559,0.415745359
2024/7/30 15:00,0.337265254,0.433170214,0.489850522,0.422603293,0.429987165
2024/7/30 16:00,0.401152241,0.510720006,0.515137235,0.457451301,0.484775452
2024/7/30 17:00,0.47038612,0.550446543,0.517639877,0.475502097,0.515850333
2024/7/30 18:00,0.517973541,0.555683627,0.514180418,0.484627434,0.527510537
2024/7/30 19:00,0.528885199,0.562199228,0.51102073,0.491362909,0.530892486
2024/7/30 20:00,0.526705396,0.566697748,0.50011305,0.492791867,0.527560129
2024/7/30 21:00,0.516432607,0.556509807,0.492571501,0.479461191,0.518550569
2024/7/30 22:00,0.504538382,0.565706735,0.489731804,0.477912099,0.517619075
2024/7/30 23:00,0.501515121,0.559785824,0.493399883,0.469875085,0.516976766
2024/7/31 0:00,0.496203384,0.545538225,0.497256082,0.453798231,0.512122165
2024/7/31 1:00,0.492177326,0.562410571,0.50276612,0.463862334,0.519753093
2024/7/31 2:00,0.494144036,0.56227304,0.506723427,0.4630389,0.522182048
2024/7/31 3:00,0.49429639,0.539071275,0.504869743,0.447746066,0.513260367
2024/7/31 4:00,0.494511749,0.531543524,0.508406117,0.441648418,0.511580054
2024/7/31 5:00,0.494522348,0.5329137,0.505906673,0.442212856,0.511521494
2024/7/31 6:00,0.462191314,0.510702302,0.510104407,0.420690972,0.495839299
2024/7/31 7:00,0.379692068,0.451367803,0.501311773,0.366840714,0.447629237
2024/7/31 8:00,0.320024311,0.394591175,0.476787724,0.320267275,0.401855895
2024/7/31 9:00,0.283485202,0.355929668,0.451955526,0.292571004,0.368913322
2024/7/31 10:00,0.294406771,0.336557427,0.437560772,0.289039086,0.361877403
2024/7/31 11:00,0.287832557,0.31606535,0.426627267,0.280577338,0.348360191
2024/7/31 12:00,0.265038039,0.321036252,0.432128562,0.283383758,0.343775746
2024/7/31 13:00,0.310325174,0.342219034,0.43605799,0.307033998,0.367809777
2024/7/31 14:00,0.316179257,0.372633612,0.454447629,0.335516045,0.387979773
2024/7/31 15:00,0.402154604,0.450627165,0.479231055,0.411251056,0.450814395
2024/7/31 16:00,0.403665795,0.508095077,0.49334361,0.453867275,0.474519672
2024/7/31 17:00,0.439835149,0.536447932,0.494982083,0.474868704,0.493243665
2024/7/31 18:00,0.505680291,0.551507138,0.493347644,0.483277965,0.514558732
2024/7/31 19:00,0.523247857,0.552535077,0.49343915,0.469251794,0.518858665
2024/7/31 20:00,0.51720974,0.551234832,0.486564146,0.46284477,0.514534982
2024/7/31 21:00,0.505591331,0.5422146,0.476468388,0.450787261,0.504195229
2024/7/31 22:00,0.498590852,0.526885489,0.471018114,0.434931957,0.49524498
2024/7/31 23:00,0.497917712,0.516482816,0.46643352,0.423305692,0.489819143
2024/8/1 0:00,0.492997963,0.525885654,0.472453046,0.426326008,0.494363306
2024/8/1 1:00,0.493044796,0.530545142,0.481712133,0.427018456,0.500307925
2024/8/1 2:00,0.494188133,0.513453259,0.475738616,0.414580627,0.492718036
2024/8/1 3:00,0.494390317,0.51129821,0.480542767,0.4170485,0.494034208
2024/8/1 4:00,0.493634138,0.514538675,0.494804701,0.429505915,0.500368007
2024/8/1 5:00,0.493634328,0.518767361,0.497801381,0.440811313,0.503235184
2024/8/1 6:00,0.463228433,0.494156103,0.495080331,0.417608544,0.484512499
2024/8/1 7:00,0.37575958,0.427751333,0.476095241,0.359614689,0.428742591
2024/8/1 8:00,0.320279567,0.37535056,0.443411704,0.332118252,0.384270089
2024/8/1 9:00,0.290367951,0.339357954,0.424325922,0.302308893,0.356141614
2024/8/1 10:00,0.270466692,0.312905877,0.411811288,0.279989441,0.336888177
2024/8/1 11:00,0.254623929,0.304086968,0.406022708,0.270945235,0.327325761
2024/8/1 12:00,0.255833645,0.3121476,0.407862756,0.279602498,0.331820179
2024/8/1 13:00,0.264780354,0.330964828,0.41300115,0.299899281,0.344246942
2024/8/1 14:00,0.2792316,0.349164034,0.417829617,0.318018725,0.357412592
2024/8/1 15:00,0.305522589,0.393072941,0.432447296,0.360675062,0.38604772
2024/8/1 16:00,0.346521535,0.446758881,0.446344744,0.407036255,0.420207253
2024/8/1 17:00,0.408142406,0.519961872,0.463409745,0.467402814,0.465871077
2024/8/1 18:00,0.48588842,0.554004043,0.469854252,0.477691104,0.498254882
2024/8/1 19:00,0.506566474,0.55065053,0.468576629,0.472589062,0.50197801
2024/8/1 20:00,0.510241246,0.566363923,0.472286752,0.485136315,0.509315795
2024/8/1 21:00,0.508357951,0.556767169,0.466342259,0.474870643,0.503722371
2024/8/1 22:00,0.505121346,0.529319126,0.460064262,0.449180695,0.492593975
2024/8/1 23:00,0.500693618,0.551339236,0.459604283,0.467713696,0.499481792
2024/8/2 0:00,0.494827779,0.581371555,0.466013172,0.493014934,0.511777608
2024/8/2 1:00,0.491577241,0.58176462,0.486036502,0.489426419,0.51922162
2024/8/2 2:00,0.491437429,0.591346822,0.494643571,0.494438815,0.527129324
2024/8/2 3:00,0.495145638,0.594704135,0.493193987,0.496270912,0.529878396
2024/8/2 4:00,0.493828107,0.573292617,0.492181716,0.482178212,0.521980348
2024/8/2 5:00,0.491511639,0.554136033,0.490887534,0.469202719,0.514203265
2024/8/2 6:00,0.454727025,0.533063813,0.490670659,0.445181727,0.495468728
2024/8/2 7:00,0.390179662,0.467648117,0.479971894,0.388951544,0.449372793
2024/8/2 8:00,0.332629891,0.40562646,0.447632113,0.343504063,0.399447471
2024/8/2 9:00,0.289779476,0.365963889,0.4255924,0.316455506,0.365439134
2024/8/2 10:00,0.274268667,0.341390356,0.415233166,0.293433098,0.348442163
2024/8/2 11:00,0.268044569,0.334204627,0.411185857,0.289196133,0.34439983
2024/8/2 12:00,0.255614069,0.359185179,0.428035733,0.317787094,0.356886349
2024/8/2 13:00,0.255274032,0.377583881,0.43295131,0.349358928,0.366090188
2024/8/2 14:00,0.273112725,0.394086074,0.433267171,0.366018407,0.375535108
2024/8/2 15:00,0.304795242,0.425403916,0.441072038,0.395698328,0.398873676
2024/8/2 16:00,0.35948463,0.475488433,0.453122799,0.396912617,0.43277727
2024/8/2 17:00,0.447123573,0.534443581,0.468146908,0.418076842,0.480345273
2024/8/2 18:00,0.506556538,0.565589286,0.476569435,0.450680907,0.508820489
2024/8/2 19:00,0.522612083,0.561509989,0.474072697,0.452614388,0.511309414
2024/8/2 20:00,0.524329553,0.56435607,0.471878072,0.462322423,0.512225535
2024/8/2 21:00,0.521205802,0.579206391,0.471706803,0.517136264,0.517107426
2024/8/2 22:00,0.519487823,0.600779686,0.473716483,0.53120302,0.525346457
2024/8/2 23:00,0.523290707,0.628547015,0.474138835,0.563115799,0.537578253
2024/8/3 0:00,0.520299351,0.63192712,0.483999658,0.528952624,0.542389651
2024/8/3 1:00,0.519692647,0.640614941,0.504821379,0.513654063,0.553095089
2024/8/3 2:00,0.520445828,0.660977764,0.511923785,0.52388343,0.565866127
2024/8/3 3:00,0.521372545,0.66419043,0.507642189,0.564413494,0.569325326
2024/8/3 4:00,0.513350289,0.661623802,0.502537212,0.539589553,0.56462501
2024/8/3 5:00,0.50182941,0.648284639,0.493227346,0.503388225,0.552621639
2024/8/3 6:00,0.46232371,0.604941228,0.498328583,0.467478764,0.527358729
2024/8/3 7:00,0.385240414,0.513941708,0.50841436,0.393281229,0.47219921
2024/8/3 8:00,0.326792149,0.433381726,0.501282609,0.327490709,0.41951122
2024/8/3 9:00,0.287725919,0.383642494,0.487471233,0.290980093,0.38410974
2024/8/3 10:00,0.268903582,0.357252976,0.474583446,0.274505821,0.364948199
2024/8/3 11:00,0.259999193,0.345130183,0.464912552,0.268866228,0.356546226
2024/8/3 12:00,0.258975948,0.351468427,0.46404643,0.273714572,0.359939607
2024/8/3 13:00,0.266729609,0.367445499,0.467306432,0.29638308,0.370932452
2024/8/3 14:00,0.278172883,0.382524567,0.475203776,0.348024648,0.385397325
2024/8/3 15:00,0.312469102,0.415022057,0.480315989,0.379685253,0.410155951
2024/8/3 16:00,0.366846141,0.465626263,0.492889428,0.426705208,0.448041407
2024/8/3 17:00,0.443206751,0.531009807,0.515046204,0.472719244,0.499860647
2024/8/3 18:00,0.503775638,0.558682693,0.528917265,0.450532496,0.529671636
2024/8/3 19:00,0.522792058,0.553739672,0.52940499,0.429142125,0.532737055
2024/8/3 20:00,0.523509774,0.560918061,0.52732035,0.436489403,0.53480284
2024/8/3 21:00,0.523707023,0.571067752,0.527826603,0.465507579,0.539156179
2024/8/3 22:00,0.524188337,0.585726777,0.525160504,0.483954456,0.543438388
2024/8/3 23:00,0.524774469,0.585782077,0.517267947,0.478425242,0.540555674
2024/8/4 0:00,0.517762809,0.605882351,0.515007591,0.481393652,0.54409485
2024/8/4 1:00,0.507340196,0.64574886,0.511424372,0.497810679,0.552929662
2024/8/4 2:00,0.499748588,0.66772407,0.510062368,0.505973755,0.557107237
2024/8/4 3:00,0.495167349,0.664696371,0.504402184,0.501160858,0.554558707
2024/8/4 4:00,0.492579877,0.659246938,0.499570964,0.496866759,0.550824683
2024/8/4 5:00,0.492376075,0.639489858,0.495987609,0.482686588,0.542540046
2024/8/4 6:00,0.457544361,0.599765735,0.493975319,0.439346702,0.517099577
2024/8/4 7:00,0.383317385,0.493274678,0.494667582,0.358809974,0.457751717
2024/8/4 8:00,0.351063769,0.42221156,0.488465624,0.311806356,0.420276908
2024/8/4 9:00,0.285805785,0.386022202,0.484423753,0.282923453,0.383009377
2024/8/4 10:00,0.267958407,0.370457405,0.475496582,0.274706538,0.369829008
2024/8/4 11:00,0.258335747,0.366537605,0.477334059,0.274416004,0.36698727
2024/8/4 12:00,0.259378883,0.371718512,0.475153523,0.282671355,0.371079943
2024/8/4 13:00,0.266117761,0.377900972,0.477157602,0.291578878,0.376866422
2024/8/4 14:00,0.280061009,0.380854747,0.476004632,0.294267958,0.382441121
2024/8/4 15:00,0.312416175,0.414594393,0.482405453,0.328441896,0.405932409
2024/8/4 16:00,0.367108129,0.481941708,0.496132667,0.381938925,0.450105894
2024/8/4 17:00,0.447412634,0.524678648,0.503005015,0.419165445,0.491106854
2024/8/4 18:00,0.51048608,0.545137088,0.513154171,0.442855328,0.520438449
2024/8/4 19:00,0.5220481,0.543962244,0.519850144,0.436918851,0.5258147
2024/8/4 20:00,0.522997838,0.526456787,0.518206126,0.41990445,0.519663134
2024/8/4 21:00,0.523286048,0.543429964,0.520721181,0.431192318,0.526258183
2024/8/4 22:00,0.52299898,0.58871866,0.526038869,0.455371954,0.543232744
2024/8/4 23:00,0.523083293,0.633657868,0.51862233,0.48068792,0.557465524
2024/8/5 0:00,0.522649108,0.664207717,0.51304438,0.492322541,0.5675944
2024/8/5 1:00,0.514009483,0.672568357,0.508942141,0.48980015,0.568368184
2024/8/5 2:00,0.504788479,0.670611079,0.500836889,0.480089857,0.564416811
2024/8/5 3:00,0.500365287,0.6556142,0.496971699,0.466711912,0.557324047
2024/8/5 4:00,0.497478587,0.640626463,0.49038739,0.454916578,0.549396069
2024/8/5 5:00,0.496083511,0.62025177,0.489579395,0.441264471,0.540766949
2024/8/5 6:00,0.474397629,0.588545559,0.488385834,0.446755127,0.523896813
2024/8/5 7:00,0.406978551,0.522384236,0.484687971,0.414378978,0.47872879
2024/8/5 8:00,0.35247928,0.469406839,0.470813371,0.383856866,0.437439154
2024/8/5 9:00,0.301463585,0.479237652,0.467146949,0.39072684,0.422154229
2024/8/5 10:00,0.279524457,0.426527958,0.450456381,0.343377238,0.392537598
2024/8/5 11:00,0.274662904,0.41128607,0.446353191,0.343326273,0.384336597
2024/8/5 12:00,0.28486015,0.403020178,0.453699741,0.337315607,0.39001411
2024/8/5 13:00,0.29747497,0.407572064,0.46439825,0.359525679,0.400464786
2024/8/5 14:00,0.316081441,0.424881708,0.468123064,0.396881272,0.413197137
2024/8/5 15:00,0.342923336,0.44173812,0.469135361,0.413586725,0.425773823
2024/8/5 16:00,0.402702899,0.461874696,0.466332364,0.379316761,0.445848458
2024/8/5 17:00,0.51147122,0.518402287,0.479710716,0.401347547,0.497149664
2024/8/5 18:00,0.500211399,0.533376185,0.482506602,0.417278725,0.500399604
2024/8/5 19:00,0.501059674,0.534059506,0.482561297,0.418314933,0.501044068
2024/8/5 20:00,0.501416821,0.554977468,0.487950272,0.43521352,0.510328431
2024/8/5 21:00,0.501196428,0.572997774,0.490980049,0.447150854,0.517188544
2024/8/5 22:00,0.501310079,0.591361467,0.48472664,0.453740579,0.521440247
2024/8/5 23:00,0.507041958,0.604147092,0.477176278,0.480684597,0.526336771
2024/8/6 0:00,0.506585908,0.626311454,0.485564388,0.491863259,0.539019913
2024/8/6 1:00,0.502120842,0.621851076,0.501326719,0.482874045,0.543670309
2024/8/6 2:00,0.493015869,0.611149709,0.507487193,0.46844751,0.540129833
2024/8/6 3:00,0.487679868,0.595195637,0.506261489,0.464165123,0.533194023
2024/8/6 4:00,0.488877548,0.595186185,0.503441781,0.477913674,0.533058498
2024/8/6 5:00,0.489570562,0.596351055,0.504107991,0.480010438,0.534906576
2024/8/6 6:00,0.467563977,0.560884027,0.50067698,0.490530933,0.515933948
2024/8/6 7:00,0.429720745,0.513978538,0.489200273,0.458579064,0.483892373
2024/8/6 8:00,0.345731088,0.447774809,0.464452867,0.317689776,0.423926216
2024/8/6 9:00,0.362961021,0.441332801,0.448896781,0.383355221,0.424495743
2024/8/6 10:00,0.360314943,0.424696443,0.442671181,0.365401425,0.414493377
2024/8/6 11:00,0.349779111,0.426719846,0.445047825,0.352187994,0.41143456
2024/8/6 12:00,0.365974369,0.455769501,0.462804834,0.357300422,0.432547048
2024/8/6 13:00,0.369408127,0.423165501,0.454821331,0.338967062,0.419590045
2024/8/6 14:00,0.408885463,0.479368252,0.469141156,0.396223723,0.455030682
2024/8/6 15:00,0.46034037,0.490996497,0.470246513,0.415061571,0.472954294
2024/8/6 16:00,0.499586731,0.513753921,0.476260804,0.432227272,0.492191173
2024/8/6 17:00,0.503602635,0.572097872,0.490182706,0.47727225,0.517801164
2024/8/6 18:00,0.502430204,0.584664386,0.490585668,0.491256467,0.521208452
2024/8/6 19:00,0.50441383,0.576539831,0.485576379,0.476633018,0.516584825
2024/8/6 20:00,0.507209013,0.589190966,0.4855111,0.483011306,0.521168022
2024/8/6 21:00,0.503270261,0.596353257,0.478200285,0.483759282,0.519841921
2024/8/6 22:00,0.493784799,0.598862716,0.478208216,0.487106881,0.519401908
2024/8/6 23:00,0.496556949,0.61600519,0.479600792,0.51314209,0.528016713
2024/8/7 0:00,0.488451008,0.640249976,0.48612056,0.517801618,0.537942951
2024/8/7 1:00,0.486628315,0.639509108,0.504825453,0.502911475,0.546056184
2024/8/7 2:00,0.487075578,0.638196145,0.510967176,0.499269023,0.550479899
2024/8/7 3:00,0.488631455,0.638396295,0.508934784,0.513011555,0.55224218
2024/8/7 4:00,0.488992678,0.627514445,0.506859356,0.523186622,0.547536462
2024/8/7 5:00,0.488390929,0.615795615,0.505084883,0.515110849,0.54243126
2024/8/7 6:00,0.457842466,0.57908113,0.505757185,0.486306322,0.520977837
2024/8/7 7:00,0.378368468,0.500928345,0.491652361,0.425480019,0.464718985
2024/8/7 8:00,0.324602767,0.450305677,0.469609598,0.389901828,0.424613523
2024/8/7 9:00,0.298080579,0.419996939,0.449864294,0.358974073,0.399436688
2024/8/7 10:00,0.288819618,0.41226064,0.449490204,0.329253128,0.393748788
2024/8/7 11:00,0.268361754,0.376324687,0.43573256,0.304263468,0.368377734
2024/8/7 12:00,0.268402682,0.393791036,0.449520024,0.31409562,0.379288623
2024/8/7 13:00,0.270544589,0.392037055,0.449672641,0.320215104,0.379869473
2024/8/7 14:00,0.306548091,0.406876356,0.452471479,0.342900302,0.399117578
2024/8/7 15:00,0.319980721,0.432156357,0.46243966,0.359649743,0.414001785
2024/8/7 16:00,0.357032653,0.484927543,0.473141684,0.394202017,0.444526498
2024/8/7 17:00,0.438163177,0.531408231,0.479065302,0.426912668,0.483871535
2024/8/7 18:00,0.494670599,0.558114419,0.482534607,0.446483563,0.506995957
2024/8/7 19:00,0.503833061,0.546319639,0.480630531,0.421202397,0.504437433
2024/8/7 20:00,0.503676402,0.547414758,0.473156829,0.415363148,0.50171094
2024/8/7 21:00,0.502982726,0.554402885,0.468580485,0.423098727,0.502081244
2024/8/7 22:00,0.503129921,0.578441758,0.469540706,0.43535208,0.51155966
2024/8/7 23:00,0.496100696,0.600250425,0.470609916,0.456353445,0.517853828
2024/8/8 0:00,0.487511064,0.608528582,0.482975782,0.47866183,0.523895684
2024/8/8 1:00,0.485754785,0.630392183,0.501835056,0.485277264,0.538545555
2024/8/8 2:00,0.48691128,0.647401429,0.51053893,0.494992395,0.55152884
2024/8/8 3:00,0.484797603,0.639532469,0.505736068,0.512054116,0.550292323
2024/8/8 4:00,0.486852096,0.639945136,0.502218209,0.515769428,0.551087512
2024/8/8 5:00,0.485968904,0.631919467,0.498702462,0.509731751,0.547290628
2024/8/8 6:00,0.457874739,0.615061319,0.493467117,0.494668537,0.531729261
2024/8/8 7:00,0.401786576,0.576849447,0.486225078,0.47725654,0.497545556
2024/8/8 8:00,0.368855648,0.518519088,0.47785944,0.415577862,0.460781153
2024/8/8 9:00,0.285907236,0.467415089,0.463015217,0.378211963,0.411561555
2024/8/8 10:00,0.264662363,0.434322216,0.453486331,0.347917402,0.388113946
2024/8/8 11:00,0.280551532,0.433706377,0.45322449,0.356750786,0.394793344
2024/8/8 12:00,0.269990123,0.43099022,0.45597635,0.352432328,0.390788525
2024/8/8 13:00,0.270053363,0.450164688,0.468936565,0.372940327,0.403011501
2024/8/8 14:00,0.28868411,0.462425094,0.469890123,0.387531776,0.415800665
2024/8/8 15:00,0.31411571,0.468514191,0.46681666,0.380972774,0.425241511
2024/8/8 16:00,0.36281685,0.501142972,0.469115329,0.399316179,0.450269957
2024/8/8 17:00,0.436344887,0.544729343,0.471900665,0.43002882,0.484587841
2024/8/8 18:00,0.492230661,0.542253979,0.469324432,0.419337719,0.49599693
2024/8/8 19:00,0.498881193,0.530506091,0.464278772,0.402386298,0.491700599
2024/8/8 20:00,0.491237238,0.55003997,0.466929364,0.41312996,0.497007587
2024/8/8 21:00,0.485123181,0.557521944,0.46430307,0.419223389,0.496918832
2024/8/8 22:00,0.485176819,0.56613492,0.46733294,0.423265354,0.501723506
2024/8/8 23:00,0.486243662,0.613780119,0.470753877,0.450447633,0.519573164
2024/8/9 0:00,0.485250873,0.6510223,0.479929206,0.486088581,0.535461288
2024/8/9 1:00,0.485606431,0.66499633,0.495825614,0.492514866,0.548153071
2024/8/9 2:00,0.480222531,0.656402216,0.501234386,0.487270325,0.549154916
2024/8/9 3:00,0.472191862,0.656688311,0.497432131,0.482552963,0.548319805
2024/8/9 4:00,0.472034337,0.657841842,0.491945365,0.482283228,0.549512576
2024/8/9 5:00,0.472010006,0.654780796,0.495613411,0.481533539,0.549326658
2024/8/9 6:00,0.472449161,0.636742831,0.499461151,0.465458702,0.543777151
2024/8/9 7:00,0.470534658,0.594922707,0.492065002,0.430261889,0.52283039
2024/8/9 8:00,0.416910667,0.504383098,0.468346315,0.365214881,0.465807978
2024/8/9 9:00,0.368603219,0.460928305,0.450805631,0.33476705,0.43052912
2024/8/9 10:00,0.356451314,0.440785455,0.44200592,0.331921406,0.417811851
2024/8/9 11:00,0.439169599,0.430888667,0.43559887,0.348400212,0.433081076
2024/8/9 12:00,0.461368108,0.460290097,0.447292817,0.374407027,0.453377895
2024/8/9 13:00,0.47989455,0.466848191,0.45966631,0.390528323,0.464629605
2024/8/9 14:00,0.47725285,0.447285075,0.452232608,0.372002748,0.453482669
2024/8/9 15:00,0.448419568,0.481116435,0.452090374,0.387854268,0.459850282
2024/8/9 16:00,0.416637256,0.49378518,0.45345619,0.386783665,0.455941961
2024/8/9 17:00,0.439479119,0.526365696,0.460493419,0.394845381,0.473356446
2024/8/9 18:00,0.468238509,0.526601214,0.460346333,0.352596386,0.478659424
2024/8/9 19:00,0.474186833,0.52072662,0.459609153,0.350403642,0.478352811
2024/8/9 20:00,0.474439554,0.55316782,0.463973694,0.400243227,0.490981866
2024/8/9 21:00,0.474646499,0.554259536,0.459598325,0.400048153,0.490111354
2024/8/9 22:00,0.474501523,0.548233213,0.456956732,0.402426212,0.488583642
2024/8/9 23:00,0.475639888,0.562231559,0.45729741,0.421298901,0.495362459
2024/8/10 0:00,0.476456579,0.571004173,0.471000327,0.430715208,0.503474519
2024/8/10 1:00,0.474913014,0.59949546,0.48505176,0.43762992,0.518991543
2024/8/10 2:00,0.474129489,0.61471084,0.483013215,0.448994471,0.52702421
2024/8/10 3:00,0.474184776,0.630506841,0.486455786,0.456607168,0.535005221
2024/8/10 4:00,0.474558208,0.630112159,0.485896291,0.455547446,0.535628189
2024/8/10 5:00,0.475337083,0.639132402,0.482416224,0.459699093,0.538535022
2024/8/10 6:00,0.473010805,0.609826845,0.486415422,0.439590805,0.530925741
2024/8/10 7:00,0.46068381,0.542656951,0.49647613,0.393364461,0.504025134
2024/8/10 8:00,0.407110206,0.531534349,0.492173952,0.370898692,0.479412287
2024/8/10 9:00,0.365267083,0.520349467,0.492510074,0.363048531,0.460774673
2024/8/10 10:00,0.361993443,0.436539624,0.489819736,0.32504275,0.42931459
2024/8/10 11:00,0.350225833,0.408023575,0.478569895,0.317816253,0.413738139
2024/8/10 12:00,0.351972059,0.389859539,0.476188219,0.308047018,0.407315417
2024/8/10 13:00,0.31781852,0.36197871,0.466891076,0.296054881,0.383992952
2024/8/10 14:00,0.343659603,0.376266793,0.473228994,0.315680643,0.400101124
2024/8/10 15:00,0.331287673,0.417151307,0.48586342,0.350084324,0.415998519
2024/8/10 16:00,0.403576547,0.475717432,0.491430804,0.395149477,0.460498876
2024/8/10 17:00,0.453743942,0.49249813,0.494661053,0.395636966,0.480292545
2024/8/10 18:00,0.476446987,0.488468257,0.495113161,0.389895565,0.484946297
2024/8/10 19:00,0.479554785,0.479587031,0.494809582,0.373282559,0.482279678
2024/8/10 20:00,0.480657111,0.485856947,0.49750686,0.372289018,0.485536593
2024/8/10 21:00,0.483919844,0.516666998,0.500744704,0.390440577,0.498517999
2024/8/10 22:00,0.483389091,0.544188105,0.503593753,0.405664506,0.509290479
2024/8/10 23:00,0.477914275,0.537401934,0.502281263,0.394067411,0.504761947
2024/8/11 0:00,0.477259196,0.520733907,0.499941905,0.376225457,0.497046224
2024/8/11 1:00,0.477083822,0.51121213,0.496411745,0.363429894,0.492038756
2024/8/11 2:00,0.479035234,0.531863479,0.499677583,0.370766105,0.500997392
2024/8/11 3:00,0.478292743,0.565901011,0.492335219,0.391156279,0.511268957
2024/8/11 4:00,0.477022235,0.572394622,0.492276398,0.394057862,0.513790107
2024/8/11 5:00,0.478930168,0.577359032,0.492523039,0.394204756,0.516673241
2024/8/11 6:00,0.479174734,0.576441728,0.492618898,0.41767573,0.517017992
2024/8/11 7:00,0.473071311,0.551568978,0.496813265,0.418950101,0.508385063
2024/8/11 8:00,0.451507425,0.486994528,0.497290455,0.376348868,0.478340754
2024/8/11 9:00,0.410409423,0.422611504,0.486737774,0.338737649,0.438955865
2024/8/11 10:00,0.341448319,0.379149255,0.477505303,0.298436019,0.400052727
2024/8/11 11:00,0.287068013,0.348019602,0.466303869,0.289713078,0.37029578
2024/8/11 12:00,0.255521091,0.329251488,0.462723301,0.279315994,0.351863162
2024/8/11 13:00,0.250848065,0.326537048,0.46117176,0.278269763,0.349348412
2024/8/11 14:00,0.261129902,0.341602656,0.46637338,0.281049373,0.360005687
2024/8/11 15:00,0.289094053,0.360803067,0.473203612,0.300193966,0.378478956
2024/8/11 16:00,0.352573183,0.403344667,0.481932703,0.332311032,0.41507357
2024/8/11 17:00,0.425088369,0.452471127,0.488177626,0.366751652,0.455664789
2024/8/11 18:00,0.480041525,0.492461798,0.494171678,0.393195839,0.486829115
2024/8/11 19:00,0.485042124,0.505264312,0.497587562,0.386240031,0.493493793
2024/8/11 20:00,0.484491894,0.535801991,0.503752065,0.402945568,0.506055488
2024/8/11 21:00,0.484857049,0.547801392,0.505352678,0.419758405,0.511216522
2024/8/11 22:00,0.487062842,0.576356297,0.509347739,0.449159273,0.523289646
2024/8/11 23:00,0.484596425,0.608946162,0.51561606,0.465928389,0.535960996
2024/8/12 0:00,0.483503444,0.61724109,0.511534435,0.472737482,0.536146114
2024/8/12 1:00,0.480862302,0.62411288,0.506556569,0.469878971,0.534119089
2024/8/12 2:00,0.479093417,0.637945119,0.504076335,0.476778376,0.538828435
2024/8/12 3:00,0.481056779,0.615085388,0.500555424,0.466988143,0.532030487
2024/8/12 4:00,0.482835181,0.610321107,0.496797301,0.46580649,0.53148779
2024/8/12 5:00,0.481595292,0.612738185,0.496401727,0.466219413,0.532513416
2024/8/12 6:00,0.441967459,0.586899817,0.498946872,0.439602987,0.514580578
2024/8/12 7:00,0.365477351,0.536035402,0.487090415,0.401277277,0.468528708
2024/8/12 8:00,0.306351705,0.45320235,0.463012812,0.353193773,0.413615491
2024/8/12 9:00,0.364469053,0.411292838,0.434606844,0.339709712,0.408288385
2024/8/12 10:00,0.28052796,0.379377561,0.42497161,0.299255939,0.366529203
2024/8/12 11:00,0.281459619,0.378950614,0.425007966,0.316669667,0.368489094
2024/8/12 12:00,0.301177751,0.385506649,0.427482122,0.34102801,0.380535908
2024/8/12 13:00,0.27059547,0.388486302,0.434159269,0.344485823,0.373953391
2024/8/12 14:00,0.27693978,0.400347669,0.438788668,0.364453643,0.38149251
2024/8/12 15:00,0.306877975,0.437496081,0.448520996,0.378919701,0.406990077
2024/8/12 16:00,0.355649026,0.484585059,0.45637761,0.412165663,0.439457863
2024/8/12 17:00,0.399483494,0.530660532,0.463462323,0.427566369,0.468441908
2024/8/12 18:00,0.450694257,0.532177452,0.461611092,0.392788304,0.478830966
2024/8/12 19:00,0.454295844,0.533038021,0.463224249,0.377413041,0.480241323
2024/8/12 20:00,0.454274059,0.571728488,0.469090837,0.407625909,0.494888095
2024/8/12 21:00,0.454124908,0.600576114,0.469403351,0.44543453,0.505344992
2024/8/12 22:00,0.453119591,0.617109746,0.46576761,0.44873428,0.510157735
2024/8/12 23:00,0.452268452,0.624544825,0.45910512,0.436312458,0.509609708
2024/8/13 0:00,0.451321397,0.62498218,0.465344561,0.440263865,0.511230245
2024/8/13 1:00,0.450472883,0.627207588,0.486072758,0.44812519,0.520574358
2024/8/13 2:00,0.450643566,0.625626058,0.494609378,0.444947445,0.525424466
2024/8/13 3:00,0.451745786,0.609843046,0.496509226,0.435075734,0.520977027
2024/8/13 4:00,0.451126058,0.586097292,0.494624201,0.42316668,0.512521687
2024/8/13 5:00,0.451120901,0.58226556,0.492115311,0.42314322,0.511495741
2024/8/13 6:00,0.42629877,0.563642314,0.493160741,0.406858674,0.498757608
2024/8/13 7:00,0.349680513,0.500161713,0.484326065,0.374478269,0.450439157
2024/8/13 8:00,0.295703585,0.440866216,0.462937814,0.343647589,0.406811635
2024/8/13 9:00,0.285123668,0.416827933,0.440907689,0.329698383,0.389296911
2024/8/13 10:00,0.248624352,0.381166687,0.429773903,0.298725684,0.359528764
2024/8/13 11:00,0.27382208,0.383526542,0.426719191,0.307740951,0.368994836
2024/8/13 12:00,0.246465142,0.388794115,0.430353245,0.313469754,0.363891529
2024/8/13 13:00,0.233578669,0.389362679,0.432456458,0.330435876,0.361301741
2024/8/13 14:00,0.322416486,0.422521951,0.435607925,0.346818137,0.402586474
2024/8/13 15:00,0.27870676,0.438114042,0.446519845,0.35557005,0.395792015
2024/8/13 16:00,0.315958425,0.477885431,0.454453172,0.366427356,0.422312705
2024/8/13 17:00,0.404430924,0.560375404,0.471162552,0.387218585,0.478759783
2024/8/13 18:00,0.452022029,0.562839434,0.472783703,0.390959269,0.491983153
2024/8/13 19:00,0.455306467,0.55936996,0.47363211,0.392277173,0.492449191
2024/8/13 20:00,0.459340859,0.575122121,0.47709601,0.40271664,0.499414705
2024/8/13 21:00,0.462381122,0.601927395,0.475544561,0.416313101,0.507664285
2024/8/13 22:00,0.46344966,0.600085485,0.46305406,0.428108293,0.504162831
2024/8/13 23:00,0.467252046,0.617869069,0.45944299,0.470857349,0.511631986
2024/8/14 0:00,0.473983513,0.618864979,0.467226585,0.485001325,0.516346373
2024/8/14 1:00,0.476667955,0.605643329,0.482606528,0.477285509,0.519660625
2024/8/14 2:00,0.477660094,0.622442538,0.490802243,0.486160654,0.530432225
2024/8/14 3:00,0.476719784,0.613480066,0.487415799,0.481203754,0.52754991
2024/8/14 4:00,0.480272321,0.591646304,0.484617504,0.500209008,0.52196944
2024/8/14 5:00,0.480459901,0.582360638,0.483190895,0.511795179,0.518562448
2024/8/14 6:00,0.45027568,0.571465644,0.484516217,0.492983412,0.506707924
2024/8/14 7:00,0.378149006,0.491194522,0.480629482,0.427028347,0.455242187
2024/8/14 8:00,0.33411837,0.433976963,0.457458009,0.380187199,0.412859242
2024/8/14 9:00,0.293421262,0.434989902,0.447699285,0.380141348,0.395225181
2024/8/14 10:00,0.270192037,0.362120938,0.424035813,0.281705243,0.355569206
2024/8/14 11:00,0.274798896,0.356136103,0.420862037,0.27990601,0.354954578
2024/8/14 12:00,0.370269011,0.399067726,0.430131172,0.329491727,0.402474277
2024/8/14 13:00,0.374212895,0.436910811,0.447172618,0.360479767,0.42337956
2024/8/14 14:00,0.350913952,0.434996298,0.447792057,0.355202955,0.416352475
2024/8/14 15:00,0.332093462,0.46910148,0.4543532,0.380971963,0.424255141
2024/8/14 16:00,0.378988958,0.518556563,0.462554847,0.415972338,0.456490178
2024/8/14 17:00,0.444905116,0.539951796,0.461299148,0.423789683,0.481020456
2024/8/14 18:00,0.484793334,0.55855976,0.463248518,0.420330161,0.496764568
2024/8/14 19:00,0.488369221,0.554653794,0.462727623,0.398954252,0.495873803
2024/8/14 20:00,0.48994708,0.543770413,0.458719109,0.391390825,0.491086001
2024/8/14 21:00,0.490185784,0.528228844,0.452566857,0.377989697,0.483823051
2024/8/14 22:00,0.490238577,0.521995757,0.448949603,0.389542868,0.481735615
2024/8/14 23:00,0.494149918,0.544523623,0.451383151,0.417951997,0.491811804
2024/8/15 0:00,0.494178576,0.556777241,0.457843618,0.425648331,0.499309066
2024/8/15 1:00,0.492935859,0.550964114,0.467103909,0.431425055,0.501106101
2024/8/15 2:00,0.491959972,0.530097252,0.472350311,0.418480243,0.496628364
2024/8/15 3:00,0.49094374,0.52474187,0.472774891,0.416108154,0.495359217
2024/8/15 4:00,0.491464244,0.525866163,0.472859313,0.420163106,0.496419652
2024/8/15 5:00,0.492145401,0.526305034,0.47340051,0.419331044,0.496867851
2024/8/15 6:00,0.464313121,0.519368609,0.478116977,0.407169499,0.487837605
2024/8/15 7:00,0.39804265,0.518132733,0.472846163,0.394606718,0.465618006
2024/8/15 8:00,0.387800835,0.510608721,0.468645636,0.380372502,0.457236997
2024/8/15 9:00,0.327591628,0.491553558,0.459720004,0.349758209,0.426904892
2024/8/15 10:00,0.372877184,0.478334252,0.455422651,0.350184155,0.436513142
2024/8/15 11:00,0.358615256,0.522928744,0.479784303,0.385296171,0.454784277
2024/8/15 12:00,0.326267988,0.524759927,0.498516299,0.416539721,0.458472432
2024/8/15 13:00,0.426435325,0.498353821,0.477419566,0.399685413,0.471828684
2024/8/15 14:00,0.471151782,0.502773661,0.472796175,0.402522123,0.480828597
2024/8/15 15:00,0.417667249,0.532888216,0.472502876,0.412385593,0.476133366
2024/8/15 16:00,0.399584665,0.527014062,0.472514396,0.407947924,0.46960501
2024/8/15 17:00,0.468023839,0.557676938,0.474635892,0.43189814,0.49733679
2024/8/15 18:00,0.488802964,0.558937207,0.462462967,0.434157026,0.497455181
2024/8/15 19:00,0.492071976,0.548361369,0.458135668,0.429944415,0.493682641
2024/8/15 20:00,0.497867089,0.569344765,0.45990289,0.445222349,0.502732352
2024/8/15 21:00,0.505473733,0.570361699,0.462649234,0.445748867,0.505690668
2024/8/15 22:00,0.508104972,0.560148994,0.461149231,0.434733066,0.502651205
2024/8/15 23:00,0.512247387,0.565762956,0.459883562,0.458473663,0.506312561
2024/8/16 0:00,0.50840893,0.575031651,0.466172365,0.446917438,0.511127755
2024/8/16 1:00,0.504044154,0.590785942,0.476399478,0.449404702,0.51983784
2024/8/16 2:00,0.499793371,0.589748377,0.473574535,0.452030245,0.520408374
2024/8/16 3:00,0.501745175,0.582304128,0.478250614,0.446936911,0.520587942
2024/8/16 4:00,0.502011695,0.580362569,0.48594802,0.444049415,0.522311393
2024/8/16 5:00,0.502194437,0.584531935,0.479357941,0.473412573,0.523513784
2024/8/16 6:00,0.461512192,0.586979692,0.489836362,0.465102646,0.516122055
2024/8/16 7:00,0.382262643,0.535050499,0.487058669,0.411303297,0.472367316
2024/8/16 8:00,0.325021614,0.479780213,0.470860118,0.369385463,0.427047464
2024/8/16 9:00,0.294931656,0.429389741,0.449604675,0.319672256,0.392135723
2024/8/16 10:00,0.273289592,0.359265471,0.430133931,0.266859486,0.354714177
2024/8/16 11:00,0.274603457,0.346194216,0.423638894,0.25906964,0.349110361
2024/8/16 12:00,0.287442926,0.371134406,0.431504747,0.284680359,0.365606745
2024/8/16 13:00,0.284371386,0.406132889,0.438661381,0.325471779,0.37652283
2024/8/16 14:00,0.323921482,0.441260177,0.443289843,0.359938991,0.402938255
2024/8/16 15:00,0.373303249,0.459809096,0.443477443,0.37380541,0.426953082
2024/8/16 16:00,0.435803081,0.51295742,0.452431544,0.41063187,0.466878289
2024/8/16 17:00,0.477157922,0.549480457,0.45664902,0.423717496,0.490408273
2024/8/16 18:00,0.522477845,0.558598639,0.459147652,0.418372216,0.506038785
2024/8/16 19:00,0.527373748,0.530106039,0.453805494,0.376384267,0.495976975
2024/8/16 20:00,0.529920131,0.506487783,0.449853907,0.363628128,0.488086397
2024/8/16 21:00,0.529100184,0.511045731,0.447841843,0.363677507,0.488878762
2024/8/16 22:00,0.528937132,0.509844007,0.446969004,0.352643216,0.489156053
2024/8/16 23:00,0.530695657,0.514691012,0.454460523,0.35483646,0.493583316
2024/8/17 0:00,0.529560705,0.523332175,0.467582878,0.395355137,0.502810529
2024/8/17 1:00,0.526868088,0.552135043,0.480758849,0.433400421,0.516508371
2024/8/17 2:00,0.516430201,0.595768095,0.478321731,0.462342101,0.528249669
2024/8/17 3:00,0.507598132,0.601570866,0.474378222,0.462495759,0.526890851
2024/8/17 4:00,0.497927862,0.604517422,0.472777044,0.461131304,0.52509472
2024/8/17 5:00,0.496383235,0.598281198,0.468386711,0.458857651,0.522305848
2024/8/17 6:00,0.494187265,0.574111855,0.466959025,0.443570006,0.514547024
2024/8/17 7:00,0.480443059,0.528273715,0.472163622,0.413494035,0.494973902
2024/8/17 8:00,0.47246861,0.49129031,0.474613395,0.380379717,0.478476099
2024/8/17 9:00,0.462550242,0.509848756,0.473399977,0.392345159,0.48211139
2024/8/17 10:00,0.424141501,0.567262256,0.483838857,0.40013516,0.491743839
2024/8/17 11:00,0.406939184,0.527069707,0.48582371,0.383641465,0.475290513
2024/8/17 12:00,0.388627786,0.45507321,0.470672212,0.339628352,0.439273954
2024/8/17 13:00,0.312916021,0.420310145,0.467108624,0.319877008,0.399445772
2024/8/17 14:00,0.309508137,0.430480247,0.476664158,0.331915443,0.405592332
2024/8/17 15:00,0.37734871,0.425880587,0.468483092,0.334851264,0.42436023
2024/8/17 16:00,0.457823334,0.476683857,0.473322793,0.365617049,0.467041127
2024/8/17 17:00,0.498204785,0.513119858,0.480097326,0.389697737,0.493250076
2024/8/17 18:00,0.523041748,0.541010476,0.48380014,0.411276308,0.51106294
2024/8/17 19:00,0.522430195,0.53692421,0.483521193,0.410871706,0.509697451
2024/8/17 20:00,0.523283857,0.534051022,0.483796619,0.413146737,0.508946408
2024/8/17 21:00,0.523418759,0.515034224,0.479931694,0.40464308,0.501347638
2024/8/17 22:00,0.523718336,0.49655387,0.477373539,0.380824069,0.494984683
2024/8/17 23:00,0.526713967,0.520560109,0.480236015,0.385527468,0.504846222
2024/8/18 0:00,0.517118242,0.550719737,0.480115151,0.400228857,0.511827399
2024/8/18 1:00,0.504774535,0.575714228,0.478666553,0.415530233,0.515653697
2024/8/18 2:00,0.503647708,0.59040182,0.475129973,0.418324753,0.519472192
2024/8/18 3:00,0.504450539,0.603585619,0.464288463,0.419249856,0.520043011
2024/8/18 4:00,0.504355885,0.595188494,0.463230295,0.415473181,0.517654867
2024/8/18 5:00,0.504175663,0.5956637,0.460157447,0.418607839,0.517593589
2024/8/18 6:00,0.484022878,0.578077631,0.466710926,0.404920213,0.507857078
2024/8/18 7:00,0.445265101,0.541472773,0.467141179,0.381182621,0.48387463
2024/8/18 8:00,0.389009826,0.494369657,0.469400346,0.352209549,0.450037117
2024/8/18 9:00,0.415397734,0.451635858,0.467443081,0.323849729,0.444299612
2024/8/18 10:00,0.417233437,0.457766624,0.463655946,0.323479469,0.445772719
2024/8/18 11:00,0.300710893,0.407951741,0.468638409,0.284975892,0.390613501
2024/8/18 12:00,0.287806997,0.390934695,0.464932764,0.285262779,0.378905319
2024/8/18 13:00,0.303778812,0.399664994,0.464861595,0.307808825,0.38757734
2024/8/18 14:00,0.320266854,0.425154273,0.469779002,0.326255187,0.402087413
2024/8/18 15:00,0.3422459,0.417935836,0.471103024,0.322041906,0.409057188
2024/8/18 16:00,0.409835604,0.505332735,0.48783528,0.384914789,0.46607163
2024/8/18 17:00,0.496438529,0.535643905,0.4930529,0.4130066,0.504700482
2024/8/18 18:00,0.522106853,0.553468334,0.496357477,0.413228287,0.518619414
2024/8/18 19:00,0.525378296,0.551200159,0.493885774,0.392543308,0.517842151
2024/8/18 20:00,0.522020754,0.555631433,0.492099527,0.395350415,0.517350808
2024/8/18 21:00,0.526841168,0.552279897,0.487537226,0.389522916,0.515785682
2024/8/18 22:00,0.528336906,0.545528424,0.483032769,0.377055965,0.512655344
2024/8/18 23:00,0.520352228,0.547738825,0.487726931,0.430720934,0.514271096
2024/8/19 0:00,0.511871473,0.555884195,0.49123076,0.435510974,0.5159297
2024/8/19 1:00,0.506557023,0.584852274,0.48305216,0.451287515,0.521470654
2024/8/19 2:00,0.504039469,0.604957202,0.478639931,0.461442626,0.526927718
2024/8/19 3:00,0.505755112,0.599903075,0.48122554,0.456675985,0.527383635
2024/8/19 4:00,0.504823591,0.587956042,0.482562509,0.44870574,0.523206885
2024/8/19 5:00,0.504806372,0.593950207,0.482252547,0.45292825,0.524770969
2024/8/19 6:00,0.493317684,0.577083002,0.480522501,0.437289463,0.515325377
2024/8/19 7:00,0.418893096,0.532053462,0.479828443,0.396656312,0.476602876
2024/8/19 8:00,0.343037266,0.493251393,0.461255969,0.367551571,0.429268573
2024/8/19 9:00,0.345349366,0.45166559,0.441725291,0.339846635,0.412787765
2024/8/19 10:00,0.422374533,0.449703943,0.440031431,0.344801283,0.436435179
2024/8/19 11:00,0.401926215,0.443456439,0.43770239,0.346041173,0.427884438
2024/8/19 12:00,0.419946544,0.447696801,0.440968228,0.36339903,0.436339808
2024/8/19 13:00,0.455398666,0.472066907,0.444264228,0.389471264,0.455009984
2024/8/19 14:00,0.473255505,0.490852015,0.445308289,0.402777328,0.466029788
2024/8/19 15:00,0.475665786,0.517769624,0.453251273,0.421871415,0.478396081
2024/8/19 16:00,0.487173532,0.515766179,0.452253178,0.419364531,0.480177252
2024/8/19 17:00,0.505747326,0.532339334,0.459933511,0.413787488,0.491435927
2024/8/19 18:00,0.527884319,0.503610835,0.446195737,0.387144302,0.483291395
2024/8/19 19:00,0.525722998,0.471813198,0.439555042,0.365415951,0.470975908
2024/8/19 20:00,0.527375628,0.464134486,0.439919897,0.361366709,0.469180055
2024/8/19 21:00,0.528401712,0.483884264,0.443578211,0.371653293,0.476171203
2024/8/19 22:00,0.52452392,0.484530143,0.43898321,0.364857032,0.473823557
2024/8/19 23:00,0.524002867,0.474838436,0.437115981,0.355359669,0.472297478
2024/8/20 0:00,0.512252193,0.489273443,0.455808976,0.357069144,0.48038426
2024/8/20 1:00,0.505470293,0.510236074,0.472652163,0.368653777,0.491205839
2024/8/20 2:00,0.503878684,0.506513362,0.476007343,0.374841035,0.491798902
2024/8/20 3:00,0.504482357,0.520677363,0.483697061,0.382975146,0.49925318
2024/8/20 4:00,0.504798008,0.536232575,0.485015674,0.394876554,0.504650146
2024/8/20 5:00,0.50393856,0.540374654,0.478512146,0.400317799,0.504244555
2024/8/20 6:00,0.487880355,0.527324951,0.480188689,0.38795318,0.495878947
2024/8/20 7:00,0.42327342,0.500039436,0.477167602,0.383261873,0.466447629
2024/8/20 8:00,0.369429319,0.422287846,0.449370127,0.328642698,0.415897099
2024/8/20 9:00,0.312274278,0.38749431,0.431818037,0.293573859,0.378300694
2024/8/20 10:00,0.27523652,0.334071671,0.414926539,0.257817415,0.344156489
2024/8/20 11:00,0.270100938,0.322634563,0.408211723,0.252422226,0.336772819
2024/8/20 12:00,0.289193405,0.351283737,0.417367341,0.278184609,0.355360511
2024/8/20 13:00,0.323040494,0.40739439,0.432859447,0.29150151,0.388715853
2024/8/20 14:00,0.484261744,0.457517164,0.441553312,0.349251226,0.454947952
2024/8/20 15:00,0.492012209,0.514626497,0.453867429,0.365638029,0.479005688
2024/8/20 16:00,0.503922078,0.528160677,0.457191517,0.370903991,0.487834396
2024/8/20 17:00,0.527585907,0.525627641,0.448301999,0.3673276,0.489780071
2024/8/20 18:00,0.52823911,0.541276089,0.453239053,0.383705914,0.496458743
2024/8/20 19:00,0.52592562,0.520718745,0.45101115,0.376139671,0.489648379
2024/8/20 20:00,0.524874574,0.54855951,0.456177721,0.388795763,0.499731583
2024/8/20 21:00,0.526009655,0.541438459,0.452846909,0.381986863,0.49595848
2024/8/20 22:00,0.526580497,0.505608233,0.449476603,0.354708098,0.485086205
2024/8/20 23:00,0.528067539,0.496697732,0.446674881,0.385309426,0.483994419
2024/8/21 0:00,0.526297841,0.518952452,0.461005832,0.418138801,0.496233422
2024/8/21 1:00,0.525895597,0.550543978,0.47619223,0.442051092,0.512082356
2024/8/21 2:00,0.525131369,0.560637727,0.480359516,0.448732029,0.51839889
2024/8/21 3:00,0.520113982,0.570862743,0.47985635,0.451576018,0.520757128
2024/8/21 4:00,0.511546859,0.584498939,0.480286389,0.453946441,0.522393615
2024/8/21 5:00,0.505158933,0.582401522,0.479191344,0.450498619,0.519501748
2024/8/21 6:00,0.476819397,0.547347152,0.484557129,0.418647964,0.501105465
2024/8/21 7:00,0.385478909,0.507575124,0.481737988,0.37710206,0.457631044
2024/8/21 8:00,0.325863056,0.421740172,0.449847806,0.318382621,0.399861821
2024/8/21 9:00,0.289105593,0.369617649,0.427717438,0.280458871,0.363266346
2024/8/21 10:00,0.266949725,0.336080133,0.413877158,0.257577328,0.340982431
2024/8/21 11:00,0.255803193,0.314502306,0.403950176,0.245273473,0.327380509
2024/8/21 12:00,0.25636268,0.315185957,0.404897713,0.252343796,0.327961403
2024/8/21 13:00,0.419138232,0.352288794,0.40098743,0.297337849,0.384935986
2024/8/21 14:00,0.365986308,0.369504459,0.412995905,0.307690356,0.383702973
2024/8/21 15:00,0.352882122,0.416172515,0.428804364,0.342493261,0.400696599
2024/8/21 16:00,0.406864059,0.497296429,0.447624117,0.40896718,0.448419072
2024/8/21 17:00,0.491208075,0.560532684,0.460659506,0.462383313,0.496532737
2024/8/21 18:00,0.519884636,0.57886516,0.466437927,0.467797335,0.511881333
2024/8/21 19:00,0.518761554,0.57459251,0.4631305,0.461355099,0.509163344
2024/8/21 20:00,0.515684546,0.568423636,0.457327839,0.455487826,0.50465062
2024/8/21 21:00,0.512673662,0.571526802,0.453992168,0.451395384,0.503931788
2024/8/21 22:00,0.515744519,0.570761691,0.449318362,0.440892639,0.504698908
2024/8/21 23:00,0.51698254,0.575098085,0.442364959,0.437048223,0.505039539
2024/8/22 0:00,0.50906847,0.600326997,0.454350398,0.448258373,0.514881115
2024/8/22 1:00,0.503877991,0.609801824,0.464770333,0.450031935,0.522882849
2024/8/22 2:00,0.505700874,0.587487802,0.469777398,0.43882102,0.518982922
2024/8/22 3:00,0.506162586,0.573884293,0.467479424,0.451746887,0.515082337
2024/8/22 4:00,0.508943483,0.569863301,0.464591247,0.453486104,0.514048256
2024/8/22 5:00,0.50706555,0.567103442,0.467993977,0.451134065,0.513438733
2024/8/22 6:00,0.480233513,0.53355303,0.466605232,0.423360856,0.492828997
2024/8/22 7:00,0.398674298,0.477226851,0.457466179,0.371250619,0.44474064
2024/8/22 8:00,0.33476413,0.42662921,0.441112087,0.322802038,0.401362268
2024/8/22 9:00,0.295934571,0.386087739,0.424031646,0.280815404,0.36930539
2024/8/22 10:00,0.274026718,0.350665188,0.414467894,0.2536962,0.347481967
2024/8/22 11:00,0.265408818,0.338124373,0.408755811,0.24780301,0.338880064
2024/8/22 12:00,0.26627986,0.352975766,0.415702511,0.262844325,0.347183859
2024/8/22 13:00,0.284345714,0.374664211,0.421665282,0.285926198,0.36341461
2024/8/22 14:00,0.300039411,0.4006873,0.432102554,0.308321575,0.381425527
2024/8/22 15:00,0.334745165,0.436910931,0.439547775,0.336849304,0.407043818
2024/8/22 16:00,0.387753814,0.47811067,0.450613577,0.376213877,0.439566156
2024/8/22 17:00,0.46951793,0.529617484,0.462310834,0.408272522,0.48228331
2024/8/22 18:00,0.523505559,0.520781937,0.4615669,0.407958637,0.494697433
2024/8/22 19:00,0.523138468,0.541170393,0.471035859,0.418756938,0.504532189
2024/8/22 20:00,0.523246551,0.581744234,0.478326725,0.443792135,0.519950345
2024/8/22 21:00,0.522960298,0.616032056,0.475610543,0.462665101,0.529617558
2024/8/22 22:00,0.522926615,0.623285384,0.469091457,0.458157248,0.53085527
2024/8/22 23:00,0.525437289,0.626452038,0.461370579,0.450920871,0.530709634
2024/8/23 0:00,0.528763809,0.645088626,0.465596586,0.448325904,0.540573249
2024/8/23 1:00,0.526672006,0.656971001,0.476656776,0.480107125,0.54996607
2024/8/23 2:00,0.520054597,0.655654534,0.475955172,0.473003169,0.550155016
2024/8/23 3:00,0.509492828,0.648221238,0.472083933,0.462631299,0.545033632
2024/8/23 4:00,0.502608858,0.637265598,0.472139935,0.461977193,0.540552997
2024/8/23 5:00,0.501533369,0.622149383,0.465386371,0.454829429,0.534220993
2024/8/23 6:00,0.482550805,0.582420301,0.47046853,0.42265541,0.515500424
2024/8/23 7:00,0.388955373,0.535106528,0.471821332,0.377387234,0.467031338
2024/8/23 8:00,0.354585645,0.477287047,0.461731955,0.34708882,0.432031816
2024/8/23 9:00,0.29443057,0.424062201,0.440384698,0.314737142,0.386763701
2024/8/23 10:00,0.275301294,0.394183284,0.432989476,0.29634475,0.368939806
2024/8/23 11:00,0.278782513,0.371410608,0.425232224,0.288742815,0.361171267
2024/8/23 12:00,0.280098252,0.377115162,0.427354083,0.306479596,0.365832442
2024/8/23 13:00,0.284957486,0.401589604,0.440242586,0.33316263,0.380906998
2024/8/23 14:00,0.304158162,0.431283722,0.451097326,0.3587461,0.401120483
2024/8/23 15:00,0.33185152,0.452649826,0.450464261,0.372435537,0.41644461
2024/8/23 16:00,0.386383372,0.515282955,0.459530487,0.423819475,0.455308672
2024/8/23 17:00,0.470042128,0.566107504,0.464684844,0.466820277,0.497553601
2024/8/23 18:00,0.510410933,0.579224134,0.463237172,0.443507686,0.511544571
2024/8/23 19:00,0.513588888,0.571799573,0.462144338,0.426372681,0.509750863
2024/8/23 20:00,0.513473361,0.58516423,0.460257298,0.434875563,0.513317948
2024/8/23 21:00,0.513397695,0.603270661,0.457129808,0.443652906,0.518328089
2024/8/23 22:00,0.512096054,0.602781855,0.450585657,0.435821741,0.516806211
2024/8/23 23:00,0.509176944,0.594722143,0.448062713,0.425429418,0.512237989
2024/8/24 0:00,0.505742915,0.596500332,0.461646971,0.433066746,0.515959931
2024/8/24 1:00,0.506497904,0.603313906,0.480340661,0.455620041,0.524991637
2024/8/24 2:00,0.50779653,0.597045022,0.485944554,0.452691806,0.526033007
2024/8/24 3:00,0.509290931,0.601755286,0.485273691,0.454334836,0.52888156
2024/8/24 4:00,0.508335295,0.609823284,0.480946398,0.466933179,0.530807407
2024/8/24 5:00,0.508174609,0.603402943,0.479387409,0.472764126,0.528602793
2024/8/24 6:00,0.47665894,0.575120831,0.48321777,0.450452725,0.511681184
2024/8/24 7:00,0.392866929,0.500597646,0.483141549,0.383551951,0.460423586
2024/8/24 8:00,0.340871227,0.446671849,0.475056017,0.341588594,0.423118286
2024/8/24 9:00,0.306490845,0.41937493,0.468401933,0.323533461,0.400766167
2024/8/24 10:00,0.28031075,0.377307201,0.458352773,0.291747248,0.373093403
2024/8/24 11:00,0.268793569,0.366033912,0.455983427,0.285001501,0.363701511
2024/8/24 12:00,0.277033684,0.364830822,0.454462019,0.29048447,0.367190217
2024/8/24 13:00,0.390763502,0.392781426,0.454900535,0.327109305,0.41327928
2024/8/24 14:00,0.41907328,0.448419352,0.4715847,0.375432137,0.446891057
2024/8/24 15:00,0.335559237,0.502952225,0.490101589,0.404771913,0.440056641
2024/8/24 16:00,0.451070567,0.580018508,0.499888177,0.456092061,0.509376831
2024/8/24 17:00,0.50907234,0.607029626,0.504841483,0.475005742,0.536500175
2024/8/24 18:00,0.524254702,0.591871219,0.502529295,0.459137009,0.5347742
2024/8/24 19:00,0.524467908,0.561283193,0.497663624,0.432907496,0.523327024
2024/8/24 20:00,0.524395675,0.572707949,0.499637808,0.437740569,0.527767852
2024/8/24 21:00,0.524229085,0.596243633,0.500592156,0.452532751,0.536087707
2024/8/24 22:00,0.517191076,0.607563671,0.497067666,0.449487472,0.536179865
2024/8/24 23:00,0.504087337,0.608636461,0.497184004,0.440436777,0.532042687
2024/8/25 0:00,0.484294283,0.607672719,0.492735499,0.421736701,0.523023265
2024/8/25 1:00,0.475440387,0.588232213,0.486915653,0.405242541,0.511489357
2024/8/25 2:00,0.472566692,0.584141317,0.481735387,0.399136925,0.507724164
2024/8/25 3:00,0.473607211,0.593679007,0.479467556,0.401362531,0.511352695
2024/8/25 4:00,0.473625355,0.620746351,0.471679191,0.416136025,0.518916567
2024/8/25 5:00,0.47404335,0.606683984,0.471068378,0.432437366,0.51479954
2024/8/25 6:00,0.443039926,0.580920896,0.473363764,0.437362323,0.498831174
2024/8/25 7:00,0.359758203,0.497845075,0.482169307,0.372627073,0.447229954
2024/8/25 8:00,0.300315559,0.429602998,0.478996122,0.322587853,0.40408173
2024/8/25 9:00,0.26676537,0.386814465,0.467705689,0.301554627,0.374919405
2024/8/25 10:00,0.246355091,0.357094199,0.457587258,0.281177463,0.353785197
2024/8/25 11:00,0.241794671,0.351729618,0.454033587,0.280150429,0.348604908
2024/8/25 12:00,0.251267671,0.360013567,0.458614362,0.294408745,0.356950881
2024/8/25 13:00,0.258619961,0.366745049,0.458184971,0.302239504,0.362165184
2024/8/25 14:00,0.277617726,0.369730403,0.458945634,0.315078892,0.371252426
2024/8/25 15:00,0.326385165,0.403981571,0.462522598,0.347477836,0.400177923
2024/8/25 16:00,0.383712113,0.478267396,0.480760178,0.407491554,0.449173842
2024/8/25 17:00,0.462803746,0.549271956,0.494118762,0.466125637,0.500706689
2024/8/25 18:00,0.513308433,0.552351513,0.495131451,0.438778191,0.515851361
2024/8/25 19:00,0.518891398,0.563477516,0.49922181,0.444036876,0.522600192
2024/8/25 20:00,0.524765743,0.571733329,0.501951534,0.452803548,0.528080764
2024/8/25 21:00,0.524553951,0.579596872,0.501787001,0.456945685,0.530572639
2024/8/25 22:00,0.524708795,0.600239807,0.503270687,0.466341819,0.53798143
2024/8/25 23:00,0.524513717,0.617427095,0.502731205,0.471111345,0.544247029
2024/8/26 0:00,0.523693601,0.609944975,0.495472143,0.457743711,0.539195231
2024/8/26 1:00,0.515064741,0.633618044,0.48728124,0.467149733,0.542858243
2024/8/26 2:00,0.507598795,0.642847955,0.477357863,0.468138634,0.543878009
2024/8/26 3:00,0.503318346,0.631389953,0.468283716,0.45894292,0.538081321
2024/8/26 4:00,0.505622216,0.622337679,0.462410857,0.451621874,0.534507784
2024/8/26 5:00,0.505273705,0.617867818,0.460966342,0.448835347,0.53251743
2024/8/26 6:00,0.498363759,0.597996033,0.465007056,0.434346333,0.524427129
2024/8/26 7:00,0.43808476,0.527575796,0.470472732,0.380789011,0.481589828
2024/8/26 8:00,0.344121365,0.440750128,0.456783025,0.32616754,0.415203716
2024/8/26 9:00,0.296756557,0.40436538,0.437964281,0.329732057,0.382086076
2024/8/26 10:00,0.277185294,0.37890027,0.430387698,0.30891268,0.364604686
2024/8/26 11:00,0.272716339,0.37193822,0.427496901,0.30647056,0.360016301
2024/8/26 12:00,0.280744939,0.391441707,0.435604415,0.32371223,0.373295056
2024/8/26 13:00,0.291913961,0.411128682,0.44188962,0.348008848,0.386150921
2024/8/26 14:00,0.310947909,0.435171332,0.445597117,0.355905966,0.399406583
2024/8/26 15:00,0.340436198,0.45501365,0.446051439,0.374315839,0.414706161
2024/8/26 16:00,0.3865149,0.491290925,0.457460384,0.413344749,0.445300263
2024/8/26 17:00,0.455552282,0.560590721,0.471699994,0.476710336,0.492882926
2024/8/26 18:00,0.520271869,0.56776827,0.467858252,0.437846893,0.511068704
2024/8/26 19:00,0.52435453,0.569912351,0.464627356,0.439708027,0.512108943
2024/8/26 20:00,0.523858021,0.572936693,0.463271323,0.439425166,0.512987084
2024/8/26 21:00,0.524465616,0.574082958,0.458736086,0.437752801,0.511833976
2024/8/26 22:00,0.524519037,0.587727868,0.45601358,0.439676206,0.515867779
2024/8/26 23:00,0.526891548,0.613963361,0.450320779,0.457890921,0.524983885
2024/8/27 0:00,0.517340876,0.63848524,0.453061764,0.504535889,0.534382855
2024/8/27 1:00,0.510928321,0.652302977,0.467270616,0.513731673,0.543460383
2024/8/27 2:00,0.510554741,0.655388406,0.466624425,0.514171635,0.54720504
2024/8/27 3:00,0.505290131,0.655974904,0.46812868,0.510877568,0.547124343
2024/8/27 4:00,0.503082416,0.646929582,0.466795676,0.505824469,0.542970426
2024/8/27 5:00,0.503127605,0.64548895,0.462132035,0.504190042,0.54206081
2024/8/27 6:00,0.485203108,0.614162006,0.464214364,0.479373158,0.525184938
2024/8/27 7:00,0.417533805,0.530515673,0.463518405,0.415212233,0.473536491
2024/8/27 8:00,0.353285384,0.451543385,0.446579567,0.36662955,0.418366541
2024/8/27 9:00,0.304126803,0.413641016,0.427282411,0.353132445,0.383565181
2024/8/27 10:00,0.285775362,0.3760375,0.4159215,0.321870628,0.363200692
2024/8/27 11:00,0.274682216,0.36561611,0.414021797,0.302723962,0.355202794
2024/8/27 12:00,0.280130437,0.384819048,0.421911408,0.320614838,0.367151304
2024/8/27 13:00,0.290890082,0.396310308,0.425747756,0.340573146,0.376909774
2024/8/27 14:00,0.309317043,0.410844847,0.429495012,0.338741543,0.388461283
2024/8/27 15:00,0.345569402,0.443581978,0.43875791,0.366376128,0.413392819
2024/8/27 16:00,0.401280064,0.490898294,0.45502864,0.382307285,0.449679533
2024/8/27 17:00,0.478882607,0.550071729,0.472907245,0.440349129,0.495391294
2024/8/27 18:00,0.523156367,0.549078397,0.475731057,0.43251014,0.508066142
2024/8/27 19:00,0.523768925,0.554535891,0.475705398,0.436809372,0.510017569
2024/8/27 20:00,0.524018789,0.568396594,0.467759574,0.445335713,0.510629202
2024/8/27 21:00,0.524426888,0.587237637,0.46276757,0.462567867,0.514845492
2024/8/27 22:00,0.524588528,0.614319119,0.462600346,0.494550433,0.52480544
2024/8/27 23:00,0.526377534,0.635578177,0.463508231,0.511850455,0.533112047
2024/8/28 0:00,0.517554294,0.629582942,0.46642331,0.494815644,0.530640751
2024/8/28 1:00,0.507338202,0.637097261,0.478384595,0.491616259,0.534984534
2024/8/28 2:00,0.502235823,0.650830273,0.473075748,0.497817894,0.539058302
2024/8/28 3:00,0.501286012,0.646770359,0.468778561,0.492859478,0.537780716
2024/8/28 4:00,0.501065206,0.634251611,0.467838619,0.484295424,0.534068198
2024/8/28 5:00,0.500303267,0.620343839,0.47181719,0.478430646,0.531491961
2024/8/28 6:00,0.463682494,0.586612225,0.47299848,0.46206498,0.509303547
2024/8/28 7:00,0.396091465,0.512465963,0.466284336,0.424071771,0.460597144
2024/8/28 8:00,0.348225345,0.44342417,0.450564569,0.377233567,0.415957043
2024/8/28 9:00,0.298594088,0.404499406,0.429022779,0.357252457,0.379928248
2024/8/28 10:00,0.283115251,0.367798279,0.418860343,0.329176829,0.359642261
2024/8/28 11:00,0.282923792,0.354071779,0.413950702,0.31937052,0.353786575
2024/8/28 12:00,0.28498664,0.375032488,0.428715511,0.337042825,0.367626845
2024/8/28 13:00,0.301135026,0.383215988,0.43328882,0.334172561,0.378031442
2024/8/28 14:00,0.315010829,0.40498187,0.440525607,0.354218476,0.392461651
2024/8/28 15:00,0.347743864,0.448194334,0.4532538,0.38194246,0.420739505
2024/8/28 16:00,0.402903589,0.49387301,0.466241639,0.420358153,0.456057846
2024/8/28 17:00,0.480962121,0.547207039,0.476735027,0.454515664,0.498243126
2024/8/28 18:00,0.523795054,0.532096046,0.473741025,0.409613302,0.503138782
2024/8/28 19:00,0.524677504,0.54667525,0.476356776,0.39652478,0.508623117
2024/8/28 20:00,0.525140667,0.587594097,0.482897962,0.420566938,0.524042099
2024/8/28 21:00,0.52489367,0.602942123,0.472653689,0.458247111,0.526454624
2024/8/28 22:00,0.52508074,0.617288716,0.463735182,0.466291539,0.528826733
2024/8/28 23:00,0.518229193,0.631785021,0.457367585,0.468439744,0.529846709
2024/8/29 0:00,0.51145164,0.644476271,0.463371176,0.500833622,0.535774159
2024/8/29 1:00,0.508569083,0.658716657,0.482883888,0.522202254,0.548412614
2024/8/29 2:00,0.515125792,0.681213553,0.482573477,0.538693779,0.563544842
2024/8/29 3:00,0.516630362,0.690770694,0.478216326,0.544241676,0.568926985
2024/8/29 4:00,0.507673977,0.693696867,0.476090107,0.542256105,0.566982062
2024/8/29 5:00,0.498950805,0.684605697,0.473195506,0.532104348,0.559752015
2024/8/29 6:00,0.465597771,0.654606229,0.477643582,0.506091611,0.54024954
2024/8/29 7:00,0.382346113,0.572542109,0.486326783,0.467294015,0.487666673
2024/8/29 8:00,0.323113512,0.503805206,0.470644092,0.419200408,0.43669478
2024/8/29 9:00,0.294601982,0.4618201,0.449675612,0.383849013,0.406866839
2024/8/29 10:00,0.273452538,0.44227261,0.448359004,0.379171641,0.392198699
2024/8/29 11:00,0.272280612,0.424526177,0.445539307,0.363569992,0.385736039
2024/8/29 12:00,0.279445095,0.431478226,0.455867123,0.374846933,0.394859383
2024/8/29 13:00,0.294244291,0.430191484,0.45780931,0.389592228,0.40113383
2024/8/29 14:00,0.318596362,0.444523866,0.457472061,0.409359616,0.413588346
2024/8/29 15:00,0.351740069,0.462956372,0.458105391,0.392978701,0.428633112
2024/8/29 16:00,0.399825128,0.493540801,0.462912471,0.419206558,0.45384702
2024/8/29 17:00,0.488998675,0.563839636,0.477919005,0.481939254,0.507912131
2024/8/29 18:00,0.523867291,0.584369571,0.482216882,0.492229865,0.525172299
2024/8/29 19:00,0.526478848,0.575771686,0.474892583,0.478951708,0.520033383
2024/8/29 20:00,0.530530338,0.575998544,0.469426528,0.460493405,0.518939607
2024/8/29 21:00,0.528841103,0.572021674,0.460518191,0.453212157,0.51391376
2024/8/29 22:00,0.525626667,0.601379026,0.460768483,0.468637022,0.523576651
2024/8/29 23:00,0.52123627,0.616745611,0.456763844,0.473055036,0.526512315
2024/8/30 0:00,0.511442505,0.637170163,0.460792907,0.469526481,0.533673486
2024/8/30 1:00,0.510026022,0.65838243,0.483454863,0.498871966,0.550234356
2024/8/30 2:00,0.50196669,0.653825004,0.483937707,0.495142464,0.54965647
2024/8/30 3:00,0.497578308,0.636963207,0.482602879,0.49684667,0.542717558
2024/8/30 4:00,0.494725199,0.626121928,0.481681429,0.527889855,0.538826475
2024/8/30 5:00,0.49421811,0.62234935,0.480166292,0.525146351,0.537914196
2024/8/30 6:00,0.463983424,0.609888204,0.486758199,0.51627605,0.526600422
2024/8/30 7:00,0.380234855,0.531880698,0.489857656,0.460142877,0.472701124
2024/8/30 8:00,0.321740007,0.459824072,0.465843755,0.403516102,0.419199746
2024/8/30 9:00,0.289520221,0.41937783,0.441027004,0.338410899,0.386124131
2024/8/30 10:00,0.274529822,0.393555798,0.433363848,0.322424055,0.369754076
2024/8/30 11:00,0.273258322,0.388779354,0.433235567,0.308746522,0.367144405
2024/8/30 12:00,0.275856875,0.398791213,0.443831172,0.32085773,0.376245151
2024/8/30 13:00,0.290559076,0.412994675,0.450115196,0.337275641,0.38861521
2024/8/30 14:00,0.314054127,0.436358762,0.455912545,0.361436042,0.406795006
2024/8/30 15:00,0.348037565,0.461949672,0.458959468,0.385507824,0.42695088
2024/8/30 16:00,0.398905482,0.513099675,0.466359058,0.42680362,0.461932993
2024/8/30 17:00,0.470393614,0.576209223,0.475709211,0.47318401,0.506157008
2024/8/30 18:00,0.523251484,0.589554262,0.473698099,0.460255989,0.523030366
2024/8/30 19:00,0.524083586,0.591252828,0.472354767,0.459791506,0.523291145
2024/8/30 20:00,0.521752015,0.589324782,0.469162885,0.455817131,0.520737913
2024/8/30 21:00,0.51458494,0.572628287,0.463134963,0.437161494,0.510900564
2024/8/30 22:00,0.513821698,0.604125724,0.461277533,0.452802484,0.521335524
2024/8/30 23:00,0.513680381,0.629360166,0.46638509,0.476506815,0.531296875
2024/8/31 0:00,0.513529498,0.610332457,0.476000676,0.496583708,0.52942252
2024/8/31 1:00,0.513060647,0.633231686,0.49866726,0.525065057,0.546331797
2024/8/31 2:00,0.513162049,0.672525343,0.505928084,0.553862306,0.564931979
2024/8/31 3:00,0.514283695,0.700789041,0.498425685,0.570674964,0.574537159
2024/8/31 4:00,0.509529181,0.684480356,0.493069819,0.55743624,0.566493442
2024/8/31 5:00,0.503566699,0.66910337,0.491910893,0.546676207,0.559422501
2024/8/31 6:00,0.472467814,0.645087886,0.489979205,0.52402784,0.542428528
2024/8/31 7:00,0.380909542,0.534402953,0.495710194,0.463240867,0.476823441
2024/8/31 8:00,0.348203258,0.440369013,0.496095696,0.393463933,0.430535757
2024/8/31 9:00,0.311610612,0.397959619,0.489757631,0.355035479,0.398259489
2024/8/31 10:00,0.279464444,0.359811931,0.477698479,0.32157794,0.367702664
2024/8/31 11:00,0.267117666,0.36473507,0.475609172,0.323788514,0.365442002
2024/8/31 12:00,0.27161672,0.379245796,0.47752973,0.337711932,0.373576027
2024/8/31 13:00,0.280088283,0.386387582,0.476185596,0.327488962,0.380492963
2024/8/31 14:00,0.29858652,0.402831675,0.476373805,0.341473982,0.39360361
2024/8/31 15:00,0.335501107,0.440860655,0.483165926,0.372578945,0.423910079
2024/8/31 16:00,0.392136189,0.504206327,0.491913247,0.421259362,0.465857347
2024/8/31 17:00,0.456301562,0.561655781,0.502153843,0.466516772,0.508105812
2024/8/31 18:00,0.517939895,0.572951423,0.511216155,0.457992632,0.532208603
2024/8/31 19:00,0.525723774,0.584599785,0.516732323,0.465718007,0.540566054
2024/8/31 20:00,0.526539695,0.583815691,0.512569865,0.464581967,0.539181952
2024/8/31 21:00,0.526894911,0.613105519,0.515350788,0.482696712,0.55067984
2024/8/31 22:00,0.527567582,0.62986314,0.511795156,0.487899807,0.555948337
2024/8/31 23:00,0.528139448,0.644559801,0.50758055,0.527683981,0.562469787
2024/9/1 0:00,0.522540595,0.64017377,0.499025641,0.540743248,0.557031001
2024/9/1 1:00,0.514061855,0.618093762,0.497772776,0.519941747,0.545552436
2024/9/1 2:00,0.507190653,0.611445365,0.493242331,0.510827504,0.539789489
2024/9/1 3:00,0.50431932,0.623768071,0.487456666,0.519160006,0.543710307
2024/9/1 4:00,0.504002545,0.613139948,0.486651856,0.511701773,0.540086769
2024/9/1 5:00,0.497667297,0.597921849,0.489272969,0.498379075,0.533327393
2024/9/1 6:00,0.485965598,0.569628712,0.501676885,0.475860837,0.522799672
2024/9/1 7:00,0.470325197,0.506977683,0.51002711,0.451385146,0.496789033
2024/9/1 8:00,0.427784319,0.444192677,0.50407094,0.40206201,0.456350044
2024/9/1 9:00,0.363519365,0.396322477,0.489050216,0.354297994,0.415074848
2024/9/1 10:00,0.288702033,0.365001435,0.477509794,0.317810868,0.377278645
2024/9/1 11:00,0.250214616,0.346262431,0.467817039,0.300249578,0.353265347
2024/9/1 12:00,0.242126606,0.350106866,0.468167527,0.291876972,0.352753847
2024/9/1 13:00,0.263739779,0.36561366,0.472558501,0.295747583,0.365854435
2024/9/1 14:00,0.286938805,0.38831763,0.47980591,0.319234723,0.385689722
2024/9/1 15:00,0.332715499,0.455342288,0.490339096,0.381265394,0.430043827
2024/9/1 16:00,0.37890508,0.550562297,0.509227719,0.460794421,0.480184676
2024/9/1 17:00,0.464699804,0.583253471,0.514187134,0.494474849,0.521989074
2024/9/1 18:00,0.52400629,0.603669147,0.520310053,0.49801221,0.54744885
2024/9/1 19:00,0.521074527,0.585995599,0.523693935,0.442073047,0.5410524
2024/9/1 20:00,0.513932722,0.558518284,0.517824491,0.417819949,0.527412774
2024/9/1 21:00,0.513412302,0.562843568,0.522819187,0.41485184,0.530559812
2024/9/1 22:00,0.50771963,0.583271522,0.526114331,0.423955699,0.537375584
2024/9/1 23:00,0.499880291,0.588103231,0.521192303,0.463807509,0.537070056
2024/9/2 0:00,0.496865433,0.604967486,0.514347692,0.515245487,0.541175734
2024/9/2 1:00,0.497187521,0.611111696,0.514033202,0.527875085,0.543814725
2024/9/2 2:00,0.496875053,0.632571049,0.504937234,0.526655166,0.550956011
2024/9/2 3:00,0.498077294,0.631243496,0.501780908,0.541907394,0.5530794
2024/9/2 4:00,0.497213279,0.628327476,0.498562064,0.538981865,0.552587855
2024/9/2 5:00,0.495052013,0.62435259,0.496070016,0.535343734,0.549900238
2024/9/2 6:00,0.464462919,0.598263928,0.49980254,0.510442805,0.530579937
2024/9/2 7:00,0.380641702,0.518393269,0.497527572,0.439105046,0.471847647
2024/9/2 8:00,0.355939485,0.452519764,0.473960288,0.390989556,0.432227753
2024/9/2 9:00,0.341351968,0.418220752,0.449932264,0.360088633,0.408541548
2024/9/2 10:00,0.278257433,0.389973634,0.443119016,0.331144326,0.373619596
2024/9/2 11:00,0.275248743,0.363882566,0.43545672,0.316697472,0.361061906
2024/9/2 12:00,0.274951991,0.380943079,0.442163799,0.334680127,0.369664348
2024/9/2 13:00,0.294479115,0.403551433,0.446818844,0.35203672,0.387215878
2024/9/2 14:00,0.317226026,0.429771387,0.450189012,0.379481963,0.405321034
2024/9/2 15:00,0.356557543,0.462194247,0.452126372,0.41031636,0.429280139
2024/9/2 16:00,0.41098203,0.498322452,0.453328515,0.41588819,0.456457688
2024/9/2 17:00,0.480226276,0.545744368,0.461937361,0.423885707,0.491858201
2024/9/2 18:00,0.522429157,0.537672626,0.462607099,0.423430184,0.50038652
2024/9/2 19:00,0.52471866,0.544220697,0.46366133,0.429912689,0.503994148
2024/9/2 20:00,0.525025495,0.583239234,0.469104236,0.457305497,0.519092751
2024/9/2 21:00,0.524816648,0.606151481,0.470323146,0.467822284,0.526607004
2024/9/2 22:00,0.524109542,0.630180575,0.467648508,0.517009095,0.535178454
2024/9/2 23:00,0.521123523,0.641779047,0.461888729,0.5449575,0.538773411
2024/9/3 0:00,0.521066023,0.662421615,0.468856805,0.558582745,0.551542943
2024/9/3 1:00,0.520300153,0.665009639,0.499254989,0.558262379,0.563455633
2024/9/3 2:00,0.520362094,0.671318361,0.507482386,0.557746728,0.572365612
2024/9/3 3:00,0.521387354,0.675480383,0.503766446,0.557110462,0.574835012
2024/9/3 4:00,0.512255407,0.663036703,0.498679772,0.546853557,0.566832635
2024/9/3 5:00,0.512871972,0.662750129,0.498034978,0.546787331,0.566890803
2024/9/3 6:00,0.490984967,0.638472302,0.498359952,0.545729216,0.550943623
2024/9/3 7:00,0.422043364,0.57506041,0.492218727,0.502512616,0.503187737
2024/9/3 8:00,0.335546153,0.486921657,0.470944191,0.42699661,0.433363139
2024/9/3 9:00,0.302578745,0.457752714,0.451864762,0.406103315,0.406948357
2024/9/3 10:00,0.289771915,0.433676946,0.438959283,0.383683235,0.391011791
2024/9/3 11:00,0.283624681,0.42818435,0.432606679,0.333755627,0.380859799
2024/9/3 12:00,0.284821304,0.406838621,0.426702557,0.330197015,0.376333457
2024/9/3 13:00,0.291693917,0.39255098,0.417222385,0.321852097,0.369558961
2024/9/3 14:00,0.315307722,0.386532934,0.413223801,0.321482028,0.373438524
2024/9/3 15:00,0.365637555,0.425569151,0.424072112,0.345349082,0.406065085
2024/9/3 16:00,0.485971165,0.472218652,0.436952632,0.38154505,0.45943137
2024/9/3 17:00,0.501091502,0.516163133,0.449928393,0.390517872,0.482323593
2024/9/3 18:00,0.521699205,0.506999034,0.44832531,0.379194702,0.484020367
2024/9/3 19:00,0.523584445,0.534328476,0.457069697,0.403093729,0.495676685
2024/9/3 20:00,0.523142657,0.56215397,0.467013221,0.429244257,0.507956275
2024/9/3 21:00,0.522836514,0.589079941,0.473884337,0.44174015,0.519733644
2024/9/3 22:00,0.522305376,0.602819334,0.474277173,0.505221677,0.52730367
2024/9/3 23:00,0.526509961,0.633788809,0.468376623,0.5411166,0.538338361
2024/9/4 0:00,0.527086254,0.653032568,0.471205085,0.579836609,0.548141919
2024/9/4 1:00,0.53018777,0.668487468,0.489360278,0.589382182,0.562619055
2024/9/4 2:00,0.535620907,0.680423369,0.498544001,0.59728056,0.574411503
2024/9/4 3:00,0.539821732,0.682975742,0.493849743,0.597888838,0.577168621
2024/9/4 4:00,0.533338625,0.680277675,0.492031668,0.596220221,0.575046969
2024/9/4 5:00,0.517607981,0.679503446,0.488695268,0.591516801,0.570300742
2024/9/4 6:00,0.481005656,0.659452719,0.487679687,0.567903218,0.551112342
2024/9/4 7:00,0.42641211,0.590346834,0.483835864,0.509512052,0.506573063
2024/9/4 8:00,0.388564285,0.508995501,0.466952422,0.449662891,0.457261107
2024/9/4 9:00,0.335162696,0.463265972,0.451835985,0.409949393,0.420465893
2024/9/4 10:00,0.318886637,0.436033825,0.448323551,0.394920206,0.407703415
2024/9/4 11:00,0.28541569,0.419097957,0.453736551,0.363771093,0.391914604
2024/9/4 12:00,0.285647193,0.430137462,0.465542756,0.376523426,0.401097605
2024/9/4 13:00,0.3162957,0.42759841,0.458099955,0.373668844,0.40840858
2024/9/4 14:00,0.331546353,0.417597914,0.449069032,0.362435763,0.40561915
2024/9/4 15:00,0.410737112,0.426521902,0.445175256,0.360403299,0.428993416
2024/9/4 16:00,0.467335925,0.456319083,0.45159099,0.356905885,0.455136251
2024/9/4 17:00,0.499138284,0.542371684,0.477289585,0.460384174,0.500981752
2024/9/4 18:00,0.509325848,0.55870517,0.480720733,0.37492913,0.508129347
2024/9/4 19:00,0.50869101,0.557641071,0.479750107,0.368194901,0.507043882
2024/9/4 20:00,0.508762453,0.568433606,0.483250513,0.447721466,0.51348272
2024/9/4 21:00,0.508933678,0.589115052,0.485365384,0.498202044,0.521801138
2024/9/4 22:00,0.497027433,0.61415742,0.485020262,0.525244704,0.527184
2024/9/4 23:00,0.491855793,0.651324667,0.485532345,0.55966447,0.539606318
2024/9/5 0:00,0.491608014,0.65262222,0.504228641,0.569709561,0.549575355
2024/9/5 1:00,0.492301577,0.660823873,0.523479245,0.574516576,0.563520494
2024/9/5 2:00,0.492184637,0.660535917,0.532107903,0.571604473,0.569537128
2024/9/5 3:00,0.492091721,0.657453633,0.525717784,0.56749842,0.56819852
2024/9/5 4:00,0.491277881,0.659740861,0.523200513,0.569966274,0.568326482
2024/9/5 5:00,0.490824028,0.658726856,0.521468332,0.568719174,0.568487341
2024/9/5 6:00,0.475965421,0.634712967,0.520153847,0.546439774,0.554765836
2024/9/5 7:00,0.431739882,0.581539111,0.509049092,0.503033645,0.516927191
2024/9/5 8:00,0.376834693,0.502667799,0.482064334,0.440137984,0.459847984
2024/9/5 9:00,0.336217798,0.468769889,0.459782535,0.407462819,0.428181578
2024/9/5 10:00,0.294966471,0.459018736,0.467778801,0.399827437,0.412891173
2024/9/5 11:00,0.28348203,0.439735838,0.465730991,0.385505259,0.402032566
2024/9/5 12:00,0.285404117,0.448480316,0.475554679,0.4007944,0.410573651
2024/9/5 13:00,0.340386076,0.451788604,0.467678758,0.403852535,0.427909918
2024/9/5 14:00,0.491027169,0.421706268,0.447990044,0.324607847,0.445964425
2024/9/5 15:00,0.494442499,0.439673045,0.453941719,0.312929832,0.456270672
2024/9/5 16:00,0.49507484,0.515800739,0.469696907,0.362729213,0.488514211
2024/9/5 17:00,0.496715688,0.571656604,0.485587691,0.447229257,0.513687711
2024/9/5 18:00,0.497577151,0.590648837,0.490874901,0.515233051,0.522940525
2024/9/5 19:00,0.495358709,0.604751904,0.495211616,0.526957005,0.52856549
2024/9/5 20:00,0.493587287,0.579317119,0.496565139,0.50749081,0.520326313
2024/9/5 21:00,0.494034953,0.587786776,0.499942873,0.513886779,0.524275797
2024/9/5 22:00,0.49403997,0.614182683,0.503615597,0.532868163,0.534933218
2024/9/5 23:00,0.494502688,0.653349695,0.498171307,0.564401814,0.547291495
2024/9/6 0:00,0.494630895,0.667836589,0.496792201,0.548178672,0.552301526
2024/9/6 1:00,0.495709421,0.671587309,0.511731877,0.534742336,0.56226896
2024/9/6 2:00,0.495845449,0.67481098,0.514071686,0.533780875,0.568840972
2024/9/6 3:00,0.495233414,0.676466845,0.509858006,0.555812164,0.57077382
2024/9/6 4:00,0.495647052,0.681839907,0.50801009,0.571302273,0.572680095
2024/9/6 5:00,0.491453251,0.67020406,0.504096154,0.563053269,0.567417964
2024/9/6 6:00,0.454502392,0.644301872,0.506602948,0.539776844,0.546606149
2024/9/6 7:00,0.392654899,0.569319759,0.50046914,0.475171922,0.496148912
2024/9/6 8:00,0.331131484,0.489807928,0.481687591,0.418022483,0.44014134
2024/9/6 9:00,0.289440222,0.431131423,0.456708159,0.388859464,0.401224446
2024/9/6 10:00,0.270871768,0.392940066,0.446528702,0.359555864,0.379616603
2024/9/6 11:00,0.259973981,0.385558416,0.447232745,0.353357748,0.372312508
2024/9/6 12:00,0.267804387,0.40749269,0.462081045,0.369814391,0.388676722
2024/9/6 13:00,0.28534916,0.413124271,0.464570198,0.325416362,0.394904118
2024/9/6 14:00,0.320687827,0.420379849,0.462341659,0.339179557,0.406896855
2024/9/6 15:00,0.4255434,0.433832809,0.45732174,0.32609092,0.439224765
2024/9/6 16:00,0.472933185,0.465025094,0.464135151,0.358022463,0.464423886
2024/9/6 17:00,0.499612988,0.540094373,0.489843168,0.434639182,0.505717001
2024/9/6 18:00,0.502708417,0.552667874,0.497332953,0.439798273,0.513509421
2024/9/6 19:00,0.504755314,0.569749198,0.503368846,0.456140643,0.521867253
2024/9/6 20:00,0.505969733,0.595682827,0.504049983,0.472486923,0.529307625
2024/9/6 21:00,0.50761298,0.606038336,0.500168289,0.476669277,0.53207156
2024/9/6 22:00,0.512119149,0.625493025,0.50013929,0.484683721,0.539774745
2024/9/6 23:00,0.51787832,0.64650164,0.497254187,0.513788406,0.548575343
2024/9/7 0:00,0.515521473,0.67435397,0.504098257,0.540622429,0.561614791
2024/9/7 1:00,0.512202778,0.672799009,0.523382235,0.562950195,0.569439168
2024/9/7 2:00,0.501343323,0.67599769,0.528286285,0.591233644,0.572897886
2024/9/7 3:00,0.495816251,0.678092696,0.524512123,0.591521452,0.572842297
2024/9/7 4:00,0.493194214,0.668062489,0.518880603,0.583877294,0.567691083
2024/9/7 5:00,0.492978686,0.656035582,0.516146196,0.5752242,0.563467236
2024/9/7 6:00,0.478183591,0.633767848,0.513654996,0.555869067,0.549920452
2024/9/7 7:00,0.453149373,0.57492713,0.514219887,0.508307008,0.521091468
2024/9/7 8:00,0.382430819,0.481373549,0.508539251,0.428734593,0.462396706
2024/9/7 9:00,0.370043286,0.471694449,0.503785186,0.423253827,0.454669026
2024/9/7 10:00,0.343992267,0.412188775,0.490374674,0.371697725,0.418591477
2024/9/7 11:00,0.321232753,0.41806446,0.494534735,0.38260794,0.415164842
2024/9/7 12:00,0.344125223,0.445776406,0.512143724,0.412810895,0.440690419
2024/9/7 13:00,0.326442434,0.4674885,0.519846401,0.42923857,0.440525844
2024/9/7 14:00,0.367648483,0.488303397,0.518470027,0.433555597,0.461627444
2024/9/7 15:00,0.423907911,0.495546107,0.513680044,0.414671054,0.479304455
2024/9/7 16:00,0.472624804,0.573532162,0.528037698,0.476813432,0.525911595
2024/9/7 17:00,0.520151802,0.608976599,0.534090863,0.506535051,0.554150045
2024/9/7 18:00,0.523837681,0.606842441,0.535624945,0.459816264,0.552667667
2024/9/7 19:00,0.523608848,0.609353111,0.53580879,0.444169512,0.55317003
2024/9/7 20:00,0.523525412,0.61054264,0.536317754,0.44995522,0.554415527
2024/9/7 21:00,0.523178091,0.589661912,0.530463806,0.44678721,0.545505756
2024/9/7 22:00,0.523171111,0.58773918,0.527888667,0.442822695,0.54393305
2024/9/7 23:00,0.522923473,0.609047539,0.527052268,0.506943786,0.552933354
2024/9/8 0:00,0.523657607,0.605725713,0.521308759,0.520308516,0.551421738
2024/9/8 1:00,0.522957016,0.594885582,0.518693371,0.509908534,0.546070939
2024/9/8 2:00,0.513837141,0.58338103,0.515160264,0.499669259,0.53780975
2024/9/8 3:00,0.507427546,0.601946069,0.508961222,0.512730271,0.542210104
2024/9/8 4:00,0.507820431,0.603179719,0.504073963,0.51018014,0.542055678
2024/9/8 5:00,0.508550613,0.592674271,0.502757012,0.503951548,0.537891678
2024/9/8 6:00,0.469153749,0.584810941,0.503442855,0.501164619,0.522639145
2024/9/8 7:00,0.379228371,0.524609218,0.509502732,0.456828822,0.474307473
2024/9/8 8:00,0.327859589,0.473142515,0.509565472,0.412965868,0.440407338
2024/9/8 9:00,0.28195164,0.408037345,0.499166819,0.358293544,0.396888129
2024/9/8 10:00,0.277180913,0.408580195,0.49661032,0.363208168,0.394761877
2024/9/8 11:00,0.304279148,0.417952531,0.496512856,0.376500791,0.410665373
2024/9/8 12:00,0.284704234,0.367619607,0.477733866,0.329755026,0.377171594
2024/9/8 13:00,0.288860616,0.363801471,0.472425635,0.334661533,0.375845037
2024/9/8 14:00,0.333966806,0.395224852,0.481884825,0.345332284,0.405127326
2024/9/8 15:00,0.354946,0.424486681,0.488565976,0.358730046,0.422046848
2024/9/8 16:00,0.491180439,0.477296253,0.493365368,0.403430989,0.484955175
2024/9/8 17:00,0.507199412,0.53389609,0.504889509,0.44716556,0.51319347
2024/9/8 18:00,0.522850195,0.563148984,0.518610864,0.443988994,0.531577861
2024/9/8 19:00,0.523218565,0.598761309,0.531081731,0.459347837,0.546993439
2024/9/8 20:00,0.522935982,0.616566435,0.53474693,0.471293506,0.554415744
2024/9/8 21:00,0.522714621,0.604499614,0.530524067,0.462305235,0.549244557
2024/9/8 22:00,0.522519381,0.592159656,0.525723951,0.451418871,0.543507097
2024/9/8 23:00,0.522860795,0.583928538,0.521870841,0.438908372,0.539267152
2024/9/9 0:00,0.524989968,0.615945143,0.522315623,0.46318463,0.550201733
2024/9/9 1:00,0.526888496,0.641936531,0.516205222,0.525288373,0.559842776
2024/9/9 2:00,0.526953543,0.622117133,0.505661017,0.521629679,0.552052761
2024/9/9 3:00,0.526405565,0.604701066,0.503268775,0.512279197,0.54592936
2024/9/9 4:00,0.527103395,0.602419708,0.502027404,0.511540977,0.546131057
2024/9/9 5:00,0.526402577,0.598589063,0.504521032,0.509806311,0.544990994
2024/9/9 6:00,0.506179868,0.58134211,0.50425955,0.493226842,0.532747492
2024/9/9 7:00,0.408006409,0.50913859,0.492747447,0.43611966,0.472048698
2024/9/9 8:00,0.351309145,0.432101726,0.462406059,0.381109235,0.416927977
2024/9/9 9:00,0.334116186,0.402213629,0.437837595,0.354661453,0.394166055
2024/9/9 10:00,0.311885224,0.44127325,0.452160406,0.340521242,0.402284969
2024/9/9 11:00,0.293577815,0.393957627,0.429173209,0.329440988,0.374785029
2024/9/9 12:00,0.287055117,0.409867512,0.436460798,0.36497186,0.382436861
2024/9/9 13:00,0.295112367,0.422756221,0.437401171,0.380296919,0.390084775
2024/9/9 14:00,0.315056772,0.444605292,0.440796513,0.394210278,0.403266147
2024/9/9 15:00,0.346606968,0.45605122,0.44179116,0.403509096,0.416900663
2024/9/9 16:00,0.391761637,0.4797521,0.444751204,0.424276305,0.43910848
2024/9/9 17:00,0.454793844,0.512405134,0.455467086,0.457065291,0.471963816
2024/9/9 18:00,0.520343105,0.531614443,0.464960106,0.48420325,0.499376182
2024/9/9 19:00,0.523321246,0.57511909,0.477116188,0.492342153,0.516406398
2024/9/9 20:00,0.523354418,0.561271997,0.475942585,0.474407401,0.513197774
2024/9/9 21:00,0.523162794,0.592708073,0.480018401,0.474152392,0.524340883
2024/9/9 22:00,0.523277366,0.629369003,0.480933974,0.492304066,0.537458587
2024/9/9 23:00,0.52444241,0.653942481,0.474575894,0.500432924,0.544703608
2024/9/10 0:00,0.526712964,0.670985705,0.480462196,0.498449342,0.55530207
2024/9/10 1:00,0.52626951,0.685508772,0.500987044,0.513801652,0.569240885
2024/9/10 2:00,0.526623099,0.689738985,0.506945123,0.532724959,0.577193196
2024/9/10 3:00,0.527114995,0.690646205,0.504204762,0.536383538,0.579788593
2024/9/10 4:00,0.526718952,0.692906401,0.502329017,0.539669474,0.581218865
2024/9/10 5:00,0.526653605,0.692107952,0.501524414,0.540109162,0.580734059
2024/9/10 6:00,0.495896443,0.677654882,0.497517085,0.533954968,0.565173239
2024/9/10 7:00,0.441694486,0.581246943,0.497036355,0.490140706,0.51271859
2024/9/10 8:00,0.362357642,0.508992342,0.483232573,0.430390528,0.454667483
2024/9/10 9:00,0.324451967,0.454373703,0.458465793,0.389320259,0.414776822
2024/9/10 10:00,0.304041806,0.407114181,0.441368774,0.349785379,0.386241329
2024/9/10 11:00,0.285637503,0.39458552,0.43733291,0.349070443,0.374188247
2024/9/10 12:00,0.28364112,0.414415842,0.446831883,0.365305958,0.384716893
2024/9/10 13:00,0.297299926,0.425741499,0.45036426,0.381542672,0.395475189
2024/9/10 14:00,0.316038331,0.439340968,0.452878314,0.401316161,0.407001474
2024/9/10 15:00,0.350570825,0.472934508,0.465636107,0.43559203,0.433032391
2024/9/10 16:00,0.39411141,0.49613623,0.47493139,0.4525009,0.457065012
2024/9/10 17:00,0.481516629,0.53350757,0.483167467,0.47894181,0.497505202
2024/9/10 18:00,0.521896229,0.530811143,0.484875235,0.422897457,0.507330145
2024/9/10 19:00,0.523522316,0.545316669,0.488766255,0.429397216,0.513743925
2024/9/10 20:00,0.523342585,0.585823723,0.494430174,0.454833323,0.527912853
2024/9/10 21:00,0.523334576,0.60547955,0.486670167,0.468914051,0.531046681
2024/9/10 22:00,0.523346488,0.620351176,0.47789285,0.472667356,0.534066588
2024/9/10 23:00,0.519412493,0.660483028,0.479479177,0.507848328,0.546444143
2024/9/11 0:00,0.517907729,0.649043455,0.489614736,0.540910279,0.54813793
2024/9/11 1:00,0.517826987,0.655945947,0.510921871,0.545904692,0.559419059
2024/9/11 2:00,0.517860573,0.684595065,0.518584211,0.563163223,0.575859578
2024/9/11 3:00,0.519841909,0.693735279,0.514425445,0.567469259,0.581550165
2024/9/11 4:00,0.519556296,0.691587715,0.512348376,0.568000838,0.58141426
2024/9/11 5:00,0.519958717,0.692005015,0.508005315,0.570789615,0.581570714
2024/9/11 6:00,0.491653886,0.660312493,0.511314575,0.569470226,0.560938391
2024/9/11 7:00,0.412007152,0.571494751,0.503091734,0.491477056,0.499623625
2024/9/11 8:00,0.357957074,0.488406491,0.48083712,0.429409422,0.443477411
2024/9/11 9:00,0.340851494,0.503697532,0.473510485,0.444189267,0.439843041
2024/9/11 10:00,0.320154117,0.468838042,0.464425375,0.412732286,0.419388695
2024/9/11 11:00,0.309449185,0.437892972,0.455971502,0.388027247,0.404101204
2024/9/11 12:00,0.307132967,0.432700671,0.457791074,0.385360043,0.403231426
2024/9/11 13:00,0.326929761,0.437412422,0.458628318,0.384426816,0.410703699
2024/9/11 14:00,0.344712998,0.448528162,0.467158515,0.396525335,0.422768035
2024/9/11 15:00,0.380266049,0.474576959,0.478366474,0.411028476,0.446860644
2024/9/11 16:00,0.438869444,0.511177516,0.485431292,0.41711514,0.477784768
2024/9/11 17:00,0.504320145,0.574783962,0.499464436,0.463164396,0.521249283
2024/9/11 18:00,0.545860897,0.557064023,0.492607605,0.440450578,0.524981425
2024/9/11 19:00,0.547951107,0.562031222,0.492360551,0.442411356,0.527143847
2024/9/11 20:00,0.548094762,0.589466991,0.498845831,0.474276102,0.538303001
2024/9/11 21:00,0.547717181,0.633239587,0.501096888,0.51996934,0.553160204
2024/9/11 22:00,0.54745188,0.6349049,0.490555054,0.50560888,0.55098072
2024/9/11 23:00,0.546894315,0.659569189,0.493363679,0.522300689,0.560219842
2024/9/12 0:00,0.547375217,0.677784518,0.503220077,0.54714304,0.572293711
2024/9/12 1:00,0.547466039,0.679430183,0.526190238,0.587395055,0.583708837
2024/9/12 2:00,0.547543692,0.680173684,0.532264686,0.60208638,0.589334613
2024/9/12 3:00,0.546684795,0.676993718,0.529120675,0.597960698,0.588709358
2024/9/12 4:00,0.549288643,0.677983416,0.52531717,0.600761677,0.589921787
2024/9/12 5:00,0.550472219,0.681376547,0.526044924,0.599706842,0.59147691
2024/9/12 6:00,0.52820689,0.664436079,0.5237244,0.58679001,0.577506775
2024/9/12 7:00,0.453316567,0.610170185,0.518448425,0.533925762,0.53084527
2024/9/12 8:00,0.399153856,0.564551775,0.506461304,0.493908299,0.489377059
2024/9/12 9:00,0.366994352,0.524425368,0.480618876,0.448655024,0.456924336
2024/9/12 10:00,0.33362628,0.494964149,0.476099505,0.429678492,0.434637279
2024/9/12 11:00,0.3280805,0.451022002,0.456047818,0.378894954,0.411586702
2024/9/12 12:00,0.380232475,0.487149405,0.467751617,0.41255614,0.446831958
2024/9/12 13:00,0.357591371,0.445343197,0.458484649,0.376480297,0.422202372
2024/9/12 14:00,0.467190369,0.458788448,0.457377462,0.399005138,0.459492051
2024/9/12 15:00,0.507502217,0.519239335,0.475436361,0.414804917,0.496318745
2024/9/12 16:00,0.48910935,0.540899601,0.485045997,0.455036426,0.501803763
2024/9/12 17:00,0.528687969,0.574768304,0.49533666,0.481901464,0.526993781
2024/9/12 18:00,0.55265505,0.56052735,0.490383315,0.424804659,0.526438744
2024/9/12 19:00,0.54186033,0.587033389,0.492877339,0.427710921,0.531746408
2024/9/12 20:00,0.528686298,0.608663515,0.494509316,0.473174758,0.534900795
2024/9/12 21:00,0.527067292,0.640232308,0.494429035,0.510145259,0.544276496
2024/9/12 22:00,0.526351139,0.64952143,0.492637225,0.523768131,0.549103882
2024/9/12 23:00,0.5308177,0.656889093,0.491084387,0.530842051,0.553611439
2024/9/13 0:00,0.526205545,0.674227947,0.494839055,0.541758197,0.560768591
2024/9/13 1:00,0.526664893,0.684558864,0.51963033,0.545208413,0.574378075
2024/9/13 2:00,0.525922282,0.688153705,0.528525477,0.547031538,0.582046646
2024/9/13 3:00,0.525722064,0.685733989,0.522046779,0.585514502,0.583065172
2024/9/13 4:00,0.525186484,0.680575971,0.514404328,0.590066271,0.5807103
2024/9/13 5:00,0.524938189,0.680032113,0.515257028,0.591995199,0.581313362
2024/9/13 6:00,0.500751317,0.660933543,0.517272558,0.571539378,0.566748429
2024/9/13 7:00,0.424633429,0.589775365,0.506659719,0.507152616,0.512596503
2024/9/13 8:00,0.362259514,0.513251838,0.482889978,0.445032028,0.454226808
2024/9/13 9:00,0.326304791,0.479285035,0.456105636,0.415098209,0.42161075
2024/9/13 10:00,0.302531612,0.440894771,0.445313674,0.392163659,0.399557232
2024/9/13 11:00,0.289572189,0.423215401,0.438912521,0.380273871,0.387517425
2024/9/13 12:00,0.290205506,0.427109845,0.444259793,0.38439583,0.392016594
2024/9/13 13:00,0.301523483,0.434688949,0.448676694,0.394991575,0.399010672
2024/9/13 14:00,0.317882107,0.445997255,0.450473546,0.409045155,0.40753549
2024/9/13 15:00,0.359941489,0.46259993,0.452271397,0.412155593,0.42604927
2024/9/13 16:00,0.507472415,0.467767594,0.45328276,0.41387464,0.471559613
2024/9/13 17:00,0.511009232,0.527479864,0.463813742,0.475141798,0.49529804
2024/9/13 18:00,0.528414063,0.542810204,0.465802225,0.484092375,0.505277381
2024/9/13 19:00,0.531040285,0.592886484,0.475459651,0.472328998,0.521835202
2024/9/13 20:00,0.52944036,0.629009904,0.482690082,0.493437042,0.532501773
2024/9/13 21:00,0.527076502,0.616869979,0.475064359,0.473028384,0.528143967
2024/9/13 22:00,0.526215803,0.613969969,0.471457854,0.455849763,0.52703519
2024/9/13 23:00,0.52528743,0.610708428,0.471113522,0.451820966,0.52707413
2024/9/14 0:00,0.515002024,0.6107267,0.488957568,0.467004361,0.532225789
2024/9/14 1:00,0.51460355,0.623931985,0.511854577,0.489889269,0.545607821
2024/9/14 2:00,0.514902658,0.663263185,0.515564334,0.513012297,0.561664767
2024/9/14 3:00,0.51520889,0.675249247,0.511347116,0.517956828,0.566493514
2024/9/14 4:00,0.52418,0.679117642,0.515927124,0.521545258,0.57230378
2024/9/14 5:00,0.524848911,0.665102746,0.515639092,0.512284057,0.565958935
2024/9/14 6:00,0.514046095,0.653491593,0.523658711,0.509190642,0.560837819
2024/9/14 7:00,0.453583028,0.557045538,0.519064083,0.481523765,0.509425348
2024/9/14 8:00,0.38299904,0.489963344,0.510321856,0.421114726,0.458284124
2024/9/14 9:00,0.365879935,0.44842383,0.4978854,0.387768571,0.434951132
2024/9/14 10:00,0.440979611,0.444699695,0.488894266,0.387357074,0.457433493
2024/9/14 11:00,0.514282975,0.430199493,0.481843159,0.402584875,0.466011802
2024/9/14 12:00,0.500802026,0.488979141,0.5014927,0.449566182,0.495354964
2024/9/14 13:00,0.432729956,0.526968743,0.505553831,0.46556521,0.491984695
2024/9/14 14:00,0.400927281,0.531659533,0.505807013,0.467919074,0.481736172
2024/9/14 15:00,0.397525229,0.575058617,0.515749536,0.494202374,0.491867042
2024/9/14 16:00,0.417134859,0.60410413,0.521903115,0.519653593,0.505881562
2024/9/14 17:00,0.507563239,0.610886989,0.522639723,0.535892199,0.541673339
2024/9/14 18:00,0.525259543,0.580197027,0.503868952,0.509933821,0.53262059
2024/9/14 19:00,0.525660402,0.572433059,0.507966099,0.464125826,0.531023963
2024/9/14 20:00,0.527104732,0.557671881,0.508913092,0.451326102,0.527273165
2024/9/14 21:00,0.527625928,0.558137305,0.514428608,0.446322259,0.529820971
2024/9/14 22:00,0.525454854,0.566426438,0.514840935,0.447535879,0.532097966
2024/9/14 23:00,0.515091562,0.564452873,0.514757339,0.436171104,0.527863505
2024/9/15 0:00,0.510633401,0.56832004,0.515834318,0.431321163,0.527632046
2024/9/15 1:00,0.50964404,0.589816503,0.51756088,0.438851451,0.533575742
2024/9/15 2:00,0.510132037,0.605280143,0.513464295,0.443746091,0.538067868
2024/9/15 3:00,0.50813116,0.617388232,0.506989376,0.46940863,0.542278353
2024/9/15 4:00,0.509117114,0.619712826,0.504438506,0.49481917,0.544209651
2024/9/15 5:00,0.511422591,0.622802512,0.50432043,0.500628585,0.546124393
2024/9/15 6:00,0.482251078,0.587520548,0.519544389,0.474162883,0.528836827
2024/9/15 7:00,0.388471085,0.485252376,0.522261943,0.406886945,0.463220418
2024/9/15 8:00,0.341061819,0.417403551,0.510639848,0.364664846,0.418495233
2024/9/15 9:00,0.314984009,0.3797496,0.500084986,0.332454375,0.392436669
2024/9/15 10:00,0.292521265,0.362506177,0.487124785,0.316949734,0.375801504
2024/9/15 11:00,0.279437856,0.35820266,0.482399235,0.31256336,0.368816827
2024/9/15 12:00,0.271320177,0.361232967,0.48271292,0.315379632,0.367720493
2024/9/15 13:00,0.286327175,0.383049713,0.487139809,0.337239201,0.382711714
2024/9/15 14:00,0.312414406,0.423101051,0.495228718,0.377625658,0.409078674
2024/9/15 15:00,0.353270788,0.479648611,0.507037216,0.42866129,0.446950992
2024/9/15 16:00,0.419366082,0.540527373,0.521981248,0.483121495,0.493631424
2024/9/15 17:00,0.493402293,0.567600061,0.536523143,0.482406604,0.530891708
2024/9/15 18:00,0.52352516,0.547561477,0.53771127,0.456310401,0.534211309
2024/9/15 19:00,0.523722134,0.551983933,0.53854319,0.457378688,0.535920904
2024/9/15 20:00,0.524292423,0.562360881,0.542092676,0.466148305,0.54062942
2024/9/15 21:00,0.524099326,0.578170089,0.544644019,0.480814067,0.546545587
2024/9/15 22:00,0.52513076,0.62876156,0.551581977,0.536645424,0.565665973
2024/9/15 23:00,0.528016552,0.664407372,0.546753245,0.573639932,0.577367014
2024/9/16 0:00,0.528190212,0.694837433,0.533480192,0.592529759,0.585435193
2024/9/16 1:00,0.530042026,0.695850973,0.520934165,0.587678285,0.584993783
2024/9/16 2:00,0.528548841,0.6743898,0.508148774,0.570000268,0.575384732
2024/9/16 3:00,0.526482463,0.665860757,0.505879427,0.566528873,0.572584909
2024/9/16 4:00,0.52602813,0.66517056,0.502331713,0.565880653,0.57232782
2024/9/16 5:00,0.527840525,0.663292715,0.501427266,0.565369129,0.571917331
2024/9/16 6:00,0.495061836,0.634085315,0.498751557,0.534193751,0.549540483
2024/9/16 7:00,0.415578172,0.543293752,0.498027179,0.458066593,0.488773159
2024/9/16 8:00,0.356492869,0.460004302,0.472034606,0.396366961,0.430821066
2024/9/16 9:00,0.322162346,0.435801863,0.45138039,0.378054778,0.404853726
2024/9/16 10:00,0.300085137,0.392144643,0.437233156,0.336846624,0.377268599
2024/9/16 11:00,0.296690116,0.383771693,0.433660202,0.326943745,0.372278738
2024/9/16 12:00,0.312070347,0.418997389,0.446189917,0.366775691,0.395135284
2024/9/16 13:00,0.306779605,0.429577456,0.454390308,0.381217148,0.399199373
2024/9/16 14:00,0.32177256,0.46315084,0.465558014,0.412215338,0.419952782
2024/9/16 15:00,0.365219664,0.512309785,0.475771855,0.44966401,0.453358753
2024/9/16 16:00,0.425428474,0.555534224,0.481548671,0.486628178,0.487333108
2024/9/16 17:00,0.496001811,0.61266978,0.490365064,0.532943855,0.525860977
2024/9/16 18:00,0.520977782,0.614046927,0.489055784,0.495495852,0.531471144
2024/9/16 19:00,0.522433619,0.628046698,0.488985848,0.50078008,0.53636888
2024/9/16 20:00,0.52387128,0.625572652,0.479851974,0.4995499,0.532861573
2024/9/16 21:00,0.525104551,0.634380976,0.472254647,0.502345056,0.533775446
2024/9/16 22:00,0.524540804,0.635410342,0.469410492,0.498404177,0.534600531
2024/9/16 23:00,0.527063383,0.640589466,0.46446131,0.497555213,0.53623235
2024/9/17 0:00,0.524234295,0.640978946,0.465028421,0.529668124,0.537780318
2024/9/17 1:00,0.525633939,0.638449862,0.485856998,0.530277457,0.54626419
2024/9/17 2:00,0.523660092,0.642817528,0.491926316,0.527723555,0.55239515
2024/9/17 3:00,0.524428308,0.676180413,0.487854809,0.544312188,0.563292041
2024/9/17 4:00,0.527109331,0.696100998,0.481785731,0.552952706,0.570512498
2024/9/17 5:00,0.523882212,0.685838132,0.477174807,0.545694914,0.566232383
2024/9/17 6:00,0.491478457,0.64730392,0.481468647,0.512818639,0.544813773
2024/9/17 7:00,0.414895565,0.5387993,0.488423534,0.43480722,0.484720456
2024/9/17 8:00,0.349759818,0.445323564,0.478037191,0.374226083,0.42483163
2024/9/17 9:00,0.310402539,0.392838747,0.4611042,0.336837254,0.387134608
2024/9/17 10:00,0.293690027,0.364925203,0.445531334,0.317135545,0.366961698
2024/9/17 11:00,0.286489644,0.353763208,0.438400982,0.305139989,0.358932359
2024/9/17 12:00,0.287839794,0.350438952,0.435917895,0.310014144,0.357808409
2024/9/17 13:00,0.294481587,0.380553463,0.458255944,0.336588002,0.378491152
2024/9/17 14:00,0.311572925,0.417694295,0.48227936,0.374518237,0.406444728
2024/9/17 15:00,0.34577148,0.462027798,0.496339158,0.414739523,0.43654531
2024/9/17 16:00,0.41250016,0.535529938,0.510616369,0.479082089,0.485923706
2024/9/17 17:00,0.493564374,0.609873591,0.523621737,0.54323315,0.538355211
2024/9/17 18:00,0.519082817,0.618280754,0.531696164,0.479593833,0.550095428
2024/9/17 19:00,0.518092486,0.616223052,0.531080041,0.4582128,0.548462904
2024/9/17 20:00,0.520807392,0.599652882,0.525669539,0.44682852,0.542477852
2024/9/17 21:00,0.520871874,0.594971605,0.522505371,0.442588308,0.540111073
2024/9/17 22:00,0.521113961,0.645642489,0.528612948,0.472075507,0.557051001
2024/9/17 23:00,0.524868995,0.665985725,0.524349419,0.474943675,0.564532897
2024/9/18 0:00,0.525838185,0.677743011,0.519427171,0.559310541,0.571815764
2024/9/18 1:00,0.527165231,0.697765723,0.512620595,0.581636839,0.577787725
2024/9/18 2:00,0.525577752,0.709154654,0.503580707,0.589149204,0.582207864
2024/9/18 3:00,0.525615372,0.695249551,0.495082237,0.578800408,0.577632668
2024/9/18 4:00,0.525317548,0.691926981,0.49694248,0.579382206,0.577350045
2024/9/18 5:00,0.526339345,0.688676932,0.489824238,0.578726387,0.576226166
2024/9/18 6:00,0.496624172,0.676201306,0.4859823,0.565045808,0.559780543
2024/9/18 7:00,0.46561951,0.597623106,0.491777711,0.508709397,0.52343542
2024/9/18 8:00,0.417158196,0.517019828,0.476517522,0.45210236,0.471967125
2024/9/18 9:00,0.36863456,0.486754642,0.446910004,0.421291003,0.434420947
2024/9/18 10:00,0.306505589,0.425678055,0.427911795,0.360861553,0.385948699
2024/9/18 11:00,0.298517287,0.400950076,0.419738354,0.356114673,0.373038981
2024/9/18 12:00,0.293583679,0.440312676,0.437950105,0.389397796,0.389971437
2024/9/18 13:00,0.32841348,0.453486208,0.442168595,0.402189807,0.411035331
2024/9/18 14:00,0.424306329,0.464057356,0.437626339,0.416427997,0.442235549
2024/9/18 15:00,0.465425709,0.482129461,0.439377388,0.439301514,0.459256941
2024/9/18 16:00,0.479196788,0.496448901,0.441494783,0.452211673,0.468368084
2024/9/18 17:00,0.507134821,0.516654541,0.4460083,0.472384891,0.483536536
2024/9/18 18:00,0.526105344,0.521545682,0.444995684,0.454766805,0.48973519
2024/9/18 19:00,0.52655183,0.530740058,0.452402711,0.421997209,0.495291312
2024/9/18 20:00,0.526049409,0.571022127,0.461999549,0.433489965,0.509502197
2024/9/18 21:00,0.52626387,0.575690138,0.460878095,0.429423289,0.511062818
2024/9/18 22:00,0.523990792,0.586012606,0.463627743,0.42753649,0.516068246
2024/9/18 23:00,0.525606918,0.62029366,0.461089833,0.485496377,0.528439414
2024/9/19 0:00,0.524990908,0.627296909,0.474240759,0.500335401,0.537194244
2024/9/19 1:00,0.52436453,0.645086153,0.49715414,0.506826891,0.552314323
2024/9/19 2:00,0.523885021,0.687363344,0.50633989,0.532900348,0.573219519
2024/9/19 3:00,0.525876231,0.701773826,0.505817966,0.603941126,0.583662356
2024/9/19 4:00,0.525338497,0.699592752,0.499327143,0.601720313,0.584902669
2024/9/19 5:00,0.524388687,0.693734863,0.500675717,0.599919832,0.583683175
2024/9/19 6:00,0.498075237,0.67106092,0.498285158,0.577644318,0.566183131
2024/9/19 7:00,0.41802499,0.57449903,0.496948279,0.494925918,0.501897897
2024/9/19 8:00,0.366393263,0.498368712,0.479229841,0.437128781,0.449957161
2024/9/19 9:00,0.327179918,0.484768142,0.462636349,0.426523464,0.4254709
2024/9/19 10:00,0.310777208,0.435130117,0.449608593,0.3847123,0.401817135
2024/9/19 11:00,0.288164263,0.420693358,0.448083337,0.372781077,0.388534354
2024/9/19 12:00,0.289681751,0.424645992,0.451091982,0.379679192,0.392785091
2024/9/19 13:00,0.309575241,0.425722436,0.452970885,0.392371198,0.401695159
2024/9/19 14:00,0.319404464,0.447751215,0.4695151,0.398608215,0.417148667
2024/9/19 15:00,0.35932319,0.479222298,0.476905105,0.428512404,0.443311746
2024/9/19 16:00,0.401051147,0.51162274,0.478056197,0.406205457,0.464952531
2024/9/19 17:00,0.483241385,0.569884609,0.485949348,0.442010142,0.509295783
2024/9/19 18:00,0.523514424,0.532390658,0.478318436,0.412175621,0.505945714
2024/9/19 19:00,0.523790726,0.552001505,0.481687291,0.425365414,0.513450264
2024/9/19 20:00,0.523458873,0.585795766,0.487527997,0.490800578,0.52686185
2024/9/19 21:00,0.52352788,0.639348884,0.490966694,0.531882817,0.544721118
2024/9/19 22:00,0.523698686,0.6606902,0.48653842,0.550046784,0.551563496
2024/9/19 23:00,0.527235446,0.687202144,0.476229938,0.603784837,0.559115381
2024/9/20 0:00,0.527245435,0.711171838,0.489113114,0.617662865,0.575407158
2024/9/20 1:00,0.524682542,0.710866932,0.509933696,0.612463069,0.584434005
2024/9/20 2:00,0.524851528,0.703133093,0.515748461,0.606024857,0.589480519
2024/9/20 3:00,0.528166415,0.702461088,0.510737076,0.606913616,0.590477491
2024/9/20 4:00,0.529934115,0.693389504,0.510077728,0.603913123,0.588269458
2024/9/20 5:00,0.528093953,0.696282708,0.505566457,0.603952541,0.587051564
2024/9/20 6:00,0.503891245,0.681286471,0.506660833,0.588687346,0.572425256
2024/9/20 7:00,0.419918297,0.598808901,0.500986337,0.516455571,0.511414469
2024/9/20 8:00,0.395414177,0.525196702,0.489157396,0.465303368,0.47308095
2024/9/20 9:00,0.358899914,0.480684058,0.470978953,0.419152245,0.440929305
2024/9/20 10:00,0.32000198,0.447325746,0.465376665,0.388560682,0.416052874
2024/9/20 11:00,0.291548986,0.425125018,0.464915309,0.36807573,0.397585989
2024/9/20 12:00,0.303809552,0.434329544,0.466769158,0.373642088,0.406168292
2024/9/20 13:00,0.329114633,0.432505994,0.461475337,0.380033419,0.412267931
2024/9/20 14:00,0.329849282,0.432305635,0.45689587,0.378309499,0.408931383
2024/9/20 15:00,0.474907281,0.489547558,0.465321944,0.375472028,0.473337116
2024/9/20 16:00,0.485304198,0.512149556,0.46745915,0.379059633,0.483281154
2024/9/20 17:00,0.503964506,0.556648185,0.48013445,0.441376932,0.507090205
2024/9/20 18:00,0.523402321,0.550478308,0.478863,0.41305826,0.510167532
2024/9/20 19:00,0.523137971,0.57854031,0.483846146,0.478987355,0.52167894
2024/9/20 20:00,0.523529615,0.595781004,0.489587457,0.54459197,0.530222413
2024/9/20 21:00,0.523384015,0.637988253,0.493884489,0.581199735,0.544824287
2024/9/20 22:00,0.523358486,0.654749223,0.493063524,0.588406281,0.551286559
2024/9/20 23:00,0.524857207,0.664723891,0.484509838,0.580468112,0.552835579
2024/9/21 0:00,0.526978012,0.67707912,0.497482709,0.584812051,0.564535155
2024/9/21 1:00,0.526472559,0.68162751,0.522364589,0.586433036,0.576366122
2024/9/21 2:00,0.525851746,0.695645943,0.532321179,0.596322827,0.587493219
2024/9/21 3:00,0.523850204,0.694147869,0.531315523,0.595034527,0.588399188
2024/9/21 4:00,0.523292809,0.690184053,0.522525452,0.5934794,0.585822787
2024/9/21 5:00,0.523698125,0.686553477,0.521699415,0.590736382,0.584749746
2024/9/21 6:00,0.509731009,0.676536432,0.519622016,0.581888896,0.574892953
2024/9/21 7:00,0.442608252,0.653361756,0.521895788,0.552247717,0.544192277
2024/9/21 8:00,0.373612452,0.616373375,0.533689252,0.531969614,0.509421725
2024/9/21 9:00,0.340928124,0.564364861,0.535386642,0.495673158,0.48282217
2024/9/21 10:00,0.339196532,0.537146465,0.535270198,0.481956089,0.476356147
2024/9/21 11:00,0.308088692,0.530456214,0.538864092,0.467050858,0.458901283
2024/9/21 12:00,0.311525793,0.565656221,0.543261673,0.487034127,0.471007167
2024/9/21 13:00,0.359158682,0.588554408,0.540846285,0.50366902,0.496715232
2024/9/21 14:00,0.402743312,0.588872688,0.541254923,0.509287228,0.512118564
2024/9/21 15:00,0.465072731,0.588337534,0.538798536,0.516278352,0.532524123
2024/9/21 16:00,0.501935316,0.579228332,0.535489301,0.515033431,0.540018799
2024/9/21 17:00,0.521388254,0.595256816,0.540404082,0.533584001,0.55270805
2024/9/21 18:00,0.522162727,0.574413344,0.537713914,0.482001468,0.543810896
2024/9/21 19:00,0.522021491,0.575532831,0.543938212,0.458323027,0.545756956
2024/9/21 20:00,0.522999266,0.613787204,0.559929984,0.474278191,0.56442225
2024/9/21 21:00,0.525336921,0.636658604,0.561860864,0.487076424,0.573182023
2024/9/21 22:00,0.529842609,0.647698499,0.562413811,0.493245918,0.577084706
2024/9/21 23:00,0.53068557,0.661466288,0.565287309,0.512006572,0.581192535
2024/9/22 0:00,0.527297423,0.646358785,0.5573556,0.556206588,0.573203327
2024/9/22 1:00,0.530035374,0.635416841,0.549956223,0.548981509,0.567691458
2024/9/22 2:00,0.528871097,0.593390178,0.538145195,0.531457124,0.551921229
2024/9/22 3:00,0.528775947,0.578243743,0.537771484,0.519623291,0.547329008
2024/9/22 4:00,0.525935072,0.579203342,0.547250475,0.520666422,0.550173394
2024/9/22 5:00,0.52742575,0.583008389,0.548618647,0.523664458,0.552355299
2024/9/22 6:00,0.523148099,0.572011706,0.546964687,0.513140667,0.546681099
2024/9/22 7:00,0.506885223,0.571983319,0.547220118,0.508541669,0.540548257
2024/9/22 8:00,0.438679844,0.53870537,0.542422069,0.474167869,0.504769248
2024/9/22 9:00,0.386687674,0.540852139,0.546629214,0.482097133,0.493444648
2024/9/22 10:00,0.483566826,0.566686754,0.539867376,0.508667095,0.533067558
2024/9/22 11:00,0.485430815,0.576755667,0.544506897,0.511814784,0.537073239
2024/9/22 12:00,0.458337368,0.522479808,0.518970109,0.468988002,0.502147794
2024/9/22 13:00,0.449139069,0.522937359,0.532245787,0.472541835,0.504187106
2024/9/22 14:00,0.447139193,0.523481609,0.532278005,0.480104141,0.503945235
2024/9/22 15:00,0.498427498,0.571236786,0.535071577,0.500061239,0.534883979
2024/9/22 16:00,0.526812632,0.587580727,0.527208931,0.488390215,0.543282723
2024/9/22 17:00,0.530414159,0.572692862,0.511644236,0.454392567,0.53356476
2024/9/22 18:00,0.530504956,0.550990708,0.509136429,0.427094496,0.52585673
2024/9/22 19:00,0.522607229,0.532988396,0.503634724,0.412382237,0.515797929
2024/9/22 20:00,0.52280944,0.55755123,0.502171244,0.42769165,0.522780096
2024/9/22 21:00,0.526595122,0.552314884,0.49716799,0.419626375,0.521220311
2024/9/22 22:00,0.527201974,0.563006684,0.495143636,0.425360648,0.524497917
2024/9/22 23:00,0.531793569,0.571778469,0.496963183,0.423034664,0.529790322
2024/9/23 0:00,0.530838649,0.554332725,0.500803783,0.401467298,0.525447198
2024/9/23 1:00,0.528535073,0.572897021,0.500345579,0.406054853,0.531671286
2024/9/23 2:00,0.532511181,0.606361433,0.491758995,0.422761809,0.543825327
2024/9/23 3:00,0.535262681,0.634680296,0.487128697,0.43868945,0.555669739
2024/9/23 4:00,0.531732206,0.640089623,0.475110309,0.462290979,0.556330763
2024/9/23 5:00,0.529422113,0.648176877,0.467897477,0.470028894,0.558201771
2024/9/23 6:00,0.516964497,0.671005307,0.475856239,0.475308158,0.562514916
2024/9/23 7:00,0.487219959,0.611532881,0.473033551,0.474580392,0.52854265
2024/9/23 8:00,0.425214104,0.51271724,0.465700612,0.445780516,0.468820236
2024/9/23 9:00,0.323561944,0.439199112,0.442565766,0.353832289,0.400373833
2024/9/23 10:00,0.316495299,0.450332876,0.447769445,0.359607167,0.40408711
2024/9/23 11:00,0.318858848,0.439684569,0.445693468,0.359108176,0.402854666
2024/9/23 12:00,0.286739779,0.403012298,0.440231846,0.334549252,0.378123109
2024/9/23 13:00,0.310489842,0.427795706,0.445689964,0.362251955,0.398490388
2024/9/23 14:00,0.313581574,0.441080058,0.444495306,0.366739253,0.401750469
2024/9/23 15:00,0.362158623,0.514616231,0.452145905,0.423666811,0.444323545
2024/9/23 16:00,0.439110678,0.562494723,0.453518218,0.462395627,0.484188252
2024/9/23 17:00,0.518421132,0.630364494,0.458330612,0.521657615,0.529549232
2024/9/23 18:00,0.532195068,0.639123585,0.460471729,0.500189513,0.535443095
2024/9/23 19:00,0.536868646,0.595967765,0.449283794,0.465789346,0.521807382
2024/9/23 20:00,0.536818355,0.626060892,0.453249845,0.48652047,0.530963247
2024/9/23 21:00,0.533770905,0.66586447,0.44690774,0.506267455,0.539947915
2024/9/23 22:00,0.530418857,0.677856284,0.438605354,0.484073015,0.541703912
2024/9/23 23:00,0.511664672,0.664880203,0.421559239,0.48589788,0.530413859
2024/9/24 0:00,0.507372716,0.644193281,0.443522205,0.5146441,0.530464721
2024/9/24 1:00,0.506793559,0.659943634,0.462394879,0.529908354,0.544590522
2024/9/24 2:00,0.506293338,0.684206912,0.459502749,0.535659538,0.558443439
2024/9/24 3:00,0.505144816,0.685266098,0.452358776,0.524959224,0.560503182
2024/9/24 4:00,0.507984958,0.700573933,0.452151224,0.53591638,0.569233395
2024/9/24 5:00,0.507546716,0.70214427,0.45336403,0.538378694,0.570780471
2024/9/24 6:00,0.490542596,0.69326209,0.462378445,0.551731937,0.563922043
2024/9/24 7:00,0.418737581,0.592922564,0.47248664,0.479496113,0.503993961
2024/9/24 8:00,0.333232398,0.529257496,0.467806686,0.425400859,0.442868065
2024/9/24 9:00,0.297057849,0.451732152,0.442734718,0.364880999,0.39912438
2024/9/24 10:00,0.278856179,0.415206505,0.438865488,0.342531297,0.379700541
2024/9/24 11:00,0.27966961,0.40338366,0.435029995,0.341313856,0.375389999
2024/9/24 12:00,0.285676625,0.423578639,0.437048723,0.358953851,0.387370219
2024/9/24 13:00,0.274472627,0.433618632,0.441251697,0.377207748,0.386957154
2024/9/24 14:00,0.301662031,0.44272977,0.441021886,0.393844012,0.398759639
2024/9/24 15:00,0.347882637,0.49730798,0.453620535,0.445598655,0.436924736
2024/9/24 16:00,0.454588242,0.564374908,0.462482567,0.486882314,0.493511528
2024/9/24 17:00,0.518737749,0.606060609,0.465667664,0.516445949,0.525573199
2024/9/24 18:00,0.527527801,0.613393278,0.466854373,0.470264493,0.529145118
2024/9/24 19:00,0.522716301,0.632451776,0.463542447,0.472430809,0.533415697
2024/9/24 20:00,0.524673093,0.653798792,0.459815653,0.487257705,0.538941013
2024/9/24 21:00,0.528947239,0.690505132,0.450835062,0.523139102,0.549204686
2024/9/24 22:00,0.53207003,0.697209577,0.437210279,0.560115468,0.552321906
2024/9/24 23:00,0.535393464,0.709693879,0.430463325,0.600058152,0.556933468
2024/9/25 0:00,0.53426171,0.723876804,0.451513122,0.606033342,0.569247923
2024/9/25 1:00,0.533101757,0.745034307,0.458905213,0.619775545,0.586219539
2024/9/25 2:00,0.534368507,0.740121494,0.464876714,0.618374974,0.592227961
2024/9/25 3:00,0.535991903,0.735274814,0.464903826,0.6172193,0.592547448
2024/9/25 4:00,0.534403679,0.715897032,0.458198535,0.603955263,0.584356747
2024/9/25 5:00,0.534418112,0.715161073,0.459686635,0.603700395,0.583852612
2024/9/25 6:00,0.511997761,0.69176164,0.466000948,0.583005646,0.568016735
2024/9/25 7:00,0.460096274,0.610401684,0.471737145,0.518903999,0.52141998
2024/9/25 8:00,0.33258025,0.527773723,0.472383559,0.446699909,0.440766199
2024/9/25 9:00,0.311756327,0.482780748,0.453711913,0.412785752,0.414733186
2024/9/25 10:00,0.288648302,0.408447139,0.440419654,0.351942875,0.378588938
2024/9/25 11:00,0.296770884,0.423686474,0.444213385,0.372640814,0.389073262
2024/9/25 12:00,0.300917436,0.450254014,0.448978473,0.384995365,0.403083687
2024/9/25 13:00,0.325983721,0.4665178,0.452309316,0.405637223,0.419503974
2024/9/25 14:00,0.325059461,0.49105403,0.460094234,0.414216225,0.427859468
2024/9/25 15:00,0.380706541,0.505043611,0.458898915,0.426610973,0.450885494
2024/9/25 16:00,0.446699932,0.542265512,0.461263295,0.455429672,0.482446393
2024/9/25 17:00,0.514578207,0.58960377,0.466120709,0.497720804,0.518667975
2024/9/25 18:00,0.53038404,0.563532419,0.461490061,0.485098249,0.513679613
2024/9/25 19:00,0.530329207,0.589087231,0.458375803,0.458344368,0.520098039
2024/9/25 20:00,0.530775533,0.620809022,0.458467941,0.477175413,0.530643819
2024/9/25 21:00,0.532589496,0.672510167,0.452562599,0.507095552,0.546524239
2024/9/25 22:00,0.533796853,0.679506633,0.444193883,0.50235713,0.549215519
2024/9/25 23:00,0.535477405,0.718027127,0.426238349,0.515998762,0.558154438
2024/9/26 0:00,0.532591812,0.733603127,0.439096268,0.547643326,0.571094884
2024/9/26 1:00,0.533417901,0.736467535,0.452789248,0.603537265,0.585487479
2024/9/26 2:00,0.532779122,0.727238932,0.450245677,0.59735222,0.589449506
2024/9/26 3:00,0.534935639,0.73579322,0.435630219,0.601571073,0.593781004
2024/9/26 4:00,0.535305519,0.736104237,0.428889439,0.60423956,0.593826162
2024/9/26 5:00,0.534631335,0.73328994,0.44103527,0.60147098,0.593855491
2024/9/26 6:00,0.508360365,0.728341801,0.449299385,0.611234092,0.581450993
2024/9/26 7:00,0.445515282,0.632921881,0.469730062,0.546515203,0.528170736
2024/9/26 8:00,0.383406738,0.512832307,0.471475691,0.453539834,0.45835847
2024/9/26 9:00,0.33260149,0.485908679,0.454168105,0.428544763,0.427051513
2024/9/26 10:00,0.294654386,0.432279605,0.443285516,0.383361111,0.390879844
2024/9/26 11:00,0.280019653,0.420731572,0.443886437,0.376193622,0.38118937
2024/9/26 12:00,0.28044536,0.402995425,0.442048767,0.361936104,0.374660641
2024/9/26 13:00,0.291194376,0.394100082,0.440668408,0.35767942,0.375120927
2024/9/26 14:00,0.311323525,0.404280113,0.440175698,0.350333742,0.385617474
2024/9/26 15:00,0.351586235,0.442475278,0.442516177,0.377436384,0.413550209
2024/9/26 16:00,0.422254805,0.509199822,0.450599674,0.428137636,0.460588528
2024/9/26 17:00,0.509774988,0.559543305,0.455626397,0.468677253,0.504909114
2024/9/26 18:00,0.528787208,0.540832574,0.454368013,0.443709325,0.504038769
2024/9/26 19:00,0.530604796,0.572721836,0.453443821,0.459759484,0.514521458
2024/9/26 20:00,0.533159775,0.586164415,0.452064591,0.465024796,0.518961601
2024/9/26 21:00,0.532413745,0.568685486,0.451129422,0.451744097,0.512352446
2024/9/26 22:00,0.532763373,0.582021046,0.452051994,0.45844962,0.518720499
2024/9/26 23:00,0.534341978,0.617507445,0.445677225,0.486962099,0.530125151
2024/9/27 0:00,0.533812662,0.628668316,0.465127532,0.488663595,0.540996815
2024/9/27 1:00,0.534240691,0.652679798,0.477227711,0.500641152,0.556150657
2024/9/27 2:00,0.535700226,0.670189332,0.480315417,0.510812612,0.567994227
2024/9/27 3:00,0.534238245,0.672201773,0.476940792,0.528497017,0.570673398
2024/9/27 4:00,0.535582565,0.663883781,0.480062586,0.567160924,0.570180898
2024/9/27 5:00,0.535171801,0.669184073,0.47994335,0.574030566,0.571629513
2024/9/27 6:00,0.520809833,0.674028536,0.481570247,0.573055823,0.566770693
2024/9/27 7:00,0.43930322,0.640279043,0.483731984,0.528803787,0.523848503
2024/9/27 8:00,0.389374865,0.578572224,0.479406834,0.478446692,0.479275724
2024/9/27 9:00,0.41389461,0.523689243,0.462584109,0.44995589,0.466820861
2024/9/27 10:00,0.410885515,0.478545424,0.458395265,0.421403711,0.450439687
2024/9/27 11:00,0.426048933,0.458412706,0.45338381,0.410378864,0.446081493
2024/9/27 12:00,0.363082162,0.473905648,0.456470242,0.414882274,0.431791461
2024/9/27 13:00,0.359925075,0.454125775,0.452530721,0.407644218,0.425085103
2024/9/27 14:00,0.354688015,0.475933715,0.458781213,0.42424005,0.430951128
2024/9/27 15:00,0.377451636,0.48602477,0.454647688,0.432780872,0.439690572
2024/9/27 16:00,0.428099814,0.509661915,0.452906153,0.440299388,0.462757308
2024/9/27 17:00,0.515630704,0.530727662,0.449453189,0.445675365,0.495753519
2024/9/27 18:00,0.537367349,0.488306655,0.45037305,0.387751326,0.489422474
2024/9/27 19:00,0.531388119,0.474516221,0.450101609,0.378763979,0.482836002
2024/9/27 20:00,0.526760558,0.48809198,0.450608451,0.36994077,0.485561701
2024/9/27 21:00,0.52385462,0.491278633,0.448607418,0.364372477,0.4851706
2024/9/27 22:00,0.523072238,0.484394621,0.451443729,0.353477391,0.485296466
2024/9/27 23:00,0.527262189,0.488057036,0.453899806,0.351171569,0.488290806
2024/9/28 0:00,0.528173227,0.475239707,0.476202208,0.372373222,0.492799197
2024/9/28 1:00,0.528897757,0.489357693,0.492524951,0.39216478,0.502890327
2024/9/28 2:00,0.529226225,0.486968373,0.517606615,0.39898556,0.510259881
2024/9/28 3:00,0.527415724,0.50867058,0.509454058,0.4099945,0.513710358
2024/9/28 4:00,0.525097293,0.509699513,0.518892442,0.412893126,0.515821679
2024/9/28 5:00,0.526605071,0.520802676,0.504517962,0.419872358,0.515963235
2024/9/28 6:00,0.488115728,0.518389791,0.497564295,0.408293544,0.49863045
2024/9/28 7:00,0.438906706,0.443607246,0.492643914,0.352531988,0.454440422
2024/9/28 8:00,0.342150162,0.38058799,0.478931668,0.295625358,0.393947281
2024/9/28 9:00,0.302914034,0.380609563,0.468055782,0.289762126,0.376369235
2024/9/28 10:00,0.286361312,0.343385332,0.456152661,0.261588969,0.354344986
2024/9/28 11:00,0.279704227,0.350747004,0.455540995,0.265358539,0.355115171
2024/9/28 12:00,0.276697531,0.329217002,0.449549716,0.259346302,0.343149453
2024/9/28 13:00,0.291548343,0.325939569,0.456307119,0.281578064,0.3483672
2024/9/28 14:00,0.316808706,0.342320137,0.457801031,0.303425435,0.366175031
2024/9/28 15:00,0.371621581,0.3735713,0.463808209,0.324902616,0.39932568
2024/9/28 16:00,0.426120479,0.382583664,0.467452507,0.338130589,0.422444678
2024/9/28 17:00,0.50703918,0.400015385,0.472514461,0.347564657,0.456532248
2024/9/28 18:00,0.533838119,0.41375564,0.47459377,0.361076195,0.469763393
2024/9/28 19:00,0.533820271,0.380106697,0.471359359,0.343468925,0.457228097
2024/9/28 20:00,0.533201275,0.403152047,0.484940788,0.361399666,0.47225627
2024/9/28 21:00,0.534394543,0.399958401,0.491528811,0.353333513,0.474211093
2024/9/28 22:00,0.530515782,0.395290963,0.502048051,0.349914043,0.476134374
2024/9/28 23:00,0.522430004,0.387915919,0.502427533,0.343679737,0.470550433
2024/9/29 0:00,0.524491443,0.414526383,0.502695077,0.354882931,0.481891471
2024/9/29 1:00,0.525631202,0.423928188,0.501665625,0.356388594,0.485782236
2024/9/29 2:00,0.519027386,0.436382484,0.502978013,0.358652258,0.486877164
2024/9/29 3:00,0.522748789,0.484830468,0.495586935,0.388862255,0.500832999
2024/9/29 4:00,0.531863267,0.527406648,0.48705173,0.41696049,0.515786849
2024/9/29 5:00,0.532241338,0.539852414,0.480236312,0.426970622,0.518257025
2024/9/29 6:00,0.511924368,0.550023607,0.482698007,0.42850715,0.514116818
2024/9/29 7:00,0.436520719,0.535283538,0.489698922,0.404699251,0.483261336
2024/9/29 8:00,0.352305103,0.435506672,0.496891672,0.345149937,0.419363516
2024/9/29 9:00,0.281361646,0.382914177,0.490728607,0.284208627,0.371267585
2024/9/29 10:00,0.282221599,0.375674155,0.479342077,0.272989083,0.367950588
2024/9/29 11:00,0.33742017,0.382307964,0.478724202,0.28920023,0.393340864
2024/9/29 12:00,0.359370733,0.416331095,0.480945202,0.303050685,0.413973645
2024/9/29 13:00,0.305136612,0.457338049,0.494898118,0.341520829,0.411471791
2024/9/29 14:00,0.346445266,0.470835934,0.498245247,0.35879174,0.434772889
2024/9/29 15:00,0.410027694,0.502620499,0.497759912,0.446157559,0.470281935
2024/9/29 16:00,0.431928376,0.545325331,0.496358839,0.476791379,0.488599184
2024/9/29 17:00,0.517335436,0.567759556,0.498165198,0.441068117,0.523741524
2024/9/29 18:00,0.529402718,0.587879673,0.509116171,0.463700352,0.537278527
2024/9/29 19:00,0.528664517,0.61879565,0.514458448,0.487805951,0.548174239
2024/9/29 20:00,0.529351493,0.627547142,0.520271464,0.488254156,0.553211134
2024/9/29 21:00,0.530839247,0.62027932,0.517936559,0.497128939,0.551520448
2024/9/29 22:00,0.532036831,0.647120192,0.505959794,0.574803591,0.557866208
2024/9/29 23:00,0.53284766,0.653557606,0.496653169,0.558346223,0.558623759
2024/9/30 0:00,0.534090858,0.667045018,0.497551475,0.524407004,0.56452851
2024/9/30 1:00,0.535741151,0.642413332,0.495539685,0.50867428,0.558073441
2024/9/30 2:00,0.535312597,0.624017113,0.488172585,0.492471922,0.549978005
2024/9/30 3:00,0.534591016,0.629086818,0.487063773,0.498588709,0.550898954
2024/9/30 4:00,0.535266741,0.632444043,0.494275819,0.503247593,0.554576625
2024/9/30 5:00,0.533660585,0.629508163,0.48629958,0.502709596,0.551550873
2024/9/30 6:00,0.517659472,0.623685787,0.472678422,0.499073981,0.539584276
2024/9/30 7:00,0.501242266,0.5587014,0.462793246,0.45409964,0.508263706
2024/9/30 8:00,0.481609458,0.494744192,0.454359934,0.451337309,0.475918773
2024/9/30 9:00,0.429778424,0.495067028,0.44467545,0.452993541,0.455704626
2024/9/30 10:00,0.395387217,0.449803215,0.439690697,0.409012396,0.428351149
2024/9/30 11:00,0.36047187,0.442391408,0.436763512,0.393679092,0.413439556
2024/9/30 12:00,0.323450906,0.485569299,0.446100101,0.425977401,0.417099795
2024/9/30 13:00,0.32631415,0.480409758,0.443249993,0.41921223,0.414305988
2024/9/30 14:00,0.403747878,0.488782771,0.437624342,0.415319601,0.444001465
2024/9/30 15:00,0.425256576,0.54161892,0.439679456,0.448777477,0.466722745
2024/9/30 16:00,0.442394049,0.562453159,0.436442586,0.446980019,0.477202231
2024/9/30 17:00,0.520117328,0.617052032,0.437184767,0.468082301,0.518221164
2024/9/30 18:00,0.531947851,0.617967942,0.4360921,0.431107246,0.521444849
2024/9/30 19:00,0.530410202,0.600916134,0.434423201,0.411565978,0.515604696
2024/9/30 20:00,0.513200565,0.583639425,0.438872753,0.400856337,0.506002239
2024/9/30 21:00,0.481910606,0.564544495,0.430693055,0.38329387,0.487186389
2024/9/30 22:00,0.45858376,0.578379755,0.425933288,0.374478865,0.484144218
2024/9/30 23:00,0.449352221,0.5876168,0.427275222,0.367606746,0.484074375
2024/10/1 0:00,0.448543074,0.574032933,0.445925145,0.363751754,0.485892434
2024/10/1 1:00,0.448664347,0.594765438,0.46152613,0.372768369,0.500704293
2024/10/1 2:00,0.448115513,0.601790032,0.470785811,0.373639344,0.509726159
2024/10/1 3:00,0.447976408,0.583642759,0.474410079,0.369889643,0.505117185
2024/10/1 4:00,0.449352868,0.585196143,0.48684639,0.370411081,0.509820815
2024/10/1 5:00,0.449248226,0.572820568,0.491630481,0.369339481,0.506148858
2024/10/1 6:00,0.439663474,0.564315935,0.484668834,0.353649333,0.498253568
2024/10/1 7:00,0.414277732,0.480333501,0.475372918,0.307397512,0.457155726
2024/10/1 8:00,0.391029319,0.464669764,0.451808329,0.289087456,0.436940199
2024/10/1 9:00,0.364854254,0.434781714,0.432490831,0.258492959,0.412303973
2024/10/1 10:00,0.335522139,0.373252517,0.422186071,0.248675228,0.378895196
2024/10/1 11:00,0.33580506,0.38020519,0.423227956,0.251436985,0.382549471
2024/10/1 12:00,0.325088692,0.42511852,0.435853924,0.272988113,0.401283355
2024/10/1 13:00,0.361786875,0.472446939,0.447354004,0.311009537,0.434049058
2024/10/1 14:00,0.369934521,0.481569852,0.453576602,0.310988279,0.441148805
2024/10/1 15:00,0.40123666,0.499253144,0.455767889,0.323477732,0.455015966
2024/10/1 16:00,0.424352483,0.516356339,0.45580759,0.348999214,0.465348968
2024/10/1 17:00,0.458757339,0.583161257,0.460909943,0.397532772,0.495704104
2024/10/1 18:00,0.473138658,0.574285527,0.457207077,0.400899167,0.495259024
2024/10/1 19:00,0.479540372,0.56463102,0.452840715,0.387053359,0.492165101
2024/10/1 20:00,0.48386074,0.527922723,0.452977563,0.379532272,0.482252594
2024/10/1 21:00,0.482122479,0.451935464,0.441670114,0.350856208,0.453533541
2024/10/1 22:00,0.478194561,0.420290345,0.421113672,0.333977685,0.434816766
2024/10/1 23:00,0.479378358,0.426468003,0.426634447,0.341839225,0.439685932
2024/10/2 0:00,0.479533182,0.437087121,0.443667223,0.359455981,0.450366839
2024/10/2 1:00,0.478729153,0.405292795,0.464051126,0.339546729,0.446794952
2024/10/2 2:00,0.477656942,0.415320603,0.479514554,0.346694749,0.454770904
2024/10/2 3:00,0.478057986,0.426530107,0.483847944,0.352882551,0.459229231
2024/10/2 4:00,0.476632917,0.415040739,0.485997059,0.342546133,0.454732145
2024/10/2 5:00,0.473854005,0.41977638,0.487926478,0.330582926,0.455388754
2024/10/2 6:00,0.475237954,0.399695029,0.484775713,0.294780883,0.445645631
2024/10/2 7:00,0.460128729,0.402917405,0.476499932,0.286719774,0.44087837
2024/10/2 8:00,0.440717732,0.401294153,0.46291732,0.275098981,0.430049511
2024/10/2 9:00,0.426800271,0.417585915,0.441950992,0.267652608,0.425750811
2024/10/2 10:00,0.411394034,0.409710859,0.438218432,0.25625171,0.417577587
2024/10/2 11:00,0.421046337,0.388707557,0.434293589,0.254011064,0.410717888
2024/10/2 12:00,0.421874693,0.455200525,0.436515712,0.283533575,0.436556581
2024/10/2 13:00,0.41743524,0.453948023,0.438427007,0.277312817,0.436239765
2024/10/2 14:00,0.404158697,0.461426592,0.439834511,0.288160773,0.435094074
2024/10/2 15:00,0.4281265,0.476079995,0.435232534,0.300309753,0.444155952
2024/10/2 16:00,0.470394084,0.481960709,0.431101337,0.320758837,0.456955965
2024/10/2 17:00,0.474967783,0.442262848,0.431420791,0.31922373,0.445607309
2024/10/2 18:00,0.477293162,0.428969193,0.43220812,0.315371348,0.442269086
2024/10/2 19:00,0.474558054,0.429948448,0.432598684,0.311820668,0.44181708
2024/10/2 20:00,0.466374604,0.458815738,0.431830921,0.321916208,0.448391103
2024/10/2 21:00,0.464610159,0.467788247,0.430560846,0.324226391,0.450268187
2024/10/2 22:00,0.465547544,0.472074582,0.442565473,0.326881548,0.456581827
2024/10/2 23:00,0.472289318,0.48101526,0.456874513,0.332456391,0.467053814
2024/10/3 0:00,0.475008769,0.471017732,0.47007105,0.328320502,0.468856272
2024/10/3 1:00,0.477347043,0.477757751,0.478686944,0.326445372,0.474686622
2024/10/3 2:00,0.477846823,0.502957555,0.475854604,0.333915799,0.482445433
2024/10/3 3:00,0.476506616,0.516370286,0.471312773,0.341194262,0.485876484
2024/10/3 4:00,0.477138,0.51848415,0.470921973,0.340814318,0.486917755
2024/10/3 5:00,0.475945331,0.51874383,0.469772873,0.343482221,0.486720745
2024/10/3 6:00,0.47412574,0.489492459,0.473654773,0.330892149,0.476636183
2024/10/3 7:00,0.451166567,0.462503631,0.479526393,0.310627605,0.46138101
2024/10/3 8:00,0.434344802,0.461037554,0.474776139,0.315478973,0.454731417
2024/10/3 9:00,0.41099811,0.468644277,0.465306875,0.302839972,0.447543462
2024/10/3 10:00,0.427187579,0.461279409,0.462418329,0.299307367,0.449188515
2024/10/3 11:00,0.420237276,0.469043771,0.462590495,0.310887965,0.450554529
2024/10/3 12:00,0.427765564,0.471464998,0.463630362,0.314899233,0.454198881
2024/10/3 13:00,0.435409395,0.447308872,0.463472097,0.313042308,0.447151906
2024/10/3 14:00,0.4343475,0.454862493,0.465511217,0.320701793,0.450966258
2024/10/3 15:00,0.435477411,0.472145592,0.460345447,0.333043786,0.455996778
2024/10/3 16:00,0.441288105,0.467486254,0.457726801,0.338812875,0.454405191
2024/10/3 17:00,0.449417164,0.454513388,0.454853289,0.337187397,0.4504942
2024/10/3 18:00,0.455140959,0.430509634,0.451595394,0.323900348,0.442126817
2024/10/3 19:00,0.455103195,0.423613218,0.451708727,0.321978026,0.439402063
2024/10/3 20:00,0.455079425,0.441768605,0.454532169,0.334330224,0.447123977
2024/10/3 21:00,0.455093551,0.438130433,0.455438534,0.326343765,0.446381815
2024/10/3 22:00,0.454976945,0.431022435,0.457605118,0.316050897,0.444829942
2024/10/3 23:00,0.454891289,0.447694292,0.464687316,0.324056952,0.453158884
2024/10/4 0:00,0.454585441,0.476716885,0.475201037,0.332554211,0.466425698
2024/10/4 1:00,0.454004772,0.520985294,0.48407974,0.350411734,0.483840771
2024/10/4 2:00,0.454103291,0.533058545,0.480935429,0.35317208,0.486665506
2024/10/4 3:00,0.454276484,0.534302102,0.477577323,0.355589556,0.486467683
2024/10/4 4:00,0.454246963,0.52880717,0.476310972,0.356169258,0.484778159
2024/10/4 5:00,0.452873127,0.522270601,0.474838831,0.356049558,0.481877432
2024/10/4 6:00,0.44812989,0.525326804,0.476959978,0.357384536,0.482346947
2024/10/4 7:00,0.425401497,0.50789339,0.478820959,0.341731535,0.472528641
2024/10/4 8:00,0.336072334,0.425187896,0.46537241,0.281742098,0.415787874
2024/10/4 9:00,0.300138544,0.370108709,0.435799757,0.2471733,0.377713761
2024/10/4 10:00,0.244273657,0.327869593,0.419268642,0.223198619,0.338242449
2024/10/4 11:00,0.24697073,0.325184516,0.413493516,0.212820681,0.336595668
2024/10/4 12:00,0.20744509,0.332753526,0.421705204,0.202962796,0.327775239
2024/10/4 13:00,0.242166987,0.330101094,0.414697922,0.217432303,0.34031141
2024/10/4 14:00,0.298001756,0.344737276,0.414784207,0.230892481,0.361290339
2024/10/4 15:00,0.329198254,0.357725798,0.413865783,0.238783687,0.372533926
2024/10/4 16:00,0.379143537,0.378584229,0.413708804,0.259656507,0.391245788
2024/10/4 17:00,0.423484638,0.387166049,0.413884667,0.270759145,0.404801978
2024/10/4 18:00,0.453191514,0.391149243,0.41503281,0.282930471,0.413763086
2024/10/4 19:00,0.45372745,0.385048074,0.413105605,0.274600968,0.411277002
2024/10/4 20:00,0.454268214,0.393366693,0.41502336,0.246327658,0.414677177
2024/10/4 21:00,0.45389001,0.391418739,0.417009345,0.242210178,0.414777838
2024/10/4 22:00,0.453391479,0.396184013,0.424670482,0.239394881,0.419775398
2024/10/4 23:00,0.453894425,0.38865237,0.434199722,0.227950035,0.42140391
2024/10/5 0:00,0.453929185,0.409451549,0.462843389,0.236828733,0.438680244
2024/10/5 1:00,0.453512912,0.446612128,0.493670351,0.251522955,0.461016867
2024/10/5 2:00,0.453039466,0.47203324,0.512755382,0.261819661,0.475634856
2024/10/5 3:00,0.453753856,0.46791462,0.517978365,0.257693287,0.475682724
2024/10/5 4:00,0.453774838,0.474012207,0.516863328,0.263941926,0.477290563
2024/10/5 5:00,0.453262549,0.486938262,0.51522827,0.272118688,0.481411878
2024/10/5 6:00,0.437935102,0.486737123,0.51210331,0.269924712,0.476067539
2024/10/5 7:00,0.393349151,0.47920442,0.510685739,0.25868841,0.460613321
2024/10/5 8:00,0.337296941,0.426348017,0.501936776,0.238058245,0.420997055
2024/10/5 9:00,0.31325383,0.435930779,0.492406739,0.228886167,0.415872386
2024/10/5 10:00,0.257319774,0.364455149,0.481292996,0.208089554,0.364276775
2024/10/5 11:00,0.248565508,0.344401842,0.471194799,0.195170398,0.350567909
2024/10/5 12:00,0.214900485,0.332485006,0.472671921,0.180073831,0.332099293
2024/10/5 13:00,0.229819538,0.351207426,0.477508438,0.19028884,0.348517392
2024/10/5 14:00,0.25265186,0.387027784,0.482841514,0.220522813,0.370123503
2024/10/5 15:00,0.29058445,0.417707376,0.484185376,0.257429691,0.394220715
2024/10/5 16:00,0.339492219,0.465172421,0.487294145,0.291420159,0.426767004
2024/10/5 17:00,0.410904457,0.512688411,0.491803938,0.323772174,0.467949879
2024/10/5 18:00,0.452877811,0.545891536,0.494453515,0.353666904,0.494001297
2024/10/5 19:00,0.451329161,0.541150386,0.495630278,0.352128024,0.493496666
2024/10/5 20:00,0.449552909,0.53005418,0.496506551,0.342588598,0.489637837
2024/10/5 21:00,0.449104616,0.534329911,0.494316901,0.346245911,0.490192433
2024/10/5 22:00,0.449027914,0.547172232,0.496131775,0.350443705,0.495365047
2024/10/5 23:00,0.449151626,0.559940527,0.494211119,0.34352115,0.497951331
2024/10/6 0:00,0.449200479,0.566589926,0.497451343,0.339254546,0.50187213
2024/10/6 1:00,0.450086013,0.573622507,0.500702221,0.337330793,0.507199798
2024/10/6 2:00,0.45093563,0.601351271,0.501949587,0.344322805,0.51904668
2024/10/6 3:00,0.451307574,0.623911073,0.492242046,0.349324968,0.525915436
2024/10/6 4:00,0.451831062,0.62905136,0.490521016,0.348890431,0.527079133
2024/10/6 5:00,0.451823098,0.612078113,0.492939939,0.344455762,0.520173501
2024/10/6 6:00,0.439174644,0.581442846,0.496526758,0.331556066,0.50577702
2024/10/6 7:00,0.374284095,0.532277239,0.504893691,0.292018317,0.468484326
2024/10/6 8:00,0.29012395,0.419260864,0.510348492,0.222431354,0.398977883
2024/10/6 9:00,0.268304654,0.386432828,0.496379381,0.216950934,0.37887073
2024/10/6 10:00,0.236676824,0.355263137,0.48559043,0.219585946,0.353872298
2024/10/6 11:00,0.226855155,0.340300964,0.479055236,0.219574015,0.34518456
2024/10/6 12:00,0.226916815,0.347230479,0.479148038,0.227775135,0.34830858
2024/10/6 13:00,0.234076196,0.368559951,0.481095587,0.236771132,0.36118371
2024/10/6 14:00,0.254660932,0.414766445,0.490354597,0.259011074,0.384280927
2024/10/6 15:00,0.290065845,0.464027957,0.495186651,0.299285979,0.417981974
2024/10/6 16:00,0.351872782,0.535384788,0.506314521,0.350472795,0.467306763
2024/10/6 17:00,0.411122961,0.575917282,0.510502926,0.383729998,0.497755995
2024/10/6 18:00,0.451007663,0.560683885,0.511665457,0.385602061,0.505627417
2024/10/6 19:00,0.453561657,0.575670025,0.518174893,0.378446575,0.514282035
2024/10/6 20:00,0.453817662,0.573417629,0.520691574,0.360023038,0.514071722
2024/10/6 21:00,0.452130917,0.583866883,0.518888251,0.371413056,0.516933344
2024/10/6 22:00,0.452787408,0.585458847,0.513933977,0.38586578,0.515750459
2024/10/6 23:00,0.451599091,0.569281574,0.51217602,0.368766667,0.509970336
2024/10/7 0:00,0.449814828,0.549989833,0.515255505,0.357814812,0.504519022
2024/10/7 1:00,0.451339124,0.562865058,0.511728357,0.356298685,0.508644355
2024/10/7 2:00,0.450998316,0.59110594,0.508179446,0.367145108,0.519047527
2024/10/7 3:00,0.449878076,0.592987244,0.503189789,0.374491366,0.520112985
2024/10/7 4:00,0.450771545,0.616157577,0.500732154,0.381925558,0.530287158
2024/10/7 5:00,0.45109131,0.632714416,0.500702093,0.389595523,0.537877983
2024/10/7 6:00,0.424779794,0.625751808,0.495182515,0.378006221,0.524850788
2024/10/7 7:00,0.340188003,0.552115366,0.484306505,0.312039359,0.466180847
2024/10/7 8:00,0.286292612,0.472612867,0.468091375,0.303025216,0.411269794
2024/10/7 9:00,0.276729558,0.47528086,0.452556598,0.325593632,0.403926248
2024/10/7 10:00,0.26746834,0.474779882,0.45589565,0.317716168,0.401702098
2024/10/7 11:00,0.229482556,0.43425214,0.447929446,0.292301588,0.368328864
2024/10/7 12:00,0.228061265,0.386663383,0.436466838,0.262239098,0.352284444
2024/10/7 13:00,0.238502063,0.361946871,0.426212929,0.238386959,0.343291287
2024/10/7 14:00,0.262507218,0.37329306,0.42910779,0.25417551,0.355634443
2024/10/7 15:00,0.300279618,0.410802019,0.42856768,0.271749204,0.379476878
2024/10/7 16:00,0.359471125,0.41709501,0.423842099,0.275194653,0.399509774
2024/10/7 17:00,0.425084506,0.46055752,0.424473907,0.30895552,0.432567747
2024/10/7 18:00,0.45100127,0.434030536,0.422227513,0.298205093,0.431273771
2024/10/7 19:00,0.453289919,0.413841972,0.417004028,0.287644122,0.423475476
2024/10/7 20:00,0.453066417,0.399549876,0.420175605,0.275829582,0.420387896
2024/10/7 21:00,0.451937957,0.402224053,0.421911168,0.278683256,0.421139991
2024/10/7 22:00,0.450515836,0.409991314,0.428165214,0.278826614,0.425946577
2024/10/7 23:00,0.451368945,0.437712588,0.429925284,0.285188085,0.435895569
2024/10/8 0:00,0.450547511,0.453653617,0.451319621,0.292581013,0.447752072
2024/10/8 1:00,0.451453379,0.478213968,0.473164232,0.300104655,0.463180867
2024/10/8 2:00,0.45081851,0.533176631,0.476147325,0.328964086,0.483964541
2024/10/8 3:00,0.451339479,0.559699657,0.470069954,0.347195405,0.494645768
2024/10/8 4:00,0.452321331,0.563069675,0.465309063,0.348161954,0.495374418
2024/10/8 5:00,0.451208084,0.528552038,0.477626866,0.336740562,0.485076733
2024/10/8 6:00,0.428190603,0.518386916,0.471790461,0.322880085,0.47152887
2024/10/8 7:00,0.337457319,0.474708419,0.46089654,0.277690609,0.420491919
2024/10/8 8:00,0.281391656,0.399234117,0.444088293,0.230152185,0.371853667
2024/10/8 9:00,0.255111201,0.341569175,0.416381376,0.195849921,0.337549075
2024/10/8 10:00,0.243830032,0.285108421,0.401559667,0.1671418,0.309539103
2024/10/8 11:00,0.224849285,0.272314202,0.399244755,0.168737073,0.296447599
2024/10/8 12:00,0.226486552,0.26773572,0.397811494,0.195950257,0.295292573
2024/10/8 13:00,0.23532259,0.273219676,0.403141337,0.189944208,0.301405652
2024/10/8 14:00,0.252896281,0.286221644,0.40458967,0.18904379,0.313535152
2024/10/8 15:00,0.292143735,0.318872566,0.410517561,0.214180479,0.340019922
2024/10/8 16:00,0.362746768,0.347918077,0.416773386,0.236931483,0.373825709
2024/10/8 17:00,0.439640929,0.370137139,0.418200946,0.256081923,0.404926883
2024/10/8 18:00,0.451344274,0.36642534,0.416823476,0.264941262,0.406840821
2024/10/8 19:00,0.451378355,0.360150674,0.417830766,0.253247839,0.404226209
2024/10/8 20:00,0.450986219,0.388277639,0.417825387,0.267452537,0.41454041
2024/10/8 21:00,0.451480243,0.394811736,0.419144856,0.269531679,0.417694999
2024/10/8 22:00,0.439417856,0.417057758,0.425670591,0.271421582,0.423501234
2024/10/8 23:00,0.426074647,0.457545832,0.430821297,0.289598984,0.433989575
2024/10/9 0:00,0.411365749,0.497325766,0.453503611,0.319228938,0.449539607
2024/10/9 1:00,0.409669507,0.536166197,0.482820676,0.338604059,0.470900042
2024/10/9 2:00,0.409504616,0.555996397,0.480400407,0.350615171,0.478772741
2024/10/9 3:00,0.410211753,0.548026756,0.491557215,0.350577208,0.480756856
2024/10/9 4:00,0.409909982,0.555554779,0.491398876,0.350858175,0.482686719
2024/10/9 5:00,0.410409748,0.555105049,0.4818973,0.350300162,0.479565085
2024/10/9 6:00,0.387272031,0.509254182,0.488274549,0.321143802,0.457013801
2024/10/9 7:00,0.315298003,0.432921986,0.487108591,0.269769213,0.405731934
2024/10/9 8:00,0.255070559,0.344484116,0.460425032,0.213394003,0.346716119
2024/10/9 9:00,0.224399833,0.302816649,0.427401857,0.192333876,0.313293516
2024/10/9 10:00,0.221217787,0.279112519,0.418604077,0.182870324,0.302524325
2024/10/9 11:00,0.198028487,0.26719027,0.416881224,0.176554909,0.286115551
2024/10/9 12:00,0.196088502,0.266533927,0.418556165,0.176852126,0.285280116
2024/10/9 13:00,0.210852414,0.269770594,0.416913747,0.170906309,0.292079126
2024/10/9 14:00,0.248207134,0.279952836,0.420931646,0.186658984,0.309670165
2024/10/9 15:00,0.302102288,0.306481277,0.424968317,0.207112093,0.338459676
2024/10/9 16:00,0.369779865,0.335814797,0.422412847,0.227991168,0.372246405
2024/10/9 17:00,0.438073256,0.352002745,0.424650386,0.246570716,0.401757441
2024/10/9 18:00,0.450164282,0.343468141,0.424415974,0.250451974,0.402734454
2024/10/9 19:00,0.449592987,0.347751799,0.424178764,0.248320588,0.40470652
2024/10/9 20:00,0.451134521,0.382218956,0.423910104,0.267301989,0.416270711
2024/10/9 21:00,0.451418674,0.385348509,0.423405973,0.267448272,0.41673213
2024/10/9 22:00,0.449751428,0.406155791,0.425034792,0.270392872,0.423235372
2024/10/9 23:00,0.449881936,0.418835086,0.428517063,0.279569267,0.429039408
2024/10/10 0:00,0.449958188,0.429086854,0.453756276,0.281768276,0.440522416
2024/10/10 1:00,0.449526359,0.454967477,0.481376246,0.289709614,0.45632194
2024/10/10 2:00,0.447443561,0.48448444,0.491548754,0.303475465,0.468174322
2024/10/10 3:00,0.448523217,0.481328352,0.498433817,0.29958844,0.469159834
2024/10/10 4:00,0.451013772,0.480636872,0.505369469,0.29694783,0.471483031
2024/10/10 5:00,0.449681345,0.475217702,0.509914869,0.296902237,0.470135477
2024/10/10 6:00,0.428972086,0.4481147,0.517111009,0.282079029,0.454454837
2024/10/10 7:00,0.343849753,0.379690474,0.527958408,0.238158309,0.400267935
2024/10/10 8:00,0.286720465,0.318517003,0.512149649,0.223403027,0.353391447
2024/10/10 9:00,0.249693661,0.279805341,0.492386439,0.194903067,0.321737741
2024/10/10 10:00,0.226596685,0.265538166,0.476658811,0.179708421,0.304472125
2024/10/10 11:00,0.219641083,0.262715769,0.476592358,0.177613182,0.299172788
2024/10/10 12:00,0.219393541,0.264701131,0.478915208,0.18309401,0.299998542
2024/10/10 13:00,0.230397517,0.275857598,0.482875855,0.187602798,0.309858458
2024/10/10 14:00,0.252492397,0.298668081,0.492837462,0.206135891,0.330655876
2024/10/10 15:00,0.298313237,0.320619813,0.501795273,0.224947741,0.358852082
2024/10/10 16:00,0.367332849,0.337774493,0.519115293,0.247330256,0.394277207
2024/10/10 17:00,0.439674413,0.339617787,0.5189609,0.26890816,0.423027494
2024/10/10 18:00,0.448995369,0.32425362,0.523511702,0.227022515,0.42182918
2024/10/10 19:00,0.449107158,0.327452387,0.536115143,0.223872277,0.425629043
2024/10/10 20:00,0.450144376,0.379202886,0.532695674,0.261287347,0.444448631
2024/10/10 21:00,0.450856798,0.413185763,0.525214487,0.288492018,0.454413185
2024/10/10 22:00,0.451340505,0.429458066,0.522691345,0.284914672,0.458704687
2024/10/10 23:00,0.449585362,0.430248238,0.521109758,0.286953334,0.457778647
2024/10/11 0:00,0.450250749,0.444366587,0.518517576,0.307821226,0.462699907
2024/10/11 1:00,0.451319589,0.484815166,0.516968736,0.321125787,0.475374838
2024/10/11 2:00,0.452311514,0.532471056,0.490303421,0.344705501,0.484654452
2024/10/11 3:00,0.451684262,0.523235473,0.489186473,0.339277977,0.482341853
2024/10/11 4:00,0.451665352,0.544421998,0.478890153,0.345803037,0.487729706
2024/10/11 5:00,0.451363458,0.552722284,0.473949941,0.356608715,0.488914506
2024/10/11 6:00,0.435100106,0.521855985,0.474470913,0.339244272,0.471886277
2024/10/11 7:00,0.336318322,0.43510482,0.481212706,0.282759358,0.405865495
2024/10/11 8:00,0.280359396,0.367022269,0.457937674,0.242728736,0.357321655
2024/10/11 9:00,0.255834763,0.331256291,0.422335586,0.220664705,0.330028212
2024/10/11 10:00,0.217478491,0.294669944,0.413234656,0.199976405,0.302663802
2024/10/11 11:00,0.184958738,0.272075984,0.400326285,0.189351241,0.284097485
2024/10/11 12:00,0.184337033,0.281160123,0.4041957,0.198066544,0.287788103
2024/10/11 13:00,0.216481342,0.294443533,0.409563502,0.202186743,0.305346642
2024/10/11 14:00,0.280525309,0.290492734,0.411215062,0.193198579,0.327628433
2024/10/11 15:00,0.280550091,0.318830974,0.417695961,0.203770607,0.338042
2024/10/11 16:00,0.341357301,0.342682227,0.422572043,0.225706181,0.367053546
2024/10/11 17:00,0.390065453,0.361640376,0.424599395,0.24428696,0.390233953
2024/10/11 18:00,0.401279072,0.363500591,0.425460953,0.25012037,0.394840287
2024/10/11 19:00,0.402754799,0.372411197,0.42591465,0.248000833,0.397999849
2024/10/11 20:00,0.409225311,0.405979664,0.422501994,0.272069172,0.409777391
2024/10/11 21:00,0.41883415,0.423653386,0.421358279,0.277630954,0.417688796
2024/10/11 22:00,0.421148327,0.445662696,0.425545503,0.284933043,0.425970319
2024/10/11 23:00,0.420391148,0.463404411,0.428794381,0.291714835,0.432356295
2024/10/12 0:00,0.430574694,0.472254659,0.454762467,0.299080349,0.447119483
2024/10/12 1:00,0.448836899,0.48300027,0.490045585,0.309378208,0.467462579
2024/10/12 2:00,0.452131751,0.497551293,0.51617388,0.308492553,0.47965018
2024/10/12 3:00,0.449543754,0.517272002,0.513507998,0.323260443,0.484576719
2024/10/12 4:00,0.448114301,0.554361785,0.495477683,0.346497619,0.492608774
2024/10/12 5:00,0.446974555,0.544423498,0.49731715,0.345204789,0.489681105
2024/10/12 6:00,0.429002303,0.552294094,0.489173618,0.343157609,0.484152808
2024/10/12 7:00,0.353603453,0.484261671,0.497756092,0.296180135,0.4348344
2024/10/12 8:00,0.290573494,0.385780857,0.489877592,0.246834254,0.37609304
2024/10/12 9:00,0.259898872,0.343106958,0.469489121,0.218689384,0.348068955
2024/10/12 10:00,0.239889937,0.314398404,0.45013453,0.206205756,0.328312848
2024/10/12 11:00,0.227802624,0.313203778,0.460674139,0.196595665,0.322969628
2024/10/12 12:00,0.228113283,0.295030629,0.463903098,0.198747049,0.314749275
2024/10/12 13:00,0.240499501,0.295991658,0.463515568,0.211823802,0.321116717
2024/10/12 14:00,0.263386741,0.326134164,0.464734638,0.234683659,0.343307875
2024/10/12 15:00,0.305417093,0.361756051,0.463039975,0.252102866,0.373325575
2024/10/12 16:00,0.356665513,0.415533152,0.472112352,0.290409344,0.411363509
2024/10/12 17:00,0.433330913,0.447439045,0.474284919,0.321925978,0.44891173
2024/10/12 18:00,0.448703009,0.471104981,0.47492927,0.341781489,0.461957882
2024/10/12 19:00,0.448567619,0.471643745,0.475812604,0.33269879,0.462174333
2024/10/12 20:00,0.448399229,0.45925745,0.478911788,0.313955972,0.458697578
2024/10/12 21:00,0.448701074,0.417336925,0.477136431,0.288989317,0.445600891
2024/10/12 22:00,0.44872161,0.481590099,0.482706458,0.31380526,0.466094773
2024/10/12 23:00,0.448570076,0.514517065,0.482726361,0.3249042,0.476222505
2024/10/13 0:00,0.44903011,0.524996611,0.48606983,0.3485448,0.481878115
2024/10/13 1:00,0.448892382,0.493577237,0.494972008,0.338570136,0.474391208
2024/10/13 2:00,0.449240228,0.486804876,0.507510621,0.331297191,0.475308289
2024/10/13 3:00,0.448982254,0.514679611,0.501620847,0.343676128,0.483191418
2024/10/13 4:00,0.448724613,0.579362451,0.48358897,0.345253803,0.499794294
2024/10/13 5:00,0.448364055,0.608596286,0.480159856,0.358699556,0.508729083
2024/10/13 6:00,0.429048349,0.599457777,0.488143942,0.352362633,0.502348627
2024/10/13 7:00,0.348017589,0.513030129,0.505134176,0.335690163,0.44980521
2024/10/13 8:00,0.285916784,0.408275912,0.508149116,0.283064275,0.391487206
2024/10/13 9:00,0.254561579,0.349365411,0.489771734,0.250459395,0.354604701
2024/10/13 10:00,0.238984257,0.324452127,0.478446916,0.238961426,0.337260346
2024/10/13 11:00,0.231933996,0.322030148,0.475374524,0.234518751,0.333775655
2024/10/13 12:00,0.235709757,0.335231422,0.481150276,0.245171903,0.342020811
2024/10/13 13:00,0.23935446,0.366720197,0.488230643,0.272927797,0.357051245
2024/10/13 14:00,0.272883166,0.422289765,0.496045083,0.28281772,0.39221864
2024/10/13 15:00,0.316093314,0.464937548,0.501472126,0.329589672,0.428164416
2024/10/13 16:00,0.397099073,0.524543344,0.504143805,0.412433349,0.477209627
2024/10/13 17:00,0.441067258,0.572456818,0.505990246,0.421075855,0.505782747
2024/10/13 18:00,0.452637293,0.572861392,0.509522251,0.396450425,0.508960805
2024/10/13 19:00,0.452557636,0.596261209,0.508340061,0.408357863,0.515956225
2024/10/13 20:00,0.450586411,0.609554834,0.510393049,0.43278063,0.5226019
2024/10/13 21:00,0.448447885,0.609954764,0.507278055,0.433324715,0.521419709
2024/10/13 22:00,0.448350671,0.631027153,0.50443877,0.436449083,0.526736129
2024/10/13 23:00,0.448659635,0.612155651,0.500441537,0.437269836,0.518199711
2024/10/14 0:00,0.448747442,0.606737929,0.501114655,0.441998505,0.517095738
2024/10/14 1:00,0.448211591,0.641901221,0.489743843,0.459847289,0.527341504
2024/10/14 2:00,0.448441369,0.643903994,0.480361106,0.458206357,0.529679206
2024/10/14 3:00,0.448295414,0.644535795,0.477449958,0.458945655,0.530190891
2024/10/14 4:00,0.449044741,0.648763717,0.474364224,0.456050918,0.531688283
2024/10/14 5:00,0.448518534,0.643665968,0.477484647,0.458982081,0.530390462
2024/10/14 6:00,0.43327108,0.623578301,0.480534932,0.442258514,0.518599585
2024/10/14 7:00,0.360013422,0.540775102,0.485915834,0.385514295,0.464809074
2024/10/14 8:00,0.305338098,0.469362193,0.472977374,0.321357535,0.415362668
2024/10/14 9:00,0.272771672,0.423632454,0.448800051,0.266276601,0.382412253
2024/10/14 10:00,0.249663376,0.382107581,0.43877955,0.240420144,0.359396034
2024/10/14 11:00,0.244327122,0.383500698,0.442990875,0.245391707,0.359328904
2024/10/14 12:00,0.246128187,0.390125847,0.451817256,0.256700911,0.367416365
2024/10/14 13:00,0.257163354,0.386298085,0.440491236,0.259470076,0.365024732
2024/10/14 14:00,0.288955138,0.363877315,0.405667498,0.244848899,0.354845515
2024/10/14 15:00,0.341860782,0.380990508,0.40637184,0.272258498,0.377449844
2024/10/14 16:00,0.385802243,0.427487423,0.421800274,0.296766766,0.41027352
2024/10/14 17:00,0.44096053,0.483841432,0.439208036,0.334223661,0.449484777
2024/10/14 18:00,0.446958398,0.503942041,0.447236581,0.302058574,0.459824073
2024/10/14 19:00,0.447214244,0.534404667,0.453485186,0.370755551,0.472941483
2024/10/14 20:00,0.447220413,0.560166235,0.457770137,0.407968123,0.482999943
2024/10/14 21:00,0.44734304,0.629152162,0.465975781,0.445932557,0.507373508
2024/10/14 22:00,0.447451479,0.64213412,0.470429225,0.42596964,0.513452556
2024/10/14 23:00,0.450316117,0.672406127,0.46700136,0.424524544,0.525531599
2024/10/15 0:00,0.453949417,0.688859639,0.478578785,0.424820792,0.539903368
2024/10/15 1:00,0.45298092,0.682079411,0.497953025,0.415718063,0.549014806
2024/10/15 2:00,0.453607934,0.677259719,0.498653813,0.436931298,0.556327964
2024/10/15 3:00,0.451413337,0.677483527,0.493077242,0.48727481,0.557679599
2024/10/15 4:00,0.450460529,0.679013753,0.491260764,0.502639443,0.558604753
2024/10/15 5:00,0.448780525,0.676369131,0.493879076,0.526582672,0.558026882
2024/10/15 6:00,0.437448311,0.668615588,0.494449585,0.517109916,0.5492585
2024/10/15 7:00,0.413644939,0.626459504,0.500848281,0.48523109,0.526653386
2024/10/15 8:00,0.350078099,0.517270778,0.486937375,0.404159767,0.458663541
2024/10/15 9:00,0.307949537,0.465399247,0.460978449,0.376532379,0.419706892
2024/10/15 10:00,0.277106099,0.431873879,0.453981369,0.349517593,0.396793815
2024/10/15 11:00,0.287763277,0.425188055,0.461510968,0.295240223,0.401069203
2024/10/15 12:00,0.285464819,0.43220695,0.463338322,0.322178671,0.403822354
2024/10/15 13:00,0.29884303,0.424306793,0.456886806,0.307908814,0.401416803
2024/10/15 14:00,0.333981957,0.433089315,0.453788075,0.325300966,0.412822314
2024/10/15 15:00,0.358050492,0.469123203,0.458478214,0.354606187,0.430984403
2024/10/15 16:00,0.407663266,0.509168496,0.461270937,0.359081675,0.457193444
2024/10/15 17:00,0.441952354,0.548279838,0.463986336,0.39345559,0.478536742
2024/10/15 18:00,0.44808881,0.554754804,0.462155345,0.399756926,0.481787291
2024/10/15 19:00,0.448709771,0.588373809,0.468335632,0.415522984,0.494245984
2024/10/15 20:00,0.453088015,0.617985658,0.477637306,0.432160034,0.506575746
2024/10/15 21:00,0.453198231,0.63984805,0.472819165,0.440081212,0.509898427
2024/10/15 22:00,0.453147172,0.640168459,0.463367623,0.432883998,0.508536628
2024/10/15 23:00,0.454021877,0.667383354,0.45883388,0.439698572,0.518086164
2024/10/16 0:00,0.453948023,0.690528691,0.462850855,0.449983054,0.53317877
2024/10/16 1:00,0.454915274,0.692939517,0.476100313,0.441969402,0.543466804
2024/10/16 2:00,0.455530134,0.690431528,0.471049227,0.438954037,0.546512655
2024/10/16 3:00,0.4539113,0.691479021,0.472600784,0.483333501,0.548113522
2024/10/16 4:00,0.452307951,0.691998529,0.464077412,0.537449467,0.546545189
2024/10/16 5:00,0.450710262,0.679551804,0.446204025,0.532346489,0.531955404
2024/10/16 6:00,0.431619004,0.659676689,0.425323323,0.490995256,0.502910667
2024/10/16 7:00,0.373671723,0.551586927,0.439693886,0.389185765,0.454089687
2024/10/16 8:00,0.346335789,0.479329432,0.441114332,0.346049559,0.424825788
2024/10/16 9:00,0.270933996,0.446484357,0.43918079,0.314238441,0.387361868
2024/10/16 10:00,0.253630579,0.409430955,0.432918201,0.280509971,0.368287827
2024/10/16 11:00,0.245159139,0.395369335,0.435235895,0.239193502,0.360558766
2024/10/16 12:00,0.281602007,0.422424827,0.446324968,0.304149636,0.390674109
2024/10/16 13:00,0.266088232,0.410321268,0.4421533,0.297161475,0.377532619
2024/10/16 14:00,0.287297034,0.414673532,0.430541457,0.300174757,0.380671566
2024/10/16 15:00,0.335572698,0.432061733,0.43793241,0.322478061,0.405164228
2024/10/16 16:00,0.40477864,0.463944953,0.44951447,0.35295846,0.439693155
2024/10/16 17:00,0.450563921,0.48244209,0.458957229,0.373712119,0.461508067
2024/10/16 18:00,0.453746645,0.485001201,0.462026348,0.359128374,0.463972417
2024/10/16 19:00,0.454477316,0.525039943,0.461867978,0.377269062,0.475598202
2024/10/16 20:00,0.45286781,0.580106628,0.456884132,0.403563147,0.486546025
2024/10/16 21:00,0.451859195,0.579780089,0.451443689,0.42750968,0.484740951
2024/10/16 22:00,0.450585779,0.572421653,0.44580093,0.419930457,0.47981713
2024/10/16 23:00,0.450602574,0.632688078,0.446176866,0.44364119,0.494436795
2024/10/17 0:00,0.449932734,0.673711372,0.462612405,0.465793498,0.514570708
2024/10/17 1:00,0.450308827,0.694225626,0.488578035,0.472092783,0.535272583
2024/10/17 2:00,0.450136741,0.69744586,0.479312103,0.469527785,0.536847314
2024/10/17 3:00,0.449236697,0.713529474,0.467321786,0.465224824,0.539619318
2024/10/17 4:00,0.44948605,0.711749167,0.455987496,0.467660379,0.537742542
2024/10/17 5:00,0.449043069,0.702997878,0.439871992,0.487778728,0.530109384
2024/10/17 6:00,0.438594632,0.697545996,0.417632756,0.504976339,0.515552971
2024/10/17 7:00,0.377111792,0.616076443,0.436032286,0.438717686,0.475582484
2024/10/17 8:00,0.316982791,0.54240832,0.453171091,0.394244973,0.434292086
2024/10/17 9:00,0.288303783,0.48664775,0.448249416,0.357371737,0.408026651
2024/10/17 10:00,0.248277694,0.429481247,0.439799544,0.305454437,0.374942755
2024/10/17 11:00,0.242616781,0.405425629,0.445151551,0.268740936,0.367546615
2024/10/17 12:00,0.246298852,0.406762054,0.451762625,0.287410865,0.373015526
2024/10/17 13:00,0.258938662,0.411209923,0.449928843,0.294949005,0.376457071
2024/10/17 14:00,0.281409717,0.442463515,0.456439093,0.323680679,0.396532303
2024/10/17 15:00,0.320811259,0.460403856,0.458302128,0.335602406,0.41546001
2024/10/17 16:00,0.385057877,0.476801803,0.458144773,0.34651312,0.439833258
2024/10/17 17:00,0.450019584,0.503049844,0.462206882,0.370487955,0.467767721
2024/10/17 18:00,0.45302747,0.498487998,0.461207195,0.363028947,0.466789643
2024/10/17 19:00,0.453016368,0.535106093,0.46754183,0.382706401,0.480135267
2024/10/17 20:00,0.45314455,0.568182388,0.470527391,0.40602342,0.490722655
2024/10/17 21:00,0.45342772,0.605702743,0.471361786,0.422401999,0.501960779
2024/10/17 22:00,0.453266981,0.627010319,0.466668459,0.430466259,0.507723106
2024/10/17 23:00,0.453428492,0.683098483,0.465932803,0.468851995,0.525791373
2024/10/18 0:00,0.453280039,0.692909839,0.480419609,0.45502391,0.538442666
2024/10/18 1:00,0.453332924,0.691295739,0.496567346,0.477247142,0.552786877
2024/10/18 2:00,0.453338646,0.687628407,0.482520193,0.482284418,0.554321919
2024/10/18 3:00,0.453116648,0.684878744,0.466543758,0.481824112,0.551499557
2024/10/18 4:00,0.452558618,0.683801799,0.461237949,0.54355209,0.550061027
2024/10/18 5:00,0.451838694,0.680872832,0.436107976,0.554620519,0.538743052
2024/10/18 6:00,0.427154114,0.667693251,0.409458757,0.539350002,0.513352102
2024/10/18 7:00,0.356974546,0.595876356,0.430885088,0.47414681,0.469407545
2024/10/18 8:00,0.291879435,0.532374645,0.458304866,0.42567823,0.427757767
2024/10/18 9:00,0.260829382,0.479922155,0.458545017,0.350175904,0.401484698
2024/10/18 10:00,0.246283477,0.427594717,0.449070164,0.301062851,0.37789024
2024/10/18 11:00,0.243379053,0.405699748,0.459548464,0.295487855,0.37351809
2024/10/18 12:00,0.244737626,0.410479224,0.480831348,0.289202747,0.38502773
2024/10/18 13:00,0.257831664,0.415773601,0.484196092,0.2990847,0.393009006
2024/10/18 14:00,0.280445761,0.429341243,0.47384329,0.30659997,0.401408148
2024/10/18 15:00,0.318925934,0.456732657,0.475711041,0.33170197,0.423545708
2024/10/18 16:00,0.392118215,0.466017319,0.473697,0.338889641,0.446561971
2024/10/18 17:00,0.44843534,0.487448668,0.473040171,0.356883437,0.468309346
2024/10/18 18:00,0.453673072,0.506193934,0.47458801,0.365495175,0.476075639
2024/10/18 19:00,0.453685067,0.541083052,0.476164965,0.389619644,0.487791506
2024/10/18 20:00,0.453823973,0.571406732,0.48513974,0.432656108,0.50129928
2024/10/18 21:00,0.453739864,0.619033351,0.484647949,0.461201215,0.51593296
2024/10/18 22:00,0.453665746,0.627879611,0.474348816,0.465449903,0.515162406
2024/10/18 23:00,0.45358908,0.640685918,0.476829295,0.470558916,0.519152906
2024/10/19 0:00,0.454675078,0.643750693,0.497977136,0.461108417,0.529656391
2024/10/19 1:00,0.454074615,0.657815543,0.521639242,0.468608913,0.546653423
2024/10/19 2:00,0.454542146,0.667625163,0.521489559,0.508218718,0.553001379
2024/10/19 3:00,0.455540145,0.668380846,0.512225249,0.519927743,0.55441912
2024/10/19 4:00,0.452852243,0.666058503,0.506614201,0.51787375,0.553836154
2024/10/19 5:00,0.452136671,0.670843445,0.499989508,0.524442621,0.552784058
2024/10/19 6:00,0.441353077,0.664562075,0.490496697,0.516203415,0.543318989
2024/10/19 7:00,0.372621154,0.613051659,0.484706462,0.456104453,0.497258745
2024/10/19 8:00,0.327077113,0.551728759,0.488248988,0.401503293,0.460682897
2024/10/19 9:00,0.27975535,0.482555644,0.479491063,0.371796805,0.417735519
2024/10/19 10:00,0.267104162,0.414074964,0.460052975,0.306933604,0.383846235
2024/10/19 11:00,0.240520586,0.393656025,0.45521844,0.295130229,0.362783215
2024/10/19 12:00,0.240274133,0.404792395,0.45651552,0.307204655,0.368562577
2024/10/19 13:00,0.263186077,0.43347423,0.463288996,0.339728467,0.389507138
2024/10/19 14:00,0.290074361,0.465318152,0.475843094,0.389295246,0.415950731
2024/10/19 15:00,0.332571009,0.492594421,0.475629822,0.411811173,0.437071878
2024/10/19 16:00,0.396087572,0.507796791,0.471883986,0.421288158,0.459268502
2024/10/19 17:00,0.449212987,0.508561193,0.472126539,0.382665691,0.474204125
2024/10/19 18:00,0.453810145,0.497228668,0.478132609,0.378130313,0.474670431
2024/10/19 19:00,0.452966904,0.482122034,0.485245302,0.362994363,0.47232343
2024/10/19 20:00,0.449296483,0.492335589,0.486160245,0.356949985,0.474215028
2024/10/19 21:00,0.448448628,0.473620702,0.482174119,0.34389584,0.466396817
2024/10/19 22:00,0.438646956,0.492988888,0.486654241,0.347504193,0.471609229
2024/10/19 23:00,0.423251117,0.523482393,0.49018309,0.359530039,0.47728716
2024/10/20 0:00,0.416272595,0.53530158,0.494655028,0.391446197,0.480227293
2024/10/20 1:00,0.410031195,0.548962101,0.501845569,0.399533672,0.485395837
2024/10/20 2:00,0.409848627,0.554669615,0.505107078,0.402009212,0.488445343
2024/10/20 3:00,0.409532436,0.577933825,0.504907023,0.411828763,0.496662879
2024/10/20 4:00,0.410446248,0.557947339,0.502573297,0.396891166,0.489711521
2024/10/20 5:00,0.409125164,0.556593151,0.502674104,0.399101265,0.489115854
2024/10/20 6:00,0.401788321,0.507804057,0.501604857,0.369695741,0.472079394
2024/10/20 7:00,0.328194435,0.446843196,0.497895508,0.332138889,0.425611554
2024/10/20 8:00,0.268051321,0.372031551,0.48722592,0.277702913,0.374775536
2024/10/20 9:00,0.229178408,0.323393264,0.471835794,0.247446419,0.338469507
2024/10/20 10:00,0.216871658,0.331547345,0.474897933,0.258550899,0.33826034
2024/10/20 11:00,0.206830373,0.326740723,0.472820419,0.256262395,0.333121759
2024/10/20 12:00,0.21013505,0.311962915,0.468720006,0.247602766,0.329537628
2024/10/20 13:00,0.247632196,0.317307374,0.465923659,0.245932321,0.344197969
2024/10/20 14:00,0.283511986,0.350826502,0.469343583,0.276744555,0.372172966
2024/10/20 15:00,0.294849111,0.380111203,0.481024334,0.296051461,0.387037975
2024/10/20 16:00,0.377602664,0.411865141,0.487588526,0.329699093,0.426755835
2024/10/20 17:00,0.442619328,0.419872716,0.488655617,0.346597417,0.449043252
2024/10/20 18:00,0.446952285,0.407333672,0.488346715,0.315730074,0.444867064
2024/10/20 19:00,0.448428475,0.40665802,0.487949581,0.307395255,0.444831914
2024/10/20 20:00,0.450700543,0.429724194,0.489991818,0.319383887,0.454735328
2024/10/20 21:00,0.458498575,0.4442346,0.489386557,0.329242518,0.462166568
2024/10/20 22:00,0.465429532,0.460221223,0.493151664,0.33220143,0.470996385
2024/10/20 23:00,0.478340543,0.49559435,0.498916851,0.343354728,0.488032428
2024/10/21 0:00,0.48844188,0.54600191,0.502893794,0.369122563,0.50881173
2024/10/21 1:00,0.500531641,0.570727835,0.499393732,0.377171019,0.519676845
2024/10/21 2:00,0.514634756,0.587534713,0.494895184,0.403867291,0.528102599
2024/10/21 3:00,0.524937846,0.590345043,0.492445507,0.447913802,0.532426303
2024/10/21 4:00,0.538958747,0.597721325,0.480213366,0.45425502,0.533071275
2024/10/21 5:00,0.543826349,0.600773673,0.456180964,0.45297085,0.524722421
2024/10/21 6:00,0.521741699,0.580478845,0.433218131,0.427720157,0.501407372
2024/10/21 7:00,0.410481479,0.520778449,0.435777637,0.382397862,0.45257988
2024/10/21 8:00,0.341817254,0.442854333,0.431518419,0.33272923,0.406014206
2024/10/21 9:00,0.284279367,0.407081723,0.429498822,0.304661282,0.374967098
2024/10/21 10:00,0.26255215,0.373012155,0.424218899,0.277752406,0.354028926
2024/10/21 11:00,0.256095686,0.353719246,0.430466532,0.303134624,0.346126306
2024/10/21 12:00,0.254450409,0.350071864,0.43776907,0.304241836,0.34617677
2024/10/21 13:00,0.270204973,0.358999683,0.43483675,0.308645359,0.355429014
2024/10/21 14:00,0.297805027,0.391851831,0.424345069,0.341258966,0.374740733
2024/10/21 15:00,0.353587941,0.440767072,0.429007223,0.380877186,0.410026351
2024/10/21 16:00,0.445426681,0.46274864,0.430513953,0.380588557,0.444487778
2024/10/21 17:00,0.52568381,0.48544168,0.43188821,0.387637628,0.474525197
2024/10/21 18:00,0.536248674,0.485842335,0.430490855,0.358801417,0.476404172
2024/10/21 19:00,0.532135505,0.501032708,0.429436081,0.441740517,0.481420895
2024/10/21 20:00,0.530160483,0.564858456,0.42346874,0.429422359,0.498078463
2024/10/21 21:00,0.53415778,0.597768073,0.413860704,0.409143313,0.505813272
2024/10/21 22:00,0.530659925,0.6255079,0.400841811,0.415230399,0.511094096
2024/10/21 23:00,0.531178559,0.635251234,0.384357633,0.40637802,0.511078156
2024/10/22 0:00,0.527558634,0.622411569,0.416909303,0.452403921,0.51875719
2024/10/22 1:00,0.520337613,0.661869667,0.425119055,0.489951957,0.538048338
2024/10/22 2:00,0.519510342,0.74089052,0.389846178,0.534399809,0.56191514
2024/10/22 3:00,0.517883334,0.744420092,0.366848709,0.53655254,0.564806081
2024/10/22 4:00,0.517355165,0.742701441,0.370492956,0.532568018,0.562545693
2024/10/22 5:00,0.518991396,0.739154198,0.355625161,0.53332397,0.55140688
2024/10/22 6:00,0.499910532,0.711654587,0.346979602,0.512134531,0.524748051
2024/10/22 7:00,0.401888209,0.685774981,0.376396496,0.523364327,0.487309721
2024/10/22 8:00,0.325647144,0.625846706,0.412130421,0.481038609,0.4423382
2024/10/22 9:00,0.330831533,0.551856408,0.425677248,0.426634082,0.43115935
2024/10/22 10:00,0.270510625,0.45528814,0.424801844,0.360788266,0.381835615
2024/10/22 11:00,0.24551372,0.376519778,0.429757787,0.303259863,0.350226452
2024/10/22 12:00,0.252074372,0.355443026,0.434564554,0.292237312,0.348048052
2024/10/22 13:00,0.259442236,0.341152059,0.430127876,0.285381756,0.343499666
2024/10/22 14:00,0.292232869,0.356024474,0.418530483,0.300385771,0.357215891
2024/10/22 15:00,0.358468319,0.39392593,0.422162027,0.304263853,0.391392873
2024/10/22 16:00,0.454229962,0.432160637,0.424915398,0.332445754,0.433937933
2024/10/22 17:00,0.523795047,0.466953765,0.425591846,0.375180635,0.465617913
2024/10/22 18:00,0.529756968,0.448027992,0.42572576,0.338362631,0.460644806
2024/10/22 19:00,0.532732697,0.440523199,0.425864281,0.319551997,0.458972493
2024/10/22 20:00,0.530031009,0.485534298,0.423104936,0.353426473,0.47291725
2024/10/22 21:00,0.533888664,0.482270923,0.421371287,0.345806608,0.473366764
2024/10/22 22:00,0.533794837,0.470071194,0.41985942,0.339175971,0.469861486
2024/10/22 23:00,0.534255541,0.462678918,0.418297373,0.355810322,0.469190239
2024/10/23 0:00,0.533312572,0.452359146,0.450630143,0.349554256,0.476133622
2024/10/23 1:00,0.532107922,0.460309737,0.476676854,0.353961831,0.48693429
2024/10/23 2:00,0.529988815,0.51931865,0.46617655,0.392862342,0.505298999
2024/10/23 3:00,0.531407409,0.562729963,0.457024481,0.419701849,0.521419522
2024/10/23 4:00,0.53048412,0.564653565,0.461283944,0.426890156,0.524047478
2024/10/23 5:00,0.534036735,0.584317777,0.430783256,0.438227154,0.523844189
2024/10/23 6:00,0.512778738,0.547387147,0.40410473,0.408687245,0.493755469
2024/10/23 7:00,0.410860423,0.542682089,0.404712026,0.399134527,0.459997497
2024/10/23 8:00,0.322046946,0.517575131,0.418920231,0.429017417,0.42121818
2024/10/23 9:00,0.280000233,0.467595512,0.425353148,0.407639664,0.392044865
2024/10/23 10:00,0.265558049,0.421203978,0.425516221,0.372090393,0.37139832
2024/10/23 11:00,0.262445576,0.402614868,0.438377677,0.32523879,0.365686645
2024/10/23 12:00,0.266953395,0.404561551,0.446215413,0.350513122,0.372170908
2024/10/23 13:00,0.293934588,0.416509713,0.438587472,0.381805871,0.384395671
2024/10/23 14:00,0.301698267,0.434354471,0.428868036,0.3664973,0.388421971
2024/10/23 15:00,0.398363794,0.444049617,0.427731187,0.355012119,0.423265381
2024/10/23 16:00,0.481131534,0.465307968,0.424046832,0.352077244,0.454771937
2024/10/23 17:00,0.525186368,0.497974566,0.421010452,0.380679881,0.478748909
2024/10/23 18:00,0.529882088,0.496775448,0.41959143,0.385188179,0.479568453
2024/10/23 19:00,0.529869712,0.50745944,0.418833199,0.391626249,0.483043056
2024/10/23 20:00,0.528432172,0.588946635,0.407868437,0.441555726,0.505490293
2024/10/23 21:00,0.529841687,0.598082475,0.414251544,0.442960648,0.508076179
2024/10/23 22:00,0.530219364,0.60129125,0.414332653,0.439169476,0.509659006
2024/10/23 23:00,0.535942123,0.624742216,0.400872063,0.443431278,0.516513458
2024/10/24 0:00,0.530191015,0.64751397,0.418125929,0.453429015,0.532124748
2024/10/24 1:00,0.529980098,0.66274273,0.43622101,0.458891521,0.547311274
2024/10/24 2:00,0.529828457,0.647473674,0.433632595,0.45067188,0.545857273
2024/10/24 3:00,0.532133733,0.669572557,0.420735979,0.465993873,0.553371389
2024/10/24 4:00,0.534103364,0.673703545,0.417297686,0.472057189,0.552844645
2024/10/24 5:00,0.53511475,0.680477584,0.397918151,0.483555999,0.545805097
2024/10/24 6:00,0.514023698,0.63021443,0.391204637,0.440676803,0.514431134
2024/10/24 7:00,0.402918861,0.567700068,0.409983606,0.423336706,0.463417894
2024/10/24 8:00,0.330520657,0.494160938,0.427087429,0.43739005,0.416987128
2024/10/24 9:00,0.323233167,0.434444662,0.425884376,0.407031202,0.395796441
2024/10/24 10:00,0.364588414,0.439016984,0.426618837,0.416900441,0.412018646
2024/10/24 11:00,0.357113025,0.450905175,0.440118898,0.431859899,0.418403577
2024/10/24 12:00,0.368447389,0.452587284,0.443361971,0.439669227,0.42640704
2024/10/24 13:00,0.364732792,0.485758243,0.443561959,0.472694352,0.435888843
2024/10/24 14:00,0.390184322,0.603175054,0.446891942,0.571068198,0.476154929
2024/10/24 15:00,0.454968865,0.578879139,0.439894062,0.553045893,0.487560285
2024/10/24 16:00,0.496796945,0.538778507,0.438457507,0.516978425,0.486886798
2024/10/24 17:00,0.526372217,0.556328714,0.442214108,0.502565325,0.501369499
2024/10/24 18:00,0.527583683,0.566596824,0.440981321,0.493738415,0.504289234
2024/10/24 19:00,0.527606935,0.584035885,0.441190063,0.50435519,0.509176345
2024/10/24 20:00,0.528089963,0.60147419,0.43990228,0.50212905,0.513616951
2024/10/24 21:00,0.528288495,0.640047489,0.43183709,0.522939089,0.52296764
2024/10/24 22:00,0.530046125,0.64944253,0.422733673,0.525119244,0.525179787
2024/10/24 23:00,0.536545964,0.659378888,0.403147636,0.500080811,0.526165194
2024/10/25 0:00,0.529973499,0.644448578,0.426110672,0.478677663,0.531689769
2024/10/25 1:00,0.527783903,0.640379561,0.447355243,0.481198846,0.541444261
2024/10/25 2:00,0.528047718,0.690104137,0.431824281,0.509107533,0.558427844
2024/10/25 3:00,0.526977181,0.686424374,0.433017289,0.511138261,0.558383714
2024/10/25 4:00,0.522709097,0.698623796,0.415469498,0.524473767,0.558186532
2024/10/25 5:00,0.523039538,0.699008159,0.402783462,0.5417429,0.551333953
2024/10/25 6:00,0.459183757,0.676421776,0.387613581,0.570363863,0.51581522
2024/10/25 7:00,0.365723593,0.568651247,0.414502538,0.479641326,0.459958823
2024/10/25 8:00,0.308210156,0.544199594,0.42881655,0.461596328,0.431127096
2024/10/25 9:00,0.269978511,0.483325345,0.431405369,0.410795606,0.396100497
2024/10/25 10:00,0.264635688,0.436267895,0.428671157,0.374961342,0.3805972
2024/10/25 11:00,0.246235777,0.419066615,0.439604096,0.327164107,0.3729463
2024/10/25 12:00,0.26824135,0.421724004,0.445279624,0.313668152,0.384781201
2024/10/25 13:00,0.288450858,0.431397497,0.441054874,0.32751636,0.393179011
2024/10/25 14:00,0.349655481,0.45979653,0.433946058,0.348235764,0.419590263
2024/10/25 15:00,0.367822997,0.452326779,0.437325896,0.34632587,0.421846384
2024/10/25 16:00,0.431329471,0.443136259,0.448407109,0.350743668,0.440536931
2024/10/25 17:00,0.501447135,0.452731968,0.46006357,0.352509338,0.466562225
2024/10/25 18:00,0.508194774,0.474969062,0.46026788,0.370319478,0.475921301
2024/10/25 19:00,0.517224233,0.526590201,0.467584387,0.411475848,0.497787341
2024/10/25 20:00,0.52902043,0.606419234,0.472483957,0.473723032,0.527791517
2024/10/25 21:00,0.529524329,0.666311985,0.467068172,0.514581822,0.545344799
2024/10/25 22:00,0.530120741,0.673872691,0.459325281,0.513477939,0.546948366
2024/10/25 23:00,0.530726471,0.681939154,0.448016912,0.505857808,0.546736711
2024/10/26 0:00,0.531260989,0.688616409,0.468362976,0.509639855,0.558274544
2024/10/26 1:00,0.531007397,0.710507859,0.489009642,0.526274607,0.578125128
2024/10/26 2:00,0.530285359,0.704790624,0.489123091,0.526130252,0.580862661
2024/10/26 3:00,0.530370837,0.699441567,0.479684971,0.525240797,0.579782519
2024/10/26 4:00,0.530777211,0.697565128,0.468791139,0.523590335,0.577236446
2024/10/26 5:00,0.531215729,0.701850026,0.463775207,0.526138645,0.576819227
2024/10/26 6:00,0.509407445,0.697410307,0.467596101,0.519390078,0.568649841
2024/10/26 7:00,0.426300973,0.673455499,0.470709453,0.490562933,0.532075475
2024/10/26 8:00,0.358538509,0.623590186,0.4921932,0.464333919,0.495192031
2024/10/26 9:00,0.331514856,0.591014984,0.505594027,0.447931556,0.477125362
2024/10/26 10:00,0.283794979,0.528501038,0.504476717,0.400649588,0.434564548
2024/10/26 11:00,0.281364926,0.520463779,0.509485429,0.397859623,0.435969764
2024/10/26 12:00,0.274204535,0.518212485,0.512761776,0.40433804,0.434916204
2024/10/26 13:00,0.279502275,0.515335354,0.513379818,0.40453791,0.435441946
2024/10/26 14:00,0.323002103,0.545428378,0.511494244,0.431353,0.462422004
2024/10/26 15:00,0.387103992,0.559253445,0.506755444,0.436647923,0.486544415
2024/10/26 16:00,0.507270772,0.567745247,0.51228632,0.449109257,0.527395123
2024/10/26 17:00,0.533076775,0.560465959,0.522283407,0.444019882,0.535314953
2024/10/26 18:00,0.532098022,0.547287393,0.522672824,0.437130657,0.530906209
2024/10/26 19:00,0.53157449,0.587153904,0.525083294,0.464263546,0.544853087
2024/10/26 20:00,0.531811757,0.586692655,0.523782442,0.465245997,0.544716447
2024/10/26 21:00,0.530936538,0.582827832,0.523949379,0.46203426,0.543107976
2024/10/26 22:00,0.53154873,0.593816247,0.525776132,0.464105279,0.547242589
2024/10/26 23:00,0.532081324,0.593332983,0.51341155,0.422138582,0.54140073
2024/10/27 0:00,0.532609124,0.628978551,0.5087457,0.417945458,0.551698402
2024/10/27 1:00,0.532904044,0.662579843,0.507873216,0.433889556,0.564913661
2024/10/27 2:00,0.533911277,0.690380305,0.504633662,0.443027638,0.575001504
2024/10/27 3:00,0.532355857,0.706395624,0.495186639,0.451138799,0.57966189
2024/10/27 4:00,0.533181543,0.710062516,0.49588501,0.461368015,0.58116075
2024/10/27 5:00,0.533791537,0.71019473,0.492880492,0.461345574,0.580851492
2024/10/27 6:00,0.524114875,0.711222639,0.490908376,0.471974041,0.577530232
2024/10/27 7:00,0.472607173,0.660248888,0.494269465,0.453672583,0.545095165
2024/10/27 8:00,0.397587039,0.588727515,0.496917558,0.412766903,0.497064383
2024/10/27 9:00,0.414892707,0.567724597,0.497409918,0.393688762,0.497533991
2024/10/27 10:00,0.338885818,0.541880737,0.507260747,0.361602573,0.464334533
2024/10/27 11:00,0.28296819,0.528155327,0.512639642,0.347154839,0.437372646
2024/10/27 12:00,0.318917508,0.517324981,0.51349931,0.355355279,0.455983751
2024/10/27 13:00,0.334505921,0.534019525,0.515361864,0.381673617,0.469288594
2024/10/27 14:00,0.321650385,0.510475376,0.496623172,0.378088177,0.445730407
2024/10/27 15:00,0.376995012,0.545436081,0.501841022,0.419104812,0.475330022
2024/10/27 16:00,0.447768356,0.505440726,0.490431212,0.397218698,0.48113337
2024/10/27 17:00,0.527957907,0.491457382,0.486635081,0.395838426,0.496504916
2024/10/27 18:00,0.532097185,0.472733073,0.484280207,0.382893261,0.490411302
2024/10/27 19:00,0.532272907,0.490801422,0.487563551,0.393710032,0.498072026
2024/10/27 20:00,0.532334251,0.530749828,0.492066676,0.398923637,0.512771542
2024/10/27 21:00,0.532374723,0.529621314,0.490183795,0.379521428,0.511804478
2024/10/27 22:00,0.532283323,0.581618594,0.491817071,0.401760862,0.529320842
2024/10/27 23:00,0.536076382,0.597010782,0.485609639,0.397298084,0.535046099
2024/10/28 0:00,0.54323557,0.599608609,0.47621726,0.385378557,0.53676605
2024/10/28 1:00,0.539322512,0.614172532,0.466889194,0.395258786,0.540377149
2024/10/28 2:00,0.539240371,0.62074823,0.46922623,0.39399532,0.543640177
2024/10/28 3:00,0.543032122,0.631662953,0.468648851,0.418962238,0.54884249
2024/10/28 4:00,0.544281372,0.609453436,0.464817453,0.442355433,0.541058808
2024/10/28 5:00,0.543306916,0.609770572,0.445621275,0.448521964,0.533093797
2024/10/28 6:00,0.524465007,0.560387438,0.42978431,0.408271242,0.504136028
2024/10/28 7:00,0.467494291,0.560645245,0.435840846,0.398970593,0.487304803
2024/10/28 8:00,0.49553893,0.509822434,0.441400131,0.367440696,0.478646199
2024/10/28 9:00,0.470347218,0.482772188,0.444796167,0.344332431,0.463007189
2024/10/28 10:00,0.406429673,0.483664255,0.4458817,0.343110654,0.445072938
2024/10/28 11:00,0.356417986,0.48928186,0.456071094,0.333404031,0.434243364
2024/10/28 12:00,0.322729769,0.469484833,0.458363918,0.322536366,0.417230249
2024/10/28 13:00,0.330203901,0.470852309,0.454509903,0.340084101,0.419753305
2024/10/28 14:00,0.339714793,0.457427266,0.441314518,0.331570937,0.415054717
2024/10/28 15:00,0.339370303,0.466177204,0.441229472,0.353626283,0.416862432
2024/10/28 16:00,0.40728574,0.453144966,0.439446064,0.342736249,0.432783194
2024/10/28 17:00,0.497939715,0.450943969,0.432857522,0.349674451,0.456081009
2024/10/28 18:00,0.502873294,0.452339619,0.424259357,0.351170104,0.455314082
2024/10/28 19:00,0.498254955,0.429443722,0.423232314,0.325448581,0.445391251
2024/10/28 20:00,0.497922736,0.431137483,0.421789649,0.304639926,0.444815345
2024/10/28 21:00,0.51037811,0.421477407,0.421786833,0.299156987,0.445137595
2024/10/28 22:00,0.52486712,0.421622,0.42361643,0.293198214,0.44983388
2024/10/28 23:00,0.540269201,0.430283009,0.425918635,0.300528692,0.459959037
2024/10/29 0:00,0.542152099,0.464661307,0.448097587,0.321040633,0.480397365
2024/10/29 1:00,0.543138546,0.44938594,0.479072501,0.309874601,0.485944655
2024/10/29 2:00,0.539435298,0.476609648,0.482404551,0.326129818,0.494884105
2024/10/29 3:00,0.534362902,0.478255068,0.4797125,0.333376994,0.493005327
2024/10/29 4:00,0.535090834,0.482812157,0.472812499,0.341534513,0.492899055
2024/10/29 5:00,0.536748963,0.489250229,0.454359544,0.348512726,0.489687534
2024/10/29 6:00,0.534321914,0.486847675,0.437044317,0.342310854,0.481284386
2024/10/29 7:00,0.478498669,0.501798168,0.459588578,0.332852545,0.477838571
2024/10/29 8:00,0.3430908,0.498533734,0.466402187,0.318071023,0.431397823
2024/10/29 9:00,0.274489222,0.456125923,0.467371887,0.327811978,0.391434992
2024/10/29 10:00,0.262638142,0.402474019,0.456737712,0.297434359,0.369968864
2024/10/29 11:00,0.253345346,0.286963319,0.432372453,0.209995567,0.321424366
2024/10/29 12:00,0.253742651,0.302057342,0.442817578,0.231607529,0.329463385
2024/10/29 13:00,0.268770834,0.336575726,0.443713112,0.259592823,0.348879376
2024/10/29 14:00,0.300579618,0.362294305,0.441901951,0.280774143,0.368357174
2024/10/29 15:00,0.350520759,0.393093883,0.44281439,0.305977305,0.396228625
2024/10/29 16:00,0.463152248,0.411891491,0.441332029,0.288248596,0.434933705
2024/10/29 17:00,0.529602644,0.426991841,0.430783551,0.372251946,0.457333796
2024/10/29 18:00,0.536979724,0.420668724,0.420068058,0.307531688,0.451623961
2024/10/29 19:00,0.540606502,0.395934435,0.418259443,0.274699451,0.44285114
2024/10/29 20:00,0.541947051,0.417736188,0.419141609,0.297334902,0.451171699
2024/10/29 21:00,0.544245477,0.413101781,0.419540314,0.283562649,0.449871861
2024/10/29 22:00,0.540431544,0.389287528,0.420564415,0.271104437,0.444385065
2024/10/29 23:00,0.545970054,0.376265166,0.420987763,0.251428373,0.442603125
2024/10/30 0:00,0.537060264,0.359884026,0.450100327,0.244754768,0.44420426
2024/10/30 1:00,0.540457011,0.370995291,0.476023997,0.246429696,0.455651328
2024/10/30 2:00,0.541291967,0.403840845,0.478922319,0.265832958,0.467082179
2024/10/30 3:00,0.543203917,0.408473891,0.476570265,0.274655211,0.468024707
2024/10/30 4:00,0.545183836,0.421455594,0.469746606,0.293872872,0.471122287
2024/10/30 5:00,0.547570476,0.442212636,0.445207425,0.343052241,0.471667097
2024/10/30 6:00,0.534640372,0.420758573,0.42208944,0.321040877,0.451071186
2024/10/30 7:00,0.454073588,0.408195612,0.420583615,0.347710433,0.424208286
2024/10/30 8:00,0.323306276,0.375616448,0.415818834,0.322151159,0.372374101
2024/10/30 9:00,0.286033209,0.318567948,0.406160283,0.279816635,0.338149585
2024/10/30 10:00,0.265405659,0.286380788,0.400685035,0.243878978,0.317741036
2024/10/30 11:00,0.252397565,0.2930388,0.410678919,0.260865767,0.318652167
2024/10/30 12:00,0.258403469,0.30497771,0.419688221,0.276554726,0.327583354
2024/10/30 13:00,0.28501544,0.325183699,0.418186444,0.298181632,0.343718333
2024/10/30 14:00,0.391744095,0.36312289,0.413990691,0.3382731,0.388702928
2024/10/30 15:00,0.385761367,0.400230356,0.417563245,0.372029189,0.401906997
2024/10/30 16:00,0.451477305,0.428571266,0.420027605,0.38751357,0.43123371
2024/10/30 17:00,0.529916092,0.43478551,0.42282586,0.401170952,0.456344194
2024/10/30 18:00,0.534468345,0.437952429,0.422720128,0.398247624,0.458442272
2024/10/30 19:00,0.534154133,0.446533425,0.425242272,0.395674412,0.461144601
2024/10/30 20:00,0.534619459,0.511788355,0.431901937,0.444454041,0.484854143
2024/10/30 21:00,0.534409197,0.522626101,0.436462996,0.450566275,0.488124888
2024/10/30 22:00,0.534659807,0.521131824,0.43262116,0.446771689,0.487297835
2024/10/30 23:00,0.532575715,0.526885728,0.435691302,0.450315741,0.489879517
2024/10/31 0:00,0.533865714,0.527960234,0.459095184,0.446435967,0.501335039
2024/10/31 1:00,0.534556485,0.530382941,0.477209545,0.443917319,0.510468098
2024/10/31 2:00,0.534502557,0.508937266,0.482823981,0.419799246,0.505355953
2024/10/31 3:00,0.532606752,0.514871535,0.483768977,0.417215212,0.50712779
2024/10/31 4:00,0.532491065,0.503009482,0.491368622,0.409960448,0.505802254
2024/10/31 5:00,0.531801402,0.497931543,0.47697973,0.382907804,0.497972105
2024/10/31 6:00,0.530662989,0.480549735,0.445888369,0.359091811,0.478962937
2024/10/31 7:00,0.530563896,0.498339907,0.440699073,0.369610322,0.482401754
2024/10/31 8:00,0.51668512,0.521431992,0.444358255,0.376177253,0.487331941
2024/10/31 9:00,0.497960544,0.54349215,0.451254533,0.379371432,0.492055655
2024/10/31 10:00,0.474330452,0.541463289,0.453688679,0.374359518,0.488877428
2024/10/31 11:00,0.480223331,0.552846497,0.467874526,0.361476425,0.500414695
2024/10/31 12:00,0.48650324,0.555986272,0.473816283,0.437080548,0.508659708
2024/10/31 13:00,0.492375813,0.594437904,0.463302387,0.538233914,0.523915462
2024/10/31 14:00,0.491002864,0.566685073,0.451939178,0.525513424,0.510319586
2024/10/31 15:00,0.528133703,0.582941276,0.44514346,0.545660333,0.522062451
2024/10/31 16:00,0.545466967,0.579059591,0.460431144,0.547301118,0.525632413
2024/10/31 17:00,0.545018888,0.549893293,0.454940619,0.525698472,0.513233552
2024/10/31 18:00,0.550177196,0.526917418,0.465614835,0.508825644,0.509191059
2024/10/31 19:00,0.541523244,0.50465369,0.459943184,0.491841996,0.496930714
2024/10/31 20:00,0.546774853,0.529408991,0.459866566,0.510489466,0.506646136
2024/10/31 21:00,0.548361337,0.534896907,0.464113974,0.514421079,0.509641979
2024/10/31 22:00,0.544151065,0.519557025,0.468457009,0.501050022,0.506596899
2024/10/31 23:00,0.55035619,0.519809358,0.476476898,0.500894288,0.511247169
2024/11/1 0:00,0.549139715,0.532984365,0.489420512,0.512678513,0.520277013
2024/11/1 1:00,0.548058681,0.560472611,0.500445385,0.5335372,0.533629083
2024/11/1 2:00,0.54875222,0.557034235,0.507476977,0.531252371,0.536475752
2024/11/1 3:00,0.547120286,0.534359298,0.511871489,0.513659549,0.529955733
2024/11/1 4:00,0.547287217,0.536247706,0.52769928,0.515671599,0.536331832
2024/11/1 5:00,0.545930102,0.55288679,0.513220032,0.528614324,0.536454793
2024/11/1 6:00,0.542965694,0.567923317,0.487931162,0.538440619,0.529579786
2024/11/1 7:00,0.509182386,0.550997657,0.480950807,0.520100613,0.51143386
2024/11/1 8:00,0.445577282,0.493929866,0.477796242,0.46517014,0.472341147
2024/11/1 9:00,0.423498791,0.493889165,0.477948798,0.464139579,0.465506732
2024/11/1 10:00,0.326868033,0.487954941,0.477988073,0.451126259,0.427960609
2024/11/1 11:00,0.374379482,0.489458419,0.492319292,0.46205773,0.455744925
2024/11/1 12:00,0.444207292,0.516719529,0.512870871,0.461709557,0.496979536
2024/11/1 13:00,0.32626628,0.50696976,0.513428205,0.35739015,0.450529172
2024/11/1 14:00,0.3571085,0.517356019,0.499047655,0.365954129,0.459999207
2024/11/1 15:00,0.410010582,0.520765929,0.495754415,0.370236482,0.477442043
2024/11/1 16:00,0.467039917,0.540072215,0.495009222,0.384841418,0.499465032
2024/11/1 17:00,0.533508322,0.533172217,0.494062385,0.394506441,0.515000447
2024/11/1 18:00,0.534670126,0.552573448,0.500828288,0.41293283,0.525097759
2024/11/1 19:00,0.5348416,0.571269728,0.50378528,0.430345245,0.532799314
2024/11/1 20:00,0.535130083,0.600404934,0.503266339,0.451706678,0.542747549
2024/11/1 21:00,0.535024405,0.622638929,0.499585493,0.46246672,0.549412273
2024/11/1 22:00,0.535056099,0.633891741,0.494363085,0.464560767,0.551651025
2024/11/1 23:00,0.535238601,0.642701769,0.497550574,0.468330982,0.557883733
2024/11/2 0:00,0.536179675,0.632342143,0.506096429,0.455719146,0.560196001
2024/11/2 1:00,0.537976235,0.633049205,0.515694495,0.449472681,0.563521539
2024/11/2 2:00,0.544486071,0.613267881,0.509257016,0.430496434,0.555271368
2024/11/2 3:00,0.558694037,0.605134954,0.503275344,0.416248582,0.553912883
2024/11/2 4:00,0.559159166,0.577518775,0.496767567,0.396343728,0.540965491
2024/11/2 5:00,0.55545835,0.575027152,0.485402533,0.401745139,0.534698409
2024/11/2 6:00,0.527089764,0.514160198,0.48335924,0.366748724,0.502789091
2024/11/2 7:00,0.411808852,0.414635077,0.466970776,0.302372547,0.428905185
2024/11/2 8:00,0.316432385,0.326825973,0.44130764,0.245362703,0.358484332
2024/11/2 9:00,0.274849503,0.277829674,0.415462263,0.214968045,0.319169241
2024/11/2 10:00,0.255803984,0.259413154,0.402620432,0.202681944,0.30236307
2024/11/2 11:00,0.247112204,0.253005099,0.399127904,0.195322515,0.296133312
2024/11/2 12:00,0.249654084,0.256317716,0.40143836,0.194961321,0.298705866
2024/11/2 13:00,0.263235008,0.264335925,0.409663815,0.199559899,0.307670552
2024/11/2 14:00,0.291096098,0.280493079,0.419563208,0.210339687,0.3255688
2024/11/2 15:00,0.346990219,0.313329583,0.429154552,0.229745436,0.359367926
2024/11/2 16:00,0.453059839,0.368480015,0.440802527,0.271033503,0.416716199
2024/11/2 17:00,0.533706636,0.405258558,0.458298145,0.306152951,0.460027574
2024/11/2 18:00,0.537083263,0.452145836,0.471999695,0.335943601,0.481647246
2024/11/2 19:00,0.540349388,0.486194943,0.468223321,0.356186332,0.492360353
2024/11/2 20:00,0.543629815,0.534131763,0.475853727,0.385704725,0.511614093
2024/11/2 21:00,0.544043201,0.551568177,0.478833639,0.398583516,0.518654929
2024/11/2 22:00,0.546224488,0.568302674,0.484904782,0.399323033,0.526809188
2024/11/2 23:00,0.544501735,0.56341529,0.48292387,0.382899446,0.524525071
2024/11/3 0:00,0.543310327,0.539626695,0.475178324,0.355344743,0.512884228
2024/11/3 1:00,0.545051395,0.523802651,0.471598696,0.341706187,0.507129872
2024/11/3 2:00,0.53897293,0.527739555,0.469505885,0.353789469,0.505995706
2024/11/3 3:00,0.529921099,0.519555945,0.464858931,0.344874453,0.499196931
2024/11/3 4:00,0.530136985,0.514025036,0.469941493,0.33834481,0.49946155
2024/11/3 5:00,0.529707231,0.510216779,0.47434617,0.341390486,0.49959377
2024/11/3 6:00,0.519533503,0.481538253,0.473840435,0.328879002,0.486614717
2024/11/3 7:00,0.409033593,0.419590998,0.464752592,0.283094223,0.428972392
2024/11/3 8:00,0.32463149,0.336924421,0.444254125,0.226154644,0.364122685
2024/11/3 9:00,0.280907223,0.30081057,0.420705063,0.201304163,0.330013715
2024/11/3 10:00,0.260449752,0.274868617,0.411787852,0.184411749,0.31120816
2024/11/3 11:00,0.251445144,0.273828687,0.409368398,0.195033017,0.307418086
2024/11/3 12:00,0.252048444,0.293457436,0.412882053,0.205721639,0.316618103
2024/11/3 13:00,0.264425999,0.306375498,0.41668837,0.218428112,0.327493052
2024/11/3 14:00,0.294841088,0.330411463,0.426474783,0.237317953,0.350024273
2024/11/3 15:00,0.351556698,0.383831721,0.440668447,0.269845959,0.392890215
2024/11/3 16:00,0.457387167,0.450878963,0.45965129,0.320285756,0.453424031
2024/11/3 17:00,0.539220794,0.488800416,0.467521006,0.352746847,0.490211668
2024/11/3 18:00,0.538509746,0.486143415,0.466119721,0.355372429,0.489254606
2024/11/3 19:00,0.537032336,0.472976478,0.46364681,0.343779992,0.48330048
2024/11/3 20:00,0.53615804,0.472094452,0.465338399,0.34264769,0.483338645
2024/11/3 21:00,0.536238089,0.459303119,0.463513068,0.335047072,0.478934916
2024/11/3 22:00,0.536914371,0.500863927,0.469056988,0.356646836,0.495498188
2024/11/3 23:00,0.537130646,0.523549034,0.469620963,0.359457111,0.50511893
2024/11/4 0:00,0.538373795,0.558421431,0.469805727,0.369028133,0.517338054
2024/11/4 1:00,0.54095491,0.613343278,0.464832426,0.398590824,0.535821482
2024/11/4 2:00,0.54297835,0.627424027,0.458295415,0.402125403,0.541385343
2024/11/4 3:00,0.542014225,0.631482865,0.458390777,0.416408787,0.543490428
2024/11/4 4:00,0.538396547,0.628464588,0.454917699,0.416415492,0.541811925
2024/11/4 5:00,0.537795275,0.631834118,0.443274078,0.422490922,0.5372162
2024/11/4 6:00,0.523390222,0.612440192,0.423358867,0.39651223,0.518037976
2024/11/4 7:00,0.427699593,0.53353798,0.428915951,0.325012308,0.464838869
2024/11/4 8:00,0.347452765,0.462253466,0.428079556,0.268002113,0.413412287
2024/11/4 9:00,0.291225102,0.412299925,0.420678873,0.228397295,0.37484222
2024/11/4 10:00,0.276467461,0.378646899,0.413067722,0.212512176,0.355590398
2024/11/4 11:00,0.258416988,0.349624456,0.41328507,0.220435428,0.339166757
2024/11/4 12:00,0.255313877,0.341285473,0.416902293,0.216025677,0.336627988
2024/11/4 13:00,0.270724732,0.352093094,0.415947308,0.233185106,0.34693498
2024/11/4 14:00,0.29968673,0.387530024,0.412893279,0.268511315,0.369104267
2024/11/4 15:00,0.362360522,0.417633426,0.418332733,0.289932697,0.400493796
2024/11/4 16:00,0.467837023,0.426697825,0.421143937,0.295900208,0.433722365
2024/11/4 17:00,0.533034457,0.44162376,0.425635358,0.320024225,0.457957673
2024/11/4 18:00,0.53838219,0.445698735,0.425782427,0.327362652,0.461003834
2024/11/4 19:00,0.538330897,0.471393218,0.430585942,0.345765178,0.472396738
2024/11/4 20:00,0.536762685,0.502891737,0.435405383,0.36757604,0.485663132
2024/11/4 21:00,0.540803938,0.497411368,0.43403296,0.355362856,0.48432241
2024/11/4 22:00,0.539390186,0.488660459,0.436445003,0.327690013,0.482610042
2024/11/4 23:00,0.544935173,0.479920889,0.42939597,0.317063456,0.481131435
2024/11/5 0:00,0.544279499,0.509124782,0.44859289,0.331291762,0.498098425
2024/11/5 1:00,0.547547006,0.542876572,0.44909749,0.342515505,0.512252223
2024/11/5 2:00,0.54315405,0.546842147,0.448623504,0.350773114,0.512651108
2024/11/5 3:00,0.543673638,0.518664631,0.449420551,0.343552809,0.502838828
2024/11/5 4:00,0.545807992,0.498329945,0.453536599,0.331739784,0.496189081
2024/11/5 5:00,0.545586341,0.480541035,0.447980985,0.32621177,0.48720967
2024/11/5 6:00,0.541504828,0.448621157,0.430654006,0.301691136,0.466194718
2024/11/5 7:00,0.497066438,0.43462132,0.426419282,0.284618859,0.446683455
2024/11/5 8:00,0.461006793,0.409369622,0.423560466,0.237624034,0.426601268
2024/11/5 9:00,0.357646336,0.366425416,0.412095225,0.176189897,0.377196153
2024/11/5 10:00,0.293907555,0.326080366,0.398544221,0.165276562,0.337759485
2024/11/5 11:00,0.260027131,0.318723303,0.401874535,0.166875646,0.325002691
2024/11/5 12:00,0.272152822,0.327227184,0.408046054,0.198110703,0.336132503
2024/11/5 13:00,0.279167803,0.33841553,0.41088134,0.220407334,0.343305555
2024/11/5 14:00,0.325532359,0.382677929,0.413980239,0.258147285,0.376148034
2024/11/5 15:00,0.373282769,0.413700998,0.423346876,0.286729343,0.40420512
2024/11/5 16:00,0.464773458,0.429916044,0.441124387,0.295500191,0.441002648
2024/11/5 17:00,0.521278896,0.450248384,0.451180058,0.319109173,0.466838083
2024/11/5 18:00,0.522597022,0.470675171,0.445907895,0.343013662,0.472340415
2024/11/5 19:00,0.524076202,0.486159849,0.439098997,0.355187749,0.475837291
2024/11/5 20:00,0.525834548,0.521098455,0.432905989,0.378412502,0.486363981
2024/11/5 21:00,0.529337459,0.511701133,0.428496077,0.363241651,0.481979168
2024/11/5 22:00,0.526213624,0.495923939,0.425937917,0.327836696,0.475203338
2024/11/5 23:00,0.512476539,0.509475741,0.430325972,0.324881146,0.480312273
2024/11/6 0:00,0.501203557,0.52039688,0.438750523,0.324978825,0.485723486
2024/11/6 1:00,0.500967107,0.559226745,0.440460228,0.348726066,0.502971741
2024/11/6 2:00,0.503836157,0.555713521,0.440090207,0.342010291,0.503460415
2024/11/6 3:00,0.503597001,0.545937464,0.439335143,0.333871471,0.500148884
2024/11/6 4:00,0.501139961,0.543086774,0.438250073,0.3472434,0.497987246
2024/11/6 5:00,0.50113543,0.541335897,0.432065769,0.344467518,0.494942692
2024/11/6 6:00,0.489939713,0.496122147,0.422767735,0.318240435,0.468807152
2024/11/6 7:00,0.378862114,0.438803702,0.423238135,0.277612401,0.416409391
2024/11/6 8:00,0.287932015,0.377678349,0.420507518,0.232555027,0.364764312
2024/11/6 9:00,0.241787432,0.327353439,0.406063843,0.209158745,0.326496801
2024/11/6 10:00,0.223544639,0.293858912,0.395040293,0.195872923,0.305024861
2024/11/6 11:00,0.218461439,0.285770643,0.394694803,0.190559591,0.300247191
2024/11/6 12:00,0.220385002,0.307904404,0.410909565,0.195608294,0.313944825
2024/11/6 13:00,0.234244684,0.327788128,0.411713266,0.213678934,0.328378127
2024/11/6 14:00,0.273002449,0.372019101,0.415077561,0.241754738,0.358996179
2024/11/6 15:00,0.347224387,0.423895105,0.423432882,0.2759391,0.402047385
2024/11/6 16:00,0.460123759,0.452881911,0.423479262,0.306412878,0.442656308
2024/11/6 17:00,0.531160412,0.469377515,0.42696484,0.33390705,0.467677587
2024/11/6 18:00,0.533132669,0.487160956,0.43239035,0.353349275,0.477219512
2024/11/6 19:00,0.533021442,0.503758233,0.428908083,0.36512561,0.482685996
2024/11/6 20:00,0.533964893,0.539343564,0.423862796,0.390568486,0.49433447
2024/11/6 21:00,0.534227742,0.531352647,0.422231608,0.379673269,0.490144951
2024/11/6 22:00,0.538326501,0.507403243,0.422636134,0.351307099,0.481322487
2024/11/6 23:00,0.543618987,0.488352562,0.422291511,0.329115452,0.477540077
2024/11/7 0:00,0.539969492,0.506286148,0.437850075,0.342284558,0.489451654
2024/11/7 1:00,0.53593944,0.518028661,0.449963491,0.350410612,0.497363221
2024/11/7 2:00,0.539251001,0.531791375,0.451240629,0.357237392,0.50529811
2024/11/7 3:00,0.539457343,0.530368676,0.458059369,0.358789806,0.50717208
2024/11/7 4:00,0.535928476,0.535252334,0.442526717,0.360686349,0.503955767
2024/11/7 5:00,0.53496341,0.55255873,0.433630783,0.374421185,0.507714465
2024/11/7 6:00,0.526106289,0.524915313,0.418104108,0.344834414,0.488436657
2024/11/7 7:00,0.416470864,0.457390294,0.414286958,0.297601344,0.430492746
2024/11/7 8:00,0.331583877,0.382667624,0.405968548,0.250468327,0.373112745
2024/11/7 9:00,0.279750077,0.326775013,0.390943718,0.193256278,0.331811478
2024/11/7 10:00,0.258618297,0.299349286,0.38308821,0.194071363,0.312169058
2024/11/7 11:00,0.25066943,0.296376821,0.388294648,0.224648214,0.309544713
2024/11/7 12:00,0.259711375,0.311986291,0.398914314,0.235362113,0.321802017
2024/11/7 13:00,0.270180346,0.321113983,0.39844846,0.239550218,0.329572294
2024/11/7 14:00,0.298879867,0.347064865,0.397625789,0.262996118,0.348299005
2024/11/7 15:00,0.371233606,0.398133394,0.407582076,0.299627217,0.392477755
2024/11/7 16:00,0.47297781,0.439467019,0.416264417,0.319537861,0.437975886
2024/11/7 17:00,0.532210996,0.479566971,0.426426647,0.362729702,0.471925031
2024/11/7 18:00,0.534588102,0.472312589,0.425332983,0.353798677,0.469257549
2024/11/7 19:00,0.534798263,0.479733823,0.426026074,0.354545601,0.471681272
2024/11/7 20:00,0.535020338,0.52226802,0.42941962,0.387585352,0.48766667
2024/11/7 21:00,0.538427395,0.518350451,0.428480745,0.38100977,0.486212563
2024/11/7 22:00,0.538631326,0.523290134,0.431670682,0.393224951,0.488751028
2024/11/7 23:00,0.541003618,0.522123797,0.431605177,0.396267598,0.491805326
2024/11/8 0:00,0.542001248,0.485178147,0.440207296,0.364966084,0.482508729
2024/11/8 1:00,0.539030453,0.483062454,0.447386725,0.363097068,0.484156855
2024/11/8 2:00,0.539653321,0.494104938,0.444128979,0.375371799,0.487355354
2024/11/8 3:00,0.539461859,0.486622728,0.442618739,0.376310852,0.483688757
2024/11/8 4:00,0.541357949,0.507146189,0.442959945,0.388878985,0.493113883
2024/11/8 5:00,0.540716885,0.522414854,0.439954138,0.40112239,0.498141021
2024/11/8 6:00,0.539846322,0.506584619,0.424402076,0.385106518,0.484662258
2024/11/8 7:00,0.486646227,0.497189262,0.420145081,0.358589537,0.466104501
2024/11/8 8:00,0.443282094,0.443708542,0.414700877,0.319653115,0.432205349
2024/11/8 9:00,0.42073646,0.44436164,0.418019956,0.321771503,0.427728066
2024/11/8 10:00,0.341108941,0.40741425,0.414217895,0.300599627,0.390114324
2024/11/8 11:00,0.328105619,0.366655714,0.410713514,0.279492242,0.370041134
2024/11/8 12:00,0.301707332,0.32898787,0.40787176,0.25425772,0.345177482
2024/11/8 13:00,0.334672822,0.373568411,0.417882384,0.288012736,0.376299876
2024/11/8 14:00,0.323652077,0.381516379,0.411029443,0.28250231,0.372309037
2024/11/8 15:00,0.386373723,0.420989073,0.419939037,0.313604878,0.409823546
2024/11/8 16:00,0.479457553,0.457639555,0.426107098,0.334438176,0.449743279
2024/11/8 17:00,0.529994901,0.45278122,0.425303303,0.341207394,0.46005752
2024/11/8 18:00,0.531737753,0.458411448,0.424030324,0.348554952,0.461951118
2024/11/8 19:00,0.534051042,0.48374684,0.425431204,0.363570057,0.472318108
2024/11/8 20:00,0.534393107,0.515508003,0.433798348,0.390483267,0.486687279
2024/11/8 21:00,0.532330051,0.505754572,0.432727992,0.376849394,0.48200898
2024/11/8 22:00,0.532838801,0.493815886,0.431197478,0.368962956,0.477533542
2024/11/8 23:00,0.533751028,0.494333866,0.431603703,0.36213443,0.480501092
2024/11/9 0:00,0.533913849,0.495851155,0.443904099,0.363024843,0.48581857
2024/11/9 1:00,0.532878342,0.502484693,0.45118026,0.36820279,0.490979674
2024/11/9 2:00,0.534296452,0.509187299,0.450006545,0.375640315,0.493539735
2024/11/9 3:00,0.533079994,0.524971063,0.450608167,0.388991588,0.49881453
2024/11/9 4:00,0.534444392,0.524003508,0.455511441,0.389853754,0.500650326
2024/11/9 5:00,0.533949698,0.526852677,0.459649232,0.395720826,0.503097502
2024/11/9 6:00,0.520893558,0.507375728,0.461141429,0.380014255,0.492791256
2024/11/9 7:00,0.415227381,0.484379019,0.46442473,0.351287106,0.454514289
2024/11/9 8:00,0.337433868,0.436179648,0.453856924,0.309573222,0.409809527
2024/11/9 9:00,0.294894489,0.387801993,0.444997702,0.270736727,0.376262155
2024/11/9 10:00,0.279553024,0.340372099,0.432589916,0.238367531,0.349947112
2024/11/9 11:00,0.265368961,0.311252361,0.423966253,0.225074022,0.330439349
2024/11/9 12:00,0.260882079,0.308559945,0.423371461,0.228209595,0.328366633
2024/11/9 13:00,0.276166191,0.327500481,0.431775631,0.251320338,0.343235864
2024/11/9 14:00,0.309146566,0.37795046,0.446681045,0.294558594,0.377876962
2024/11/9 15:00,0.366115828,0.433767725,0.456617243,0.343908957,0.420925933
2024/11/9 16:00,0.466423108,0.461360453,0.45700247,0.370209148,0.459207336
2024/11/9 17:00,0.532623734,0.441981352,0.454677518,0.364388957,0.468231781
2024/11/9 18:00,0.53301772,0.441710602,0.455264814,0.363913494,0.468552714
2024/11/9 19:00,0.53313643,0.43220102,0.454204509,0.354122938,0.46477699
2024/11/9 20:00,0.533202361,0.454996294,0.458106316,0.371729147,0.475506679
2024/11/9 21:00,0.532738061,0.455384931,0.459021399,0.370713344,0.477227388
2024/11/9 22:00,0.528526486,0.487916504,0.463353305,0.389011479,0.488774831
2024/11/9 23:00,0.513244488,0.49000358,0.460829245,0.379589636,0.484505
2024/11/10 0:00,0.509598826,0.523277004,0.459290335,0.393524137,0.493236479
2024/11/10 1:00,0.514258773,0.591756694,0.456903294,0.434886474,0.515520859
2024/11/10 2:00,0.529251106,0.619338129,0.449957253,0.4555393,0.528258022
2024/11/10 3:00,0.535692731,0.610486058,0.450640578,0.453261387,0.527950334
2024/11/10 4:00,0.537983143,0.591133671,0.451971592,0.445033697,0.522240635
2024/11/10 5:00,0.538362604,0.581078112,0.4521084,0.438826481,0.519249013
2024/11/10 6:00,0.530102147,0.559128397,0.456141669,0.419434892,0.511239609
2024/11/10 7:00,0.441843509,0.526977963,0.458039692,0.391629818,0.47506739
2024/11/10 8:00,0.414291405,0.442680057,0.456206124,0.344562074,0.437582402
2024/11/10 9:00,0.368549154,0.3873197,0.447031419,0.306399866,0.400323268
2024/11/10 10:00,0.2807123,0.360573838,0.441033916,0.287240662,0.360672857
2024/11/10 11:00,0.271466581,0.354373809,0.4390958,0.279958539,0.354183446
2024/11/10 12:00,0.267935107,0.349846347,0.442543825,0.27360365,0.351507002
2024/11/10 13:00,0.277899385,0.352909357,0.442503903,0.27549334,0.356277126
2024/11/10 14:00,0.312408547,0.378233847,0.448552655,0.302089508,0.382131925
2024/11/10 15:00,0.376628294,0.394808504,0.448753503,0.314646055,0.40733505
2024/11/10 16:00,0.481513779,0.425086334,0.456777983,0.341048167,0.449788207
2024/11/10 17:00,0.536710243,0.466014668,0.464488771,0.381751462,0.482698714
2024/11/10 18:00,0.535790612,0.486308764,0.465081348,0.399556834,0.490260404
2024/11/10 19:00,0.537198234,0.482078232,0.463110046,0.395368207,0.488650052
2024/11/10 20:00,0.535137729,0.472083876,0.459076377,0.389054234,0.483422479
2024/11/10 21:00,0.533908599,0.479892198,0.458999274,0.392959168,0.485538564
2024/11/10 22:00,0.537838111,0.476266274,0.458986296,0.384625349,0.484430971
2024/11/10 23:00,0.541219013,0.485011823,0.454787495,0.390189317,0.488249593
2024/11/11 0:00,0.537814858,0.474830635,0.459034932,0.379496558,0.485146657
2024/11/11 1:00,0.535781723,0.493495609,0.459997415,0.392197478,0.491312637
2024/11/11 2:00,0.538483768,0.493213558,0.45888044,0.391661637,0.491406345
2024/11/11 3:00,0.538202119,0.499845564,0.458979619,0.396304442,0.493574392
2024/11/11 4:00,0.538826268,0.500355307,0.459772194,0.396865543,0.493888344
2024/11/11 5:00,0.535613794,0.49140486,0.452910461,0.394976757,0.487052476
2024/11/11 6:00,0.523844133,0.45931983,0.424104755,0.374521163,0.460356822
2024/11/11 7:00,0.430401362,0.413305275,0.413843114,0.332105292,0.416543176
2024/11/11 8:00,0.345972497,0.369885452,0.405314898,0.288211411,0.374181512
2024/11/11 9:00,0.302178663,0.318094826,0.398153414,0.246085389,0.339190993
2024/11/11 10:00,0.273103367,0.288723292,0.395792912,0.224124622,0.317599021
2024/11/11 11:00,0.274561944,0.279436753,0.401165601,0.224561212,0.31451897
2024/11/11 12:00,0.265740846,0.310437486,0.414059623,0.246951013,0.326382708
2024/11/11 13:00,0.278440457,0.362210973,0.420569318,0.289502392,0.353603171
2024/11/11 14:00,0.310641348,0.407302986,0.417860141,0.325657982,0.380477278
2024/11/11 15:00,0.3738943,0.43069559,0.420352944,0.340901554,0.409343383
2024/11/11 16:00,0.460464413,0.453684969,0.426298176,0.36297987,0.444749174
2024/11/11 17:00,0.528551472,0.468337135,0.430558969,0.388904592,0.470703245
2024/11/11 18:00,0.535000907,0.484926935,0.426983588,0.404799185,0.478469797
2024/11/11 19:00,0.541584053,0.468526472,0.421483845,0.389797984,0.472962007
2024/11/11 20:00,0.532267665,0.508161193,0.422589096,0.419173554,0.484039547
2024/11/11 21:00,0.533938864,0.529491838,0.423355536,0.433843702,0.492254473
2024/11/11 22:00,0.529709773,0.54886809,0.423158515,0.437086977,0.497615824
2024/11/11 23:00,0.505823996,0.558776267,0.418872477,0.432417751,0.494490403
2024/11/12 0:00,0.497545642,0.555288961,0.436630595,0.433429798,0.497982224
2024/11/12 1:00,0.497903756,0.590854581,0.435497753,0.460961355,0.513511365
2024/11/12 2:00,0.497325588,0.586772814,0.431025097,0.452848819,0.513185833
2024/11/12 3:00,0.499130588,0.583821166,0.428625635,0.453801568,0.513425042
2024/11/12 4:00,0.497518147,0.588717171,0.421896805,0.452584806,0.512541764
2024/11/12 5:00,0.497795962,0.614810717,0.41419219,0.460244383,0.517096248
2024/11/12 6:00,0.495019403,0.617472251,0.384772129,0.458239509,0.509318039
2024/11/12 7:00,0.451130488,0.62473923,0.384385318,0.460810311,0.496242663
2024/11/12 8:00,0.419437893,0.548830331,0.414704728,0.412218127,0.462050653
2024/11/12 9:00,0.402339801,0.527251781,0.429731126,0.404110617,0.45501355
2024/11/12 10:00,0.415220159,0.508004928,0.434536044,0.395405854,0.454782686
2024/11/12 11:00,0.399876281,0.476076027,0.455205287,0.377307616,0.444876829
2024/11/12 12:00,0.421437383,0.493113066,0.463637237,0.392588272,0.462075342
2024/11/12 13:00,0.431009508,0.447137141,0.463889622,0.356866378,0.44638106
2024/11/12 14:00,0.458625752,0.483662149,0.442589368,0.37889725,0.46177607
2024/11/12 15:00,0.485817825,0.48578448,0.426488523,0.392218607,0.464926055
2024/11/12 16:00,0.525224857,0.469491818,0.424194746,0.379176001,0.469360204
2024/11/12 17:00,0.532143891,0.476023483,0.424825083,0.377359052,0.474126517
2024/11/12 18:00,0.530638903,0.476269213,0.423289452,0.378508046,0.473164798
2024/11/12 19:00,0.530184763,0.521346564,0.423320501,0.406252311,0.490135338
2024/11/12 20:00,0.531982363,0.584735965,0.42479144,0.458214676,0.511881551
2024/11/12 21:00,0.534447996,0.607405681,0.420761277,0.497820608,0.518904406
2024/11/12 22:00,0.534956052,0.628327615,0.410950347,0.508174595,0.525819861
2024/11/12 23:00,0.537092291,0.626659123,0.404734993,0.494764716,0.52541191
2024/11/13 0:00,0.532947969,0.609110771,0.415919027,0.487791673,0.522776784
2024/11/13 1:00,0.534156015,0.631259222,0.404187094,0.498762508,0.530680087
2024/11/13 2:00,0.535255088,0.639609528,0.384480395,0.497102344,0.53353303
2024/11/13 3:00,0.531173544,0.622111868,0.376612998,0.481693233,0.527157094
2024/11/13 4:00,0.532002754,0.634889374,0.372678933,0.500636426,0.531749059
2024/11/13 5:00,0.533544829,0.650810739,0.366389594,0.507584046,0.537430505
2024/11/13 6:00,0.534025486,0.6579052,0.357463369,0.508782843,0.533637398
2024/11/13 7:00,0.497072906,0.62531653,0.404782706,0.478248347,0.518307538
2024/11/13 8:00,0.390444682,0.558603753,0.436034393,0.419269393,0.465100456
2024/11/13 9:00,0.342086126,0.464480111,0.446127347,0.366587034,0.419160324
2024/11/13 10:00,0.307365832,0.404801808,0.440770762,0.343621768,0.383839896
2024/11/13 11:00,0.258428754,0.395469239,0.447637723,0.3385565,0.36110983
2024/11/13 12:00,0.27339892,0.403184054,0.454285091,0.343328284,0.373263801
2024/11/13 13:00,0.301701151,0.4171824,0.451493753,0.361665937,0.390689257
2024/11/13 14:00,0.338659485,0.473036676,0.444093515,0.414516706,0.421388595
2024/11/13 15:00,0.376163583,0.507052539,0.444728324,0.443200001,0.444963306
2024/11/13 16:00,0.498369141,0.505770537,0.439881634,0.453690347,0.481316583
2024/11/13 17:00,0.533074824,0.518468212,0.444035122,0.469266211,0.497727237
2024/11/13 18:00,0.532838373,0.528638685,0.449010486,0.481273465,0.503324632
2024/11/13 19:00,0.533100011,0.522518306,0.436754078,0.476407255,0.497324186
2024/11/13 20:00,0.532976658,0.54122961,0.430757104,0.491316395,0.502774099
2024/11/13 21:00,0.53282578,0.573147414,0.424509799,0.51477033,0.513062565
2024/11/13 22:00,0.533917807,0.634155789,0.410481233,0.54805018,0.532394504
2024/11/13 23:00,0.537049586,0.670879444,0.38487826,0.541345583,0.541795285
2024/11/14 0:00,0.535859428,0.685753376,0.39133375,0.544501644,0.552301084
2024/11/14 1:00,0.532973926,0.714711446,0.382949481,0.55997765,0.566363308
2024/11/14 2:00,0.533503229,0.70954205,0.362416394,0.556400888,0.566421674
2024/11/14 3:00,0.532878572,0.708621059,0.357767282,0.554365102,0.565828108
2024/11/14 4:00,0.535034812,0.714600272,0.3544597,0.556817828,0.564852245
2024/11/14 5:00,0.533305252,0.716261392,0.330949934,0.568823468,0.557853668
2024/11/14 6:00,0.523200653,0.715072163,0.326588415,0.557569644,0.5427952
2024/11/14 7:00,0.431676777,0.681564403,0.354660836,0.51211948,0.504713715
2024/11/14 8:00,0.359727581,0.602471937,0.404778247,0.467655968,0.455425254
2024/11/14 9:00,0.319918066,0.493110784,0.416609031,0.414354668,0.41067297
2024/11/14 10:00,0.339643449,0.460442124,0.416576509,0.392759562,0.408873208
2024/11/14 11:00,0.340435484,0.466502565,0.438122049,0.4014887,0.419907592
2024/11/14 12:00,0.326432687,0.507942896,0.45512516,0.433624518,0.435274033
2024/11/14 13:00,0.350922712,0.490316306,0.454400059,0.420774184,0.435312138
2024/11/14 14:00,0.392271594,0.50340185,0.447929294,0.429035842,0.450026716
2024/11/14 15:00,0.370047126,0.520767665,0.450848601,0.440825949,0.447328187
2024/11/14 16:00,0.493029216,0.500646265,0.44689673,0.383926356,0.477644877
2024/11/14 17:00,0.522863899,0.501128265,0.447526444,0.401514754,0.486957517
2024/11/14 18:00,0.522334978,0.507275058,0.446640017,0.388987664,0.488266473
2024/11/14 19:00,0.529384096,0.518977196,0.445561557,0.397306523,0.493768212
2024/11/14 20:00,0.529968736,0.571373071,0.441764281,0.435223748,0.510960976
2024/11/14 21:00,0.530206066,0.62321821,0.425903684,0.491504139,0.524464435
2024/11/14 22:00,0.530518554,0.647310298,0.401692153,0.506112938,0.527553824
2024/11/14 23:00,0.533109854,0.686601088,0.376648616,0.559158437,0.540708383
2024/11/15 0:00,0.531562539,0.702120817,0.36669014,0.60045092,0.548526022
2024/11/15 1:00,0.533620861,0.702192082,0.365046647,0.599646814,0.550423333
2024/11/15 2:00,0.539702794,0.709408168,0.353986001,0.60310771,0.555273309
2024/11/15 3:00,0.538190131,0.701110096,0.344308034,0.597454892,0.551168174
2024/11/15 4:00,0.539668975,0.700554837,0.347739356,0.599763452,0.55232617
2024/11/15 5:00,0.540426078,0.703441796,0.360579627,0.605003823,0.55600456
2024/11/15 6:00,0.541074229,0.697575465,0.367685168,0.599870247,0.55152232
2024/11/15 7:00,0.525089728,0.677497173,0.383612905,0.577864845,0.543574852
2024/11/15 8:00,0.465871028,0.617857128,0.439119863,0.530761299,0.513122047
2024/11/15 9:00,0.431619663,0.579161747,0.45155816,0.510201947,0.490792069
2024/11/15 10:00,0.408457911,0.558836124,0.446060999,0.48927648,0.473510174
2024/11/15 11:00,0.366310165,0.512532302,0.458643176,0.435016256,0.446867151
2024/11/15 12:00,0.403673888,0.555147062,0.461888153,0.465982959,0.475228415
2024/11/15 13:00,0.422334478,0.498695999,0.457391338,0.421299099,0.460454881
2024/11/15 14:00,0.454492439,0.496244644,0.452095788,0.41919999,0.46664376
2024/11/15 15:00,0.489306922,0.508466779,0.452389243,0.404970516,0.480520549
2024/11/15 16:00,0.512494806,0.49510835,0.449963953,0.383052801,0.481878591
2024/11/15 17:00,0.527535732,0.523989643,0.449394398,0.429293963,0.496049258
2024/11/15 18:00,0.52753596,0.542387495,0.450163263,0.443231415,0.501968807
2024/11/15 19:00,0.527563539,0.593319315,0.447698109,0.509084451,0.518243359
2024/11/15 20:00,0.5276001,0.624954794,0.440122376,0.532198032,0.526526478
2024/11/15 21:00,0.527545975,0.636395362,0.439302358,0.539126621,0.528718809
2024/11/15 22:00,0.529587327,0.649988569,0.427530106,0.546483164,0.529982684
2024/11/15 23:00,0.527629712,0.677677466,0.416060314,0.555592696,0.538883244
2024/11/16 0:00,0.52763776,0.681947252,0.423657971,0.52029624,0.547862371
2024/11/16 1:00,0.53224335,0.693600436,0.42310906,0.58073612,0.559288531
2024/11/16 2:00,0.538522365,0.683215023,0.42859962,0.575024541,0.563244276
2024/11/16 3:00,0.539852911,0.648658078,0.440029871,0.549300908,0.559157897
2024/11/16 4:00,0.543203522,0.636258699,0.440623527,0.542175053,0.554476452
2024/11/16 5:00,0.540461281,0.672985495,0.408113904,0.568881984,0.556497526
2024/11/16 6:00,0.533938529,0.632934726,0.418236689,0.541946916,0.542514219
2024/11/16 7:00,0.531799634,0.592801088,0.432817228,0.513830421,0.527505492
2024/11/16 8:00,0.467857353,0.557149587,0.447884693,0.479450321,0.496737447
2024/11/16 9:00,0.458978309,0.521648507,0.458148978,0.451068456,0.483008958
2024/11/16 10:00,0.434780629,0.486034887,0.459036598,0.424497666,0.462083253
2024/11/16 11:00,0.400045797,0.471432526,0.456643558,0.40158347,0.444786364
2024/11/16 12:00,0.344881885,0.442274728,0.456727754,0.375728057,0.414876882
2024/11/16 13:00,0.335474731,0.396565006,0.448971646,0.345260944,0.392730881
2024/11/16 14:00,0.320169378,0.40931805,0.451762906,0.355757159,0.391690254
2024/11/16 15:00,0.363318236,0.41726517,0.452697308,0.353771183,0.409561599
2024/11/16 16:00,0.471638705,0.453347532,0.453086137,0.391797888,0.457719204
2024/11/16 17:00,0.532489478,0.456673494,0.452437676,0.405235749,0.476877669
2024/11/16 18:00,0.535655867,0.455138941,0.452496712,0.389836978,0.476979343
2024/11/16 19:00,0.535425637,0.443251853,0.452044264,0.361633341,0.471253629
2024/11/16 20:00,0.538010353,0.480347858,0.454182291,0.386524476,0.486546222
2024/11/16 21:00,0.53835663,0.505165204,0.453413161,0.406237313,0.495299667
2024/11/16 22:00,0.539304947,0.495568595,0.453594,0.395691156,0.491995418
2024/11/16 23:00,0.541150697,0.503831083,0.451899909,0.395457642,0.495192764
2024/11/17 0:00,0.537669523,0.514416292,0.455929127,0.390099176,0.498077309
2024/11/17 1:00,0.53835541,0.530518407,0.460781144,0.393545925,0.505211935
2024/11/17 2:00,0.538006333,0.544044293,0.458541933,0.43455036,0.510053803
2024/11/17 3:00,0.537082537,0.537678978,0.449866485,0.451620898,0.506127479
2024/11/17 4:00,0.535496302,0.515911028,0.447670682,0.435692803,0.497046627
2024/11/17 5:00,0.534197242,0.501756359,0.448272529,0.429160896,0.491537081
2024/11/17 6:00,0.527434916,0.474136483,0.453590765,0.419388938,0.480691089
2024/11/17 7:00,0.48603884,0.450891512,0.458794771,0.412436512,0.461879738
2024/11/17 8:00,0.404245434,0.400818108,0.456321306,0.36324115,0.419004008
2024/11/17 9:00,0.303823351,0.349243334,0.44512916,0.316399221,0.367031506
2024/11/17 10:00,0.239212584,0.300440148,0.435824194,0.272439921,0.324339488
2024/11/17 11:00,0.227155749,0.279586612,0.42222543,0.256178956,0.308642789
2024/11/17 12:00,0.238362962,0.296657287,0.426214842,0.272437585,0.320114183
2024/11/17 13:00,0.258183416,0.303946232,0.427000255,0.279615513,0.328800303
2024/11/17 14:00,0.295126821,0.318715497,0.435513638,0.296978538,0.347374634
2024/11/17 15:00,0.352294529,0.36149395,0.441975155,0.339931874,0.38440822
2024/11/17 16:00,0.463663496,0.421370332,0.447847845,0.402756847,0.442554213
2024/11/17 17:00,0.528382225,0.439829601,0.451012469,0.383192566,0.468039891
2024/11/17 18:00,0.529979761,0.46265563,0.453243765,0.392585689,0.477629339
2024/11/17 19:00,0.532274451,0.461324976,0.452421045,0.390211871,0.477279807
2024/11/17 20:00,0.53075082,0.481365501,0.454898189,0.40643569,0.485179557
2024/11/17 21:00,0.528952397,0.486088346,0.453747931,0.406878174,0.485969866
2024/11/17 22:00,0.53302724,0.482979249,0.451617686,0.398952101,0.485262122
2024/11/17 23:00,0.537078469,0.496547649,0.448270085,0.402106626,0.490353563
2024/11/18 0:00,0.536595066,0.519574517,0.447174967,0.462307559,0.499130234
2024/11/18 1:00,0.537456264,0.540002434,0.442725893,0.489310215,0.506735044
2024/11/18 2:00,0.532355549,0.539237235,0.437491892,0.500076479,0.505292389
2024/11/18 3:00,0.531905729,0.52340126,0.436914269,0.48782188,0.498609199
2024/11/18 4:00,0.530712563,0.516703737,0.440326645,0.480253303,0.496784743
2024/11/18 5:00,0.529970224,0.528885177,0.43337114,0.488973362,0.500051245
2024/11/18 6:00,0.526760139,0.505639644,0.421242867,0.471915657,0.483561331
2024/11/18 7:00,0.497549654,0.513049066,0.422460973,0.47002726,0.476568267
2024/11/18 8:00,0.448179481,0.459346373,0.422692875,0.420572926,0.442788191
2024/11/18 9:00,0.398903693,0.457942367,0.424697636,0.416372258,0.428424672
2024/11/18 10:00,0.410679131,0.436334406,0.420304738,0.397883905,0.423064203
2024/11/18 11:00,0.433263524,0.426949046,0.426748919,0.381616126,0.427819337
2024/11/18 12:00,0.429465969,0.482827076,0.454382612,0.421421945,0.458312309
2024/11/18 13:00,0.40992907,0.475501648,0.463035447,0.413480696,0.452591215
2024/11/18 14:00,0.425847268,0.490459645,0.457013484,0.426658464,0.459925918
2024/11/18 15:00,0.484554612,0.487996698,0.455028166,0.442484826,0.473993948
2024/11/18 16:00,0.521720698,0.469936803,0.452482681,0.417877196,0.475559331
2024/11/18 17:00,0.533136639,0.475472817,0.453089041,0.384903693,0.480631063
2024/11/18 18:00,0.533269544,0.46897962,0.451579524,0.383630754,0.478017756
2024/11/18 19:00,0.53285813,0.479347235,0.446857919,0.390093777,0.480557505
2024/11/18 20:00,0.533964524,0.539210896,0.436404694,0.438627706,0.497934222
2024/11/18 21:00,0.53587568,0.535293296,0.429651843,0.432454098,0.494838425
2024/11/18 22:00,0.537611856,0.525359843,0.427488368,0.418719862,0.491410484
2024/11/18 23:00,0.545419422,0.503407541,0.424080068,0.438016437,0.487416394
2024/11/19 0:00,0.534890131,0.502649066,0.435007644,0.452679521,0.489656665
2024/11/19 1:00,0.53425446,0.508381733,0.444742755,0.453885009,0.495495547
2024/11/19 2:00,0.533854287,0.516743836,0.439539228,0.473656508,0.497602072
2024/11/19 3:00,0.532996062,0.502053782,0.440316213,0.464054934,0.492249101
2024/11/19 4:00,0.53238331,0.467793215,0.446190421,0.438024633,0.479813029
2024/11/19 5:00,0.532606945,0.481883752,0.438872732,0.449834056,0.483431906
2024/11/19 6:00,0.530894212,0.5032433,0.416931769,0.46404082,0.483441216
2024/11/19 7:00,0.501638566,0.504776809,0.419035856,0.457586888,0.474683677
2024/11/19 8:00,0.446227083,0.45805083,0.4247384,0.411199807,0.442583866
2024/11/19 9:00,0.406381185,0.434980127,0.421993395,0.391555957,0.42195771
2024/11/19 10:00,0.386681621,0.429342727,0.420822746,0.384390205,0.414164386
2024/11/19 11:00,0.377569244,0.421460574,0.428488428,0.378953587,0.411160631
2024/11/19 12:00,0.379152183,0.423495482,0.431571247,0.380114093,0.413559521
2024/11/19 13:00,0.380453226,0.431100946,0.434580638,0.389128013,0.417212136
2024/11/19 14:00,0.355805817,0.444511344,0.435146621,0.399293187,0.413784506
2024/11/19 15:00,0.412167444,0.445603195,0.426149902,0.400208127,0.428498858
2024/11/19 16:00,0.49384603,0.45685281,0.424017392,0.416948151,0.455077622
2024/11/19 17:00,0.530626179,0.467899679,0.426715295,0.368308002,0.468935793
2024/11/19 18:00,0.529620632,0.478784232,0.424444519,0.378342236,0.471699353
2024/11/19 19:00,0.529128118,0.469855436,0.420113829,0.416133699,0.467970912
2024/11/19 20:00,0.530748696,0.484396449,0.418683213,0.450437178,0.473299843
2024/11/19 21:00,0.530688735,0.469730834,0.415828951,0.43760065,0.467463503
2024/11/19 22:00,0.536834763,0.440989794,0.414496226,0.409782996,0.458978506
2024/11/19 23:00,0.539054898,0.423739399,0.419342799,0.396233207,0.457043394
2024/11/20 0:00,0.536064361,0.434126486,0.433689974,0.406108043,0.465069352
2024/11/20 1:00,0.532306486,0.478675701,0.440813778,0.440339589,0.482554103
2024/11/20 2:00,0.531601793,0.490947781,0.438691068,0.450319089,0.486232223
2024/11/20 3:00,0.532487321,0.490211531,0.43861432,0.451269231,0.486299361
2024/11/20 4:00,0.533293545,0.48507245,0.438572328,0.448167203,0.484732492
2024/11/20 5:00,0.536822232,0.480462542,0.429181999,0.447360181,0.480844617
2024/11/20 6:00,0.532215213,0.451083552,0.41237256,0.425376273,0.462324606
2024/11/20 7:00,0.485741272,0.425580316,0.414102729,0.393449078,0.438178155
2024/11/20 8:00,0.374627517,0.382959519,0.411673363,0.340674239,0.389858538
2024/11/20 9:00,0.318648117,0.358280565,0.407802291,0.31458829,0.363042092
2024/11/20 10:00,0.276357585,0.333536123,0.403052567,0.293351961,0.338921462
2024/11/20 11:00,0.309551575,0.312934576,0.403357732,0.275304268,0.341797322
2024/11/20 12:00,0.319722372,0.326911226,0.411021794,0.286356056,0.351822349
2024/11/20 13:00,0.343695618,0.376611738,0.417232062,0.332729377,0.380210486
2024/11/20 14:00,0.354105362,0.406230821,0.413619058,0.357889905,0.392591729
2024/11/20 15:00,0.382444492,0.443646362,0.418960825,0.38755325,0.415850573
2024/11/20 16:00,0.490443133,0.458099794,0.421436842,0.406472516,0.452704772
2024/11/20 17:00,0.531586051,0.445608253,0.420989441,0.403834115,0.460296657
2024/11/20 18:00,0.531169478,0.451170838,0.420663859,0.412417468,0.462080773
2024/11/20 19:00,0.531178928,0.455336192,0.420488875,0.418606707,0.463035549
2024/11/20 20:00,0.533278559,0.500729246,0.424999263,0.455746785,0.480081864
2024/11/20 21:00,0.536263881,0.494054819,0.422670839,0.446890222,0.477720642
2024/11/20 22:00,0.54381744,0.465415614,0.420642714,0.421577385,0.470384723
2024/11/20 23:00,0.541735575,0.445197981,0.423346286,0.409972779,0.467140151
2024/11/21 0:00,0.538547574,0.435491372,0.434540264,0.404918992,0.467149008
2024/11/21 1:00,0.537226945,0.461808609,0.441682965,0.423265914,0.477824155
2024/11/21 2:00,0.537842799,0.467313482,0.44150946,0.427224293,0.479621527
2024/11/21 3:00,0.537523731,0.478829361,0.440494742,0.436169158,0.483113521
2024/11/21 4:00,0.534988688,0.477571356,0.439214942,0.436409429,0.481757995
2024/11/21 5:00,0.53480591,0.471874825,0.431860714,0.434086308,0.476809082
2024/11/21 6:00,0.534509095,0.439655895,0.417117189,0.410647128,0.458368908
2024/11/21 7:00,0.486922158,0.42264968,0.415687317,0.387106631,0.437306716
2024/11/21 8:00,0.407685554,0.36348131,0.40363307,0.326489068,0.390044779
2024/11/21 9:00,0.319269488,0.319072085,0.392735387,0.281880587,0.344953301
2024/11/21 10:00,0.303201049,0.299039991,0.386943376,0.263201226,0.331687782
2024/11/21 11:00,0.265809157,0.267527098,0.389244852,0.234906057,0.306801401
2024/11/21 12:00,0.244745131,0.281241756,0.404506854,0.248348084,0.309293831
2024/11/21 13:00,0.261695521,0.309803861,0.406794972,0.274149264,0.326536812
2024/11/21 14:00,0.295344968,0.365504351,0.410465053,0.323898356,0.359595468
2024/11/21 15:00,0.350550181,0.396744012,0.413664067,0.351052302,0.388754524
2024/11/21 16:00,0.428675577,0.434019418,0.419127722,0.33966217,0.425574865
2024/11/21 17:00,0.485840675,0.444129952,0.422642151,0.34842126,0.445432501
2024/11/21 18:00,0.482462618,0.442549545,0.422991944,0.349140704,0.444015328
2024/11/21 19:00,0.48060641,0.455649496,0.425900011,0.360399296,0.44921567
2024/11/21 20:00,0.480536804,0.491911829,0.428973515,0.392848504,0.462210406
2024/11/21 21:00,0.480176021,0.475369107,0.423231276,0.37507719,0.454422
2024/11/21 22:00,0.480525193,0.464432022,0.420728013,0.407235173,0.4511782
2024/11/21 23:00,0.482783759,0.446995072,0.421987452,0.401326432,0.448109247
2024/11/22 0:00,0.483315766,0.456954589,0.434625112,0.420065455,0.457136193
2024/11/22 1:00,0.48352481,0.479873011,0.442268061,0.435936182,0.468360073
2024/11/22 2:00,0.483996493,0.466710174,0.442000021,0.427196101,0.46381618
2024/11/22 3:00,0.483480566,0.468214331,0.443326685,0.428696612,0.464536262
2024/11/22 4:00,0.48446811,0.467560555,0.44328265,0.429065081,0.464616884
2024/11/22 5:00,0.484320806,0.468635142,0.435226546,0.432054381,0.462432915
2024/11/22 6:00,0.484966327,0.447472597,0.414595284,0.41395781,0.447163726
2024/11/22 7:00,0.4316617,0.408170549,0.415526035,0.374598263,0.416633437
2024/11/22 8:00,0.342067138,0.360901313,0.40987535,0.32815125,0.371488233
2024/11/22 9:00,0.291026167,0.320114403,0.397156635,0.291878272,0.337352798
2024/11/22 10:00,0.270780151,0.267949635,0.383608354,0.244746778,0.306539953
2024/11/22 11:00,0.276028963,0.262219936,0.38417202,0.242968965,0.305553042
2024/11/22 12:00,0.275397847,0.283151805,0.395970611,0.262427301,0.31597521
2024/11/22 13:00,0.291549458,0.323050826,0.402914989,0.299335645,0.33985985
2024/11/22 14:00,0.324256359,0.367388015,0.403128577,0.336620587,0.367354725
2024/11/22 15:00,0.391519439,0.375533361,0.404015699,0.336425903,0.389855707
2024/11/22 16:00,0.499651375,0.392543792,0.409246856,0.353782138,0.42628515
2024/11/22 17:00,0.530882695,0.387881453,0.410194767,0.337981061,0.433820363
2024/11/22 18:00,0.52923865,0.373298345,0.408909629,0.330318039,0.427807423
2024/11/22 19:00,0.530992828,0.340096658,0.409276862,0.3008549,0.416115638
2024/11/22 20:00,0.531813674,0.371699877,0.413640119,0.32548144,0.431600497
2024/11/22 21:00,0.531606212,0.385899025,0.413568583,0.334085539,0.43573314
2024/11/22 22:00,0.531380124,0.392232829,0.41794266,0.336484359,0.438810635
2024/11/22 23:00,0.530563054,0.39649007,0.427213774,0.356499158,0.445789664
2024/11/23 0:00,0.529788483,0.387050286,0.436372526,0.362686534,0.446541283
2024/11/23 1:00,0.531205359,0.407079688,0.449464379,0.380396699,0.458847641
2024/11/23 2:00,0.531934406,0.444147514,0.458400824,0.412228873,0.474578275
2024/11/23 3:00,0.528493572,0.466279875,0.459087269,0.426469744,0.480650148
2024/11/23 4:00,0.529088286,0.469633153,0.455758328,0.429435018,0.480650685
2024/11/23 5:00,0.528886103,0.455867516,0.451789986,0.420054568,0.474059172
2024/11/23 6:00,0.522475926,0.425383757,0.448230454,0.397186474,0.459507653
2024/11/23 7:00,0.491839885,0.393872376,0.445170962,0.376060977,0.43718367
2024/11/23 8:00,0.420137052,0.340619372,0.435334422,0.330333544,0.393478523
2024/11/23 9:00,0.296510644,0.301955449,0.418588403,0.279494941,0.336235504
2024/11/23 10:00,0.324859801,0.300680353,0.416836962,0.282175406,0.343860909
2024/11/23 11:00,0.319777824,0.315418998,0.421986329,0.29386338,0.351330873
2024/11/23 12:00,0.345948613,0.360064011,0.428982482,0.331569384,0.380061962
2024/11/23 13:00,0.340631919,0.365046003,0.431361045,0.337806448,0.381680488
2024/11/23 14:00,0.392262675,0.377004703,0.433875736,0.351474099,0.40068178
2024/11/23 15:00,0.427802439,0.379851246,0.43916049,0.354081376,0.413700433
2024/11/23 16:00,0.510760325,0.37889998,0.437586586,0.359576859,0.434761127
2024/11/23 17:00,0.53234461,0.348951847,0.434920108,0.336668816,0.430212354
2024/11/23 18:00,0.529875225,0.338887707,0.437384906,0.304387799,0.427791771
2024/11/23 19:00,0.531968715,0.340744425,0.438587896,0.301887401,0.428805241
2024/11/23 20:00,0.530936925,0.382933389,0.441642936,0.335714348,0.446135932
2024/11/23 21:00,0.528347652,0.37229522,0.447448926,0.33875702,0.447701257
2024/11/23 22:00,0.52851014,0.40312708,0.45838151,0.364592312,0.462085629
2024/11/23 23:00,0.529322562,0.438344927,0.463060974,0.405599941,0.475149588
2024/11/24 0:00,0.536021621,0.454117856,0.45933365,0.430420396,0.480894086
2024/11/24 1:00,0.537957082,0.487803664,0.448983056,0.45432883,0.488520965
2024/11/24 2:00,0.53815432,0.510779766,0.443548725,0.470580861,0.494641097
2024/11/24 3:00,0.541228525,0.502930778,0.446892687,0.463777444,0.494042771
2024/11/24 4:00,0.542492186,0.497842906,0.453659046,0.459361692,0.495433427
2024/11/24 5:00,0.539438097,0.512463735,0.463369391,0.472151971,0.503166175
2024/11/24 6:00,0.530999064,0.499454316,0.466568723,0.462698493,0.49718536
2024/11/24 7:00,0.477879818,0.439345065,0.469698234,0.407584131,0.460145731
2024/11/24 8:00,0.384352278,0.367131122,0.454213236,0.337809289,0.399511459
2024/11/24 9:00,0.306771248,0.324168898,0.43093995,0.291014449,0.351790793
2024/11/24 10:00,0.279298578,0.304562022,0.42821548,0.270884854,0.334093075
2024/11/24 11:00,0.257951984,0.288303121,0.421328013,0.255052693,0.317865661
2024/11/24 12:00,0.282064382,0.288167192,0.419378346,0.261463908,0.325549355
2024/11/24 13:00,0.2865496,0.317706875,0.424396985,0.28552851,0.340883482
2024/11/24 14:00,0.307773434,0.33684816,0.429204115,0.304287041,0.356402376
2024/11/24 15:00,0.357733024,0.37802925,0.440153008,0.343041352,0.39117389
2024/11/24 16:00,0.475169023,0.390390057,0.445219287,0.375926513,0.434351101
2024/11/24 17:00,0.532305374,0.402825835,0.44784816,0.402386798,0.458157641
2024/11/24 18:00,0.536660487,0.400978957,0.450300829,0.400564299,0.45880422
2024/11/24 19:00,0.535595796,0.393524345,0.451394727,0.390084421,0.455312595
2024/11/24 20:00,0.531031927,0.423576907,0.454561215,0.41274606,0.467977609
2024/11/24 21:00,0.531900903,0.416455352,0.454683943,0.408072209,0.466062759
2024/11/24 22:00,0.533542333,0.443942221,0.459070931,0.429278734,0.47736881
2024/11/24 23:00,0.539210793,0.512987061,0.452747993,0.47825276,0.500612682
2024/11/25 0:00,0.537549472,0.557454648,0.437479704,0.506799085,0.51088353
2024/11/25 1:00,0.533403876,0.569348902,0.419658216,0.513644849,0.511975485
2024/11/25 2:00,0.53216723,0.563176087,0.420879134,0.510230786,0.511635004
2024/11/25 3:00,0.534398133,0.5840658,0.42677034,0.525378221,0.523787992
2024/11/25 4:00,0.538107375,0.588793627,0.431632261,0.528831516,0.52739915
2024/11/25 5:00,0.539267655,0.588987765,0.429997204,0.529502381,0.524938211
2024/11/25 6:00,0.532777414,0.588322519,0.413270162,0.525382072,0.514348277
2024/11/25 7:00,0.458813832,0.547553822,0.424880377,0.480853285,0.479142164
2024/11/25 8:00,0.360375573,0.46108311,0.438583387,0.405152997,0.419681767
2024/11/25 9:00,0.306387006,0.394210868,0.433717549,0.347851244,0.377128191
2024/11/25 10:00,0.279951101,0.335919883,0.42570332,0.297483438,0.343818781
2024/11/25 11:00,0.271059618,0.318909943,0.431238128,0.28069773,0.334508528
2024/11/25 12:00,0.272113701,0.359390531,0.439439559,0.312583504,0.353454331
2024/11/25 13:00,0.283640123,0.377390128,0.439067505,0.329931164,0.367201388
2024/11/25 14:00,0.313404096,0.436580088,0.439207781,0.386096708,0.399115424
2024/11/25 15:00,0.376291157,0.48511086,0.441470455,0.43196132,0.436004454
2024/11/25 16:00,0.47875955,0.515799887,0.445423771,0.427420903,0.477472112
2024/11/25 17:00,0.532450183,0.516090856,0.438219087,0.432097595,0.489433281
2024/11/25 18:00,0.53273857,0.50497544,0.435342744,0.426270481,0.485417129
2024/11/25 19:00,0.532654452,0.514113574,0.440839203,0.431788398,0.490848755
2024/11/25 20:00,0.533119152,0.508408626,0.439873529,0.426800467,0.489209792
2024/11/25 21:00,0.532525949,0.524777027,0.43862566,0.435198425,0.494636222
2024/11/25 22:00,0.532721207,0.547923903,0.438131126,0.469699198,0.503736243
2024/11/25 23:00,0.533738837,0.57414999,0.436920247,0.529987648,0.515164052
2024/11/26 0:00,0.533140822,0.608257549,0.44125517,0.552288995,0.530168506
2024/11/26 1:00,0.533972519,0.664870495,0.432814077,0.589420735,0.54991906
2024/11/26 2:00,0.534051566,0.729471701,0.404483965,0.628551916,0.569019723
2024/11/26 3:00,0.533473096,0.733846472,0.398897148,0.634285398,0.571716934
2024/11/26 4:00,0.533061555,0.719150695,0.403107206,0.625669912,0.569011801
2024/11/26 5:00,0.533294757,0.713979852,0.402284707,0.623225612,0.563192661
2024/11/26 6:00,0.529171806,0.64825859,0.401933071,0.575329752,0.533419863
2024/11/26 7:00,0.439376582,0.54559243,0.4183217,0.484781604,0.471529917
2024/11/26 8:00,0.367992506,0.449908269,0.426393141,0.403054131,0.416848508
2024/11/26 9:00,0.299276838,0.389847445,0.422241431,0.350608402,0.373744984
2024/11/26 10:00,0.269768292,0.336571619,0.415629253,0.30514969,0.341933378
2024/11/26 11:00,0.261438708,0.297556724,0.417709189,0.278606954,0.323673211
2024/11/26 12:00,0.253364698,0.288722165,0.416224876,0.271589357,0.31715964
2024/11/26 13:00,0.267192326,0.295654687,0.413283841,0.278670477,0.324569969
2024/11/26 14:00,0.300737361,0.312251853,0.407369954,0.293799507,0.340472156
2024/11/26 15:00,0.362677972,0.356396451,0.416049958,0.33705104,0.378246155
2024/11/26 16:00,0.471272589,0.399120198,0.420583025,0.382121426,0.427433878
2024/11/26 17:00,0.527889308,0.424724157,0.422986118,0.399409579,0.453576892
2024/11/26 18:00,0.529353324,0.430160158,0.419179558,0.405516335,0.454498773
2024/11/26 19:00,0.529873918,0.414677947,0.415906869,0.393814612,0.447802312
2024/11/26 20:00,0.529463439,0.463324604,0.41489515,0.430655652,0.463942729
2024/11/26 21:00,0.525366988,0.480279111,0.414845526,0.440596702,0.467666716
2024/11/26 22:00,0.524071097,0.505583962,0.410788622,0.462690136,0.473841957
2024/11/26 23:00,0.526660226,0.485618164,0.413676276,0.463793792,0.47123454
2024/11/27 0:00,0.537266846,0.460268233,0.437481264,0.448398717,0.476720562
2024/11/27 1:00,0.535822314,0.482424966,0.435615144,0.463358917,0.483798925
2024/11/27 2:00,0.538339434,0.486441591,0.429217517,0.466848803,0.484454284
2024/11/27 3:00,0.535134436,0.490118562,0.428532098,0.469872274,0.484666321
2024/11/27 4:00,0.535953883,0.491915522,0.429447312,0.471337223,0.485393701
2024/11/27 5:00,0.53551329,0.488985378,0.42016697,0.470378899,0.48078487
2024/11/27 6:00,0.531048419,0.434678155,0.412295396,0.430532333,0.455073997
2024/11/27 7:00,0.432217458,0.387981826,0.41641893,0.373315711,0.410327078
2024/11/27 8:00,0.35104183,0.328748494,0.412179395,0.312368129,0.362838365
2024/11/27 9:00,0.287632713,0.290696719,0.400315057,0.272661483,0.325337953
2024/11/27 10:00,0.263866394,0.27492775,0.397804944,0.257265845,0.309907412
2024/11/27 11:00,0.259876581,0.267005981,0.399291809,0.251067239,0.304935034
2024/11/27 12:00,0.259734193,0.276574036,0.405515728,0.259284223,0.310496182
2024/11/27 13:00,0.276505177,0.286496828,0.406260483,0.269235164,0.320691523
2024/11/27 14:00,0.308580579,0.301664494,0.399955946,0.284245809,0.335706523
2024/11/27 15:00,0.375238761,0.347895194,0.405997697,0.327451924,0.375227631
2024/11/27 16:00,0.481074115,0.388044516,0.412882503,0.37506369,0.423449279
2024/11/27 17:00,0.528196589,0.394219094,0.420244401,0.383687631,0.442308085
2024/11/27 18:00,0.529251337,0.40018763,0.422625306,0.383500076,0.445253407
2024/11/27 19:00,0.528459444,0.364661392,0.427093254,0.357376069,0.43362584
2024/11/27 20:00,0.528472717,0.383564576,0.426928738,0.373809971,0.442455533
2024/11/27 21:00,0.528394007,0.387179697,0.425479102,0.371595739,0.442454021
2024/11/27 22:00,0.530318538,0.428452173,0.426288306,0.398846255,0.456727189
2024/11/27 23:00,0.53475681,0.43329103,0.433050769,0.421302555,0.464131778
2024/11/28 0:00,0.531887014,0.43595578,0.45422966,0.424489424,0.47164448
2024/11/28 1:00,0.530538643,0.469931,0.458487865,0.447664442,0.485014697
2024/11/28 2:00,0.529850303,0.522541603,0.439897634,0.483508681,0.499142407
2024/11/28 3:00,0.532533544,0.534322254,0.436358993,0.491787928,0.503597654
2024/11/28 4:00,0.530278319,0.517307678,0.439808547,0.48162055,0.497776251
2024/11/28 5:00,0.529716815,0.503066778,0.43654327,0.471856694,0.491033337
2024/11/28 6:00,0.525058915,0.444019114,0.429121319,0.43080843,0.462738144
2024/11/28 7:00,0.443922603,0.401355031,0.431538514,0.379932732,0.423342636
2024/11/28 8:00,0.342392663,0.335719928,0.4249242,0.311176467,0.365396883
2024/11/28 9:00,0.291335334,0.303583982,0.410559261,0.278067073,0.333066959
2024/11/28 10:00,0.267203273,0.286786896,0.402214441,0.264754132,0.317705449
2024/11/28 11:00,0.258754334,0.276311136,0.40662033,0.256796544,0.311996985
2024/11/28 12:00,0.256951174,0.282520147,0.416332213,0.260506586,0.315405825
2024/11/28 13:00,0.271919855,0.297714354,0.417525433,0.275886953,0.327330512
2024/11/28 14:00,0.302772097,0.317573462,0.413254289,0.293204788,0.343723206
2024/11/28 15:00,0.366516615,0.348410324,0.419408654,0.326480848,0.376447
2024/11/28 16:00,0.477513413,0.388180367,0.416930834,0.377333036,0.423688728
2024/11/28 17:00,0.531357958,0.42265479,0.415487265,0.416595596,0.451789896
2024/11/28 18:00,0.534900636,0.434425044,0.414470649,0.420946488,0.457103208
2024/11/28 19:00,0.53257526,0.413866476,0.413163616,0.384885569,0.447652404
2024/11/28 20:00,0.531707471,0.412109941,0.412022339,0.385298397,0.447168649
2024/11/28 21:00,0.530873977,0.416234584,0.41147596,0.394300759,0.448103893
2024/11/28 22:00,0.53107733,0.470697556,0.407192558,0.431019259,0.462442497
2024/11/28 23:00,0.532485641,0.514606301,0.422227597,0.467466823,0.484641069
2024/11/29 0:00,0.531006481,0.536117323,0.428562082,0.496020732,0.49734873
2024/11/29 1:00,0.53161617,0.536864175,0.433124236,0.494087821,0.501963293
2024/11/29 2:00,0.532983258,0.526786974,0.431228463,0.48639652,0.499998259
2024/11/29 3:00,0.535684767,0.527919127,0.427429917,0.486982692,0.500489051
2024/11/29 4:00,0.540129693,0.525862322,0.42652234,0.486520131,0.500448659
2024/11/29 5:00,0.539117511,0.529205906,0.417841912,0.490433371,0.497638202
2024/11/29 6:00,0.535635333,0.509078414,0.407328881,0.476204523,0.482094431
2024/11/29 7:00,0.442441562,0.433125439,0.420907134,0.403787363,0.431176533
2024/11/29 8:00,0.33216124,0.332112013,0.420940101,0.309265216,0.360663847
2024/11/29 9:00,0.281106261,0.293267755,0.399051482,0.272308233,0.324760855
2024/11/29 10:00,0.256450357,0.272778347,0.39004484,0.255674687,0.306381774
2024/11/29 11:00,0.247517596,0.265141735,0.397599732,0.251054865,0.301737107
2024/11/29 12:00,0.252232132,0.266875521,0.402139107,0.252329043,0.303412089
2024/11/29 13:00,0.263574307,0.283317313,0.40093148,0.266269712,0.314877713
2024/11/29 14:00,0.294181649,0.319024321,0.398943262,0.293875652,0.337937361
2024/11/29 15:00,0.357691112,0.345020281,0.401303206,0.322299357,0.367584525
2024/11/29 16:00,0.469402493,0.374548141,0.397315089,0.371903246,0.411380361
2024/11/29 17:00,0.527542673,0.400004166,0.400560075,0.401377147,0.439532323
2024/11/29 18:00,0.528055477,0.413319877,0.402885387,0.397292763,0.445301379
2024/11/29 19:00,0.52812732,0.399399477,0.40537505,0.379652423,0.442174403
2024/11/29 20:00,0.528530721,0.374293219,0.405348211,0.366552555,0.435881551
2024/11/29 21:00,0.528502552,0.370671206,0.405096101,0.367738413,0.435129694
2024/11/29 22:00,0.527802846,0.402814121,0.399635568,0.396324011,0.442470524
2024/11/29 23:00,0.528434324,0.471213949,0.387844517,0.442536541,0.457618035
2024/11/30 0:00,0.528607643,0.491030743,0.398753029,0.464890201,0.470312527
2024/11/30 1:00,0.533744899,0.514858095,0.404018756,0.48551274,0.482724767
2024/11/30 2:00,0.538884484,0.541322085,0.39245185,0.506458284,0.490290196
2024/11/30 3:00,0.539576747,0.549224406,0.394579724,0.512137349,0.494856284
2024/11/30 4:00,0.542884446,0.545481588,0.393366299,0.507355029,0.495301926
2024/11/30 5:00,0.54098114,0.543326382,0.393787288,0.506054885,0.493101593
2024/11/30 6:00,0.533253198,0.540004369,0.392598451,0.50530497,0.488053927
2024/11/30 7:00,0.443173772,0.487399773,0.407385707,0.449427588,0.446137682
2024/11/30 8:00,0.340211375,0.406841518,0.419201309,0.370656032,0.388424222
2024/11/30 9:00,0.289733858,0.346376085,0.410902753,0.31757468,0.347690292
2024/11/30 10:00,0.26382819,0.317891963,0.407176071,0.289831361,0.327920714
2024/11/30 11:00,0.256713144,0.331818391,0.408280841,0.301966852,0.33084227
2024/11/30 12:00,0.25834004,0.328141914,0.406856531,0.299922317,0.329668216
2024/11/30 13:00,0.270397387,0.324781934,0.410931157,0.302963359,0.3334973
2024/11/30 14:00,0.296308697,0.358879755,0.426301161,0.331276805,0.35685127
2024/11/30 15:00,0.355623229,0.412018319,0.432473056,0.377994653,0.39809864
2024/11/30 16:00,0.468633954,0.453228467,0.43593625,0.431156368,0.452271891
2024/11/30 17:00,0.532271816,0.469365503,0.434942452,0.458685476,0.478825404
2024/11/30 18:00,0.532535801,0.507046107,0.432792347,0.486335433,0.491110324
2024/11/30 19:00,0.531910175,0.485428339,0.436978963,0.470157953,0.483555084
2024/11/30 20:00,0.532581547,0.471310462,0.440849647,0.458030686,0.479134452
2024/11/30 21:00,0.532035109,0.52642145,0.445506541,0.498327343,0.498732538
2024/11/30 22:00,0.532774987,0.582560108,0.450292371,0.540768711,0.519102564
2024/11/30 23:00,0.535621899,0.624753011,0.456049116,0.569981281,0.534621772
2024/12/1 0:00,0.539845043,0.638910089,0.453816353,0.575004855,0.539993715
2024/12/1 1:00,0.545830362,0.618310121,0.448014934,0.558242481,0.534177577
2024/12/1 2:00,0.546888081,0.604778222,0.437218178,0.546646736,0.528574069
2024/12/1 3:00,0.545990139,0.594755226,0.426677642,0.53798251,0.523500423
2024/12/1 4:00,0.545225364,0.572808883,0.420281694,0.520961055,0.514032909
2024/12/1 5:00,0.546013783,0.568187407,0.421950571,0.519500025,0.51238229
2024/12/1 6:00,0.545226423,0.571896202,0.423730885,0.522882913,0.512572768
2024/12/1 7:00,0.456033659,0.517363048,0.435005477,0.464169664,0.470285249
2024/12/1 8:00,0.344871938,0.425023367,0.448278592,0.37447253,0.404941308
2024/12/1 9:00,0.289569722,0.364036481,0.447212432,0.317952925,0.363511284
2024/12/1 10:00,0.260180615,0.332156669,0.448454313,0.287359271,0.341664119
2024/12/1 11:00,0.250573057,0.322125748,0.446903183,0.277816657,0.334266349
2024/12/1 12:00,0.254497964,0.324146325,0.446596494,0.283231562,0.336464039
2024/12/1 13:00,0.267703234,0.337338305,0.445246252,0.298910702,0.346174872
2024/12/1 14:00,0.297673661,0.365678441,0.445898748,0.328544905,0.367807725
2024/12/1 15:00,0.357572876,0.428375094,0.44909985,0.386882427,0.412176008
2024/12/1 16:00,0.474897795,0.46606971,0.451191715,0.437103942,0.463041082
2024/12/1 17:00,0.543316599,0.41717357,0.448585462,0.413170389,0.46635174
2024/12/1 18:00,0.544745855,0.473040574,0.451515594,0.451562508,0.487140624
2024/12/1 19:00,0.544693871,0.532534745,0.453925057,0.491514828,0.507869981
2024/12/1 20:00,0.545010737,0.565902865,0.456719065,0.524618072,0.519599027
2024/12/1 21:00,0.544534282,0.622786082,0.457927069,0.572339135,0.539907328
2024/12/1 22:00,0.547646355,0.636226026,0.45787676,0.583299016,0.546211958
2024/12/1 23:00,0.553393878,0.632056606,0.447454741,0.57602895,0.544384439
2024/12/2 0:00,0.551398699,0.647361996,0.42749134,0.584014005,0.546384994
2024/12/2 1:00,0.550328687,0.629239785,0.411483337,0.568834941,0.5368953
2024/12/2 2:00,0.546509827,0.600644133,0.409800286,0.548165371,0.526327092
2024/12/2 3:00,0.546068989,0.577000322,0.422574957,0.532386168,0.521077692
2024/12/2 4:00,0.547690172,0.570852837,0.428080383,0.528450079,0.52017907
2024/12/2 5:00,0.549609169,0.568934905,0.424260709,0.528167655,0.517106823
2024/12/2 6:00,0.544970935,0.559150881,0.409435946,0.517377692,0.504517851
2024/12/2 7:00,0.461642591,0.514792903,0.425333721,0.466276543,0.468150884
2024/12/2 8:00,0.353922013,0.421555514,0.435247395,0.379809534,0.406832937
2024/12/2 9:00,0.297729496,0.366629899,0.43039703,0.329191819,0.369043227
2024/12/2 10:00,0.267485794,0.32271431,0.421582825,0.272436275,0.340201825
2024/12/2 11:00,0.259067271,0.371803787,0.447936846,0.323350537,0.364354676
2024/12/2 12:00,0.256827065,0.406527494,0.466816321,0.390752615,0.383137551
2024/12/2 13:00,0.276528644,0.431144572,0.462481939,0.366351508,0.393313052
2024/12/2 14:00,0.314867642,0.366436445,0.437932018,0.304931459,0.375987798
2024/12/2 15:00,0.3809761,0.406949048,0.444395817,0.366638387,0.412846867
2024/12/2 16:00,0.48782478,0.440048549,0.451555457,0.416261861,0.457027935
2024/12/2 17:00,0.542615996,0.466080445,0.463797174,0.448705568,0.48594645
2024/12/2 18:00,0.543839367,0.508594142,0.469480418,0.484982089,0.503054011
2024/12/2 19:00,0.543726357,0.511243544,0.473745386,0.487412869,0.505609532
2024/12/2 20:00,0.543349831,0.52010804,0.482067046,0.495502975,0.512207547
2024/12/2 21:00,0.544018334,0.5679799,0.477716331,0.530942644,0.5285118
2024/12/2 22:00,0.544588314,0.610456573,0.472279474,0.562976708,0.541839414
2024/12/2 23:00,0.546482404,0.655818967,0.454315773,0.596140039,0.553057137
2024/12/3 0:00,0.547824205,0.685472009,0.437632306,0.615952875,0.564100502
2024/12/3 1:00,0.555306386,0.699182131,0.429974591,0.623899785,0.573169971
2024/12/3 2:00,0.556103428,0.69389034,0.416714882,0.618640409,0.57258345
2024/12/3 3:00,0.556473452,0.681979572,0.414628243,0.610908709,0.566809354
2024/12/3 4:00,0.556384025,0.679707521,0.411926315,0.610301543,0.566196961
2024/12/3 5:00,0.553690081,0.672827397,0.410282932,0.604319264,0.560947154
2024/12/3 6:00,0.548793048,0.672126885,0.404124511,0.602584143,0.553471233
2024/12/3 7:00,0.469975243,0.620239666,0.412686193,0.550127272,0.512288795
2024/12/3 8:00,0.36173967,0.506925535,0.432251069,0.451567144,0.439998757
2024/12/3 9:00,0.314701853,0.42611739,0.434581276,0.381852605,0.395608173
2024/12/3 10:00,0.31022953,0.390341014,0.428051918,0.355405228,0.380791349
2024/12/3 11:00,0.26116599,0.427076749,0.443549493,0.395181191,0.379742463
2024/12/3 12:00,0.26017403,0.485410414,0.463508224,0.479787533,0.404624718
2024/12/3 13:00,0.28050313,0.508956338,0.459702909,0.49653642,0.414608442
2024/12/3 14:00,0.313477433,0.425938847,0.432172115,0.394482777,0.393832137
2024/12/3 15:00,0.378126685,0.438931669,0.433054343,0.405658304,0.418709798
2024/12/3 16:00,0.493610948,0.451515349,0.439261959,0.367181768,0.456840135
2024/12/3 17:00,0.552145069,0.448856237,0.447133979,0.364083343,0.474107913
2024/12/3 18:00,0.551990234,0.46772964,0.446840594,0.380741595,0.480533916
2024/12/3 19:00,0.548561936,0.484717333,0.441212286,0.389907723,0.483317045
2024/12/3 20:00,0.547787486,0.586775887,0.443831941,0.469648482,0.517121572
2024/12/3 21:00,0.548407744,0.582782318,0.422940595,0.475293203,0.509856361
2024/12/3 22:00,0.555644957,0.610599231,0.414681238,0.552633246,0.51907459
2024/12/3 23:00,0.560692206,0.602323526,0.395977715,0.542415293,0.514324452
2024/12/4 0:00,0.554143043,0.613542666,0.398596225,0.553512886,0.518022319
2024/12/4 1:00,0.556012494,0.583595375,0.399763587,0.532694868,0.515256691
2024/12/4 2:00,0.556430911,0.567943081,0.394836713,0.521971315,0.510617797
2024/12/4 3:00,0.556048901,0.547213408,0.401432612,0.508433309,0.505280797
2024/12/4 4:00,0.557355934,0.520900775,0.412447072,0.491294539,0.499514178
2024/12/4 5:00,0.557079621,0.512011242,0.414703244,0.485994036,0.495865261
2024/12/4 6:00,0.555584734,0.545652402,0.390243129,0.505781679,0.497969688
2024/12/4 7:00,0.500936178,0.590145304,0.399468466,0.525211001,0.495500111
2024/12/4 8:00,0.37395077,0.511259552,0.418223351,0.467317575,0.431856865
2024/12/4 9:00,0.291285202,0.34565952,0.409761882,0.33435787,0.349632103
2024/12/4 10:00,0.260411931,0.30136864,0.40326812,0.294459774,0.322267852
2024/12/4 11:00,0.253094728,0.294211476,0.40716355,0.286966655,0.31752138
2024/12/4 12:00,0.252545221,0.29372701,0.41025766,0.285530749,0.317667933
2024/12/4 13:00,0.264549305,0.311769676,0.418208388,0.305528676,0.331630228
2024/12/4 14:00,0.300184325,0.356959534,0.419745035,0.351666283,0.362039558
2024/12/4 15:00,0.361078866,0.401447223,0.423019259,0.393298034,0.397252295
2024/12/4 16:00,0.493377419,0.42688606,0.425283027,0.426817407,0.4445761
2024/12/4 17:00,0.555882633,0.439905802,0.427989378,0.449335105,0.467703472
2024/12/4 18:00,0.556592691,0.458542684,0.42609516,0.466902437,0.473927027
2024/12/4 19:00,0.552962843,0.455234741,0.417491945,0.463251471,0.468773429
2024/12/4 20:00,0.551317424,0.469589931,0.419878878,0.477108743,0.474459729
2024/12/4 21:00,0.554950505,0.50408791,0.419061434,0.506229404,0.486591939
2024/12/4 22:00,0.558927973,0.52260884,0.411624474,0.521584619,0.491013865
2024/12/4 23:00,0.563857512,0.500457333,0.401309732,0.50665033,0.484944999
2024/12/5 0:00,0.559787508,0.499481343,0.41140549,0.506018178,0.489283796
2024/12/5 1:00,0.559039348,0.523830376,0.415452152,0.524098823,0.500876953
2024/12/5 2:00,0.560947788,0.516670038,0.412960231,0.519403497,0.499746819
2024/12/5 3:00,0.557499934,0.511272244,0.420216763,0.515320134,0.498772482
2024/12/5 4:00,0.560941503,0.518357696,0.415675038,0.521352021,0.500376336
2024/12/5 5:00,0.557225753,0.532754912,0.408783798,0.531140779,0.502631211
2024/12/5 6:00,0.552087571,0.533657792,0.393060046,0.530030206,0.495234357
2024/12/5 7:00,0.460033496,0.48357056,0.412528645,0.470963557,0.452902475
2024/12/5 8:00,0.350012072,0.397870288,0.418766803,0.384492977,0.388946352
2024/12/5 9:00,0.283306577,0.315524712,0.406733977,0.307339391,0.33509952
2024/12/5 10:00,0.253444015,0.278724173,0.399489245,0.272156844,0.308722436
2024/12/5 11:00,0.247764924,0.272361345,0.403629588,0.266763444,0.305219041
2024/12/5 12:00,0.247886964,0.293199194,0.416949637,0.285651731,0.315435563
2024/12/5 13:00,0.268302738,0.333195258,0.418389738,0.319672733,0.338680304
2024/12/5 14:00,0.296015642,0.365526464,0.413253998,0.344603954,0.359468883
2024/12/5 15:00,0.361743623,0.405762567,0.415829125,0.380444703,0.395774998
2024/12/5 16:00,0.479791929,0.4287006,0.418791175,0.408114844,0.43952707
2024/12/5 17:00,0.550796677,0.411322748,0.418821774,0.406876249,0.453308332
2024/12/5 18:00,0.551552042,0.419808861,0.41772434,0.417405573,0.456544252
2024/12/5 19:00,0.550386564,0.458389541,0.415525815,0.445327932,0.46852323
2024/12/5 20:00,0.550052235,0.514074924,0.416012986,0.491439739,0.486684797
2024/12/5 21:00,0.550135158,0.529886346,0.414356068,0.50248496,0.491517876
2024/12/5 22:00,0.554994924,0.510519561,0.408047357,0.485596497,0.484457385
2024/12/5 23:00,0.556727185,0.546326601,0.391896196,0.506749093,0.493289913
2024/12/6 0:00,0.558209094,0.596293578,0.393117507,0.543791121,0.51539818
2024/12/6 1:00,0.563041894,0.619396565,0.401192262,0.56211907,0.531269576
2024/12/6 2:00,0.565069615,0.62154146,0.405049076,0.567114724,0.536802329
2024/12/6 3:00,0.564331642,0.600177678,0.41320051,0.548996762,0.533269021
2024/12/6 4:00,0.561584983,0.592498584,0.403867968,0.543660303,0.52792582
2024/12/6 5:00,0.55680329,0.609076479,0.385588045,0.555789683,0.52485795
2024/12/6 6:00,0.556165941,0.625862967,0.366528411,0.566563745,0.522165822
2024/12/6 7:00,0.463218398,0.592743786,0.398907264,0.52468553,0.488624269
2024/12/6 8:00,0.35569657,0.479756169,0.42611409,0.430248576,0.420793474
2024/12/6 9:00,0.291265293,0.396073531,0.422910096,0.359532179,0.37035241
2024/12/6 10:00,0.258599129,0.338633028,0.40878624,0.31064674,0.335652667
2024/12/6 11:00,0.249047271,0.315661298,0.409014108,0.286690173,0.32400189
2024/12/6 12:00,0.246281029,0.31446904,0.414692017,0.283177644,0.324531855
2024/12/6 13:00,0.259767551,0.335124086,0.415256145,0.308623182,0.338045367
2024/12/6 14:00,0.290926059,0.378150897,0.408160816,0.349987844,0.362249892
2024/12/6 15:00,0.355635287,0.412949479,0.410463395,0.378811462,0.3946564
2024/12/6 16:00,0.477218708,0.436400383,0.413733016,0.415660648,0.439146328
2024/12/6 17:00,0.548381074,0.441387854,0.417651233,0.431011743,0.462183596
2024/12/6 18:00,0.5521849,0.459246983,0.415558676,0.448221077,0.468730828
2024/12/6 19:00,0.552304581,0.483582385,0.412760699,0.464929767,0.475588569
2024/12/6 20:00,0.557487448,0.544835053,0.414054,0.516397163,0.496795171
2024/12/6 21:00,0.559236337,0.554683765,0.414619978,0.522204958,0.501840046
2024/12/6 22:00,0.56283239,0.552456783,0.413771497,0.515885486,0.501834243
2024/12/6 23:00,0.560746921,0.543578436,0.413789705,0.506639597,0.499203712
2024/12/7 0:00,0.559237364,0.525531052,0.424731149,0.496096337,0.498809237
2024/12/7 1:00,0.561996442,0.518723314,0.436612846,0.486191107,0.502936606
2024/12/7 2:00,0.564744379,0.488662612,0.442267916,0.459756985,0.497100057
2024/12/7 3:00,0.561821228,0.512744452,0.434105149,0.479183294,0.501141862
2024/12/7 4:00,0.559969969,0.537336879,0.426124214,0.499789501,0.506299964
2024/12/7 5:00,0.558469717,0.50737354,0.4302448,0.482541025,0.497250421
2024/12/7 6:00,0.552032388,0.458817994,0.436502029,0.444793787,0.479973581
2024/12/7 7:00,0.460087579,0.408226605,0.44215069,0.38680803,0.434754009
2024/12/7 8:00,0.332983732,0.342610685,0.443583907,0.31842732,0.370658555
2024/12/7 9:00,0.275849208,0.316822541,0.42923457,0.291325314,0.339019632
2024/12/7 10:00,0.262001857,0.287645152,0.418668473,0.265903827,0.321438886
2024/12/7 11:00,0.252512788,0.270386225,0.415271071,0.251189441,0.310420544
2024/12/7 12:00,0.247651694,0.271720369,0.414073312,0.248944335,0.309665804
2024/12/7 13:00,0.257606772,0.292189869,0.420419151,0.266143629,0.324369158
2024/12/7 14:00,0.280967398,0.323458627,0.424013264,0.298536292,0.344867038
2024/12/7 15:00,0.366403507,0.376992284,0.432688531,0.352261809,0.393528005
2024/12/7 16:00,0.486963869,0.430924015,0.438136735,0.411362423,0.448883821
2024/12/7 17:00,0.532079564,0.428430003,0.438998319,0.418854479,0.461910275
2024/12/7 18:00,0.532647564,0.427139985,0.438366874,0.418175503,0.461275627
2024/12/7 19:00,0.531947074,0.406733189,0.438098021,0.403928904,0.453584568
2024/12/7 20:00,0.530734206,0.438386179,0.439773004,0.431914462,0.465688947
2024/12/7 21:00,0.530902916,0.438978393,0.439969076,0.429076673,0.466003511
2024/12/7 22:00,0.50826013,0.407087616,0.438801161,0.401111759,0.448415428
2024/12/7 23:00,0.479511935,0.390677262,0.439943533,0.385919787,0.436601785
2024/12/8 0:00,0.469140522,0.406201101,0.440289238,0.39584641,0.43848798
2024/12/8 1:00,0.465991228,0.422676295,0.442459568,0.403878091,0.442956143
2024/12/8 2:00,0.464372436,0.453530909,0.442517834,0.424952438,0.452580877
2024/12/8 3:00,0.464685096,0.471966814,0.438961878,0.437908104,0.457751886
2024/12/8 4:00,0.461440987,0.470519822,0.436015877,0.4380727,0.455390011
2024/12/8 5:00,0.46123431,0.471886938,0.4347145,0.437466501,0.455389125
2024/12/8 6:00,0.457674734,0.424010773,0.441830797,0.402696917,0.439733992
2024/12/8 7:00,0.392887382,0.398846682,0.446667801,0.373622796,0.412354263
2024/12/8 8:00,0.301162757,0.343381955,0.440865395,0.317325889,0.363009057
2024/12/8 9:00,0.258649513,0.304434808,0.422860268,0.281918369,0.331909416
2024/12/8 10:00,0.218300557,0.280230945,0.417129623,0.258926334,0.307707148
2024/12/8 11:00,0.202367859,0.270089777,0.417184549,0.246995278,0.297057534
2024/12/8 12:00,0.263462058,0.283467516,0.419154685,0.263189904,0.324752013
2024/12/8 13:00,0.328514627,0.320888949,0.422926363,0.302458781,0.359659022
2024/12/8 14:00,0.393596823,0.354181391,0.429077053,0.338753617,0.39055536
2024/12/8 15:00,0.444013872,0.40283241,0.440920099,0.38305355,0.426904046
2024/12/8 16:00,0.478161644,0.431474838,0.443009265,0.412005935,0.448551516
2024/12/8 17:00,0.49877834,0.420214762,0.440477099,0.409345651,0.448873215
2024/12/8 18:00,0.492456263,0.410953152,0.439413159,0.402900334,0.443724333
2024/12/8 19:00,0.489238871,0.378075759,0.436722306,0.377793833,0.430705232
2024/12/8 20:00,0.486523577,0.405459601,0.439513154,0.399517015,0.441288911
2024/12/8 21:00,0.483952218,0.407754486,0.44310818,0.400845128,0.443073985
2024/12/8 22:00,0.480144005,0.420444708,0.442057797,0.408404513,0.445410984
2024/12/8 23:00,0.479599294,0.45893494,0.445837936,0.438187789,0.458760181
2024/12/9 0:00,0.477524335,0.471901657,0.451426669,0.446681584,0.465132572
2024/12/9 1:00,0.47720243,0.527455168,0.450228025,0.48639572,0.482775923
2024/12/9 2:00,0.478053072,0.530920281,0.454491443,0.49021267,0.487782495
2024/12/9 3:00,0.478776795,0.517463092,0.448659844,0.478214442,0.481954988
2024/12/9 4:00,0.479557925,0.503308031,0.442054092,0.469554763,0.474711181
2024/12/9 5:00,0.477726805,0.508378759,0.440535489,0.472273254,0.474922969
2024/12/9 6:00,0.476086167,0.488481546,0.419206945,0.458058303,0.45879212
2024/12/9 7:00,0.44948926,0.454495711,0.424680418,0.429426841,0.441489486
2024/12/9 8:00,0.397097869,0.387285724,0.41835764,0.368077871,0.40116678
2024/12/9 9:00,0.281546128,0.350388497,0.408552504,0.319052674,0.348706002
2024/12/9 10:00,0.232600214,0.319537923,0.403522866,0.288452592,0.318788847
2024/12/9 11:00,0.229134414,0.302368002,0.41091638,0.269437599,0.313203387
2024/12/9 12:00,0.224823314,0.290785368,0.414523578,0.255996064,0.308128344
2024/12/9 13:00,0.244819064,0.304861727,0.41478932,0.278141538,0.32188547
2024/12/9 14:00,0.26568983,0.321938162,0.410598603,0.296961156,0.333737485
2024/12/9 15:00,0.322538661,0.379551035,0.420422197,0.34951899,0.375652355
2024/12/9 16:00,0.413477217,0.432147667,0.425689556,0.405301494,0.423784246
2024/12/9 17:00,0.466340689,0.449678475,0.424513297,0.430371554,0.44465238
2024/12/9 18:00,0.465576374,0.429246035,0.426752945,0.416408562,0.438576997
2024/12/9 19:00,0.463370983,0.40482794,0.425436603,0.39828023,0.429266556
2024/12/9 20:00,0.464041565,0.428576792,0.427588025,0.41530661,0.438473225
2024/12/9 21:00,0.463735572,0.485014164,0.431075716,0.456120055,0.457102852
2024/12/9 22:00,0.463259422,0.544654352,0.427531119,0.496986762,0.473680872
2024/12/9 23:00,0.462124676,0.538409684,0.421115267,0.4860286,0.468482237
2024/12/10 0:00,0.459665106,0.529010999,0.437175028,0.480920399,0.472233479
2024/12/10 1:00,0.458751533,0.563632789,0.440256243,0.501797424,0.48645585
2024/12/10 2:00,0.460611994,0.591124303,0.441702747,0.51995523,0.500777453
2024/12/10 3:00,0.460413498,0.598457533,0.439808683,0.52697921,0.504535184
2024/12/10 4:00,0.461538395,0.598554839,0.434559112,0.527788735,0.50334324
2024/12/10 5:00,0.461027474,0.579256801,0.426866212,0.519676839,0.492169858
2024/12/10 6:00,0.4601481,0.573625648,0.408458909,0.514007525,0.480234569
2024/12/10 7:00,0.415205634,0.55246533,0.422247497,0.486437253,0.460088895
2024/12/10 8:00,0.324796594,0.497147154,0.435196806,0.435214393,0.413658991
2024/12/10 9:00,0.273904941,0.456585673,0.437718497,0.403776943,0.384945392
2024/12/10 10:00,0.244087764,0.436017177,0.429954293,0.382170268,0.365749532
2024/12/10 11:00,0.236351063,0.40790495,0.431461713,0.357348904,0.354992546
2024/12/10 12:00,0.229878248,0.394280636,0.435798594,0.359212187,0.352546593
2024/12/10 13:00,0.254269645,0.397326945,0.433226219,0.369156511,0.364086117
2024/12/10 14:00,0.277722003,0.413629404,0.419834441,0.381143815,0.372425428
2024/12/10 15:00,0.326018599,0.433275257,0.416825512,0.395484338,0.392611687
2024/12/10 16:00,0.416639514,0.437548789,0.416029906,0.410933956,0.422550638
2024/12/10 17:00,0.455798778,0.440478691,0.418558415,0.423071671,0.43611072
2024/12/10 18:00,0.456457214,0.440288913,0.420612104,0.42297111,0.437085209
2024/12/10 19:00,0.455576998,0.470829225,0.426130017,0.445228691,0.448619643
2024/12/10 20:00,0.455405477,0.481808221,0.432790107,0.454326429,0.454771176
2024/12/10 21:00,0.456013625,0.548285508,0.437521097,0.502330869,0.478155398
2024/12/10 22:00,0.456858649,0.609448039,0.434308649,0.543962311,0.497894632
2024/12/10 23:00,0.457371886,0.649766912,0.425553944,0.565474652,0.507913375
2024/12/11 0:00,0.457565816,0.672377927,0.432010561,0.576928357,0.522711528
2024/12/11 1:00,0.458123065,0.66475346,0.437794175,0.570183605,0.52781478
2024/12/11 2:00,0.458904756,0.666160322,0.427474073,0.573941988,0.529897665
2024/12/11 3:00,0.460361664,0.657781581,0.422651391,0.566853373,0.527489126
2024/12/11 4:00,0.460329316,0.638537447,0.419906197,0.553360261,0.517643893
2024/12/11 5:00,0.459583285,0.604366988,0.420456745,0.532648401,0.502794064
2024/12/11 6:00,0.457495848,0.592232433,0.401579801,0.523574152,0.487995743
2024/12/11 7:00,0.431552175,0.577857839,0.411545935,0.514148872,0.475860953
2024/12/11 8:00,0.319703128,0.509568501,0.432778252,0.457328734,0.421606876
2024/12/11 9:00,0.268765432,0.450836948,0.440736745,0.411764321,0.387047863
2024/12/11 10:00,0.243481956,0.425669579,0.444702736,0.401304806,0.372201158
2024/12/11 11:00,0.235202934,0.413829603,0.450474024,0.390182568,0.367033059
2024/12/11 12:00,0.233715959,0.409256216,0.451737013,0.370861257,0.366007552
2024/12/11 13:00,0.24738707,0.421803021,0.449766629,0.389358148,0.373967715
2024/12/11 14:00,0.252229805,0.466149821,0.437693305,0.415638289,0.382250177
2024/12/11 15:00,0.258828709,0.48823411,0.432698964,0.426527624,0.383373291
2024/12/11 16:00,0.266394184,0.505612429,0.42981612,0.431168817,0.385411728
2024/12/11 17:00,0.266733333,0.514684283,0.426392721,0.435232492,0.384868966
2024/12/11 18:00,0.266887274,0.48761747,0.420031205,0.414828545,0.375092423
2024/12/11 19:00,0.267174294,0.472195638,0.412183784,0.403036483,0.368013685
2024/12/11 20:00,0.448569663,0.45831453,0.410579105,0.435023472,0.436260888
2024/12/11 21:00,0.433945879,0.464195478,0.410219993,0.435961908,0.433778927
2024/12/11 22:00,0.41945593,0.456574894,0.408745628,0.425109696,0.426871624
2024/12/11 23:00,0.411992546,0.438045101,0.407421847,0.407196081,0.418157207
2024/12/12 0:00,0.394127285,0.440201526,0.422668489,0.403327429,0.418931587
2024/12/12 1:00,0.391551541,0.446222715,0.435379928,0.403996921,0.42515406
2024/12/12 2:00,0.390660361,0.446077189,0.436840704,0.402272803,0.425012909
2024/12/12 3:00,0.390232591,0.446445173,0.435578303,0.405181235,0.424827826
2024/12/12 4:00,0.389944066,0.449484754,0.432767954,0.406387882,0.425295477
2024/12/12 5:00,0.390502789,0.451951738,0.419291951,0.408041881,0.422112996
2024/12/12 6:00,0.225040932,0.438669077,0.406157738,0.355765014,0.342410138
2024/12/12 7:00,0.213616227,0.395047468,0.406957113,0.32739502,0.325865008
2024/12/12 8:00,0.214277293,0.352754037,0.400760857,0.307992699,0.315691379
2024/12/12 9:00,0.235761909,0.316987152,0.393227809,0.290350154,0.31850521
2024/12/12 10:00,0.208449163,0.290249595,0.389685578,0.264121269,0.299192637
2024/12/12 11:00,0.185444725,0.282264693,0.397546965,0.253767178,0.288346151
2024/12/12 12:00,0.181437915,0.273845373,0.397520713,0.248215043,0.284475874
2024/12/12 13:00,0.191419953,0.280946077,0.396450827,0.258018281,0.291892432
2024/12/12 14:00,0.213675865,0.318232066,0.395930045,0.292920864,0.313242266
2024/12/12 15:00,0.264140627,0.372114002,0.400427999,0.338625409,0.350165385
2024/12/12 16:00,0.353276558,0.412951907,0.405850926,0.376972556,0.393162872
2024/12/12 17:00,0.399119663,0.43308568,0.408771551,0.402827146,0.414247617
2024/12/12 18:00,0.400324192,0.423445554,0.407311644,0.395445271,0.41063456
2024/12/12 19:00,0.399185736,0.407851723,0.407401036,0.384233423,0.404903434
2024/12/12 20:00,0.399108271,0.442252993,0.410269587,0.410358707,0.417330197
2024/12/12 21:00,0.397310547,0.42863514,0.408992513,0.399031233,0.411779496
2024/12/12 22:00,0.392409199,0.437183399,0.409923631,0.404575165,0.413745496
2024/12/12 23:00,0.389533596,0.454057212,0.410278657,0.412574002,0.418098453
2024/12/13 0:00,0.388383227,0.436881155,0.428520214,0.399131917,0.419114804
2024/12/13 1:00,0.390043063,0.452860189,0.447019783,0.411023406,0.432073274
2024/12/13 2:00,0.391234848,0.484845145,0.44661546,0.432229244,0.444789841
2024/12/13 3:00,0.392340017,0.495262283,0.448288073,0.441143789,0.45050867
2024/12/13 4:00,0.39440158,0.492497768,0.442109571,0.439846446,0.448687799
2024/12/13 5:00,0.396378267,0.452066264,0.435592133,0.413352527,0.431112783
2024/12/13 6:00,0.397556641,0.437363546,0.417410319,0.404124738,0.41916142
2024/12/13 7:00,0.389878802,0.42472089,0.411304267,0.393094955,0.410093608
2024/12/13 8:00,0.356964686,0.399382903,0.413889707,0.368349526,0.392122192
2024/12/13 9:00,0.318077853,0.366146207,0.40923712,0.336551435,0.36765474
2024/12/13 10:00,0.297465566,0.30095817,0.398876538,0.281987418,0.333986256
2024/12/13 11:00,0.26285424,0.310459579,0.403785106,0.287965346,0.331290521
2024/12/13 12:00,0.257547257,0.339721076,0.419408931,0.31135388,0.344880515
2024/12/13 13:00,0.270929205,0.346883142,0.414905083,0.320530877,0.349682524
2024/12/13 14:00,0.293856019,0.356459576,0.40327625,0.328740906,0.35618359
2024/12/13 15:00,0.333832304,0.375665629,0.402872127,0.348300649,0.374018293
2024/12/13 16:00,0.377599209,0.40068859,0.402861909,0.374611811,0.394896043
2024/12/13 17:00,0.402040558,0.394765577,0.402369939,0.37432849,0.399124882
2024/12/13 18:00,0.402496489,0.37501568,0.401733199,0.359523495,0.391932248
2024/12/13 19:00,0.401844636,0.368342844,0.401813289,0.361603088,0.389227175
2024/12/13 20:00,0.402011168,0.375459958,0.401340824,0.372445438,0.391930516
2024/12/13 21:00,0.401470793,0.369668708,0.40155573,0.367411569,0.389830268
2024/12/13 22:00,0.399532392,0.388487268,0.403223775,0.382823788,0.396777037
2024/12/13 23:00,0.394108818,0.386057959,0.403800881,0.380141354,0.394619312
2024/12/14 0:00,0.391244336,0.385260814,0.420911505,0.378084323,0.399399842
2024/12/14 1:00,0.390096555,0.398188009,0.438058323,0.387752162,0.409162979
2024/12/14 2:00,0.38985751,0.416755947,0.441564443,0.401834998,0.416943965
2024/12/14 3:00,0.38905383,0.422397065,0.439514252,0.405828002,0.418094103
2024/12/14 4:00,0.389035998,0.42309898,0.44111268,0.406334652,0.418728461
2024/12/14 5:00,0.388533848,0.423171241,0.441348038,0.406685127,0.418687679
2024/12/14 6:00,0.388297185,0.393079026,0.44497591,0.384372887,0.407895728
2024/12/14 7:00,0.365963918,0.367553778,0.446661708,0.35544815,0.391633082
2024/12/14 8:00,0.313602805,0.323033412,0.443673697,0.306550532,0.357851688
2024/12/14 9:00,0.280758583,0.300045758,0.425730484,0.283105159,0.337141155
2024/12/14 10:00,0.25713711,0.285020046,0.418112275,0.266201056,0.323388928
2024/12/14 11:00,0.2482391,0.295963266,0.419592741,0.274596765,0.323598879
2024/12/14 12:00,0.291114226,0.336574282,0.431788973,0.313801948,0.357186076
2024/12/14 13:00,0.307909716,0.363374556,0.432369245,0.337698657,0.37367329
2024/12/14 14:00,0.29972339,0.377235165,0.435083533,0.350131697,0.378868508
2024/12/14 15:00,0.327331264,0.382476603,0.434791552,0.356131326,0.386972203
2024/12/14 16:00,0.371409356,0.387411138,0.432951591,0.36604458,0.399462415
2024/12/14 17:00,0.398933492,0.36608908,0.43210256,0.353400818,0.398052206
2024/12/14 18:00,0.400850575,0.355426747,0.434951532,0.345746661,0.39525066
2024/12/14 19:00,0.402366354,0.339640795,0.433950368,0.333190702,0.389163898
2024/12/14 20:00,0.403534865,0.356434281,0.434390916,0.346493945,0.396806333
2024/12/14 21:00,0.402875213,0.362818869,0.432234798,0.351315126,0.398484171
2024/12/14 22:00,0.402199618,0.382097783,0.435507536,0.366455514,0.406670414
2024/12/14 23:00,0.401746817,0.393384214,0.437206735,0.374622033,0.410828743
2024/12/15 0:00,0.400777357,0.386907461,0.437562561,0.368247648,0.408521384
2024/12/15 1:00,0.395028626,0.391705905,0.44171889,0.368463977,0.409779223
2024/12/15 2:00,0.391416388,0.415477047,0.442875237,0.384022747,0.417495213
2024/12/15 3:00,0.39109786,0.432114962,0.439911154,0.395459313,0.422489326
2024/12/15 4:00,0.391391837,0.431792291,0.44082928,0.395596491,0.42281248
2024/12/15 5:00,0.391804944,0.428014326,0.440188327,0.393502932,0.421206165
2024/12/15 6:00,0.390091002,0.396703257,0.44494493,0.372331965,0.409882708
2024/12/15 7:00,0.349515833,0.374771264,0.444666923,0.347274248,0.390046352
2024/12/15 8:00,0.278042451,0.326223563,0.435648832,0.298312717,0.348119206
2024/12/15 9:00,0.215974765,0.288180475,0.418711529,0.261403226,0.308238839
2024/12/15 10:00,0.194843689,0.267563137,0.413386953,0.242534996,0.291224025
2024/12/15 11:00,0.193893629,0.25923572,0.41026847,0.233513685,0.287789953
2024/12/15 12:00,0.183259446,0.257269906,0.40468877,0.231565204,0.282168429
2024/12/15 13:00,0.235732706,0.283064086,0.414810332,0.260108493,0.314633288
2024/12/15 14:00,0.228222402,0.309332643,0.419712282,0.282258591,0.322392692
2024/12/15 15:00,0.267090394,0.349178234,0.426640879,0.322883783,0.355074718
2024/12/15 16:00,0.34750117,0.373944633,0.432784518,0.350533487,0.388546737
2024/12/15 17:00,0.395703077,0.358264141,0.435011934,0.347191259,0.396136305
2024/12/15 18:00,0.400817548,0.383538089,0.43475625,0.368323832,0.40655602
2024/12/15 19:00,0.401621776,0.383540307,0.434332854,0.368475847,0.406719839
2024/12/15 20:00,0.402217662,0.395265947,0.433712887,0.378242015,0.41138703
2024/12/15 21:00,0.402045613,0.389902489,0.433351795,0.373732189,0.409570172
2024/12/15 22:00,0.402562276,0.394082962,0.435718587,0.377301389,0.412041565
2024/12/15 23:00,0.401866498,0.40433648,0.440697845,0.383851238,0.416668398
2024/12/16 0:00,0.398678033,0.44127801,0.442415389,0.409193076,0.429063274
2024/12/16 1:00,0.396481026,0.456752025,0.444860622,0.418835262,0.43540897
2024/12/16 2:00,0.39661687,0.449654883,0.447837593,0.414308951,0.434487489
2024/12/16 3:00,0.394540733,0.45569805,0.445663518,0.41789396,0.435916213
2024/12/16 4:00,0.393594806,0.474285733,0.433688325,0.431530216,0.439382671
2024/12/16 5:00,0.394388658,0.465460934,0.420975657,0.425601974,0.431767414
2024/12/16 6:00,0.391845287,0.428486303,0.407929649,0.397358355,0.411345834
2024/12/16 7:00,0.387513603,0.443698537,0.402892027,0.407873506,0.413713114
2024/12/16 8:00,0.367221565,0.453920765,0.407565937,0.413301903,0.411851531
2024/12/16 9:00,0.330566084,0.422413686,0.407076159,0.389634935,0.39314865
2024/12/16 10:00,0.304951181,0.399542928,0.409829991,0.369426827,0.379751073
2024/12/16 11:00,0.290395787,0.414057996,0.416491225,0.381476923,0.38358443
2024/12/16 12:00,0.290490843,0.44059673,0.42118133,0.399846743,0.398110415
2024/12/16 13:00,0.318321547,0.453783696,0.420750461,0.412883367,0.41113601
2024/12/16 14:00,0.345703038,0.476438503,0.411245929,0.433740224,0.423183817
2024/12/16 15:00,0.355019178,0.492448893,0.413420816,0.449651371,0.428190224
2024/12/16 16:00,0.372637244,0.514928671,0.417915386,0.470533068,0.43960864
2024/12/16 17:00,0.400278354,0.488778758,0.413898985,0.452313743,0.43547405
2024/12/16 18:00,0.400388019,0.461354498,0.409404073,0.430123905,0.424741255
2024/12/16 19:00,0.400447658,0.461736928,0.410953377,0.431123481,0.425832475
2024/12/16 20:00,0.401237895,0.503570587,0.419212522,0.465824873,0.442391954
2024/12/16 21:00,0.401578331,0.521100608,0.425666807,0.480020792,0.450309681
2024/12/16 22:00,0.400844083,0.559983315,0.435584073,0.509510778,0.465404996
2024/12/16 23:00,0.400388137,0.586499358,0.426283532,0.517829565,0.467858229
2024/12/17 0:00,0.400909078,0.594582186,0.433770972,0.51691463,0.474667873
2024/12/17 1:00,0.400196212,0.583267397,0.441316319,0.508524729,0.47995808
2024/12/17 2:00,0.400835547,0.615711118,0.435754472,0.529414298,0.491676836
2024/12/17 3:00,0.400142378,0.585539049,0.421101257,0.509337124,0.477601682
2024/12/17 4:00,0.400801679,0.559687042,0.414010192,0.492276563,0.464971438
2024/12/17 5:00,0.40093366,0.541847962,0.402783124,0.479729199,0.454137674
2024/12/17 6:00,0.3990864,0.533067347,0.38825333,0.473154349,0.443219586
2024/12/17 7:00,0.344353483,0.48435329,0.397305259,0.428404769,0.412216557
2024/12/17 8:00,0.256608842,0.370860661,0.397449192,0.330417989,0.346622524
2024/12/17 9:00,0.206811402,0.319346796,0.392342327,0.279690238,0.311514323
2024/12/17 10:00,0.185794843,0.274501121,0.385245841,0.238628114,0.285116226
2024/12/17 11:00,0.176610279,0.266268488,0.390479601,0.232789195,0.280652026
2024/12/17 12:00,0.172171058,0.272041291,0.393083419,0.239208532,0.282672355
2024/12/17 13:00,0.179521314,0.278174738,0.391645158,0.255513249,0.289669569
2024/12/17 14:00,0.199782278,0.293921092,0.384290984,0.270264879,0.300749913
2024/12/17 15:00,0.251528287,0.348524971,0.392978668,0.329319599,0.339282217
2024/12/17 16:00,0.338915629,0.387985855,0.398410335,0.370302311,0.379309906
2024/12/17 17:00,0.400402289,0.437561478,0.40489227,0.419182443,0.414395929
2024/12/17 18:00,0.401284325,0.429982937,0.402944392,0.413489036,0.412013802
2024/12/17 19:00,0.399926174,0.46215016,0.40672767,0.440114213,0.424644304
2024/12/17 20:00,0.398254592,0.5213675,0.41350094,0.488199574,0.44486012
2024/12/17 21:00,0.398912849,0.559145281,0.422214708,0.519445106,0.459418528
2024/12/17 22:00,0.396443865,0.59000953,0.419651068,0.542308874,0.467297075
2024/12/17 23:00,0.389456906,0.595840258,0.413752601,0.540166126,0.465154022
2024/12/18 0:00,0.388699074,0.556413119,0.422884738,0.507786783,0.460863699
2024/12/18 1:00,0.390350877,0.570432678,0.435383855,0.51695058,0.474615909
2024/12/18 2:00,0.392956942,0.579908731,0.434789347,0.523151727,0.482315312
2024/12/18 3:00,0.392091395,0.566948027,0.440682228,0.513638682,0.480203474
2024/12/18 4:00,0.392735618,0.553572743,0.431329486,0.502295243,0.472053933
2024/12/18 5:00,0.393061001,0.55868605,0.411016986,0.506172428,0.466052441
2024/12/18 6:00,0.392339801,0.515820281,0.394844475,0.474761745,0.442908544
2024/12/18 7:00,0.358632371,0.485627217,0.401455742,0.445637178,0.422253449
2024/12/18 8:00,0.313567942,0.425642948,0.402339827,0.396159523,0.387867615
2024/12/18 9:00,0.24852992,0.408042997,0.402274721,0.376117008,0.362514826
2024/12/18 10:00,0.19584935,0.362547458,0.394474791,0.331861232,0.324384269
2024/12/18 11:00,0.17760028,0.330425143,0.397853078,0.301416241,0.307188197
2024/12/18 12:00,0.175486409,0.296612891,0.394101461,0.278280417,0.295037388
2024/12/18 13:00,0.184414646,0.295522032,0.390243099,0.284932708,0.298379865
2024/12/18 14:00,0.206129421,0.309033122,0.381262592,0.296677588,0.307267253
2024/12/18 15:00,0.248307716,0.349380178,0.387809046,0.333654411,0.336595317
2024/12/18 16:00,0.340264329,0.396751452,0.394518001,0.379442595,0.381767046
2024/12/18 17:00,0.389017636,0.423797132,0.398387326,0.399681804,0.404822714
2024/12/18 18:00,0.390920686,0.442124588,0.401541125,0.408694301,0.412921635
2024/12/18 19:00,0.39093685,0.443695763,0.401812449,0.410646117,0.414194945
2024/12/18 20:00,0.391226796,0.477501498,0.406133437,0.438938823,0.427478296
2024/12/18 21:00,0.391091722,0.486183749,0.408054212,0.446299583,0.431284936
2024/12/18 22:00,0.390256551,0.509062162,0.41225802,0.463983,0.440758867
2024/12/18 23:00,0.3885894,0.524483538,0.410071557,0.469500025,0.444187557
2024/12/19 0:00,0.391374117,0.540140049,0.426436905,0.478022773,0.458471506
2024/12/19 1:00,0.391630264,0.548207028,0.44340584,0.482124063,0.470608017
2024/12/19 2:00,0.392418155,0.546357348,0.443955769,0.479979973,0.472691791
2024/12/19 3:00,0.389967689,0.530984099,0.435576771,0.466040664,0.464615411
2024/12/19 4:00,0.390544903,0.521486971,0.429151774,0.460303633,0.458187225
2024/12/19 5:00,0.38993762,0.520687525,0.414113622,0.45920419,0.451111648
2024/12/19 6:00,0.390441154,0.48470441,0.396262868,0.434633101,0.430233441
2024/12/19 7:00,0.371686844,0.462779634,0.394672976,0.416283647,0.415632645
2024/12/19 8:00,0.334698563,0.432550068,0.399645237,0.390768698,0.395754281
2024/12/19 9:00,0.300982321,0.427074658,0.401609344,0.384997728,0.38634619
2024/12/19 10:00,0.278660855,0.413448028,0.403457187,0.371601513,0.377319887
2024/12/19 11:00,0.267716945,0.400321009,0.412074553,0.364068322,0.372014085
2024/12/19 12:00,0.251837406,0.398340564,0.420120519,0.363299823,0.371916621
2024/12/19 13:00,0.270562102,0.398502448,0.414833444,0.369875078,0.375700736
2024/12/19 14:00,0.298897175,0.419624261,0.410369178,0.389535837,0.388499799
2024/12/19 15:00,0.311088466,0.439550934,0.41131766,0.404386095,0.398158648
2024/12/19 16:00,0.35663762,0.484088721,0.425101355,0.441602098,0.429379251
2024/12/19 17:00,0.394366373,0.515928534,0.430766281,0.470072326,0.450333526
2024/12/19 18:00,0.394786208,0.514617866,0.432442702,0.470358307,0.450434631
2024/12/19 19:00,0.392403985,0.506188429,0.431286272,0.464152303,0.447732222
2024/12/19 20:00,0.392727659,0.525494457,0.436694048,0.482958225,0.456123482
2024/12/19 21:00,0.393187332,0.554536209,0.443563415,0.507301336,0.466766078
2024/12/19 22:00,0.396895353,0.575590339,0.451504836,0.526427689,0.47589889
2024/12/19 23:00,0.3953626,0.615935378,0.447083272,0.54707137,0.483027412
2024/12/20 0:00,0.394513927,0.611198692,0.455195585,0.535375913,0.487573822
2024/12/20 1:00,0.395007292,0.611566857,0.467602504,0.533920157,0.498138237
2024/12/20 2:00,0.394298367,0.611245268,0.467141928,0.530853362,0.501670776
2024/12/20 3:00,0.393917365,0.596512027,0.46246866,0.519697565,0.496979062
2024/12/20 4:00,0.394088449,0.587215503,0.453603445,0.511721727,0.490473419
2024/12/20 5:00,0.393885947,0.579330089,0.440148437,0.506758741,0.480617679
2024/12/20 6:00,0.392860726,0.540220303,0.421403818,0.478460071,0.458193152
2024/12/20 7:00,0.341932287,0.496870346,0.423142434,0.440688719,0.428948608
2024/12/20 8:00,0.257761995,0.40841538,0.408747642,0.360232641,0.36735013
2024/12/20 9:00,0.206240406,0.323989567,0.386933345,0.287510981,0.313860857
2024/12/20 10:00,0.184260183,0.288191149,0.374641064,0.253909657,0.289917429
2024/12/20 11:00,0.176958354,0.276915733,0.383219041,0.241825496,0.28471212
2024/12/20 12:00,0.174700843,0.273764802,0.389155987,0.236238529,0.283193544
2024/12/20 13:00,0.184301066,0.282485087,0.389050838,0.248438714,0.291042873
2024/12/20 14:00,0.205208805,0.315776954,0.384902317,0.2864453,0.309839927
2024/12/20 15:00,0.248741279,0.357610284,0.391562905,0.326117325,0.340295035
2024/12/20 16:00,0.331508783,0.408082345,0.399158489,0.3737064,0.385070341
2024/12/20 17:00,0.388826869,0.422612199,0.403160622,0.39151861,0.406606276
2024/12/20 18:00,0.389658787,0.421162653,0.404995217,0.391142254,0.406773489
2024/12/20 19:00,0.389807204,0.447337445,0.410018736,0.411867422,0.417870009
2024/12/20 20:00,0.391227586,0.48359837,0.416865539,0.442280312,0.432212002
2024/12/20 21:00,0.394395421,0.472400062,0.421269614,0.434933869,0.429784383
2024/12/20 22:00,0.394630594,0.505666474,0.428529353,0.462539593,0.443097405
2024/12/20 23:00,0.393514382,0.547297995,0.432388639,0.487036467,0.45617779
2024/12/21 0:00,0.394297734,0.561547948,0.455661666,0.493625675,0.472415402
2024/12/21 1:00,0.393188479,0.605115249,0.477194582,0.522982551,0.494982661
2024/12/21 2:00,0.393812955,0.62262443,0.480447127,0.533687033,0.504619452
2024/12/21 3:00,0.393346936,0.63107996,0.476639248,0.53943027,0.508432444
2024/12/21 4:00,0.392194191,0.626290231,0.47696454,0.536414741,0.506249944
2024/12/21 5:00,0.392199848,0.567748444,0.472398521,0.494552459,0.485976108
2024/12/21 6:00,0.393708776,0.498174753,0.464366012,0.445966256,0.459153611
2024/12/21 7:00,0.367407903,0.470258709,0.46496842,0.422421697,0.44320518
2024/12/21 8:00,0.305088568,0.431941033,0.455651417,0.385308272,0.408707144
2024/12/21 9:00,0.244426964,0.404722089,0.443802508,0.361425301,0.377116727
2024/12/21 10:00,0.217790412,0.367436166,0.438146998,0.328029873,0.354964748
2024/12/21 11:00,0.207025913,0.336750007,0.428021645,0.296867804,0.3365828
2024/12/21 12:00,0.217790385,0.305464449,0.412084058,0.270017079,0.322658033
2024/12/21 13:00,0.25602048,0.31677964,0.414812127,0.28407798,0.3378084
2024/12/21 14:00,0.313182582,0.344347283,0.427535899,0.309588621,0.36483882
2024/12/21 15:00,0.326552014,0.391329768,0.436366127,0.345634577,0.389468632
2024/12/21 16:00,0.366125488,0.418464129,0.438687047,0.370036249,0.411172959
2024/12/21 17:00,0.385844272,0.407125498,0.435978819,0.363054555,0.411128643
2024/12/21 18:00,0.388648495,0.392876896,0.433876632,0.352520269,0.405614963
2024/12/21 19:00,0.391189037,0.378013618,0.431133317,0.340387961,0.399639404
2024/12/21 20:00,0.39113231,0.399279261,0.435060018,0.358114027,0.409398858
2024/12/21 21:00,0.391287844,0.394177592,0.434325829,0.356362684,0.407327099
2024/12/21 22:00,0.391337192,0.401721535,0.43436707,0.362819318,0.410922426
2024/12/21 23:00,0.391854995,0.426092666,0.440649431,0.379736212,0.422315947
2024/12/22 0:00,0.391141557,0.431834054,0.441339191,0.385327328,0.423903182
2024/12/22 1:00,0.389909392,0.458774546,0.443938758,0.414701692,0.434937584
2024/12/22 2:00,0.389395534,0.474572505,0.444150411,0.426407922,0.441831397
2024/12/22 3:00,0.388252063,0.484683267,0.447509569,0.434586061,0.446885939
2024/12/22 4:00,0.388375865,0.483150528,0.447473244,0.433556516,0.446427734
2024/12/22 5:00,0.388562471,0.483965888,0.445814202,0.434373555,0.446126627
2024/12/22 6:00,0.389031604,0.448447188,0.443584893,0.407932532,0.431736783
2024/12/22 7:00,0.362146749,0.433167053,0.445103229,0.393124758,0.419368292
2024/12/22 8:00,0.300207833,0.40737052,0.441179659,0.368857407,0.392700735
2024/12/22 9:00,0.251483817,0.37730596,0.436322428,0.345389819,0.367164578
2024/12/22 10:00,0.250794727,0.350771082,0.42586531,0.325616094,0.355271414
2024/12/22 11:00,0.240664295,0.349532861,0.431724594,0.323574661,0.355921758
2024/12/22 12:00,0.210233652,0.32678054,0.426096844,0.302304757,0.332992477
2024/12/22 13:00,0.227045187,0.328178728,0.425916171,0.301187216,0.337290105
2024/12/22 14:00,0.260629984,0.352257354,0.432440227,0.324502593,0.357741129
2024/12/22 15:00,0.30444802,0.370908076,0.436012406,0.341313107,0.376949503
2024/12/22 16:00,0.354497922,0.40481864,0.442310123,0.373167543,0.405143744
2024/12/22 17:00,0.390945877,0.412121207,0.440676355,0.377978385,0.416216426
2024/12/22 18:00,0.392764011,0.433112979,0.444515992,0.380128488,0.425364274
2024/12/22 19:00,0.391716424,0.431190456,0.445904459,0.384240696,0.425085835
2024/12/22 20:00,0.39149415,0.4606626,0.455521705,0.408374533,0.438914657
2024/12/22 21:00,0.390987502,0.460655835,0.455783174,0.407714394,0.438968156
2024/12/22 22:00,0.390239563,0.483497608,0.458156644,0.424231317,0.447974263
2024/12/22 23:00,0.388036995,0.495703047,0.462225352,0.429741732,0.453181754
2024/12/23 0:00,0.388531715,0.480995695,0.459302174,0.430777627,0.447459288
2024/12/23 1:00,0.388255379,0.483706305,0.470962503,0.433788668,0.453412818
2024/12/23 2:00,0.388723514,0.490518816,0.47508807,0.439260602,0.458621645
2024/12/23 3:00,0.388477856,0.495198988,0.467862995,0.442388323,0.459154265
2024/12/23 4:00,0.388442463,0.508383515,0.442047682,0.452383215,0.45740417
2024/12/23 5:00,0.389691479,0.516390612,0.420282132,0.459537926,0.453028327
2024/12/23 6:00,0.390891354,0.491393885,0.402627096,0.443074019,0.435731888
2024/12/23 7:00,0.373107864,0.473428398,0.40801415,0.426068663,0.423360685
2024/12/23 8:00,0.354279337,0.445510698,0.410212052,0.402665396,0.407564727
2024/12/23 9:00,0.327622538,0.423772926,0.404088305,0.382835095,0.3898458
2024/12/23 10:00,0.316894975,0.408297352,0.402944808,0.361567732,0.381008974
2024/12/23 11:00,0.309615068,0.387797449,0.413082904,0.356340453,0.376530594
2024/12/23 12:00,0.293907006,0.404574147,0.41901449,0.380887133,0.382345048
2024/12/23 13:00,0.31074981,0.407899219,0.416714237,0.37933745,0.386197939
2024/12/23 14:00,0.328694437,0.450164009,0.408652096,0.415018475,0.403753503
2024/12/23 15:00,0.352098886,0.504602964,0.420258233,0.461598882,0.431829123
2024/12/23 16:00,0.382892014,0.563639813,0.435374998,0.512336536,0.465301291
2024/12/23 17:00,0.392147359,0.563504933,0.447206548,0.51104975,0.470634569
2024/12/23 18:00,0.389461176,0.559968722,0.445477842,0.502695486,0.466980537
2024/12/23 19:00,0.392978873,0.543762866,0.441680618,0.452433451,0.462503516
2024/12/23 20:00,0.392585534,0.569258546,0.445833952,0.481591585,0.471548797
2024/12/23 21:00,0.391879788,0.583304876,0.440670132,0.478989723,0.471276802
2024/12/23 22:00,0.39258641,0.586480969,0.434213423,0.479403861,0.470065549
2024/12/23 23:00,0.389728647,0.590957366,0.421264623,0.497032975,0.470167909
2024/12/24 0:00,0.390760475,0.563008738,0.431402605,0.473567924,0.471026428
2024/12/24 1:00,0.390480813,0.541089172,0.448825987,0.450744744,0.469481146
2024/12/24 2:00,0.390437701,0.513391593,0.451052496,0.428276367,0.46001503
2024/12/24 3:00,0.391776659,0.490833753,0.449863806,0.414399461,0.450951974
2024/12/24 4:00,0.391386124,0.481960803,0.439943961,0.411644923,0.443641926
2024/12/24 5:00,0.390340146,0.483132302,0.421922175,0.411935431,0.437728063
2024/12/24 6:00,0.391505757,0.45322167,0.402022477,0.389792436,0.418995967
2024/12/24 7:00,0.379880535,0.462789897,0.403246236,0.395811579,0.419500124
2024/12/24 8:00,0.359157947,0.451622593,0.404064833,0.378698941,0.409721854
2024/12/24 9:00,0.335634313,0.431026622,0.403051131,0.335108891,0.395324629
2024/12/24 10:00,0.31318568,0.395519918,0.399485833,0.297356484,0.374574789
2024/12/24 11:00,0.258719833,0.377821986,0.409742113,0.286492778,0.35199208
2024/12/24 12:00,0.262297235,0.401700694,0.418512848,0.311124019,0.366942676
2024/12/24 13:00,0.288039011,0.415993725,0.417895632,0.331506019,0.383453765
2024/12/24 14:00,0.299490733,0.442878352,0.408281055,0.366312682,0.393829757
2024/12/24 15:00,0.318415724,0.479467874,0.411045571,0.396801494,0.413228897
2024/12/24 16:00,0.367540186,0.508244009,0.409071037,0.429371684,0.435537302
2024/12/24 17:00,0.390095301,0.521164801,0.409036662,0.442195796,0.444164006
2024/12/24 18:00,0.391540643,0.53956055,0.410530882,0.460388063,0.45065107
2024/12/24 19:00,0.391745901,0.575029069,0.412822394,0.486590951,0.462578988
2024/12/24 20:00,0.392938531,0.624061839,0.416583637,0.524574701,0.478020791
2024/12/24 21:00,0.393959015,0.626227754,0.411985258,0.522761228,0.475192823
2024/12/24 22:00,0.393159437,0.625647083,0.41855073,0.523114526,0.475302334
2024/12/24 23:00,0.391630447,0.672771959,0.403283778,0.55675256,0.48300715
2024/12/25 0:00,0.391430195,0.685949599,0.398033367,0.579205581,0.489834156
2024/12/25 1:00,0.392030219,0.671679014,0.392066333,0.565946682,0.49131474
2024/12/25 2:00,0.3919709,0.660474147,0.384374537,0.556364714,0.489937429
2024/12/25 3:00,0.391725786,0.667825307,0.378480289,0.564589778,0.492567423
2024/12/25 4:00,0.391581418,0.669217874,0.378917899,0.568565726,0.493272279
2024/12/25 5:00,0.391013944,0.66685111,0.371567192,0.567779424,0.486991076
2024/12/25 6:00,0.391037943,0.529343724,0.379655986,0.474195143,0.440678703
2024/12/25 7:00,0.362125472,0.466706651,0.39525089,0.425891443,0.413320595
2024/12/25 8:00,0.316952665,0.435618678,0.395060816,0.397451619,0.388749691
2024/12/25 9:00,0.289271976,0.408218243,0.398877605,0.370548063,0.372820723
2024/12/25 10:00,0.305386266,0.398715059,0.403411235,0.353691778,0.377164526
2024/12/25 11:00,0.288523197,0.405750319,0.417879637,0.356576477,0.380867389
2024/12/25 12:00,0.248942244,0.397065567,0.428667239,0.347439188,0.371444794
2024/12/25 13:00,0.200600832,0.403110176,0.426276325,0.394934077,0.351619852
2024/12/25 14:00,0.227528349,0.420491156,0.418291039,0.412729276,0.366927342
2024/12/25 15:00,0.279356659,0.446313271,0.422621161,0.38456039,0.394523279
2024/12/25 16:00,0.342967662,0.465060739,0.424170136,0.418540343,0.41915813
2024/12/25 17:00,0.388798606,0.46912638,0.414897164,0.422529018,0.428361228
2024/12/25 18:00,0.392120021,0.465397856,0.407863307,0.419354998,0.424809739
2024/12/25 19:00,0.393758006,0.457903865,0.404594529,0.371722333,0.419575542
2024/12/25 20:00,0.394050531,0.494470816,0.406485248,0.37306256,0.431162863
2024/12/25 21:00,0.392874497,0.488258874,0.409621188,0.368683424,0.42913043
2024/12/25 22:00,0.393197505,0.505494824,0.411290386,0.426607254,0.436324236
2024/12/25 23:00,0.391856126,0.518883423,0.403879113,0.41135876,0.436704329
2024/12/26 0:00,0.391435939,0.522839869,0.412818535,0.45925033,0.44565837
2024/12/26 1:00,0.390454956,0.536931554,0.426604784,0.467715192,0.457386586
2024/12/26 2:00,0.38970616,0.551563418,0.419584208,0.479524389,0.46355171
2024/12/26 3:00,0.390666043,0.554212689,0.417237228,0.485248089,0.465421152
2024/12/26 4:00,0.390616519,0.568941168,0.41184873,0.498452343,0.469435285
2024/12/26 5:00,0.390849088,0.578827298,0.398033441,0.505870866,0.466935264
2024/12/26 6:00,0.390164567,0.532188902,0.398950246,0.475836034,0.44806432
2024/12/26 7:00,0.337356704,0.493570861,0.409748219,0.450740618,0.422571631
2024/12/26 8:00,0.255608319,0.429219383,0.407105584,0.404851675,0.372157976
2024/12/26 9:00,0.226039699,0.341363547,0.389762459,0.331034599,0.328232164
2024/12/26 10:00,0.182426823,0.288236568,0.382405196,0.28154128,0.290427268
2024/12/26 11:00,0.172474028,0.272257174,0.395130832,0.269013007,0.284131734
2024/12/26 12:00,0.169102166,0.248918517,0.398369891,0.247590051,0.274003207
2024/12/26 13:00,0.176750938,0.269750439,0.396873771,0.2737836,0.28491954
2024/12/26 14:00,0.210554444,0.307455059,0.393262549,0.304033963,0.311396526
2024/12/26 15:00,0.273841274,0.365288899,0.398249464,0.34603911,0.35293925
2024/12/26 16:00,0.368035547,0.420067444,0.391514616,0.395367091,0.396348302
2024/12/26 17:00,0.386880606,0.453988235,0.393150932,0.423979593,0.414716591
2024/12/26 18:00,0.386935511,0.451012051,0.392683375,0.422416594,0.413613655
2024/12/26 19:00,0.386831187,0.44666047,0.392113948,0.419078764,0.411902964
2024/12/26 20:00,0.386836203,0.471792193,0.393525372,0.44102456,0.420347737
2024/12/26 21:00,0.388384546,0.46168,0.395446129,0.432200832,0.41671472
2024/12/26 22:00,0.388541238,0.457925852,0.392931622,0.424830727,0.414247427
2024/12/26 23:00,0.38772107,0.483237864,0.393828185,0.445285291,0.423671158
2024/12/27 0:00,0.388525477,0.504318893,0.406594355,0.458709272,0.437263314
2024/12/27 1:00,0.388180018,0.508496809,0.420757044,0.460456192,0.445020225
2024/12/27 2:00,0.387974582,0.491116959,0.422863956,0.44745583,0.439466154
2024/12/27 3:00,0.388109893,0.465433406,0.424792906,0.426140793,0.430105427
2024/12/27 4:00,0.387863891,0.461688628,0.423154134,0.422989112,0.427961452
2024/12/27 5:00,0.387706663,0.461897471,0.40357052,0.424690941,0.421425591
2024/12/27 6:00,0.38917652,0.422278884,0.386873288,0.393493879,0.400953613
2024/12/27 7:00,0.375993454,0.429552697,0.386301112,0.398171214,0.400203296
2024/12/27 8:00,0.343217668,0.400405764,0.392504915,0.370737543,0.38138189
2024/12/27 9:00,0.300732673,0.376661348,0.399618887,0.348972857,0.362740083
2024/12/27 10:00,0.284020352,0.382683274,0.398385348,0.354031362,0.359593779
2024/12/27 11:00,0.301991137,0.344541704,0.411448941,0.32103642,0.355068854
2024/12/27 12:00,0.309409799,0.377047291,0.420572832,0.346510419,0.373979282
2024/12/27 13:00,0.297178026,0.412070949,0.419576485,0.379273763,0.383762158
2024/12/27 14:00,0.281984708,0.435983049,0.410119674,0.404901246,0.386664729
2024/12/27 15:00,0.321832296,0.44773704,0.409834207,0.418096911,0.403322514
2024/12/27 16:00,0.36910382,0.453106901,0.407687541,0.418818855,0.415572285
2024/12/27 17:00,0.390484008,0.449950105,0.406624601,0.386115498,0.41817286
2024/12/27 18:00,0.390544716,0.446495189,0.407441397,0.373821791,0.416982614
2024/12/27 19:00,0.393732285,0.436098622,0.393575611,0.364295037,0.408766797
2024/12/27 20:00,0.396793931,0.45926928,0.390490458,0.383557819,0.415493415
2024/12/27 21:00,0.397807212,0.452642975,0.393559842,0.406974514,0.414860835
2024/12/27 22:00,0.395237547,0.434108013,0.397201582,0.40289814,0.409277425
2024/12/27 23:00,0.390322853,0.425087047,0.401861285,0.392451942,0.406118828
2024/12/28 0:00,0.390687703,0.408921249,0.417557238,0.377421096,0.405621551
2024/12/28 1:00,0.389855511,0.44658539,0.429874169,0.404420778,0.422691361
2024/12/28 2:00,0.389880295,0.462327319,0.435100026,0.414663845,0.429697969
2024/12/28 3:00,0.390749631,0.460178038,0.435829536,0.413840933,0.429870673
2024/12/28 4:00,0.390501178,0.452315602,0.439800626,0.407239928,0.427884618
2024/12/28 5:00,0.390563064,0.443696472,0.44205275,0.401702257,0.425288499
2024/12/28 6:00,0.38932638,0.403288513,0.447400166,0.372551849,0.411136163
2024/12/28 7:00,0.348500551,0.382405544,0.446056613,0.350951916,0.389768233
2024/12/28 8:00,0.233211015,0.325305939,0.447703166,0.296774728,0.327107545
2024/12/28 9:00,0.16230989,0.281730156,0.423645923,0.264691776,0.282084655
2024/12/28 10:00,0.144366487,0.255400483,0.41242862,0.248217574,0.263270639
2024/12/28 11:00,0.137349815,0.244070353,0.40827823,0.242285724,0.256911146
2024/12/28 12:00,0.134865616,0.245854414,0.413979046,0.249705232,0.259805061
2024/12/28 13:00,0.162523582,0.258841725,0.423244177,0.258498014,0.277336595
2024/12/28 14:00,0.198071559,0.282861192,0.428516817,0.281039336,0.303082643
2024/12/28 15:00,0.243581753,0.317223197,0.435182009,0.300831085,0.331280446
2024/12/28 16:00,0.331910572,0.381486688,0.444588969,0.35626416,0.386262781
2024/12/28 17:00,0.394140532,0.386428342,0.442139682,0.368750449,0.406533518
2024/12/28 18:00,0.393390711,0.347638523,0.444833012,0.337498198,0.391370648
2024/12/28 19:00,0.391564023,0.318980267,0.445848981,0.314580519,0.379890573
2024/12/28 20:00,0.391474289,0.34550689,0.446911874,0.338977598,0.39203655
2024/12/28 21:00,0.391442866,0.345473098,0.442238821,0.339802988,0.390966976
2024/12/28 22:00,0.391419129,0.347901755,0.443162045,0.338671739,0.3925283
2024/12/28 23:00,0.391433617,0.342602621,0.441232087,0.326184401,0.389114598
2024/12/29 0:00,0.391382417,0.362527378,0.438657811,0.338930018,0.396372711
2024/12/29 1:00,0.390435352,0.403037307,0.445948949,0.372275628,0.413201716
2024/12/29 2:00,0.390765015,0.441674652,0.445803611,0.403818141,0.427614757
2024/12/29 3:00,0.390583524,0.461402219,0.44636252,0.421603135,0.435926846
2024/12/29 4:00,0.390164224,0.4483615,0.449387454,0.41220043,0.431702573
2024/12/29 5:00,0.390596665,0.456048553,0.446451988,0.419043161,0.43391749
2024/12/29 6:00,0.39096013,0.458541051,0.439238306,0.423988911,0.43320169
2024/12/29 7:00,0.339283654,0.462138901,0.448633883,0.431694172,0.422318263
2024/12/29 8:00,0.257164746,0.383940849,0.462851894,0.363858487,0.366642716
2024/12/29 9:00,0.200421648,0.344474674,0.451320163,0.333061548,0.325640249
2024/12/29 10:00,0.178337275,0.317249628,0.444765616,0.314755831,0.305288739
2024/12/29 11:00,0.16902787,0.297741192,0.44603308,0.297700465,0.294844902
2024/12/29 12:00,0.166604763,0.294683681,0.448197842,0.307466885,0.293612758
2024/12/29 13:00,0.173546397,0.309197156,0.462919758,0.327626623,0.302210288
2024/12/29 14:00,0.191169946,0.357574525,0.465705568,0.368511041,0.329124144
2024/12/29 15:00,0.231425138,0.434074217,0.471966673,0.436168112,0.377687138
2024/12/29 16:00,0.314834653,0.497452348,0.463834812,0.477208518,0.430396521
2024/12/29 17:00,0.393268611,0.498250816,0.45287774,0.47615275,0.45243451
2024/12/29 18:00,0.397130036,0.492835371,0.453270012,0.470441787,0.451566953
2024/12/29 19:00,0.397950623,0.512596157,0.448532603,0.488453662,0.457638992
2024/12/29 20:00,0.396936904,0.537320413,0.443294819,0.50990073,0.465544733
2024/12/29 21:00,0.396944968,0.535681045,0.437223084,0.511733165,0.463713681
2024/12/29 22:00,0.397043951,0.512913185,0.442620894,0.494691081,0.456242029
2024/12/29 23:00,0.397710849,0.558049743,0.430232581,0.531118579,0.468010429
2024/12/30 0:00,0.397758046,0.628380147,0.407683984,0.592303962,0.488860163
2024/12/30 1:00,0.396228375,0.640304367,0.385358142,0.596497514,0.490522571
2024/12/30 2:00,0.393192163,0.621818805,0.390024092,0.579844197,0.486458642
2024/12/30 3:00,0.392839297,0.597463649,0.403811463,0.559030642,0.482480701
2024/12/30 4:00,0.392872881,0.584885835,0.398952513,0.549240237,0.477002503
2024/12/30 5:00,0.393380895,0.631263941,0.347740955,0.590892705,0.484440786
2024/12/30 6:00,0.393710257,0.683842049,0.329115655,0.629525145,0.488591593
2024/12/30 7:00,0.370861267,0.678157046,0.358456421,0.621509635,0.481305847
2024/12/30 8:00,0.302489838,0.60154603,0.389705312,0.564335038,0.443982235
2024/12/30 9:00,0.244462989,0.516825426,0.411017467,0.504016566,0.404670228
2024/12/30 10:00,0.226300674,0.46631632,0.424422188,0.47048541,0.386527009
2024/12/30 11:00,0.215344051,0.441096419,0.441340003,0.453429172,0.378838265
2024/12/30 12:00,0.226446703,0.426556879,0.445082259,0.445346548,0.381927053
2024/12/30 13:00,0.206730493,0.436595306,0.437493445,0.447323363,0.375213062
2024/12/30 14:00,0.215890218,0.439069518,0.425365323,0.438387647,0.375001658
2024/12/30 15:00,0.232011339,0.47679089,0.428968216,0.455737947,0.390766393
2024/12/30 16:00,0.314709357,0.526209407,0.414825647,0.484422606,0.432458773
2024/12/30 17:00,0.391456912,0.541434302,0.406002498,0.473026441,0.454643095
2024/12/30 18:00,0.393291633,0.527127889,0.406048697,0.494340195,0.449850328
2024/12/30 19:00,0.393272964,0.541644876,0.402955256,0.507392459,0.45505555
2024/12/30 20:00,0.394763084,0.580532809,0.395700558,0.541935213,0.466802929
2024/12/30 21:00,0.395311158,0.566944443,0.408480533,0.531509224,0.463226888
2024/12/30 22:00,0.39302145,0.590201209,0.406098734,0.553536178,0.470972634
2024/12/30 23:00,0.393448134,0.606288076,0.406639176,0.563787203,0.478212833
2024/12/31 0:00,0.393703306,0.625068661,0.407013913,0.583563975,0.494509897
2024/12/31 1:00,0.39412824,0.622043371,0.410435284,0.57531113,0.499497833
2024/12/31 2:00,0.393311779,0.631887595,0.407681203,0.5846522,0.506236469
2024/12/31 3:00,0.39225941,0.627445218,0.43151909,0.580467943,0.5081582
2024/12/31 4:00,0.391507461,0.608237863,0.449402916,0.563704327,0.500515822
2024/12/31 5:00,0.390925102,0.585734466,0.436395748,0.542849807,0.483010677
2024/12/31 6:00,0.389790836,0.551503479,0.415125604,0.512733564,0.460147663
2024/12/31 7:00,0.365653936,0.493431181,0.401441412,0.456065934,0.427940799
2024/12/31 8:00,0.310055519,0.398651371,0.39754178,0.37245366,0.373700839
2024/12/31 9:00,0.260672186,0.356005111,0.39024613,0.330436591,0.339737406
2024/12/31 10:00,0.228817679,0.346829796,0.391106793,0.329137171,0.327345953
2024/12/31 11:00,0.209349116,0.356370479,0.400923239,0.33665019,0.324069074
2024/12/31 12:00,0.24597886,0.366025659,0.414799005,0.349747152,0.348946647
2024/12/31 13:00,0.261936417,0.380299948,0.411147821,0.357112958,0.358313732
2024/12/31 14:00,0.277030492,0.409951679,0.404491829,0.38320752,0.372333133
2024/12/31 15:00,0.313554486,0.466540276,0.405369284,0.430503849,0.403931548
2024/12/31 16:00,0.351747892,0.507447121,0.401343349,0.466635074,0.429174352
2024/12/31 17:00,0.385917073,0.525695056,0.401769041,0.486580246,0.444597188
2024/12/31 18:00,0.387818634,0.51517592,0.396701212,0.480195351,0.440142545
2024/12/31 19:00,0.387671668,0.52482093,0.399337823,0.490272685,0.444648856
2024/12/31 20:00,0.388072707,0.559687253,0.405476614,0.51401299,0.455073295
2024/12/31 21:00,0.387853547,0.558444616,0.409031724,0.510687056,0.454146224
2024/12/31 22:00,0.38799821,0.570301311,0.410599865,0.517934075,0.457885983
2024/12/31 23:00,0.38808429,0.582693656,0.423761303,0.532180002,0.467218369
2025/1/1 0:00,0.388404345,0.588961587,0.436627241,0.539091195,0.47518929
2025/1/1 1:00,0.388656259,0.559721721,0.44654008,0.51463501,0.469132942
2025/1/1 2:00,0.388234105,0.555944263,0.448908269,0.514351408,0.470217738
2025/1/1 3:00,0.390591052,0.539814025,0.445044719,0.510150495,0.466192809
2025/1/1 4:00,0.391055974,0.53371895,0.438993465,0.50783642,0.461370896
2025/1/1 5:00,0.392162643,0.53032568,0.43869158,0.509669205,0.458862069
2025/1/1 6:00,0.390707316,0.542502896,0.44463964,0.515631464,0.463671838
2025/1/1 7:00,0.374300292,0.551010667,0.436459927,0.517350688,0.461291477
2025/1/1 8:00,0.336323416,0.513617319,0.438349221,0.49361541,0.440081065
2025/1/1 9:00,0.304570638,0.451641517,0.442433725,0.448304422,0.412440188
2025/1/1 10:00,0.244998409,0.405103313,0.45592148,0.418207573,0.377765358
2025/1/1 11:00,0.257305613,0.390031725,0.460539143,0.405835943,0.380952991
2025/1/1 12:00,0.25652755,0.390408029,0.464773621,0.402779418,0.380667871
2025/1/1 13:00,0.275037068,0.399389501,0.461503418,0.400342396,0.388841952
2025/1/1 14:00,0.291858464,0.417505447,0.460902884,0.410044625,0.398475035
2025/1/1 15:00,0.33452969,0.452010458,0.461926235,0.434150765,0.423749726
2025/1/1 16:00,0.378391796,0.508867936,0.458521577,0.477216893,0.454262753
2025/1/1 17:00,0.400680665,0.540384095,0.446751897,0.501532019,0.466985419
2025/1/1 18:00,0.400696177,0.604116746,0.442268875,0.551619907,0.488327195
2025/1/1 19:00,0.401218514,0.647900795,0.439789497,0.588842704,0.502873999
2025/1/1 20:00,0.402359635,0.629359955,0.444796993,0.572883189,0.498880592
2025/1/1 21:00,0.403485476,0.636359162,0.444875037,0.579194571,0.502202232
2025/1/1 22:00,0.402913741,0.644185912,0.449375704,0.589078911,0.505526287
2025/1/1 23:00,0.396483143,0.693873111,0.438207117,0.625167464,0.519152552
2025/1/2 0:00,0.394144761,0.706792951,0.407499035,0.638997803,0.520126168
2025/1/2 1:00,0.392468908,0.630388923,0.407436306,0.573850824,0.495649958
2025/1/2 2:00,0.392753363,0.557812444,0.421458718,0.514449493,0.471798118
2025/1/2 3:00,0.392586683,0.505900392,0.434286705,0.472229304,0.454240044
2025/1/2 4:00,0.393854086,0.474272058,0.442089486,0.447343344,0.442782633
2025/1/2 5:00,0.394811781,0.464528626,0.428154329,0.441100118,0.433868234
2025/1/2 6:00,0.394915641,0.443698115,0.409098326,0.422104631,0.418933071
2025/1/2 7:00,0.388970322,0.442936457,0.402453266,0.419982411,0.414695421
2025/1/2 8:00,0.354949328,0.403697432,0.402330813,0.380441751,0.389833175
2025/1/2 9:00,0.32753484,0.393731457,0.411396057,0.370113855,0.381389922
2025/1/2 10:00,0.314186135,0.389946868,0.411697244,0.361966294,0.377296586
2025/1/2 11:00,0.288959937,0.385952716,0.420287042,0.359237197,0.370631713
2025/1/2 12:00,0.273652418,0.367641672,0.426332442,0.346290174,0.361561256
2025/1/2 13:00,0.292735541,0.380801491,0.418732098,0.360530982,0.371646551
2025/1/2 14:00,0.314166435,0.405444085,0.40764523,0.380676254,0.38357593
2025/1/2 15:00,0.337660659,0.40519719,0.403332143,0.377890565,0.387610942
2025/1/2 16:00,0.369213083,0.413660624,0.393562966,0.386408113,0.395144838
2025/1/2 17:00,0.389055653,0.409503802,0.395603857,0.385348657,0.399078578
2025/1/2 18:00,0.390696356,0.407983096,0.397047388,0.385089147,0.399373269
2025/1/2 19:00,0.390908821,0.402689533,0.395845012,0.380295662,0.396936057
2025/1/2 20:00,0.38990851,0.417342416,0.394276048,0.393665149,0.401440381
2025/1/2 21:00,0.390102431,0.410815585,0.391567344,0.387529945,0.397895188
2025/1/2 22:00,0.392040905,0.402877397,0.392606782,0.379731738,0.395804747
2025/1/2 23:00,0.390651724,0.401181908,0.402019846,0.376258403,0.398302655
2025/1/3 0:00,0.390730396,0.398115305,0.425264764,0.372358389,0.405124271
2025/1/3 1:00,0.39221112,0.425941782,0.435258986,0.396179811,0.419386143
2025/1/3 2:00,0.392668071,0.443256609,0.433214633,0.41212225,0.426509466
2025/1/3 3:00,0.392364383,0.442029262,0.428527788,0.410992679,0.425116868
2025/1/3 4:00,0.392185927,0.444114492,0.426916762,0.412442941,0.425438494
2025/1/3 5:00,0.392212367,0.442352171,0.41752499,0.411820647,0.421212025
2025/1/3 6:00,0.391175248,0.410149704,0.396986802,0.382726571,0.400463546
2025/1/3 7:00,0.368961117,0.406431085,0.391293448,0.379143477,0.391489496
2025/1/3 8:00,0.330966411,0.378303531,0.391424415,0.351601518,0.37025633
2025/1/3 9:00,0.24582928,0.337977982,0.389722804,0.310088341,0.327887017
2025/1/3 10:00,0.241817212,0.3220972,0.38177584,0.301669597,0.322350956
2025/1/3 11:00,0.252829674,0.306800465,0.392319877,0.295662833,0.322220166
2025/1/3 12:00,0.225255167,0.286831498,0.395380954,0.280712527,0.305523371
2025/1/3 13:00,0.212493179,0.326622804,0.397506753,0.321588463,0.320858389
2025/1/3 14:00,0.222537437,0.325917989,0.383723486,0.319993459,0.317426029
2025/1/3 15:00,0.230905898,0.358299837,0.389425938,0.348344018,0.333296513
2025/1/3 16:00,0.314233458,0.383553785,0.392174279,0.36163743,0.36892102
2025/1/3 17:00,0.384021223,0.416658221,0.395661612,0.39551733,0.400380721
2025/1/3 18:00,0.38750841,0.411020721,0.393068703,0.391627291,0.398197158
2025/1/3 19:00,0.387806049,0.435098749,0.39660767,0.412482212,0.408472213
2025/1/3 20:00,0.388902765,0.471707039,0.409250705,0.445767706,0.425911867
2025/1/3 21:00,0.39041599,0.483724203,0.411849725,0.457082049,0.431390863
2025/1/3 22:00,0.392291989,0.521819642,0.42538631,0.492081342,0.449922392
2025/1/3 23:00,0.391289993,0.547102142,0.4314463,0.507113648,0.459919089
2025/1/4 0:00,0.39138389,0.528419444,0.433533552,0.490164031,0.455191573
2025/1/4 1:00,0.390851817,0.558181935,0.440711416,0.516551701,0.467300542
2025/1/4 2:00,0.390438307,0.595839444,0.444844424,0.55171055,0.481265926
2025/1/4 3:00,0.391634971,0.603867971,0.439807036,0.558131877,0.484098125
2025/1/4 4:00,0.39169361,0.63429652,0.430206132,0.583471525,0.490347485
2025/1/4 5:00,0.391241996,0.626532084,0.437556389,0.57662477,0.491357426
2025/1/4 6:00,0.390735071,0.588055932,0.437248278,0.545847152,0.479660673
2025/1/4 7:00,0.34120584,0.546378474,0.437917743,0.517249479,0.451731094
2025/1/4 8:00,0.245961279,0.468871508,0.435342175,0.471540341,0.391641114
2025/1/4 9:00,0.198174669,0.407748242,0.43829885,0.448353179,0.356229169
2025/1/4 10:00,0.179690025,0.345497819,0.428507273,0.388146352,0.324433172
2025/1/4 11:00,0.171303613,0.29528314,0.413327214,0.320253014,0.297150977
2025/1/4 12:00,0.167845614,0.280999604,0.414020321,0.300228922,0.290278946
2025/1/4 13:00,0.172002756,0.283169229,0.411717781,0.301237939,0.29334046
2025/1/4 14:00,0.19077418,0.294614164,0.420135327,0.312133143,0.30938604
2025/1/4 15:00,0.227364717,0.353402007,0.431082608,0.355391409,0.346668643
2025/1/4 16:00,0.309110299,0.424147203,0.439328619,0.408042114,0.400395725
2025/1/4 17:00,0.384555337,0.480313698,0.442792548,0.45704055,0.441889766
2025/1/4 18:00,0.389510422,0.500870137,0.447020707,0.474324955,0.452279748
2025/1/4 19:00,0.389712319,0.524963057,0.449143988,0.496032031,0.462394115
2025/1/4 20:00,0.392784297,0.557839819,0.452875238,0.5267539,0.474635566
2025/1/4 21:00,0.399532594,0.549194581,0.457246057,0.522860745,0.475456286
2025/1/4 22:00,0.403466645,0.582068877,0.462385261,0.557695291,0.49048555
2025/1/4 23:00,0.400224788,0.606617255,0.460322874,0.568710947,0.4950715
2025/1/5 0:00,0.393675271,0.590249437,0.461212436,0.552902123,0.488921407
2025/1/5 1:00,0.392737346,0.539705043,0.454552489,0.510132017,0.471303244
2025/1/5 2:00,0.393196862,0.51879093,0.446962794,0.492653696,0.462566319
2025/1/5 3:00,0.394040527,0.508664738,0.446080726,0.481610093,0.458064007
2025/1/5 4:00,0.394567043,0.519999499,0.444249577,0.493447905,0.461849014
2025/1/5 5:00,0.394818255,0.543260697,0.437281126,0.516814421,0.468554092
2025/1/5 6:00,0.394750474,0.526513484,0.43875521,0.50237291,0.462893921
2025/1/5 7:00,0.374246154,0.533338244,0.43840462,0.508244662,0.460584365
2025/1/5 8:00,0.310135554,0.511244317,0.442032941,0.508783725,0.436610864
2025/1/5 9:00,0.266730423,0.492729752,0.44939741,0.501098622,0.416560183
2025/1/5 10:00,0.219335299,0.433627009,0.453161616,0.448391665,0.378012797
2025/1/5 11:00,0.21692085,0.39141612,0.447970605,0.408163368,0.361648792
2025/1/5 12:00,0.188960604,0.355686642,0.430886913,0.366305855,0.330558517
2025/1/5 13:00,0.195042555,0.369587771,0.434892917,0.38865894,0.340313649
2025/1/5 14:00,0.211689486,0.348886996,0.441418882,0.352569169,0.340179445
2025/1/5 15:00,0.265148256,0.396933452,0.450372505,0.379949566,0.378245675
2025/1/5 16:00,0.336601424,0.454272944,0.456705503,0.422984468,0.4226676
2025/1/5 17:00,0.396372355,0.501074323,0.461567284,0.473266729,0.458148013
2025/1/5 18:00,0.404585015,0.524312787,0.463877636,0.491934371,0.468496817
2025/1/5 19:00,0.40495679,0.540311804,0.462670922,0.506083094,0.474085576
2025/1/5 20:00,0.405021746,0.549110566,0.459090879,0.513926063,0.475294872
2025/1/5 21:00,0.40463551,0.545937463,0.459831302,0.513066672,0.476382353
2025/1/5 22:00,0.399243627,0.582904938,0.456926151,0.54401686,0.487514105
2025/1/5 23:00,0.394176388,0.599124338,0.444512349,0.549958455,0.487947678
2025/1/6 0:00,0.39449207,0.541453229,0.451486987,0.500949673,0.469244649
2025/1/6 1:00,0.394639385,0.508073805,0.456761553,0.476170399,0.459593827
2025/1/6 2:00,0.394724728,0.468319608,0.459470467,0.441181805,0.444954948
2025/1/6 3:00,0.394665172,0.452248058,0.461035004,0.426783354,0.438741328
2025/1/6 4:00,0.394943768,0.452568093,0.456434302,0.42769915,0.437696326
2025/1/6 5:00,0.394354473,0.454271545,0.439116528,0.429137483,0.432918083
2025/1/6 6:00,0.394847821,0.433746389,0.412791051,0.410649069,0.416417797
2025/1/6 7:00,0.343883198,0.421142304,0.407434896,0.399712234,0.396050054
2025/1/6 8:00,0.246660548,0.358508667,0.410127755,0.34835905,0.341681188
2025/1/6 9:00,0.195921169,0.295455666,0.393927722,0.295619483,0.295989686
2025/1/6 10:00,0.169219915,0.265976047,0.382556452,0.268889523,0.271090775
2025/1/6 11:00,0.159912209,0.250981547,0.38451153,0.253854033,0.262860592
2025/1/6 12:00,0.159400042,0.248726898,0.394420118,0.2543362,0.26436598
2025/1/6 13:00,0.16737335,0.253329507,0.387745111,0.25476773,0.268908461
2025/1/6 14:00,0.186651786,0.277771385,0.385884104,0.270937015,0.28470253
2025/1/6 15:00,0.228442598,0.313555299,0.398919308,0.29191736,0.313861734
2025/1/6 16:00,0.312779023,0.367993421,0.401259376,0.346147892,0.363180028
2025/1/6 17:00,0.385473734,0.388991032,0.39563319,0.372551971,0.390160441
2025/1/6 18:00,0.391454825,0.35938405,0.400090707,0.348021004,0.381915882
2025/1/6 19:00,0.391717172,0.345740132,0.404695522,0.336697241,0.378306798
2025/1/6 20:00,0.391731172,0.379560739,0.396576114,0.366377548,0.388798952
2025/1/6 21:00,0.391793387,0.376956199,0.39476224,0.36320338,0.387472338
2025/1/6 22:00,0.391820576,0.381537506,0.397945551,0.366195661,0.390162894
2025/1/6 23:00,0.391098694,0.418359661,0.403406659,0.396833005,0.404894746
2025/1/7 0:00,0.391102686,0.441344762,0.418798172,0.413690181,0.418491308
2025/1/7 1:00,0.392904175,0.475967403,0.419237754,0.443277938,0.43317624
2025/1/7 2:00,0.392184133,0.535239495,0.396430226,0.494768442,0.448974748
2025/1/7 3:00,0.392299721,0.565399036,0.379624222,0.519618625,0.456262064
2025/1/7 4:00,0.392671359,0.595658048,0.3715977,0.545578349,0.465648901
2025/1/7 5:00,0.3934663,0.595167942,0.365860498,0.543190345,0.463726124
2025/1/7 6:00,0.390777997,0.595285541,0.359970181,0.549835616,0.458925744
2025/1/7 7:00,0.348302175,0.579107613,0.369578883,0.543477871,0.441474739
2025/1/7 8:00,0.252993463,0.478166251,0.392135934,0.464482212,0.381350348
2025/1/7 9:00,0.206693065,0.384429879,0.397882983,0.389261615,0.335223938
2025/1/7 10:00,0.182693776,0.346759315,0.402253823,0.360893466,0.315230915
2025/1/7 11:00,0.173702616,0.322720831,0.408184755,0.327259908,0.303195875
2025/1/7 12:00,0.184577891,0.314632722,0.407339758,0.315484949,0.306203103
2025/1/7 13:00,0.267339256,0.325376781,0.403007057,0.31097748,0.338639356
2025/1/7 14:00,0.297863115,0.352817466,0.396218184,0.329408062,0.354101845
2025/1/7 15:00,0.328319552,0.369802943,0.395296925,0.341847446,0.367963317
2025/1/7 16:00,0.366386995,0.403505926,0.394532445,0.381668238,0.390717321
2025/1/7 17:00,0.391658535,0.416972427,0.398978024,0.396970396,0.403570073
2025/1/7 18:00,0.392199158,0.391814379,0.405045813,0.376204248,0.396327124
2025/1/7 19:00,0.392993209,0.396833676,0.403318374,0.380564678,0.397860992
2025/1/7 20:00,0.392853368,0.434337877,0.400030377,0.413519611,0.410230547
2025/1/7 21:00,0.392534427,0.447042094,0.397428762,0.424881382,0.413466504
2025/1/7 22:00,0.391237302,0.46116877,0.399175843,0.43684441,0.418187637
2025/1/7 23:00,0.390314891,0.482291807,0.409605106,0.45028707,0.429026165
2025/1/8 0:00,0.389843173,0.50649699,0.43232591,0.468845061,0.44554418
2025/1/8 1:00,0.390333867,0.569845744,0.428592367,0.523925986,0.468228387
2025/1/8 2:00,0.39128119,0.605569726,0.409551629,0.558264216,0.479692292
2025/1/8 3:00,0.392411245,0.592905184,0.410292273,0.549185808,0.478821514
2025/1/8 4:00,0.392176592,0.578553694,0.41185728,0.536637966,0.474151649
2025/1/8 5:00,0.391225592,0.577073553,0.40667969,0.537368138,0.470601144
2025/1/8 6:00,0.391826958,0.541025645,0.388418166,0.507685561,0.448034354
2025/1/8 7:00,0.373765298,0.516225567,0.384765765,0.490429598,0.430134549
2025/1/8 8:00,0.322702734,0.457928249,0.395333572,0.437206882,0.397032778
2025/1/8 9:00,0.275319933,0.38449786,0.398989981,0.368276817,0.358247578
2025/1/8 10:00,0.249204971,0.350319088,0.400173424,0.335148001,0.339451256
2025/1/8 11:00,0.209582257,0.305443328,0.419819405,0.292348856,0.310949616
2025/1/8 12:00,0.175577701,0.27292714,0.424172883,0.270028614,0.283948991
2025/1/8 13:00,0.19738682,0.279013208,0.405539753,0.275826169,0.294121726
2025/1/8 14:00,0.191302225,0.285257128,0.410114761,0.281206967,0.293831696
2025/1/8 15:00,0.230368983,0.324207043,0.408538421,0.309845196,0.324175615
2025/1/8 16:00,0.311277005,0.365924918,0.403752087,0.348009931,0.365062647
2025/1/8 17:00,0.391653676,0.379814609,0.398919076,0.364652554,0.38980178
2025/1/8 18:00,0.394661278,0.38112364,0.400744219,0.367443944,0.391782211
2025/1/8 19:00,0.394055104,0.40303397,0.407796849,0.386220972,0.402153773
2025/1/8 20:00,0.393495102,0.456745442,0.41942036,0.432674695,0.424901131
2025/1/8 21:00,0.393973853,0.50933896,0.41804587,0.476734313,0.441175725
2025/1/8 22:00,0.394128193,0.511395213,0.421766308,0.479034029,0.443931448
2025/1/8 23:00,0.393746609,0.510240675,0.417338888,0.472403117,0.441562621
2025/1/9 0:00,0.393878775,0.461758411,0.42573825,0.42947463,0.427846481
2025/1/9 1:00,0.393416373,0.435266399,0.43287069,0.407489736,0.42143008
2025/1/9 2:00,0.39303054,0.435692145,0.431366433,0.408302142,0.421283275
2025/1/9 3:00,0.393422283,0.433427789,0.433984459,0.40753687,0.42197141
2025/1/9 4:00,0.393584554,0.434536765,0.43208482,0.408769684,0.421873175
2025/1/9 5:00,0.392406536,0.453343421,0.415472312,0.426196325,0.423499271
2025/1/9 6:00,0.390920592,0.444947705,0.396716768,0.42010513,0.414043188
2025/1/9 7:00,0.358733795,0.423142707,0.394880158,0.401634399,0.3966134
2025/1/9 8:00,0.279537263,0.376677304,0.395767911,0.361354726,0.356097815
2025/1/9 9:00,0.21698755,0.324080317,0.391281354,0.324615818,0.316799632
2025/1/9 10:00,0.192642135,0.288798734,0.384252761,0.289672364,0.291646357
2025/1/9 11:00,0.183193903,0.266995288,0.387340186,0.267001063,0.279565574
2025/1/9 12:00,0.185699515,0.271815964,0.398200908,0.274917429,0.28680942
2025/1/9 13:00,0.22130159,0.297171481,0.395991217,0.290156804,0.311281249
2025/1/9 14:00,0.235811264,0.294985983,0.386837736,0.274192338,0.308964229
2025/1/9 15:00,0.279739522,0.34244297,0.392371221,0.303033839,0.342310119
2025/1/9 16:00,0.349915434,0.39319932,0.395821972,0.354266291,0.382885054
2025/1/9 17:00,0.383901271,0.42030858,0.396810335,0.382865405,0.401748875
2025/1/9 18:00,0.387360429,0.382592618,0.395677231,0.352085383,0.387939905
2025/1/9 19:00,0.388539475,0.355584711,0.394553687,0.327603738,0.377719745
2025/1/9 20:00,0.389486959,0.342660545,0.393936373,0.317643687,0.374082858
2025/1/9 21:00,0.38934768,0.356689456,0.395223774,0.33003272,0.379582742
2025/1/9 22:00,0.388462175,0.364998536,0.39595811,0.336246224,0.382710503
2025/1/9 23:00,0.388033951,0.383501672,0.405171547,0.349699219,0.392324934
2025/1/10 0:00,0.389067512,0.405957388,0.419512897,0.366463891,0.405465421
2025/1/10 1:00,0.38803344,0.424450574,0.4303634,0.380879815,0.415630951
2025/1/10 2:00,0.387869126,0.432634943,0.432434448,0.387042364,0.419478161
2025/1/10 3:00,0.386751588,0.441356758,0.43248151,0.392736794,0.422901417
2025/1/10 4:00,0.386968156,0.43941328,0.43270378,0.391946066,0.422159465
2025/1/10 5:00,0.387136329,0.440229903,0.420294808,0.392663095,0.418253769
2025/1/10 6:00,0.387019775,0.404031906,0.39992585,0.363549204,0.397440499
2025/1/10 7:00,0.3684594,0.374191784,0.394359669,0.345209777,0.379560542
2025/1/10 8:00,0.270735215,0.316145938,0.388902468,0.303864362,0.329602186
2025/1/10 9:00,0.204751113,0.272234108,0.37267452,0.273203725,0.289798233
2025/1/10 10:00,0.180338619,0.243363787,0.362443725,0.247972707,0.268573235
2025/1/10 11:00,0.169201067,0.23320227,0.366063128,0.239707835,0.262054356
2025/1/10 12:00,0.167811178,0.226555434,0.367707719,0.241577273,0.260707943
2025/1/10 13:00,0.176667172,0.237220234,0.36869277,0.248571801,0.269554522
2025/1/10 14:00,0.224840232,0.264936214,0.368772375,0.253265677,0.295776629
2025/1/10 15:00,0.23879991,0.297221525,0.377203648,0.274098239,0.31188945
2025/1/10 16:00,0.30800521,0.353754051,0.389363454,0.319160456,0.355367702
2025/1/10 17:00,0.380895267,0.365648192,0.392188193,0.331297413,0.379080576
2025/1/10 18:00,0.388420666,0.357606854,0.389567713,0.325146949,0.376951402
2025/1/10 19:00,0.388236726,0.347178415,0.38929362,0.315403727,0.372782421
2025/1/10 20:00,0.388387233,0.379371848,0.392993878,0.343396872,0.386330672
2025/1/10 21:00,0.388610118,0.390181511,0.393253794,0.353032595,0.390196523
2025/1/10 22:00,0.388520075,0.402525646,0.387823311,0.36292929,0.392035254
2025/1/10 23:00,0.388661129,0.442305138,0.399033563,0.392470299,0.409425141
2025/1/11 0:00,0.3884194,0.454555675,0.423433934,0.403030664,0.423399325
2025/1/11 1:00,0.388588043,0.483271593,0.428832483,0.427278566,0.435735101
2025/1/11 2:00,0.388587532,0.482039598,0.425703956,0.422017699,0.435113156
2025/1/11 3:00,0.387585139,0.459328875,0.427969468,0.399779445,0.428051779
2025/1/11 4:00,0.388124571,0.451295411,0.432244382,0.392354908,0.427008987
2025/1/11 5:00,0.387996396,0.44577685,0.432636984,0.388981523,0.424959748
2025/1/11 6:00,0.387581315,0.415146049,0.435200339,0.363478266,0.414657208
2025/1/11 7:00,0.363636381,0.393416939,0.440295842,0.349053101,0.402521792
2025/1/11 8:00,0.260736408,0.334476571,0.427502358,0.299113173,0.345653257
2025/1/11 9:00,0.220742592,0.275355821,0.404729537,0.250617625,0.30421185
2025/1/11 10:00,0.186678241,0.246722687,0.392620988,0.223598649,0.27849648
2025/1/11 11:00,0.176138923,0.23498619,0.3920835,0.20659818,0.269818011
2025/1/11 12:00,0.173709013,0.234638581,0.392612984,0.196357817,0.268355338
2025/1/11 13:00,0.190169534,0.286969887,0.409566248,0.249743213,0.298359509
2025/1/11 14:00,0.245027307,0.310732671,0.410871286,0.278608401,0.32777468
2025/1/11 15:00,0.266965208,0.33683591,0.424632627,0.294601712,0.345479924
2025/1/11 16:00,0.31545143,0.374413037,0.433244163,0.330728064,0.376938125
2025/1/11 17:00,0.384681618,0.358927794,0.432419289,0.331209388,0.391573578
2025/1/11 18:00,0.391115137,0.366458024,0.432621052,0.33454414,0.395930548
2025/1/11 19:00,0.390550397,0.367190952,0.43021011,0.340065984,0.395227277
2025/1/11 20:00,0.39086429,0.399085055,0.434417503,0.365319866,0.408725543
2025/1/11 21:00,0.391820702,0.406701263,0.436997744,0.371673071,0.412618285
2025/1/11 22:00,0.391247447,0.413242382,0.444254278,0.369739973,0.4176563
2025/1/11 23:00,0.391021431,0.442869557,0.447753526,0.390085057,0.429030997
2025/1/12 0:00,0.390565202,0.451407141,0.444491273,0.392410423,0.430201178
2025/1/12 1:00,0.391089204,0.459750896,0.446188817,0.395049292,0.433328577
2025/1/12 2:00,0.390623374,0.47290534,0.4486685,0.404107608,0.439408
2025/1/12 3:00,0.390722666,0.457857445,0.460614451,0.391132541,0.437083844
2025/1/12 4:00,0.391270587,0.436400617,0.448450593,0.376649436,0.424825046
2025/1/12 5:00,0.391066096,0.430042688,0.449853689,0.374143015,0.422652458
2025/1/12 6:00,0.390577292,0.389265349,0.460174955,0.344479065,0.408946487
2025/1/12 7:00,0.363189066,0.37660449,0.461030708,0.330508188,0.395348874
2025/1/12 8:00,0.265239457,0.320191463,0.457747823,0.276012947,0.339093891
2025/1/12 9:00,0.203600819,0.274052081,0.441877839,0.231858431,0.296966376
2025/1/12 10:00,0.163631942,0.238770383,0.431626486,0.217712503,0.266508874
2025/1/12 11:00,0.14812949,0.225130952,0.430962301,0.202943304,0.253561569
2025/1/12 12:00,0.146183536,0.224933208,0.430966275,0.2018999,0.252806289
2025/1/12 13:00,0.149433588,0.234637823,0.44776001,0.210842399,0.259151076
2025/1/12 14:00,0.166966897,0.275689537,0.448603948,0.245812423,0.284361111
2025/1/12 15:00,0.20309613,0.309997573,0.445798807,0.27944254,0.31433665
2025/1/12 16:00,0.292786266,0.34182608,0.443921342,0.316009137,0.357416875
2025/1/12 17:00,0.383958224,0.372988752,0.431924815,0.34898328,0.396191034
2025/1/12 18:00,0.391103371,0.394438644,0.428579444,0.354766519,0.405639575
2025/1/12 19:00,0.391054041,0.376630103,0.434572952,0.343834978,0.401243864
2025/1/12 20:00,0.392135818,0.387238071,0.436859866,0.351239152,0.407369633
2025/1/12 21:00,0.392000052,0.39038113,0.435876956,0.355304324,0.40817529
2025/1/12 22:00,0.391968028,0.394728157,0.440534915,0.357243379,0.411150792
2025/1/12 23:00,0.391826852,0.467681373,0.448576203,0.406875577,0.437365
2025/1/13 0:00,0.390480139,0.481785602,0.452514728,0.415236526,0.44352667
2025/1/13 1:00,0.390632575,0.517621983,0.444104029,0.44014173,0.45399455
2025/1/13 2:00,0.390118431,0.509200917,0.444708176,0.43665848,0.453224218
2025/1/13 3:00,0.390166446,0.524162377,0.4441385,0.450999077,0.459056413
2025/1/13 4:00,0.390491469,0.552768528,0.437024028,0.471713779,0.470006887
2025/1/13 5:00,0.390285814,0.574559652,0.419372234,0.481571527,0.472463099
2025/1/13 6:00,0.390666593,0.579501492,0.389369176,0.482732375,0.461339349
2025/1/13 7:00,0.343502674,0.56767865,0.3993424,0.475761563,0.440366017
2025/1/13 8:00,0.249509161,0.469906286,0.407398137,0.4135332,0.378126062
2025/1/13 9:00,0.200755715,0.37662085,0.4051544,0.316147247,0.32482371
2025/1/13 10:00,0.17779721,0.324591261,0.399313061,0.275586039,0.294887303
2025/1/13 11:00,0.17072173,0.29924068,0.407702704,0.252193143,0.286323341
2025/1/13 12:00,0.168293731,0.294133395,0.415488635,0.258299358,0.286535284
2025/1/13 13:00,0.182383932,0.30635354,0.41106516,0.265718605,0.296857534
2025/1/13 14:00,0.197259271,0.35377546,0.402212728,0.297756382,0.316781739
2025/1/13 15:00,0.234869692,0.413380887,0.406079922,0.343325833,0.351566083
2025/1/13 16:00,0.312459323,0.46763697,0.405767395,0.39393597,0.400433966
2025/1/13 17:00,0.384261516,0.526739195,0.408238025,0.442712817,0.442521276
2025/1/13 18:00,0.389108196,0.494331481,0.410835863,0.421537737,0.433899549
2025/1/13 19:00,0.391855212,0.487070722,0.408548504,0.421458894,0.430772708
2025/1/13 20:00,0.392130717,0.497456733,0.406872208,0.428979554,0.433321148
2025/1/13 21:00,0.392050034,0.490239419,0.40865095,0.42096078,0.431647962
2025/1/13 22:00,0.392406477,0.500956708,0.41378989,0.431256863,0.437560802
2025/1/13 23:00,0.392276168,0.563462579,0.405158349,0.465078202,0.455700389
2025/1/14 0:00,0.392342783,0.610960802,0.409659856,0.492302312,0.476083661
2025/1/14 1:00,0.392025949,0.65842134,0.390433387,0.521682666,0.497436901
2025/1/14 2:00,0.392389056,0.679023977,0.36821296,0.533744992,0.507196436
2025/1/14 3:00,0.392404667,0.687310906,0.361013679,0.534156059,0.512407687
2025/1/14 4:00,0.3962032,0.686043026,0.43187255,0.527080499,0.517541704
2025/1/14 5:00,0.398245598,0.685904303,0.424812111,0.530132302,0.51232165
2025/1/14 6:00,0.397960044,0.692593455,0.387489692,0.540692522,0.500596
2025/1/14 7:00,0.344939593,0.657197221,0.331300881,0.51924414,0.467907099
2025/1/14 8:00,0.310681989,0.549939162,0.382190549,0.44469217,0.429144748
2025/1/14 9:00,0.268029609,0.48413219,0.403243288,0.388510691,0.394581396
2025/1/14 10:00,0.235742702,0.41808922,0.414142822,0.353840488,0.359819056
2025/1/14 11:00,0.260741136,0.376776786,0.427170178,0.326892865,0.36096226
2025/1/14 12:00,0.250856661,0.362851122,0.436915689,0.309914962,0.354017088
2025/1/14 13:00,0.274728346,0.374965201,0.432671694,0.32810472,0.365970825
2025/1/14 14:00,0.303006534,0.401299306,0.41740443,0.36020932,0.380636653
2025/1/14 15:00,0.349086654,0.444201073,0.416246236,0.400188233,0.409211407
2025/1/14 16:00,0.379292086,0.507819747,0.417310934,0.454674446,0.440874634
2025/1/14 17:00,0.401173856,0.543451432,0.417316581,0.483874443,0.459442571
2025/1/14 18:00,0.403923431,0.546821102,0.418339939,0.466652642,0.460772374
2025/1/14 19:00,0.404258457,0.588351237,0.408212967,0.498795587,0.473898585
2025/1/14 20:00,0.404290567,0.580569194,0.408341384,0.493718564,0.471396796
2025/1/14 21:00,0.404358364,0.602779306,0.406642977,0.513529613,0.478253295
2025/1/14 22:00,0.404028516,0.634939595,0.404461829,0.532713434,0.489147472
2025/1/14 23:00,0.400474399,0.673629656,0.38639579,0.543196018,0.4972163
2025/1/15 0:00,0.400671324,0.702512239,0.367790088,0.555717136,0.513034958
2025/1/15 1:00,0.399668784,0.705677059,0.352058509,0.569756666,0.519724879
2025/1/15 2:00,0.395991977,0.702840847,0.332095841,0.583893407,0.519918986
2025/1/15 3:00,0.392686795,0.689137496,0.342246201,0.562351957,0.518588332
2025/1/15 4:00,0.392566769,0.673224614,0.402980466,0.547310254,0.517060543
2025/1/15 5:00,0.39285614,0.652984399,0.418159365,0.53509206,0.503478827
2025/1/15 6:00,0.392724387,0.66077613,0.380779799,0.537879661,0.484602511
2025/1/15 7:00,0.379853894,0.572625039,0.371676883,0.477556915,0.449079916
2025/1/15 8:00,0.34283558,0.437122262,0.392568739,0.36776307,0.395180161
2025/1/15 9:00,0.317928756,0.37770298,0.392718216,0.318503443,0.366860168
2025/1/15 10:00,0.276804567,0.329786839,0.389504695,0.280145106,0.336825973
2025/1/15 11:00,0.266246869,0.301437436,0.395175867,0.27022419,0.325555067
2025/1/15 12:00,0.278641931,0.316273388,0.405238109,0.291067434,0.338043335
2025/1/15 13:00,0.285642793,0.329556347,0.402111813,0.306997845,0.342629483
2025/1/15 14:00,0.314267248,0.356634342,0.391623402,0.327891761,0.358311498
2025/1/15 15:00,0.317586926,0.346919956,0.389265066,0.319111097,0.354846243
2025/1/15 16:00,0.348630222,0.373182943,0.391766834,0.343875262,0.373412646
2025/1/15 17:00,0.386486267,0.383041261,0.391924052,0.356008736,0.386688347
2025/1/15 18:00,0.389559048,0.370964748,0.391711472,0.347336247,0.382990174
2025/1/15 19:00,0.388869507,0.364698662,0.391175184,0.341957937,0.380166933
2025/1/15 20:00,0.391126117,0.398652249,0.392763516,0.370275401,0.393781931
2025/1/15 21:00,0.393462203,0.406657803,0.393363591,0.376971405,0.3974271
2025/1/15 22:00,0.391524222,0.40728513,0.394252213,0.354138905,0.396744098
2025/1/15 23:00,0.391494868,0.41674047,0.395584235,0.355749649,0.400103541
2025/1/16 0:00,0.391714738,0.436407585,0.417816991,0.364708452,0.415132532
2025/1/16 1:00,0.391651413,0.447445143,0.430870917,0.372629902,0.424229138
2025/1/16 2:00,0.391827445,0.434643801,0.429740899,0.363735662,0.419390117
2025/1/16 3:00,0.391065602,0.432886572,0.426254135,0.363015765,0.417958363
2025/1/16 4:00,0.391058107,0.431285132,0.423362414,0.361789206,0.416515438
2025/1/16 5:00,0.391055061,0.432363479,0.419033115,0.360632798,0.414740513
2025/1/16 6:00,0.391298481,0.407262207,0.398037051,0.349473783,0.398389565
2025/1/16 7:00,0.37293698,0.392374278,0.395098505,0.336455125,0.38690196
2025/1/16 8:00,0.338064937,0.35430863,0.396755658,0.301352249,0.363285199
2025/1/16 9:00,0.29694951,0.313128049,0.395408758,0.267410897,0.335746993
2025/1/16 10:00,0.245289627,0.271428621,0.383417931,0.223941807,0.30210796
2025/1/16 11:00,0.217240069,0.296698151,0.394970635,0.238654761,0.305290482
2025/1/16 12:00,0.178313682,0.303814099,0.402240052,0.250456552,0.292137775
2025/1/16 13:00,0.186646628,0.33552309,0.397484453,0.28766598,0.308221349
2025/1/16 14:00,0.240210806,0.365220209,0.391455833,0.321482807,0.34182386
2025/1/16 15:00,0.279911929,0.384166251,0.390755229,0.337317088,0.360822949
2025/1/16 16:00,0.330473009,0.360417265,0.390195297,0.323463948,0.362973765
2025/1/16 17:00,0.384535172,0.371359482,0.392533542,0.338246568,0.381792563
2025/1/16 18:00,0.393295209,0.373746148,0.393575989,0.342453016,0.385423383
2025/1/16 19:00,0.393268238,0.397038807,0.397374315,0.360912836,0.395416447
2025/1/16 20:00,0.394148163,0.480971978,0.409886053,0.424828212,0.428678431
2025/1/16 21:00,0.394570627,0.511204189,0.411358922,0.457368828,0.439206738
2025/1/16 22:00,0.392609102,0.498343328,0.404989085,0.451373926,0.43228234
2025/1/16 23:00,0.392015458,0.502139876,0.399429248,0.453281447,0.430016085
2025/1/17 0:00,0.394763479,0.484574145,0.409939998,0.439615968,0.432318442
2025/1/17 1:00,0.394327738,0.484079939,0.418901188,0.437605918,0.43685837
2025/1/17 2:00,0.39384373,0.456384654,0.423516122,0.41683098,0.428282205
2025/1/17 3:00,0.392089306,0.451564292,0.424187236,0.413014942,0.426343944
2025/1/17 4:00,0.392234423,0.449720221,0.422337997,0.411329754,0.42499019
2025/1/17 5:00,0.392367328,0.466579825,0.406579373,0.425391672,0.426414218
2025/1/17 6:00,0.39240326,0.440338231,0.392347983,0.408811281,0.410283676
2025/1/17 7:00,0.347535962,0.426209666,0.393375754,0.381218321,0.393159217
2025/1/17 8:00,0.248109921,0.342411902,0.397988756,0.280731643,0.330464978
2025/1/17 9:00,0.19722975,0.275692297,0.393261363,0.2405588,0.286153462
2025/1/17 10:00,0.173825629,0.250534308,0.38274198,0.215290671,0.263649123
2025/1/17 11:00,0.164307732,0.242324251,0.39289306,0.20715348,0.258671947
2025/1/17 12:00,0.16229229,0.236233421,0.405919797,0.208949144,0.256888617
2025/1/17 13:00,0.168761672,0.242194666,0.398002192,0.219053115,0.262489787
2025/1/17 14:00,0.185746728,0.255446618,0.381980208,0.230710514,0.272507107
2025/1/17 15:00,0.219778113,0.279165752,0.384286505,0.249354761,0.296072474
2025/1/17 16:00,0.296053507,0.341418965,0.391874556,0.303408061,0.346436963
2025/1/17 17:00,0.382142326,0.390598225,0.395268539,0.350124291,0.3893681
2025/1/17 18:00,0.39183387,0.400019452,0.405678929,0.357546776,0.399036786
2025/1/17 19:00,0.392432605,0.396073662,0.407511095,0.355869171,0.398357587
2025/1/17 20:00,0.39310466,0.432129871,0.408959053,0.383081469,0.411579263
2025/1/17 21:00,0.392742112,0.468700541,0.408255512,0.409291149,0.422978653
2025/1/17 22:00,0.392249472,0.463113335,0.411919952,0.405950107,0.421642387
2025/1/17 23:00,0.392133351,0.499754569,0.409663137,0.427671844,0.431717102
2025/1/18 0:00,0.392601279,0.556626847,0.423142538,0.462354279,0.455633847
2025/1/18 1:00,0.391519055,0.638483,0.426944964,0.515861708,0.485191118
2025/1/18 2:00,0.392944579,0.698351269,0.410897047,0.556250533,0.503727217
2025/1/18 3:00,0.391312901,0.697165882,0.402395884,0.555719296,0.506262186
2025/1/18 4:00,0.391050368,0.707235067,0.406196682,0.564941896,0.509837799
2025/1/18 5:00,0.392102262,0.690657089,0.40716831,0.559846843,0.508063306
2025/1/18 6:00,0.39222371,0.676744402,0.419719918,0.543248343,0.504427413
2025/1/18 7:00,0.375937989,0.637085013,0.430017986,0.512596877,0.489238694
2025/1/18 8:00,0.308113096,0.564809516,0.437030049,0.451150498,0.440035722
2025/1/18 9:00,0.269058894,0.496484542,0.439859999,0.403645842,0.406936003
2025/1/18 10:00,0.261801697,0.456588367,0.439751703,0.373394116,0.393225719
2025/1/18 11:00,0.235985,0.423309761,0.451958573,0.346812687,0.374194006
2025/1/18 12:00,0.22554436,0.39927342,0.451013846,0.326755526,0.361361011
2025/1/18 13:00,0.25544228,0.398562912,0.450881038,0.333125202,0.372869615
2025/1/18 14:00,0.244881165,0.45173983,0.456174742,0.376192562,0.386682171
2025/1/18 15:00,0.25410933,0.473846335,0.459268225,0.399587241,0.399912928
2025/1/18 16:00,0.322810669,0.492219736,0.453671923,0.420287281,0.428510963
2025/1/18 17:00,0.391850871,0.452831169,0.45588981,0.393652337,0.435242792
2025/1/18 18:00,0.394146274,0.436694343,0.456373688,0.37769058,0.429467882
2025/1/18 19:00,0.395058592,0.4167342,0.459214821,0.363415566,0.422916565
2025/1/18 20:00,0.396539536,0.437136097,0.457572813,0.379574827,0.430886067
2025/1/18 21:00,0.397276671,0.457891316,0.454936685,0.393492656,0.437926484
2025/1/18 22:00,0.397142486,0.445038862,0.455906008,0.384718757,0.433976403
2025/1/18 23:00,0.397305497,0.507552669,0.448934423,0.430729287,0.455545548
2025/1/19 0:00,0.397389272,0.559236137,0.437377212,0.45851168,0.468868989
2025/1/19 1:00,0.397381751,0.613638744,0.424486937,0.486550291,0.484120605
2025/1/19 2:00,0.39742358,0.665612415,0.391736674,0.515267846,0.498903491
2025/1/19 3:00,0.397140435,0.678257498,0.384044893,0.519777878,0.501885812
2025/1/19 4:00,0.395352797,0.681373912,0.371632898,0.518347161,0.498570229
2025/1/19 5:00,0.395842548,0.691054604,0.368046437,0.524381865,0.495015777
2025/1/19 6:00,0.396611092,0.697226109,0.369611462,0.528429406,0.495107031
2025/1/19 7:00,0.335115291,0.708656389,0.379867765,0.521627336,0.476384136
2025/1/19 8:00,0.237723981,0.644989727,0.409500427,0.476242909,0.419833041
2025/1/19 9:00,0.20960403,0.523271143,0.437744909,0.40016397,0.378485673
2025/1/19 10:00,0.174529403,0.407050535,0.447890475,0.333547726,0.333648859
2025/1/19 11:00,0.166566432,0.366604369,0.44696426,0.318104516,0.318812472
2025/1/19 12:00,0.164590801,0.36167895,0.448792564,0.324555858,0.317333029
2025/1/19 13:00,0.172444713,0.368254897,0.450065649,0.333030563,0.322900072
2025/1/19 14:00,0.206473542,0.408430267,0.450593399,0.365022772,0.355143121
2025/1/19 15:00,0.236446464,0.42472867,0.448763282,0.38368257,0.37527204
2025/1/19 16:00,0.289139571,0.436682964,0.443271325,0.382857943,0.393468201
2025/1/19 17:00,0.382044487,0.443483718,0.440432569,0.37918641,0.424634077
2025/1/19 18:00,0.39228945,0.462801294,0.439715476,0.3986482,0.434644574
2025/1/19 19:00,0.393320993,0.464780099,0.437665174,0.405875751,0.434511897
2025/1/19 20:00,0.393682933,0.466676958,0.436149158,0.409358694,0.435237163
2025/1/19 21:00,0.393172453,0.486453521,0.442671389,0.415339362,0.444538482
2025/1/19 22:00,0.392375124,0.507699716,0.447225307,0.43218299,0.453470719
2025/1/19 23:00,0.39155953,0.502271578,0.450708912,0.422034727,0.450251764
2025/1/20 0:00,0.390910978,0.486185166,0.460198998,0.405130259,0.447641448
2025/1/20 1:00,0.391895706,0.485219524,0.459679843,0.400647869,0.446987916
2025/1/20 2:00,0.391476651,0.486850594,0.455253115,0.403086878,0.446601181
2025/1/20 3:00,0.390912296,0.488191286,0.447915674,0.425107077,0.445998069
2025/1/20 4:00,0.390653863,0.494520936,0.436481678,0.430908971,0.444776812
2025/1/20 5:00,0.391034892,0.520035902,0.412171855,0.446300487,0.445098019
2025/1/20 6:00,0.39160659,0.574936608,0.386528293,0.485969517,0.448299384
2025/1/20 7:00,0.34772269,0.620146526,0.387236288,0.490942741,0.445787599
2025/1/20 8:00,0.250861649,0.608443826,0.395446393,0.455455316,0.407653951
2025/1/20 9:00,0.198794891,0.553737406,0.399062283,0.402194127,0.366670622
2025/1/20 10:00,0.177991565,0.34285682,0.414880065,0.269147189,0.305890638
2025/1/20 11:00,0.16915302,0.275108272,0.435522435,0.20186101,0.280805993
2025/1/20 12:00,0.168377654,0.257093636,0.436530087,0.203010804,0.272660779
2025/1/20 13:00,0.184210781,0.291480248,0.427594864,0.249813216,0.292967613
2025/1/20 14:00,0.223417072,0.331302915,0.420409751,0.294382571,0.327547954
2025/1/20 15:00,0.279747594,0.34314637,0.422866476,0.312670471,0.351735652
2025/1/20 16:00,0.32253625,0.390262416,0.426978058,0.356424868,0.384501481
2025/1/20 17:00,0.381666794,0.420940819,0.425534769,0.38044724,0.411884692
2025/1/20 18:00,0.390526548,0.383927993,0.431166724,0.338962968,0.40012128
2025/1/20 19:00,0.390584987,0.370162951,0.443517478,0.32810126,0.398022729
2025/1/20 20:00,0.38993656,0.400530427,0.437089983,0.352038179,0.408806587
2025/1/20 21:00,0.390005171,0.406307139,0.441562571,0.358880336,0.412808184
2025/1/20 22:00,0.390140474,0.418666451,0.444329735,0.36522075,0.418932675
2025/1/20 23:00,0.389151194,0.433032077,0.446445013,0.373058439,0.423612435
2025/1/21 0:00,0.39025714,0.48309569,0.445466674,0.399945933,0.440420441
2025/1/21 1:00,0.389193492,0.565112699,0.425164433,0.46512544,0.46394886
2025/1/21 2:00,0.388182567,0.56526148,0.414264314,0.482519104,0.466598047
2025/1/21 3:00,0.38859164,0.535751722,0.425431783,0.460629004,0.457957625
2025/1/21 4:00,0.388818768,0.547760119,0.422201692,0.47058091,0.460939477
2025/1/21 5:00,0.388768541,0.584514097,0.405925372,0.497775107,0.469546461
2025/1/21 6:00,0.388595106,0.623935856,0.37525715,0.520886768,0.474828451
2025/1/21 7:00,0.347570728,0.611456974,0.396675483,0.502454897,0.459253531
2025/1/21 8:00,0.261111778,0.460479196,0.432970829,0.350104309,0.381569239
2025/1/21 9:00,0.211398807,0.359559632,0.42854959,0.254824366,0.32741627
2025/1/21 10:00,0.187819197,0.318173393,0.424037473,0.265588614,0.30372473
2025/1/21 11:00,0.174845757,0.309196621,0.429783189,0.264038432,0.297132186
2025/1/21 12:00,0.172285375,0.426903983,0.450512565,0.377344414,0.339198613
2025/1/21 13:00,0.177686174,0.354049963,0.433378397,0.300008721,0.315136587
2025/1/21 14:00,0.193829988,0.347606738,0.421651325,0.298223139,0.317358743
2025/1/21 15:00,0.226275526,0.38504414,0.423094596,0.317144031,0.344823593
2025/1/21 16:00,0.299391108,0.462997727,0.433318525,0.380169361,0.400155101
2025/1/21 17:00,0.379939767,0.541414195,0.426903973,0.439529228,0.451392096
2025/1/21 18:00,0.383393257,0.553265014,0.427075662,0.451171272,0.457070073
2025/1/21 19:00,0.381063808,0.596360695,0.420777553,0.48291321,0.469664481
2025/1/21 20:00,0.390289406,0.633951331,0.41477205,0.508132914,0.483817291
2025/1/21 21:00,0.389353305,0.655896349,0.40801481,0.520515723,0.488800041
2025/1/21 22:00,0.389663704,0.668186341,0.416160386,0.529743386,0.495486637
2025/1/21 23:00,0.389402989,0.698314958,0.397832031,0.538684111,0.498810477
2025/1/22 0:00,0.389151415,0.72207012,0.374498566,0.553030889,0.502037709
2025/1/22 1:00,0.390033497,0.761816481,0.348688056,0.582491885,0.514112047
2025/1/22 2:00,0.38954946,0.753801557,0.330591135,0.573204758,0.514786931
2025/1/22 3:00,0.390104664,0.750306852,0.317639579,0.575093297,0.516599626
2025/1/22 4:00,0.389597173,0.750249337,0.326905445,0.576146214,0.515881478
2025/1/22 5:00,0.39014235,0.747556993,0.349405082,0.577241849,0.516408148
2025/1/22 6:00,0.384262279,0.761580848,0.369542469,0.58232799,0.516513838
2025/1/22 7:00,0.356097924,0.748687091,0.396744848,0.559056955,0.502434327
2025/1/22 8:00,0.276368321,0.664447602,0.424824043,0.487029985,0.447449273
2025/1/22 9:00,0.221824219,0.588024335,0.440667961,0.439795108,0.409305127
2025/1/22 10:00,0.194971241,0.511032105,0.445595756,0.419603726,0.382280743
2025/1/22 11:00,0.2078767,0.494419349,0.4564857,0.430218557,0.389944007
2025/1/22 12:00,0.213817401,0.459446253,0.461641105,0.396895535,0.385910821
2025/1/22 13:00,0.239639747,0.4868867,0.460097892,0.425588459,0.406011097
2025/1/22 14:00,0.235819479,0.510583184,0.450827665,0.446912926,0.404540479
2025/1/22 15:00,0.286163705,0.522921536,0.449281825,0.453725416,0.425559727
2025/1/22 16:00,0.319456476,0.523333424,0.456581378,0.440915033,0.435526888
2025/1/22 17:00,0.392573429,0.55527652,0.457835724,0.45491187,0.471548242
2025/1/22 18:00,0.401448824,0.559900944,0.454934609,0.462864451,0.475557985
2025/1/22 19:00,0.402104629,0.575610902,0.448367363,0.473567188,0.478626663
2025/1/22 20:00,0.401403082,0.581284748,0.444116676,0.479595641,0.47912972
2025/1/22 21:00,0.401994965,0.574434469,0.44010547,0.475190635,0.476378202
2025/1/22 22:00,0.402121402,0.569997274,0.440998539,0.476396707,0.476144974
2025/1/22 23:00,0.400593246,0.598567295,0.42954795,0.515545314,0.482846308
2025/1/23 0:00,0.398811209,0.645151612,0.415423175,0.539779561,0.495320475
2025/1/23 1:00,0.398529395,0.682694788,0.393573865,0.559258342,0.506551544
2025/1/23 2:00,0.397372522,0.68021743,0.376547417,0.555378209,0.506573312
2025/1/23 3:00,0.392101216,0.673189627,0.366135203,0.552595721,0.503443567
2025/1/23 4:00,0.39196234,0.648277036,0.372701135,0.537192001,0.494900411
2025/1/23 5:00,0.392552344,0.643475,0.371526401,0.535781771,0.491836022
2025/1/23 6:00,0.392571313,0.604253376,0.380712178,0.500907573,0.478306268
2025/1/23 7:00,0.37844744,0.603890862,0.394108104,0.484821001,0.472415874
2025/1/23 8:00,0.315039319,0.524839153,0.432080569,0.384789016,0.428214104
2025/1/23 9:00,0.29196936,0.412698366,0.446771578,0.323224565,0.387417917
2025/1/23 10:00,0.253103044,0.343030871,0.442876915,0.273593305,0.348487102
2025/1/23 11:00,0.20845827,0.292470082,0.437627306,0.236098985,0.311663767
2025/1/23 12:00,0.177779303,0.257073628,0.434306984,0.221570854,0.284471481
2025/1/23 13:00,0.181047666,0.252029419,0.430957529,0.21906744,0.282133472
2025/1/23 14:00,0.19448727,0.269863298,0.434120316,0.240206555,0.294986686
2025/1/23 15:00,0.226214645,0.30168662,0.440070483,0.270330869,0.321562574
2025/1/23 16:00,0.293736736,0.337354161,0.455949288,0.299572834,0.360790579
2025/1/23 17:00,0.37921041,0.364969182,0.455276519,0.311329631,0.396819627
2025/1/23 18:00,0.390965639,0.35371133,0.458762461,0.287559149,0.395563748
2025/1/23 19:00,0.390992478,0.345326362,0.461236702,0.281090889,0.393120752
2025/1/23 20:00,0.390766983,0.346162831,0.469318579,0.28600222,0.397388651
2025/1/23 21:00,0.39091756,0.35491888,0.471079194,0.298293334,0.401473004
2025/1/23 22:00,0.391313593,0.369937795,0.462513742,0.326894305,0.406155592
2025/1/23 23:00,0.391251987,0.384481906,0.461371955,0.338237038,0.410842116
2025/1/24 0:00,0.391165876,0.386655816,0.461275489,0.346738104,0.410930672
2025/1/24 1:00,0.391190176,0.407540566,0.457035437,0.372041234,0.418164414
2025/1/24 2:00,0.392203442,0.420779822,0.455224555,0.382197054,0.422735124
2025/1/24 3:00,0.389950027,0.431465852,0.463475668,0.390643918,0.428784966
2025/1/24 4:00,0.389612101,0.433444982,0.476163682,0.390528404,0.433186809
2025/1/24 5:00,0.389703808,0.43693949,0.473672279,0.392278038,0.433046976
2025/1/24 6:00,0.388173711,0.409866687,0.462937192,0.374419398,0.418967272
2025/1/24 7:00,0.359308449,0.422131442,0.451771631,0.35905476,0.412448865
2025/1/24 8:00,0.272507452,0.361886485,0.472642705,0.294690446,0.369119343
2025/1/24 9:00,0.204571178,0.323814344,0.473900916,0.260716899,0.330600075
2025/1/24 10:00,0.179812488,0.273573457,0.459850777,0.225913277,0.300978326
2025/1/24 11:00,0.167781416,0.272640734,0.456721435,0.219438174,0.29483229
2025/1/24 12:00,0.164867857,0.251121091,0.460712447,0.206279049,0.284796324
2025/1/24 13:00,0.171587123,0.265649323,0.455747891,0.227200456,0.292926203
2025/1/24 14:00,0.187396641,0.290332901,0.45628944,0.258820406,0.30963219
2025/1/24 15:00,0.221717594,0.331970619,0.470222514,0.286392215,0.341806822
2025/1/24 16:00,0.291704116,0.346675986,0.479009693,0.302276523,0.373408586
2025/1/24 17:00,0.381132857,0.320495594,0.476845238,0.29669364,0.391128078
2025/1/24 18:00,0.392770175,0.30634911,0.47789672,0.291096453,0.389181046
2025/1/24 19:00,0.39160209,0.310198494,0.480900444,0.292149122,0.391496969
2025/1/24 20:00,0.374686106,0.349475189,0.475801162,0.319023997,0.401939419
2025/1/24 21:00,0.353889251,0.364855408,0.472057885,0.327088737,0.402119687
2025/1/24 22:00,0.334775062,0.376802201,0.476898676,0.329727539,0.401388129
2025/1/24 23:00,0.329974532,0.3827993,0.487984629,0.335346192,0.404332934
2025/1/25 0:00,0.33063602,0.38305355,0.506876095,0.333961905,0.407958009
2025/1/25 1:00,0.331756498,0.423261384,0.525569635,0.359082919,0.425513998
2025/1/25 2:00,0.32687816,0.430396663,0.528951982,0.361897034,0.427071697
2025/1/25 3:00,0.325196792,0.433358915,0.524285439,0.364038158,0.426623182
2025/1/25 4:00,0.323757822,0.440834773,0.516907878,0.371066355,0.426676809
2025/1/25 5:00,0.326766785,0.4553478,0.511369247,0.379708575,0.431621647
2025/1/25 6:00,0.326772744,0.421015919,0.51825332,0.356615824,0.42088703
2025/1/25 7:00,0.309830255,0.389687175,0.525232409,0.331382619,0.406238338
2025/1/25 8:00,0.248582023,0.360003337,0.527517018,0.301181352,0.374129637
2025/1/25 9:00,0.195335563,0.324797732,0.507887673,0.266381939,0.339968552
2025/1/25 10:00,0.142722092,0.288089017,0.502552241,0.241962147,0.303600302
2025/1/25 11:00,0.137330792,0.259272557,0.486860661,0.224048102,0.288532097
2025/1/25 12:00,0.143040502,0.264791287,0.487940764,0.226870196,0.288262672
2025/1/25 13:00,0.165971238,0.243562276,0.490911974,0.211078837,0.284658256
2025/1/25 14:00,0.198266955,0.284947168,0.510736015,0.248874181,0.31707101
2025/1/25 15:00,0.23196895,0.316442057,0.516785434,0.274961961,0.34461399
2025/1/25 16:00,0.299573086,0.361978344,0.525783968,0.315943285,0.386537199
2025/1/25 17:00,0.381060295,0.343665084,0.530415351,0.316704503,0.40626518
2025/1/25 18:00,0.392807252,0.357754137,0.52584077,0.32896403,0.414798687
2025/1/25 19:00,0.393481546,0.347951619,0.527652753,0.322975845,0.412070815
2025/1/25 20:00,0.393898113,0.365190881,0.527801186,0.336802952,0.419914905
2025/1/25 21:00,0.394034261,0.376097763,0.528312639,0.345558607,0.423797264
2025/1/25 22:00,0.393008979,0.393386904,0.516289251,0.355024503,0.4290359
2025/1/25 23:00,0.391047612,0.473314625,0.504999629,0.409062993,0.455000103
2025/1/26 0:00,0.391373023,0.442628737,0.513961665,0.384412807,0.44708265
2025/1/26 1:00,0.388857096,0.411902343,0.528068609,0.358829072,0.438531455
2025/1/26 2:00,0.388370285,0.410871419,0.53827514,0.356205691,0.440090458
2025/1/26 3:00,0.387825754,0.425037579,0.538860203,0.36463969,0.444286026
2025/1/26 4:00,0.38975716,0.442002149,0.535530189,0.375927034,0.450271831
2025/1/26 5:00,0.39051992,0.445521702,0.541552919,0.379828642,0.452884311
2025/1/26 6:00,0.390127119,0.394848627,0.556422482,0.348779666,0.437190463
2025/1/26 7:00,0.355872654,0.402892906,0.544100687,0.348585628,0.426585694
2025/1/26 8:00,0.253544524,0.401801699,0.530149492,0.332428067,0.387813203
2025/1/26 9:00,0.205130491,0.327090465,0.53141374,0.277929706,0.348116597
2025/1/26 10:00,0.183082972,0.281369666,0.52502958,0.243264668,0.324420451
2025/1/26 11:00,0.151418064,0.270837308,0.523336161,0.233338761,0.303535111
2025/1/26 12:00,0.157293881,0.288319023,0.514661368,0.252077787,0.31501405
2025/1/26 13:00,0.164405187,0.287869948,0.514960218,0.250033553,0.317330106
2025/1/26 14:00,0.188727674,0.309946227,0.519344974,0.269038502,0.337053812
2025/1/26 15:00,0.282878246,0.383022148,0.528189203,0.331098293,0.400822118
2025/1/26 16:00,0.318716465,0.417553819,0.528850644,0.3623018,0.423271955
2025/1/26 17:00,0.38307275,0.415204066,0.522847998,0.369964578,0.440390065
2025/1/26 18:00,0.390704224,0.416713287,0.521949424,0.372355352,0.442227175
2025/1/26 19:00,0.390807902,0.38680447,0.514643785,0.349911433,0.427207852
2025/1/26 20:00,0.390525224,0.387801678,0.513536699,0.351474304,0.428141893
2025/1/26 21:00,0.391102079,0.361096072,0.517459637,0.333089907,0.418642847
2025/1/26 22:00,0.390761262,0.361244777,0.520886173,0.333562809,0.419570144
2025/1/26 23:00,0.389823444,0.362978769,0.53204432,0.334215378,0.422157565
2025/1/27 0:00,0.388764033,0.351594452,0.543914868,0.322720415,0.421160558
2025/1/27 1:00,0.390015445,0.357489037,0.546390947,0.324786738,0.424540681
2025/1/27 2:00,0.390748318,0.384449114,0.551908194,0.345765403,0.434948414
2025/1/27 3:00,0.390664925,0.386699177,0.554854553,0.343698423,0.436057362
2025/1/27 4:00,0.390798885,0.386753992,0.558770461,0.341608928,0.43667402
2025/1/27 5:00,0.390768145,0.386280116,0.554628453,0.342893799,0.43566532
2025/1/27 6:00,0.381468922,0.354899939,0.5611045,0.319424347,0.421023948
2025/1/27 7:00,0.373013711,0.344984097,0.545121987,0.308413079,0.414551011
2025/1/27 8:00,0.354807371,0.335921929,0.542750827,0.296241547,0.406025073
2025/1/27 9:00,0.315605402,0.345416471,0.530274452,0.293766822,0.39550788
2025/1/27 10:00,0.185475467,0.337457596,0.524946301,0.276232798,0.336724946
2025/1/27 11:00,0.204523934,0.314153193,0.529342556,0.264800806,0.342124476
2025/1/27 12:00,0.255583529,0.312802401,0.534979287,0.270803438,0.363067298
2025/1/27 13:00,0.327758257,0.288273353,0.544892163,0.263729871,0.372082407
2025/1/27 14:00,0.296620296,0.254097455,0.563697929,0.231928585,0.343970152
2025/1/27 15:00,0.297960086,0.275689386,0.601129035,0.248829741,0.359974582
2025/1/27 16:00,0.278519602,0.315456151,0.594699456,0.273156002,0.370465953
2025/1/27 17:00,0.372150294,0.322519355,0.582721307,0.293483558,0.40404412
2025/1/27 18:00,0.389009832,0.293060917,0.586044095,0.274811188,0.397866266
2025/1/27 19:00,0.388864418,0.295266572,0.585809359,0.276584814,0.399247146
2025/1/27 20:00,0.389223319,0.316851741,0.586431826,0.291643596,0.411171899
2025/1/27 21:00,0.388851255,0.321985402,0.581351717,0.293039009,0.412110252
2025/1/27 22:00,0.388310895,0.329949704,0.578418425,0.293009701,0.415461478
2025/1/27 23:00,0.388495296,0.317951177,0.566513107,0.285551348,0.411732581
2025/1/28 0:00,0.386649608,0.329810978,0.569829997,0.290798046,0.418047896
2025/1/28 1:00,0.385882524,0.367486349,0.572516995,0.313144571,0.434375709
2025/1/28 2:00,0.386805648,0.400513397,0.579672185,0.338078165,0.448721146
2025/1/28 3:00,0.386028502,0.414798185,0.589639667,0.347809627,0.455271928
2025/1/28 4:00,0.386209868,0.417462194,0.594999372,0.350450399,0.457315077
2025/1/28 5:00,0.386397362,0.419544357,0.594164329,0.352372201,0.457660294
2025/1/28 6:00,0.385903631,0.389492107,0.59559828,0.341265451,0.44505897
2025/1/28 7:00,0.329434725,0.383604473,0.583722592,0.336422515,0.424986367
2025/1/28 8:00,0.288985742,0.336247601,0.562537156,0.292715826,0.391266499
2025/1/28 9:00,0.200218218,0.327855099,0.55466546,0.273730959,0.356146532
2025/1/28 10:00,0.139910103,0.256089732,0.514760196,0.210740175,0.290898235
2025/1/28 11:00,0.156688875,0.262884988,0.521763091,0.226341572,0.30250062
2025/1/28 12:00,0.12621598,0.23977165,0.496458654,0.208705093,0.274036013
2025/1/28 13:00,0.135854521,0.226692269,0.467868671,0.199995368,0.270532575
2025/1/28 14:00,0.144029285,0.23512254,0.469845681,0.208239876,0.275562053
2025/1/28 15:00,0.181860587,0.268056454,0.514974745,0.233968606,0.309837242
2025/1/28 16:00,0.283867632,0.325624561,0.546074756,0.290544068,0.373444121
2025/1/28 17:00,0.377434019,0.328584026,0.557682316,0.308216493,0.405490088
2025/1/28 18:00,0.379315371,0.335735893,0.569711026,0.313486158,0.410571437
2025/1/28 19:00,0.378808954,0.321323944,0.58534348,0.30607329,0.408745693
2025/1/28 20:00,0.390177784,0.356849967,0.580358292,0.332120896,0.4304136
2025/1/28 21:00,0.389377072,0.372553443,0.589044211,0.341304398,0.437741434
2025/1/28 22:00,0.389106895,0.388412536,0.590303691,0.358213956,0.445133192
2025/1/28 23:00,0.388580375,0.413891966,0.580853814,0.371175704,0.455117582
2025/1/29 0:00,0.389602317,0.449237745,0.577460195,0.391521858,0.469559787
2025/1/29 1:00,0.387420414,0.426679338,0.569786923,0.373961802,0.4614826
2025/1/29 2:00,0.385917782,0.440818864,0.577747314,0.380575321,0.468000783
2025/1/29 3:00,0.385714702,0.441358448,0.576703624,0.37867048,0.467359631
2025/1/29 4:00,0.386294602,0.4548609,0.567109399,0.387516823,0.471704656
2025/1/29 5:00,0.3858501,0.477019376,0.566804109,0.401064942,0.476588833
2025/1/29 6:00,0.386180999,0.447519089,0.579616023,0.381068588,0.464353667
2025/1/29 7:00,0.373686539,0.427644418,0.580531105,0.367162071,0.45304018
2025/1/29 8:00,0.310157475,0.362518487,0.581648201,0.313282903,0.408481331
2025/1/29 9:00,0.185522976,0.285363891,0.544080681,0.245469652,0.326226691
2025/1/29 10:00,0.12775207,0.233864818,0.48180096,0.204993014,0.26697137
2025/1/29 11:00,0.111120489,0.209138291,0.431996807,0.185728232,0.243964224
2025/1/29 12:00,0.110847308,0.205506242,0.431926728,0.181736178,0.242454311
2025/1/29 13:00,0.116027647,0.214001406,0.435432553,0.187039405,0.247837833
2025/1/29 14:00,0.131266688,0.23470735,0.467569583,0.198434817,0.269188612
2025/1/29 15:00,0.170092729,0.279175356,0.543021706,0.23076893,0.317399895
2025/1/29 16:00,0.247253294,0.295921071,0.59596531,0.248657373,0.356231886
2025/1/29 17:00,0.330503931,0.32087486,0.663114971,0.27766868,0.400589281
2025/1/29 18:00,0.342754154,0.336598424,0.666042825,0.292167695,0.410741738
2025/1/29 19:00,0.345607416,0.381275253,0.631916105,0.328702736,0.428347734
2025/1/29 20:00,0.3604023,0.405348201,0.608334265,0.348788499,0.441207795
2025/1/29 21:00,0.361890903,0.412883005,0.601797642,0.35297837,0.441612521
2025/1/29 22:00,0.36471449,0.533811817,0.549793579,0.43113963,0.480956815
2025/1/29 23:00,0.36429802,0.556340718,0.53394413,0.446360562,0.489149733
2025/1/30 0:00,0.380083546,0.597514158,0.517562475,0.48755612,0.507167362
2025/1/30 1:00,0.387233693,0.640743794,0.490054303,0.522441341,0.527361077
2025/1/30 2:00,0.386985076,0.638555105,0.492087494,0.523071303,0.530191651
2025/1/30 3:00,0.387889955,0.621053339,0.525953869,0.510224831,0.528856638
2025/1/30 4:00,0.388081732,0.610119221,0.541153245,0.502097429,0.524917452
2025/1/30 5:00,0.388905734,0.599759929,0.542660233,0.497245087,0.520762706
2025/1/30 6:00,0.3882101,0.584955923,0.544206025,0.476562243,0.513017119
2025/1/30 7:00,0.335640348,0.558122804,0.55136732,0.443042909,0.47844368
2025/1/30 8:00,0.236305736,0.419341943,0.599557822,0.345671017,0.398402406
2025/1/30 9:00,0.170516001,0.33994045,0.591201645,0.282589962,0.345953711
2025/1/30 10:00,0.14678162,0.283625435,0.573958361,0.241613502,0.31282602
2025/1/30 11:00,0.136093589,0.259039972,0.573346619,0.219046203,0.296984552
2025/1/30 12:00,0.133347197,0.246094405,0.550084963,0.207458818,0.290137789
2025/1/30 13:00,0.141244851,0.255252674,0.544589151,0.212864753,0.298727353
2025/1/30 14:00,0.155849333,0.284763747,0.575287655,0.236424074,0.318334476
2025/1/30 15:00,0.185804651,0.336145806,0.590637755,0.281318532,0.353841763
2025/1/30 16:00,0.262479612,0.41014844,0.616270266,0.338346513,0.413897839
2025/1/30 17:00,0.367556027,0.458982786,0.604075831,0.384518474,0.465598209
2025/1/30 18:00,0.378825722,0.412905963,0.605919251,0.358674415,0.449572894
2025/1/30 19:00,0.37730063,0.391447545,0.605255336,0.343280634,0.440567727
2025/1/30 20:00,0.389474526,0.387563095,0.602911205,0.348740587,0.442258088
2025/1/30 21:00,0.388496965,0.397448786,0.600643344,0.352637234,0.44514756
2025/1/30 22:00,0.388640501,0.407382579,0.593145871,0.352888836,0.448176308
2025/1/30 23:00,0.387320152,0.410442487,0.574882551,0.353727264,0.449886772
2025/1/31 0:00,0.387793353,0.405606987,0.564652293,0.354535812,0.449700484
2025/1/31 1:00,0.389328319,0.490967544,0.5429373,0.410471469,0.479149663
2025/1/31 2:00,0.388149048,0.612138979,0.494118201,0.485374575,0.516506565
2025/1/31 3:00,0.387508795,0.652150479,0.470695915,0.512276794,0.532591974
2025/1/31 4:00,0.389459534,0.658375906,0.494009442,0.52005482,0.541376109
2025/1/31 5:00,0.388686579,0.661411488,0.503738773,0.529256644,0.543908592
2025/1/31 6:00,0.389245507,0.651671472,0.511914309,0.518554834,0.539902865
2025/1/31 7:00,0.371186021,0.657348723,0.472770266,0.537947095,0.530074818
2025/1/31 8:00,0.330457841,0.573564141,0.505744427,0.471764347,0.493196421
2025/1/31 9:00,0.259081679,0.510002417,0.525280113,0.411801024,0.448420295
2025/1/31 10:00,0.188069667,0.453119521,0.538478311,0.373380033,0.391960702
2025/1/31 11:00,0.181409654,0.411438563,0.545045766,0.348601738,0.379563725
2025/1/31 12:00,0.171425579,0.367534334,0.556115898,0.307912739,0.356954438
2025/1/31 13:00,0.202181179,0.399605416,0.545978263,0.341936784,0.386491044
2025/1/31 14:00,0.193402588,0.395295962,0.549528019,0.344546389,0.37973686
2025/1/31 15:00,0.224101068,0.45087354,0.534461226,0.387557031,0.411405599
2025/1/31 16:00,0.286840564,0.526361978,0.509364158,0.429559641,0.453058005
2025/1/31 17:00,0.374288933,0.589501245,0.487527061,0.481541199,0.498159874
2025/1/31 18:00,0.383455122,0.550933076,0.498874878,0.435289586,0.487814227
2025/1/31 19:00,0.38198584,0.471142562,0.535736438,0.380415807,0.463471049
2025/1/31 20:00,0.390120334,0.437109627,0.548661887,0.359899249,0.454730239
2025/1/31 21:00,0.391951032,0.448259622,0.547138336,0.368541759,0.458754119
2025/1/31 22:00,0.392801528,0.450444134,0.546397914,0.390285257,0.460652592
2025/1/31 23:00,0.391498966,0.463903326,0.536623622,0.40153847,0.465126954
2025/2/1 0:00,0.390946355,0.483662012,0.522202689,0.41391474,0.469076367
2025/2/1 1:00,0.390609539,0.503437737,0.513552001,0.427051082,0.475820027
2025/2/1 2:00,0.391685477,0.533928705,0.505958258,0.447027005,0.487763603
2025/2/1 3:00,0.390551328,0.540041283,0.504101424,0.448605349,0.490043016
2025/2/1 4:00,0.391619537,0.550519854,0.489578785,0.459494611,0.492779581
2025/2/1 5:00,0.391616935,0.547013062,0.510352608,0.460754219,0.498107731
2025/2/1 6:00,0.392212528,0.566271345,0.518501151,0.474456286,0.508405536
2025/2/1 7:00,0.358266817,0.554445695,0.520536533,0.428873242,0.493623827
2025/2/1 8:00,0.313183228,0.464831356,0.534594125,0.342219505,0.445364614
2025/2/1 9:00,0.277891843,0.353902672,0.549578636,0.256833473,0.390699415
2025/2/1 10:00,0.221829314,0.287457187,0.552823207,0.203695716,0.344086578
2025/2/1 11:00,0.216112909,0.283453915,0.55086287,0.196956154,0.343552649
2025/2/1 12:00,0.192796291,0.272029106,0.551589598,0.194982873,0.328814283
2025/2/1 13:00,0.182642256,0.268614325,0.541355277,0.194306016,0.323086862
2025/2/1 14:00,0.192689235,0.299091503,0.539986942,0.231669826,0.341688849
2025/2/1 15:00,0.206583581,0.290290374,0.543897651,0.22321903,0.340038314
2025/2/1 16:00,0.310614614,0.356370943,0.537916331,0.282675202,0.403857766
2025/2/1 17:00,0.373430288,0.340639715,0.532525507,0.276073192,0.412939189
2025/2/1 18:00,0.378320602,0.327548049,0.53321988,0.267010225,0.407697378
2025/2/1 19:00,0.376466992,0.314647081,0.532657614,0.260717951,0.402690009
2025/2/1 20:00,0.389646344,0.318451684,0.517670321,0.266119329,0.407777904
2025/2/1 21:00,0.390795607,0.318731624,0.514272703,0.272909713,0.408515756
2025/2/1 22:00,0.391329907,0.323898839,0.510900483,0.276360953,0.411238507
2025/2/1 23:00,0.390327195,0.328683866,0.518452617,0.276710191,0.413209746
2025/2/2 0:00,0.390725717,0.359143318,0.52666659,0.294203381,0.425952869
2025/2/2 1:00,0.391003036,0.44200251,0.5280516,0.341797479,0.455184314
2025/2/2 2:00,0.389757789,0.467119035,0.531072955,0.354224322,0.463662196
2025/2/2 3:00,0.389665699,0.497209,0.529953892,0.376389048,0.473662891
2025/2/2 4:00,0.386839573,0.431966942,0.535795713,0.338087664,0.453234933
2025/2/2 5:00,0.386823737,0.431050589,0.532983004,0.335094872,0.452570808
2025/2/2 6:00,0.386236597,0.377466932,0.520158229,0.304347868,0.431795641
2025/2/2 7:00,0.365994886,0.367126489,0.512162578,0.294519705,0.421234486
2025/2/2 8:00,0.279005476,0.360919188,0.51237387,0.279981158,0.38767292
2025/2/2 9:00,0.240811983,0.350861295,0.50730803,0.274077726,0.371626311
2025/2/2 10:00,0.213172006,0.317665698,0.489143029,0.258883127,0.350604249
2025/2/2 11:00,0.185132233,0.259874534,0.483509765,0.212629449,0.311615557
2025/2/2 12:00,0.180679322,0.260628194,0.490688092,0.216771273,0.312064656
2025/2/2 13:00,0.163487976,0.236473293,0.479401796,0.197953385,0.289617698
2025/2/2 14:00,0.236262171,0.274626108,0.482902382,0.233015193,0.334788367
2025/2/2 15:00,0.267604771,0.334016283,0.49278611,0.274244916,0.371718186
2025/2/2 16:00,0.329601777,0.371689321,0.499009905,0.310954866,0.406091959
2025/2/2 17:00,0.379083505,0.365025848,0.503548004,0.31190671,0.417252399
2025/2/2 18:00,0.385024156,0.35592088,0.50163634,0.310863034,0.414685959
2025/2/2 19:00,0.383603727,0.335680673,0.496472833,0.29384118,0.404650968
2025/2/2 20:00,0.39259141,0.364679149,0.500127952,0.319049206,0.420413779
2025/2/2 21:00,0.392669018,0.364523697,0.499129062,0.318617022,0.420285272
2025/2/2 22:00,0.393136351,0.371873748,0.503623685,0.319455124,0.424955637
2025/2/2 23:00,0.392538803,0.386309648,0.507552735,0.329990235,0.432219726
2025/2/3 0:00,0.392291055,0.403132263,0.505296554,0.339095629,0.437667187
2025/2/3 1:00,0.392150448,0.431848864,0.511576818,0.356511105,0.446789754
2025/2/3 2:00,0.392158386,0.436785809,0.515290618,0.361342374,0.448754951
2025/2/3 3:00,0.392207344,0.443739809,0.51345712,0.375291971,0.451272977
2025/2/3 4:00,0.392136639,0.443994822,0.511311873,0.377074493,0.451226376
2025/2/3 5:00,0.392239717,0.44515096,0.505784935,0.378577674,0.449593638
2025/2/3 6:00,0.391986941,0.402666811,0.498403417,0.345912531,0.431786781
2025/2/3 7:00,0.37823528,0.389175652,0.481834395,0.336828265,0.42030789
2025/2/3 8:00,0.349197828,0.381250148,0.474029344,0.319347313,0.407260524
2025/2/3 9:00,0.310886986,0.373662996,0.469081591,0.309444025,0.391539748
2025/2/3 10:00,0.217177979,0.344241907,0.465246069,0.280619274,0.347797208
2025/2/3 11:00,0.199514965,0.280575212,0.471639928,0.239972151,0.319949204
2025/2/3 12:00,0.20963721,0.294767807,0.481429382,0.253509533,0.330774294
2025/2/3 13:00,0.267992278,0.345441573,0.4846609,0.30016688,0.370493859
2025/2/3 14:00,0.296970376,0.366545444,0.481427144,0.315149041,0.384458769
2025/2/3 15:00,0.311666064,0.360597512,0.487079763,0.311345919,0.388450902
2025/2/3 16:00,0.339833273,0.365697621,0.484372615,0.321099272,0.399578736
2025/2/3 17:00,0.383093056,0.345089489,0.490318773,0.313217149,0.406006201
2025/2/3 18:00,0.391219217,0.335267291,0.488582215,0.308382078,0.403400483
2025/2/3 19:00,0.389909625,0.338996801,0.484370564,0.312534349,0.402703726
2025/2/3 20:00,0.390549166,0.378742452,0.479646558,0.340954106,0.417880026
2025/2/3 21:00,0.390627352,0.382097433,0.479650385,0.345845658,0.419259502
2025/2/3 22:00,0.389580036,0.391016375,0.4845844,0.349723944,0.422763255
2025/2/3 23:00,0.389516996,0.391277728,0.490806347,0.349349428,0.423399963
2025/2/4 0:00,0.389851407,0.389337058,0.494101062,0.346328564,0.425514737
2025/2/4 1:00,0.389979881,0.412037264,0.496029553,0.359097476,0.435011539
2025/2/4 2:00,0.391249433,0.421024129,0.496631603,0.370188857,0.437433205
2025/2/4 3:00,0.390781291,0.426967767,0.497641002,0.375192675,0.440111833
2025/2/4 4:00,0.390464061,0.429596767,0.502696682,0.375692567,0.442688972
2025/2/4 5:00,0.389913477,0.429033638,0.496243932,0.376295945,0.440527951
2025/2/4 6:00,0.389640253,0.393639998,0.493050299,0.348382184,0.424441702
2025/2/4 7:00,0.374962764,0.384019162,0.48790082,0.338201152,0.416139417
2025/2/4 8:00,0.345259746,0.346132506,0.486489197,0.293238993,0.391610316
2025/2/4 9:00,0.254270169,0.282507328,0.482083462,0.234563987,0.335445996
2025/2/4 10:00,0.224963944,0.263375582,0.475747542,0.227162343,0.315466139
2025/2/4 11:00,0.275497086,0.254407738,0.480433794,0.22804607,0.328748374
2025/2/4 12:00,0.319609454,0.254890142,0.497242264,0.239712068,0.342175987
2025/2/4 13:00,0.320367669,0.256219703,0.498883312,0.235769109,0.34454974
2025/2/4 14:00,0.278138119,0.272197801,0.484201368,0.233620303,0.338743952
2025/2/4 15:00,0.311324892,0.295841888,0.490633339,0.269098899,0.361248064
2025/2/4 16:00,0.358929029,0.33633937,0.495925339,0.314759363,0.396728801
2025/2/4 17:00,0.384895517,0.340863708,0.496502559,0.322183665,0.407864153
2025/2/4 18:00,0.389828234,0.327961589,0.492192713,0.306028367,0.402950885
2025/2/4 19:00,0.390300738,0.333506965,0.484540135,0.311489589,0.402724762
2025/2/4 20:00,0.390873569,0.366258367,0.486364136,0.337951005,0.417678116
2025/2/4 21:00,0.390680058,0.387999035,0.490659924,0.349971097,0.426929805
2025/2/4 22:00,0.390299076,0.42222567,0.491991609,0.371104623,0.440101296
2025/2/4 23:00,0.388565801,0.438206216,0.49384138,0.381571512,0.445020018
2025/2/5 0:00,0.387988283,0.439945667,0.507525318,0.37896129,0.448614608
2025/2/5 1:00,0.388154671,0.474815107,0.510560758,0.411416571,0.462181391
2025/2/5 2:00,0.388209798,0.499610477,0.509590575,0.428081668,0.471111625
2025/2/5 3:00,0.388115324,0.525685731,0.503556718,0.44608837,0.479390187
2025/2/5 4:00,0.388041775,0.539673346,0.497652791,0.458344665,0.482299494
2025/2/5 5:00,0.388187779,0.536075738,0.490607903,0.456247111,0.477940128
2025/2/5 6:00,0.387192096,0.48949741,0.495559245,0.421551219,0.462219378
2025/2/5 7:00,0.339615909,0.445245628,0.504108585,0.382986068,0.433936456
2025/2/5 8:00,0.252461551,0.369808504,0.505755267,0.318568798,0.377019004
2025/2/5 9:00,0.204538712,0.316690581,0.489329148,0.277609934,0.33732463
2025/2/5 10:00,0.183625457,0.285783385,0.481810813,0.248145102,0.31224914
2025/2/5 11:00,0.193897415,0.290716423,0.488417083,0.257822248,0.320004843
2025/2/5 12:00,0.240047517,0.333101542,0.512771472,0.291823364,0.36239233
2025/2/5 13:00,0.237156756,0.412759614,0.504268977,0.33535525,0.386336068
2025/2/5 14:00,0.267960724,0.405432142,0.503812905,0.334238416,0.395707053
2025/2/5 15:00,0.322911846,0.4838911,0.507818025,0.385518467,0.441617795
2025/2/5 16:00,0.351312858,0.527522494,0.496714666,0.426357532,0.46146347
2025/2/5 17:00,0.3839814,0.550578347,0.519250025,0.451897488,0.488728876
2025/2/5 18:00,0.389820582,0.539456019,0.522342276,0.447238317,0.487323885
2025/2/5 19:00,0.389254116,0.546605617,0.523079707,0.453457122,0.490521801
2025/2/5 20:00,0.389800723,0.542504299,0.523923066,0.455266424,0.489347401
2025/2/5 21:00,0.389111393,0.52457622,0.525665883,0.436692012,0.481042327
2025/2/5 22:00,0.389940364,0.567024604,0.523466351,0.462492315,0.49482211
2025/2/5 23:00,0.389684176,0.666531751,0.511804793,0.523555234,0.524501793
2025/2/6 0:00,0.389701195,0.717293997,0.505556867,0.552167248,0.539373289
2025/2/6 1:00,0.389816692,0.732086153,0.490995222,0.556453073,0.544786184
2025/2/6 2:00,0.389143283,0.724024682,0.477634206,0.550614511,0.544093157
2025/2/6 3:00,0.390870416,0.715903255,0.471677745,0.546508351,0.54619102
2025/2/6 4:00,0.389628052,0.719202072,0.464298306,0.564160221,0.546658079
2025/2/6 5:00,0.388179577,0.733461001,0.466306058,0.593392446,0.548736641
2025/2/6 6:00,0.388028438,0.739122832,0.463416762,0.594383967,0.545712065
2025/2/6 7:00,0.365286206,0.72838798,0.481836711,0.579737705,0.5349977
2025/2/6 8:00,0.330163337,0.660912324,0.506078522,0.526833899,0.506840796
2025/2/6 9:00,0.302538589,0.564429378,0.520315791,0.455049917,0.471260885
2025/2/6 10:00,0.275683981,0.499645169,0.520071037,0.401247856,0.441441576
2025/2/6 11:00,0.230545416,0.46414277,0.526221428,0.36701041,0.412762793
2025/2/6 12:00,0.225681286,0.47502318,0.53546333,0.379568934,0.419770634
2025/2/6 13:00,0.232176728,0.50803634,0.528104407,0.395287849,0.432165981
2025/2/6 14:00,0.271286548,0.504263858,0.520352289,0.396894337,0.440407848
2025/2/6 15:00,0.320621939,0.58159958,0.516188139,0.455386834,0.479937103
2025/2/6 16:00,0.369117777,0.579539909,0.524211237,0.466785282,0.492831104
2025/2/6 17:00,0.394180142,0.589392273,0.532512725,0.47934346,0.503839432
2025/2/6 18:00,0.399856817,0.553111084,0.532347332,0.459046065,0.49352145
2025/2/6 19:00,0.395823096,0.498013941,0.524896217,0.425381801,0.471906834
2025/2/6 20:00,0.391209901,0.491818788,0.517521791,0.419964845,0.466037135
2025/2/6 21:00,0.390745495,0.480002192,0.521510119,0.412998994,0.462989018
2025/2/6 22:00,0.389706816,0.47827876,0.519607337,0.411489352,0.460900169
2025/2/6 23:00,0.388345064,0.464247101,0.517379603,0.401499056,0.4568004
2025/2/7 0:00,0.387867929,0.495066048,0.525158641,0.42000523,0.469332587
2025/2/7 1:00,0.388210836,0.523997592,0.525971148,0.436208056,0.478706098
2025/2/7 2:00,0.387791468,0.530515708,0.528951866,0.439759241,0.482381335
2025/2/7 3:00,0.386528764,0.522573627,0.535537757,0.433637199,0.481406766
2025/2/7 4:00,0.38711826,0.505025938,0.535131451,0.425471568,0.474624141
2025/2/7 5:00,0.387842601,0.500881739,0.525426444,0.423964089,0.470589828
2025/2/7 6:00,0.390136695,0.466561367,0.515137163,0.398857947,0.456120475
2025/2/7 7:00,0.37844733,0.453477067,0.511615847,0.382224174,0.446802166
2025/2/7 8:00,0.349773232,0.408265856,0.513444588,0.34523677,0.421429596
2025/2/7 9:00,0.310512923,0.381165534,0.500707998,0.313941644,0.398667335
2025/2/7 10:00,0.220037568,0.349259408,0.495804454,0.282271659,0.355039609
2025/2/7 11:00,0.170771295,0.293721805,0.498133971,0.239552353,0.314904913
2025/2/7 12:00,0.162919364,0.282310827,0.509857962,0.235223789,0.309533489
2025/2/7 13:00,0.169906699,0.307478896,0.505632751,0.260021598,0.321908363
2025/2/7 14:00,0.182272459,0.330906822,0.499554721,0.27949333,0.335297737
2025/2/7 15:00,0.211830362,0.389277468,0.513860623,0.318392843,0.369356875
2025/2/7 16:00,0.281897312,0.425850613,0.508919045,0.345717061,0.404405932
2025/2/7 17:00,0.367027441,0.464030285,0.497889904,0.383035508,0.442404814
2025/2/7 18:00,0.388616569,0.431841058,0.501599217,0.368389237,0.439143812
2025/2/7 19:00,0.389465102,0.417082121,0.502220135,0.359111711,0.435139257
2025/2/7 20:00,0.39025215,0.474869606,0.497234646,0.395758186,0.452630325
2025/2/7 21:00,0.390677152,0.488483516,0.496644139,0.404120238,0.457042315
2025/2/7 22:00,0.390518003,0.509820999,0.494880807,0.416013171,0.463586436
2025/2/7 23:00,0.389009092,0.511306297,0.49260971,0.417000963,0.462750487
2025/2/8 0:00,0.388486666,0.525698709,0.497343113,0.422059222,0.467719306
2025/2/8 1:00,0.387716873,0.557824098,0.496996409,0.440021775,0.478999322
2025/2/8 2:00,0.387210411,0.575818453,0.493018712,0.449896327,0.485634339
2025/2/8 3:00,0.387293147,0.561794477,0.492559486,0.439723257,0.482402691
2025/2/8 4:00,0.387063135,0.559793444,0.495852342,0.44305374,0.48292785
2025/2/8 5:00,0.387288079,0.5582309,0.493461979,0.442067944,0.481948498
2025/2/8 6:00,0.387475253,0.501757875,0.507141092,0.40805804,0.466153779
2025/2/8 7:00,0.380694879,0.464683638,0.511679655,0.382081095,0.452852346
2025/2/8 8:00,0.355849986,0.37830112,0.51391059,0.312757548,0.414784051
2025/2/8 9:00,0.314166096,0.314344859,0.506642785,0.267122342,0.373947899
2025/2/8 10:00,0.264331546,0.301483845,0.496890178,0.255213531,0.349696429
2025/2/8 11:00,0.211888284,0.317039956,0.495189411,0.259018955,0.335933981
2025/2/8 12:00,0.182553887,0.291977851,0.498705385,0.237682237,0.315871172
2025/2/8 13:00,0.18831222,0.311206319,0.491596261,0.253648592,0.323510485
2025/2/8 14:00,0.224080005,0.364605003,0.484278781,0.306653014,0.355357969
2025/2/8 15:00,0.277185996,0.436899266,0.486007346,0.36746414,0.399576957
2025/2/8 16:00,0.35138648,0.462323934,0.494877934,0.397348944,0.438357951
2025/2/8 17:00,0.388011344,0.468000202,0.496223681,0.396954391,0.453166548
2025/2/8 18:00,0.390270419,0.465548722,0.501485698,0.393536575,0.454584948
2025/2/8 19:00,0.390013696,0.461393908,0.51702905,0.390698216,0.459147522
2025/2/8 20:00,0.39039608,0.473792289,0.508472777,0.399128676,0.461971718
2025/2/8 21:00,0.392142312,0.465584428,0.494281825,0.395169184,0.454728056
2025/2/8 22:00,0.396044606,0.497783759,0.492625553,0.419310677,0.464799371
2025/2/8 23:00,0.395648288,0.540978089,0.487613472,0.444847319,0.475405806
2025/2/9 0:00,0.395009182,0.564788339,0.486216844,0.468799021,0.482580567
2025/2/9 1:00,0.390981422,0.574254968,0.49018324,0.472565808,0.486782478
2025/2/9 2:00,0.389506348,0.551674345,0.481993621,0.454703724,0.475719283
2025/2/9 3:00,0.388756655,0.529137407,0.482928019,0.438376901,0.468512903
2025/2/9 4:00,0.388817032,0.507688776,0.485703572,0.423883787,0.462307964
2025/2/9 5:00,0.388226387,0.490185693,0.492977681,0.413850884,0.459715721
2025/2/9 6:00,0.388277305,0.437021154,0.509853332,0.381796293,0.447726914
2025/2/9 7:00,0.378339957,0.41710762,0.517392296,0.366998492,0.44098566
2025/2/9 8:00,0.347318147,0.383044031,0.521139958,0.338290242,0.421664206
2025/2/9 9:00,0.306907022,0.306986353,0.527899444,0.27848506,0.379422425
2025/2/9 10:00,0.281736319,0.26793724,0.525366981,0.246943724,0.354534993
2025/2/9 11:00,0.231157934,0.261417141,0.525127001,0.229981007,0.33733879
2025/2/9 12:00,0.198643115,0.296358862,0.521549148,0.249603147,0.339926499
2025/2/9 13:00,0.266771702,0.318732348,0.523608383,0.280247744,0.377608505
2025/2/9 14:00,0.269812386,0.325790072,0.522135165,0.285897216,0.381231536
2025/2/9 15:00,0.276428637,0.342824803,0.524996914,0.288621219,0.391110031
2025/2/9 16:00,0.320162007,0.366034397,0.52562277,0.309385183,0.412903001
2025/2/9 17:00,0.380649465,0.331705253,0.524791741,0.296100304,0.417738786
2025/2/9 18:00,0.390689769,0.340643077,0.523139459,0.305996553,0.423144189
2025/2/9 19:00,0.390318624,0.367415209,0.528343647,0.324958488,0.434964982
2025/2/9 20:00,0.389788713,0.43984224,0.536213341,0.377283606,0.460583746
2025/2/9 21:00,0.389291387,0.47247955,0.535247255,0.398807972,0.469656718
2025/2/9 22:00,0.389908167,0.509356545,0.541865548,0.423500859,0.482027971
2025/2/9 23:00,0.389107635,0.548917063,0.548701515,0.442287017,0.494186974
2025/2/10 0:00,0.389529833,0.554371138,0.556855449,0.441044018,0.497615885
2025/2/10 1:00,0.388876778,0.553462758,0.560813097,0.438000756,0.498350679
2025/2/10 2:00,0.390110122,0.559208295,0.551622543,0.442367268,0.499583652
2025/2/10 3:00,0.39047402,0.557268401,0.549663613,0.441342531,0.499677391
2025/2/10 4:00,0.389393073,0.546381081,0.542709804,0.432970174,0.493365612
2025/2/10 5:00,0.38835367,0.558968273,0.516651456,0.44521488,0.489937593
2025/2/10 6:00,0.387006416,0.553408758,0.513024187,0.440579437,0.485676063
2025/2/10 7:00,0.32315664,0.492975483,0.53102754,0.393907584,0.448417569
2025/2/10 8:00,0.238655537,0.382442514,0.538715881,0.316444213,0.379686635
2025/2/10 9:00,0.195018969,0.336089659,0.523826139,0.273486932,0.34017902
2025/2/10 10:00,0.177033427,0.308344202,0.50098219,0.254843783,0.315530017
2025/2/10 11:00,0.165733819,0.271884834,0.494069957,0.230159342,0.295885886
2025/2/10 12:00,0.161446098,0.255530784,0.487433344,0.219379231,0.286606906
2025/2/10 13:00,0.168508241,0.259144077,0.484278464,0.222048052,0.29144335
2025/2/10 14:00,0.181606609,0.267712942,0.46451521,0.232937174,0.298184023
2025/2/10 15:00,0.211026691,0.291930991,0.469325976,0.248432943,0.319420657
2025/2/10 16:00,0.268037178,0.335034016,0.482221288,0.286706844,0.361330001
2025/2/10 17:00,0.361763276,0.392839748,0.486897367,0.332042179,0.412996396
2025/2/10 18:00,0.388989823,0.422308965,0.478442046,0.349597294,0.429022923
2025/2/10 19:00,0.389181346,0.476486361,0.472665289,0.381600916,0.445283548
2025/2/10 20:00,0.390010014,0.525259764,0.471949359,0.412303785,0.460551002
2025/2/10 21:00,0.389532019,0.571304448,0.470848652,0.436796842,0.474228619
2025/2/10 22:00,0.389549288,0.60651144,0.473452224,0.459353515,0.486397603
2025/2/10 23:00,0.388053618,0.674022898,0.462188969,0.496853488,0.502188195
2025/2/11 0:00,0.389282804,0.672596391,0.474227938,0.497744093,0.506721293
2025/2/11 1:00,0.389295713,0.702552429,0.480612976,0.512849162,0.523829225
2025/2/11 2:00,0.390274582,0.733001035,0.455219382,0.532626672,0.537461483
2025/2/11 3:00,0.390637798,0.730457581,0.457176456,0.534049495,0.540345268
2025/2/11 4:00,0.389768963,0.720176853,0.469856632,0.531613472,0.538767553
2025/2/11 5:00,0.388683129,0.721759689,0.446863317,0.529546851,0.529985121
2025/2/11 6:00,0.387081692,0.731195479,0.418343767,0.549455814,0.519387832
2025/2/11 7:00,0.339368371,0.678970474,0.448719697,0.518334956,0.492626381
2025/2/11 8:00,0.258965257,0.52602948,0.483429242,0.408972509,0.422101783
2025/2/11 9:00,0.215633989,0.410935645,0.492271808,0.322130358,0.369522409
2025/2/11 10:00,0.185735666,0.317161582,0.486562063,0.251777993,0.322451799
2025/2/11 11:00,0.177468052,0.307543321,0.490189253,0.245542461,0.315544278
2025/2/11 12:00,0.179677155,0.301056948,0.505116336,0.242475261,0.317871471
2025/2/11 13:00,0.177818953,0.299660706,0.49521453,0.24935676,0.31507226
2025/2/11 14:00,0.193423053,0.326594338,0.476369599,0.275112605,0.327170389
2025/2/11 15:00,0.245785059,0.423240394,0.482575786,0.350758819,0.382332729
2025/2/11 16:00,0.315084738,0.495944698,0.478543564,0.409038435,0.428361057
2025/2/11 17:00,0.378043975,0.519979332,0.477644706,0.420292445,0.458680184
2025/2/11 18:00,0.393638835,0.546809069,0.471416841,0.423616633,0.47137535
2025/2/11 19:00,0.390042171,0.597656853,0.468504529,0.452305807,0.487643174
2025/2/11 20:00,0.389601707,0.631190266,0.459976403,0.472721378,0.496001157
2025/2/11 21:00,0.388945302,0.638597975,0.457384121,0.478288745,0.498672778
2025/2/11 22:00,0.387705616,0.688758416,0.440307056,0.534199434,0.511926834
2025/2/11 23:00,0.386603672,0.709662317,0.427987665,0.554951046,0.51537592
2025/2/12 0:00,0.387294238,0.720318931,0.429034548,0.559230091,0.528838872
2025/2/12 1:00,0.389075387,0.710844879,0.452821999,0.558401507,0.540943205
2025/2/12 2:00,0.387682755,0.703098568,0.462802902,0.552607532,0.543907196
2025/2/12 3:00,0.390015751,0.692973978,0.49006258,0.54524183,0.546380224
2025/2/12 4:00,0.390470423,0.694733172,0.509788815,0.543143021,0.544683303
2025/2/12 5:00,0.39024908,0.689308843,0.488577583,0.534801269,0.531371101
2025/2/12 6:00,0.389104522,0.700890663,0.436826044,0.543944525,0.520873403
2025/2/12 7:00,0.37509267,0.71916075,0.410794261,0.53610919,0.513257637
2025/2/12 8:00,0.368722264,0.630416218,0.459145809,0.482056258,0.491689647
2025/2/12 9:00,0.349946202,0.58742753,0.471976312,0.456741126,0.478269054
2025/2/12 10:00,0.331299095,0.596675353,0.474955009,0.461737606,0.476080831
2025/2/12 11:00,0.326727161,0.618446273,0.490440128,0.466192806,0.486684204
2025/2/12 12:00,0.331622202,0.65364633,0.504257913,0.496686003,0.510561498
2025/2/12 13:00,0.318631532,0.633620464,0.500509794,0.472170567,0.492182632
2025/2/12 14:00,0.333376582,0.634061466,0.491096116,0.446221755,0.49346621
2025/2/12 15:00,0.358236914,0.602489274,0.484881829,0.440007981,0.490153067
2025/2/12 16:00,0.378815882,0.570422348,0.483544122,0.415110379,0.483527422
2025/2/12 17:00,0.395859575,0.560465529,0.481856602,0.439051167,0.483972915
2025/2/12 18:00,0.398188004,0.55150039,0.484666459,0.447672894,0.481579537
2025/2/12 19:00,0.395888825,0.559244853,0.485821464,0.45265802,0.484085794
2025/2/12 20:00,0.394023594,0.630269992,0.489251013,0.494659599,0.504565642
2025/2/12 21:00,0.39180407,0.633791404,0.485632433,0.500326938,0.504121687
2025/2/12 22:00,0.392103325,0.628279637,0.49511737,0.494981678,0.503405444
2025/2/12 23:00,0.390793232,0.652559479,0.495039705,0.493723127,0.506518091
2025/2/13 0:00,0.390425649,0.648117856,0.504045431,0.488401909,0.513114887
2025/2/13 1:00,0.390332805,0.626024919,0.522806126,0.478481302,0.515554872
2025/2/13 2:00,0.391022189,0.614867378,0.536689706,0.460046994,0.516735538
2025/2/13 3:00,0.390674105,0.61384344,0.52638742,0.454463924,0.51186049
2025/2/13 4:00,0.390171109,0.597777621,0.546722225,0.421333845,0.509486078
2025/2/13 5:00,0.390380401,0.590741822,0.530500524,0.391618853,0.49983924
2025/2/13 6:00,0.387629481,0.495944814,0.511834163,0.34034782,0.463712903
2025/2/13 7:00,0.381326508,0.480509082,0.503122395,0.340082484,0.453030484
2025/2/13 8:00,0.368932815,0.463276229,0.4984021,0.306561949,0.442101031
2025/2/13 9:00,0.348410502,0.44902539,0.500195981,0.294136763,0.432326003
2025/2/13 10:00,0.337763638,0.456839364,0.513433513,0.317323128,0.437192786
2025/2/13 11:00,0.344574052,0.472118948,0.52151501,0.322876396,0.447828066
2025/2/13 12:00,0.325733681,0.481840583,0.519708184,0.340160421,0.445278859
2025/2/13 13:00,0.327332377,0.467504612,0.524684761,0.363103424,0.441598216
2025/2/13 14:00,0.324312743,0.449030039,0.500705624,0.355495463,0.427438023
2025/2/13 15:00,0.348357135,0.412694574,0.492089747,0.335737458,0.420406483
2025/2/13 16:00,0.358535254,0.406719134,0.517274901,0.291361668,0.428580775
2025/2/13 17:00,0.382826572,0.396543608,0.533992546,0.28507991,0.438808052
2025/2/13 18:00,0.386977367,0.37611943,0.533451229,0.278857319,0.432749997
2025/2/13 19:00,0.387414688,0.352997652,0.535483501,0.271544328,0.424975311
2025/2/13 20:00,0.388889596,0.374363071,0.534773252,0.294676927,0.434368437
2025/2/13 21:00,0.389646411,0.381354258,0.536274702,0.301164353,0.438567184
2025/2/13 22:00,0.389294128,0.405298649,0.533372549,0.316870288,0.447056441
2025/2/13 23:00,0.386814624,0.420969739,0.550799684,0.327752308,0.455035435
2025/2/14 0:00,0.387466736,0.426367777,0.586816,0.325998686,0.465057828
2025/2/14 1:00,0.387165986,0.416377802,0.624990049,0.326857812,0.469496954
2025/2/14 2:00,0.388636137,0.439563607,0.634251643,0.347126822,0.47854778
2025/2/14 3:00,0.388731314,0.46520403,0.631938246,0.363745107,0.487571915
2025/2/14 4:00,0.388057713,0.513048173,0.604095482,0.388978054,0.497017257
2025/2/14 5:00,0.387738854,0.530929069,0.546982025,0.397763165,0.48668866
2025/2/14 6:00,0.388354285,0.547738772,0.515642206,0.40727956,0.483645183
2025/2/14 7:00,0.372726915,0.578533476,0.507677737,0.429505573,0.486609553
2025/2/14 8:00,0.339460695,0.551403257,0.497169299,0.406788529,0.463799172
2025/2/14 9:00,0.304016227,0.48214741,0.515556835,0.355074104,0.435620754
2025/2/14 10:00,0.29254356,0.403567009,0.541852521,0.288328996,0.414072283
2025/2/14 11:00,0.258924349,0.353709049,0.56420492,0.241502993,0.392005653
2025/2/14 12:00,0.222250954,0.342513914,0.590239347,0.235042192,0.379932366
2025/2/14 13:00,0.210161312,0.349078368,0.591473599,0.233362388,0.377777515
2025/2/14 14:00,0.229674524,0.361448318,0.584449142,0.247068766,0.392125764
2025/2/14 15:00,0.265781317,0.422653804,0.590333873,0.304300402,0.430759641
2025/2/14 16:00,0.304183253,0.475627073,0.584085442,0.345902023,0.45871748
2025/2/14 17:00,0.364154854,0.479448054,0.585061976,0.364369336,0.480891363
2025/2/14 18:00,0.390885897,0.464416514,0.58584183,0.374395815,0.484133148
2025/2/14 19:00,0.389982859,0.489586727,0.592919879,0.390043101,0.493717507
2025/2/14 20:00,0.389900018,0.507001067,0.59317166,0.398844159,0.496720697
2025/2/14 21:00,0.389604389,0.473333097,0.602395051,0.379705257,0.488282204
2025/2/14 22:00,0.389725545,0.455385469,0.6033144,0.369977963,0.484905554
2025/2/14 23:00,0.387646179,0.482943105,0.615587166,0.383750109,0.494799669
2025/2/15 0:00,0.388214075,0.497393668,0.655296649,0.385811206,0.505011011
2025/2/15 1:00,0.390042475,0.525591329,0.687401594,0.412545115,0.522778531
2025/2/15 2:00,0.392467608,0.522463495,0.715663688,0.411277438,0.526090414
2025/2/15 3:00,0.390447812,0.527405998,0.732453237,0.401517684,0.527410324
2025/2/15 4:00,0.38991548,0.53338099,0.73187523,0.410737682,0.529913643
2025/2/15 5:00,0.391932487,0.525731845,0.640552056,0.403716607,0.505199233
2025/2/15 6:00,0.392933735,0.544143829,0.592397788,0.382537186,0.499266951
2025/2/15 7:00,0.373488338,0.556660457,0.583678639,0.371129497,0.494475228
2025/2/15 8:00,0.314712133,0.564365912,0.613133851,0.358476891,0.484181144
2025/2/15 9:00,0.227943845,0.478385106,0.648965338,0.286174281,0.434496958
2025/2/15 10:00,0.174571167,0.393162122,0.663417661,0.257758759,0.384267328
2025/2/15 11:00,0.22600726,0.375551182,0.676497104,0.291692969,0.418143465
2025/2/15 12:00,0.195327908,0.356644732,0.683116326,0.281160305,0.396532472
2025/2/15 13:00,0.171717103,0.351550729,0.690182431,0.27999273,0.375103748
2025/2/15 14:00,0.180492916,0.383094637,0.703242366,0.311905428,0.389031138
2025/2/15 15:00,0.207945244,0.421052815,0.683869405,0.341786542,0.418508811
2025/2/15 16:00,0.262044221,0.476054391,0.687792824,0.366901689,0.459882518
2025/2/15 17:00,0.356076291,0.494387277,0.711000311,0.394488614,0.506625181
2025/2/15 18:00,0.393567242,0.455916293,0.707586757,0.381982981,0.504718877
2025/2/15 19:00,0.393433959,0.459079135,0.615071911,0.376238272,0.480200013
2025/2/15 20:00,0.393688441,0.46406468,0.51985308,0.378392165,0.454404914
2025/2/15 21:00,0.393533657,0.471266286,0.518682822,0.384430412,0.456566684
2025/2/15 22:00,0.393699029,0.465605716,0.515809515,0.369817507,0.454974797
2025/2/15 23:00,0.393644966,0.441032587,0.524059628,0.348997754,0.447332434
2025/2/16 0:00,0.39361007,0.444824971,0.527968211,0.344759806,0.44857932
2025/2/16 1:00,0.393095164,0.518781767,0.507156117,0.388365039,0.470242071
2025/2/16 2:00,0.392594411,0.542408857,0.497785202,0.402647879,0.476065835
2025/2/16 3:00,0.392455202,0.551049077,0.491479673,0.40732985,0.478540133
2025/2/16 4:00,0.392020532,0.568695367,0.481583282,0.417490073,0.482792309
2025/2/16 5:00,0.392015056,0.557734338,0.489438248,0.413978429,0.481007017
2025/2/16 6:00,0.391292371,0.515561131,0.513815937,0.394097927,0.469970342
2025/2/16 7:00,0.377092503,0.487561371,0.521065354,0.37378483,0.456499724
2025/2/16 8:00,0.346070864,0.442093881,0.518527882,0.333263999,0.432263067
2025/2/16 9:00,0.301382533,0.389968429,0.503505312,0.294631148,0.399097649
2025/2/16 10:00,0.247121405,0.335048364,0.500924214,0.255786409,0.359592892
2025/2/16 11:00,0.166685879,0.258088963,0.482033513,0.202690414,0.290424476
2025/2/16 12:00,0.158092889,0.234376697,0.458450054,0.197874166,0.277746549
2025/2/16 13:00,0.159943609,0.235739158,0.455968931,0.199692612,0.278212344
2025/2/16 14:00,0.17577472,0.251052895,0.464651901,0.212824486,0.291671589
2025/2/16 15:00,0.20340023,0.279915336,0.492983162,0.235151889,0.315194124
2025/2/16 16:00,0.267616516,0.322581214,0.511834451,0.265341041,0.35781255
2025/2/16 17:00,0.358671248,0.381587509,0.501672557,0.316897121,0.411282062
2025/2/16 18:00,0.390201781,0.38557276,0.492698575,0.325556561,0.420642964
2025/2/16 19:00,0.389484766,0.332151968,0.506526636,0.292723275,0.404980793
2025/2/16 20:00,0.389720818,0.331269148,0.507591819,0.293412175,0.406965682
2025/2/16 21:00,0.389308513,0.329551669,0.514836044,0.271761234,0.408113756
2025/2/16 22:00,0.388401569,0.348743083,0.51756534,0.266487983,0.415860765
2025/2/16 23:00,0.388054562,0.370672811,0.51575434,0.275245761,0.423848425
2025/2/17 0:00,0.388108756,0.394850995,0.521503675,0.286507691,0.43113325
2025/2/17 1:00,0.388197071,0.411945799,0.527985415,0.325761619,0.436834914
2025/2/17 2:00,0.388459678,0.442887043,0.525592759,0.365180974,0.446156082
2025/2/17 3:00,0.38832814,0.438010642,0.526494159,0.36436168,0.444571719
2025/2/17 4:00,0.38891066,0.44899859,0.512055325,0.368833308,0.44489237
2025/2/17 5:00,0.388622874,0.454047063,0.493052227,0.37160478,0.441428996
2025/2/17 6:00,0.387631661,0.407770013,0.458799776,0.342387192,0.421218
2025/2/17 7:00,0.345014642,0.419105896,0.452004775,0.337509367,0.407551888
2025/2/17 8:00,0.257190214,0.388593665,0.438717123,0.298892086,0.36241147
2025/2/17 9:00,0.200709919,0.295921938,0.417246158,0.231047265,0.307182047
2025/2/17 10:00,0.182492418,0.252905357,0.426854128,0.197606897,0.283365201
2025/2/17 11:00,0.192445775,0.240881848,0.430897063,0.195573805,0.285089201
2025/2/17 12:00,0.167771583,0.235732972,0.433589683,0.19565306,0.270211002
2025/2/17 13:00,0.172109599,0.249863096,0.43414309,0.208721257,0.277729775
2025/2/17 14:00,0.183573413,0.27390113,0.433827775,0.228752767,0.291984714
2025/2/17 15:00,0.211690663,0.300232932,0.432515128,0.255078949,0.314272085
2025/2/17 16:00,0.275181448,0.330438703,0.44768656,0.287029409,0.349703339
2025/2/17 17:00,0.361156259,0.373048433,0.45513841,0.324150554,0.396625242
2025/2/17 18:00,0.390454914,0.32542529,0.452795207,0.291318299,0.387847488
2025/2/17 19:00,0.389440786,0.349004046,0.458770205,0.302524714,0.397891698
2025/2/17 20:00,0.390536255,0.380701521,0.465088783,0.307239356,0.411662954
2025/2/17 21:00,0.390460218,0.358363951,0.473297982,0.283426601,0.406402481
2025/2/17 22:00,0.390235273,0.362237813,0.475021964,0.281578933,0.410128706
2025/2/17 23:00,0.390613887,0.380021924,0.483917936,0.29065465,0.419438974
2025/2/18 0:00,0.391235693,0.391275594,0.518006785,0.296692997,0.431561203
2025/2/18 1:00,0.391563587,0.405101646,0.545381401,0.346855336,0.443098694
2025/2/18 2:00,0.391481649,0.441189323,0.543190426,0.387680212,0.454150661
2025/2/18 3:00,0.390545761,0.442861754,0.553172493,0.388931915,0.45604618
2025/2/18 4:00,0.390443529,0.434954026,0.555178181,0.383768226,0.453930363
2025/2/18 5:00,0.393003617,0.426249508,0.535582001,0.380202185,0.44722807
2025/2/18 6:00,0.391233856,0.410580571,0.500916783,0.362388522,0.431913289
2025/2/18 7:00,0.34116357,0.393690234,0.492722354,0.327278946,0.408394717
2025/2/18 8:00,0.261076345,0.327984028,0.479995815,0.262964135,0.356161206
2025/2/18 9:00,0.20663246,0.291273679,0.453015345,0.2513118,0.317124902
2025/2/18 10:00,0.181584686,0.270128128,0.431836444,0.234183224,0.293048341
2025/2/18 11:00,0.16819487,0.261224961,0.436361129,0.226477977,0.285512016
2025/2/18 12:00,0.170578353,0.254287419,0.44526813,0.218100425,0.28749049
2025/2/18 13:00,0.172334502,0.264178733,0.470267235,0.227451384,0.299008602
2025/2/18 14:00,0.186397513,0.282974115,0.540652529,0.24575842,0.327783517
2025/2/18 15:00,0.221967087,0.311245514,0.553784377,0.271882123,0.357106055
2025/2/18 16:00,0.28231815,0.34063713,0.580926156,0.297498584,0.40198006
2025/2/18 17:00,0.364040914,0.349844066,0.58193112,0.313861771,0.436733537
2025/2/18 18:00,0.392134347,0.325486156,0.585844244,0.299756407,0.43635312
2025/2/18 19:00,0.39289009,0.322912843,0.588126839,0.272825713,0.436180079
2025/2/18 20:00,0.393006469,0.348307706,0.591702643,0.277515521,0.447499027
2025/2/18 21:00,0.391896545,0.338527542,0.593402987,0.272217811,0.444897173
2025/2/18 22:00,0.391275043,0.333984483,0.593495091,0.264233461,0.442930706
2025/2/18 23:00,0.390123848,0.355835603,0.615958114,0.27078312,0.455520256
2025/2/19 0:00,0.391648219,0.4204086,0.666466293,0.304509349,0.487448448
2025/2/19 1:00,0.392569192,0.462844549,0.7175019,0.350732344,0.510969035
2025/2/19 2:00,0.392234577,0.494239751,0.729430004,0.387141542,0.521831098
2025/2/19 3:00,0.3920543,0.505731891,0.716558843,0.396677485,0.522941889
2025/2/19 4:00,0.391699138,0.523299712,0.704581205,0.407767139,0.527498429
2025/2/19 5:00,0.390916606,0.50273699,0.693071668,0.413891713,0.518104769
2025/2/19 6:00,0.390912594,0.488265139,0.647129704,0.425227264,0.504233195
2025/2/19 7:00,0.359206891,0.515229164,0.627817441,0.435607328,0.497669736
2025/2/19 8:00,0.265255684,0.48949801,0.624371032,0.399289477,0.447440839
2025/2/19 9:00,0.206764044,0.412986296,0.607275461,0.329757847,0.396720017
2025/2/19 10:00,0.18423676,0.349371986,0.59156236,0.279145146,0.365724205
2025/2/19 11:00,0.17115484,0.333630139,0.600083917,0.270431122,0.353833942
2025/2/19 12:00,0.167101856,0.322391918,0.602267102,0.254932338,0.343848371
2025/2/19 13:00,0.173644086,0.303108307,0.538613774,0.254965786,0.325858311
2025/2/19 14:00,0.197563391,0.311604258,0.490816384,0.267139912,0.325477306
2025/2/19 15:00,0.227464327,0.340925395,0.461970554,0.281377835,0.339956122
2025/2/19 16:00,0.292233857,0.392967373,0.465268869,0.321468604,0.382691489
2025/2/19 17:00,0.364215444,0.422361027,0.465027543,0.350577429,0.4169345
2025/2/19 18:00,0.395563946,0.409945026,0.464038053,0.341714165,0.421803009
2025/2/19 19:00,0.394985663,0.42843229,0.463280093,0.350397034,0.428159297
2025/2/19 20:00,0.395099335,0.447403895,0.462697047,0.360931755,0.434390776
2025/2/19 21:00,0.394576727,0.45352115,0.469874775,0.365303922,0.438380033
2025/2/19 22:00,0.395047193,0.474270108,0.470078129,0.373764721,0.445770635
2025/2/19 23:00,0.393013522,0.494797712,0.47616578,0.376006433,0.45242708
2025/2/20 0:00,0.393899973,0.510148799,0.512474257,0.380631029,0.468127574
2025/2/20 1:00,0.392613438,0.545264456,0.541340555,0.396565618,0.487809254
2025/2/20 2:00,0.393846108,0.570730184,0.536786009,0.412051826,0.498184801
2025/2/20 3:00,0.394333611,0.561807055,0.537106509,0.409172408,0.497451273
2025/2/20 4:00,0.394371259,0.559663649,0.530569797,0.411589743,0.495471087
2025/2/20 5:00,0.393703045,0.554937423,0.510178938,0.432349162,0.488018314
2025/2/20 6:00,0.39334636,0.503640772,0.49168519,0.413970488,0.463872375
2025/2/20 7:00,0.384990837,0.497518958,0.486808259,0.422263706,0.457954855
2025/2/20 8:00,0.350302472,0.50163403,0.486996401,0.417347389,0.447437036
2025/2/20 9:00,0.329096681,0.469564684,0.488402246,0.373130746,0.432077945
2025/2/20 10:00,0.285778032,0.417993275,0.482788254,0.327750739,0.399953152
2025/2/20 11:00,0.232424309,0.336262181,0.468909469,0.275764042,0.346433768
2025/2/20 12:00,0.178764107,0.342149138,0.468328986,0.287368916,0.324717455
2025/2/20 13:00,0.18061953,0.330152858,0.458002166,0.287851475,0.321547082
2025/2/20 14:00,0.194394041,0.346454405,0.443726377,0.303415912,0.3311491
2025/2/20 15:00,0.22137441,0.37333418,0.447387505,0.325823681,0.34748625
2025/2/20 16:00,0.283431585,0.416177077,0.450187226,0.362018536,0.384298682
2025/2/20 17:00,0.367919641,0.425653429,0.454575511,0.363332361,0.417000453
2025/2/20 18:00,0.394579063,0.426283471,0.454137955,0.332155842,0.424108247
2025/2/20 19:00,0.394361384,0.433102036,0.456386285,0.333884273,0.426889125
2025/2/20 20:00,0.394823226,0.458777632,0.457138295,0.349795251,0.43555303
2025/2/20 21:00,0.395320372,0.463215321,0.456927905,0.351462308,0.437178449
2025/2/20 22:00,0.394698136,0.454186678,0.458871465,0.354362868,0.435191756
2025/2/20 23:00,0.393591846,0.441008377,0.470045397,0.34390121,0.434027592
2025/2/21 0:00,0.394777624,0.424938228,0.497590436,0.333071514,0.435791573
2025/2/21 1:00,0.39401417,0.43797212,0.523591848,0.352640316,0.44654697
2025/2/21 2:00,0.394491734,0.466718619,0.523068271,0.384311689,0.456521607
2025/2/21 3:00,0.394103978,0.472278445,0.529610687,0.390795205,0.460055859
2025/2/21 4:00,0.393813084,0.471329157,0.527207838,0.39128143,0.459183531
2025/2/21 5:00,0.393814598,0.473290604,0.502115472,0.393564237,0.453916596
2025/2/21 6:00,0.393736142,0.443838339,0.470887519,0.376889209,0.434937065
2025/2/21 7:00,0.371628881,0.446745073,0.467012828,0.375766674,0.428167011
2025/2/21 8:00,0.29222462,0.411230694,0.466925308,0.339150639,0.388807497
2025/2/21 9:00,0.21655823,0.37683462,0.454852362,0.300287681,0.346606673
2025/2/21 10:00,0.201952721,0.338431294,0.444667405,0.274847456,0.325404884
2025/2/21 11:00,0.203865893,0.326108319,0.448792351,0.265777917,0.323550351
2025/2/21 12:00,0.186486457,0.342897091,0.463238882,0.288036592,0.328333716
2025/2/21 13:00,0.179089113,0.343116221,0.460771302,0.289814555,0.324593084
2025/2/21 14:00,0.183898841,0.350037669,0.445636243,0.302030406,0.328291802
2025/2/21 15:00,0.217303059,0.385276916,0.44725539,0.33053022,0.351093913
2025/2/21 16:00,0.273327664,0.431195408,0.45180511,0.376184722,0.38548705
2025/2/21 17:00,0.35868178,0.42585436,0.452165893,0.366844213,0.413289821
2025/2/21 18:00,0.389833975,0.387482316,0.452348988,0.291790801,0.408428734
2025/2/21 19:00,0.390176435,0.354619081,0.452821467,0.265712252,0.396949276
2025/2/21 20:00,0.390273698,0.353257617,0.454915382,0.266178712,0.397997193
2025/2/21 21:00,0.390416066,0.324037936,0.454837605,0.246255882,0.388590782
2025/2/21 22:00,0.390322586,0.323971988,0.451846075,0.280986257,0.389700264
2025/2/21 23:00,0.389336511,0.332103224,0.461249913,0.30141844,0.394933885
2025/2/22 0:00,0.390511042,0.3464712,0.491619252,0.311546424,0.407146948
2025/2/22 1:00,0.390388369,0.365085073,0.518492996,0.321115008,0.418953058
2025/2/22 2:00,0.389800329,0.392715076,0.526887103,0.339196287,0.4291149
2025/2/22 3:00,0.389568976,0.411849738,0.528478253,0.35190566,0.435979791
2025/2/22 4:00,0.389687118,0.415927834,0.531251027,0.359878692,0.437961661
2025/2/22 5:00,0.389657808,0.417493204,0.52554643,0.375647891,0.437585302
2025/2/22 6:00,0.368574969,0.388985321,0.528698065,0.352353096,0.420314979
2025/2/22 7:00,0.290589318,0.385151096,0.529168287,0.341851646,0.392934943
2025/2/22 8:00,0.209607074,0.374221394,0.511771937,0.323003597,0.358039549
2025/2/22 9:00,0.16775875,0.338070103,0.503215698,0.285568197,0.325889465
2025/2/22 10:00,0.146356035,0.256300829,0.471373552,0.218973082,0.281217048
2025/2/22 11:00,0.131986477,0.235293714,0.447105797,0.195553648,0.265128614
2025/2/22 12:00,0.130210874,0.232780422,0.449621691,0.185297876,0.26319311
2025/2/22 13:00,0.155239126,0.244009533,0.457702686,0.196512151,0.275200307
2025/2/22 14:00,0.180333198,0.261790487,0.470957487,0.219360443,0.293811745
2025/2/22 15:00,0.211992422,0.306715008,0.483981041,0.258176115,0.328844143
2025/2/22 16:00,0.273650313,0.384302146,0.495303927,0.319347363,0.385012545
2025/2/22 17:00,0.361490178,0.40171569,0.499060407,0.33464404,0.421428492
2025/2/22 18:00,0.393019443,0.378708266,0.496215403,0.323789111,0.420061642
2025/2/22 19:00,0.391888472,0.3754911,0.497048772,0.323824679,0.418770058
2025/2/22 20:00,0.392451984,0.373550693,0.495560682,0.323640684,0.419661584
2025/2/22 21:00,0.392597988,0.355645408,0.469935576,0.312451366,0.404415441
2025/2/22 22:00,0.392939552,0.356097523,0.455000861,0.311643735,0.39927503
2025/2/22 23:00,0.392306274,0.370245022,0.448791047,0.318522995,0.40169477
2025/2/23 0:00,0.391264774,0.374427102,0.448479046,0.316320876,0.403299206
2025/2/23 1:00,0.390894432,0.388014283,0.456080785,0.33139399,0.409502922
2025/2/23 2:00,0.391495633,0.416638664,0.461794745,0.349044867,0.420598348
2025/2/23 3:00,0.391938593,0.430357753,0.471918207,0.359908343,0.428215202
2025/2/23 4:00,0.392054491,0.437519423,0.477169318,0.364875369,0.432148746
2025/2/23 5:00,0.391398922,0.461750236,0.479408987,0.382317362,0.442029062
2025/2/23 6:00,0.391053701,0.427800161,0.469898916,0.361981336,0.426320314
2025/2/23 7:00,0.376640138,0.424200575,0.462003104,0.357075547,0.418681725
2025/2/23 8:00,0.331225345,0.415598808,0.469264214,0.339131124,0.401679327
2025/2/23 9:00,0.266882551,0.38795691,0.452770767,0.322056655,0.36683636
2025/2/23 10:00,0.236783194,0.335220174,0.453437509,0.278895889,0.34078486
2025/2/23 11:00,0.213143873,0.321312871,0.456124581,0.260859808,0.329455042
2025/2/23 12:00,0.188821774,0.300511267,0.452897494,0.240625754,0.309654188
2025/2/23 13:00,0.255112819,0.322452565,0.460428131,0.27097781,0.348367546
2025/2/23 14:00,0.240905878,0.349315532,0.486759258,0.283934978,0.357960913
2025/2/23 15:00,0.246099206,0.359483831,0.498567261,0.293057112,0.363505974
2025/2/23 16:00,0.279296213,0.408098126,0.49977318,0.331460838,0.390048539
2025/2/23 17:00,0.351639672,0.394659149,0.497374298,0.33708259,0.411212152
2025/2/23 18:00,0.389698008,0.351969755,0.494147692,0.296962223,0.407262441
2025/2/23 19:00,0.390608476,0.324790589,0.495049365,0.279472912,0.397663988
2025/2/23 20:00,0.389772611,0.314122577,0.491283068,0.272808263,0.395068746
2025/2/23 21:00,0.389635767,0.321416093,0.492653451,0.27846751,0.398216693
2025/2/23 22:00,0.389388708,0.355122103,0.499776675,0.297250285,0.411876528
2025/2/23 23:00,0.387989476,0.371335724,0.497217884,0.298517693,0.417671356
2025/2/24 0:00,0.387845067,0.376633957,0.497678008,0.293947187,0.420357089
2025/2/24 1:00,0.387747284,0.404208046,0.501936831,0.333976857,0.429981108
2025/2/24 2:00,0.387747879,0.415135349,0.507584933,0.349929843,0.434499003
2025/2/24 3:00,0.387753958,0.417444972,0.510203237,0.350728099,0.435567949
2025/2/24 4:00,0.387512123,0.418696549,0.50501191,0.352141417,0.434303756
2025/2/24 5:00,0.387673852,0.426625188,0.479837052,0.358411442,0.430439133
2025/2/24 6:00,0.385674419,0.408646978,0.454235202,0.349956766,0.416202787
2025/2/24 7:00,0.357828709,0.395001646,0.449083052,0.329176325,0.401322655
2025/2/24 8:00,0.297750162,0.348136511,0.448897466,0.276019717,0.363258948
2025/2/24 9:00,0.208160956,0.351770159,0.438759372,0.266346974,0.328757343
2025/2/24 10:00,0.171670976,0.295945415,0.428610657,0.228581949,0.292240781
2025/2/24 11:00,0.161486816,0.259026577,0.434220575,0.200217629,0.275059163
2025/2/24 12:00,0.159066402,0.244652851,0.434402685,0.204132254,0.270490709
2025/2/24 13:00,0.163948167,0.26816923,0.435257332,0.234195203,0.284776805
2025/2/24 14:00,0.178638945,0.291541972,0.430465151,0.259033942,0.299331593
2025/2/24 15:00,0.209260522,0.310226275,0.437505442,0.276239312,0.316391006
2025/2/24 16:00,0.271467736,0.321940752,0.442788139,0.288958319,0.344357211
2025/2/24 17:00,0.355986999,0.333208177,0.444852079,0.305028388,0.378283158
2025/2/24 18:00,0.389630405,0.310671785,0.447394314,0.268798246,0.380887463
2025/2/24 19:00,0.38875634,0.300810827,0.444196173,0.256709998,0.37575662
2025/2/24 20:00,0.389654239,0.327629655,0.439771468,0.280245281,0.386311546
2025/2/24 21:00,0.389724331,0.348163094,0.443711689,0.294594224,0.39416954
2025/2/24 22:00,0.38969413,0.38245917,0.44070542,0.314730231,0.405538362
2025/2/24 23:00,0.388047368,0.426555499,0.446141208,0.353278789,0.420194797
2025/2/25 0:00,0.389037469,0.462135687,0.469448328,0.379269564,0.437621309
2025/2/25 1:00,0.389098988,0.499226631,0.496768573,0.400805375,0.456448709
2025/2/25 2:00,0.377841064,0.566159363,0.48470263,0.439093922,0.472930933
2025/2/25 3:00,0.389925521,0.603536199,0.466424129,0.465789512,0.488620805
2025/2/25 4:00,0.390320838,0.625320991,0.457933116,0.478974602,0.495974523
2025/2/25 5:00,0.389276942,0.63558162,0.451546434,0.517233708,0.493281254
2025/2/25 6:00,0.387569644,0.607271049,0.43571127,0.504114383,0.475776557
2025/2/25 7:00,0.341956277,0.534309004,0.440665129,0.446716019,0.43794278
2025/2/25 8:00,0.250313593,0.448653294,0.447869008,0.376679948,0.380559887
2025/2/25 9:00,0.202694352,0.366964547,0.440639912,0.308187794,0.33447883
2025/2/25 10:00,0.177223006,0.319167116,0.437314182,0.269095687,0.304822531
2025/2/25 11:00,0.169153146,0.308522949,0.458491523,0.245514352,0.301562083
2025/2/25 12:00,0.166087578,0.284314202,0.467329909,0.226807046,0.292521607
2025/2/25 13:00,0.174129598,0.304935043,0.454005318,0.224531275,0.300964522
2025/2/25 14:00,0.201369422,0.337678214,0.445822266,0.271710368,0.326496343
2025/2/25 15:00,0.243633241,0.381154587,0.45025429,0.316553778,0.3589341
2025/2/25 16:00,0.275032168,0.428820274,0.450389496,0.356211616,0.385468944
2025/2/25 17:00,0.35655801,0.460682233,0.474781922,0.370352609,0.43233543
2025/2/25 18:00,0.391811252,0.453865046,0.478473039,0.338896356,0.440597115
2025/2/25 19:00,0.39105768,0.494132676,0.477750222,0.363095947,0.454867293
2025/2/25 20:00,0.391649048,0.510143594,0.478056136,0.388906047,0.461167349
2025/2/25 21:00,0.392762165,0.534261631,0.476031668,0.432897777,0.470159356
2025/2/25 22:00,0.393230401,0.549666611,0.478756818,0.442685748,0.4764098
2025/2/25 23:00,0.392456309,0.591676632,0.478902244,0.460412197,0.489219906
2025/2/26 0:00,0.393604184,0.628971027,0.489689495,0.479075463,0.509193092
2025/2/26 1:00,0.393694772,0.640030252,0.49757518,0.481853947,0.518974752
2025/2/26 2:00,0.392351424,0.597628371,0.507219894,0.45189652,0.506057794
2025/2/26 3:00,0.391963156,0.56100095,0.519417268,0.428758899,0.494729389
2025/2/26 4:00,0.391955367,0.530649963,0.538228969,0.421294583,0.487222088
2025/2/26 5:00,0.392197262,0.531658242,0.514893974,0.425523117,0.482229289
2025/2/26 6:00,0.38978777,0.522178346,0.479099466,0.421760243,0.467680958
2025/2/26 7:00,0.362974287,0.51498933,0.468294144,0.412005105,0.451917461
2025/2/26 8:00,0.314521728,0.471128079,0.476536394,0.371105041,0.420173716
2025/2/26 9:00,0.277782097,0.432740519,0.473132672,0.326221292,0.393350869
2025/2/26 10:00,0.264491579,0.405832327,0.477891026,0.325413159,0.381785662
2025/2/26 11:00,0.23882524,0.39499744,0.49475459,0.319199486,0.373514483
2025/2/26 12:00,0.208069204,0.370508725,0.504071358,0.298313878,0.354119661
2025/2/26 13:00,0.197378319,0.369685251,0.496394001,0.305710523,0.345827925
2025/2/26 14:00,0.197886486,0.426592122,0.471364601,0.368202729,0.358018621
2025/2/26 15:00,0.213759363,0.427155927,0.466123947,0.369229175,0.364860519
2025/2/26 16:00,0.279898851,0.437358094,0.465061243,0.380899208,0.39535941
2025/2/26 17:00,0.358211283,0.4458116,0.464075357,0.388077724,0.424441939
2025/2/26 18:00,0.389759005,0.466000139,0.463728002,0.399175735,0.441010422
2025/2/26 19:00,0.390295845,0.470395994,0.463896816,0.403328404,0.44299887
2025/2/26 20:00,0.391128547,0.474203067,0.465513046,0.407182556,0.444783405
2025/2/26 21:00,0.390737739,0.462676345,0.471702523,0.399527783,0.442496887
2025/2/26 22:00,0.390623383,0.480485399,0.469723193,0.408249711,0.447450148
2025/2/26 23:00,0.391603826,0.474879544,0.475388704,0.396589207,0.445196301
2025/2/27 0:00,0.391409485,0.453835222,0.502107273,0.390433014,0.444303485
2025/2/27 1:00,0.391015465,0.480675467,0.519872065,0.41403474,0.458233408
2025/2/27 2:00,0.390581995,0.501794895,0.497679223,0.428306833,0.461596746
2025/2/27 3:00,0.391191814,0.501075637,0.510134489,0.427789703,0.46523862
2025/2/27 4:00,0.391872544,0.510726713,0.498405308,0.433341995,0.467151317
2025/2/27 5:00,0.391456389,0.546057489,0.444945825,0.45877232,0.469744571
2025/2/27 6:00,0.388498253,0.572101274,0.393420559,0.476708155,0.465093288
2025/2/27 7:00,0.357614093,0.549041159,0.411313139,0.453855553,0.447886216
2025/2/27 8:00,0.321625517,0.499348399,0.438283193,0.410698955,0.422695982
2025/2/27 9:00,0.246473097,0.49379847,0.442321798,0.375140344,0.392529017
2025/2/27 10:00,0.241962497,0.451407638,0.445612318,0.340792561,0.384956039
2025/2/27 11:00,0.196038759,0.377480255,0.445656575,0.271325092,0.338884134
2025/2/27 12:00,0.18571086,0.328483579,0.44794503,0.2393544,0.316368719
2025/2/27 13:00,0.194767214,0.325804448,0.443507501,0.246844253,0.317148855
2025/2/27 14:00,0.196496788,0.375056961,0.433940526,0.316807087,0.335835642
2025/2/27 15:00,0.212339235,0.423565313,0.438118555,0.357263169,0.359447199
2025/2/27 16:00,0.26982633,0.468309752,0.428199836,0.391400597,0.393257277
2025/2/27 17:00,0.363068157,0.524832813,0.423369522,0.403400368,0.44062016
2025/2/27 18:00,0.40108428,0.552788986,0.423251391,0.395595434,0.46097719
2025/2/27 19:00,0.398219684,0.566566551,0.419252284,0.453032404,0.465816147
2025/2/27 20:00,0.39387195,0.573802358,0.414369128,0.465616284,0.465103668
2025/2/27 21:00,0.392163549,0.563860173,0.412619906,0.458221279,0.459502644
2025/2/27 22:00,0.392316834,0.56126763,0.418555201,0.454708443,0.459997474
2025/2/27 23:00,0.391265494,0.585943643,0.41405483,0.469435869,0.465352213
2025/2/28 0:00,0.390994362,0.588782355,0.433733814,0.478210403,0.47266113
2025/2/28 1:00,0.390360355,0.601922189,0.454162766,0.483277619,0.485568469
2025/2/28 2:00,0.391002564,0.630362859,0.453716129,0.501183178,0.500449511
2025/2/28 3:00,0.390742393,0.65150214,0.442821398,0.513573487,0.509383507
2025/2/28 4:00,0.390885767,0.64512595,0.47599274,0.510642681,0.512223807
2025/2/28 5:00,0.390703569,0.645876302,0.483677542,0.468696118,0.51246278
2025/2/28 6:00,0.384902229,0.645500113,0.474391705,0.51340913,0.509700829
2025/2/28 7:00,0.310445899,0.573460623,0.471816882,0.451842398,0.45607884
2025/2/28 8:00,0.238021067,0.458923872,0.474343256,0.354789377,0.386613765
2025/2/28 9:00,0.195193045,0.377838612,0.465661513,0.29011831,0.336479806
2025/2/28 10:00,0.176534988,0.325628454,0.458232027,0.247147269,0.30479556
2025/2/28 11:00,0.166838842,0.293892329,0.451380239,0.225019899,0.287013024
2025/2/28 12:00,0.165777366,0.281489778,0.45434746,0.216946737,0.280759907
2025/2/28 13:00,0.16977605,0.282762229,0.455045107,0.236868,0.284857637
2025/2/28 14:00,0.181975532,0.304973192,0.460821567,0.262584925,0.30009671
2025/2/28 15:00,0.212546879,0.363056141,0.46554641,0.311547581,0.336167097
2025/2/28 16:00,0.26920934,0.429142021,0.466171609,0.371544792,0.385489326
2025/2/28 17:00,0.356700932,0.499674101,0.465924576,0.423621712,0.443656352
2025/2/28 18:00,0.396312223,0.514381954,0.46542932,0.412891321,0.461019141
2025/2/28 19:00,0.394825666,0.543849431,0.467038273,0.43135135,0.472820295
2025/2/28 20:00,0.396080365,0.558020971,0.467615992,0.44056349,0.479012521
2025/2/28 21:00,0.394055184,0.570891473,0.466923705,0.45178664,0.482890082
2025/2/28 22:00,0.391759718,0.565842008,0.472411922,0.445417545,0.481775203
2025/2/28 23:00,0.39238889,0.571676493,0.471250843,0.444313422,0.480757433
2025/3/1 0:00,0.392192292,0.587183873,0.467698691,0.477140999,0.485508536
2025/3/1 1:00,0.390290559,0.625645316,0.466515676,0.500413074,0.499541027
2025/3/1 2:00,0.390927119,0.640410056,0.456376561,0.508638821,0.506358086
2025/3/1 3:00,0.390982066,0.641571759,0.446730825,0.508862753,0.50806521
2025/3/1 4:00,0.391728566,0.640108229,0.469551426,0.509442929,0.509479804
2025/3/1 5:00,0.392431443,0.636063096,0.485740148,0.505608445,0.508375527
2025/3/1 6:00,0.38731841,0.630192414,0.486805672,0.503441288,0.505239718
2025/3/1 7:00,0.335165138,0.582756421,0.474034563,0.462581615,0.468610072
2025/3/1 8:00,0.23712824,0.472780384,0.466293718,0.367270824,0.389207539
2025/3/1 9:00,0.198295431,0.383259047,0.461787196,0.289735319,0.337414687
2025/3/1 10:00,0.178292608,0.309791649,0.452918969,0.240948153,0.300767496
2025/3/1 11:00,0.168878597,0.271984636,0.438504735,0.220136716,0.279727037
2025/3/1 12:00,0.166096305,0.267897157,0.438392464,0.218601147,0.277259679
2025/3/1 13:00,0.172721519,0.301433626,0.447263435,0.247189406,0.295788193
2025/3/1 14:00,0.186479868,0.332173803,0.458147641,0.279034396,0.315416937
2025/3/1 15:00,0.213773633,0.385917985,0.461844272,0.329339047,0.351732718
2025/3/1 16:00,0.267323206,0.468023076,0.46865436,0.398207543,0.40336389
2025/3/1 17:00,0.358418989,0.531558992,0.472440154,0.446279214,0.457824421
2025/3/1 18:00,0.396630964,0.523216139,0.474023564,0.425291007,0.46707825
2025/3/1 19:00,0.39332909,0.510445597,0.470880727,0.414929467,0.460464703
2025/3/1 20:00,0.391578107,0.509802423,0.470555745,0.41477313,0.459927683
2025/3/1 21:00,0.391856424,0.527598913,0.470685199,0.426722374,0.466518625
2025/3/1 22:00,0.391012834,0.53297122,0.471990777,0.429021689,0.468702345
2025/3/1 23:00,0.390520492,0.535673936,0.467622342,0.423830536,0.465880246
2025/3/2 0:00,0.390884243,0.560573658,0.465075225,0.461111358,0.474019293
2025/3/2 1:00,0.389848328,0.584586276,0.457795148,0.48456943,0.482104699
2025/3/2 2:00,0.38935086,0.5988932,0.451028058,0.492120291,0.48867672
2025/3/2 3:00,0.390611581,0.607184404,0.445849905,0.496661267,0.492317098
2025/3/2 4:00,0.391311484,0.62513555,0.456972949,0.509531663,0.502753213
2025/3/2 5:00,0.392186733,0.616857072,0.4797402,0.504058127,0.501033558
2025/3/2 6:00,0.388757677,0.599773796,0.483223378,0.493117514,0.495308336
2025/3/2 7:00,0.300986182,0.556817852,0.479038742,0.444670867,0.446995319
2025/3/2 8:00,0.279664207,0.47104348,0.466390493,0.375304613,0.408324475
2025/3/2 9:00,0.194582533,0.386935252,0.458257305,0.289879857,0.332471261
2025/3/2 10:00,0.192719819,0.312176436,0.453274268,0.239631034,0.306350356
2025/3/2 11:00,0.16952687,0.302240981,0.447401863,0.234308406,0.292675385
2025/3/2 12:00,0.167571525,0.284747139,0.449259212,0.21384656,0.287304877
2025/3/2 13:00,0.181249954,0.323433945,0.456282871,0.243574553,0.309998141
2025/3/2 14:00,0.196864232,0.367920371,0.465348052,0.290252969,0.339320678
2025/3/2 15:00,0.211086626,0.421256451,0.473823543,0.344679315,0.368381374
2025/3/2 16:00,0.265644416,0.513452174,0.49541489,0.42229009,0.430557475
2025/3/2 17:00,0.358424821,0.567294995,0.496654178,0.473445786,0.478791367
2025/3/2 18:00,0.401238757,0.524948555,0.488685059,0.420865063,0.472908118
2025/3/2 19:00,0.401158505,0.528456407,0.488997091,0.410209056,0.474111964
2025/3/2 20:00,0.400254118,0.542281767,0.475914821,0.418888434,0.475611375
2025/3/2 21:00,0.397050073,0.558136261,0.47012677,0.424630823,0.47866256
2025/3/2 22:00,0.392590247,0.553118894,0.465560451,0.41773799,0.473780999
2025/3/2 23:00,0.391136531,0.579996702,0.458982358,0.447778684,0.478709154
2025/3/3 0:00,0.39045978,0.618128023,0.460584151,0.492147351,0.492752363
2025/3/3 1:00,0.390623926,0.621474625,0.44749438,0.494265344,0.495924107
2025/3/3 2:00,0.39135682,0.609766363,0.455921654,0.485318214,0.496400942
2025/3/3 3:00,0.391860923,0.617046735,0.449642579,0.491596831,0.499251875
2025/3/3 4:00,0.391476438,0.623864948,0.428394592,0.509521703,0.495005036
2025/3/3 5:00,0.39193013,0.633750341,0.40780538,0.518037419,0.489219491
2025/3/3 6:00,0.386714725,0.656080158,0.40681255,0.536071469,0.485438725
2025/3/3 7:00,0.353456065,0.618451308,0.417490648,0.501837613,0.463566184
2025/3/3 8:00,0.262407442,0.533575416,0.41312823,0.435736139,0.402213677
2025/3/3 9:00,0.230001667,0.454125868,0.404880775,0.364551723,0.36037301
2025/3/3 10:00,0.19133984,0.356839768,0.396268478,0.294541922,0.31351952
2025/3/3 11:00,0.18378369,0.351247777,0.404514662,0.285113989,0.311156108
2025/3/3 12:00,0.214784486,0.360738448,0.41457005,0.295171589,0.332308188
2025/3/3 13:00,0.248528893,0.407112871,0.42112455,0.342761346,0.364331677
2025/3/3 14:00,0.198425728,0.400149487,0.414259302,0.354014935,0.33926721
2025/3/3 15:00,0.237080676,0.416951117,0.416129219,0.363925724,0.360113595
2025/3/3 16:00,0.298707084,0.468052496,0.436696988,0.406998867,0.404459098
2025/3/3 17:00,0.376546593,0.48014032,0.444684885,0.408000627,0.435274308
2025/3/3 18:00,0.397593819,0.47595796,0.480744688,0.372777944,0.452126564
2025/3/3 19:00,0.397754789,0.503682306,0.48945505,0.388062125,0.464039625
2025/3/3 20:00,0.398635752,0.517258852,0.452233566,0.400297545,0.455342061
2025/3/3 21:00,0.3988295,0.551817304,0.416485462,0.42078126,0.453270597
2025/3/3 22:00,0.396749765,0.589315314,0.385516844,0.445281734,0.454486299
2025/3/3 23:00,0.392066435,0.579288639,0.374666528,0.493850152,0.453098685
2025/3/4 0:00,0.393144349,0.573021654,0.389726036,0.483813855,0.461069151
2025/3/4 1:00,0.392869953,0.605296153,0.393635286,0.498387064,0.476997263
2025/3/4 2:00,0.393834962,0.609057261,0.39372327,0.501811926,0.48531285
2025/3/4 3:00,0.392297713,0.618711692,0.384817615,0.507714367,0.489381659
2025/3/4 4:00,0.391613004,0.622528163,0.373727767,0.51208504,0.481726832
2025/3/4 5:00,0.392063737,0.613815574,0.353545006,0.509808758,0.471351197
2025/3/4 6:00,0.389208265,0.614307769,0.333481611,0.51013072,0.459686554
2025/3/4 7:00,0.334488611,0.600280759,0.365750811,0.473048794,0.43912769
2025/3/4 8:00,0.266255101,0.491407542,0.403601667,0.361347714,0.387227651
2025/3/4 9:00,0.205430667,0.412941426,0.403910891,0.301845833,0.338138268
2025/3/4 10:00,0.198587923,0.365198084,0.388466263,0.271356563,0.317470186
2025/3/4 11:00,0.208298685,0.318217256,0.389053475,0.23525544,0.307350935
2025/3/4 12:00,0.175947716,0.314659983,0.402930377,0.226570748,0.291641884
2025/3/4 13:00,0.194163831,0.313365184,0.399569823,0.245880146,0.298174744
2025/3/4 14:00,0.226690093,0.377073704,0.390369233,0.310116582,0.333202668
2025/3/4 15:00,0.276971546,0.415837746,0.394669346,0.341114886,0.364893829
2025/3/4 16:00,0.334365755,0.470043425,0.412455252,0.390191319,0.406269457
2025/3/4 17:00,0.398283938,0.472831082,0.413600864,0.401043377,0.427408454
2025/3/4 18:00,0.395857674,0.510652885,0.461620759,0.425172033,0.455251231
2025/3/4 19:00,0.393499418,0.512499596,0.487402999,0.427286284,0.46611607
2025/3/4 20:00,0.393799489,0.515634976,0.486964922,0.428400611,0.467057761
2025/3/4 21:00,0.393414434,0.545930305,0.403670205,0.447923261,0.446531824
2025/3/4 22:00,0.392074025,0.607604089,0.374804037,0.480058183,0.453518657
2025/3/4 23:00,0.392118857,0.665854557,0.362566444,0.495388471,0.46456482
2025/3/5 0:00,0.39261934,0.623973423,0.37099025,0.463515144,0.466364938
2025/3/5 1:00,0.392389246,0.641433066,0.390101003,0.472578374,0.480991745
2025/3/5 2:00,0.392961952,0.632420252,0.381493142,0.462408389,0.478527651
2025/3/5 3:00,0.390760218,0.574933402,0.398850306,0.431573667,0.46254552
2025/3/5 4:00,0.388086451,0.491594175,0.420354602,0.383065771,0.43782014
2025/3/5 5:00,0.388726839,0.51718039,0.389013039,0.406719545,0.435022295
2025/3/5 6:00,0.385241443,0.474646162,0.368406121,0.378635062,0.40921677
2025/3/5 7:00,0.328162415,0.44999712,0.36657735,0.35324028,0.381333602
2025/3/5 8:00,0.24662448,0.387352024,0.369055533,0.305208008,0.333514433
2025/3/5 9:00,0.189239801,0.327423102,0.363775208,0.262042601,0.292782357
2025/3/5 10:00,0.175194432,0.287199156,0.357023743,0.209715605,0.273748886
2025/3/5 11:00,0.19145064,0.303544924,0.373352565,0.236601852,0.291862751
2025/3/5 12:00,0.179702977,0.317024028,0.380335717,0.264316084,0.293799916
2025/3/5 13:00,0.197338983,0.336858393,0.376741526,0.232463589,0.306558064
2025/3/5 14:00,0.180991785,0.347255041,0.37131811,0.227633102,0.299727416
2025/3/5 15:00,0.214199947,0.333415531,0.36236566,0.212147892,0.30653693
2025/3/5 16:00,0.271119301,0.380697549,0.367565656,0.267861856,0.342198824
2025/3/5 17:00,0.347720551,0.417227041,0.370440341,0.299263136,0.37673664
2025/3/5 18:00,0.388615262,0.395639064,0.369047817,0.273465418,0.380791359
2025/3/5 19:00,0.387404651,0.391543685,0.36786522,0.224728272,0.377576312
2025/3/5 20:00,0.388620771,0.415687638,0.369916614,0.244592349,0.385540934
2025/3/5 21:00,0.389276089,0.407894961,0.368801719,0.255376097,0.383313254
2025/3/5 22:00,0.38934727,0.408451156,0.370088309,0.284020129,0.384811539
2025/3/5 23:00,0.387837203,0.412554094,0.370355309,0.284849866,0.38606725
2025/3/6 0:00,0.387784647,0.423023184,0.38990411,0.282139114,0.397170499
2025/3/6 1:00,0.388229102,0.428033044,0.410336823,0.291164538,0.406593472
2025/3/6 2:00,0.390096424,0.427888554,0.41379685,0.295723477,0.408904104
2025/3/6 3:00,0.390479313,0.435374869,0.412498527,0.302494609,0.411916626
2025/3/6 4:00,0.390573165,0.42795066,0.410010761,0.305102606,0.408629435
2025/3/6 5:00,0.390265385,0.430895076,0.388787068,0.309964451,0.402937457
2025/3/6 6:00,0.389625574,0.413949088,0.364610983,0.329491213,0.388146079
2025/3/6 7:00,0.368691653,0.401541532,0.36422023,0.333635848,0.3775017
2025/3/6 8:00,0.303700681,0.380020639,0.367031474,0.279120154,0.350155382
2025/3/6 9:00,0.308206052,0.367422574,0.370830237,0.287232842,0.349390142
2025/3/6 10:00,0.348583034,0.355445542,0.369432054,0.2724814,0.357377765
2025/3/6 11:00,0.288938497,0.346822723,0.376786938,0.227682827,0.337315468
2025/3/6 12:00,0.263662278,0.380495583,0.385598943,0.246377441,0.343700309
2025/3/6 13:00,0.244958194,0.40673116,0.384366726,0.278371822,0.347849935
2025/3/6 14:00,0.223445197,0.406144706,0.377629007,0.297186541,0.342036358
2025/3/6 15:00,0.221233593,0.40958509,0.38303001,0.308813857,0.33931028
2025/3/6 16:00,0.285390843,0.408459005,0.379055749,0.343293849,0.35863292
2025/3/6 17:00,0.371957417,0.38094474,0.379582966,0.348402736,0.377301821
2025/3/6 18:00,0.387744274,0.332712143,0.418509628,0.278492003,0.380075152
2025/3/6 19:00,0.389076614,0.318497145,0.409392559,0.259849116,0.372443186
2025/3/6 20:00,0.390233715,0.347335227,0.364113662,0.274529385,0.364210032
2025/3/6 21:00,0.390809714,0.355965911,0.364208146,0.280142393,0.366981325
2025/3/6 22:00,0.388187054,0.372368635,0.367246616,0.310745795,0.372793391
2025/3/6 23:00,0.388352832,0.378466476,0.370483236,0.314520098,0.37645919
2025/3/7 0:00,0.389577967,0.385991078,0.390436211,0.319812665,0.387369842
2025/3/7 1:00,0.388763029,0.3906408,0.412507465,0.324638623,0.396965846
2025/3/7 2:00,0.388860848,0.393630518,0.419223478,0.326429549,0.400491977
2025/3/7 3:00,0.389183569,0.393659345,0.419459475,0.329442544,0.400611576
2025/3/7 4:00,0.387983812,0.394140484,0.415056663,0.326541874,0.398942075
2025/3/7 5:00,0.387963717,0.395213595,0.396887421,0.329597395,0.392605921
2025/3/7 6:00,0.384683746,0.37176483,0.375111046,0.322743965,0.375197301
2025/3/7 7:00,0.352277185,0.380485975,0.377681856,0.335395641,0.370801874
2025/3/7 8:00,0.279123375,0.363954738,0.373522876,0.315237236,0.341965161
2025/3/7 9:00,0.231176055,0.312775132,0.356727541,0.263005185,0.304836531
2025/3/7 10:00,0.200718266,0.294864637,0.356665094,0.238727943,0.286626924
2025/3/7 11:00,0.218818496,0.268853662,0.360123965,0.23403544,0.285719664
2025/3/7 12:00,0.22247738,0.31042876,0.378275503,0.264134654,0.305277412
2025/3/7 13:00,0.235121694,0.335419549,0.405324038,0.291743764,0.328291834
2025/3/7 14:00,0.225363311,0.372419441,0.441903808,0.317551594,0.346566066
2025/3/7 15:00,0.28120615,0.38357031,0.432398558,0.333142204,0.369332644
2025/3/7 16:00,0.35086695,0.350223985,0.40352119,0.314281447,0.370462027
2025/3/7 17:00,0.386701932,0.338918997,0.36488773,0.311480085,0.361335643
2025/3/7 18:00,0.388483822,0.328716498,0.364486861,0.299246555,0.357845818
2025/3/7 19:00,0.388099694,0.311440032,0.359095167,0.284224219,0.349692486
2025/3/7 20:00,0.39000715,0.351083811,0.366002934,0.308419264,0.366656333
2025/3/7 21:00,0.388749252,0.326073432,0.360606975,0.286372008,0.356769287
2025/3/7 22:00,0.388876186,0.318580763,0.361829483,0.277669869,0.354304896
2025/3/7 23:00,0.389027594,0.317260582,0.366997209,0.273893989,0.355650608
2025/3/8 0:00,0.389502255,0.344124726,0.392482147,0.281695054,0.374186915
2025/3/8 1:00,0.39011593,0.364352973,0.41894707,0.290944625,0.389725138
2025/3/8 2:00,0.392365576,0.386974854,0.441243209,0.307844447,0.404882456
2025/3/8 3:00,0.392277381,0.39618033,0.446451356,0.324447249,0.410162383
2025/3/8 4:00,0.392114498,0.4001405,0.448736379,0.326313272,0.412150425
2025/3/8 5:00,0.392335249,0.404481241,0.449186048,0.332396685,0.41398809
2025/3/8 6:00,0.390537723,0.388737415,0.45078584,0.326862859,0.408241729
2025/3/8 7:00,0.368675556,0.352467454,0.441794516,0.303614527,0.384941217
2025/3/8 8:00,0.310759221,0.332095825,0.43196688,0.285884743,0.357831583
2025/3/8 9:00,0.218344293,0.313903818,0.427379551,0.25876034,0.318657951
2025/3/8 10:00,0.175131723,0.250627562,0.402242381,0.210759786,0.271850368
2025/3/8 11:00,0.166371967,0.219084763,0.381966014,0.189327494,0.251418639
2025/3/8 12:00,0.164199422,0.217383444,0.375696318,0.196521487,0.250906108
2025/3/8 13:00,0.169977281,0.221196464,0.406557788,0.195906492,0.260405963
2025/3/8 14:00,0.185739846,0.235889452,0.407785237,0.210137087,0.269569356
2025/3/8 15:00,0.218251664,0.259877007,0.396736447,0.235052118,0.292545402
2025/3/8 16:00,0.276611754,0.291216796,0.410399161,0.264479483,0.325289987
2025/3/8 17:00,0.353263772,0.310152959,0.426334611,0.288286818,0.360368312
2025/3/8 18:00,0.391167408,0.306097573,0.426442181,0.270777674,0.369101344
2025/3/8 19:00,0.398693969,0.309942633,0.424922082,0.25693067,0.370979717
2025/3/8 20:00,0.400604257,0.337271909,0.432122658,0.270031983,0.385831632
2025/3/8 21:00,0.400037894,0.349043854,0.438151306,0.277116641,0.393101995
2025/3/8 22:00,0.39897252,0.364607986,0.445375084,0.298130838,0.401472676
2025/3/8 23:00,0.39979519,0.363546344,0.444909033,0.315701025,0.401923813
2025/3/9 0:00,0.407251764,0.361947875,0.436364607,0.3196517,0.401670296
2025/3/9 1:00,0.40851051,0.373526703,0.439618653,0.325297872,0.406656581
2025/3/9 2:00,0.409679486,0.413196558,0.452391895,0.35201662,0.42347728
2025/3/9 3:00,0.409185898,0.45114011,0.445999724,0.385318872,0.434787901
2025/3/9 4:00,0.40936293,0.429693772,0.453052451,0.379677594,0.429676917
2025/3/9 5:00,0.408103008,0.439005926,0.454995536,0.388356202,0.433068608
2025/3/9 6:00,0.398603537,0.411483781,0.460683075,0.369074844,0.421559739
2025/3/9 7:00,0.32462917,0.360173753,0.452779628,0.31759195,0.375061876
2025/3/9 8:00,0.235297121,0.29046668,0.425728167,0.253762153,0.310908853
2025/3/9 9:00,0.173812319,0.246183058,0.391735385,0.212804972,0.264551243
2025/3/9 10:00,0.15391843,0.222447112,0.367506514,0.190909719,0.24475892
2025/3/9 11:00,0.1481802,0.216470131,0.372295676,0.187271977,0.239851014
2025/3/9 12:00,0.154724304,0.216254409,0.378597803,0.18891016,0.242952708
2025/3/9 13:00,0.169553786,0.225177221,0.381043131,0.199513778,0.251486451
2025/3/9 14:00,0.187284801,0.237580558,0.387216381,0.216159253,0.265745373
2025/3/9 15:00,0.219445969,0.261461474,0.397329464,0.241648135,0.291402979
2025/3/9 16:00,0.297257733,0.287008605,0.409649646,0.272248677,0.329737415
2025/3/9 17:00,0.3983005,0.316581018,0.426195748,0.298413559,0.375562009
2025/3/9 18:00,0.444452052,0.30661707,0.43008268,0.282849557,0.385825979
2025/3/9 19:00,0.453540951,0.30676489,0.429483501,0.282374566,0.387414265
2025/3/9 20:00,0.453673545,0.344947523,0.433022552,0.309086303,0.405248596
2025/3/9 21:00,0.453101201,0.373543478,0.44003575,0.329576325,0.418382526
2025/3/9 22:00,0.454138949,0.355217416,0.446462606,0.317531634,0.414788359
2025/3/9 23:00,0.457158051,0.373645266,0.455255605,0.333817009,0.425745698
2025/3/10 0:00,0.455489407,0.442020874,0.460054724,0.392851291,0.450606161
2025/3/10 1:00,0.455836784,0.469243692,0.446123426,0.410432379,0.45728348
2025/3/10 2:00,0.456451817,0.504579282,0.443473359,0.438690726,0.471164593
2025/3/10 3:00,0.456689473,0.467985888,0.455443085,0.428694896,0.460053482
2025/3/10 4:00,0.455794907,0.446598376,0.426242098,0.415798583,0.44297534
2025/3/10 5:00,0.45527519,0.453938146,0.408445396,0.421154882,0.440007155
2025/3/10 6:00,0.449214255,0.484818822,0.387987905,0.441235099,0.441398909
2025/3/10 7:00,0.410638586,0.499162575,0.386529676,0.44108996,0.43195015
2025/3/10 8:00,0.368394682,0.468945571,0.390072469,0.405617779,0.409887874
2025/3/10 9:00,0.277065109,0.424260494,0.396288405,0.358330947,0.362620222
2025/3/10 10:00,0.234690072,0.361276744,0.392088027,0.299698184,0.324742221
2025/3/10 11:00,0.221059587,0.309115375,0.392615015,0.256148983,0.303819773
2025/3/10 12:00,0.214324069,0.28594289,0.392653862,0.25033978,0.292526685
2025/3/10 13:00,0.218663211,0.27486779,0.383143014,0.25065012,0.288200667
2025/3/10 14:00,0.234446071,0.293768823,0.384932229,0.26817563,0.300579111
2025/3/10 15:00,0.284225872,0.325529777,0.386622877,0.294029173,0.33128995
2025/3/10 16:00,0.321607645,0.375154628,0.394370151,0.319701541,0.361418603
2025/3/10 17:00,0.413098354,0.415130063,0.398748737,0.358172848,0.407641537
2025/3/10 18:00,0.452354402,0.430330405,0.400675108,0.373318398,0.425793823
2025/3/10 19:00,0.451110759,0.422405973,0.400384917,0.367248361,0.42211514
2025/3/10 20:00,0.452143585,0.424556005,0.401445027,0.370048595,0.423331087
2025/3/10 21:00,0.451950011,0.42787916,0.402251787,0.372921222,0.424463055
2025/3/10 22:00,0.45311016,0.433491531,0.405229468,0.374737969,0.427174976
2025/3/10 23:00,0.455131305,0.456118638,0.407067622,0.391689428,0.437162403
2025/3/11 0:00,0.453525281,0.461729959,0.428029016,0.393374721,0.446966395
2025/3/11 1:00,0.453277092,0.493047514,0.450258175,0.420919709,0.465971667
2025/3/11 2:00,0.453430079,0.515441618,0.452175538,0.4446948,0.476831159
2025/3/11 3:00,0.453385941,0.545873931,0.441528476,0.464181556,0.488888972
2025/3/11 4:00,0.453515592,0.557411218,0.432289384,0.472936686,0.492394691
2025/3/11 5:00,0.453301366,0.562437448,0.405408107,0.477275208,0.485559127
2025/3/11 6:00,0.449329195,0.567412367,0.384983538,0.481897403,0.475673601
2025/3/11 7:00,0.412511482,0.548708745,0.398348143,0.459989386,0.459974265
2025/3/11 8:00,0.331153178,0.505284073,0.410201153,0.411636918,0.419707976
2025/3/11 9:00,0.254807197,0.437143902,0.412006402,0.352597971,0.366434588
2025/3/11 10:00,0.277939403,0.384446648,0.398776629,0.315183579,0.354152598
2025/3/11 11:00,0.236217114,0.364309443,0.407273202,0.308918921,0.330650595
2025/3/11 12:00,0.266439385,0.288786529,0.39214906,0.264606673,0.312081969
2025/3/11 13:00,0.234206042,0.296007669,0.394910311,0.259354193,0.304383814
2025/3/11 14:00,0.255500993,0.305585406,0.386396994,0.27072304,0.314599486
2025/3/11 15:00,0.27971462,0.339407338,0.399523387,0.298851457,0.339229406
2025/3/11 16:00,0.328109028,0.394268365,0.401080839,0.348551375,0.37479501
2025/3/11 17:00,0.409744048,0.478873923,0.408557386,0.427081357,0.432685321
2025/3/11 18:00,0.449755767,0.45527561,0.403996122,0.395170903,0.434325836
2025/3/11 19:00,0.449121093,0.439709855,0.403163083,0.376606802,0.428422551
2025/3/11 20:00,0.450437983,0.45098479,0.406501851,0.385213834,0.43394794
2025/3/11 21:00,0.451310175,0.474984938,0.406758986,0.400941366,0.442699513
2025/3/11 22:00,0.45279886,0.47553249,0.408621655,0.395479408,0.443564039
2025/3/11 23:00,0.452127008,0.459738806,0.406591012,0.378592736,0.438332602
2025/3/12 0:00,0.451515203,0.460645751,0.429876764,0.373371123,0.446644879
2025/3/12 1:00,0.451575521,0.48276541,0.452736536,0.384637673,0.46217339
2025/3/12 2:00,0.451941809,0.512398316,0.450197376,0.426640167,0.475285867
2025/3/12 3:00,0.451987244,0.536831767,0.442371836,0.444607027,0.483640138
2025/3/12 4:00,0.453187539,0.552102545,0.423222524,0.464602124,0.486158816
2025/3/12 5:00,0.453485795,0.548511783,0.39838179,0.463197875,0.477152544
2025/3/12 6:00,0.445361211,0.547637364,0.375172004,0.463535625,0.465779064
2025/3/12 7:00,0.374990728,0.511486037,0.392799116,0.426194836,0.431804613
2025/3/12 8:00,0.305261253,0.451943935,0.404532654,0.374546835,0.386908405
2025/3/12 9:00,0.257335535,0.368046862,0.403396388,0.305005874,0.338779322
2025/3/12 10:00,0.231822517,0.290886158,0.393355412,0.250336649,0.297756521
2025/3/12 11:00,0.220687945,0.274505702,0.396443019,0.237066083,0.289102797
2025/3/12 12:00,0.222210322,0.28344499,0.403481295,0.243561218,0.29434902
2025/3/12 13:00,0.230614149,0.302513019,0.398995135,0.262788461,0.304683041
2025/3/12 14:00,0.242534833,0.33022495,0.395723842,0.289156601,0.319673187
2025/3/12 15:00,0.27708595,0.391022295,0.416327174,0.337684637,0.360822216
2025/3/12 16:00,0.351672214,0.414250802,0.458263138,0.318852621,0.405205962
2025/3/12 17:00,0.411882276,0.510738443,0.468930157,0.371786758,0.463479875
2025/3/12 18:00,0.453992057,0.528182834,0.458139566,0.400032236,0.480737648
2025/3/12 19:00,0.454460661,0.545506524,0.459258789,0.479828277,0.49000746
2025/3/12 20:00,0.45456875,0.558522964,0.458924499,0.500971109,0.494881873
2025/3/12 21:00,0.454536915,0.56677251,0.455043023,0.50600582,0.496951093
2025/3/12 22:00,0.45357499,0.560883631,0.445616828,0.498019704,0.492190255
2025/3/12 23:00,0.456383954,0.554158011,0.43997779,0.48570791,0.489886756
2025/3/13 0:00,0.45377392,0.546072193,0.458732163,0.476447136,0.492252316
2025/3/13 1:00,0.45413481,0.567666164,0.47068784,0.489027223,0.506252605
2025/3/13 2:00,0.454668647,0.579142739,0.458447937,0.495479585,0.511558084
2025/3/13 3:00,0.454991914,0.562282842,0.449279976,0.483524464,0.503078766
2025/3/13 4:00,0.453869791,0.556568224,0.44443252,0.480763052,0.498531917
2025/3/13 5:00,0.453950971,0.561537739,0.429426257,0.484611273,0.495744621
2025/3/13 6:00,0.449083909,0.573853554,0.413878432,0.493224148,0.49333678
2025/3/13 7:00,0.438097826,0.548047407,0.441057426,0.483995813,0.486963858
2025/3/13 8:00,0.387426148,0.510874619,0.450838748,0.450831009,0.454921315
2025/3/13 9:00,0.32150035,0.457837384,0.450638174,0.398633773,0.410295073
2025/3/13 10:00,0.248115287,0.412807002,0.438136288,0.349117747,0.362743556
2025/3/13 11:00,0.233551602,0.443703258,0.458378133,0.37236656,0.365848464
2025/3/13 12:00,0.232885791,0.482293638,0.487053301,0.406536457,0.392477417
2025/3/13 13:00,0.260029543,0.510782375,0.504945149,0.439123262,0.424661691
2025/3/13 14:00,0.317190331,0.534246567,0.502589621,0.455908082,0.460613734
2025/3/13 15:00,0.302033384,0.536750338,0.503081347,0.44964184,0.447992777
2025/3/13 16:00,0.388896339,0.521182561,0.481892795,0.394141002,0.465960416
2025/3/13 17:00,0.420610831,0.52621258,0.44910825,0.388880997,0.466398653
2025/3/13 18:00,0.457292758,0.520127872,0.448226825,0.393058824,0.474792272
2025/3/13 19:00,0.457197595,0.527784744,0.449648983,0.395782861,0.477623982
2025/3/13 20:00,0.456711339,0.519732999,0.443512134,0.400671901,0.472161889
2025/3/13 21:00,0.456752978,0.509057185,0.441282883,0.432385507,0.468616037
2025/3/13 22:00,0.457040771,0.481866293,0.43645335,0.442258481,0.458153367
2025/3/13 23:00,0.457095882,0.455626415,0.430667956,0.419192767,0.447652976
2025/3/14 0:00,0.453658075,0.420416308,0.451485017,0.391855362,0.440958736
2025/3/14 1:00,0.450204543,0.436899363,0.477856338,0.403469559,0.451479161
2025/3/14 2:00,0.450575235,0.475713434,0.468914461,0.43167197,0.464199745
2025/3/14 3:00,0.454350553,0.503174223,0.461278215,0.451490488,0.475065753
2025/3/14 4:00,0.456803279,0.508286362,0.436609462,0.455112255,0.47139523
2025/3/14 5:00,0.45717654,0.473405159,0.411451298,0.431241236,0.450021832
2025/3/14 6:00,0.449637509,0.45217965,0.395540192,0.415902405,0.433934449
2025/3/14 7:00,0.388922444,0.462360114,0.395587664,0.412818096,0.417092081
2025/3/14 8:00,0.369468015,0.424253157,0.400841648,0.380566655,0.398436759
2025/3/14 9:00,0.259057864,0.372608464,0.384635844,0.323501558,0.332029529
2025/3/14 10:00,0.2746724,0.310562006,0.375381896,0.272518692,0.316992019
2025/3/14 11:00,0.259135885,0.308937376,0.395774804,0.276064476,0.315692388
2025/3/14 12:00,0.253757918,0.329463834,0.415022198,0.291967579,0.326188321
2025/3/14 13:00,0.28611599,0.350636861,0.414937851,0.313286035,0.346798408
2025/3/14 14:00,0.315549374,0.376333061,0.405237374,0.334146711,0.3650559
2025/3/14 15:00,0.257361049,0.346376922,0.407725641,0.302732452,0.33082748
2025/3/14 16:00,0.348121653,0.393429898,0.41148206,0.347166897,0.382677606
2025/3/14 17:00,0.410703928,0.407950781,0.421295066,0.37023001,0.412270158
2025/3/14 18:00,0.452348581,0.428534636,0.416261911,0.389772886,0.431402368
2025/3/14 19:00,0.452061533,0.436809357,0.407330783,0.391581488,0.431056453
2025/3/14 20:00,0.451205947,0.440756529,0.40585463,0.394931071,0.431074653
2025/3/14 21:00,0.450746356,0.419559568,0.396818014,0.378456526,0.419477478
2025/3/14 22:00,0.450890416,0.417792466,0.400188518,0.37515312,0.419506641
2025/3/14 23:00,0.451723084,0.437083033,0.409887314,0.388196235,0.43049245
2025/3/15 0:00,0.45259862,0.491771454,0.437749268,0.423718613,0.45953311
2025/3/15 1:00,0.453620408,0.537795124,0.459076501,0.453916805,0.485644242
2025/3/15 2:00,0.453833481,0.57641457,0.469317387,0.479215572,0.506845716
2025/3/15 3:00,0.454202472,0.586483436,0.46076686,0.484520853,0.509003024
2025/3/15 4:00,0.454155208,0.568612389,0.456247601,0.47394214,0.501064418
2025/3/15 5:00,0.453526477,0.542995159,0.466002101,0.458826594,0.494039716
2025/3/15 6:00,0.442139993,0.553365348,0.489375396,0.466743414,0.500153031
2025/3/15 7:00,0.388113831,0.539150394,0.502004527,0.455023421,0.477834207
2025/3/15 8:00,0.342075431,0.489162144,0.50046588,0.420089765,0.440242807
2025/3/15 9:00,0.290166326,0.441788334,0.492283841,0.368928856,0.402151046
2025/3/15 10:00,0.237842951,0.442772289,0.499975096,0.366102882,0.382933434
2025/3/15 11:00,0.218163338,0.449920417,0.509678617,0.370083845,0.377735268
2025/3/15 12:00,0.229019142,0.455574845,0.509010702,0.382613068,0.391447073
2025/3/15 13:00,0.26486511,0.484529316,0.521652457,0.408224143,0.425742179
2025/3/15 14:00,0.271055071,0.508065652,0.527015819,0.419666595,0.434290954
2025/3/15 15:00,0.364304388,0.484459734,0.549853988,0.413935522,0.473456582
2025/3/15 16:00,0.375028534,0.544947699,0.550163067,0.452812553,0.496033411
2025/3/15 17:00,0.431613752,0.500100829,0.480001406,0.420894456,0.471846574
2025/3/15 18:00,0.456273951,0.47371487,0.45416702,0.404836031,0.460245859
2025/3/15 19:00,0.457379797,0.447835386,0.44434929,0.383453423,0.447885201
2025/3/15 20:00,0.456196989,0.438659181,0.431616407,0.377887535,0.440004922
2025/3/15 21:00,0.453309701,0.413357111,0.418999771,0.38123519,0.42601764
2025/3/15 22:00,0.453335293,0.413031272,0.414593488,0.386824269,0.424123916
2025/3/15 23:00,0.453762515,0.407717301,0.416023243,0.382850159,0.423444018
2025/3/16 0:00,0.45512918,0.384095642,0.418486031,0.362307011,0.41806386
2025/3/16 1:00,0.458989505,0.36827251,0.421632061,0.348987826,0.414543477
2025/3/16 2:00,0.458804709,0.389146949,0.425925302,0.364512654,0.422449713
2025/3/16 3:00,0.45618761,0.400662888,0.431088083,0.371744131,0.427180058
2025/3/16 4:00,0.456032459,0.403695264,0.43285713,0.375500375,0.428701623
2025/3/16 5:00,0.456537214,0.40080768,0.430655703,0.374059115,0.426827379
2025/3/16 6:00,0.442308696,0.373831847,0.424934219,0.351301436,0.409857883
2025/3/16 7:00,0.368321091,0.355606634,0.418225388,0.313142929,0.378650019
2025/3/16 8:00,0.313121659,0.339776642,0.410855554,0.276774868,0.352064617
2025/3/16 9:00,0.262440132,0.331540611,0.408094002,0.258455831,0.328454594
2025/3/16 10:00,0.29594492,0.321355609,0.403701653,0.24026599,0.338287289
2025/3/16 11:00,0.232159299,0.256564387,0.373721197,0.189432852,0.282205383
2025/3/16 12:00,0.217157116,0.230456188,0.382572215,0.187276842,0.26814245
2025/3/16 13:00,0.207806019,0.227538859,0.3748531,0.202140377,0.26274382
2025/3/16 14:00,0.226018673,0.243284496,0.405453736,0.203257419,0.282925253
2025/3/16 15:00,0.269059795,0.28817392,0.459676437,0.230507818,0.330149667
2025/3/16 16:00,0.323015973,0.345202243,0.475025676,0.277661838,0.378594377
2025/3/16 17:00,0.418678167,0.380231357,0.478739397,0.313162068,0.426188055
2025/3/16 18:00,0.452954622,0.39286683,0.461644915,0.314218463,0.433726185
2025/3/16 19:00,0.453129371,0.394542479,0.446359376,0.314385637,0.428906082
2025/3/16 20:00,0.453766204,0.421729302,0.448422012,0.332555181,0.439304653
2025/3/16 21:00,0.439799888,0.425773652,0.446013845,0.348066401,0.436024566
2025/3/16 22:00,0.413754781,0.430508431,0.445248937,0.343555363,0.429579471
2025/3/16 23:00,0.39182065,0.42631764,0.439098383,0.327015101,0.419364765
2025/3/17 0:00,0.385497444,0.439291852,0.426093665,0.338889674,0.416564711
2025/3/17 1:00,0.386125307,0.451623403,0.428267865,0.359853857,0.421656795
2025/3/17 2:00,0.386226669,0.449989726,0.425752407,0.358680744,0.420681428
2025/3/17 3:00,0.386572932,0.447925458,0.419473854,0.357372661,0.418559592
2025/3/17 4:00,0.386596184,0.448630796,0.412513611,0.386328652,0.416811441
2025/3/17 5:00,0.38674857,0.449664529,0.394754227,0.39117965,0.409824082
2025/3/17 6:00,0.383593079,0.420551364,0.373947328,0.372004446,0.391076501
2025/3/17 7:00,0.372951115,0.407287036,0.372376642,0.363334489,0.383509963
2025/3/17 8:00,0.327476069,0.392106364,0.369058264,0.340798547,0.364969148
2025/3/17 9:00,0.32450086,0.360241059,0.362208329,0.312629744,0.350502162
2025/3/17 10:00,0.287708147,0.379581349,0.366353853,0.311398932,0.347029507
2025/3/17 11:00,0.261118709,0.398972528,0.385811763,0.320045429,0.354914385
2025/3/17 12:00,0.301717171,0.436764083,0.406079948,0.349489991,0.393427778
2025/3/17 13:00,0.339245431,0.471149647,0.407705781,0.375696376,0.413444259
2025/3/17 14:00,0.363340201,0.503478561,0.405918041,0.401808322,0.428258213
2025/3/17 15:00,0.372609583,0.523837996,0.416631911,0.413516666,0.438390248
2025/3/17 16:00,0.385225983,0.536210195,0.432661396,0.433943899,0.450079138
2025/3/17 17:00,0.381934906,0.538764959,0.441828996,0.432461986,0.451327903
2025/3/17 18:00,0.379445189,0.497769864,0.403772763,0.397422888,0.423580818
2025/3/17 19:00,0.380182069,0.497764053,0.405298318,0.395153729,0.423945416
2025/3/17 20:00,0.389847802,0.532122663,0.415239785,0.418127451,0.438957259
2025/3/17 21:00,0.389662369,0.54776959,0.423503311,0.428299303,0.446497544
2025/3/17 22:00,0.389491673,0.545749816,0.429117675,0.423829604,0.448108068
2025/3/17 23:00,0.389387511,0.543439084,0.423345229,0.404305739,0.443138711
2025/3/18 0:00,0.388914415,0.538933846,0.434177439,0.392749129,0.446652468
2025/3/18 1:00,0.38930355,0.535763799,0.451204073,0.396961532,0.456649361
2025/3/18 2:00,0.390370827,0.499444315,0.447143733,0.383202503,0.446659668
2025/3/18 3:00,0.389296677,0.490196905,0.440949409,0.376662577,0.441245132
2025/3/18 4:00,0.390878696,0.485112596,0.431905996,0.372108719,0.436704233
2025/3/18 5:00,0.390866696,0.521914128,0.423949536,0.398457157,0.444310152
2025/3/18 6:00,0.385162965,0.525136481,0.405396371,0.400408211,0.435498591
2025/3/18 7:00,0.385452893,0.541591624,0.407774021,0.3793911,0.440381903
2025/3/18 8:00,0.378027782,0.523262174,0.409323092,0.362091198,0.430476327
2025/3/18 9:00,0.365664023,0.539061832,0.417578404,0.375434162,0.434214779
2025/3/18 10:00,0.357537193,0.533535325,0.420917393,0.397859589,0.436614059
2025/3/18 11:00,0.36565987,0.475346861,0.419082163,0.36111125,0.425012024
2025/3/18 12:00,0.342153289,0.458819513,0.436969223,0.395385933,0.422440853
2025/3/18 13:00,0.288764044,0.43495474,0.464859419,0.381928314,0.409289962
2025/3/18 14:00,0.318756852,0.453286905,0.454757237,0.403324403,0.420154514
2025/3/18 15:00,0.350263322,0.467990254,0.427453804,0.4159454,0.419634102
2025/3/18 16:00,0.371560102,0.464056557,0.41321636,0.408258994,0.416891644
2025/3/18 17:00,0.385071091,0.45590823,0.42303116,0.376076389,0.420799522
2025/3/18 18:00,0.38858388,0.464980294,0.43641087,0.380287788,0.429768038
2025/3/18 19:00,0.388319493,0.459991782,0.438764246,0.376601667,0.429599899
2025/3/18 20:00,0.388781628,0.46909616,0.443190701,0.39265854,0.434148075
2025/3/18 21:00,0.389393124,0.473150361,0.414155437,0.397162692,0.423349619
2025/3/18 22:00,0.389890668,0.472136965,0.404052278,0.394355967,0.418699884
2025/3/18 23:00,0.387153536,0.48694075,0.402481789,0.391892343,0.420564865
2025/3/19 0:00,0.386742637,0.506291284,0.418834832,0.389846585,0.430945196
2025/3/19 1:00,0.386788987,0.531839604,0.443288305,0.401553115,0.447020443
2025/3/19 2:00,0.386613043,0.526222394,0.436136612,0.397868815,0.444861513
2025/3/19 3:00,0.387201849,0.499063954,0.431370914,0.379239931,0.437853438
2025/3/19 4:00,0.389280383,0.479816271,0.426091558,0.361676292,0.431033627
2025/3/19 5:00,0.391030009,0.468276233,0.407992618,0.359130324,0.420623106
2025/3/19 6:00,0.383478288,0.438557305,0.377148542,0.345348295,0.397043667
2025/3/19 7:00,0.363415735,0.406807856,0.369105494,0.325045062,0.377866472
2025/3/19 8:00,0.332990264,0.343777531,0.360640685,0.276763946,0.345834576
2025/3/19 9:00,0.324529705,0.298709028,0.358776323,0.245469205,0.327384275
2025/3/19 10:00,0.250405692,0.283366462,0.353763875,0.242044776,0.298725951
2025/3/19 11:00,0.217542422,0.258711527,0.381143727,0.225241618,0.28666267
2025/3/19 12:00,0.240327116,0.251133529,0.427479127,0.223143863,0.306471826
2025/3/19 13:00,0.248811386,0.250572894,0.416211007,0.22070725,0.306541798
2025/3/19 14:00,0.270881265,0.251318668,0.384409787,0.218378663,0.302521028
2025/3/19 15:00,0.285103376,0.266710274,0.343987094,0.231985562,0.299035433
2025/3/19 16:00,0.289486687,0.29640895,0.352787301,0.256576749,0.314003482
2025/3/19 17:00,0.361013175,0.336356028,0.377214829,0.293154855,0.357210425
2025/3/19 18:00,0.388844298,0.345170189,0.402929283,0.291800651,0.377396288
2025/3/19 19:00,0.386897775,0.360605938,0.389590038,0.289156106,0.377042806
2025/3/19 20:00,0.38939135,0.391115382,0.389698985,0.312199266,0.388035796
2025/3/19 21:00,0.389059392,0.39353833,0.388958427,0.314501078,0.388368344
2025/3/19 22:00,0.389776914,0.417268278,0.395791521,0.326448294,0.398402912
2025/3/19 23:00,0.393859044,0.451393523,0.398724206,0.3661559,0.41121569
2025/3/20 0:00,0.397298494,0.479138073,0.417310988,0.386315618,0.42715817
2025/3/20 1:00,0.399488114,0.48025956,0.43350818,0.385639686,0.43548617
2025/3/20 2:00,0.410013278,0.445000739,0.438724694,0.386267534,0.430074193
2025/3/20 3:00,0.411190425,0.405838148,0.446327158,0.361061755,0.418322128
2025/3/20 4:00,0.410495162,0.399547133,0.44511386,0.357105166,0.41514098
2025/3/20 5:00,0.409723476,0.403557795,0.427103217,0.359365654,0.411668736
2025/3/20 6:00,0.400181937,0.37554279,0.404814632,0.340825808,0.391908539
2025/3/20 7:00,0.328547681,0.329151457,0.399699838,0.296402809,0.349713921
2025/3/20 8:00,0.287271757,0.279157427,0.376542454,0.251337459,0.312269882
2025/3/20 9:00,0.266995198,0.246816318,0.360695815,0.221530133,0.289813485
2025/3/20 10:00,0.212438587,0.239600921,0.35518035,0.210419251,0.267452443
2025/3/20 11:00,0.239684541,0.231802467,0.35190718,0.209037706,0.272596346
2025/3/20 12:00,0.211618361,0.222956626,0.354539334,0.201115435,0.258387393
2025/3/20 13:00,0.227170227,0.229188613,0.392353359,0.207850924,0.277275434
2025/3/20 14:00,0.279235555,0.245436375,0.405806732,0.220293596,0.305600252
2025/3/20 15:00,0.272743795,0.252735851,0.420567248,0.224271941,0.311197133
2025/3/20 16:00,0.327458542,0.286845844,0.40413067,0.260537174,0.337958368
2025/3/20 17:00,0.405026549,0.310820316,0.372373599,0.287901501,0.359542229
2025/3/20 18:00,0.453324881,0.308700583,0.385550569,0.267461079,0.377161044
2025/3/20 19:00,0.452130935,0.332445977,0.403317926,0.285177815,0.392107978
2025/3/20 20:00,0.454741593,0.359172964,0.395397578,0.303619695,0.399510326
2025/3/20 21:00,0.453303234,0.371504108,0.397345568,0.312266846,0.404481787
2025/3/20 22:00,0.455079979,0.381098206,0.397504452,0.313435702,0.407805865
2025/3/20 23:00,0.455898148,0.399676509,0.401724158,0.321839717,0.416579516
2025/3/21 0:00,0.455681411,0.412612593,0.423791933,0.344967691,0.428878836
2025/3/21 1:00,0.441067865,0.436365758,0.445092721,0.400501006,0.439769097
2025/3/21 2:00,0.4175543,0.49137953,0.447383399,0.432690562,0.452542629
2025/3/21 3:00,0.407411603,0.490861053,0.446859415,0.429639583,0.449800051
2025/3/21 4:00,0.401086828,0.481852808,0.442270026,0.422608128,0.443833588
2025/3/21 5:00,0.400464132,0.479544135,0.426599973,0.423657618,0.438229966
2025/3/21 6:00,0.381030828,0.448065877,0.40564434,0.399434935,0.414164357
2025/3/21 7:00,0.289453911,0.388483321,0.398753159,0.338410729,0.361872227
2025/3/21 8:00,0.225634532,0.312971158,0.375915102,0.271707287,0.305228719
2025/3/21 9:00,0.187145147,0.268592524,0.355827482,0.22316848,0.269740084
2025/3/21 10:00,0.163773724,0.245496884,0.344760931,0.194007217,0.249875715
2025/3/21 11:00,0.156336522,0.248405409,0.350588903,0.191393948,0.249149273
2025/3/21 12:00,0.150323781,0.253810013,0.361608342,0.1850086,0.250812142
2025/3/21 13:00,0.160439032,0.267706032,0.362429806,0.203956317,0.259709249
2025/3/21 14:00,0.171268498,0.290004712,0.367654248,0.231547001,0.27290317
2025/3/21 15:00,0.200928285,0.325312385,0.38746605,0.256325771,0.302825908
2025/3/21 16:00,0.259415659,0.371338012,0.454926068,0.276570006,0.362371497
2025/3/21 17:00,0.35001989,0.414836528,0.445290963,0.339848812,0.404970141
2025/3/21 18:00,0.402368481,0.426049357,0.45187141,0.336950847,0.425877245
2025/3/21 19:00,0.403990546,0.431234679,0.449547108,0.311986235,0.426572696
2025/3/21 20:00,0.409222384,0.437852724,0.406887392,0.317079433,0.41545299
2025/3/21 21:00,0.411259733,0.44558354,0.408188554,0.323973522,0.419223973
2025/3/21 22:00,0.413089271,0.446958239,0.410192784,0.321340623,0.421069179
2025/3/21 23:00,0.423397796,0.445611378,0.419398215,0.317824733,0.42657543
2025/3/22 0:00,0.431002403,0.445669867,0.435011802,0.37632075,0.435943679
2025/3/22 1:00,0.450457305,0.467650608,0.45471195,0.396994,0.456404938
2025/3/22 2:00,0.458949389,0.499218233,0.462229748,0.417335522,0.472784481
2025/3/22 3:00,0.45804531,0.522570415,0.460753403,0.43174893,0.480839366
2025/3/22 4:00,0.459482813,0.504792942,0.460430776,0.420988948,0.474668465
2025/3/22 5:00,0.457965102,0.519114707,0.459118868,0.432991973,0.479077054
2025/3/22 6:00,0.437508822,0.488208206,0.458926125,0.410166084,0.461413539
2025/3/22 7:00,0.346096028,0.407576076,0.458216623,0.326344097,0.399588088
2025/3/22 8:00,0.269468614,0.340706889,0.448212198,0.259202658,0.341825928
2025/3/22 9:00,0.229690066,0.2975454,0.433027232,0.218056037,0.305650028
2025/3/22 10:00,0.203083176,0.272765042,0.435114431,0.204450352,0.285686561
2025/3/22 11:00,0.19213094,0.261954539,0.449348364,0.198735128,0.281194242
2025/3/22 12:00,0.185613157,0.257017742,0.514920164,0.18756137,0.292488316
2025/3/22 13:00,0.189906911,0.264715262,0.511135128,0.203233759,0.297947885
2025/3/22 14:00,0.206901653,0.278785437,0.506893663,0.233587308,0.311784071
2025/3/22 15:00,0.244434969,0.305487073,0.483351306,0.271283118,0.331992818
2025/3/22 16:00,0.3055062,0.361626415,0.442457918,0.322630005,0.366170453
2025/3/22 17:00,0.401013676,0.407748512,0.457403287,0.370558996,0.419070973
2025/3/22 18:00,0.452349733,0.41746147,0.456566099,0.353531896,0.438474347
2025/3/22 19:00,0.453684534,0.438263765,0.46084898,0.345437486,0.447587486
2025/3/22 20:00,0.453841371,0.45228565,0.460637332,0.358395092,0.452683972
2025/3/22 21:00,0.453540269,0.453346184,0.457954509,0.36105858,0.452143101
2025/3/22 22:00,0.454443964,0.466678904,0.463548723,0.365665142,0.459101527
2025/3/22 23:00,0.454327156,0.46699693,0.464968759,0.356659332,0.45933555
2025/3/23 0:00,0.454239284,0.479275569,0.467918948,0.370701629,0.464762685
2025/3/23 1:00,0.454504772,0.505915036,0.468272987,0.379893638,0.473436775
2025/3/23 2:00,0.456177242,0.526929511,0.465162417,0.38796328,0.479891289
2025/3/23 3:00,0.455375638,0.53319973,0.464678655,0.391456695,0.482346206
2025/3/23 4:00,0.455131285,0.541730413,0.468256679,0.39605123,0.485929008
2025/3/23 5:00,0.455919879,0.537461619,0.46864542,0.397631457,0.484877371
2025/3/23 6:00,0.434740298,0.487856303,0.465150479,0.390088071,0.461362247
2025/3/23 7:00,0.344141051,0.406406867,0.454769179,0.337983853,0.398885667
2025/3/23 8:00,0.271130922,0.339670833,0.443180028,0.28658642,0.34358646
2025/3/23 9:00,0.218441331,0.298877392,0.430405188,0.243507703,0.304724855
2025/3/23 10:00,0.193304659,0.266273285,0.411268215,0.216950761,0.279222297
2025/3/23 11:00,0.182388947,0.256062589,0.402854255,0.204057561,0.269071026
2025/3/23 12:00,0.180381326,0.25219422,0.413314288,0.20041412,0.269848249
2025/3/23 13:00,0.187337782,0.261810163,0.420398558,0.211167091,0.279216052
2025/3/23 14:00,0.206806488,0.292848767,0.426778296,0.242802064,0.303235024
2025/3/23 15:00,0.243325263,0.33015105,0.43589622,0.291843309,0.338305172
2025/3/23 16:00,0.309905395,0.401781213,0.455046221,0.364715784,0.394117071
2025/3/23 17:00,0.405693021,0.459639707,0.466224929,0.425820744,0.447525769
2025/3/23 18:00,0.452269303,0.446821668,0.459132259,0.412790963,0.451796801
2025/3/23 19:00,0.454111737,0.443195468,0.458346713,0.392788669,0.450214333
2025/3/23 20:00,0.455046758,0.436377697,0.45558502,0.386892184,0.446860824
2025/3/23 21:00,0.456478652,0.442669347,0.45859054,0.403956325,0.450781841
2025/3/23 22:00,0.457655744,0.454555604,0.461854845,0.411199022,0.456686379
2025/3/23 23:00,0.45809637,0.458084253,0.464494479,0.41299278,0.458922544
2025/3/24 0:00,0.458207787,0.452394692,0.464892497,0.408383546,0.456594014
2025/3/24 1:00,0.457863591,0.470787479,0.462737712,0.419573849,0.463447351
2025/3/24 2:00,0.457546922,0.487239549,0.451983447,0.429859627,0.467548206
2025/3/24 3:00,0.460139256,0.488138779,0.441784571,0.429201033,0.466761263
2025/3/24 4:00,0.460213774,0.48596675,0.43509522,0.427999297,0.464620766
2025/3/24 5:00,0.459250281,0.485585778,0.4216609,0.428617099,0.460496485
2025/3/24 6:00,0.437251544,0.462117697,0.398837799,0.408803362,0.436727725
2025/3/24 7:00,0.347930127,0.399400229,0.40276745,0.350894168,0.384810502
2025/3/24 8:00,0.277754411,0.333449083,0.39191119,0.287362539,0.334358128
2025/3/24 9:00,0.2352306,0.290355922,0.372463752,0.243419226,0.298874175
2025/3/24 10:00,0.205855599,0.263852473,0.363912145,0.220018649,0.277507087
2025/3/24 11:00,0.194629384,0.255560846,0.365548529,0.214850182,0.270914443
2025/3/24 12:00,0.193238494,0.267103029,0.38078484,0.213397104,0.278388528
2025/3/24 13:00,0.207606991,0.291485549,0.386131292,0.199976104,0.292727665
2025/3/24 14:00,0.229256765,0.323197847,0.384467041,0.26154219,0.312464851
2025/3/24 15:00,0.262728486,0.348398869,0.392219777,0.305100324,0.338016851
2025/3/24 16:00,0.320170814,0.393857287,0.403093563,0.355461916,0.376755459
2025/3/24 17:00,0.407932829,0.456065627,0.411914991,0.407694411,0.426507334
2025/3/24 18:00,0.453128788,0.485154117,0.416632126,0.416239743,0.451499959
2025/3/24 19:00,0.455326876,0.500376668,0.416732957,0.405254921,0.457271093
2025/3/24 20:00,0.457141666,0.486207045,0.413760959,0.390586878,0.451528261
2025/3/24 21:00,0.458458451,0.473937168,0.412328332,0.379209708,0.447110086
2025/3/24 22:00,0.458684143,0.466845477,0.408383895,0.387311341,0.444216268
2025/3/24 23:00,0.460172802,0.458159173,0.414013108,0.387871795,0.443016812
2025/3/25 0:00,0.458749989,0.447931823,0.439168331,0.379246164,0.44739304
2025/3/25 1:00,0.458146025,0.440361435,0.471890269,0.372545513,0.453773572
2025/3/25 2:00,0.457871505,0.459334753,0.479523769,0.384898607,0.462287267
2025/3/25 3:00,0.45733789,0.46558968,0.476810695,0.390894504,0.463789808
2025/3/25 4:00,0.458944324,0.463243499,0.464841274,0.388383902,0.460442369
2025/3/25 5:00,0.459032658,0.464382486,0.432583089,0.390909193,0.452117471
2025/3/25 6:00,0.438344721,0.435950046,0.403633138,0.368663819,0.425641063
2025/3/25 7:00,0.350619312,0.384508175,0.400777041,0.316688936,0.37735741
2025/3/25 8:00,0.279645893,0.326246813,0.387958053,0.28420959,0.330935221
2025/3/25 9:00,0.242269425,0.28605889,0.367366131,0.250430745,0.30003784
2025/3/25 10:00,0.218242889,0.265314741,0.35733205,0.232101027,0.28233768
2025/3/25 11:00,0.211329043,0.257936273,0.362052561,0.226224271,0.278021605
2025/3/25 12:00,0.204834204,0.264975701,0.371859021,0.224617191,0.281688645
2025/3/25 13:00,0.213099863,0.276876494,0.378749346,0.238413897,0.288027073
2025/3/25 14:00,0.227651595,0.292610155,0.372833346,0.258726272,0.299568619
2025/3/25 15:00,0.25814024,0.321355318,0.382762913,0.291561435,0.322768374
2025/3/25 16:00,0.31570673,0.378267796,0.392609711,0.344583614,0.36525406
2025/3/25 17:00,0.408753256,0.438037242,0.406519601,0.385226615,0.417543695
2025/3/25 18:00,0.449475148,0.447322295,0.41246826,0.371878964,0.434424038
2025/3/25 19:00,0.451870251,0.476521698,0.417329057,0.385437271,0.447068065
2025/3/25 20:00,0.456655035,0.465188764,0.413962727,0.378491131,0.443974592
2025/3/25 21:00,0.457330705,0.460370706,0.411212804,0.373018825,0.441716166
2025/3/25 22:00,0.459764285,0.464335306,0.410382429,0.386484424,0.443859657
2025/3/25 23:00,0.460267759,0.457050921,0.408804566,0.402222397,0.442461186
2025/3/26 0:00,0.459099788,0.420254568,0.438744519,0.376065544,0.437762573
2025/3/26 1:00,0.46019651,0.444055964,0.470846564,0.390041445,0.455547715
2025/3/26 2:00,0.460320205,0.46752743,0.478484165,0.407330417,0.466329099
2025/3/26 3:00,0.4598663,0.473525694,0.476715789,0.412634477,0.468141065
2025/3/26 4:00,0.459540109,0.476852324,0.46258936,0.41524527,0.465671654
2025/3/26 5:00,0.458048069,0.481335876,0.425837122,0.420219247,0.456559989
2025/3/26 6:00,0.442052401,0.458725701,0.398361196,0.402223646,0.434125799
2025/3/26 7:00,0.373440403,0.398329145,0.403268641,0.359159691,0.391063259
2025/3/26 8:00,0.28638203,0.332517808,0.392920519,0.291089565,0.333015927
2025/3/26 9:00,0.248314748,0.286926077,0.364900986,0.251021464,0.299132185
2025/3/26 10:00,0.220526301,0.274712135,0.359020362,0.235038855,0.284632461
2025/3/26 11:00,0.218681315,0.273270492,0.364695991,0.229655132,0.285001316
2025/3/26 12:00,0.212347376,0.277119241,0.372740495,0.235341093,0.286896675
2025/3/26 13:00,0.221375012,0.301124852,0.378982249,0.255164888,0.300569305
2025/3/26 14:00,0.232364007,0.328073569,0.380872929,0.282505955,0.318001304
2025/3/26 15:00,0.281663258,0.382445591,0.398540492,0.342816502,0.361110827
2025/3/26 16:00,0.342805337,0.430936532,0.408853737,0.390844551,0.398459419
2025/3/26 17:00,0.409531036,0.483101766,0.419822437,0.416932894,0.435905765
2025/3/26 18:00,0.45559711,0.477872415,0.413382389,0.399618838,0.444605062
2025/3/26 19:00,0.455280962,0.476501792,0.414890391,0.398172432,0.44480848
2025/3/26 20:00,0.457924684,0.469023785,0.414964934,0.393036816,0.443291824
2025/3/26 21:00,0.458633335,0.461032067,0.41195853,0.384891216,0.439930509
2025/3/26 22:00,0.458571026,0.455546195,0.41178751,0.377823043,0.437723236
2025/3/26 23:00,0.459159764,0.460197891,0.41048023,0.391865947,0.440036158
2025/3/27 0:00,0.456061535,0.473490636,0.431308209,0.410313204,0.451169597
2025/3/27 1:00,0.455205236,0.495694359,0.455987212,0.424445683,0.467291396
2025/3/27 2:00,0.455536637,0.516831815,0.463483259,0.441569126,0.478440003
2025/3/27 3:00,0.454695462,0.516974016,0.460289828,0.445373341,0.477705484
2025/3/27 4:00,0.455206005,0.518908316,0.448865167,0.447170925,0.475115862
2025/3/27 5:00,0.455812564,0.517320829,0.425584518,0.446799202,0.46649863
2025/3/27 6:00,0.432607775,0.499916586,0.404871831,0.42906032,0.444718296
2025/3/27 7:00,0.344997994,0.439055008,0.397505681,0.35696705,0.392375818
2025/3/27 8:00,0.276734987,0.37343706,0.38814742,0.293795882,0.34320393
2025/3/27 9:00,0.242176128,0.312060285,0.354157535,0.246552109,0.300776394
2025/3/27 10:00,0.218504448,0.270870845,0.341640075,0.229738767,0.276267029
2025/3/27 11:00,0.209199256,0.259240364,0.349611919,0.219723303,0.271679952
2025/3/27 12:00,0.205059857,0.263536027,0.358552522,0.22663992,0.275973264
2025/3/27 13:00,0.211558878,0.280555621,0.372504393,0.240468613,0.288504236
2025/3/27 14:00,0.22579768,0.295732488,0.367485667,0.261460204,0.298024547
2025/3/27 15:00,0.256475373,0.322689775,0.366837428,0.290572298,0.318625029
2025/3/27 16:00,0.317768277,0.355984965,0.37604244,0.314911973,0.351339351
2025/3/27 17:00,0.407656191,0.399366764,0.388715916,0.356411263,0.396856855
2025/3/27 18:00,0.458334465,0.433517072,0.399922237,0.394014289,0.426598409
2025/3/27 19:00,0.456580221,0.472934232,0.408425172,0.423334416,0.441485957
2025/3/27 20:00,0.45800312,0.499802306,0.411677655,0.44450596,0.450322115
2025/3/27 21:00,0.456429703,0.516009766,0.412571747,0.448492868,0.454253995
2025/3/27 22:00,0.456912111,0.501218832,0.404575438,0.432746536,0.447110078
2025/3/27 23:00,0.45772551,0.481857593,0.401123042,0.417350021,0.441772053
2025/3/28 0:00,0.455955556,0.466248722,0.41436,0.405726078,0.442897388
2025/3/28 1:00,0.456291229,0.452511763,0.441953601,0.396266599,0.449214288
2025/3/28 2:00,0.453703497,0.470816065,0.450024424,0.410582713,0.457074116
2025/3/28 3:00,0.452788329,0.489617843,0.437458411,0.391336445,0.459678022
2025/3/28 4:00,0.452245176,0.499547248,0.421908172,0.396473778,0.459051205
2025/3/28 5:00,0.454012561,0.507523564,0.397856293,0.403880729,0.453776404
2025/3/28 6:00,0.434505114,0.479806292,0.385012567,0.38106828,0.431802857
2025/3/28 7:00,0.34704485,0.39953303,0.385054797,0.326791447,0.376380616
2025/3/28 8:00,0.280216644,0.32275836,0.370579862,0.280786794,0.324817335
2025/3/28 9:00,0.245592861,0.262604785,0.347942294,0.238203747,0.286581725
2025/3/28 10:00,0.276912305,0.2402998,0.329305986,0.229012479,0.28343191
2025/3/28 11:00,0.255639866,0.232744597,0.334231669,0.220596519,0.277042683
2025/3/28 12:00,0.297902554,0.262749811,0.352732267,0.253946014,0.304652133
2025/3/28 13:00,0.229591618,0.271407442,0.35925662,0.253417794,0.292647361
2025/3/28 14:00,0.230118517,0.296613226,0.367438747,0.273670722,0.305208317
2025/3/28 15:00,0.258743328,0.334319212,0.378654174,0.309238166,0.330789381
2025/3/28 16:00,0.317246689,0.355232594,0.374079513,0.328313772,0.351684845
2025/3/28 17:00,0.408904892,0.380228117,0.380704212,0.357563558,0.387642131
2025/3/28 18:00,0.453821936,0.36328287,0.382978504,0.349963125,0.395458978
2025/3/28 19:00,0.455346099,0.348025788,0.369435835,0.337669015,0.385587714
2025/3/28 20:00,0.453510233,0.355455102,0.369535609,0.345167183,0.387502116
2025/3/28 21:00,0.453504551,0.349762219,0.366698699,0.330357458,0.384369036
2025/3/28 22:00,0.452960748,0.32524689,0.365166759,0.308741166,0.378943476
2025/3/28 23:00,0.457274045,0.317049029,0.370249238,0.29900579,0.381241955
2025/3/29 0:00,0.45568728,0.338341884,0.392721661,0.315155347,0.396152033
2025/3/29 1:00,0.458093596,0.351577358,0.414227178,0.322107119,0.408575305
2025/3/29 2:00,0.458421203,0.371519091,0.428006268,0.345887771,0.418860096
2025/3/29 3:00,0.455907296,0.3865209,0.429739716,0.360166717,0.422766382
2025/3/29 4:00,0.456627049,0.383951873,0.429034485,0.359040415,0.421924095
2025/3/29 5:00,0.456737876,0.378003134,0.423268356,0.353694493,0.418616855
2025/3/29 6:00,0.443834133,0.34188685,0.410151124,0.328405734,0.397388327
2025/3/29 7:00,0.414027018,0.332332268,0.403650557,0.31786372,0.381306666
2025/3/29 8:00,0.334223592,0.327854903,0.399126219,0.296237188,0.354626651
2025/3/29 9:00,0.24579995,0.317154606,0.394663352,0.274271102,0.323022759
2025/3/29 10:00,0.200038034,0.289957901,0.391329809,0.252807385,0.298390046
2025/3/29 11:00,0.224083002,0.270051096,0.375256009,0.236862766,0.295350178
2025/3/29 12:00,0.298877491,0.303452362,0.384239202,0.275180343,0.335439322
2025/3/29 13:00,0.297022788,0.297132377,0.403913553,0.270762301,0.339841905
2025/3/29 14:00,0.285009564,0.324890042,0.446973708,0.292186322,0.365287377
2025/3/29 15:00,0.264777554,0.322438814,0.424949711,0.288139409,0.345119982
2025/3/29 16:00,0.351665161,0.316277786,0.4302197,0.29340593,0.370690528
2025/3/29 17:00,0.430680157,0.299507674,0.430226663,0.280251786,0.388504791
2025/3/29 18:00,0.454174468,0.296151074,0.428510435,0.277728696,0.392592997
2025/3/29 19:00,0.453639851,0.300663161,0.416893724,0.281713084,0.389409967
2025/3/29 20:00,0.454310285,0.331492915,0.392910922,0.303213893,0.391004495
2025/3/29 21:00,0.455065828,0.340384263,0.393493932,0.309236082,0.394203451
2025/3/29 22:00,0.45629609,0.338695233,0.395059669,0.303175558,0.395561815
2025/3/29 23:00,0.455669693,0.342388061,0.400899934,0.311547048,0.400974291
2025/3/30 0:00,0.457226504,0.344322465,0.409475962,0.320805491,0.407008412
2025/3/30 1:00,0.457510452,0.354959331,0.421946518,0.337217055,0.413891422
2025/3/30 2:00,0.457161354,0.365980253,0.432520466,0.344712141,0.419422966
2025/3/30 3:00,0.457205527,0.368232814,0.436437229,0.344757067,0.420925834
2025/3/30 4:00,0.456489105,0.380838192,0.442526782,0.354627589,0.426031949
2025/3/30 5:00,0.455750464,0.384614493,0.442126284,0.359100966,0.426602231
2025/3/30 6:00,0.439217246,0.351840518,0.436811322,0.33507107,0.406982318
2025/3/30 7:00,0.378423933,0.363866344,0.432846856,0.32926035,0.391744401
2025/3/30 8:00,0.341804844,0.381327601,0.430507071,0.342362691,0.386729467
2025/3/30 9:00,0.220783435,0.351642957,0.429253445,0.303509625,0.332794614
2025/3/30 10:00,0.216535532,0.297431505,0.406576212,0.262121561,0.310158848
2025/3/30 11:00,0.206647619,0.253971148,0.385574897,0.228605051,0.28578322
2025/3/30 12:00,0.240583219,0.283459456,0.450088862,0.258179977,0.332327115
2025/3/30 13:00,0.289428834,0.314671346,0.464148619,0.292598556,0.363152759
2025/3/30 14:00,0.311681727,0.330360292,0.464865545,0.307984449,0.373965612
2025/3/30 15:00,0.354759944,0.364888949,0.418345383,0.329618988,0.382138649
2025/3/30 16:00,0.413517733,0.372232214,0.415715539,0.339282841,0.400604467
2025/3/30 17:00,0.429721881,0.383266555,0.41939951,0.34815917,0.409767764
2025/3/30 18:00,0.451152043,0.383399495,0.420640456,0.354059364,0.415793559
2025/3/30 19:00,0.451949528,0.370433754,0.416923024,0.343113167,0.410661244
2025/3/30 20:00,0.45190096,0.386300654,0.421793079,0.35508574,0.418595666
2025/3/30 21:00,0.452443111,0.377851965,0.418955291,0.349739915,0.415093423
2025/3/30 22:00,0.453663797,0.360496415,0.41743728,0.336118602,0.410784761
2025/3/30 23:00,0.453265871,0.401697838,0.430835204,0.360928272,0.428418962
2025/3/31 0:00,0.454000683,0.439731879,0.441970999,0.379543886,0.44378263
2025/3/31 1:00,0.454718185,0.454845476,0.445443754,0.385564754,0.449673913
2025/3/31 2:00,0.45512529,0.478934473,0.453031479,0.404759998,0.459961386
2025/3/31 3:00,0.455509496,0.469744182,0.449224733,0.402225108,0.456045058
2025/3/31 4:00,0.457060677,0.460517527,0.434661513,0.392600932,0.448084758
2025/3/31 5:00,0.457641913,0.452139679,0.413724797,0.38412798,0.436990296
2025/3/31 6:00,0.444076635,0.422253439,0.389406271,0.351495799,0.413674102
2025/3/31 7:00,0.416580382,0.401737632,0.385059688,0.286656844,0.397022005
2025/3/31 8:00,0.319655497,0.364237841,0.378425481,0.228378531,0.353202269
2025/3/31 9:00,0.315804545,0.346194542,0.373994752,0.213630806,0.345768306
2025/3/31 10:00,0.3899064,0.343771451,0.370885919,0.211503698,0.364969669
2025/3/31 11:00,0.381925033,0.38520469,0.397923902,0.215346746,0.387166081
2025/3/31 12:00,0.284136923,0.406411658,0.416510919,0.211471153,0.371338359
2025/3/31 13:00,0.292859863,0.423673111,0.459105563,0.259245392,0.39890853
2025/3/31 14:00,0.248720015,0.403671577,0.451770581,0.254525078,0.370427995
2025/3/31 15:00,0.314529992,0.426440408,0.454870499,0.270644132,0.403047621
2025/3/31 16:00,0.391224521,0.41760983,0.434166355,0.280210911,0.414922129
2025/3/31 17:00,0.442560805,0.375542179,0.377713436,0.247063411,0.39163661
2025/3/31 18:00,0.45593696,0.350897099,0.372456106,0.25505983,0.38539006
2025/3/31 19:00,0.457555927,0.345373488,0.370975598,0.267174146,0.383421841
2025/3/31 20:00,0.458236834,0.378654528,0.380734688,0.309161873,0.398963237
2025/3/31 21:00,0.455670503,0.378415622,0.381909639,0.308591156,0.397555662
2025/3/31 22:00,0.456279088,0.37609278,0.380214617,0.303940666,0.397442237
2025/3/31 23:00,0.458279307,0.369269447,0.382035617,0.273137277,0.398032956
2025/4/1 0:00,0.456215719,0.371330801,0.398081436,0.255151528,0.404696646
2025/4/1 1:00,0.457657007,0.38232598,0.419901997,0.255159799,0.416681109
2025/4/1 2:00,0.458219811,0.403285782,0.431088618,0.2646483,0.426648731
2025/4/1 3:00,0.456888546,0.427611934,0.433373644,0.285457182,0.434935002
2025/4/1 4:00,0.457388577,0.414723131,0.42441914,0.283855107,0.427223382
2025/4/1 5:00,0.457640939,0.417821804,0.408468013,0.291626338,0.422321486
2025/4/1 6:00,0.441703395,0.376140779,0.386190464,0.265866981,0.394800448
2025/4/1 7:00,0.373304229,0.350505818,0.380119714,0.237482546,0.365913589
2025/4/1 8:00,0.322707761,0.340033306,0.375135732,0.21905252,0.345912006
2025/4/1 9:00,0.261745808,0.298733651,0.359005291,0.190339124,0.308558261
2025/4/1 10:00,0.248611391,0.267674992,0.349210615,0.180944588,0.291197395
2025/4/1 11:00,0.216315728,0.267734174,0.357989953,0.180678642,0.282822733
2025/4/1 12:00,0.267051257,0.308641659,0.385313186,0.216984709,0.324321405
2025/4/1 13:00,0.277502779,0.341069755,0.436227352,0.22401073,0.358388565
2025/4/1 14:00,0.309519563,0.325812435,0.384455026,0.219113366,0.343073428
2025/4/1 15:00,0.320488003,0.319703833,0.365579353,0.226251613,0.335940026
2025/4/1 16:00,0.367099018,0.331741677,0.37076769,0.244110965,0.35513857
2025/4/1 17:00,0.415377212,0.374090974,0.389497906,0.269346207,0.390153564
2025/4/1 18:00,0.453026869,0.373774043,0.385408878,0.288547561,0.39904797
2025/4/1 19:00,0.453036701,0.356824994,0.384245593,0.26497506,0.393377299
2025/4/1 20:00,0.452846126,0.379565934,0.388517824,0.289260507,0.40266955
2025/4/1 21:00,0.452196001,0.377395624,0.384525302,0.288436931,0.399777848
2025/4/1 22:00,0.454210353,0.380225356,0.384462142,0.282953851,0.402270139
2025/4/1 23:00,0.456378973,0.397002181,0.392070155,0.294486798,0.410223182
2025/4/2 0:00,0.457320364,0.410545626,0.410702216,0.302056965,0.421817631
2025/4/2 1:00,0.457614639,0.41568884,0.431064488,0.300197162,0.431411859
2025/4/2 2:00,0.459269902,0.421284316,0.445281077,0.307656193,0.438759078
2025/4/2 3:00,0.460100668,0.441580667,0.452701311,0.317057888,0.448398194
2025/4/2 4:00,0.460164708,0.449446718,0.448387929,0.341531591,0.449657006
2025/4/2 5:00,0.45950356,0.470116164,0.422892038,0.3587909,0.445780304
2025/4/2 6:00,0.455498275,0.445260324,0.400649875,0.351898987,0.428115666
2025/4/2 7:00,0.436605379,0.404582382,0.393481032,0.344628107,0.407845125
2025/4/2 8:00,0.416199674,0.360053479,0.384938599,0.336517772,0.384556373
2025/4/2 9:00,0.400166594,0.337021184,0.378475576,0.320662566,0.369211929
2025/4/2 10:00,0.379236961,0.299327921,0.365989615,0.285276552,0.343265144
2025/4/2 11:00,0.338971866,0.296469224,0.368291859,0.269598065,0.332001423
2025/4/2 12:00,0.290498301,0.301369878,0.376629213,0.282482319,0.324267221
2025/4/2 13:00,0.277443578,0.290870423,0.374434889,0.269290244,0.315912067
2025/4/2 14:00,0.343424665,0.326422847,0.37957213,0.308692243,0.349567872
2025/4/2 15:00,0.378383599,0.324183518,0.382582983,0.304801576,0.35895144
2025/4/2 16:00,0.413231205,0.350220922,0.395457399,0.316549361,0.383620879
2025/4/2 17:00,0.437078137,0.374517469,0.413557427,0.333745278,0.406782752
2025/4/2 18:00,0.4554042,0.36658316,0.447796526,0.287669625,0.422394991
2025/4/2 19:00,0.454939142,0.360689275,0.451652613,0.277280069,0.42231807
2025/4/2 20:00,0.455917897,0.391787391,0.440525791,0.294657075,0.428930695
2025/4/2 21:00,0.452448805,0.40728766,0.399798208,0.318998047,0.415249026
2025/4/2 22:00,0.455442426,0.424958406,0.406261976,0.324509067,0.423765507
2025/4/2 23:00,0.455577964,0.456661121,0.418604893,0.335601655,0.437403072
2025/4/3 0:00,0.451904531,0.493087719,0.438910052,0.372028435,0.455847075
2025/4/3 1:00,0.451254631,0.521003753,0.455517492,0.387358389,0.47120317
2025/4/3 2:00,0.452101761,0.541845608,0.470451834,0.394565764,0.484013448
2025/4/3 3:00,0.452263251,0.561944304,0.470934201,0.404247783,0.491558254
2025/4/3 4:00,0.452511974,0.567723843,0.46245832,0.40709867,0.491098061
2025/4/3 5:00,0.453512476,0.597106435,0.458535423,0.395233984,0.498080972
2025/4/3 6:00,0.441426802,0.557199435,0.444827946,0.364535585,0.477398838
2025/4/3 7:00,0.393510983,0.463583765,0.440947644,0.320490699,0.43091933
2025/4/3 8:00,0.312784587,0.394874496,0.434966978,0.323251641,0.379216997
2025/4/3 9:00,0.290633855,0.350197904,0.425571179,0.305232533,0.351227763
2025/4/3 10:00,0.232503964,0.318301831,0.416035813,0.276655685,0.313279702
2025/4/3 11:00,0.2218513,0.299445031,0.413479894,0.257508031,0.300861905
2025/4/3 12:00,0.215560188,0.294266676,0.410286404,0.255771209,0.296384832
2025/4/3 13:00,0.241675667,0.304680766,0.409028955,0.270096002,0.312215214
2025/4/3 14:00,0.27928385,0.315281136,0.420412049,0.285348523,0.334509706
2025/4/3 15:00,0.322153148,0.340903228,0.419165039,0.305553422,0.357834445
2025/4/3 16:00,0.365019162,0.373726304,0.413248977,0.297502096,0.382060686
2025/4/3 17:00,0.405675367,0.396669425,0.42091729,0.305021756,0.405974097
2025/4/3 18:00,0.451910781,0.406320115,0.426401924,0.323632967,0.426686348
2025/4/3 19:00,0.452104826,0.445011711,0.428811676,0.348642961,0.439214831
2025/4/3 20:00,0.451279369,0.457601977,0.428858652,0.362832529,0.44292132
2025/4/3 21:00,0.450888598,0.433541781,0.426930472,0.335862177,0.43435192
2025/4/3 22:00,0.452008002,0.459688407,0.431822683,0.358471771,0.444645565
2025/4/3 23:00,0.455586649,0.461919236,0.440033792,0.346216561,0.44886195
2025/4/4 0:00,0.452240485,0.470122963,0.453034734,0.351342076,0.455335141
2025/4/4 1:00,0.453921685,0.489077252,0.467884621,0.359983689,0.467360352
2025/4/4 2:00,0.454112626,0.519391231,0.474264881,0.40720444,0.480425299
2025/4/4 3:00,0.453610732,0.540390443,0.476805406,0.425354196,0.488754606
2025/4/4 4:00,0.452979763,0.535968489,0.478087121,0.42301731,0.487992683
2025/4/4 5:00,0.451913755,0.535113773,0.480301943,0.425087205,0.487936305
2025/4/4 6:00,0.425908567,0.504475199,0.481115928,0.410405946,0.470809196
2025/4/4 7:00,0.345786335,0.434635897,0.477858641,0.347721659,0.420770812
2025/4/4 8:00,0.281002761,0.381274355,0.464865699,0.291472605,0.373126646
2025/4/4 9:00,0.238521273,0.34405098,0.449445535,0.254425799,0.341195613
2025/4/4 10:00,0.21371356,0.319228556,0.448367604,0.242326839,0.322887628
2025/4/4 11:00,0.20446468,0.306403144,0.454491566,0.242791737,0.31668051
2025/4/4 12:00,0.237498061,0.330346428,0.472424561,0.269783143,0.344595611
2025/4/4 13:00,0.240833323,0.356222488,0.510119609,0.293834892,0.367553175
2025/4/4 14:00,0.243049236,0.378451115,0.498978825,0.324371057,0.375145723
2025/4/4 15:00,0.314655509,0.435810654,0.479205774,0.38442646,0.41649717
2025/4/4 16:00,0.357084083,0.518792159,0.487984213,0.449064843,0.459768053
2025/4/4 17:00,0.418197906,0.565938518,0.496247171,0.483260696,0.4949821
2025/4/4 18:00,0.451054338,0.575726659,0.525982115,0.440068336,0.517904396
2025/4/4 19:00,0.451676991,0.580217834,0.540755972,0.433104125,0.525373531
2025/4/4 20:00,0.452023264,0.565864834,0.51975237,0.426831182,0.513169491
2025/4/4 21:00,0.451836999,0.554275076,0.49446464,0.42002266,0.499721659
2025/4/4 22:00,0.45200408,0.542952552,0.491790844,0.414679995,0.495161982
2025/4/4 23:00,0.454523294,0.542028528,0.493268644,0.415624898,0.496325553
2025/4/5 0:00,0.454153517,0.526797594,0.490010916,0.401149175,0.490463989
2025/4/5 1:00,0.455900676,0.507552282,0.487150676,0.415688928,0.483442665
2025/4/5 2:00,0.457751697,0.510243615,0.492626343,0.442023939,0.487225035
2025/4/5 3:00,0.457519285,0.513165486,0.495819559,0.444655594,0.489086617
2025/4/5 4:00,0.458185212,0.500145555,0.486504572,0.435645177,0.481857118
2025/4/5 5:00,0.457861061,0.504971467,0.479915139,0.440671031,0.481016125
2025/4/5 6:00,0.451918262,0.492014159,0.472060563,0.435073756,0.472511008
2025/4/5 7:00,0.433911166,0.497198849,0.476789487,0.437188787,0.470549155
2025/4/5 8:00,0.405707659,0.485426048,0.475668852,0.425072984,0.45914018
2025/4/5 9:00,0.37372406,0.453387293,0.474137638,0.398963421,0.440003705
2025/4/5 10:00,0.273548039,0.393804839,0.47271101,0.348975572,0.387962951
2025/4/5 11:00,0.272793148,0.40476878,0.499142557,0.352684037,0.396794419
2025/4/5 12:00,0.234717308,0.416922714,0.535238905,0.358960771,0.396404451
2025/4/5 13:00,0.321773893,0.456273813,0.537905525,0.364067762,0.44697306
2025/4/5 14:00,0.358523725,0.493803053,0.545131286,0.402288002,0.478913693
2025/4/5 15:00,0.297035755,0.501254244,0.551562216,0.407144883,0.458992903
2025/4/5 16:00,0.347397324,0.533335375,0.520609227,0.433699999,0.474723411
2025/4/5 17:00,0.43188749,0.53276988,0.493873018,0.431808175,0.488437224
2025/4/5 18:00,0.455076978,0.5240131,0.489327552,0.422395772,0.489277171
2025/4/5 19:00,0.454632591,0.532976808,0.492780081,0.421653265,0.493627719
2025/4/5 20:00,0.454351482,0.565448802,0.503067982,0.439989906,0.506869638
2025/4/5 21:00,0.453802306,0.546241897,0.496684896,0.414589468,0.498137361
2025/4/5 22:00,0.455804901,0.511633611,0.49679604,0.388555166,0.48765732
2025/4/5 23:00,0.454270295,0.503546155,0.498399506,0.356574211,0.483885795
2025/4/6 0:00,0.453928446,0.500437546,0.497024378,0.345430609,0.481841123
2025/4/6 1:00,0.455331365,0.491592992,0.495256947,0.331205476,0.478446187
2025/4/6 2:00,0.456075135,0.496024306,0.496547189,0.327412048,0.480311631
2025/4/6 3:00,0.458751942,0.506420956,0.502844186,0.356615703,0.48783507
2025/4/6 4:00,0.458857308,0.515483613,0.500244106,0.37304765,0.490203475
2025/4/6 5:00,0.458400346,0.511764391,0.500161753,0.337116667,0.487894375
2025/4/6 6:00,0.438217368,0.478031115,0.495893561,0.325289096,0.469559805
2025/4/6 7:00,0.398182951,0.43420218,0.486682504,0.29973116,0.439271221
2025/4/6 8:00,0.370125176,0.414965349,0.479496757,0.284562371,0.421544531
2025/4/6 9:00,0.285015199,0.374931919,0.474063133,0.249783935,0.379274445
2025/4/6 10:00,0.233146541,0.334304825,0.485418013,0.229216053,0.351674341
2025/4/6 11:00,0.222259983,0.281339387,0.463376271,0.202878633,0.320707936
2025/4/6 12:00,0.196539294,0.261710703,0.460231547,0.187503692,0.303113291
2025/4/6 13:00,0.205355139,0.270185432,0.459844343,0.195969281,0.311618525
2025/4/6 14:00,0.224404344,0.279498913,0.469083704,0.217250478,0.321314352
2025/4/6 15:00,0.266613353,0.310521912,0.482588586,0.245479996,0.352658881
2025/4/6 16:00,0.341424329,0.346500651,0.462883384,0.27452461,0.386379823
2025/4/6 17:00,0.421592732,0.359214738,0.448306351,0.289005442,0.409019894
2025/4/6 18:00,0.451219731,0.392110419,0.461995797,0.26673809,0.432722803
2025/4/6 19:00,0.453248366,0.406128524,0.465190763,0.261503238,0.43912549
2025/4/6 20:00,0.452427123,0.434606141,0.47082054,0.276901948,0.450456895
2025/4/6 21:00,0.452295126,0.450555866,0.476132372,0.341583361,0.458983794
2025/4/6 22:00,0.45216099,0.474415743,0.482698288,0.383577033,0.46882966
2025/4/6 23:00,0.452527362,0.499148704,0.486025859,0.405176011,0.477459968
2025/4/7 0:00,0.451967588,0.550202471,0.494508406,0.457497451,0.497743605
2025/4/7 1:00,0.452442827,0.557459908,0.493384278,0.483478703,0.502062737
2025/4/7 2:00,0.45160776,0.557404298,0.485430314,0.485539993,0.500571192
2025/4/7 3:00,0.45172503,0.542134411,0.476632664,0.474886361,0.492184611
2025/4/7 4:00,0.45195235,0.542478749,0.470443681,0.475173935,0.490550985
2025/4/7 5:00,0.451491082,0.541944142,0.466458493,0.47615149,0.488578038
2025/4/7 6:00,0.434110952,0.512635391,0.450439029,0.453348161,0.467565971
2025/4/7 7:00,0.386520756,0.481187034,0.445028475,0.41931109,0.439652595
2025/4/7 8:00,0.302991253,0.392886606,0.428226301,0.339219853,0.376208539
2025/4/7 9:00,0.250165212,0.359110639,0.422574339,0.304745397,0.344811534
2025/4/7 10:00,0.238669617,0.31974663,0.408080296,0.268203214,0.324007909
2025/4/7 11:00,0.247096798,0.29949521,0.41113698,0.241103163,0.320551123
2025/4/7 12:00,0.289722686,0.326397999,0.422620233,0.261424863,0.348849227
2025/4/7 13:00,0.282598684,0.348204982,0.455412476,0.284125175,0.366535426
2025/4/7 14:00,0.299437496,0.385830703,0.472469534,0.323399346,0.394500969
2025/4/7 15:00,0.363982082,0.442917718,0.48337723,0.365371599,0.4376737
2025/4/7 16:00,0.404531919,0.497503902,0.482562,0.404420218,0.465001863
2025/4/7 17:00,0.447094255,0.534228054,0.474291264,0.339967561,0.482209211
2025/4/7 18:00,0.478549932,0.535238588,0.476569851,0.34522282,0.491808134
2025/4/7 19:00,0.47886219,0.524455137,0.445608366,0.342351778,0.475935549
2025/4/7 20:00,0.477703117,0.506667595,0.431359966,0.372547938,0.465559275
2025/4/7 21:00,0.476850068,0.513381375,0.433287872,0.423778376,0.469305594
2025/4/7 22:00,0.481115567,0.54230887,0.443894677,0.4414902,0.48253354
2025/4/7 23:00,0.481701608,0.561119494,0.444294904,0.442733035,0.488578233
2025/4/8 0:00,0.479595999,0.569915332,0.453026868,0.446782445,0.496393458
2025/4/8 1:00,0.481395034,0.588887307,0.468479425,0.45559496,0.511493918
2025/4/8 2:00,0.482035749,0.594084961,0.473796717,0.456918522,0.518153265
2025/4/8 3:00,0.484064314,0.599876561,0.471516261,0.457267365,0.52072123
2025/4/8 4:00,0.483357186,0.593953267,0.465593675,0.454555241,0.516089121
2025/4/8 5:00,0.482096764,0.58250381,0.446727102,0.453841978,0.503565546
2025/4/8 6:00,0.468603467,0.564397156,0.431806732,0.445892749,0.486475074
2025/4/8 7:00,0.389173525,0.529561642,0.433133462,0.392954393,0.45171726
2025/4/8 8:00,0.314537844,0.422379671,0.416655067,0.358453901,0.387465187
2025/4/8 9:00,0.278670436,0.373859502,0.406109983,0.3259204,0.356947779
2025/4/8 10:00,0.246159006,0.344196744,0.406288553,0.293964327,0.336411088
2025/4/8 11:00,0.23440365,0.328556192,0.411795385,0.258122526,0.327602082
2025/4/8 12:00,0.237303733,0.320979383,0.446763575,0.259524516,0.33742843
2025/4/8 13:00,0.250808006,0.325492717,0.444285271,0.275953994,0.344660366
2025/4/8 14:00,0.268926124,0.347114976,0.396448373,0.303731329,0.34070026
2025/4/8 15:00,0.311365305,0.412896524,0.415927619,0.350451994,0.382539066
2025/4/8 16:00,0.374850434,0.448761836,0.431624763,0.351288912,0.41904339
2025/4/8 17:00,0.454316068,0.51732841,0.478786149,0.411515744,0.482460797
2025/4/8 18:00,0.489895793,0.534259494,0.50011115,0.409015726,0.50550367
2025/4/8 19:00,0.491165784,0.556524053,0.50817998,0.419810408,0.516077706
2025/4/8 20:00,0.483101127,0.564088329,0.47581019,0.442504441,0.50355729
2025/4/8 21:00,0.4591445,0.572521478,0.455118783,0.448111001,0.49106425
2025/4/8 22:00,0.460936078,0.614227636,0.459223049,0.469454592,0.506403455
2025/4/8 23:00,0.46105538,0.634895397,0.45599708,0.475297104,0.510860052
2025/4/9 0:00,0.458083574,0.624326861,0.461030864,0.482136806,0.512028094
2025/4/9 1:00,0.455731834,0.630394198,0.466562981,0.48965104,0.519137438
2025/4/9 2:00,0.458360649,0.651720139,0.473460293,0.501200037,0.533005536
2025/4/9 3:00,0.456695681,0.643683559,0.466083842,0.501362613,0.531536379
2025/4/9 4:00,0.457246008,0.642979868,0.461155309,0.497554989,0.530059909
2025/4/9 5:00,0.456711407,0.627738509,0.441645638,0.490775456,0.515987249
2025/4/9 6:00,0.429606639,0.591484558,0.427249008,0.475130264,0.485970292
2025/4/9 7:00,0.376139875,0.539677761,0.431981037,0.438163149,0.452629269
2025/4/9 8:00,0.291318177,0.469716092,0.432863674,0.367720335,0.399597164
2025/4/9 9:00,0.252445811,0.416921114,0.423165841,0.331227065,0.366941216
2025/4/9 10:00,0.233798472,0.388825312,0.415519015,0.322686194,0.346838207
2025/4/9 11:00,0.223741927,0.387790415,0.421552894,0.324621076,0.344349517
2025/4/9 12:00,0.226497339,0.390234513,0.424499117,0.323639344,0.351143623
2025/4/9 13:00,0.264609022,0.410830375,0.436370929,0.355883945,0.378331312
2025/4/9 14:00,0.260904456,0.431306893,0.432278712,0.349335206,0.379271701
2025/4/9 15:00,0.296523734,0.475834915,0.44513251,0.381562115,0.409927207
2025/4/9 16:00,0.35216063,0.511188202,0.458514415,0.407723754,0.444002353
2025/4/9 17:00,0.418733158,0.543522622,0.477375382,0.414408649,0.480714321
2025/4/9 18:00,0.458666722,0.548741743,0.485706867,0.392681679,0.496127087
2025/4/9 19:00,0.461604037,0.569968567,0.505743542,0.402948719,0.51109395
2025/4/9 20:00,0.458535715,0.580930509,0.462395206,0.418616225,0.495744619
2025/4/9 21:00,0.45885884,0.583892144,0.453248661,0.435122792,0.494138555
2025/4/9 22:00,0.458449865,0.587536672,0.448418896,0.411277272,0.494002254
2025/4/9 23:00,0.455509247,0.596853481,0.433058639,0.414896339,0.490335521
2025/4/10 0:00,0.45460808,0.63416698,0.452856318,0.432175187,0.511658381
2025/4/10 1:00,0.454620626,0.646178578,0.47390382,0.443520529,0.527436003
2025/4/10 2:00,0.454916609,0.665739519,0.476343271,0.455668617,0.541105637
2025/4/10 3:00,0.454746151,0.650101199,0.472543644,0.493345252,0.53653583
2025/4/10 4:00,0.454791715,0.657560218,0.463858302,0.502584095,0.535160089
2025/4/10 5:00,0.455010964,0.650171406,0.446130806,0.501309306,0.524328351
2025/4/10 6:00,0.43125595,0.629662691,0.435064376,0.483272699,0.504323799
2025/4/10 7:00,0.374829997,0.596706752,0.443871868,0.4522303,0.475653238
2025/4/10 8:00,0.369141532,0.556642623,0.44616191,0.414968334,0.456127392
2025/4/10 9:00,0.372488259,0.477294188,0.422597217,0.339554886,0.424602374
2025/4/10 10:00,0.297673671,0.469437248,0.436530509,0.37022165,0.405166566
2025/4/10 11:00,0.335629288,0.429825992,0.438151714,0.321293453,0.406785741
2025/4/10 12:00,0.270967244,0.432640784,0.449682138,0.364266992,0.39478779
2025/4/10 13:00,0.265177653,0.442790148,0.455532905,0.368627664,0.397414292
2025/4/10 14:00,0.273790543,0.439295077,0.46811935,0.374036314,0.403381141
2025/4/10 15:00,0.290075604,0.461779732,0.490629813,0.399270945,0.423790328
2025/4/10 16:00,0.354361694,0.488508419,0.493854899,0.424906294,0.453589238
2025/4/10 17:00,0.402680022,0.52588754,0.502321143,0.368861813,0.480455696
2025/4/10 18:00,0.447353679,0.539427535,0.514266904,0.374610718,0.502213176
2025/4/10 19:00,0.454787422,0.552710103,0.523611526,0.383760094,0.51139441
2025/4/10 20:00,0.457814498,0.569016107,0.513759938,0.387459205,0.513376346
2025/4/10 21:00,0.458214432,0.57836813,0.509738438,0.404148347,0.515659885
2025/4/10 22:00,0.45951628,0.6038384,0.515888455,0.434121011,0.526935859
2025/4/10 23:00,0.460030269,0.630735543,0.513058184,0.482708545,0.534454045
2025/4/11 0:00,0.457063913,0.640524843,0.52571682,0.516412692,0.543075676
2025/4/11 1:00,0.456043667,0.6635372,0.542889699,0.55249485,0.561747468
2025/4/11 2:00,0.45588921,0.661687291,0.544668496,0.549661009,0.564725178
2025/4/11 3:00,0.457632499,0.660279587,0.543629966,0.548019777,0.564663886
2025/4/11 4:00,0.458778039,0.655195952,0.537117898,0.545467907,0.56089509
2025/4/11 5:00,0.458281124,0.6417111,0.511049674,0.538265036,0.546335328
2025/4/11 6:00,0.428263337,0.599196548,0.498411822,0.506650122,0.517032729
2025/4/11 7:00,0.348853218,0.503818364,0.495974355,0.429304367,0.456777406
2025/4/11 8:00,0.288505971,0.418482909,0.484258888,0.359534129,0.398643088
2025/4/11 9:00,0.259035968,0.362241288,0.472294616,0.306694811,0.361620081
2025/4/11 10:00,0.232639267,0.33446798,0.461738881,0.279796505,0.339898087
2025/4/11 11:00,0.221971469,0.326314289,0.463531307,0.275997881,0.334293079
2025/4/11 12:00,0.220813428,0.3399677,0.474604027,0.277218336,0.342130008
2025/4/11 13:00,0.23547991,0.365629024,0.474587637,0.273274601,0.35876355
2025/4/11 14:00,0.260121218,0.398639032,0.472085706,0.321485514,0.382179831
2025/4/11 15:00,0.329967024,0.459127359,0.485895537,0.354537948,0.43510253
2025/4/11 16:00,0.396994608,0.525112106,0.503033326,0.409324511,0.483693451
2025/4/11 17:00,0.436588047,0.555121397,0.513197931,0.44730628,0.507354231
2025/4/11 18:00,0.458827933,0.558913325,0.511157741,0.420704975,0.51250141
2025/4/11 19:00,0.458287531,0.561552148,0.497898303,0.417811627,0.508448159
2025/4/11 20:00,0.45625177,0.571204419,0.455452261,0.438385538,0.495198666
2025/4/11 21:00,0.455054539,0.570133915,0.451687527,0.471671863,0.494180369
2025/4/11 22:00,0.458186212,0.561826423,0.452896733,0.471461953,0.491304721
2025/4/11 23:00,0.459124282,0.550688946,0.449221984,0.451681209,0.483827768
2025/4/12 0:00,0.455789627,0.534510723,0.454794604,0.436691433,0.479823788
2025/4/12 1:00,0.458654195,0.544683741,0.476771385,0.442747359,0.492841794
2025/4/12 2:00,0.459102439,0.554368304,0.48401105,0.446380439,0.498729894
2025/4/12 3:00,0.459268739,0.563526288,0.485929451,0.452035534,0.502768817
2025/4/12 4:00,0.459704871,0.550957283,0.481328355,0.446280008,0.496776039
2025/4/12 5:00,0.460123408,0.537613809,0.472402468,0.443980153,0.488890158
2025/4/12 6:00,0.421929707,0.504906933,0.466683304,0.419446902,0.465750667
2025/4/12 7:00,0.402583165,0.467113999,0.460713917,0.386925021,0.446684592
2025/4/12 8:00,0.382640093,0.423857569,0.445293735,0.350164367,0.420097591
2025/4/12 9:00,0.270303936,0.392616097,0.44302624,0.302565381,0.37127928
2025/4/12 10:00,0.302245752,0.380496499,0.441168545,0.289227997,0.380793052
2025/4/12 11:00,0.278221993,0.4127414,0.453694728,0.270770801,0.386507715
2025/4/12 12:00,0.276980592,0.445277,0.477910296,0.358286207,0.411255387
2025/4/12 13:00,0.279646516,0.43930968,0.492234404,0.374759655,0.419253105
2025/4/12 14:00,0.314886347,0.45690034,0.47195784,0.408374697,0.42882969
2025/4/12 15:00,0.369380199,0.453061276,0.465171243,0.411288824,0.438870133
2025/4/12 16:00,0.401883637,0.490372427,0.485227104,0.443989816,0.466094067
2025/4/12 17:00,0.431456884,0.497006667,0.458253638,0.454441855,0.463566506
2025/4/12 18:00,0.45217468,0.464074596,0.441541596,0.432467661,0.450615104
2025/4/12 19:00,0.454178344,0.454832556,0.439984514,0.397759893,0.446737494
2025/4/12 20:00,0.453214644,0.457546045,0.442525278,0.378509841,0.447943676
2025/4/12 21:00,0.452132579,0.452323679,0.439568936,0.346468295,0.443938272
2025/4/12 22:00,0.452381095,0.455664386,0.441689013,0.336508223,0.445609077
2025/4/12 23:00,0.453671018,0.460490393,0.443116149,0.313385059,0.447922691
2025/4/13 0:00,0.453408478,0.432304943,0.445513163,0.295806052,0.440078756
2025/4/13 1:00,0.454806767,0.456341398,0.460412797,0.312826303,0.453989297
2025/4/13 2:00,0.454228161,0.474788179,0.472731285,0.367481831,0.465880362
2025/4/13 3:00,0.457216613,0.473800379,0.469670629,0.375830423,0.465603681
2025/4/13 4:00,0.459482019,0.4667179,0.473526961,0.324748876,0.464150505
2025/4/13 5:00,0.456324745,0.469153992,0.477079238,0.282683719,0.464505767
2025/4/13 6:00,0.443538121,0.425677762,0.457847085,0.265739191,0.438402419
2025/4/13 7:00,0.412435566,0.395629334,0.447558667,0.248088939,0.415661318
2025/4/13 8:00,0.327228944,0.364389078,0.433143921,0.223138551,0.375697428
2025/4/13 9:00,0.315976212,0.365992812,0.43185909,0.227261268,0.374499861
2025/4/13 10:00,0.350734386,0.346000913,0.415059605,0.222972708,0.371744492
2025/4/13 11:00,0.340902052,0.329473687,0.431800733,0.203606404,0.368861991
2025/4/13 12:00,0.338722731,0.308656901,0.454980721,0.204618547,0.365020691
2025/4/13 13:00,0.322749529,0.316332064,0.454901251,0.205052019,0.363805942
2025/4/13 14:00,0.377814144,0.349808308,0.468970585,0.248984478,0.397778038
2025/4/13 15:00,0.424001303,0.414708046,0.502454647,0.286146385,0.44705397
2025/4/13 16:00,0.434569378,0.451248792,0.50901076,0.289131189,0.464918856
2025/4/13 17:00,0.437359064,0.462277355,0.466799156,0.304496831,0.453412514
2025/4/13 18:00,0.453813912,0.494647564,0.474166879,0.334161087,0.47232226
2025/4/13 19:00,0.455164224,0.527353861,0.482490824,0.35835523,0.487635034
2025/4/13 20:00,0.45536287,0.542087967,0.483119855,0.365528823,0.4927779
2025/4/13 21:00,0.458336723,0.569798147,0.490967058,0.397843147,0.505950601
2025/4/13 22:00,0.447236073,0.580603181,0.491482655,0.401054441,0.507107146
2025/4/13 23:00,0.457209147,0.556980946,0.487440788,0.391964345,0.502040321
2025/4/14 0:00,0.455268982,0.567313499,0.483079871,0.393968138,0.504383223
2025/4/14 1:00,0.444701788,0.585864231,0.480021196,0.398586796,0.508876315
2025/4/14 2:00,0.459104189,0.567873802,0.478857018,0.390744284,0.506981658
2025/4/14 3:00,0.459132095,0.556140031,0.464507894,0.411543325,0.498313197
2025/4/14 4:00,0.458484715,0.541468703,0.444587136,0.403161311,0.48563646
2025/4/14 5:00,0.456711608,0.515865346,0.427233638,0.392394766,0.467641513
2025/4/14 6:00,0.412085414,0.471342057,0.410779115,0.355116183,0.432246658
2025/4/14 7:00,0.298782755,0.404954307,0.406810281,0.299879537,0.374617697
2025/4/14 8:00,0.231432447,0.345762673,0.392512087,0.26322752,0.326230742
2025/4/14 9:00,0.199971524,0.307952382,0.377807309,0.235744618,0.298700069
2025/4/14 10:00,0.181646121,0.281497127,0.370007843,0.208958402,0.283485984
2025/4/14 11:00,0.175183259,0.284219498,0.382622397,0.212495053,0.286624798
2025/4/14 12:00,0.188652511,0.28302861,0.410504789,0.214069372,0.299352564
2025/4/14 13:00,0.203812,0.300935396,0.41023389,0.233345482,0.310849408
2025/4/14 14:00,0.220981669,0.327506022,0.423482162,0.262949091,0.333128028
2025/4/14 15:00,0.252818777,0.367713414,0.450609772,0.298855529,0.367753394
2025/4/14 16:00,0.317954074,0.427824616,0.464564781,0.284815951,0.412555935
2025/4/14 17:00,0.395322614,0.476289876,0.440908469,0.307315132,0.438434772
2025/4/14 18:00,0.448466517,0.504182102,0.424839407,0.326683199,0.454213639
2025/4/14 19:00,0.452466836,0.51084773,0.42626181,0.331747587,0.458175615
2025/4/14 20:00,0.454691243,0.509086296,0.426538843,0.339536489,0.458323968
2025/4/14 21:00,0.456237361,0.525394776,0.429477171,0.390894731,0.466369823
2025/4/14 22:00,0.457731805,0.534055559,0.433065729,0.430228765,0.470826229
2025/4/14 23:00,0.45413592,0.518418145,0.423309332,0.417870347,0.461350877
2025/4/15 0:00,0.453114732,0.500243386,0.432815982,0.437600433,0.460796571
2025/4/15 1:00,0.451011845,0.516537789,0.45201623,0.458238611,0.474244986
2025/4/15 2:00,0.438619215,0.569748583,0.460286599,0.491084827,0.494568978
2025/4/15 3:00,0.445283267,0.609309137,0.460526752,0.522561619,0.514148922
2025/4/15 4:00,0.459803361,0.613353884,0.45659233,0.525211004,0.518289644
2025/4/15 5:00,0.458197643,0.591020545,0.434975955,0.513437145,0.500784751
2025/4/15 6:00,0.413170122,0.537066299,0.422479851,0.464800904,0.464034872
2025/4/15 7:00,0.319806258,0.440668784,0.41782861,0.381195291,0.400233321
2025/4/15 8:00,0.261096957,0.369155891,0.404775559,0.311556345,0.350917123
2025/4/15 9:00,0.228610117,0.31715991,0.38507026,0.264627716,0.316319627
2025/4/15 10:00,0.209724262,0.293764764,0.383112738,0.251035323,0.300877354
2025/4/15 11:00,0.20630097,0.286818912,0.393562373,0.239623819,0.299187848
2025/4/15 12:00,0.202507671,0.286513521,0.422247903,0.244279025,0.307119082
2025/4/15 13:00,0.21180532,0.305283745,0.413920027,0.2671308,0.314020293
2025/4/15 14:00,0.226148194,0.327113521,0.405705855,0.279653757,0.326002634
2025/4/15 15:00,0.256636208,0.352668596,0.444726135,0.300840081,0.359748227
2025/4/15 16:00,0.312388455,0.412947889,0.430753782,0.347666093,0.389533381
2025/4/15 17:00,0.397794032,0.488320724,0.459995347,0.412523771,0.452756812
2025/4/15 18:00,0.450716651,0.520099472,0.4292656,0.436268561,0.467474538
2025/4/15 19:00,0.453817213,0.51367312,0.422177798,0.426040314,0.462781711
2025/4/15 20:00,0.452932663,0.526688169,0.413653974,0.420269559,0.464357376
2025/4/15 21:00,0.45174437,0.512088977,0.41022144,0.417281453,0.457871437
2025/4/15 22:00,0.453586521,0.541972877,0.411325182,0.435550888,0.469703068
2025/4/15 23:00,0.458467161,0.586700137,0.39672324,0.449081566,0.483798079
2025/4/16 0:00,0.456703209,0.597352042,0.415742391,0.451263324,0.493848191
2025/4/16 1:00,0.455871805,0.609156168,0.422463919,0.456958891,0.504824246
2025/4/16 2:00,0.456530392,0.611305463,0.425087614,0.468657565,0.509156513
2025/4/16 3:00,0.456245349,0.588378472,0.42475687,0.443933565,0.499416158
2025/4/16 4:00,0.457845654,0.58665696,0.413374524,0.433756791,0.495866354
2025/4/16 5:00,0.45811173,0.574563098,0.39624048,0.423709184,0.485238176
2025/4/16 6:00,0.416280464,0.51161268,0.389414721,0.37816552,0.446570979
2025/4/16 7:00,0.326888059,0.42617795,0.405463474,0.320896546,0.388500472
2025/4/16 8:00,0.267925228,0.354715265,0.402281185,0.269734733,0.339653009
2025/4/16 9:00,0.232097644,0.321399954,0.395156691,0.269573515,0.313569318
2025/4/16 10:00,0.215042805,0.307058007,0.398331299,0.260698186,0.303600777
2025/4/16 11:00,0.206972627,0.302154869,0.415423899,0.252877119,0.303762145
2025/4/16 12:00,0.205326881,0.302357579,0.451318361,0.257052089,0.313720115
2025/4/16 13:00,0.217031487,0.318143137,0.470085749,0.271580588,0.329708462
2025/4/16 14:00,0.232413726,0.346449203,0.442883824,0.297409291,0.33973731
2025/4/16 15:00,0.264448272,0.384424449,0.428254062,0.313525673,0.361724325
2025/4/16 16:00,0.321341287,0.446318523,0.48056647,0.355310606,0.418113139
2025/4/16 17:00,0.404057558,0.501352372,0.489377269,0.385032709,0.467551882
2025/4/16 18:00,0.453967825,0.541253966,0.492776764,0.390504235,0.49668158
2025/4/16 19:00,0.456747897,0.558339509,0.472909613,0.418309056,0.497058992
2025/4/16 20:00,0.456521081,0.553096142,0.429565512,0.426151631,0.480532752
2025/4/16 21:00,0.455460864,0.555880264,0.425089835,0.464269389,0.480956605
2025/4/16 22:00,0.456457168,0.578169879,0.425601914,0.487232156,0.488812289
2025/4/16 23:00,0.456254001,0.582801143,0.421836652,0.478350234,0.48937385
2025/4/17 0:00,0.454418863,0.572675819,0.431310787,0.457371155,0.488556041
2025/4/17 1:00,0.453665416,0.576429265,0.447204144,0.457412807,0.496540233
2025/4/17 2:00,0.452861448,0.59422193,0.447416068,0.469365929,0.506357833
2025/4/17 3:00,0.452899098,0.594223419,0.440822022,0.472718738,0.506872396
2025/4/17 4:00,0.45266055,0.592467396,0.431811427,0.473100115,0.502952308
2025/4/17 5:00,0.454147926,0.591317651,0.415469526,0.479796848,0.496782772
2025/4/17 6:00,0.412053227,0.537921379,0.40773988,0.438081677,0.461089655
2025/4/17 7:00,0.322560363,0.445131067,0.416295968,0.360948439,0.401640552
2025/4/17 8:00,0.270342798,0.381863548,0.408994359,0.296127703,0.357904035
2025/4/17 9:00,0.244178628,0.323876352,0.39881297,0.25237645,0.323721342
2025/4/17 10:00,0.22064622,0.304814494,0.407489031,0.235050306,0.310103082
2025/4/17 11:00,0.221316017,0.314081264,0.429935119,0.242169031,0.321381277
2025/4/17 12:00,0.238597613,0.344604817,0.455546817,0.263119727,0.348148989
2025/4/17 13:00,0.245763049,0.379735195,0.473465766,0.281547966,0.365824384
2025/4/17 14:00,0.272710652,0.452971235,0.466660221,0.343325903,0.402358704
2025/4/17 15:00,0.304217332,0.49492889,0.44283697,0.390223176,0.421434962
2025/4/17 16:00,0.358274597,0.531246999,0.456258956,0.427580113,0.457669474
2025/4/17 17:00,0.429127114,0.57052833,0.46043274,0.461181231,0.492688083
2025/4/17 18:00,0.456814326,0.573578382,0.458533589,0.4050386,0.498307885
2025/4/17 19:00,0.458333417,0.587851454,0.458828825,0.384313612,0.503445106
2025/4/17 20:00,0.460422032,0.59323369,0.450976388,0.39645848,0.503729626
2025/4/17 21:00,0.458982579,0.584935541,0.443433854,0.45811912,0.500148458
2025/4/17 22:00,0.458551778,0.585323399,0.440461274,0.475866467,0.498976328
2025/4/17 23:00,0.460208331,0.602121651,0.435989194,0.512169655,0.504770145
2025/4/18 0:00,0.456743104,0.590159604,0.443404734,0.50637326,0.501996082
2025/4/18 1:00,0.456832109,0.603329978,0.456178948,0.512046208,0.513012723
2025/4/18 2:00,0.456603614,0.625807587,0.451732335,0.526923707,0.523924611
2025/4/18 3:00,0.456739948,0.627005143,0.438259272,0.531433158,0.523162592
2025/4/18 4:00,0.457982468,0.626074918,0.428659428,0.523668261,0.519143008
2025/4/18 5:00,0.459223224,0.618236587,0.416749235,0.486743929,0.510117523
2025/4/18 6:00,0.417359283,0.561386114,0.408563354,0.444781657,0.471707104
2025/4/18 7:00,0.381162709,0.49989523,0.411932984,0.401690616,0.439049577
2025/4/18 8:00,0.333109014,0.426239359,0.415204423,0.349432517,0.396866188
2025/4/18 9:00,0.311341135,0.380087343,0.408903201,0.313785253,0.372036288
2025/4/18 10:00,0.25692272,0.346396028,0.402269658,0.281767553,0.34096237
2025/4/18 11:00,0.222349382,0.347691802,0.416791611,0.277266504,0.334980598
2025/4/18 12:00,0.217226897,0.371862781,0.43352158,0.286496922,0.348276315
2025/4/18 13:00,0.219444221,0.37068094,0.426375724,0.304545269,0.346779971
2025/4/18 14:00,0.227928318,0.411405592,0.432132891,0.346814169,0.369172027
2025/4/18 15:00,0.258899258,0.469023204,0.439259593,0.389503479,0.399660667
2025/4/18 16:00,0.355504127,0.547711181,0.447831996,0.449074982,0.459679329
2025/4/18 17:00,0.419149045,0.572619882,0.444221369,0.478375069,0.484273506
2025/4/18 18:00,0.454170683,0.565159869,0.434271276,0.449353282,0.486790065
2025/4/18 19:00,0.454376599,0.58816577,0.430870533,0.461828135,0.49501345
2025/4/18 20:00,0.457197561,0.592923,0.428448992,0.465216457,0.495723685
2025/4/18 21:00,0.45669558,0.598038699,0.423229332,0.457176635,0.493787021
2025/4/18 22:00,0.457073136,0.582788003,0.428823953,0.447302191,0.487949418
2025/4/18 23:00,0.458943202,0.587653604,0.426212625,0.439194068,0.48980246
2025/4/19 0:00,0.457104453,0.611023412,0.439011385,0.478917089,0.504541985
2025/4/19 1:00,0.457539903,0.648722357,0.443835995,0.501851646,0.524229629
2025/4/19 2:00,0.456577747,0.677515468,0.429539034,0.520173013,0.536178422
2025/4/19 3:00,0.459277404,0.683284111,0.427755721,0.521935793,0.540171798
2025/4/19 4:00,0.458236509,0.691792387,0.414966303,0.521821208,0.53759433
2025/4/19 5:00,0.458864819,0.684025713,0.402543294,0.519241958,0.529124419
2025/4/19 6:00,0.439910463,0.613291288,0.403434495,0.477795852,0.495484185
2025/4/19 7:00,0.378444657,0.542592574,0.419219089,0.421823343,0.45386674
2025/4/19 8:00,0.346893711,0.461807466,0.42213617,0.389037298,0.416146079
2025/4/19 9:00,0.329608818,0.424841156,0.422106473,0.370518744,0.396615263
2025/4/19 10:00,0.332263439,0.468297857,0.433296164,0.375085653,0.417240395
2025/4/19 11:00,0.308061253,0.422562336,0.426047739,0.365043006,0.393005291
2025/4/19 12:00,0.292909,0.402909942,0.419490291,0.33720738,0.376084623
2025/4/19 13:00,0.249514967,0.415122723,0.424108156,0.340203675,0.367076327
2025/4/19 14:00,0.250435327,0.392444945,0.415695323,0.341899028,0.358587995
2025/4/19 15:00,0.262197121,0.419871234,0.42026443,0.37373504,0.37336915
2025/4/19 16:00,0.314768575,0.466816045,0.43367259,0.4070371,0.409470161
2025/4/19 17:00,0.407886808,0.530580892,0.435148269,0.444999522,0.459154123
2025/4/19 18:00,0.455327602,0.560120586,0.446772807,0.47020853,0.486583687
2025/4/19 19:00,0.45708405,0.576878894,0.447103453,0.41826439,0.491331746
2025/4/19 20:00,0.458016318,0.580174936,0.444651929,0.412818789,0.491182771
2025/4/19 21:00,0.456706542,0.551674882,0.429499863,0.395793177,0.475475337
2025/4/19 22:00,0.45594093,0.544296997,0.421154391,0.419719903,0.470039209
2025/4/19 23:00,0.454701605,0.556639575,0.415721177,0.429284718,0.473163601
2025/4/20 0:00,0.453869462,0.559964326,0.426865546,0.450346059,0.481827083
2025/4/20 1:00,0.456217096,0.581785927,0.428675873,0.455272141,0.49189632
2025/4/20 2:00,0.457204736,0.614519326,0.441234091,0.467005939,0.505952295
2025/4/20 3:00,0.456952919,0.640701951,0.423792845,0.485957237,0.511826151
2025/4/20 4:00,0.456908773,0.658270391,0.407584637,0.495372472,0.514684775
2025/4/20 5:00,0.45495239,0.636887412,0.420680986,0.485538674,0.510807335
2025/4/20 6:00,0.412587193,0.581855646,0.444450088,0.440060145,0.48440495
2025/4/20 7:00,0.340927661,0.524674062,0.465945921,0.391080558,0.443965947
2025/4/20 8:00,0.326678729,0.477564866,0.467622461,0.363974486,0.424922266
2025/4/20 9:00,0.265005344,0.407458788,0.459004084,0.308322917,0.373775254
2025/4/20 10:00,0.249869303,0.340807948,0.445949526,0.276227884,0.341231363
2025/4/20 11:00,0.220138842,0.332443697,0.449018008,0.293984075,0.329511984
2025/4/20 12:00,0.225809444,0.339067004,0.449753921,0.302348796,0.33426584
2025/4/20 13:00,0.233968191,0.385234211,0.462468742,0.335580158,0.357267829
2025/4/20 14:00,0.268328696,0.437541983,0.475134884,0.386162714,0.397723759
2025/4/20 15:00,0.301214674,0.472247573,0.469312956,0.406239285,0.422665789
2025/4/20 16:00,0.332317087,0.514242174,0.471943996,0.432424184,0.445066496
2025/4/20 17:00,0.41886047,0.541008354,0.471775219,0.458713928,0.482257697
2025/4/20 18:00,0.472780408,0.579706817,0.476503963,0.478626681,0.514777744
2025/4/20 19:00,0.484496651,0.614908306,0.48042878,0.487047148,0.53225902
2025/4/20 20:00,0.500707025,0.624316018,0.482199903,0.491663853,0.540993966
2025/4/20 21:00,0.502458491,0.613957825,0.48872991,0.481847119,0.538230187
2025/4/20 22:00,0.49858257,0.607436161,0.488321162,0.459340793,0.53270151
2025/4/20 23:00,0.500706357,0.606088711,0.478635306,0.463997751,0.530258204
2025/4/21 0:00,0.5018274,0.594473876,0.470815272,0.485568906,0.525074073
2025/4/21 1:00,0.504355324,0.58864972,0.463206275,0.490662879,0.522444418
2025/4/21 2:00,0.501899385,0.613584242,0.449624815,0.513051525,0.529530923
2025/4/21 3:00,0.496575242,0.612653439,0.440914723,0.513934948,0.526758431
2025/4/21 4:00,0.495973849,0.613086974,0.42988206,0.516835864,0.522171223
2025/4/21 5:00,0.500248619,0.611613863,0.418037647,0.519951503,0.516763911
2025/4/21 6:00,0.468970646,0.570347214,0.404196351,0.487519787,0.487619485
2025/4/21 7:00,0.448002699,0.536278703,0.419424206,0.420427082,0.471198927
2025/4/21 8:00,0.369041018,0.488071178,0.427608349,0.340153042,0.430664141
2025/4/21 9:00,0.276434747,0.442946387,0.430951579,0.3120584,0.385688911
2025/4/21 10:00,0.254663249,0.372060563,0.415954815,0.323002158,0.353748717
2025/4/21 11:00,0.24472549,0.343886519,0.413346367,0.304871477,0.33946116
2025/4/21 12:00,0.244409708,0.341535086,0.416318333,0.308922482,0.340245706
2025/4/21 13:00,0.254513966,0.354766887,0.41655629,0.31535327,0.349333792
2025/4/21 14:00,0.276838562,0.384080786,0.420612194,0.346972108,0.370451236
2025/4/21 15:00,0.317180824,0.435196399,0.435562772,0.400868831,0.405940861
2025/4/21 16:00,0.384110898,0.488207071,0.446716745,0.446437529,0.445950048
2025/4/21 17:00,0.473926284,0.539199588,0.456314122,0.452367578,0.488847789
2025/4/21 18:00,0.526414721,0.561883303,0.462781455,0.431610713,0.510754009
2025/4/21 19:00,0.52421511,0.575583917,0.460690729,0.440986794,0.514474195
2025/4/21 20:00,0.517633575,0.581621416,0.457818092,0.447165933,0.513777904
2025/4/21 21:00,0.506768396,0.590529435,0.452984992,0.463124673,0.512536886
2025/4/21 22:00,0.488003133,0.601190658,0.457363565,0.478468086,0.511596371
2025/4/21 23:00,0.485902767,0.613222283,0.452347394,0.47959894,0.511726875
2025/4/22 0:00,0.484204755,0.629223279,0.459617446,0.540432157,0.52163282
2025/4/22 1:00,0.483109684,0.641386081,0.462115334,0.55021819,0.53040623
2025/4/22 2:00,0.482144975,0.65177663,0.46033088,0.558187027,0.538110474
2025/4/22 3:00,0.482692286,0.65300952,0.454204437,0.558768201,0.539831498
2025/4/22 4:00,0.485729111,0.652784447,0.448766333,0.562179227,0.538235733
2025/4/22 5:00,0.485080598,0.641264161,0.429785331,0.556861571,0.523987534
2025/4/22 6:00,0.437315479,0.56089092,0.423319119,0.494165673,0.477002884
2025/4/22 7:00,0.354506244,0.445417256,0.414530745,0.397836816,0.409279864
2025/4/22 8:00,0.32662806,0.376448641,0.392396546,0.335003608,0.368136665
2025/4/22 9:00,0.251607332,0.314217773,0.375998202,0.2689707,0.315597986
2025/4/22 10:00,0.237304093,0.29206243,0.367328704,0.248821224,0.301254656
2025/4/22 11:00,0.231710795,0.292104187,0.375122091,0.243438585,0.30161045
2025/4/22 12:00,0.23167441,0.297619076,0.383549939,0.24780958,0.307012268
2025/4/22 13:00,0.247170382,0.315681982,0.38491172,0.262878461,0.320907987
2025/4/22 14:00,0.260375955,0.342990373,0.384257582,0.288742191,0.335661947
2025/4/22 15:00,0.292596841,0.372651593,0.395355087,0.322561813,0.360838615
2025/4/22 16:00,0.354653684,0.425589474,0.413426204,0.375914387,0.402742735
2025/4/22 17:00,0.442226824,0.505151858,0.437363425,0.447019475,0.459537541
2025/4/22 18:00,0.490229645,0.558437593,0.453861671,0.493824374,0.494882099
2025/4/22 19:00,0.484969357,0.577825825,0.458366116,0.499303738,0.50227407
2025/4/22 20:00,0.479048575,0.561097267,0.443315954,0.413194457,0.486585184
2025/4/22 21:00,0.47824218,0.606635824,0.444660953,0.433702532,0.500335881
2025/4/22 22:00,0.484159859,0.638327239,0.440096748,0.4376154,0.509429863
2025/4/22 23:00,0.484925161,0.638159718,0.422523937,0.497846561,0.505404633
2025/4/23 0:00,0.484844735,0.614109082,0.438074753,0.494619834,0.506226578
2025/4/23 1:00,0.481589629,0.594148949,0.462483044,0.482481507,0.509985042
2025/4/23 2:00,0.478779956,0.616042642,0.434034762,0.49971616,0.514027866
2025/4/23 3:00,0.47958023,0.613884563,0.417659254,0.500839702,0.511861327
2025/4/23 4:00,0.481454771,0.609028692,0.415652758,0.49992825,0.508675408
2025/4/23 5:00,0.483934885,0.609852869,0.405249738,0.529167554,0.504275351
2025/4/23 6:00,0.452330956,0.569425767,0.400538502,0.499832379,0.477532747
2025/4/23 7:00,0.367846355,0.535424566,0.409957137,0.30687776,0.437897606
2025/4/23 8:00,0.313529218,0.520966182,0.42215185,0.440262147,0.418454462
2025/4/23 9:00,0.271106248,0.473195608,0.42480215,0.408987214,0.389520644
2025/4/23 10:00,0.237458613,0.44721415,0.436875497,0.40257713,0.373777355
2025/4/23 11:00,0.239570278,0.420571263,0.441730794,0.374875769,0.370118993
2025/4/23 12:00,0.252954707,0.380139996,0.429018682,0.330244196,0.362293424
2025/4/23 13:00,0.258044523,0.378599653,0.420242874,0.328820051,0.359538169
2025/4/23 14:00,0.268267057,0.392589034,0.410162973,0.33814926,0.36345384
2025/4/23 15:00,0.340458446,0.458029209,0.428966329,0.399236496,0.416468256
2025/4/23 16:00,0.359663317,0.495647208,0.444858311,0.424054924,0.437858545
2025/4/23 17:00,0.434158604,0.55653594,0.454884251,0.450600378,0.484691653
2025/4/23 18:00,0.479554026,0.571296893,0.451960212,0.429647152,0.501113309
2025/4/23 19:00,0.480877078,0.606389704,0.44659949,0.452114866,0.512692198
2025/4/23 20:00,0.477091736,0.63275396,0.440361635,0.465105321,0.519402164
2025/4/23 21:00,0.475456992,0.633296702,0.422792178,0.494720007,0.514903244
2025/4/23 22:00,0.470949814,0.618198611,0.428726212,0.487764425,0.507725863
2025/4/23 23:00,0.47263544,0.60990746,0.416928919,0.467978926,0.501923549
2025/4/24 0:00,0.474805828,0.60247434,0.429787151,0.466769479,0.50666235
2025/4/24 1:00,0.477959444,0.615513642,0.428412702,0.476137705,0.517907526
2025/4/24 2:00,0.477661579,0.62187308,0.422949923,0.496392108,0.524032008
2025/4/24 3:00,0.47831919,0.627030054,0.420228725,0.540523263,0.527905954
2025/4/24 4:00,0.479069647,0.631476503,0.409083518,0.548214158,0.526536703
2025/4/24 5:00,0.479865104,0.639935948,0.394744507,0.557252162,0.523591895
2025/4/24 6:00,0.473013868,0.608823975,0.392956476,0.535783771,0.506212018
2025/4/24 7:00,0.432429459,0.58691361,0.409170579,0.516018877,0.48969974
2025/4/24 8:00,0.361625509,0.556692427,0.428443962,0.481764535,0.456274948
2025/4/24 9:00,0.282218359,0.516209582,0.439407954,0.413426966,0.413408116
2025/4/24 10:00,0.259595416,0.490081766,0.442961204,0.386272758,0.398859252
2025/4/24 11:00,0.239353045,0.43113851,0.443500072,0.34901044,0.372928025
2025/4/24 12:00,0.232135354,0.405176647,0.441886444,0.346954755,0.36551228
2025/4/24 13:00,0.241098712,0.393595042,0.432455845,0.330444266,0.363436024
2025/4/24 14:00,0.255820292,0.419922569,0.427677355,0.354573973,0.376317267
2025/4/24 15:00,0.284527039,0.432629164,0.422738367,0.366839649,0.387639234
2025/4/24 16:00,0.366424313,0.492688341,0.435062023,0.386537518,0.439438633
2025/4/24 17:00,0.43176384,0.564951852,0.441356363,0.413655726,0.485204569
2025/4/24 18:00,0.473354833,0.560593559,0.443176242,0.40577303,0.495073753
2025/4/24 19:00,0.479046149,0.597472967,0.446032252,0.43142215,0.511405671
2025/4/24 20:00,0.469913519,0.602104462,0.432898652,0.448534579,0.506983764
2025/4/24 21:00,0.459587239,0.604959756,0.423886406,0.49387,0.50386623
2025/4/24 22:00,0.460163984,0.625075384,0.425619411,0.50503801,0.511147336
2025/4/24 23:00,0.460718885,0.632301868,0.41626846,0.507585035,0.511760354
2025/4/25 0:00,0.456856634,0.630400442,0.424425999,0.526913289,0.513871695
2025/4/25 1:00,0.456418101,0.675127817,0.422040589,0.558288824,0.533945764
2025/4/25 2:00,0.455853364,0.683913278,0.400585175,0.563722132,0.537825747
2025/4/25 3:00,0.455437891,0.675151119,0.394049267,0.55805335,0.538069852
2025/4/25 4:00,0.457360561,0.678941682,0.385998829,0.560425963,0.537070431
2025/4/25 5:00,0.458195087,0.677083931,0.36274776,0.560057679,0.528005337
2025/4/25 6:00,0.401392988,0.653936602,0.368181958,0.53413545,0.492550949
2025/4/25 7:00,0.380627591,0.570600939,0.389573934,0.48055037,0.459957302
2025/4/25 8:00,0.284849604,0.494642972,0.402868998,0.404851551,0.3983947
2025/4/25 9:00,0.352872064,0.456663429,0.400458718,0.377521229,0.408762029
2025/4/25 10:00,0.314829697,0.465403286,0.407945305,0.368774205,0.401396018
2025/4/25 11:00,0.283969325,0.451263101,0.422570064,0.368584714,0.392391106
2025/4/25 12:00,0.246507085,0.395970478,0.43234279,0.330348196,0.366891233
2025/4/25 13:00,0.241341478,0.394306067,0.424096669,0.337724278,0.359726997
2025/4/25 14:00,0.280375046,0.385099205,0.402619347,0.330698366,0.363010552
2025/4/25 15:00,0.306538648,0.421213717,0.422506867,0.369863717,0.389718095
2025/4/25 16:00,0.337846776,0.404042001,0.444688982,0.360036655,0.399522947
2025/4/25 17:00,0.407255327,0.399752371,0.465315434,0.35767841,0.423436857
2025/4/25 18:00,0.458428397,0.399588266,0.467292583,0.332267657,0.437216104
2025/4/25 19:00,0.460889396,0.412298643,0.463186267,0.342596421,0.441114715
2025/4/25 20:00,0.462131418,0.448758816,0.399236476,0.36889344,0.432430062
2025/4/25 21:00,0.46182617,0.44068918,0.394461065,0.359435815,0.426513764
2025/4/25 22:00,0.462185534,0.420741442,0.400219897,0.340214489,0.421624752
2025/4/25 23:00,0.461168541,0.438991636,0.406849552,0.354733358,0.432022535
2025/4/26 0:00,0.457936353,0.45775424,0.424893059,0.361713909,0.444837159
2025/4/26 1:00,0.458337207,0.482968856,0.425077816,0.377410331,0.453857732
2025/4/26 2:00,0.458707677,0.52484141,0.419730494,0.407800098,0.467677262
2025/4/26 3:00,0.457830752,0.546000121,0.411572183,0.451593964,0.474284349
2025/4/26 4:00,0.457328028,0.55367958,0.409176004,0.469788762,0.476454703
2025/4/26 5:00,0.457237495,0.557058424,0.398194189,0.471513429,0.474061924
2025/4/26 6:00,0.416264973,0.526018097,0.401090245,0.439640827,0.451415736
2025/4/26 7:00,0.397238897,0.501754443,0.412369349,0.426253124,0.441277646
2025/4/26 8:00,0.358155257,0.522056097,0.418411048,0.422586373,0.438800168
2025/4/26 9:00,0.338472014,0.49108408,0.422090227,0.398333339,0.422883401
2025/4/26 10:00,0.306809681,0.482875839,0.433741483,0.39217381,0.414214971
2025/4/26 11:00,0.244488113,0.484617476,0.442740312,0.38054984,0.390573543
2025/4/26 12:00,0.29598923,0.467156358,0.419549464,0.383391224,0.404482857
2025/4/26 13:00,0.321953406,0.494676344,0.417776244,0.42655162,0.426426699
2025/4/26 14:00,0.305514945,0.507915345,0.430721519,0.439415387,0.428273774
2025/4/26 15:00,0.316575946,0.512181406,0.425365766,0.45168318,0.431068801
2025/4/26 16:00,0.325066972,0.512084964,0.426340829,0.45464068,0.429872736
2025/4/26 17:00,0.420097699,0.517223729,0.435131555,0.463843926,0.461314943
2025/4/26 18:00,0.455636692,0.478806064,0.474534458,0.435104839,0.469843792
2025/4/26 19:00,0.458252744,0.457519002,0.494567974,0.418053012,0.469059167
2025/4/26 20:00,0.456442014,0.490449477,0.431575407,0.441947771,0.459284339
2025/4/26 21:00,0.455472463,0.499810471,0.422880177,0.447079391,0.459987917
2025/4/26 22:00,0.456005092,0.502799579,0.421426784,0.449351565,0.461206117
2025/4/26 23:00,0.457778807,0.501531899,0.426899083,0.439996247,0.461911409
2025/4/27 0:00,0.457412942,0.501990889,0.439173926,0.433720407,0.466025953
2025/4/27 1:00,0.45693656,0.543940865,0.451759157,0.460235004,0.485957773
2025/4/27 2:00,0.456205907,0.582886737,0.458514174,0.48502819,0.504000767
2025/4/27 3:00,0.45837523,0.63309014,0.417294707,0.520280123,0.516868966
2025/4/27 4:00,0.456983555,0.639227993,0.397599083,0.535342628,0.516975468
2025/4/27 5:00,0.45595915,0.635443336,0.396429292,0.533374929,0.515568655
2025/4/27 6:00,0.410724792,0.614455456,0.414058367,0.505690592,0.493220046
2025/4/27 7:00,0.324538567,0.523570448,0.448023045,0.414087005,0.430109451
2025/4/27 8:00,0.261929516,0.400493418,0.470762951,0.3137571,0.365788214
2025/4/27 9:00,0.215191948,0.34457977,0.463354125,0.27363468,0.327042522
2025/4/27 10:00,0.19341093,0.31103215,0.456298196,0.25179503,0.304517409
2025/4/27 11:00,0.188643549,0.29950672,0.449018888,0.243501609,0.298166779
2025/4/27 12:00,0.188385455,0.319045559,0.442723348,0.263244782,0.307235863
2025/4/27 13:00,0.205041713,0.348098902,0.447371518,0.285047768,0.325373387
2025/4/27 14:00,0.235553242,0.386711404,0.454776132,0.325387343,0.352049047
2025/4/27 15:00,0.26787113,0.448992683,0.463718502,0.375998958,0.391670625
2025/4/27 16:00,0.327828791,0.52947535,0.457665473,0.4269512,0.441662645
2025/4/27 17:00,0.404350571,0.572559649,0.459890445,0.431311307,0.482987523
2025/4/27 18:00,0.451596489,0.593540875,0.446240179,0.435988913,0.504976074
2025/4/27 19:00,0.453619848,0.587048332,0.446422055,0.432830222,0.503814251
2025/4/27 20:00,0.454190123,0.587015788,0.447463682,0.433722006,0.50413348
2025/4/27 21:00,0.454651241,0.586489651,0.442475328,0.436294976,0.504615271
2025/4/27 22:00,0.454519457,0.613458007,0.42179278,0.497891923,0.513622737
2025/4/27 23:00,0.456245504,0.616029753,0.408819157,0.500182044,0.51357977
2025/4/28 0:00,0.457464743,0.63608022,0.407406474,0.534408521,0.522167477
2025/4/28 1:00,0.458641568,0.649698747,0.380442968,0.546924353,0.530793479
2025/4/28 2:00,0.459593803,0.630628369,0.375160062,0.532446171,0.524285193
2025/4/28 3:00,0.458922036,0.626279714,0.361541351,0.537345156,0.519026305
2025/4/28 4:00,0.459494292,0.623989313,0.347285858,0.542320174,0.512688154
2025/4/28 5:00,0.459696442,0.622920202,0.33943878,0.545981793,0.506040587
2025/4/28 6:00,0.449026344,0.62114447,0.331581618,0.538405104,0.495839434
2025/4/28 7:00,0.438043077,0.623138683,0.351097636,0.526028689,0.496998506
2025/4/28 8:00,0.405938677,0.620786478,0.392327285,0.502686756,0.488747966
2025/4/28 9:00,0.397236028,0.600843148,0.416707805,0.473408816,0.486814876
2025/4/28 10:00,0.319055752,0.562496531,0.442001086,0.434573364,0.455466564
2025/4/28 11:00,0.285818693,0.535174948,0.460025995,0.416737741,0.442347477
2025/4/28 12:00,0.259076808,0.526119221,0.463248364,0.447616258,0.429990209
2025/4/28 13:00,0.252401509,0.534567048,0.455391238,0.455975732,0.424424146
2025/4/28 14:00,0.305119877,0.530596847,0.4750327,0.454962989,0.45250937
2025/4/28 15:00,0.27194723,0.510392476,0.450762193,0.442603928,0.418740438
2025/4/28 16:00,0.348242397,0.499191894,0.41443448,0.429625724,0.426003283
2025/4/28 17:00,0.407375865,0.515688232,0.426993863,0.427176159,0.452669491
2025/4/28 18:00,0.450433387,0.501517694,0.466824414,0.316937519,0.471036406
2025/4/28 19:00,0.454557323,0.494465823,0.468067561,0.315247252,0.469560443
2025/4/28 20:00,0.453660985,0.475438373,0.403271047,0.397823572,0.442046019
2025/4/28 21:00,0.455894998,0.450071681,0.399023115,0.388739738,0.432773951
2025/4/28 22:00,0.456095684,0.47710425,0.403965695,0.417476705,0.442549151
2025/4/28 23:00,0.45622007,0.470875689,0.405057324,0.405076358,0.44146782
2025/4/29 0:00,0.455864005,0.476134481,0.417625256,0.40717361,0.448612716
2025/4/29 1:00,0.455896282,0.498207386,0.431117251,0.424688644,0.461998878
2025/4/29 2:00,0.455622047,0.499215717,0.437245401,0.423261275,0.465929808
2025/4/29 3:00,0.455616388,0.516738001,0.425351164,0.435004028,0.470598493
2025/4/29 4:00,0.456109521,0.519195983,0.414982877,0.443603588,0.468071682
2025/4/29 5:00,0.456212284,0.526187992,0.397620948,0.44759584,0.464334784
2025/4/29 6:00,0.407312596,0.460829055,0.395317045,0.386093907,0.424188191
2025/4/29 7:00,0.317199232,0.382294658,0.403759344,0.319301213,0.367765938
2025/4/29 8:00,0.272700934,0.344044942,0.390344364,0.27218224,0.335181114
2025/4/29 9:00,0.242015151,0.33593196,0.386213421,0.251336664,0.320924725
2025/4/29 10:00,0.205312716,0.286841007,0.379874261,0.216305924,0.288048819
2025/4/29 11:00,0.202917931,0.294496612,0.398562886,0.22334968,0.296083711
2025/4/29 12:00,0.200990825,0.297333773,0.433904687,0.248367265,0.308860564
2025/4/29 13:00,0.222853813,0.30706878,0.44943704,0.264907423,0.327429192
2025/4/29 14:00,0.224820942,0.33287062,0.450388139,0.283180573,0.334023546
2025/4/29 15:00,0.253956149,0.369530214,0.388702321,0.313515852,0.337998163
2025/4/29 16:00,0.316499985,0.406012611,0.388492597,0.335560252,0.371491806
2025/4/29 17:00,0.408180449,0.473163263,0.413251086,0.39511376,0.432954755
2025/4/29 18:00,0.452423021,0.475495713,0.467129067,0.403792372,0.4646856
2025/4/29 19:00,0.455546937,0.465042505,0.480293468,0.39721979,0.465798464
2025/4/29 20:00,0.455879575,0.511083969,0.42461469,0.404995286,0.464589047
2025/4/29 21:00,0.454195116,0.554854863,0.385577696,0.407666083,0.469108388
2025/4/29 22:00,0.457458233,0.591311562,0.372666468,0.413402567,0.481715725
2025/4/29 23:00,0.456252907,0.611168773,0.34801287,0.457437945,0.484566981
2025/4/30 0:00,0.455139574,0.595159871,0.371700824,0.450119962,0.485891458
2025/4/30 1:00,0.455162529,0.610841054,0.37889596,0.457414191,0.497339653
2025/4/30 2:00,0.455157542,0.627300711,0.368397268,0.481603248,0.505846839
2025/4/30 3:00,0.45637409,0.635224516,0.357128836,0.474246772,0.509749973
2025/4/30 4:00,0.457798603,0.631045452,0.346652696,0.471731268,0.506158754
2025/4/30 5:00,0.457082594,0.625814055,0.324618761,0.474477485,0.498390903
2025/4/30 6:00,0.409143849,0.564243336,0.339083301,0.425336211,0.461468515
2025/4/30 7:00,0.325211725,0.48152741,0.386632511,0.401187797,0.408620028
2025/4/30 8:00,0.276688599,0.417868308,0.403733283,0.339249801,0.368074761
2025/4/30 9:00,0.242021461,0.358433727,0.404938681,0.297680332,0.332913388
2025/4/30 10:00,0.217353953,0.331335737,0.415290199,0.26994453,0.317514594
2025/4/30 11:00,0.215246487,0.328408423,0.436004578,0.26430763,0.321840279
2025/4/30 12:00,0.209696814,0.347822045,0.473993136,0.287119747,0.340273377
2025/4/30 13:00,0.222773264,0.37646974,0.453012387,0.299117429,0.35269273
2025/4/30 14:00,0.234761828,0.423439329,0.465354319,0.345350576,0.379155467
2025/4/30 15:00,0.266171856,0.477734139,0.476468828,0.388684151,0.416113112
2025/4/30 16:00,0.324283831,0.535404733,0.479025254,0.445197517,0.45569664
2025/4/30 17:00,0.40690734,0.599613626,0.476767995,0.493225375,0.503527584
2025/4/30 18:00,0.454100886,0.617228048,0.480315731,0.424426028,0.522088425
2025/4/30 19:00,0.457446364,0.626261447,0.461818505,0.408836147,0.520107264
2025/4/30 20:00,0.456494699,0.634899289,0.399383683,0.406720312,0.505072232
2025/4/30 21:00,0.45459656,0.633574221,0.39144127,0.438767275,0.502945168
2025/4/30 22:00,0.456854918,0.615550553,0.394220781,0.451132325,0.495422331
2025/4/30 23:00,0.457167188,0.608125622,0.384231316,0.487515408,0.490457652
2025/5/1 0:00,0.458571561,0.609957258,0.395343954,0.521370654,0.497651023
2025/5/1 1:00,0.459509652,0.625384208,0.401125391,0.536590198,0.509155053
2025/5/1 2:00,0.458716391,0.625380822,0.397478584,0.534884995,0.510904127
2025/5/1 3:00,0.458131643,0.636318639,0.377053194,0.540164663,0.512939371
2025/5/1 4:00,0.456787645,0.648780972,0.356746889,0.552587442,0.515034888
2025/5/1 5:00,0.45729913,0.64691863,0.359060098,0.548444696,0.514835933
2025/5/1 6:00,0.410189258,0.596910567,0.4017386,0.503378742,0.489504993
2025/5/1 7:00,0.327001845,0.5056714,0.437025102,0.430630817,0.430855194
2025/5/1 8:00,0.277371437,0.452557376,0.454233143,0.38357735,0.395168436
2025/5/1 9:00,0.238537795,0.398996402,0.451691939,0.338693764,0.361087401
2025/5/1 10:00,0.230094457,0.393425472,0.45543056,0.323766562,0.356712138
2025/5/1 11:00,0.224901113,0.411980268,0.458144995,0.322065366,0.363280111
2025/5/1 12:00,0.235930813,0.445694594,0.463605506,0.336500568,0.385938268
2025/5/1 13:00,0.253664152,0.440429925,0.479548425,0.335941052,0.400970317
2025/5/1 14:00,0.234007044,0.455064125,0.496353902,0.380159707,0.397653685
2025/5/1 15:00,0.266467663,0.473941882,0.53053854,0.412804174,0.421359907
2025/5/1 16:00,0.31955416,0.5028267,0.535465248,0.439143783,0.452132791
2025/5/1 17:00,0.40457697,0.493391442,0.538629226,0.424852328,0.478737364
2025/5/1 18:00,0.450895841,0.497436206,0.538390875,0.419356291,0.493687573
2025/5/1 19:00,0.453050325,0.51064416,0.480354995,0.433084283,0.483560232
2025/5/1 20:00,0.454248184,0.532579002,0.448229276,0.448781241,0.484744708
2025/5/1 21:00,0.454084088,0.550539352,0.441358289,0.454344482,0.490001095
2025/5/1 22:00,0.45449272,0.598910865,0.415896098,0.482704362,0.505645983
2025/5/1 23:00,0.455148498,0.611934602,0.398155442,0.480016207,0.507237834
2025/5/2 0:00,0.455130607,0.603073293,0.406973298,0.47451755,0.503628657
2025/5/2 1:00,0.454783921,0.618245389,0.378914753,0.483648368,0.506677801
2025/5/2 2:00,0.455430568,0.629831127,0.366583022,0.49006465,0.511758847
2025/5/2 3:00,0.456080751,0.626332517,0.351535245,0.500593357,0.510162306
2025/5/2 4:00,0.455803698,0.617706145,0.334635779,0.528738466,0.501586743
2025/5/2 5:00,0.456732772,0.595938345,0.330030746,0.519036537,0.486981855
2025/5/2 6:00,0.409271481,0.528352112,0.343438786,0.463424105,0.446341546
2025/5/2 7:00,0.322834878,0.434363823,0.387833248,0.383975477,0.389169218
2025/5/2 8:00,0.268474928,0.363557765,0.393303419,0.324740413,0.344548744
2025/5/2 9:00,0.234285071,0.319583714,0.384496361,0.288811605,0.315305979
2025/5/2 10:00,0.218898689,0.305036339,0.383674748,0.283544598,0.304558801
2025/5/2 11:00,0.218289346,0.302643589,0.389266833,0.292821497,0.306097606
2025/5/2 12:00,0.211953949,0.328336428,0.401284675,0.312996223,0.319281848
2025/5/2 13:00,0.222037306,0.361031574,0.409427113,0.339996155,0.336760297
2025/5/2 14:00,0.232416267,0.401229405,0.419522565,0.357039894,0.356410607
2025/5/2 15:00,0.277427782,0.43712683,0.427708373,0.377009791,0.388462185
2025/5/2 16:00,0.332146476,0.487018005,0.45513433,0.41545639,0.432608642
2025/5/2 17:00,0.398576529,0.530538849,0.471075788,0.424558629,0.473457355
2025/5/2 18:00,0.444006426,0.539259569,0.468660234,0.393704474,0.48693118
2025/5/2 19:00,0.449430286,0.531954492,0.452612662,0.385496982,0.480487178
2025/5/2 20:00,0.453030713,0.529285866,0.393684884,0.388559286,0.461384786
2025/5/2 21:00,0.452811177,0.543214327,0.388452976,0.42063476,0.466175159
2025/5/2 22:00,0.453811105,0.551621711,0.388529726,0.442106445,0.470047152
2025/5/2 23:00,0.453930892,0.545317796,0.381628857,0.445264477,0.46667666
2025/5/3 0:00,0.453380731,0.515920682,0.389611687,0.439788204,0.460370161
2025/5/3 1:00,0.453917268,0.585937781,0.363463248,0.485219388,0.483007518
2025/5/3 2:00,0.455017749,0.651453055,0.31942697,0.526399987,0.50460523
2025/5/3 3:00,0.455706384,0.6576256,0.312764875,0.53756996,0.507630599
2025/5/3 4:00,0.456734959,0.655749856,0.315952671,0.54055831,0.507720781
2025/5/3 5:00,0.458430082,0.652554412,0.316402196,0.528618018,0.507830293
2025/5/3 6:00,0.40659501,0.589752595,0.35004909,0.477682488,0.472101337
2025/5/3 7:00,0.345926776,0.526237499,0.401132394,0.428524437,0.436121288
2025/5/3 8:00,0.289577347,0.444743428,0.420690978,0.362819422,0.390028528
2025/5/3 9:00,0.281712093,0.429785425,0.425157459,0.35249983,0.386799835
2025/5/3 10:00,0.26752831,0.42903006,0.437459279,0.361166853,0.388079715
2025/5/3 11:00,0.24512734,0.407316434,0.45340107,0.346924635,0.374911465
2025/5/3 12:00,0.238081822,0.388785886,0.467605497,0.345926155,0.371556151
2025/5/3 13:00,0.247724426,0.403737889,0.476984243,0.360669533,0.382562928
2025/5/3 14:00,0.254272034,0.389236088,0.470347681,0.346760213,0.373653656
2025/5/3 15:00,0.291116454,0.465797599,0.427887001,0.414416726,0.402723045
2025/5/3 16:00,0.374964733,0.535388914,0.4257543,0.465542373,0.456181269
2025/5/3 17:00,0.416601977,0.603278847,0.43025859,0.510163298,0.493918665
2025/5/3 18:00,0.444562753,0.601458051,0.439779637,0.511007977,0.503393093
2025/5/3 19:00,0.450020179,0.604870483,0.458856185,0.498961401,0.511388404
2025/5/3 20:00,0.453106175,0.615237409,0.485930346,0.482512179,0.52367885
2025/5/3 21:00,0.454710633,0.631552213,0.5390438,0.485418884,0.54681023
2025/5/3 22:00,0.455526625,0.625133205,0.44056047,0.481699717,0.513450429
2025/5/3 23:00,0.452692438,0.634169632,0.423668969,0.483058975,0.508309804
2025/5/4 0:00,0.451309488,0.637420911,0.437089498,0.470068678,0.510184267
2025/5/4 1:00,0.451450013,0.67442318,0.433349864,0.512236426,0.523144251
2025/5/4 2:00,0.452263221,0.691017965,0.441218725,0.536385338,0.530402341
2025/5/4 3:00,0.452780083,0.705992269,0.436360452,0.54730489,0.53693999
2025/5/4 4:00,0.453489689,0.695667054,0.434433563,0.539079629,0.535733556
2025/5/4 5:00,0.453378424,0.682594318,0.431015035,0.529465587,0.527777972
2025/5/4 6:00,0.418783218,0.600366149,0.43741256,0.467583905,0.490973154
2025/5/4 7:00,0.358272416,0.47859217,0.439897347,0.395484843,0.43056851
2025/5/4 8:00,0.270953742,0.407439098,0.423347286,0.349546433,0.368171655
2025/5/4 9:00,0.240423242,0.334080292,0.404920059,0.291634809,0.325942778
2025/5/4 10:00,0.226030419,0.309869678,0.407725865,0.267572084,0.312053051
2025/5/4 11:00,0.233817488,0.30530243,0.423865483,0.265619247,0.318553312
2025/5/4 12:00,0.221567429,0.293212885,0.413660549,0.262067602,0.30609354
2025/5/4 13:00,0.218268536,0.285714027,0.413714639,0.258730534,0.302428609
2025/5/4 14:00,0.241297785,0.300472332,0.424408267,0.273881365,0.319908364
2025/5/4 15:00,0.284682079,0.350655668,0.47234612,0.316924121,0.36957084
2025/5/4 16:00,0.369892935,0.40117872,0.481638511,0.360470411,0.418703033
2025/5/4 17:00,0.408259905,0.467023542,0.492574696,0.367849832,0.455633686
2025/5/4 18:00,0.447948722,0.520227383,0.510727324,0.355598374,0.490801168
2025/5/4 19:00,0.45058894,0.545723605,0.508747257,0.363682929,0.499230143
2025/5/4 20:00,0.456185784,0.537315695,0.46435294,0.335329269,0.482433203
2025/5/4 21:00,0.457566719,0.573116573,0.473166606,0.360327793,0.498260925
2025/5/4 22:00,0.456560249,0.608098699,0.461967483,0.480379009,0.508359414
2025/5/4 23:00,0.456805769,0.671376177,0.450286503,0.523112482,0.527098285
2025/5/5 0:00,0.457084004,0.714050756,0.432120168,0.544839253,0.541585285
2025/5/5 1:00,0.457064844,0.727763899,0.409968443,0.550334811,0.547755857
2025/5/5 2:00,0.455375903,0.723338191,0.38794627,0.54958407,0.544218563
2025/5/5 3:00,0.454879168,0.720974631,0.387714449,0.560820036,0.543469855
2025/5/5 4:00,0.456036247,0.720251795,0.395126339,0.568360463,0.546785819
2025/5/5 5:00,0.457505796,0.71373474,0.35462862,0.565407802,0.53995573
2025/5/5 6:00,0.401431817,0.641875809,0.375397501,0.519366696,0.495982234
2025/5/5 7:00,0.332462619,0.536826888,0.399107849,0.446336045,0.436260865
2025/5/5 8:00,0.280454427,0.454223643,0.414157199,0.376525901,0.386768727
2025/5/5 9:00,0.25003965,0.395866172,0.411053016,0.332607328,0.352612879
2025/5/5 10:00,0.222205639,0.36674631,0.409036697,0.301547493,0.330668709
2025/5/5 11:00,0.215540878,0.364771995,0.43672595,0.306201575,0.334162885
2025/5/5 12:00,0.217884202,0.378330017,0.448833745,0.330714338,0.345611391
2025/5/5 13:00,0.227015717,0.410226658,0.490297882,0.350585397,0.373375774
2025/5/5 14:00,0.246799396,0.448485383,0.486517772,0.382442879,0.397501939
2025/5/5 15:00,0.276637364,0.512002708,0.493539186,0.438535394,0.433794074
2025/5/5 16:00,0.330432477,0.588908569,0.492511144,0.478455709,0.47540768
2025/5/5 17:00,0.406126893,0.635320798,0.488690689,0.520598706,0.512182669
2025/5/5 18:00,0.453431563,0.61318883,0.489845547,0.516850921,0.519950676
2025/5/5 19:00,0.456798268,0.637345379,0.472132776,0.481286891,0.522547544
2025/5/5 20:00,0.457527602,0.643805971,0.414235468,0.468337662,0.507756822
2025/5/5 21:00,0.457112488,0.652213092,0.394416003,0.464700353,0.505597571
2025/5/5 22:00,0.454915461,0.647224696,0.373322826,0.470470742,0.4997251
2025/5/5 23:00,0.452847069,0.645701934,0.377698529,0.507821747,0.499543733
2025/5/6 0:00,0.452952445,0.67758618,0.371203252,0.525365305,0.509517137
2025/5/6 1:00,0.454060651,0.702759351,0.353916862,0.548519402,0.518605991
2025/5/6 2:00,0.45364683,0.70646259,0.32571499,0.571391507,0.518782054
2025/5/6 3:00,0.452031143,0.681960371,0.321053018,0.568256714,0.511357798
2025/5/6 4:00,0.451588599,0.671131719,0.316087769,0.565017482,0.508592804
2025/5/6 5:00,0.451543308,0.678410512,0.316640711,0.569508903,0.510727571
2025/5/6 6:00,0.404974919,0.628608668,0.350598562,0.529876567,0.482312199
2025/5/6 7:00,0.369427877,0.555786784,0.373899712,0.470768889,0.44835001
2025/5/6 8:00,0.307590629,0.513419064,0.404918291,0.430982529,0.415867192
2025/5/6 9:00,0.272957467,0.477901471,0.40613617,0.40302691,0.393813594
2025/5/6 10:00,0.230557907,0.443968274,0.415873759,0.378251131,0.36845843
2025/5/6 11:00,0.214005249,0.398813007,0.435531395,0.343454522,0.351601837
2025/5/6 12:00,0.216000858,0.404414916,0.45391855,0.355104171,0.36175494
2025/5/6 13:00,0.231236152,0.440443651,0.472451269,0.388369502,0.388829364
2025/5/6 14:00,0.242470191,0.471311161,0.466973895,0.409241918,0.402331497
2025/5/6 15:00,0.282550638,0.51859609,0.460931514,0.445398079,0.430164974
2025/5/6 16:00,0.337203614,0.560466642,0.473870807,0.468057062,0.46658723
2025/5/6 17:00,0.424188484,0.615074574,0.476151938,0.490075479,0.512303835
2025/5/6 18:00,0.454986312,0.615971137,0.480083704,0.455469794,0.522042515
2025/5/6 19:00,0.456528815,0.624826121,0.464692893,0.459610678,0.521364253
2025/5/6 20:00,0.458020479,0.622031663,0.413196713,0.456231634,0.50437835
2025/5/6 21:00,0.458762749,0.62527368,0.411458986,0.462890409,0.503552141
2025/5/6 22:00,0.458696368,0.637152127,0.401709876,0.479432552,0.504898467
2025/5/6 23:00,0.45839269,0.645061632,0.385315245,0.501518272,0.504080295
2025/5/7 0:00,0.455080183,0.63689537,0.376938429,0.48992222,0.499973536
2025/5/7 1:00,0.454175797,0.675907755,0.352984987,0.505347367,0.513036083
2025/5/7 2:00,0.454345001,0.687400287,0.335740441,0.51568808,0.519972281
2025/5/7 3:00,0.454790445,0.694981297,0.332903335,0.521545939,0.523523889
2025/5/7 4:00,0.456223889,0.704384211,0.324843717,0.553573926,0.523297632
2025/5/7 5:00,0.457198912,0.686275691,0.328585277,0.575215393,0.516176404
2025/5/7 6:00,0.413774859,0.613438349,0.359753661,0.516874772,0.477329644
2025/5/7 7:00,0.366419137,0.558294248,0.379364328,0.464122267,0.441985693
2025/5/7 8:00,0.370512698,0.521454097,0.389013794,0.432960984,0.429920653
2025/5/7 9:00,0.298210652,0.501287763,0.394901251,0.414560807,0.396109039
2025/5/7 10:00,0.281474908,0.430930393,0.399818008,0.278278086,0.370116763
2025/5/7 11:00,0.261815314,0.432170932,0.420090472,0.267752343,0.369054845
2025/5/7 12:00,0.246478004,0.449806985,0.438759142,0.277983413,0.379216752
2025/5/7 13:00,0.233463926,0.489876882,0.442477102,0.31733733,0.387918158
2025/5/7 14:00,0.240095317,0.537780645,0.449635462,0.422938029,0.413477577
2025/5/7 15:00,0.278264222,0.575791875,0.4474101,0.451716938,0.44059607
2025/5/7 16:00,0.338125127,0.616932774,0.478196319,0.464013912,0.482436121
2025/5/7 17:00,0.410900689,0.650189406,0.513123056,0.480313941,0.52814445
2025/5/7 18:00,0.447689233,0.602535049,0.506375555,0.485001508,0.52163995
2025/5/7 19:00,0.450375085,0.568509125,0.464529356,0.474632992,0.497278355
2025/5/7 20:00,0.453590826,0.586029285,0.460733186,0.487056166,0.503945646
2025/5/7 21:00,0.453577215,0.566287014,0.458264378,0.474629098,0.496454424
2025/5/7 22:00,0.451701367,0.535323346,0.464865187,0.456383958,0.486198133
2025/5/7 23:00,0.452593674,0.528622981,0.470935984,0.445614413,0.484842652
2025/5/8 0:00,0.452888956,0.573244089,0.472462503,0.470005072,0.501974798
2025/5/8 1:00,0.453116286,0.600949141,0.481804317,0.484876126,0.515587633
2025/5/8 2:00,0.451607628,0.638932489,0.458455259,0.510051284,0.527336811
2025/5/8 3:00,0.450883903,0.629386229,0.454509421,0.509538658,0.525581602
2025/5/8 4:00,0.451099413,0.628447647,0.455174122,0.519104367,0.525028306
2025/5/8 5:00,0.451560013,0.627516189,0.445401809,0.524056964,0.521651587
2025/5/8 6:00,0.413425102,0.588950054,0.453508198,0.491818244,0.495404427
2025/5/8 7:00,0.32506468,0.494101849,0.483800652,0.42061848,0.43705888
2025/5/8 8:00,0.288153632,0.417673044,0.495612513,0.359614352,0.395980764
2025/5/8 9:00,0.250758622,0.376062633,0.463916907,0.323233022,0.35676764
2025/5/8 10:00,0.219849877,0.340921368,0.40069513,0.289966459,0.315269007
2025/5/8 11:00,0.219079889,0.343248375,0.406253211,0.284498327,0.317590866
2025/5/8 12:00,0.214058241,0.370981663,0.413345824,0.306750323,0.330072638
2025/5/8 13:00,0.226932826,0.395112518,0.427967824,0.326047368,0.350684722
2025/5/8 14:00,0.241189467,0.416148367,0.463306825,0.350534338,0.374137526
2025/5/8 15:00,0.270269845,0.442751484,0.531385431,0.373044315,0.415106752
2025/5/8 16:00,0.323287595,0.504141912,0.533655698,0.406470872,0.457460729
2025/5/8 17:00,0.397652327,0.578744493,0.534539778,0.465012262,0.507984224
2025/5/8 18:00,0.451663083,0.597654233,0.535988257,0.425385121,0.529723557
2025/5/8 19:00,0.457974999,0.599565235,0.53330248,0.426603962,0.531432837
2025/5/8 20:00,0.456885607,0.619087524,0.529097948,0.44336978,0.537215168
2025/5/8 21:00,0.454330451,0.629281665,0.523554078,0.446051702,0.537901173
2025/5/8 22:00,0.454078611,0.604957807,0.506748815,0.435350303,0.524104223
2025/5/8 23:00,0.456000917,0.65531351,0.491331713,0.453307037,0.537189295
2025/5/9 0:00,0.457321724,0.672823112,0.5006772,0.497840854,0.548323805
2025/5/9 1:00,0.454943726,0.676308147,0.49881949,0.505070547,0.55152921
2025/5/9 2:00,0.455010093,0.663748717,0.49679435,0.495638764,0.547351544
2025/5/9 3:00,0.456179812,0.650824803,0.498553264,0.4889937,0.542127397
2025/5/9 4:00,0.457950292,0.644396493,0.507435952,0.495528068,0.540059344
2025/5/9 5:00,0.458729568,0.643289986,0.503732261,0.518379648,0.539328683
2025/5/9 6:00,0.411245763,0.568211001,0.513122901,0.487191349,0.500961529
2025/5/9 7:00,0.327106077,0.477698785,0.525006141,0.413821398,0.445170399
2025/5/9 8:00,0.286395791,0.383224697,0.459429248,0.332584268,0.375055419
2025/5/9 9:00,0.252399216,0.336597806,0.462287639,0.291359372,0.347665423
2025/5/9 10:00,0.237258542,0.308274434,0.452053913,0.267860419,0.329901411
2025/5/9 11:00,0.223067735,0.309879297,0.453140489,0.270447542,0.324691976
2025/5/9 12:00,0.228571061,0.301898604,0.456114631,0.260913294,0.326451953
2025/5/9 13:00,0.307136663,0.315435014,0.448764805,0.279155555,0.355869666
2025/5/9 14:00,0.324456967,0.363569041,0.445819472,0.32101926,0.379834746
2025/5/9 15:00,0.365123737,0.436889722,0.466100249,0.379645328,0.425267988
2025/5/9 16:00,0.42887106,0.515844751,0.479151331,0.445075649,0.476804104
2025/5/9 17:00,0.45856007,0.561854553,0.480524135,0.421830372,0.501161276
2025/5/9 18:00,0.480576132,0.570493937,0.477943621,0.392563943,0.508706731
2025/5/9 19:00,0.481054945,0.587098214,0.479250165,0.393073403,0.514756625
2025/5/9 20:00,0.482376567,0.60782715,0.474751924,0.389624431,0.520774143
2025/5/9 21:00,0.466078161,0.591993904,0.445625743,0.414726334,0.502303417
2025/5/9 22:00,0.458612782,0.570354524,0.444015329,0.435234168,0.491109698
2025/5/9 23:00,0.458727808,0.557653945,0.452378317,0.403816837,0.488779649
2025/5/10 0:00,0.457443676,0.530466249,0.458869646,0.40160402,0.482959016
2025/5/10 1:00,0.458946546,0.61228528,0.450744511,0.466638919,0.514930174
2025/5/10 2:00,0.458646771,0.636326585,0.44194074,0.484212439,0.526534715
2025/5/10 3:00,0.459829019,0.635519874,0.493691774,0.480939393,0.540783815
2025/5/10 4:00,0.459884808,0.619340554,0.574719244,0.46657723,0.55454683
2025/5/10 5:00,0.457390956,0.601200691,0.576175831,0.45781554,0.547180041
2025/5/10 6:00,0.449733112,0.57053907,0.587479029,0.440157845,0.536334766
2025/5/10 7:00,0.432813846,0.494191169,0.591620558,0.400755755,0.502183245
2025/5/10 8:00,0.411787519,0.471278923,0.584656917,0.386358737,0.485661872
2025/5/10 9:00,0.310794489,0.465606512,0.570717234,0.380316356,0.448364736
2025/5/10 10:00,0.327719458,0.499826138,0.568167541,0.418508133,0.473184793
2025/5/10 11:00,0.334604435,0.515510828,0.57299871,0.423476752,0.48237029
2025/5/10 12:00,0.306580563,0.502805276,0.590458734,0.414825691,0.470007805
2025/5/10 13:00,0.353397684,0.487675608,0.585469733,0.420851425,0.4838935
2025/5/10 14:00,0.363925734,0.543171989,0.57346755,0.463942243,0.503149994
2025/5/10 15:00,0.329722108,0.534942653,0.578202621,0.463372503,0.486098567
2025/5/10 16:00,0.352242382,0.491134849,0.506867005,0.418572909,0.453058627
2025/5/10 17:00,0.407486393,0.488961651,0.496692396,0.407684456,0.464652059
2025/5/10 18:00,0.452127699,0.478681914,0.499065608,0.400209556,0.474912389
2025/5/10 19:00,0.452644308,0.462704129,0.497428291,0.394095382,0.468231348
2025/5/10 20:00,0.453020411,0.447203457,0.467745809,0.384988988,0.453572258
2025/5/10 21:00,0.452418488,0.472443295,0.47349515,0.39772033,0.46457935
2025/5/10 22:00,0.452465491,0.522264182,0.539810969,0.41976932,0.50262692
2025/5/10 23:00,0.452828314,0.543758297,0.575652788,0.423829623,0.518898891
2025/5/11 0:00,0.453183965,0.579232739,0.578772246,0.436438067,0.53134214
2025/5/11 1:00,0.455557421,0.556866953,0.57761757,0.418001676,0.5258022
2025/5/11 2:00,0.456237076,0.497265927,0.595708181,0.384803226,0.512379204
2025/5/11 3:00,0.456930338,0.478656589,0.604260202,0.368464988,0.509848366
2025/5/11 4:00,0.455900793,0.528387568,0.595946191,0.400442132,0.524060511
2025/5/11 5:00,0.455001509,0.545469654,0.591190546,0.412879272,0.528203405
2025/5/11 6:00,0.443839423,0.504697023,0.596540825,0.390451525,0.513837671
2025/5/11 7:00,0.440048222,0.404131192,0.596115659,0.330733324,0.473020299
2025/5/11 8:00,0.420651803,0.406315264,0.577772939,0.32870631,0.465500664
2025/5/11 9:00,0.380177121,0.402805461,0.57503763,0.300236399,0.452147502
2025/5/11 10:00,0.338115325,0.389294818,0.511588005,0.275364275,0.412744426
2025/5/11 11:00,0.333577389,0.404641954,0.449655803,0.279625084,0.397323653
2025/5/11 12:00,0.332072747,0.442488307,0.443406486,0.295954132,0.408179338
2025/5/11 13:00,0.358218889,0.461174288,0.450378021,0.326660205,0.424120591
2025/5/11 14:00,0.380390724,0.467407288,0.471073456,0.323088187,0.439331081
2025/5/11 15:00,0.40305813,0.480592106,0.497424196,0.329291837,0.460534171
2025/5/11 16:00,0.426972979,0.466188754,0.471258354,0.2937142,0.45307852
2025/5/11 17:00,0.440281358,0.473635374,0.467144028,0.262854117,0.457560098
2025/5/11 18:00,0.455693535,0.465492487,0.468257886,0.255860656,0.459320317
2025/5/11 19:00,0.453212385,0.447844359,0.475380467,0.243606395,0.454947447
2025/5/11 20:00,0.452720452,0.426048386,0.500021915,0.239793367,0.456298575
2025/5/11 21:00,0.452915817,0.425751226,0.502660396,0.244993023,0.456918585
2025/5/11 22:00,0.452934524,0.408880226,0.508377018,0.237665271,0.45217598
2025/5/11 23:00,0.454140906,0.454925232,0.508372591,0.244298448,0.467781073
2025/5/12 0:00,0.452492362,0.499729852,0.498859049,0.282999925,0.479189884
2025/5/12 1:00,0.454034608,0.523488269,0.493577557,0.277822076,0.486900076
2025/5/12 2:00,0.452857674,0.528741937,0.487168418,0.310673128,0.486292165
2025/5/12 3:00,0.453359129,0.533225,0.487075937,0.309964109,0.487679746
2025/5/12 4:00,0.454526197,0.533806242,0.488872885,0.340539206,0.488483954
2025/5/12 5:00,0.455051431,0.531215098,0.479309929,0.346165925,0.484921357
2025/5/12 6:00,0.428746788,0.493039618,0.462568863,0.334942355,0.45865303
2025/5/12 7:00,0.421082372,0.450779321,0.459611772,0.324668298,0.442230198
2025/5/12 8:00,0.418522211,0.403355978,0.46249299,0.310353167,0.426089439
2025/5/12 9:00,0.347853261,0.403741548,0.468353218,0.303522663,0.404587193
2025/5/12 10:00,0.318757746,0.390346559,0.446340709,0.297562815,0.382126528
2025/5/12 11:00,0.37512721,0.408270785,0.419711764,0.282799294,0.399792826
2025/5/12 12:00,0.34860648,0.440827891,0.427649668,0.281753636,0.407480986
2025/5/12 13:00,0.306115449,0.426164076,0.442660016,0.338803806,0.394865156
2025/5/12 14:00,0.337623993,0.472978046,0.452680134,0.395952423,0.427632652
2025/5/12 15:00,0.369949389,0.478742937,0.509371297,0.411327737,0.45736176
2025/5/12 16:00,0.402509313,0.489838779,0.536023145,0.425022871,0.479127466
2025/5/12 17:00,0.419589762,0.4966983,0.536131449,0.427708591,0.485734644
2025/5/12 18:00,0.450880549,0.499211874,0.532838528,0.422593158,0.49451267
2025/5/12 19:00,0.444376201,0.508509593,0.524184349,0.376029603,0.491546696
2025/5/12 20:00,0.443301104,0.506582297,0.452442891,0.364153749,0.465992949
2025/5/12 21:00,0.453346337,0.490812268,0.521347593,0.357500447,0.486726198
2025/5/12 22:00,0.451758928,0.477955308,0.53480903,0.358520366,0.485839514
2025/5/12 23:00,0.454152834,0.498957376,0.542911485,0.380951339,0.495748469
2025/5/13 0:00,0.452722405,0.541896576,0.555223938,0.426466936,0.514165391
2025/5/13 1:00,0.452605171,0.579595014,0.556618402,0.4546551,0.530016804
2025/5/13 2:00,0.451803268,0.582308407,0.560733291,0.455793366,0.533106558
2025/5/13 3:00,0.450287085,0.581575349,0.566615417,0.472296999,0.534893184
2025/5/13 4:00,0.450956568,0.584618212,0.558573163,0.493069603,0.534360277
2025/5/13 5:00,0.453764219,0.597463187,0.450973698,0.49820854,0.509236377
2025/5/13 6:00,0.399865192,0.53678239,0.378953972,0.451267283,0.44645183
2025/5/13 7:00,0.309746496,0.43836729,0.399582031,0.36628843,0.386779887
2025/5/13 8:00,0.260684619,0.360756241,0.39692253,0.295489678,0.339136507
2025/5/13 9:00,0.231250869,0.320446029,0.390441431,0.257121566,0.312745043
2025/5/13 10:00,0.218780032,0.299585233,0.384167064,0.239380678,0.299536979
2025/5/13 11:00,0.214899971,0.294669533,0.42284317,0.172645269,0.307690333
2025/5/13 12:00,0.212920609,0.330888113,0.480872522,0.221296114,0.339400515
2025/5/13 13:00,0.21792553,0.365567777,0.539160607,0.299912098,0.37313917
2025/5/13 14:00,0.233243233,0.405522583,0.534793144,0.348644719,0.395385543
2025/5/13 15:00,0.262715023,0.443267287,0.536533571,0.388157532,0.422790657
2025/5/13 16:00,0.315201075,0.514682365,0.541579018,0.425432031,0.466588147
2025/5/13 17:00,0.390239506,0.611483676,0.539047457,0.488897452,0.520851181
2025/5/13 18:00,0.451042307,0.618641212,0.529171661,0.450150225,0.536231325
2025/5/13 19:00,0.45295546,0.578196784,0.488077723,0.420927067,0.508634851
2025/5/13 20:00,0.453117173,0.540550533,0.461709508,0.405522324,0.485925159
2025/5/13 21:00,0.454102372,0.509865024,0.432399111,0.383524765,0.465040421
2025/5/13 22:00,0.445067762,0.49269065,0.432582285,0.365264586,0.456202894
2025/5/13 23:00,0.441331267,0.50231166,0.434779441,0.363219958,0.459064596
2025/5/14 0:00,0.447662487,0.494981283,0.506974207,0.415607505,0.482719994
2025/5/14 1:00,0.455858649,0.502308446,0.577059091,0.443619276,0.511117456
2025/5/14 2:00,0.454440376,0.517719609,0.576167459,0.454860487,0.51569434
2025/5/14 3:00,0.453853504,0.518383191,0.578244854,0.455208243,0.516005356
2025/5/14 4:00,0.453864817,0.516712169,0.574924294,0.450634243,0.51453015
2025/5/14 5:00,0.45521492,0.5129935,0.562677429,0.442541547,0.51078362
2025/5/14 6:00,0.400879726,0.465253169,0.544118714,0.39504418,0.470146657
2025/5/14 7:00,0.317362498,0.3940377,0.53750241,0.338006982,0.416141172
2025/5/14 8:00,0.26585789,0.344418067,0.516136531,0.285121508,0.375072936
2025/5/14 9:00,0.23149312,0.314094137,0.505050728,0.254312118,0.348497149
2025/5/14 10:00,0.221563238,0.299328495,0.490368691,0.239085831,0.337441584
2025/5/14 11:00,0.216058942,0.301420671,0.493112648,0.214397953,0.336244281
2025/5/14 12:00,0.213555396,0.321606575,0.507573394,0.25793637,0.347433693
2025/5/14 13:00,0.222827613,0.339383345,0.502375733,0.28142862,0.358255764
2025/5/14 14:00,0.236350775,0.37817484,0.502808935,0.291515827,0.377786214
2025/5/14 15:00,0.265322281,0.425348908,0.506834586,0.358871645,0.408531856
2025/5/14 16:00,0.319387251,0.487502237,0.516379128,0.405919018,0.449210788
2025/5/14 17:00,0.401728692,0.570356321,0.523994282,0.459372508,0.505597079
2025/5/14 18:00,0.45425766,0.599362082,0.521620059,0.343246539,0.526649398
2025/5/14 19:00,0.456278586,0.570308336,0.520577668,0.314443913,0.516237624
2025/5/14 20:00,0.454330348,0.537581639,0.520903233,0.353005214,0.504686872
2025/5/14 21:00,0.454305893,0.502817271,0.522661289,0.371627859,0.492948767
2025/5/14 22:00,0.454290311,0.460318584,0.524424643,0.342030767,0.478501248
2025/5/14 23:00,0.453709784,0.445814111,0.530442856,0.313606382,0.474581235
2025/5/15 0:00,0.453744198,0.464403171,0.55436183,0.381260938,0.488839026
2025/5/15 1:00,0.453507829,0.510973279,0.569308817,0.441252022,0.509637514
2025/5/15 2:00,0.45382982,0.545220716,0.569312124,0.464210267,0.522300224
2025/5/15 3:00,0.454348518,0.554329973,0.567364976,0.47066885,0.525800863
2025/5/15 4:00,0.452137771,0.557340305,0.566141844,0.478315268,0.526103495
2025/5/15 5:00,0.447155288,0.552636288,0.549373318,0.47504431,0.519263405
2025/5/15 6:00,0.394290147,0.487505276,0.5326214,0.42043314,0.473849509
2025/5/15 7:00,0.316978185,0.407753286,0.537793388,0.347873694,0.418400445
2025/5/15 8:00,0.267575251,0.344990823,0.520657381,0.288788353,0.374170499
2025/5/15 9:00,0.236183005,0.31328009,0.513425587,0.268522467,0.349439049
2025/5/15 10:00,0.228116488,0.303406466,0.506182236,0.263610294,0.341323166
2025/5/15 11:00,0.22100958,0.313651248,0.51262547,0.277723969,0.342905326
2025/5/15 12:00,0.222978996,0.317726191,0.522557551,0.279350945,0.348217543
2025/5/15 13:00,0.226579735,0.322485835,0.522837239,0.281418125,0.351779791
2025/5/15 14:00,0.228038983,0.342030057,0.516201082,0.297216491,0.356174714
2025/5/15 15:00,0.230346532,0.388787693,0.518886903,0.334437886,0.371301013
2025/5/15 16:00,0.247639189,0.457838816,0.520713189,0.355125914,0.400392715
2025/5/15 17:00,0.409646065,0.535840646,0.523075013,0.421761723,0.493635419
2025/5/15 18:00,0.466703318,0.562413571,0.522899273,0.452326844,0.51961235
2025/5/15 19:00,0.476687222,0.565027879,0.524227392,0.424673334,0.523222147
2025/5/15 20:00,0.477582276,0.536758594,0.523374327,0.41020653,0.51243288
2025/5/15 21:00,0.482559084,0.517101992,0.526086297,0.39906836,0.507406762
2025/5/15 22:00,0.481150948,0.493938016,0.530764495,0.385302404,0.50005216
2025/5/15 23:00,0.48635866,0.502384331,0.536717702,0.366218007,0.506529617
2025/5/16 0:00,0.492329706,0.522074936,0.555867094,0.368841301,0.52108254
2025/5/16 1:00,0.489556044,0.557609716,0.56407107,0.38701223,0.535973448
2025/5/16 2:00,0.487737135,0.552716577,0.564747987,0.387641573,0.534149588
2025/5/16 3:00,0.490546152,0.542471759,0.571027109,0.378825227,0.53271292
2025/5/16 4:00,0.48962902,0.527906165,0.574499873,0.399239944,0.528084021
2025/5/16 5:00,0.487113736,0.526482391,0.571401699,0.446380287,0.527221963
2025/5/16 6:00,0.435866284,0.501308817,0.569596343,0.428765948,0.50255618
2025/5/16 7:00,0.352278941,0.426177178,0.568207548,0.372058023,0.446584876
2025/5/16 8:00,0.301520433,0.363878528,0.533081994,0.311096255,0.398168037
2025/5/16 9:00,0.253370994,0.348850297,0.508394685,0.297518592,0.37104709
2025/5/16 10:00,0.223448399,0.33786837,0.501331674,0.275524407,0.355397551
2025/5/16 11:00,0.222104339,0.334457917,0.497493665,0.272842078,0.352756437
2025/5/16 12:00,0.223021375,0.350871287,0.507562202,0.293084284,0.361614285
2025/5/16 13:00,0.24070236,0.397618326,0.512931683,0.320380979,0.386283054
2025/5/16 14:00,0.26155624,0.42551984,0.511206767,0.335697503,0.40372391
2025/5/16 15:00,0.266737594,0.438190133,0.515287189,0.31904153,0.409206797
2025/5/16 16:00,0.328997869,0.499172953,0.520585632,0.331507179,0.454975673
2025/5/16 17:00,0.383533743,0.558169198,0.522527437,0.363977134,0.492484039
2025/5/16 18:00,0.452106359,0.563709124,0.528048496,0.385098265,0.515715868
2025/5/16 19:00,0.457056513,0.55902682,0.529719759,0.386070387,0.515750972
2025/5/16 20:00,0.458184313,0.548683439,0.465068499,0.387064549,0.490698977
2025/5/16 21:00,0.458523639,0.550197237,0.44566677,0.389082465,0.485305232
2025/5/16 22:00,0.455990988,0.556411693,0.49471197,0.430351511,0.503970982
2025/5/16 23:00,0.455958826,0.594064313,0.493619696,0.490344501,0.515612921
2025/5/17 0:00,0.456052141,0.60927643,0.501558528,0.500929559,0.523239263
2025/5/17 1:00,0.455835769,0.697585758,0.498736696,0.554111842,0.553953998
2025/5/17 2:00,0.45401123,0.73919842,0.48244591,0.577414707,0.567082894
2025/5/17 3:00,0.456028726,0.724410117,0.480899513,0.567038932,0.563634874
2025/5/17 4:00,0.455606267,0.70772921,0.482683562,0.553831056,0.557494059
2025/5/17 5:00,0.456027925,0.685924017,0.487223582,0.53783012,0.550388795
2025/5/17 6:00,0.401571306,0.599553167,0.470729419,0.484096358,0.49616366
2025/5/17 7:00,0.31687291,0.469303354,0.420075821,0.393757108,0.405958836
2025/5/17 8:00,0.265776545,0.401269891,0.423325741,0.339557451,0.363944343
2025/5/17 9:00,0.237807351,0.359932358,0.420615456,0.303904518,0.338166529
2025/5/17 10:00,0.221868012,0.368534259,0.419130399,0.314834604,0.337408551
2025/5/17 11:00,0.218385233,0.384693801,0.420303174,0.311671225,0.341272887
2025/5/17 12:00,0.212892704,0.396422073,0.424408035,0.282106522,0.345222735
2025/5/17 13:00,0.22469671,0.407511078,0.42809013,0.293991289,0.353652863
2025/5/17 14:00,0.239969011,0.422098943,0.463295818,0.333119609,0.374362053
2025/5/17 15:00,0.280511398,0.450068067,0.524593299,0.371977324,0.419696797
2025/5/17 16:00,0.335598008,0.503476848,0.522319007,0.41372532,0.455949511
2025/5/17 17:00,0.42445949,0.564283058,0.529299137,0.459637062,0.508619062
2025/5/17 18:00,0.490256988,0.564334892,0.565813698,0.453800381,0.539989713
2025/5/17 19:00,0.50816304,0.548693705,0.56794344,0.447474863,0.540198281
2025/5/17 20:00,0.52077114,0.565906239,0.571496061,0.457658251,0.551362202
2025/5/17 21:00,0.53239875,0.592754804,0.577456162,0.473043809,0.566589026
2025/5/17 22:00,0.542242365,0.625330478,0.573333597,0.50254393,0.580593029
2025/5/17 23:00,0.547225455,0.637548802,0.566272939,0.498856873,0.584312775
2025/5/18 0:00,0.545534692,0.662095641,0.564848434,0.514017548,0.591128126
2025/5/18 1:00,0.551472261,0.694915224,0.552437942,0.529464249,0.601002666
2025/5/18 2:00,0.552301283,0.695612739,0.543442888,0.533527873,0.599877487
2025/5/18 3:00,0.553720981,0.721802746,0.533436727,0.550206801,0.607331164
2025/5/18 4:00,0.556093742,0.711225711,0.529632945,0.543758399,0.604499487
2025/5/18 5:00,0.548089619,0.681919754,0.49112757,0.52546406,0.580165522
2025/5/18 6:00,0.553442114,0.602035984,0.522132504,0.489719329,0.561751616
2025/5/18 7:00,0.54509863,0.479851825,0.551071361,0.412635257,0.516606008
2025/5/18 8:00,0.533068457,0.432349639,0.544476113,0.375111703,0.486750264
2025/5/18 9:00,0.528344913,0.444700959,0.530557343,0.386455361,0.4881871
2025/5/18 10:00,0.382980402,0.407743303,0.570577149,0.338977053,0.454628704
2025/5/18 11:00,0.251925157,0.372987107,0.496088157,0.291751812,0.371791459
2025/5/18 12:00,0.23515077,0.365387558,0.543805476,0.285821663,0.375949384
2025/5/18 13:00,0.246563301,0.375013679,0.538855124,0.30775073,0.382448906
2025/5/18 14:00,0.264150995,0.424169363,0.534701853,0.350883918,0.40854166
2025/5/18 15:00,0.302921349,0.487575392,0.573209564,0.401565198,0.459312457
2025/5/18 16:00,0.361345254,0.513331127,0.574528627,0.416143988,0.485165272
2025/5/18 17:00,0.467747558,0.575745182,0.579504664,0.457984254,0.54198563
2025/5/18 18:00,0.534317321,0.580729305,0.576366445,0.428630512,0.562057701
2025/5/18 19:00,0.541254705,0.567737999,0.580050029,0.407322718,0.560095487
2025/5/18 20:00,0.542620202,0.575742524,0.57700883,0.409289719,0.562442587
2025/5/18 21:00,0.542607906,0.587990026,0.56943844,0.410338455,0.564567167
2025/5/18 22:00,0.542636018,0.624887986,0.517078419,0.422873378,0.563550862
2025/5/18 23:00,0.542679679,0.653098435,0.474924066,0.504805534,0.565069962
2025/5/19 0:00,0.542614038,0.692882832,0.441983868,0.59698701,0.573236933
2025/5/19 1:00,0.542961834,0.716005572,0.36752907,0.618786755,0.5655008
2025/5/19 2:00,0.552980664,0.732609902,0.331047798,0.627062077,0.572223244
2025/5/19 3:00,0.551260293,0.728897565,0.307323207,0.628496017,0.570913374
2025/5/19 4:00,0.554183543,0.726823717,0.308284648,0.630554965,0.571724637
2025/5/19 5:00,0.555961731,0.722842237,0.31741989,0.62768173,0.572315511
2025/5/19 6:00,0.477203463,0.65977388,0.360093827,0.570664536,0.528499191
2025/5/19 7:00,0.372931925,0.584409692,0.39955876,0.500431368,0.470882835
2025/5/19 8:00,0.314442949,0.488144458,0.411546152,0.414729424,0.411210021
2025/5/19 9:00,0.279648123,0.464714295,0.404574743,0.383798675,0.389513001
2025/5/19 10:00,0.250295534,0.456008786,0.407933684,0.374322775,0.376778248
2025/5/19 11:00,0.238751981,0.437388379,0.409051992,0.370558781,0.36706756
2025/5/19 12:00,0.238091865,0.430438753,0.431696032,0.348843972,0.373554659
2025/5/19 13:00,0.247789405,0.436818717,0.437809485,0.376976257,0.381480077
2025/5/19 14:00,0.271336747,0.454489406,0.413959695,0.391421286,0.386789932
2025/5/19 15:00,0.31155978,0.504819595,0.429433564,0.434815771,0.422707894
2025/5/19 16:00,0.373724826,0.541405075,0.466074164,0.460977434,0.46590603
2025/5/19 17:00,0.474896664,0.605229157,0.529528607,0.508963836,0.539307516
2025/5/19 18:00,0.538802449,0.594983076,0.540720133,0.494420824,0.558361109
2025/5/19 19:00,0.543300918,0.577700538,0.509239875,0.472513294,0.543003984
2025/5/19 20:00,0.549657243,0.580636833,0.528966433,0.452878773,0.552179324
2025/5/19 21:00,0.545257158,0.629445626,0.498850595,0.468279254,0.559301637
2025/5/19 22:00,0.545521059,0.631439159,0.486238195,0.476204036,0.555979458
2025/5/19 23:00,0.545997087,0.651418434,0.454323588,0.480821761,0.554915965
2025/5/20 0:00,0.545618707,0.697062886,0.424041625,0.505656695,0.565640253
2025/5/20 1:00,0.54949086,0.721598553,0.476258612,0.518548099,0.595485058
2025/5/20 2:00,0.553846366,0.707479666,0.511501248,0.51211271,0.603924389
2025/5/20 3:00,0.552418633,0.695899248,0.509961688,0.560493159,0.601059368
2025/5/20 4:00,0.552424124,0.693201509,0.539554609,0.567499931,0.603367706
2025/5/20 5:00,0.556441852,0.711861556,0.547493454,0.586237338,0.614706284
2025/5/20 6:00,0.48902766,0.669255611,0.571773896,0.558237391,0.589270758
2025/5/20 7:00,0.375200092,0.572544167,0.579929368,0.480675844,0.517093127
2025/5/20 8:00,0.342757294,0.491855575,0.553330695,0.407495314,0.467236842
2025/5/20 9:00,0.285163622,0.417960105,0.525396131,0.344852015,0.413597374
2025/5/20 10:00,0.256092632,0.410958306,0.52207645,0.343078102,0.401318758
2025/5/20 11:00,0.244618124,0.381102422,0.516945528,0.330069658,0.386425913
2025/5/20 12:00,0.244753868,0.392561975,0.529814687,0.337212358,0.395862205
2025/5/20 13:00,0.258176173,0.415560278,0.537692272,0.361444835,0.412796722
2025/5/20 14:00,0.275071535,0.449645843,0.536977659,0.402982927,0.430789438
2025/5/20 15:00,0.311779989,0.485978264,0.536957324,0.431758552,0.455404777
2025/5/20 16:00,0.37143694,0.532775855,0.540329652,0.433448393,0.489290415
2025/5/20 17:00,0.473844239,0.57749741,0.54457645,0.442742245,0.535706897
2025/5/20 18:00,0.541614819,0.584170735,0.545344589,0.411654801,0.555374932
2025/5/20 19:00,0.540935391,0.57222454,0.545247075,0.402328686,0.550803647
2025/5/20 20:00,0.542252504,0.575147034,0.545409227,0.404213098,0.552246396
2025/5/20 21:00,0.542290211,0.585790454,0.538658339,0.450124418,0.554544558
2025/5/20 22:00,0.542858341,0.610832412,0.535691386,0.536338034,0.564651142
2025/5/20 23:00,0.548803889,0.643740162,0.524932324,0.573424977,0.576499474
2025/5/21 0:00,0.5497715,0.651573343,0.532763698,0.577731343,0.583327523
2025/5/21 1:00,0.547181581,0.69030962,0.530808809,0.605344367,0.600974313
2025/5/21 2:00,0.551052988,0.679490899,0.535960158,0.599325097,0.600986139
2025/5/21 3:00,0.554112279,0.667774991,0.528505763,0.590899481,0.59697859
2025/5/21 4:00,0.55505804,0.665639085,0.528849072,0.591396072,0.596866746
2025/5/21 5:00,0.556821707,0.66294824,0.533392156,0.589058473,0.597254881
2025/5/21 6:00,0.505350714,0.62360931,0.549930757,0.549848975,0.568799103
2025/5/21 7:00,0.391944263,0.5403931,0.570701785,0.477022202,0.507457278
2025/5/21 8:00,0.387745411,0.473486537,0.53966469,0.425379047,0.47134206
2025/5/21 9:00,0.342430734,0.449578908,0.516613157,0.397416559,0.441767331
2025/5/21 10:00,0.278680293,0.452071073,0.513868505,0.40248596,0.419237124
2025/5/21 11:00,0.264469538,0.422935428,0.507256617,0.373092438,0.4025286
2025/5/21 12:00,0.273684126,0.428968467,0.507229843,0.367179278,0.408588694
2025/5/21 13:00,0.31467556,0.483477,0.516219567,0.378861833,0.446022919
2025/5/21 14:00,0.36522859,0.53887136,0.529240672,0.454658386,0.486570927
2025/5/21 15:00,0.423254551,0.541097515,0.536984954,0.451399587,0.507619071
2025/5/21 16:00,0.403412068,0.572109329,0.540872951,0.474928828,0.510724877
2025/5/21 17:00,0.515548403,0.589452574,0.53950094,0.491148204,0.548249506
2025/5/21 18:00,0.586630382,0.573721131,0.539242764,0.462899959,0.562817602
2025/5/21 19:00,0.588580054,0.553893668,0.539230282,0.43802339,0.55652173
2025/5/21 20:00,0.58944625,0.547077469,0.535547155,0.450656881,0.553138253
2025/5/21 21:00,0.589069572,0.57946361,0.534792414,0.472682473,0.564206083
2025/5/21 22:00,0.589070301,0.597976404,0.526457426,0.480809891,0.568513361
2025/5/21 23:00,0.597432347,0.634681788,0.519410817,0.521741555,0.583639028
2025/5/22 0:00,0.600536021,0.629531984,0.527238669,0.531440047,0.587412631
2025/5/22 1:00,0.602326594,0.659888489,0.521403992,0.56497656,0.600084877
2025/5/22 2:00,0.606481351,0.672866952,0.515073677,0.57520186,0.607215978
2025/5/22 3:00,0.606798086,0.666447592,0.511015326,0.576117057,0.604518794
2025/5/22 4:00,0.604032339,0.65622424,0.509184408,0.572058644,0.599755438
2025/5/22 5:00,0.604257394,0.646424603,0.513113229,0.586520869,0.59657853
2025/5/22 6:00,0.553015362,0.604468751,0.535833086,0.553190743,0.569135722
2025/5/22 7:00,0.422906209,0.526458082,0.554656631,0.471017446,0.501928536
2025/5/22 8:00,0.358763868,0.444047598,0.539121413,0.394842906,0.445357871
2025/5/22 9:00,0.455677947,0.422849731,0.515810541,0.385507564,0.462445618
2025/5/22 10:00,0.302310293,0.38965466,0.504288775,0.350876006,0.400952728
2025/5/22 11:00,0.290523251,0.388646227,0.501837796,0.350063958,0.395953079
2025/5/22 12:00,0.291690751,0.415565977,0.508633251,0.375146526,0.409370371
2025/5/22 13:00,0.347665527,0.439409366,0.508971849,0.393594981,0.440555549
2025/5/22 14:00,0.329233496,0.433527106,0.50850466,0.38200294,0.431635911
2025/5/22 15:00,0.401500235,0.488024523,0.522239327,0.430684929,0.477417377
2025/5/22 16:00,0.471395249,0.503323509,0.529587819,0.446644171,0.503505854
2025/5/22 17:00,0.54097348,0.545188907,0.539584438,0.486410092,0.540823273
2025/5/22 18:00,0.58092474,0.548560402,0.540405255,0.457117826,0.552753185
2025/5/22 19:00,0.58734762,0.556140793,0.542733212,0.419898229,0.55764132
2025/5/22 20:00,0.58962701,0.576723435,0.540002074,0.442854074,0.565011377
2025/5/22 21:00,0.588755994,0.58950023,0.531518973,0.461943608,0.566634579
2025/5/22 22:00,0.588825664,0.599860905,0.520934598,0.465977949,0.568017427
2025/5/22 23:00,0.593910535,0.66711175,0.509772918,0.556402163,0.594303989
2025/5/23 0:00,0.596544069,0.679167748,0.51432635,0.571118893,0.602568204
2025/5/23 1:00,0.596097257,0.692821746,0.522149734,0.57718221,0.609673254
2025/5/23 2:00,0.60443423,0.675470713,0.52004518,0.563585669,0.605777355
2025/5/23 3:00,0.60631858,0.646534624,0.522849647,0.542553006,0.596599994
2025/5/23 4:00,0.605610861,0.627547925,0.527870993,0.537828089,0.590357492
2025/5/23 5:00,0.604935879,0.607073011,0.531410332,0.537734445,0.582346618
2025/5/23 6:00,0.546481473,0.548817503,0.549240756,0.492463845,0.546954106
2025/5/23 7:00,0.451972404,0.471371891,0.561866398,0.429146699,0.492090815
2025/5/23 8:00,0.396008498,0.416337635,0.53636763,0.376200838,0.447685207
2025/5/23 9:00,0.352930328,0.379500146,0.504703693,0.356351227,0.413583216
2025/5/23 10:00,0.340317442,0.352501702,0.490450734,0.33397764,0.396438746
2025/5/23 11:00,0.311953013,0.340846064,0.481642177,0.323352648,0.381487139
2025/5/23 12:00,0.288919795,0.360567213,0.486322384,0.331816733,0.382310472
2025/5/23 13:00,0.307796549,0.39056208,0.489435329,0.357156326,0.402043426
2025/5/23 14:00,0.333770035,0.433859211,0.496264887,0.39759829,0.429094736
2025/5/23 15:00,0.370742208,0.471941643,0.502231694,0.41852794,0.454610149
2025/5/23 16:00,0.446847468,0.4808999,0.502772821,0.42073029,0.478716605
2025/5/23 17:00,0.481447819,0.551534714,0.514859308,0.47290556,0.515990653
2025/5/23 18:00,0.55385825,0.55329767,0.514805177,0.437789178,0.536741648
2025/5/23 19:00,0.565943225,0.552236223,0.517293496,0.433175205,0.540913347
2025/5/23 20:00,0.570143273,0.563416831,0.520086993,0.460730849,0.546648199
2025/5/23 21:00,0.579698915,0.565960088,0.517677476,0.463657188,0.549458013
2025/5/23 22:00,0.557809353,0.565040756,0.519956816,0.455765586,0.543476043
2025/5/23 23:00,0.542538754,0.576059067,0.524874611,0.455183128,0.544875868
2025/5/24 0:00,0.544100205,0.613506477,0.532868627,0.482029,0.560534312
2025/5/24 1:00,0.546366763,0.621246074,0.534987893,0.518659287,0.566099181
2025/5/24 2:00,0.546263552,0.625208476,0.528432142,0.533384327,0.565881529
2025/5/24 3:00,0.552026153,0.62466929,0.526120366,0.531686498,0.567247236
2025/5/24 4:00,0.545726329,0.598663264,0.536478186,0.514755589,0.560240328
2025/5/24 5:00,0.548540484,0.595559594,0.537671247,0.513029038,0.560633601
2025/5/24 6:00,0.483805649,0.56570992,0.546627537,0.50039392,0.534653696
2025/5/24 7:00,0.447060893,0.529795909,0.55514224,0.470500571,0.513581427
2025/5/24 8:00,0.347484705,0.480979747,0.544685778,0.42035442,0.460918846
2025/5/24 9:00,0.295401958,0.504177901,0.541550244,0.429512934,0.450374821
2025/5/24 10:00,0.265884071,0.428797766,0.550014201,0.379572719,0.416794808
2025/5/24 11:00,0.251724336,0.426890637,0.55706276,0.37417765,0.411865643
2025/5/24 12:00,0.234057476,0.512587916,0.576674501,0.449816724,0.434565714
2025/5/24 13:00,0.263698978,0.475214564,0.56521043,0.415009736,0.429916864
2025/5/24 14:00,0.291012623,0.496388459,0.530421315,0.423581283,0.437357942
2025/5/24 15:00,0.331443079,0.537472263,0.553837747,0.447618078,0.473318286
2025/5/24 16:00,0.462733255,0.569822373,0.553390286,0.476443977,0.529308015
2025/5/24 17:00,0.483758321,0.565977228,0.553904866,0.473405336,0.532853067
2025/5/24 18:00,0.545261012,0.463394922,0.563372593,0.405814627,0.521213493
2025/5/24 19:00,0.549156592,0.403445498,0.570705087,0.36821347,0.503792565
2025/5/24 20:00,0.547842513,0.363006605,0.584176964,0.343254955,0.497059781
2025/5/24 21:00,0.55189945,0.354968754,0.592403015,0.3208182,0.498260874
2025/5/24 22:00,0.552977573,0.371359016,0.597241644,0.312435455,0.50401369
2025/5/24 23:00,0.553058606,0.383128918,0.591151557,0.316552143,0.507873608
2025/5/25 0:00,0.554519328,0.375385424,0.596633803,0.308253351,0.509980379
2025/5/25 1:00,0.555789798,0.404170932,0.603623649,0.320344664,0.519387931
2025/5/25 2:00,0.556366654,0.429043636,0.605698372,0.336918981,0.528575649
2025/5/25 3:00,0.554060312,0.470188968,0.599918988,0.382877646,0.539335735
2025/5/25 4:00,0.553041866,0.499437376,0.594289307,0.401641052,0.546084639
2025/5/25 5:00,0.556626702,0.482273505,0.593479575,0.393951111,0.541336244
2025/5/25 6:00,0.502788152,0.419308697,0.607561934,0.342516229,0.502251461
2025/5/25 7:00,0.3928079,0.409024851,0.602044992,0.353667031,0.456856735
2025/5/25 8:00,0.320838754,0.427017016,0.570704811,0.346263065,0.429849202
2025/5/25 9:00,0.23797138,0.393325354,0.544925655,0.282510691,0.379207735
2025/5/25 10:00,0.225901005,0.355301743,0.51936695,0.252777258,0.354879653
2025/5/25 11:00,0.211070065,0.345999008,0.515937901,0.237066355,0.343932196
2025/5/25 12:00,0.226801323,0.359729855,0.50224096,0.225583408,0.350472917
2025/5/25 13:00,0.234450768,0.375904229,0.596837873,0.232146706,0.379155888
2025/5/25 14:00,0.272939489,0.419583449,0.613817828,0.256267573,0.41419247
2025/5/25 15:00,0.325923927,0.412788092,0.612034099,0.271041427,0.435060292
2025/5/25 16:00,0.404980647,0.411137844,0.646032417,0.265279654,0.468357256
2025/5/25 17:00,0.465273447,0.395790127,0.648849637,0.263506694,0.488359573
2025/5/25 18:00,0.548183443,0.34778911,0.654643957,0.294450232,0.504832107
2025/5/25 19:00,0.552940913,0.331669482,0.671357964,0.274743918,0.505183263
2025/5/25 20:00,0.550299741,0.392310358,0.531467676,0.281028041,0.486980234
2025/5/25 21:00,0.551647791,0.403328473,0.473651135,0.29592445,0.474818195
2025/5/25 22:00,0.551565535,0.401330835,0.47127236,0.312753815,0.474224758
2025/5/25 23:00,0.554736141,0.384690869,0.478705744,0.270358034,0.475653411
2025/5/26 0:00,0.551889278,0.392765038,0.474353275,0.300865589,0.477637268
2025/5/26 1:00,0.549152271,0.436716557,0.462761898,0.364710545,0.486063706
2025/5/26 2:00,0.550631542,0.462444159,0.451613765,0.399245359,0.491354543
2025/5/26 3:00,0.554187302,0.475379076,0.441355716,0.401204008,0.494092942
2025/5/26 4:00,0.554400131,0.468968718,0.447179695,0.40347233,0.493315012
2025/5/26 5:00,0.557650015,0.456574833,0.453395288,0.38905712,0.491515126
2025/5/26 6:00,0.485146417,0.469173015,0.462343133,0.389429014,0.471103959
2025/5/26 7:00,0.372759647,0.498345679,0.45783304,0.424547783,0.441532308
2025/5/26 8:00,0.307097623,0.462765125,0.450182006,0.395337659,0.405363002
2025/5/26 9:00,0.27997682,0.435644153,0.44136557,0.375175545,0.384996154
2025/5/26 10:00,0.266750683,0.395529302,0.436165264,0.338689578,0.362975564
2025/5/26 11:00,0.26093876,0.37082668,0.43485403,0.321610484,0.354067913
2025/5/26 12:00,0.269638168,0.386990033,0.446225129,0.351604004,0.369613009
2025/5/26 13:00,0.313871745,0.40759673,0.481210687,0.360703452,0.406902515
2025/5/26 14:00,0.367495448,0.434052535,0.500352503,0.363830459,0.437977671
2025/5/26 15:00,0.419696091,0.41884015,0.571479569,0.353462421,0.471236726
2025/5/26 16:00,0.460880381,0.444404156,0.5779272,0.363245798,0.49605715
2025/5/26 17:00,0.506695041,0.479110732,0.583702444,0.394034751,0.524250538
2025/5/26 18:00,0.551409514,0.436751604,0.5804075,0.382078032,0.523115208
2025/5/26 19:00,0.566335507,0.403715517,0.565901355,0.334590477,0.509419967
2025/5/26 20:00,0.564301349,0.417798131,0.50137027,0.337326153,0.494007006
2025/5/26 21:00,0.563563576,0.382419308,0.45354719,0.321911085,0.469400987
2025/5/26 22:00,0.550647455,0.376682604,0.429937514,0.329919978,0.456009763
2025/5/26 23:00,0.555407717,0.419557379,0.428709173,0.359777591,0.468593815
2025/5/27 0:00,0.56280806,0.403350669,0.449843822,0.350468999,0.473553201
2025/5/27 1:00,0.56646233,0.398092432,0.466467145,0.343761389,0.478181113
2025/5/27 2:00,0.566007212,0.460162946,0.464092385,0.370457894,0.496473507
2025/5/27 3:00,0.567287046,0.49247123,0.448849039,0.385592321,0.501720787
2025/5/27 4:00,0.563494367,0.493560639,0.452753671,0.390068966,0.502441163
2025/5/27 5:00,0.565809998,0.469788732,0.457554592,0.375413913,0.49487537
2025/5/27 6:00,0.485049122,0.420145141,0.476420455,0.340170552,0.455679049
2025/5/27 7:00,0.373273651,0.373216043,0.469461825,0.311289076,0.403232758
2025/5/27 8:00,0.3047734,0.333266663,0.441314927,0.267692203,0.359987198
2025/5/27 9:00,0.272266285,0.302773738,0.419242713,0.253267321,0.331713887
2025/5/27 10:00,0.252236592,0.303843392,0.411056026,0.245867121,0.323347249
2025/5/27 11:00,0.262719836,0.289413751,0.399565683,0.247503671,0.319486615
2025/5/27 12:00,0.269602863,0.286386251,0.415188866,0.248936035,0.32489334
2025/5/27 13:00,0.261420321,0.291679832,0.429167978,0.254437029,0.330210082
2025/5/27 14:00,0.318194098,0.306138463,0.454821575,0.259412963,0.360418209
2025/5/27 15:00,0.383672681,0.338020772,0.434146302,0.256172001,0.384943046
2025/5/27 16:00,0.451737779,0.334641306,0.437396209,0.260662226,0.402636737
2025/5/27 17:00,0.497266549,0.406826701,0.487763664,0.312617781,0.461618732
2025/5/27 18:00,0.557022616,0.415321758,0.551310353,0.338843766,0.506839176
2025/5/27 19:00,0.558500548,0.436182603,0.541732874,0.340373988,0.508815108
2025/5/27 20:00,0.549602891,0.495744418,0.439928649,0.384416617,0.488289077
2025/5/27 21:00,0.554289367,0.504463351,0.425324238,0.417190085,0.490204155
2025/5/27 22:00,0.55818056,0.504223581,0.417521475,0.419633204,0.490443018
2025/5/27 23:00,0.555181809,0.512359147,0.419110021,0.421524335,0.494235975
2025/5/28 0:00,0.55038102,0.567434886,0.428722458,0.463602517,0.515496299
2025/5/28 1:00,0.550548106,0.620656918,0.424579392,0.495319687,0.537160712
2025/5/28 2:00,0.555800312,0.645350593,0.406518991,0.507742975,0.548026699
2025/5/28 3:00,0.56465802,0.641450344,0.40330395,0.503909829,0.549487755
2025/5/28 4:00,0.571227215,0.605155792,0.42786849,0.492481982,0.542372841
2025/5/28 5:00,0.567128894,0.583219684,0.428842927,0.475832178,0.531820935
2025/5/28 6:00,0.499646248,0.543584118,0.445708058,0.44647505,0.499808892
2025/5/28 7:00,0.461047709,0.492682938,0.457450115,0.399787596,0.471504136
2025/5/28 8:00,0.384250688,0.447638888,0.452084769,0.351772448,0.429714214
2025/5/28 9:00,0.341215736,0.40633445,0.438575214,0.326108155,0.398132161
2025/5/28 10:00,0.311490329,0.420296986,0.439068606,0.325905164,0.394658792
2025/5/28 11:00,0.300064646,0.415928187,0.440852645,0.351092998,0.392076838
2025/5/28 12:00,0.299236824,0.470901186,0.446155131,0.394361546,0.412359568
2025/5/28 13:00,0.294452246,0.450638943,0.448164388,0.392712064,0.40649696
2025/5/28 14:00,0.295738287,0.413359214,0.442559548,0.359877456,0.389561308
2025/5/28 15:00,0.373167724,0.467371816,0.444401068,0.397769008,0.433193955
2025/5/28 16:00,0.449476454,0.5159877,0.444805967,0.439040926,0.471243502
2025/5/28 17:00,0.513309417,0.548744099,0.445029245,0.468180777,0.498871701
2025/5/28 18:00,0.547968049,0.563855562,0.441177961,0.455436607,0.5115334
2025/5/28 19:00,0.553514908,0.539037448,0.435348589,0.437709313,0.503904627
2025/5/28 20:00,0.558817269,0.523967476,0.432322759,0.428394565,0.501649825
2025/5/28 21:00,0.565544309,0.525990581,0.428427517,0.411193373,0.505466958
2025/5/28 22:00,0.554417623,0.517984347,0.428777927,0.419009739,0.498911458
2025/5/28 23:00,0.555384976,0.560405397,0.42065595,0.464184974,0.512375216
2025/5/29 0:00,0.552602578,0.550109402,0.436947124,0.471212607,0.516965527
2025/5/29 1:00,0.549675279,0.601983491,0.433120601,0.49939597,0.535632861
2025/5/29 2:00,0.554553341,0.699984615,0.398187208,0.52287923,0.565866488
2025/5/29 3:00,0.553295925,0.70512801,0.388516768,0.528505251,0.568386643
2025/5/29 4:00,0.552823419,0.685209824,0.395471649,0.498895125,0.560727945
2025/5/29 5:00,0.548218971,0.668815637,0.400992814,0.458642582,0.552864879
2025/5/29 6:00,0.507083495,0.666333898,0.416948664,0.515813511,0.542362964
2025/5/29 7:00,0.407429178,0.660324067,0.43788659,0.504122609,0.512603814
2025/5/29 8:00,0.375876584,0.610659838,0.448572174,0.473367807,0.481123152
2025/5/29 9:00,0.337461272,0.525486087,0.429498878,0.412504655,0.431420786
2025/5/29 10:00,0.388114525,0.543708708,0.424629527,0.399564709,0.4528148
2025/5/29 11:00,0.46862339,0.57693967,0.424614986,0.362191137,0.485796653
2025/5/29 12:00,0.446566505,0.636358964,0.421457672,0.386749599,0.499852775
2025/5/29 13:00,0.435318207,0.617201291,0.427438852,0.365200153,0.492119721
2025/5/29 14:00,0.432966038,0.635294947,0.433960812,0.366834317,0.49564776
2025/5/29 15:00,0.490321205,0.629960851,0.439720026,0.359446579,0.512926974
2025/5/29 16:00,0.534415129,0.615474352,0.434531376,0.342997188,0.516123492
2025/5/29 17:00,0.547651892,0.618839553,0.419385172,0.34841536,0.516754626
2025/5/29 18:00,0.560223719,0.564356332,0.41924255,0.337726447,0.505275134
2025/5/29 19:00,0.555264475,0.477658446,0.42490036,0.303858215,0.480426192
2025/5/29 20:00,0.555104431,0.435309915,0.431839809,0.285727401,0.467960116
2025/5/29 21:00,0.566269469,0.411960133,0.43328143,0.26529325,0.46520228
2025/5/29 22:00,0.56698337,0.379158102,0.43677036,0.243145404,0.458720399
2025/5/29 23:00,0.56890416,0.349864089,0.448008311,0.230219525,0.458565694
2025/5/30 0:00,0.573678871,0.33611001,0.463226777,0.206055194,0.462893555
2025/5/30 1:00,0.576737646,0.356413928,0.47952421,0.218838254,0.475350123
2025/5/30 2:00,0.573628547,0.418993335,0.470569614,0.252231188,0.490319707
2025/5/30 3:00,0.575506888,0.482268056,0.444407677,0.313168767,0.502493468
2025/5/30 4:00,0.577337177,0.48693754,0.443973805,0.3172906,0.50333454
2025/5/30 5:00,0.575402499,0.496118111,0.44125781,0.32113898,0.504746763
2025/5/30 6:00,0.533184759,0.459786689,0.452929339,0.357067507,0.479380823
2025/5/30 7:00,0.463162238,0.381963493,0.468091162,0.324352406,0.432657604
2025/5/30 8:00,0.357312685,0.36698551,0.451827597,0.302883187,0.389259387
2025/5/30 9:00,0.281948681,0.326903609,0.433151798,0.279656176,0.34467987
2025/5/30 10:00,0.279305636,0.322846199,0.422802561,0.290164274,0.342362119
2025/5/30 11:00,0.23466889,0.280929649,0.411039381,0.251785706,0.308688414
2025/5/30 12:00,0.226950639,0.283525991,0.399697487,0.254710795,0.307968548
2025/5/30 13:00,0.217793141,0.271478721,0.392686473,0.240421139,0.297996719
2025/5/30 14:00,0.237073845,0.272907793,0.410322821,0.243637804,0.311020973
2025/5/30 15:00,0.283314618,0.293197522,0.448457584,0.263800599,0.345576346
2025/5/30 16:00,0.363915136,0.302054359,0.482293704,0.282971733,0.388297286
2025/5/30 17:00,0.470134152,0.293111988,0.553866968,0.289802305,0.447647763
2025/5/30 18:00,0.562232229,0.275600479,0.574573177,0.225636665,0.47752004
2025/5/30 19:00,0.576518187,0.263032418,0.526130647,0.211974804,0.459909066
2025/5/30 20:00,0.561383665,0.333538525,0.436128793,0.258785732,0.445627808
2025/5/30 21:00,0.557671688,0.314004626,0.435422127,0.238723618,0.439821427
2025/5/30 22:00,0.550411783,0.342053002,0.437809262,0.252425725,0.446253869
2025/5/30 23:00,0.546044552,0.433703043,0.431056931,0.305225017,0.472277074
2025/5/31 0:00,0.552616547,0.52779711,0.413897446,0.351627897,0.501343326
2025/5/31 1:00,0.560153584,0.588108273,0.411362544,0.38382524,0.521486455
2025/5/31 2:00,0.560455332,0.645423989,0.388493768,0.465182306,0.536676621
2025/5/31 3:00,0.561901131,0.654954169,0.374811563,0.501613304,0.539945119
2025/5/31 4:00,0.563044001,0.64755585,0.370973008,0.499941114,0.536862422
2025/5/31 5:00,0.553040337,0.614305538,0.384632865,0.483489887,0.525349763
2025/5/31 6:00,0.506521649,0.543107412,0.42491663,0.437919224,0.496052208
2025/5/31 7:00,0.418980251,0.441881274,0.477312484,0.377533138,0.442033116
2025/5/31 8:00,0.369349759,0.40775185,0.485450045,0.367002536,0.41490754
2025/5/31 9:00,0.27674482,0.366790482,0.491121293,0.319423029,0.366295834
2025/5/31 10:00,0.24962789,0.320284005,0.514925949,0.277830021,0.344835109
2025/5/31 11:00,0.264593708,0.310644149,0.541444097,0.271566474,0.356548798
2025/5/31 12:00,0.254999936,0.316984927,0.614996975,0.279890596,0.373864247
2025/5/31 13:00,0.253632337,0.340784046,0.639471576,0.297533935,0.390398528
2025/5/31 14:00,0.275172436,0.424801303,0.618792263,0.370011269,0.428612689
2025/5/31 15:00,0.304084502,0.495509973,0.607646853,0.431079556,0.464575124
2025/5/31 16:00,0.403214622,0.548567448,0.598959376,0.47616821,0.51529904
2025/5/31 17:00,0.476928048,0.517635535,0.598475747,0.444304922,0.529274502
2025/5/31 18:00,0.541611249,0.492504868,0.598719758,0.358592539,0.54232531
2025/5/31 19:00,0.543944335,0.494141863,0.6054423,0.335125049,0.545279079
2025/5/31 20:00,0.546374241,0.530578106,0.611670719,0.327087327,0.558842779
2025/5/31 21:00,0.545773855,0.554124667,0.562778549,0.331404916,0.549739497
2025/5/31 22:00,0.543296184,0.566567207,0.485550473,0.364853333,0.528714346
2025/5/31 23:00,0.543533158,0.625328751,0.472700704,0.493948312,0.544646967