,南部,中部,北部,東部,全台
2024-11-01 00:00:00,549.1397145184292,532.9843646584933,489.42051194340166,512.6785128863643,520.27701252799
2024-11-01 01:00:00,548.058680806335,560.472610559559,500.44538503267313,533.5371995915813,533.6290827052773
2024-11-01 02:00:00,548.7522203191742,557.034234946033,507.47697736321055,531.2523711036843,536.475752115832
2024-11-01 03:00:00,547.1202856028392,534.3592978328542,511.87148923551547,513.6595493000602,529.9557327602718
2024-11-01 04:00:00,547.2872167921864,536.2477059306331,527.6992797385572,515.6715990537625,536.3318319859233
2024-11-01 05:00:00,545.9301020310776,552.8867897989014,513.2200323994398,528.6143238848931,536.4547934348817
2024-11-01 06:00:00,542.9656936414204,567.9233172441699,487.93116245764924,538.4406191100778,529.5797856241962
2024-11-01 07:00:00,509.1823857752483,550.997656829935,480.95080657495157,520.1006127321501,511.4338596939192
2024-11-01 08:00:00,445.5772819652193,493.929866068407,477.7962415001811,465.1701396936504,472.3411472758866
2024-11-01 09:00:00,423.4987912963582,493.8891654916123,477.9487979203703,464.1395788367049,465.5067318359436
2024-11-01 10:00:00,326.86803253015773,487.9549414266097,477.98807302143695,451.1262593941149,427.96060909407083
2024-11-01 11:00:00,374.3794821431724,489.45841855195437,492.3192919408795,462.05772988638586,455.74492476286287
2024-11-01 12:00:00,444.20729238514036,516.7195290975128,512.8708705295528,461.7095565132734,496.9795357074936
2024-11-01 13:00:00,326.2662798958811,506.96975954961744,513.4282047591544,357.3901504200625,450.5291715475088
2024-11-01 14:00:00,357.1085000988563,517.356019195692,499.04765477620583,365.95412897404645,459.9992074679328
2024-11-01 15:00:00,410.01058156675583,520.7659289783578,495.75441497603646,370.23648202280464,477.4420433995284
2024-11-01 16:00:00,467.03991661653305,540.072215202995,495.00922243355427,384.8414178224416,499.46503185525717
2024-11-01 17:00:00,533.5083223921919,533.1722166239257,494.06238465380756,394.5064414218267,515.0004472176321
2024-11-01 18:00:00,534.6701258666119,552.5734475210235,500.8282877922964,412.9328298643641,525.0977591288402
2024-11-01 19:00:00,534.841600277469,571.2697276319705,503.7852801109683,430.3452445155946,532.7993135101271
2024-11-01 20:00:00,535.1300834116167,600.4049340144262,503.266338749321,451.70667810520564,542.7475493357583
2024-11-01 21:00:00,535.0244046275438,622.6389288218569,499.58549349450254,462.46671991267254,549.4122731143284
2024-11-01 22:00:00,535.0560985093592,633.8917409802885,494.3630845524302,464.56076690863284,551.6510246320405
2024-11-01 23:00:00,535.2386013863292,642.7017694402282,497.5505736619906,468.33098160534325,557.8837329608132
2024-11-02 00:00:00,536.1796746163785,632.3421425446506,506.0964291540703,455.7191459106779,560.196001319882
2024-11-02 01:00:00,537.9762347374624,633.0492048948169,515.694495141621,449.47268098802573,563.5215394866485
2024-11-02 02:00:00,544.4860706647343,613.2678805931291,509.2570164394027,430.4964344743923,555.2713676839461
2024-11-02 03:00:00,558.6940371805156,605.1349540420982,503.2753443238213,416.2485820679032,553.9128830163149
2024-11-02 04:00:00,559.1591659804637,577.5187745191726,496.76756655737216,396.3437284203392,540.9654911708506
2024-11-02 05:00:00,555.4583496975042,575.0271521907598,485.4025325989776,401.74513878607155,534.6984094633257
2024-11-02 06:00:00,527.0897637856779,514.1601975660383,483.35924049038596,366.7487235822283,502.7890911820181
2024-11-02 07:00:00,411.80885166911645,414.63507743860544,466.9707756752251,302.3725466756712,428.90518488599696
2024-11-02 08:00:00,316.4323848443696,326.82597338569326,441.3076401692718,245.36270315991732,358.4843321897845
2024-11-02 09:00:00,274.84950339843425,277.8296739657587,415.4622630132236,214.96804499422288,319.16924124077275
2024-11-02 10:00:00,255.80398380866396,259.41315431744977,402.62043186803277,202.68194432115826,302.36306992818606
2024-11-02 11:00:00,247.11220415267752,253.0050986335714,399.1279035218883,195.32251462881715,296.13331173634026
2024-11-02 12:00:00,249.65408419923102,256.31771563549444,401.43836014830845,194.96132080608385,298.7058660991484
2024-11-02 13:00:00,263.23500842205493,264.3359247997081,409.66381484219903,199.55989935121846,307.67055219129315
2024-11-02 14:00:00,291.09609826493437,280.4930791024504,419.56320779161166,210.33968741492782,325.5687997660237
2024-11-02 15:00:00,346.99021926997494,313.32958310092744,429.15455214101684,229.74543566421187,359.36792625868793
2024-11-02 16:00:00,453.0598394981921,368.48001453874673,440.80252716726585,271.03350314706245,416.71619860781476
2024-11-02 17:00:00,533.7066358728501,405.2585580344337,458.29814480232324,306.1529507401295,460.02757366686296
2024-11-02 18:00:00,537.0832631116352,452.1458362141871,471.9996945484867,335.9436011648318,481.64724593450313
2024-11-02 19:00:00,540.3493878190778,486.19494336786136,468.2233206189194,356.18633186687856,492.360352784224
2024-11-02 20:00:00,543.6298148277019,534.1317628481482,475.8537269667995,385.70472512283993,511.6140930547415
2024-11-02 21:00:00,544.0432009750712,551.5681773684241,478.8336386440125,398.5835155027657,518.6549290634078
2024-11-02 22:00:00,546.2244883839179,568.3026735686564,484.90478185661897,399.32303313734957,526.8091878366567
2024-11-02 23:00:00,544.5017347993403,563.415289912884,482.9238697105523,382.8994460679188,524.5250705684734
2024-11-03 00:00:00,543.310327424296,539.6266949820764,475.178323697263,355.3447432712923,512.8842277146274
2024-11-03 01:00:00,545.0513953640369,523.8026506216155,471.5986955548023,341.70618685361575,507.12987190031004
2024-11-03 02:00:00,538.9729296383409,527.7395554713786,469.50588527411435,353.78946858657434,505.99570561604116
2024-11-03 03:00:00,529.9210992498679,519.5559448814064,464.85893112089974,344.8744527595527,499.19693096739087
2024-11-03 04:00:00,530.136985134048,514.0250359184533,469.94149301605626,338.34481006247347,499.4615499345374
2024-11-03 05:00:00,529.7072313165154,510.2167792627311,474.346169828675,341.3904857293616,499.5937703831767
2024-11-03 06:00:00,519.5335030974607,481.53825264688504,473.8404346852708,328.8790015713971,486.61471716219546
2024-11-03 07:00:00,409.0335929795289,419.59099807751886,464.7525916329128,283.0942225959922,428.9723920926351
2024-11-03 08:00:00,324.63148969634426,336.9244207044563,444.25412514448107,226.15464366092192,364.1226847916915
2024-11-03 09:00:00,280.90722296817734,300.8105704352655,420.7050626753034,201.30416272043888,330.0137149628604
2024-11-03 10:00:00,260.4497524803136,274.86861695081086,411.7878515253539,184.41174912798908,311.208160202462
2024-11-03 11:00:00,251.44514390908878,273.8286871305442,409.3683977065905,195.03301666801224,307.41808636718474
2024-11-03 12:00:00,252.0484444865481,293.4574360641633,412.88205261038166,205.72163913792755,316.61810283919084
2024-11-03 13:00:00,264.4259985042793,306.37549777636656,416.6883696064092,218.42811169641243,327.49305209906584
2024-11-03 14:00:00,294.841087855223,330.4114631497961,426.474783052893,237.31795335345112,350.02427276729946
2024-11-03 15:00:00,351.55669843614214,383.83172056435825,440.66844663074636,269.845959156025,392.8902146032507
2024-11-03 16:00:00,457.38716737534935,450.878962669852,459.65129012357073,320.2857557658755,453.4240306461952
2024-11-03 17:00:00,539.2207940106854,488.8004161604922,467.5210063727017,352.7468473934213,490.2116681228426
2024-11-03 18:00:00,538.5097461791147,486.1434149802265,466.1197214094658,355.3724289919901,489.2546058557213
2024-11-03 19:00:00,537.0323362179053,472.9764775076565,463.6468098200439,343.77999206216543,483.3004796562879
2024-11-03 20:00:00,536.1580396721715,472.0944523587246,465.33839890073335,342.6476901499116,483.3386447023724
2024-11-03 21:00:00,536.2380891280711,459.3031194490676,463.51306832973773,335.04707210673155,478.9349162631219
2024-11-03 22:00:00,536.9143707857107,500.8639267697876,469.05698770207766,356.6468361958845,495.4981884214611
2024-11-03 23:00:00,537.1306455252472,523.5490344080989,469.62096320467833,359.4571111934054,505.11893017496055
2024-11-04 00:00:00,538.3737951228353,558.4214310372884,469.8057266534716,369.0281326924914,517.3380536869529
2024-11-04 01:00:00,540.9549101193976,613.3432776940327,464.83242562125594,398.59082396419063,535.8214816355318
2024-11-04 02:00:00,542.9783502064266,627.4240267574642,458.29541523820245,402.1254034994558,541.3853432265603
2024-11-04 03:00:00,542.0142252436732,631.4828651362959,458.3907765052166,416.4087871065705,543.4904284076212
2024-11-04 04:00:00,538.3965471644055,628.4645878425742,454.91769862640035,416.4154920976875,541.811925336481
2024-11-04 05:00:00,537.7952754742765,631.8341179206019,443.2740781883691,422.49092248601914,537.2162000404664
2024-11-04 06:00:00,523.3902219760711,612.4401924210869,423.3588669987002,396.5122301356411,518.037975745038
2024-11-04 07:00:00,427.69959307605495,533.5379804959754,428.91595062452535,325.0123078259902,464.83886942930604
2024-11-04 08:00:00,347.4527648424416,462.25346579021937,428.0795560585229,268.0021132374157,413.4122874196161
2024-11-04 09:00:00,291.22510197010746,412.29992522460907,420.6788732849192,228.39729481459142,374.84222005880315
2024-11-04 10:00:00,276.4674605768964,378.6468993250922,413.0677222606171,212.51217581443044,355.5903984931679
2024-11-04 11:00:00,258.4169877504865,349.6244561108777,413.28506954743926,220.4354280913031,339.16675683502444
2024-11-04 12:00:00,255.31387689570835,341.28547282805675,416.9022925966235,216.02567749319698,336.62798825410874
2024-11-04 13:00:00,270.72473154978866,352.09309364004565,415.947308000353,233.1851062483333,346.9349804297512
2024-11-04 14:00:00,299.6867299518104,387.5300237755684,412.8932794762933,268.5113152850099,369.10426691099616
2024-11-04 15:00:00,362.36052193781865,417.6334257497781,418.3327328563938,289.93269693912936,400.49379582280864
2024-11-04 16:00:00,467.83702327473446,426.69782466111866,421.14393745725107,295.9002082350652,433.7223651451602
2024-11-04 17:00:00,533.034457011598,441.6237599536828,425.63535786418964,320.02422531515384,457.9576732771824
2024-11-04 18:00:00,538.3821898595204,445.69873485597594,425.78242702335774,327.36265195814417,461.0038342396937
2024-11-04 19:00:00,538.3308969702068,471.3932177209573,430.58594192188593,345.76517827562844,472.39673801416535
2024-11-04 20:00:00,536.7626846205511,502.891736819357,435.40538294444553,367.5760404820474,485.6631316400675
2024-11-04 21:00:00,540.8039381734708,497.4113681887817,434.0329596012317,355.36285569340146,484.3224101370298
2024-11-04 22:00:00,539.3901860005477,488.6604588833047,436.44500316975757,327.69001255655087,482.6100420076177
2024-11-04 23:00:00,544.9351725274461,479.92088938683855,429.3959698527358,317.0634556270308,481.1314347366503
2024-11-05 00:00:00,544.2794992210178,509.1247824845276,448.59288993834576,331.29176225604886,498.09842458830605
2024-11-05 01:00:00,547.5470060331744,542.876572227335,449.0974900163109,342.51550486545995,512.2522228598101
2024-11-05 02:00:00,543.1540501030734,546.8421466082613,448.6235042662408,350.77311390366214,512.6511082673151
2024-11-05 03:00:00,543.6736384937223,518.6646307395088,449.42055130721127,343.55280938484856,502.83882798201273
2024-11-05 04:00:00,545.8079920795523,498.3299454272329,453.53659889308295,331.73978444937563,496.18908076556437
2024-11-05 05:00:00,545.5863405175053,480.54103547029035,447.98098468998114,326.2117704783217,487.2096702423394
2024-11-05 06:00:00,541.5048276598831,448.62115702083065,430.6540058964065,301.6911357981198,466.1947176745267
2024-11-05 07:00:00,497.0664382444557,434.6213198959513,426.4192817401784,284.6188586401711,446.68345490942556
2024-11-05 08:00:00,461.0067930603595,409.3696219113539,423.5604657534982,237.62403351254972,426.6012676329906
2024-11-05 09:00:00,357.64633585285225,366.4254162885102,412.0952251668649,176.18989664878814,377.19615282483574
2024-11-05 10:00:00,293.9075551322805,326.0803663800589,398.54422114608815,165.27656201226338,337.75948473719666
2024-11-05 11:00:00,260.02713126778417,318.7233026298556,401.8745350703768,166.8756464026968,325.0026914942624
2024-11-05 12:00:00,272.15282197878264,327.22718396714384,408.0460540379278,198.11070344228185,336.13250272729726
2024-11-05 13:00:00,279.16780284040686,338.41553048908827,410.8813395752554,220.4073343150136,343.30555459521594
2024-11-05 14:00:00,325.5323592275547,382.6779285959759,413.98023927399163,258.147284889858,376.14803385317117
2024-11-05 15:00:00,373.2827694719179,413.70099787929365,423.3468764678057,286.7293428563072,404.20511982694325
2024-11-05 16:00:00,464.7734577147195,429.9160435733219,441.1243865601269,295.500190978254,441.00264836346355
2024-11-05 17:00:00,521.2788962605218,450.2483844327051,451.18005805936997,319.10917300829556,466.8380825412493
2024-11-05 18:00:00,522.5970222571202,470.67517052981333,445.90789513520724,343.01366188792844,472.34041479165563
2024-11-05 19:00:00,524.0762022481389,486.1598489780793,439.0989973029161,355.1877485560501,475.83729080118667
2024-11-05 20:00:00,525.8345477229069,521.0984552954043,432.9059888363822,378.4125022356463,486.36398072731504
2024-11-05 21:00:00,529.3374593710662,511.70113294715577,428.49607741201856,363.2416508118495,481.9791681614709
2024-11-05 22:00:00,526.213623759828,495.92393881491137,425.9379169318074,327.83669629563553,475.2033383656595
2024-11-05 23:00:00,512.4765385043157,509.4757408336339,430.32597181361785,324.8811462214544,480.31227292614614
2024-11-06 00:00:00,501.2035567223449,520.3968800378984,438.75052271008786,324.97882532838946,485.7234864245729
2024-11-06 01:00:00,500.96710685495685,559.2267447395441,440.46022849957285,348.72606623389015,502.97174147996105
2024-11-06 02:00:00,503.8361567249307,555.7135214510945,440.09020700665474,342.01029110712204,503.4604148836488
2024-11-06 03:00:00,503.5970012028489,545.9374635722816,439.33514313649573,333.87147074692916,500.14888365026405
2024-11-06 04:00:00,501.13996106118776,543.0867737247521,438.25007259057963,347.24339969288997,497.98724578520245
2024-11-06 05:00:00,501.13542952439104,541.3358970780549,432.06576858294113,344.46751775500087,494.9426920551207
2024-11-06 06:00:00,489.93971310689386,496.12214734633136,422.76773486129247,318.24043490724546,468.8071522312321
2024-11-06 07:00:00,378.8621140651507,438.8037019169495,423.2381351179449,277.61240109171536,416.40939093388357
2024-11-06 08:00:00,287.93201514877427,377.67834915747676,420.5075175751691,232.55502669736993,364.7643120776401
2024-11-06 09:00:00,241.7874317628709,327.3534387678552,406.06384266043256,209.1587454243966,326.49680127162594
2024-11-06 10:00:00,223.5446387474614,293.85891204552087,395.0402932715238,195.87292266924683,305.0248610713971
2024-11-06 11:00:00,218.46143948643038,285.7706433765915,394.69480266983436,190.55959146602547,300.24719060930033
2024-11-06 12:00:00,220.38500237753672,307.9044043783313,410.90956487373415,195.60829388683464,313.94482536939785
2024-11-06 13:00:00,234.24468365481795,327.78812766999454,411.713265595158,213.67893415431254,328.37812702171976
2024-11-06 14:00:00,273.0024493679444,372.01910098013275,415.0775606317426,241.7547383570258,358.9961788500923
2024-11-06 15:00:00,347.2243872035583,423.8951051333893,423.4328819837286,275.93910010212556,402.0473850010845
2024-11-06 16:00:00,460.1237589153878,452.8819111286941,423.47926156977076,306.4128784684767,442.65630808703696
2024-11-06 17:00:00,531.1604124930657,469.37751510070666,426.96484003379055,333.90705036445405,467.6775872389003
2024-11-06 18:00:00,533.1326688317673,487.1609556184125,432.3903502769538,353.34927480388063,477.2195119752892
2024-11-06 19:00:00,533.0214424368679,503.7582330796182,428.90808309870454,365.12560980548415,482.6859960330188
2024-11-06 20:00:00,533.9648931211545,539.3435644626115,423.8627957898299,390.56848556843187,494.334469972807
2024-11-06 21:00:00,534.2277415644454,531.3526470436312,422.23160772725123,379.67326889677656,490.14495147786903
2024-11-06 22:00:00,538.3265012819418,507.4032431769998,422.63613358987067,351.30709880852396,481.322487129082
2024-11-06 23:00:00,543.6189874580052,488.35256163721056,422.29151137602923,329.1154519833587,477.5400774359145
2024-11-07 00:00:00,539.9694919347361,506.2861484602259,437.85007494603377,342.28455796550236,489.45165412841067
2024-11-07 01:00:00,535.939440493945,518.0286605333338,449.9634914516773,350.4106119402642,497.36322102105976
2024-11-07 02:00:00,539.2510007515291,531.7913745314232,451.2406286247064,357.2373915598175,505.2981104887911
2024-11-07 03:00:00,539.4573431094194,530.3686761296435,458.0593693772596,358.78980627972805,507.17207973827766
2024-11-07 04:00:00,535.9284763701819,535.2523341501205,442.52671692091207,360.68634878404237,503.9557673998432
2024-11-07 05:00:00,534.9634099348548,552.558730252012,433.6307830875059,374.4211850132902,507.714464649323
2024-11-07 06:00:00,526.1062888741706,524.915312821653,418.10410786320284,344.83441411319154,488.43665694713883
2024-11-07 07:00:00,416.4708636472728,457.3902936995619,414.28695838313354,297.6013440336549,430.492746203612
2024-11-07 08:00:00,331.58387706413305,382.66762390431745,405.96854777615306,250.46832695681186,373.1127453210104
2024-11-07 09:00:00,279.7500770967567,326.77501260417887,390.9437180975061,193.25627761310216,331.8114775215667
2024-11-07 10:00:00,258.6182965768565,299.3492864138773,383.08820967570335,194.0713631081694,312.1690583236076
2024-11-07 11:00:00,250.6694299801382,296.37682111617033,388.2946478622555,224.6482135479056,309.54471333918724
2024-11-07 12:00:00,259.7113753946665,311.9862906822362,398.9143135011963,235.3621125701018,321.80201651384965
2024-11-07 13:00:00,270.1803462091201,321.11398256983153,398.44846033456395,239.5502175144641,329.572294137971
2024-11-07 14:00:00,298.87986745288913,347.06486476678293,397.6257888457149,262.99611765470354,348.29900462202266
2024-11-07 15:00:00,371.23360554886995,398.13339421006407,407.5820760316809,299.62721709705175,392.47775532477544
2024-11-07 16:00:00,472.97780980992724,439.46701854255423,416.264417444344,319.53786131599327,437.9758859053915
2024-11-07 17:00:00,532.210996195169,479.5669706197046,426.42664693087187,362.7297023817276,471.9250307569043
2024-11-07 18:00:00,534.5881022998383,472.31258876536526,425.33298328335377,353.7986766181987,469.2575488588756
2024-11-07 19:00:00,534.798262666768,479.73382262796906,426.0260742125501,354.54560133102035,471.68127177066555
2024-11-07 20:00:00,535.0203378078467,522.2680204288256,429.4196204741807,387.58535172273776,487.66666998448727
2024-11-07 21:00:00,538.4273948990237,518.3504508671718,428.4807453178367,381.00976985769006,486.21256337155125
2024-11-07 22:00:00,538.6313256039125,523.2901340514878,431.67068244075824,393.22495104889276,488.75102761520895
2024-11-07 23:00:00,541.0036175859881,522.1237968396172,431.60517693836385,396.2675976429964,491.80532624251384
2024-11-08 00:00:00,542.0012477635626,485.1781466840574,440.2072964267406,364.96608383365464,482.5087286558332
2024-11-08 01:00:00,539.0304532502839,483.0624542450242,447.3867246763488,363.0970677900351,484.1568551997985
2024-11-08 02:00:00,539.6533211888949,494.1049382643166,444.1289786786999,375.37179900870035,487.3553541061498
2024-11-08 03:00:00,539.4618594251763,486.6227281631018,442.61873855038095,376.3108522583504,483.68875746554306
2024-11-08 04:00:00,541.3579486066292,507.1461892219206,442.959944735233,388.87898453197437,493.11388294343794
2024-11-08 05:00:00,540.7168854619164,522.4148536645823,439.9541377094949,401.12239016532874,498.14102096381686
2024-11-08 06:00:00,539.8463217058604,506.5846190500161,424.4020764183526,385.1065176356164,484.662257874071
2024-11-08 07:00:00,486.6462273855522,497.18926217444374,420.1450812148744,358.5895371620559,466.104500684051
2024-11-08 08:00:00,443.28209410706,443.7085417169059,414.7008767402235,319.65311501228217,432.2053485675463
2024-11-08 09:00:00,420.73645975013386,444.36163970883024,418.0199564638823,321.7715029951742,427.72806632798375
2024-11-08 10:00:00,341.10894105885296,407.4142504312963,414.2178948171143,300.59962692275514,390.11432385345734
2024-11-08 11:00:00,328.10561949891564,366.6557136237921,410.71351437055404,279.49224153659185,370.04113384935084
2024-11-08 12:00:00,301.7073320523213,328.9878701793726,407.8717603460207,254.2577197974309,345.1774816777193
2024-11-08 13:00:00,334.67282169376614,373.56841125408937,417.8823841529037,288.0127359212819,376.29987553793137
2024-11-08 14:00:00,323.6520768996662,381.5163793219116,411.0294431351838,282.5023102189658,372.3090374889935
2024-11-08 15:00:00,386.37372298667725,420.98907344260897,419.93903716055274,313.60487780425603,409.8235461767434
2024-11-08 16:00:00,479.45755291501547,457.63955527339266,426.10709772550933,334.43817609907825,449.7432790617216
2024-11-08 17:00:00,529.9949010178434,452.7812199915446,425.30330335561473,341.2073936372763,460.05752033045644
2024-11-08 18:00:00,531.7377532393535,458.4114484044356,424.0303240490967,348.55495150620163,461.9511175550439
2024-11-08 19:00:00,534.051042492432,483.74684048156394,425.43120414402813,363.57005705868886,472.31810822197866
2024-11-08 20:00:00,534.3931071701793,515.5080031322905,433.79834796449467,390.48326729574893,486.6872790240367
2024-11-08 21:00:00,532.3300514220174,505.75457237310576,432.72799163147795,376.84939392976116,482.00897966163245
2024-11-08 22:00:00,532.8388013148956,493.8158857481564,431.1974782403017,368.9629556451975,477.53354238289376
2024-11-08 23:00:00,533.7510281904401,494.33386562079227,431.6037034633558,362.1344303555303,480.50109248719394
2024-11-09 00:00:00,533.9138486284587,495.8511554571799,443.9040992672905,363.02484339266675,485.81856980154026
2024-11-09 01:00:00,532.8783415067593,502.4846925380936,451.1802597724761,368.2027897194964,490.9796744103123
2024-11-09 02:00:00,534.2964517290218,509.1872988067574,450.0065447667293,375.6403154453505,493.539735149327
2024-11-09 03:00:00,533.0799938018722,524.9710630887658,450.6081666709923,388.9915876557822,498.8145297191964
2024-11-09 04:00:00,534.4443920496535,524.003507997207,455.5114406299895,389.8537541207233,500.65032614647487
2024-11-09 05:00:00,533.9496982402407,526.8526771155845,459.64923237278697,395.7208258010341,503.09750211177357
2024-11-09 06:00:00,520.8935579119385,507.37572832416635,461.14142851984263,380.01425523706774,492.7912563081176
2024-11-09 07:00:00,415.2273807565339,484.37901889530616,464.42472996475067,351.2871058322406,454.5142893126583
2024-11-09 08:00:00,337.43386762501393,436.1796476327874,453.8569243033658,309.5732221928658,409.8095274591208
2024-11-09 09:00:00,294.89448919279323,387.8019934605877,444.9977021878809,270.7367267237352,376.2621554776194
2024-11-09 10:00:00,279.5530237036337,340.3720987023205,432.5899159436766,238.3675307401489,349.94711181813165
2024-11-09 11:00:00,265.36896087031687,311.25236115645913,423.96625261942086,225.0740219943536,330.43934926694
2024-11-09 12:00:00,260.8820791209506,308.55994549366454,423.3714613223903,228.20959541688848,328.3666334416903
2024-11-09 13:00:00,276.16619148859917,327.5004807944503,431.7756311439308,251.32033773487763,343.23586369460315
2024-11-09 14:00:00,309.14656571473216,377.9504604765459,446.68104461046,294.5585941741452,377.87696249251456
2024-11-09 15:00:00,366.1158283418973,433.76772491909867,456.6172432306366,343.9089571907457,420.925933024716
2024-11-09 16:00:00,466.4231082721296,461.36045258255524,457.00247036399156,370.20914779665657,459.2073355193734
2024-11-09 17:00:00,532.6237338345887,441.9813523653845,454.6775182841884,364.38895736078683,468.23178121799793
2024-11-09 18:00:00,533.017720350542,441.7106020827539,455.2648139725381,363.913493536002,468.5527141953248
2024-11-09 19:00:00,533.136429684327,432.2010203247127,454.20450863120766,354.1229379317956,464.776990084191
2024-11-09 20:00:00,533.2023613599301,454.996293676003,458.10631611320633,371.72914675346567,475.5066792593976
2024-11-09 21:00:00,532.7380613944157,455.38493102826027,459.0213992467132,370.71334364485347,477.2273883789966
2024-11-09 22:00:00,528.5264863877497,487.9165040577164,463.35330473025135,389.01147862868197,488.7748312336959
2024-11-09 23:00:00,513.2444879745995,490.0035801715089,460.8292450623109,379.58963610070856,484.5050001718541
2024-11-10 00:00:00,509.59882624382936,523.2770039442931,459.29033541608237,393.52413737170525,493.2364790738859
2024-11-10 01:00:00,514.2587731671839,591.7566938424202,456.9032944590623,434.88647410112526,515.5208593088714
2024-11-10 02:00:00,529.2511063137765,619.3381292321244,449.9572531996954,455.5392995745837,528.258022337219
2024-11-10 03:00:00,535.6927313288886,610.486057694943,450.64057810962225,453.2613873496448,527.9503339065675
2024-11-10 04:00:00,537.9831432796248,591.1336705453741,451.9715915366227,445.03369742876475,522.2406352386363
2024-11-10 05:00:00,538.3626037476367,581.0781117970329,452.10840045075423,438.82648059704707,519.2490128770359
2024-11-10 06:00:00,530.1021467703287,559.1283969782628,456.14166903087124,419.43489208851327,511.2396086831213
2024-11-10 07:00:00,441.8435088626486,526.9779629228725,458.03969228529735,391.629818118922,475.06738954223096
2024-11-10 08:00:00,414.29140538321695,442.68005726850294,456.20612387494225,344.5620738756159,437.5824018897682
2024-11-10 09:00:00,368.54915426125444,387.3197002278743,447.03141888443633,306.3998659602671,400.32326786056444
2024-11-10 10:00:00,280.712300413788,360.5738383007689,441.03391566984567,287.2406620066036,360.6728570787563
2024-11-10 11:00:00,271.466580974094,354.3738094253389,439.0957999188866,279.95853887375523,354.18344595958547
2024-11-10 12:00:00,267.93510672206827,349.84634686260137,442.5438246000304,273.6036501409068,351.5070020528823
2024-11-10 13:00:00,277.89938518304496,352.9093568091604,442.50390325156326,275.49333995014166,356.27712553216986
2024-11-10 14:00:00,312.4085469307235,378.2338466946615,448.5526545962948,302.0895078026067,382.1319253254605
2024-11-10 15:00:00,376.62829356666765,394.808504015533,448.75350256808224,314.64605473567366,407.33504997432135
2024-11-10 16:00:00,481.51377853158857,425.08633419888935,456.77798327670155,341.048167130732,449.78820653681504
2024-11-10 17:00:00,536.7102428809495,466.01466799039116,464.488770978438,381.751462369162,482.698714435834
2024-11-10 18:00:00,535.7906118839277,486.30876407384386,465.0813480409143,399.556834147807,490.2604038432303
2024-11-10 19:00:00,537.1982336554496,482.0782320968334,463.1100464029691,395.3682068970375,488.65005161208666
2024-11-10 20:00:00,535.1377290518369,472.0838763104429,459.07637725772736,389.0542342427709,483.422479487277
2024-11-10 21:00:00,533.9085991781532,479.8921977400231,458.99927445679856,392.95916761741273,485.53856387940226
2024-11-10 22:00:00,537.838111319528,476.266274172639,458.9862962132765,384.6253490438122,484.43097133480984
2024-11-10 23:00:00,541.2190128897342,485.01182344141483,454.78749508196586,390.1893165240784,488.2495927276431
2024-11-11 00:00:00,537.8148583692746,474.83063501659257,459.03493177889084,379.4965583656219,485.1466571555595
2024-11-11 01:00:00,535.7817231934446,493.4956086701035,459.99741455614304,392.1974780234662,491.31263668121113
2024-11-11 02:00:00,538.4837680772956,493.2135582577491,458.88044028928886,391.66163722082246,491.40634519178093
2024-11-11 03:00:00,538.2021194859212,499.8455638383371,458.9796187676426,396.30444152844063,493.5743924649717
2024-11-11 04:00:00,538.8262683652788,500.3553069281135,459.772194053932,396.8655426921539,493.88834422979363
2024-11-11 05:00:00,535.613793702099,491.40485976258174,452.91046123170554,394.9767569482162,487.05247616215627
2024-11-11 06:00:00,523.8441326710542,459.3198300767093,424.10475511952365,374.5211626585236,460.3568215223341
2024-11-11 07:00:00,430.40136215901936,413.3052750054826,413.8431135697653,332.1052917470382,416.5431757367003
2024-11-11 08:00:00,345.97249704089586,369.885451580221,405.31489764980626,288.2114112267537,374.18151151001734
2024-11-11 09:00:00,302.17866253664096,318.09482587062945,398.15341390856855,246.08538872116375,339.1909934047223
2024-11-11 10:00:00,273.10336677322437,288.72329246426216,395.79291166059977,224.1246216442852,317.59902052472904
2024-11-11 11:00:00,274.56194351369624,279.4367533839186,401.16560083845167,224.56121218570712,314.51897049038473
2024-11-11 12:00:00,265.74084638390843,310.437485982676,414.0596225497754,246.95101344110836,326.3827084391717
2024-11-11 13:00:00,278.44045657750127,362.2109729340299,420.56931750522784,289.5023920499391,353.60317106755537
2024-11-11 14:00:00,310.6413480624868,407.3029858131934,417.8601409461204,325.65798243778954,380.477277929675
2024-11-11 15:00:00,373.89429990721277,430.6955896220484,420.3529444376427,340.9015535533054,409.3433827280212
2024-11-11 16:00:00,460.4644133129377,453.6849690525257,426.2981756077049,362.9798698356626,444.74917414193055
2024-11-11 17:00:00,528.5514716944278,468.33713471017654,430.5589693881408,388.9045920074968,470.7032450920961
2024-11-11 18:00:00,535.0009070863247,484.9269350954816,426.9835883328194,404.7991853905041,478.46979654902555
2024-11-11 19:00:00,541.5840525293984,468.5264716280063,421.4838449190947,389.79798432548256,472.96200694307845
2024-11-11 20:00:00,532.267665398558,508.16119310225963,422.58909606768685,419.17355384509716,484.03954735056766
2024-11-11 21:00:00,533.9388638212228,529.4918380905033,423.35553595387336,433.8437020026026,492.254472963525
2024-11-11 22:00:00,529.7097734853005,548.8680898745173,423.15851534913105,437.08697671285194,497.615824124129
2024-11-11 23:00:00,505.82399577831796,558.7762671785116,418.87247679938145,432.41775055385483,494.4904028901767
2024-11-12 00:00:00,497.54564221987425,555.2889612545721,436.63059503403673,433.42979804870055,497.9822244463208
2024-11-12 01:00:00,497.9037561039403,590.8545814420888,435.4977528731809,460.9613545966226,513.5113649338987
2024-11-12 02:00:00,497.3255877699135,586.7728143522719,431.025096676394,452.84881865723264,513.1858326015475
2024-11-12 03:00:00,499.13058795397046,583.8211659152588,428.62563461740604,453.8015678975869,513.4250424932886
2024-11-12 04:00:00,497.5181473930193,588.7171707479484,421.89680456470455,452.58480635423587,512.5417637775738
2024-11-12 05:00:00,497.79596196222,614.8107171934806,414.19218992956803,460.24438289946147,517.0962484797938
2024-11-12 06:00:00,495.0194025280634,617.472250605745,384.7721288073772,458.23950888701694,509.31803927637094
2024-11-12 07:00:00,451.1304882489292,624.7392303234219,384.38531779853304,460.81031118167374,496.24266286238566
2024-11-12 08:00:00,419.4378930334092,548.8303309984494,414.7047283293345,412.218126543546,462.0506532961761
2024-11-12 09:00:00,402.3398008109286,527.2517808337449,429.7311255460437,404.11061652851066,455.0135495337836
2024-11-12 10:00:00,415.22015899614735,508.00492816944904,434.5360438039301,395.40585420356473,454.78268626214333
2024-11-12 11:00:00,399.8762809895142,476.0760268447548,455.2052873625103,377.30761646279865,444.8768285523382
2024-11-12 12:00:00,421.4373827086535,493.1130661787269,463.6372370531751,392.58827216673876,462.0753418109585
2024-11-12 13:00:00,431.0095084295487,447.1371414947282,463.88962154515724,356.8663784796438,446.3810604318766
2024-11-12 14:00:00,458.6257524627791,483.6621490249406,442.58936822359937,378.8972501876709,461.7760702336873
2024-11-12 15:00:00,485.8178252044637,485.7844797788526,426.48852305079384,392.2186065012655,464.92605461313264
2024-11-12 16:00:00,525.2248571131396,469.49181819480157,424.1947460153268,379.1760014862656,469.3602040641314
2024-11-12 17:00:00,532.143890806579,476.02348338432745,424.8250834349859,377.3590520684524,474.1265170949465
2024-11-12 18:00:00,530.6389034670682,476.2692125250596,423.28945182149926,378.50804621634995,473.1647977605779
2024-11-12 19:00:00,530.184763016032,521.3465637235566,423.3205013440189,406.2523111041525,490.135337854694
2024-11-12 20:00:00,531.9823625695822,584.7359650400144,424.7914404749021,458.2146763301761,511.8815509001844
2024-11-12 21:00:00,534.4479962055336,607.4056807971385,420.761277264652,497.82060750038306,518.9044057404382
2024-11-12 22:00:00,534.9560523415934,628.3276153288108,410.95034705540763,508.1745950103037,525.8198605455517
2024-11-12 23:00:00,537.0922914120899,626.6591233034139,404.73499317285905,494.7647159714044,525.411910397786
2024-11-13 00:00:00,532.9479685411308,609.1107705812586,415.91902666171114,487.7916730808772,522.7767844364147
2024-11-13 01:00:00,534.1560150730328,631.2592215168667,404.1870937572792,498.7625084275701,530.6800870753063
2024-11-13 02:00:00,535.2550880751824,639.6095280092677,384.48039504732606,497.1023442772038,533.5330295479895
2024-11-13 03:00:00,531.1735439391871,622.1118677849872,376.61299753235664,481.6932328453167,527.1570937074034
2024-11-13 04:00:00,532.0027544676007,634.8893740097741,372.67893338404764,500.6364263737153,531.7490585217278
2024-11-13 05:00:00,533.5448289285855,650.8107394899305,366.3895941642994,507.5840458264808,537.4305054315138
2024-11-13 06:00:00,534.0254860397091,657.9052002311341,357.46336924330507,508.7828433883077,533.6373983811362
2024-11-13 07:00:00,497.07290631584107,625.316529646694,404.7827061314579,478.24834749717843,518.3075383125836
2024-11-13 08:00:00,390.44468169702196,558.6037526442096,436.03439287736614,419.2693931495896,465.1004558127608
2024-11-13 09:00:00,342.086125827719,464.4801108056667,446.1273469508658,366.5870339334147,419.16032379330966
2024-11-13 10:00:00,307.36583232961357,404.801808043124,440.77076194697963,343.6217681262004,383.8398957056996
2024-11-13 11:00:00,258.42875439325763,395.4692394924736,447.6377234647685,338.55649978110193,361.1098300214706
2024-11-13 12:00:00,273.3989197785849,403.1840541269802,454.2850914761129,343.3282836043495,373.26380109939726
2024-11-13 13:00:00,301.7011512763935,417.18239978148773,451.49375345373517,361.66593728822505,390.68925711981984
2024-11-13 14:00:00,338.65948494309265,473.0366760439654,444.093515429805,414.5167059535497,421.3885951855195
2024-11-13 15:00:00,376.163583205377,507.0525385765812,444.72832422986795,443.2000010366111,444.96330571554233
2024-11-13 16:00:00,498.3691408671857,505.7705367853115,439.8816343740776,453.69034685622785,481.3165833809558
2024-11-13 17:00:00,533.0748237810122,518.4682121948917,444.0351223904476,469.26621115011284,497.7272369364481
2024-11-13 18:00:00,532.8383727926274,528.6386852078693,449.0104864436202,481.2734651996285,503.32463207297934
2024-11-13 19:00:00,533.100011001678,522.5183063197356,436.7540784182627,476.4072549132126,497.3241862560698
2024-11-13 20:00:00,532.9766582166238,541.2296104012332,430.757103507883,491.316395435463,502.774099381417
2024-11-13 21:00:00,532.8257800612595,573.147413736515,424.50979867898644,514.7703304466503,513.0625648390364
2024-11-13 22:00:00,533.9178073691324,634.1557888424579,410.4812328626453,548.0501801557663,532.3945042797016
2024-11-13 23:00:00,537.0495857457234,670.8794437899188,384.8782599874467,541.3455829473495,541.7952854771535
2024-11-14 00:00:00,535.8594283465336,685.7533759728058,391.33375037721663,544.5016435332511,552.3010843265218
2024-11-14 01:00:00,532.9739255479479,714.7114459186149,382.9494805849984,559.9776499670993,566.3633084516517
2024-11-14 02:00:00,533.5032290919015,709.5420499429744,362.41639385880904,556.4008882119297,566.4216740198768
2024-11-14 03:00:00,532.8785723644634,708.6210585476327,357.76728188512897,554.3651021266322,565.8281075563118
2024-11-14 04:00:00,535.0348122746225,714.6002715778377,354.4596997832647,556.8178278936041,564.8522452192651
2024-11-14 05:00:00,533.305251802154,716.261392263962,330.9499338438769,568.8234684771071,557.8536679590654
2024-11-14 06:00:00,523.2006533427216,715.07216323476,326.58841535936807,557.569643945095,542.795199983127
2024-11-14 07:00:00,431.6767769017291,681.5644025841314,354.6608356005062,512.119479521901,504.7137151530303
2024-11-14 08:00:00,359.727580616041,602.4719369916727,404.77824700294616,467.65596842475424,455.4252535392136
2024-11-14 09:00:00,319.9180660162943,493.1107843963561,416.60903119331664,414.3546683532235,410.67296989422675
2024-11-14 10:00:00,339.64344868488496,460.44212379147996,416.5765088202391,392.75956229360156,408.8732075856254
2024-11-14 11:00:00,340.4354838438787,466.50256503160773,438.122048609776,401.48870006554193,419.9075920731281
2024-11-14 12:00:00,326.4326873615333,507.94289640113357,455.1251602310464,433.62451823195727,435.2740327505888
2024-11-14 13:00:00,350.9227116749369,490.3163058181922,454.40005854352734,420.77418441080977,435.31213820634633
2024-11-14 14:00:00,392.27159371791475,503.4018499368421,447.92929406448104,429.03584161305565,450.02671573272613
2024-11-14 15:00:00,370.0471260450022,520.767664680174,450.8486012898333,440.8259492043945,447.32818717960555
2024-11-14 16:00:00,493.0292156369553,500.6462647045139,446.89673039107686,383.9263562642044,477.64487666666435
2024-11-14 17:00:00,522.8638991331585,501.1282653651579,447.52644413308315,401.51475419930154,486.9575171765321
2024-11-14 18:00:00,522.3349776568851,507.27505795970717,446.6400173732835,388.98766370191703,488.26647323438135
2024-11-14 19:00:00,529.3840959711802,518.9771962088688,445.5615573666878,397.3065230864236,493.76821249494753
2024-11-14 20:00:00,529.9687359950696,571.3730714199928,441.764281079331,435.22374805892235,510.96097589716015
2024-11-14 21:00:00,530.2060661432939,623.2182104539166,425.9036835029809,491.5041387801778,524.4644351524842
2024-11-14 22:00:00,530.518553824371,647.3102978883893,401.692153051907,506.1129379399186,527.5538241578089
2024-11-14 23:00:00,533.109853823104,686.6010883118981,376.6486163564854,559.1584370563162,540.7083828998901
2024-11-15 00:00:00,531.5625385943316,702.1208174346734,366.69013996151307,600.4509204013144,548.5260223550503
2024-11-15 01:00:00,533.6208612639122,702.1920819194644,365.04664673824357,599.6468135896685,550.4233327273114
2024-11-15 02:00:00,539.7027936884418,709.4081675788332,353.98600056933844,603.1077097420413,555.2733091415365
2024-11-15 03:00:00,538.1901313185999,701.1100963541538,344.3080339525481,597.4548916255866,551.168174076943
2024-11-15 04:00:00,539.6689754841227,700.5548366143247,347.7393563958062,599.7634516829717,552.3261698767029
2024-11-15 05:00:00,540.4260779483013,703.4417960312378,360.5796267783744,605.0038229847493,556.0045600019546
2024-11-15 06:00:00,541.0742292735973,697.5754648740015,367.68516834359474,599.8702467218558,551.522319727089
2024-11-15 07:00:00,525.0897277744914,677.4971732175833,383.61290476618825,577.8648453936986,543.5748517855112
2024-11-15 08:00:00,465.87102833437615,617.8571281312825,439.11986292770524,530.7612985553942,513.1220468678508
2024-11-15 09:00:00,431.61966295925805,579.1617474156064,451.5581603154664,510.2019470282015,490.79206919835866
2024-11-15 10:00:00,408.4579109869562,558.8361243276079,446.0609989750694,489.27648028569655,473.5101737846818
2024-11-15 11:00:00,366.3101652926783,512.5323022033257,458.6431755432049,435.0162561420429,446.8671507323704
2024-11-15 12:00:00,403.6738879319168,555.1470617748037,461.888153277643,465.9829589120486,475.22841518415953
2024-11-15 13:00:00,422.33447796947246,498.69599932898325,457.3913376245275,421.299099457466,460.45488111659796
2024-11-15 14:00:00,454.49243887116967,496.2446443427426,452.0957881498843,419.1999895451896,466.6437597788067
2024-11-15 15:00:00,489.30692247450855,508.4667789804754,452.3892432172365,404.97051592269605,480.5205491779765
2024-11-15 16:00:00,512.4948060567785,495.1083503510015,449.96395259737244,383.0528013261183,481.87859125018775
2024-11-15 17:00:00,527.5357320413777,523.9896430438379,449.394397762582,429.29396337281963,496.0492582805066
2024-11-15 18:00:00,527.5359595766182,542.3874951044487,450.16326323402586,443.2314146649759,501.9688074837413
2024-11-15 19:00:00,527.5635390363105,593.3193148921938,447.69810935323096,509.0844508300809,518.2433585574196
2024-11-15 20:00:00,527.6000995508218,624.9547938481032,440.12237638987847,532.1980319798523,526.5264784046163
2024-11-15 21:00:00,527.5459746555604,636.3953620857246,439.3023579308278,539.1266209830311,528.7188088966585
2024-11-15 22:00:00,529.5873271522486,649.988568669677,427.530105997165,546.4831643327568,529.9826838896184
2024-11-15 23:00:00,527.6297124589138,677.6774661544956,416.0603143847764,555.5926962986414,538.8832437491692
2024-11-16 00:00:00,527.6377598113781,681.9472515443032,423.65797112335247,520.2962396048971,547.8623705140666
2024-11-16 01:00:00,532.2433501075685,693.6004356632794,423.1090601628525,580.7361195562338,559.2885314435102
2024-11-16 02:00:00,538.5223653774243,683.2150229493989,428.59961957173374,575.0245410637913,563.2442759788192
2024-11-16 03:00:00,539.8529110894102,648.6580775966942,440.0298710741703,549.3009080165418,559.1578966044353
2024-11-16 04:00:00,543.2035217411383,636.2586994686111,440.62352724513124,542.1750526108774,554.4764521242521
2024-11-16 05:00:00,540.4612808493706,672.9854949850193,408.11390422702146,568.8819837400918,556.497525958296
2024-11-16 06:00:00,533.9385287622399,632.9347255959722,418.236688935782,541.9469163536954,542.5142185510654
2024-11-16 07:00:00,531.7996336526919,592.8010875328968,432.8172279847068,513.8304214200123,527.5054922842716
2024-11-16 08:00:00,467.8573530164313,557.1495869041242,447.88469337997566,479.4503208016366,496.73744709515086
2024-11-16 09:00:00,458.97830886719055,521.6485071698413,458.14897759084556,451.0684564941836,483.00895777674356
2024-11-16 10:00:00,434.7806292962997,486.0348868653784,459.0365983143039,424.4976662005714,462.0832529148908
2024-11-16 11:00:00,400.04579657110696,471.43252563036344,456.64355813516806,401.583469835527,444.786363510224
2024-11-16 12:00:00,344.881884818172,442.27472817087136,456.72775422833297,375.7280574869563,414.8768820865307
2024-11-16 13:00:00,335.4747307871396,396.5650058253895,448.9716462660865,345.2609441095623,392.7308807948336
2024-11-16 14:00:00,320.1693778586184,409.31805038884795,451.76290610833274,355.75715914357676,391.69025431700726
2024-11-16 15:00:00,363.318236160187,417.2651704532206,452.697307896103,353.7711832862295,409.5615988018833
2024-11-16 16:00:00,471.6387054608723,453.3475320025105,453.08613708177063,391.7978875417106,457.7192035678547
2024-11-16 17:00:00,532.4894784782018,456.67349353166776,452.43767554643165,405.23574938040764,476.8776694310038
2024-11-16 18:00:00,535.6558673140382,455.1389412640668,452.4967119459836,389.8369784347748,476.97934253631536
2024-11-16 19:00:00,535.4256367251259,443.251853289596,452.04426399756125,361.63334108372203,471.25362881525206
2024-11-16 20:00:00,538.0103532504772,480.3478581755967,454.1822909272495,386.5244758739769,486.54622247299716
2024-11-16 21:00:00,538.3566303687066,505.16520417555176,453.4131614312238,406.2373132329931,495.2996667688095
2024-11-16 22:00:00,539.304946621524,495.56859505849974,453.5940001925153,395.69115641601354,491.9954183563806
2024-11-16 23:00:00,541.1506969336903,503.8310831534032,451.8999092051472,395.4576420685692,495.19276437792104
2024-11-17 00:00:00,537.6695227727614,514.4162917159886,455.9291265976997,390.09917597521184,498.0773091987038
2024-11-17 01:00:00,538.3554098743564,530.5184074903473,460.78114402231444,393.5459245210114,505.2119346905316
2024-11-17 02:00:00,538.0063331194058,544.0442925560727,458.5419326935543,434.5503596970194,510.05380273449407
2024-11-17 03:00:00,537.0825370508841,537.6789780255294,449.8664852284594,451.6208978453219,506.12747907619644
2024-11-17 04:00:00,535.4963018173709,515.9110280207167,447.6706820240203,435.6928033591984,497.04662656748667
2024-11-17 05:00:00,534.1972417528173,501.75635936155834,448.27252920808445,429.1608964320171,491.5370812718896
2024-11-17 06:00:00,527.4349156900618,474.13648259352686,453.59076507829417,419.3889376383482,480.69108856986855
2024-11-17 07:00:00,486.03884039797924,450.8915116978711,458.7947714873451,412.43651212531637,461.8797381712186
2024-11-17 08:00:00,404.2454344210338,400.81810790611684,456.3213058202203,363.24115047330946,419.00400765882915
2024-11-17 09:00:00,303.8233513434396,349.2433340357728,445.1291596600702,316.39922116736375,367.0315064654749
2024-11-17 10:00:00,239.21258369336275,300.4401482552075,435.824193811613,272.4399213294661,324.3394876119453
2024-11-17 11:00:00,227.15574885124332,279.58661238250284,422.22543012355436,256.17895569166404,308.6427892409241
2024-11-17 12:00:00,238.36296215285432,296.6572869928382,426.21484227975367,272.43758543391044,320.11418332111634
2024-11-17 13:00:00,258.1834158162424,303.9462321719544,427.00025494144313,279.6155126583813,328.800303025376
2024-11-17 14:00:00,295.1268210558201,318.71549727935434,435.5136384070582,296.9785378647741,347.3746336406185
2024-11-17 15:00:00,352.29452893527974,361.49395040337976,441.97515484524774,339.9318743703729,384.4082196709216
2024-11-17 16:00:00,463.6634957575452,421.37033156798003,447.8478454529431,402.75684701962075,442.55421299013614
2024-11-17 17:00:00,528.3822247242756,439.829601038158,451.01246937003947,383.1925660071548,468.039890507563
2024-11-17 18:00:00,529.9797614657193,462.6556299225532,453.24376498694625,392.58568855497475,477.6293393652628
2024-11-17 19:00:00,532.2744506612547,461.3249757991749,452.4210446182266,390.2118711860406,477.27980675884515
2024-11-17 20:00:00,530.7508201564638,481.3655008012953,454.89818905669193,406.435689540768,485.17955747856763
2024-11-17 21:00:00,528.9523970226721,486.08834628214424,453.74793080053263,406.8781738009916,485.96986625205716
2024-11-17 22:00:00,533.0272399598796,482.9792493704236,451.61768636903366,398.95210075983357,485.26212214770067
2024-11-17 23:00:00,537.0784692292259,496.54764936741515,448.2700851352331,402.10662616754763,490.35356282808766
2024-11-18 00:00:00,536.5950657813428,519.5745174463005,447.1749668721824,462.3075590474578,499.13023422685455
2024-11-18 01:00:00,537.4562643919699,540.0024335886178,442.7258933138689,489.3102154287764,506.7350444878396
2024-11-18 02:00:00,532.3555494852268,539.2372350600107,437.49189204471344,500.0764787029238,505.29238919051596
2024-11-18 03:00:00,531.9057291437925,523.401260134728,436.9142689995144,487.8218797204821,498.60919930727874
2024-11-18 04:00:00,530.7125631116021,516.7037367292397,440.32664522190055,480.2533026106729,496.78474309463274
2024-11-18 05:00:00,529.9702240742105,528.8851774617957,433.3711397503801,488.97336232398976,500.0512451763309
2024-11-18 06:00:00,526.7601386285904,505.63964380200855,421.2428673176856,471.91565730409,483.5613307803329
2024-11-18 07:00:00,497.5496538730417,513.0490661569478,422.460972570991,470.0272599634054,476.56826663345754
2024-11-18 08:00:00,448.17948080168367,459.3463732811642,422.69287470178296,420.5729263932818,442.7881907254351
2024-11-18 09:00:00,398.90369344775934,457.9423665818439,424.69763625055,416.3722575360855,428.42467226333855
2024-11-18 10:00:00,410.6791313399864,436.33440649999807,420.3047380833976,397.88390532926303,423.0642030518122
2024-11-18 11:00:00,433.2635242800589,426.94904553393593,426.74891860152496,381.61612592766926,427.81933660244465
2024-11-18 12:00:00,429.4659693084932,482.82707563324084,454.38261216993783,421.42194527329605,458.3123089097003
2024-11-18 13:00:00,409.9290698417868,475.5016477616069,463.0354471589688,413.4806961310352,452.59121547857444
2024-11-18 14:00:00,425.84726781686163,490.45964501352455,457.0134843879155,426.6584638913731,459.9259181399835
2024-11-18 15:00:00,484.55461241365134,487.996697926927,455.02816607313497,442.48482609160874,473.99394771297136
2024-11-18 16:00:00,521.7206976361591,469.93680325078924,452.48268077951855,417.87719621945365,475.5593305412705
2024-11-18 17:00:00,533.1366391508102,475.47281678399855,453.08904084175225,384.9036932724739,480.6310626863896
2024-11-18 18:00:00,533.2695436576729,468.9796201748739,451.57952374765114,383.6307535296828,478.0177559615393
2024-11-18 19:00:00,532.8581297480414,479.34723518238536,446.85791946503144,390.0937771432264,480.55750533505415
2024-11-18 20:00:00,533.9645239445707,539.2108959859298,436.4046939204966,438.6277057186811,497.9342223770564
2024-11-18 21:00:00,535.8756795232995,535.2932956963031,429.6518428954524,432.4540983140473,494.8384246981938
2024-11-18 22:00:00,537.6118560872601,525.3598429568506,427.4883682277654,418.71986158239696,491.41048414106524
2024-11-18 23:00:00,545.4194223343728,503.4075406426232,424.08006827841695,438.0164370049215,487.4163944917972
2024-11-19 00:00:00,534.890130650587,502.64906551614155,435.00764443126025,452.67952085033806,489.6566654556089
2024-11-19 01:00:00,534.2544595093982,508.3817333147769,444.74275533192053,453.88500945736246,495.49554655680805
2024-11-19 02:00:00,533.8542874211687,516.7438357539601,439.5392280727317,473.65650756288386,497.6020723690672
2024-11-19 03:00:00,532.9960624859139,502.05378203719624,440.31621297380184,464.05493369009986,492.2491014943888
2024-11-19 04:00:00,532.3833097243944,467.7932148674147,446.1904214404448,438.02463268878586,479.813028988617
2024-11-19 05:00:00,532.6069447871647,481.88375241365145,438.8727320392102,449.83405630059127,483.43190578832457
2024-11-19 06:00:00,530.8942120911913,503.2433002684253,416.9317691508056,464.040819530822,483.4412158232588
2024-11-19 07:00:00,501.6385657116837,504.7768094075912,419.03585590442566,457.58688774762777,474.68367673370983
2024-11-19 08:00:00,446.2270825006415,458.0508299819937,424.7383998468433,411.19980670253864,442.5838661606953
2024-11-19 09:00:00,406.3811848633669,434.9801268403118,421.9933945842314,391.5559573125298,421.9577098530677
2024-11-19 10:00:00,386.6816214026771,429.3427268355084,420.82274571049555,384.3902054086477,414.1643855799868
2024-11-19 11:00:00,377.5692435661863,421.46057403511435,428.48842824899316,378.95358740492037,411.16063099936764
2024-11-19 12:00:00,379.1521825113559,423.49548170326403,431.5712469621637,380.114092954048,413.5595205074637
2024-11-19 13:00:00,380.4532256631531,431.10094610640243,434.58063801815837,389.12801288160136,417.2121356428876
2024-11-19 14:00:00,355.8058167479125,444.51134395358963,435.1466210219163,399.29318713445855,413.7845057093304
2024-11-19 15:00:00,412.1674436674107,445.6031945802812,426.14990214577136,400.20812715602125,428.49885845340935
2024-11-19 16:00:00,493.8460298700829,456.8528103633527,424.0173919317254,416.9481510231388,455.077621547748
2024-11-19 17:00:00,530.6261794504612,467.89967877678373,426.71529465157306,368.30800183961946,468.9357931770696
2024-11-19 18:00:00,529.6206321694555,478.78423161961587,424.4445188090369,378.34223598950405,471.699353094105
2024-11-19 19:00:00,529.1281177532717,469.8554357781117,420.11382935520743,416.13369867914747,467.97091191285443
2024-11-19 20:00:00,530.7486958739208,484.3964491141838,418.6832133839712,450.4371782020612,473.2998433642086
2024-11-19 21:00:00,530.688734920763,469.7308343123138,415.82895071991555,437.60064994304355,467.4635031843969
2024-11-19 22:00:00,536.8347625800569,440.9897936576941,414.4962257038889,409.78299595340417,458.9785058964091
2024-11-19 23:00:00,539.05489754225,423.7393985016207,419.34279926605006,396.2332068892427,457.0433942857124
2024-11-20 00:00:00,536.0643612308662,434.1264864355834,433.6899735271555,406.10804320445885,465.06935185796596
2024-11-20 01:00:00,532.306486279157,478.67570089059427,440.81377800700926,440.33958930546515,482.5541029691119
2024-11-20 02:00:00,531.6017934717662,490.94778122825124,438.69106781493895,450.3190894928732,486.23222279684484
2024-11-20 03:00:00,532.4873209191223,490.21153102814685,438.61431963312396,451.26923056639066,486.2993614443966
2024-11-20 04:00:00,533.2935452709729,485.0724501546878,438.572327543045,448.167203050383,484.7324922904495
2024-11-20 05:00:00,536.8222320633969,480.46254201540427,429.18199857019346,447.36018134428593,480.84461650777297
2024-11-20 06:00:00,532.2152125971579,451.0835519894129,412.3725600389081,425.37627311246916,462.32460631920173
2024-11-20 07:00:00,485.7412717410047,425.58031646163346,414.10272890647946,393.44907809623516,438.1781554990743
2024-11-20 08:00:00,374.62751729649625,382.95951891303605,411.6733631808339,340.6742391020378,389.85853818354246
2024-11-20 09:00:00,318.6481165660149,358.28056459794925,407.8022912769047,314.5882897894954,363.04209168051284
2024-11-20 10:00:00,276.35758495162895,333.5361228423933,403.05256673599905,293.3519607484787,338.92146162645577
2024-11-20 11:00:00,309.5515749302498,312.93457610198766,403.35773200661407,275.3042684497632,341.797321571694
2024-11-20 12:00:00,319.7223724223973,326.91122597708693,411.0217941689483,286.35605646928354,351.8223492182014
2024-11-20 13:00:00,343.69561754493367,376.61173825773193,417.2320624541835,332.7293770932611,380.21048554755606
2024-11-20 14:00:00,354.10536246666396,406.23082090289745,413.6190582925913,357.8899050335526,392.59172873861047
2024-11-20 15:00:00,382.4444919689772,443.6463623927434,418.9608253234208,387.5532504716458,415.85057282404546
2024-11-20 16:00:00,490.44313303416317,458.0997935619402,421.43684171219144,406.47251648338806,452.70477191936453
2024-11-20 17:00:00,531.5860510310657,445.6082529671795,420.9894412467142,403.83411508663283,460.29665680796006
2024-11-20 18:00:00,531.1694776274055,451.17083849926837,420.66385890087946,412.4174676275987,462.08077270174675
2024-11-20 19:00:00,531.1789283740744,455.3361918655233,420.48887474305246,418.60670701664964,463.0355486960572
2024-11-20 20:00:00,533.2785589355693,500.7292456719711,424.99926322129306,455.7467854982334,480.08186379669786
2024-11-20 21:00:00,536.2638811893588,494.05481888269,422.67083921245853,446.8902221534949,477.7206418997591
2024-11-20 22:00:00,543.8174401627376,465.4156143824822,420.64271394314426,421.57738536309495,470.3847229326363
2024-11-20 23:00:00,541.7355747514939,445.1979805321411,423.3462862070568,409.9727792830934,467.1401506137433
2024-11-21 00:00:00,538.5475743943769,435.4913718612644,434.54026363363295,404.9189917172561,467.1490080337058
2024-11-21 01:00:00,537.226944588172,461.80860863670034,441.68296475407163,423.26591442458067,477.82415516019955
2024-11-21 02:00:00,537.8427989842928,467.3134819029724,441.50946036647264,427.2242934598991,479.6215269201267
2024-11-21 03:00:00,537.5237307738062,478.82936098260046,440.4947416282968,436.16915750028505,483.1135214565535
2024-11-21 04:00:00,534.9886880936664,477.5713558727077,439.2149417984518,436.4094292140704,481.7579949585281
2024-11-21 05:00:00,534.8059100158407,471.87482526137165,431.8607143610396,434.08630819113193,476.80908176860885
2024-11-21 06:00:00,534.5090949692317,439.6558949745468,417.117189313742,410.64712778825685,458.3689083233198
2024-11-21 07:00:00,486.9221575086785,422.6496797113973,415.68731705850496,387.10663093939485,437.30671561070267
2024-11-21 08:00:00,407.6855540215081,363.48130969966405,403.6330703294991,326.4890677663258,390.04477926012424
2024-11-21 09:00:00,319.2694883401844,319.0720847940008,392.73538741801593,281.88058718553265,344.9533005794049
2024-11-21 10:00:00,303.20104861513,299.03999142929916,386.9433758214361,263.201226388901,331.6877815517594
2024-11-21 11:00:00,265.8091574441099,267.52709782558503,389.2448518244464,234.90605742656047,306.80140117527077
2024-11-21 12:00:00,244.74513054827466,281.241756145696,404.5068539807995,248.3480842120767,309.2938310394194
2024-11-21 13:00:00,261.6955206853639,309.80386092258595,406.7949716721725,274.1492637823749,326.53681173736845
2024-11-21 14:00:00,295.3449683038751,365.50435061698545,410.46505303288114,323.8983560807344,359.5954676186859
2024-11-21 15:00:00,350.55018051965266,396.74401193830226,413.6640668534799,351.0523017223585,388.7545243867321
2024-11-21 16:00:00,428.6755767002877,434.01941802127106,419.1277220227596,339.66217049539506,425.5748646338506
2024-11-21 17:00:00,485.8406750814055,444.12995224185585,422.6421505464863,348.4212603992765,445.4325011179518
2024-11-21 18:00:00,482.46261813624574,442.5495452407237,422.99194429977524,349.14070443568227,444.0153277417402
2024-11-21 19:00:00,480.6064100758601,455.64949605178975,425.9000107987445,360.3992956429153,449.21566950258983
2024-11-21 20:00:00,480.53680444352534,491.9118293593228,428.97351481282163,392.8485035635348,462.2104056458144
2024-11-21 21:00:00,480.17602080470596,475.3691065848354,423.23127591703593,375.07718964027765,454.42200024121183
2024-11-21 22:00:00,480.5251933395055,464.4320218815195,420.72801322203674,407.2351732815007,451.1781997951767
2024-11-21 23:00:00,482.78375939800543,446.9950722614619,421.98745242644077,401.3264317291366,448.1092467102641
2024-11-22 00:00:00,483.3157663494526,456.95458914331095,434.6251117193564,420.0654545013989,457.13619262589975
2024-11-22 01:00:00,483.52480960564736,479.8730112658396,442.2680607452582,435.9361822588461,468.36007256147377
2024-11-22 02:00:00,483.99649284247255,466.710174463348,442.00002115506584,427.1961014202169,463.8161795485344
2024-11-22 03:00:00,483.48056586391425,468.2143314477807,443.326684866262,428.69661194222,464.5362615819251
2024-11-22 04:00:00,484.4681101773738,467.56055499934814,443.28264970960976,429.0650813287416,464.61688409708216
2024-11-22 05:00:00,484.32080636576615,468.63514227931375,435.2265455399245,432.0543809023216,462.4329154643354
2024-11-22 06:00:00,484.9663273441767,447.47259700110294,414.59528429415127,413.9578102865058,447.1637264884286
2024-11-22 07:00:00,431.66170035361466,408.1705488405049,415.5260345037256,374.5982629363499,416.6334365641095
2024-11-22 08:00:00,342.0671383366483,360.9013127189665,409.87535020289397,328.15125043328305,371.48823282920756
2024-11-22 09:00:00,291.0261673473828,320.1144029669574,397.1566353972151,291.87827224987944,337.3527984373277
2024-11-22 10:00:00,270.7801513757248,267.9496351804924,383.6083540589886,244.74677767159625,306.5399529109669
2024-11-22 11:00:00,276.02896312259253,262.21993639920913,384.1720203582948,242.96896459053133,305.55304206857716
2024-11-22 12:00:00,275.39784708884423,283.151804641465,395.9706113251127,262.42730126540675,315.9752103598167
2024-11-22 13:00:00,291.5494578228097,323.05082625344073,402.91498923923535,299.33564452764637,339.85984975259953
2024-11-22 14:00:00,324.2563585629608,367.3880147986903,403.12857679326555,336.6205865509228,367.3547252208876
2024-11-22 15:00:00,391.51943949813676,375.5333607012126,404.01569853187397,336.42590322044134,389.85570745832473
2024-11-22 16:00:00,499.6513754854843,392.5437918509784,409.24685617765005,353.78213790010307,426.2851496612783
2024-11-22 17:00:00,530.8826954809676,387.88145259088947,410.1947674513514,337.98106107236936,433.8203633704188
2024-11-22 18:00:00,529.2386501689859,373.2983445425192,408.90962941155914,330.3180394638251,427.8074232794042
2024-11-22 19:00:00,530.9928278664057,340.09665784951744,409.27686182104543,300.85490042174314,416.11563757020747
2024-11-22 20:00:00,531.8136737540788,371.6998771672175,413.64011931124327,325.4814396861016,431.6004973859035
2024-11-22 21:00:00,531.6062123852574,385.8990250741696,413.56858289040014,334.08553905567334,435.7331398164423
2024-11-22 22:00:00,531.3801235567443,392.2328286531291,417.94265991932144,336.4843593775876,438.8106351146237
2024-11-22 23:00:00,530.5630541193462,396.49006995285094,427.21377427392935,356.49915812453577,445.78966374851734
2024-11-23 00:00:00,529.788483048346,387.0502861285964,436.3725255283955,362.6865340328395,446.5412826542157
2024-11-23 01:00:00,531.2053588458964,407.0796876406888,449.46437878053837,380.3966988717664,458.8476410196612
2024-11-23 02:00:00,531.9344055467814,444.14751385470987,458.40082446421155,412.2288725182149,474.5782749546077
2024-11-23 03:00:00,528.4935722379058,466.2798750261815,459.08726850133286,426.46974372074544,480.6501483726999
2024-11-23 04:00:00,529.0882859365112,469.6331525451636,455.758328081406,429.4350182021092,480.65068475824063
2024-11-23 05:00:00,528.8861032525358,455.86751611513284,451.7899858043975,420.0545680769185,474.0591724585777
2024-11-23 06:00:00,522.4759261383305,425.38375723607976,448.2304536305328,397.18647448678655,459.5076530706232
2024-11-23 07:00:00,491.8398852575218,393.8723763765833,445.1709621292621,376.0609774416521,437.1836697192466
2024-11-23 08:00:00,420.1370524451206,340.6193717800096,435.3344217623136,330.3335435109396,393.47852326809476
2024-11-23 09:00:00,296.51064358286123,301.9554485735746,418.588403031009,279.49494055476845,336.235503679331
2024-11-23 10:00:00,324.85980051073574,300.68035336719765,416.8369617484232,282.1754064573155,343.8609093149164
2024-11-23 11:00:00,319.7778243251872,315.4189980748876,421.98632916104805,293.86338010067493,351.33087325647233
2024-11-23 12:00:00,345.9486132429943,360.0640110607285,428.9824818072747,331.5693842486453,380.06196159085175
2024-11-23 13:00:00,340.6319191380465,365.04600344066637,431.36104462822954,337.8064481896036,381.6804875164738
2024-11-23 14:00:00,392.26267526884027,377.00470295904705,433.8757360228808,351.4740989754817,400.68177982849204
2024-11-23 15:00:00,427.80243914051874,379.8512459327024,439.1604897630184,354.0813758268572,413.70043309214117
2024-11-23 16:00:00,510.7603251353782,378.899979921901,437.58658584692444,359.5768590227832,434.7611269127583
2024-11-23 17:00:00,532.3446099030117,348.95184663136774,434.9201076901934,336.668815504507,430.21235363545037
2024-11-23 18:00:00,529.8752247473036,338.8877070084241,437.38490581270054,304.38779850739957,427.79177070577384
2024-11-23 19:00:00,531.9687152653819,340.74442488666335,438.58789558334263,301.88740126702726,428.80524086781196
2024-11-23 20:00:00,530.936925202973,382.9333885980095,441.64293628342296,335.7143475407461,446.1359322639817
2024-11-23 21:00:00,528.347652482214,372.2952197237664,447.44892611260065,338.7570197709429,447.70125728381765
2024-11-23 22:00:00,528.5101398279148,403.1270802766692,458.3815102776977,364.5923122062563,462.0856290905987
2024-11-23 23:00:00,529.3225623121976,438.3449272463257,463.0609738752395,405.5999408606002,475.1495878907876
2024-11-24 00:00:00,536.0216205583969,454.11785572817513,459.33364991587507,430.420396390045,480.89408571116945
2024-11-24 01:00:00,537.9570815805171,487.80366376536324,448.9830562090879,454.3288295014306,488.5209650303877
2024-11-24 02:00:00,538.1543198935161,510.7797659376662,443.54872546868125,470.5808612615271,494.6410973679168
2024-11-24 03:00:00,541.2285254610821,502.9307782135666,446.89268665877296,463.7774443650279,494.0427713488
2024-11-24 04:00:00,542.4921857626207,497.8429060299335,453.6590464335035,459.3616920211931,495.4334267913281
2024-11-24 05:00:00,539.4380973876098,512.4637349091043,463.36939085720616,472.1519708291526,503.1661753406514
2024-11-24 06:00:00,530.9990639789692,499.4543157949805,466.56872276558084,462.69849293470764,497.1853596923533
2024-11-24 07:00:00,477.8798177611711,439.3450652749919,469.6982335668628,407.58413079753166,460.1457308811724
2024-11-24 08:00:00,384.3522777797227,367.1311217505352,454.213235856778,337.80928884941704,399.51145938352994
2024-11-24 09:00:00,306.7712479574126,324.16889840492325,430.9399498705023,291.0144493852379,351.7907933945756
2024-11-24 10:00:00,279.29857802559087,304.5620217216586,428.2154796810752,270.88485369144564,334.09307499045457
2024-11-24 11:00:00,257.9519837922186,288.30312123447993,421.3280132414716,255.05269332351182,317.8656605252777
2024-11-24 12:00:00,282.0643816800734,288.16719206834205,419.3783462439061,261.4639080161456,325.54935519618635
2024-11-24 13:00:00,286.54960046781207,317.7068745883183,424.3969851361535,285.5285097051943,340.8834817021663
2024-11-24 14:00:00,307.77343386551416,336.84816022281717,429.20411533128504,304.28704126717577,356.4023760458735
2024-11-24 15:00:00,357.7330242725112,378.0292495654402,440.1530079364341,343.04135198260286,391.17388951781226
2024-11-24 16:00:00,475.1690234545754,390.390057275839,445.2192868931514,375.9265130436974,434.3511014374987
2024-11-24 17:00:00,532.3053742798866,402.82583493490085,447.8481597500818,402.3867978323089,458.1576413289045
2024-11-24 18:00:00,536.6604865125662,400.9789574263622,450.3008291111044,400.5642994679823,458.8042199677399
2024-11-24 19:00:00,535.5957958624376,393.52434486029665,451.3947272049914,390.08442113280955,455.3125953993902
2024-11-24 20:00:00,531.0319268002123,423.5769073036097,454.56121502313835,412.74606031393245,467.977608611711
2024-11-24 21:00:00,531.9009030832594,416.45535233518746,454.6839425827414,408.07220939576086,466.0627589307637
2024-11-24 22:00:00,533.5423329132236,443.94222130844855,459.0709305554591,429.2787344458239,477.3688101094239
2024-11-24 23:00:00,539.2107934405745,512.9870611030856,452.7479927683635,478.2527603415125,500.6126819568772
2024-11-25 00:00:00,537.5494722627642,557.4546479812617,437.47970436596273,506.79908535523435,510.8835301769127
2024-11-25 01:00:00,533.4038761323084,569.3489019070191,419.65821566632695,513.6448494122967,511.9754848874221
2024-11-25 02:00:00,532.16722955808,563.1760868426854,420.879134430206,510.23078560470907,511.63500403215414
2024-11-25 03:00:00,534.3981330709842,584.0657997083539,426.7703401312497,525.3782213010799,523.7879920397063
2024-11-25 04:00:00,538.1073750659709,588.7936270127836,431.632261461746,528.8315160108067,527.3991503187558
2024-11-25 05:00:00,539.2676552470356,588.9877646546097,429.9972036493946,529.502380987679,524.9382114396055
2024-11-25 06:00:00,532.7774141060928,588.3225191524884,413.27016200539543,525.382071939873,514.3482772883945
2024-11-25 07:00:00,458.8138322528918,547.5538217404542,424.8803765614565,480.8532852890969,479.14216418422166
2024-11-25 08:00:00,360.37557335514066,461.0831100936255,438.58338716627526,405.1529968730046,419.6817668002536
2024-11-25 09:00:00,306.3870057246007,394.2108677027529,433.7175492134726,347.85124400776226,377.1281910167621
2024-11-25 10:00:00,279.95110078098315,335.91988277894706,425.7033200923256,297.483438084867,343.8187806317626
2024-11-25 11:00:00,271.05961797806765,318.9099425390558,431.2381275559176,280.6977301953994,334.50852784757313
2024-11-25 12:00:00,272.1137014345992,359.39053073567885,439.43955881198656,312.5835041992292,353.454330957123
2024-11-25 13:00:00,283.64012338592516,377.3901280351923,439.0675054490868,329.931163839473,367.2013881704562
2024-11-25 14:00:00,313.404096360554,436.580088453171,439.20778068927297,386.0967083479095,399.11542397978195
2024-11-25 15:00:00,376.2911574408973,485.11086043315646,441.4704552382242,431.96131996998923,436.0044537589825
2024-11-25 16:00:00,478.7595498036672,515.7998868551363,445.4237705670428,427.420903061175,477.472112305332
2024-11-25 17:00:00,532.4501832310095,516.0908560556854,438.2190872604387,432.09759537311595,489.43328145203805
2024-11-25 18:00:00,532.7385698203993,504.97544016394625,435.3427444114331,426.2704810574392,485.4171287387385
2024-11-25 19:00:00,532.6544515449026,514.113573592714,440.8392025381402,431.7883975395867,490.84875475187346
2024-11-25 20:00:00,533.1191515474325,508.40862574083997,439.8735292941471,426.80046710620456,489.209792147828
2024-11-25 21:00:00,532.5259487334419,524.7770269094626,438.6256599625627,435.19842539654536,494.63622206803115
2024-11-25 22:00:00,532.7212068248396,547.9239034596415,438.1311259385606,469.69919835733987,503.73624290936203
2024-11-25 23:00:00,533.7388366896351,574.1499903845769,436.9202472546087,529.9876480339873,515.1640520484697
2024-11-26 00:00:00,533.1408217720237,608.2575485572612,441.2551701384605,552.2889948459039,530.1685056567052
2024-11-26 01:00:00,533.9725189043102,664.8704950829886,432.8140766286146,589.420734543517,549.9190597388824
2024-11-26 02:00:00,534.0515663749468,729.4717014305625,404.4839654122313,628.5519158398614,569.019723233747
2024-11-26 03:00:00,533.4730964819797,733.8464720348372,398.897148016638,634.2853977222675,571.7169337536816
2024-11-26 04:00:00,533.0615547555045,719.1506948242553,403.107205609832,625.6699116492882,569.0118005089581
2024-11-26 05:00:00,533.2947570808666,713.9798519552294,402.2847065883152,623.2256121015265,563.1926607558934
2024-11-26 06:00:00,529.1718063679695,648.2585900398366,401.9330710147258,575.329752302137,533.419862798802
2024-11-26 07:00:00,439.37658163635723,545.5924304743497,418.32169972867115,484.78160351286044,471.529916647575
2024-11-26 08:00:00,367.992505562967,449.9082690529039,426.39314053920356,403.05413060043065,416.84850811011273
2024-11-26 09:00:00,299.2768382373484,389.8474445785139,422.2414306575986,350.60840164568674,373.7449836126246
2024-11-26 10:00:00,269.7682921536187,336.57161858408176,415.62925325121347,305.14969018351275,341.93337764975576
2024-11-26 11:00:00,261.4387084250863,297.55672416929815,417.70918857215815,278.6069544827249,323.67321129478876
2024-11-26 12:00:00,253.36469827110537,288.7221654386381,416.2248760179621,271.5893571974671,317.159639858889
2024-11-26 13:00:00,267.19232581775253,295.654687180729,413.2838411787518,278.67047701127797,324.5699691021857
2024-11-26 14:00:00,300.73736109401943,312.2518533021709,407.36995387770435,293.79950675816,340.47215601455554
2024-11-26 15:00:00,362.6779717378221,356.396451361308,416.0499576119304,337.0510402650431,378.24615541626935
2024-11-26 16:00:00,471.272589069102,399.12019827294216,420.58302506981465,382.1214260018059,427.4338780734196
2024-11-26 17:00:00,527.8893083626682,424.7241566148406,422.9861175672674,399.409579255413,453.5768918720056
2024-11-26 18:00:00,529.353323967046,430.1601580748367,419.1795575072304,405.5163350479502,454.49877303877696
2024-11-26 19:00:00,529.873918314088,414.67794733086083,415.90686888012317,393.81461175380775,447.8023118260713
2024-11-26 20:00:00,529.463439331312,463.32460449607595,414.8951503281466,430.6556517930551,463.9427294350064
2024-11-26 21:00:00,525.3669882899179,480.2791107781907,414.8455262275524,440.5967021012605,467.6667157112182
2024-11-26 22:00:00,524.0710970645132,505.58396191190184,410.788622247089,462.69013559443783,473.84195678625326
2024-11-26 23:00:00,526.6602262461215,485.6181640218971,413.67627562003975,463.7937922247043,471.2345395895986
2024-11-27 00:00:00,537.2668461510223,460.2682325043897,437.48126376338234,448.39871742813483,476.7205616623864
2024-11-27 01:00:00,535.8223142084335,482.42496641808543,435.6151444780949,463.35891726472465,483.79892532295264
2024-11-27 02:00:00,538.3394338012184,486.4415913672502,429.21751722213713,466.84880309039926,484.4542838182548
2024-11-27 03:00:00,535.1344364826904,490.11856237730814,428.5320976724622,469.8722736670375,484.6663208654924
2024-11-27 04:00:00,535.9538825211584,491.9155217550233,429.4473120487239,471.3372227152102,485.39370069101375
2024-11-27 05:00:00,535.5132900963891,488.9853779511964,420.16696987764874,470.3788986782845,480.78487002659995
2024-11-27 06:00:00,531.048418901491,434.6781550102637,412.29539600742413,430.53233348698075,455.0739973014996
2024-11-27 07:00:00,432.2174581125434,387.98182618722177,416.41892979756966,373.3157108213584,410.32707835242
2024-11-27 08:00:00,351.0418301414772,328.7484941764856,412.17939494584533,312.3681287913146,362.83836498258364
2024-11-27 09:00:00,287.63271310747916,290.69671902800974,400.31505739095826,272.6614829731713,325.33795341737266
2024-11-27 10:00:00,263.8663936474667,274.9277504064553,397.8049437565153,257.26584466648444,309.9074122733688
2024-11-27 11:00:00,259.87658104050155,267.00598116754776,399.2918086966541,251.06723886236253,304.93503385930387
2024-11-27 12:00:00,259.73419261640817,276.5740364645256,405.5157282767492,259.28422331806735,310.4961821174057
2024-11-27 13:00:00,276.5051772053139,286.49682767329404,406.26048316903234,269.2351637581918,320.6915232193563
2024-11-27 14:00:00,308.58057917133334,301.66449425044567,399.9559455969933,284.2458089277739,335.70652319827275
2024-11-27 15:00:00,375.2387612964269,347.89519417708624,405.99769657283275,327.45192375528916,375.22763087497503
2024-11-27 16:00:00,481.0741147757159,388.0445156088996,412.8825032208826,375.0636904912431,423.44927876193185
2024-11-27 17:00:00,528.1965889636833,394.2190944380074,420.2444012248303,383.6876314602768,442.3080854730862
2024-11-27 18:00:00,529.2513374631574,400.1876299999412,422.6253063938589,383.50007636282896,445.25340705425117
2024-11-27 19:00:00,528.4594437732673,364.6613919000678,427.0932541717631,357.3760687849065,433.62583957501465
2024-11-27 20:00:00,528.4727165395626,383.564575545045,426.9287375361403,373.8099706052175,442.4555330937859
2024-11-27 21:00:00,528.3940070375324,387.179696996328,425.47910152938925,371.59573891212506,442.4540213688991
2024-11-27 22:00:00,530.3185382455761,428.4521730688096,426.2883058429266,398.8462548285925,456.72718855275764
2024-11-27 23:00:00,534.756810310753,433.2910301191015,433.0507690167415,421.3025548690578,464.131778280591
2024-11-28 00:00:00,531.8870142873325,435.95578043872206,454.2296598135019,424.48942372890366,471.6444803886942
2024-11-28 01:00:00,530.5386426844642,469.93100037554024,458.4878649885131,447.66444238858645,485.0146970740411
2024-11-28 02:00:00,529.8503033355851,522.5416027841912,439.8976341506511,483.50868099859605,499.1424066070469
2024-11-28 03:00:00,532.5335443891922,534.3222539950054,436.3589925041341,491.78792769611897,503.59765376062325
2024-11-28 04:00:00,530.2783187249576,517.3076784471342,439.80854688170615,481.62055032181524,497.7762513944934
2024-11-28 05:00:00,529.7168148277946,503.06677763872784,436.54327032055545,471.8566938259035,491.0333370354766
2024-11-28 06:00:00,525.0589154150706,444.01911386025427,429.1213185383529,430.8084304613209,462.7381439171457
2024-11-28 07:00:00,443.92260308089016,401.35503134933094,431.5385140217702,379.9327315128701,423.34263595652646
2024-11-28 08:00:00,342.39266334160686,335.7199283753411,424.9242000323436,311.17646729486887,365.39688256841
2024-11-28 09:00:00,291.33533404164115,303.58398242333413,410.5592614619423,278.0670732436077,333.06695862462215
2024-11-28 10:00:00,267.203272586889,286.78689594926215,402.2144411882365,264.7541316077899,317.7054490033575
2024-11-28 11:00:00,258.75433356012695,276.31113646083884,406.620330262654,256.79654416875655,311.9969852338515
2024-11-28 12:00:00,256.9511735826151,282.52014651101376,416.3322125905635,260.5065862107376,315.4058249949917
2024-11-28 13:00:00,271.9198551864352,297.7143536755707,417.52543283847564,275.8869528591308,327.3305116791479
2024-11-28 14:00:00,302.7720971338876,317.57346163882914,413.25428932454685,293.2047879460109,343.72320643551836
2024-11-28 15:00:00,366.5166149714274,348.41032395959104,419.4086538799671,326.4808475349632,376.44699958092866
2024-11-28 16:00:00,477.5134129884499,388.18036693785075,416.9308341570345,377.3330357190045,423.68872843740667
2024-11-28 17:00:00,531.3579575422262,422.6547904336279,415.48726451105125,416.59559565084385,451.78989593170274
2024-11-28 18:00:00,534.900636446137,434.4250437423151,414.47064862079424,420.9464877348162,457.10320807988023
2024-11-28 19:00:00,532.5752599720124,413.866475530766,413.1636164641908,384.8855693805638,447.65240405276023
2024-11-28 20:00:00,531.7074714335749,412.1099413327454,412.0223391130597,385.2983970661959,447.16864915446035
2024-11-28 21:00:00,530.8739769536884,416.23458395909057,411.47595958127306,394.30075931649895,448.1038933134152
2024-11-28 22:00:00,531.0773303612993,470.69755586180474,407.19255814872855,431.0192594330946,462.44249712961687
2024-11-28 23:00:00,532.4856405010428,514.606301383367,422.22759692187884,467.4668234370606,484.6410694439781
2024-11-29 00:00:00,531.0064808835823,536.1173226462633,428.5620816138408,496.02073210920287,497.3487297878861
2024-11-29 01:00:00,531.6161699612758,536.8641751419589,433.1242359884188,494.0878207030121,501.96329340166193
2024-11-29 02:00:00,532.9832578551798,526.786974407939,431.22846254525393,486.3965195211453,499.99825912219103
2024-11-29 03:00:00,535.684767238801,527.9191273132715,427.4299173710165,486.98269154309475,500.4890506340144
2024-11-29 04:00:00,540.129692614317,525.8623219929782,426.5223399155752,486.5201306915075,500.44865913255336
2024-11-29 05:00:00,539.1175113745192,529.2059061643157,417.8419121361649,490.43337122165707,497.6382022253814
2024-11-29 06:00:00,535.635333132206,509.0784141139503,407.3288805924865,476.2045234082364,482.09443102912184
2024-11-29 07:00:00,442.4415616721921,433.1254388951638,420.9071342719324,403.78736270301937,431.17653275914085
2024-11-29 08:00:00,332.16124034830693,332.11201321063186,420.9401008788964,309.265216490254,360.66384652707455
2024-11-29 09:00:00,281.106261003327,293.26775547433186,399.0514824240106,272.30823305023233,324.7608549240222
2024-11-29 10:00:00,256.4503574436432,272.77834733395406,390.0448395062486,255.67468706099004,306.38177446693925
2024-11-29 11:00:00,247.51759569561847,265.1417347026249,397.59973173490664,251.05486463931078,301.7371070734745
2024-11-29 12:00:00,252.23213162022256,266.87552071446714,402.1391070072996,252.32904328937605,303.41208919756286
2024-11-29 13:00:00,263.5743067192507,283.31731288678446,400.931479903249,266.26971247025745,314.8777131442477
2024-11-29 14:00:00,294.1816492673727,319.0243208454747,398.943262210763,293.87565195254786,337.9373607358703
2024-11-29 15:00:00,357.6911116558988,345.02028058684886,401.3032058681279,322.2993565357397,367.5845248669231
2024-11-29 16:00:00,469.40249345478713,374.548141390612,397.31508900740255,371.9032459436931,411.38036097805525
2024-11-29 17:00:00,527.5426726824002,400.0041655595894,400.5600751526303,401.3771473481426,439.5323231102482
2024-11-29 18:00:00,528.0554772442918,413.3198774094295,402.88538727353205,397.2927628849879,445.3013785045957
2024-11-29 19:00:00,528.1273196407013,399.3994772964824,405.3750496939627,379.6524226973665,442.17440309075033
2024-11-29 20:00:00,528.5307208299299,374.29321888234,405.348210767663,366.552555361716,435.88155138356854
2024-11-29 21:00:00,528.5025522176207,370.67120598188126,405.0961012949239,367.7384126111692,435.1296942290386
2024-11-29 22:00:00,527.8028462121808,402.8141205743047,399.63556756966,396.3240106098132,442.47052364981624
2024-11-29 23:00:00,528.4343238352939,471.2139486741591,387.84451721648776,442.53654132655066,457.61803497188424
2024-11-30 00:00:00,528.6076432313092,491.0307434986416,398.7530291119033,464.8902007450766,470.3125269054622
2024-11-30 01:00:00,533.7448989268252,514.8580951455601,404.0187560528298,485.5127397039588,482.72476695739255
2024-11-30 02:00:00,538.8844835119429,541.3220854283167,392.4518497356616,506.45828372674373,490.2901960479145
2024-11-30 03:00:00,539.5767468944755,549.2244063706863,394.5797241664832,512.1373492228748,494.8562840801819
2024-11-30 04:00:00,542.8844457021398,545.4815880863227,393.3662991067323,507.3550293199539,495.30192619488133
2024-11-30 05:00:00,540.9811403187213,543.3263821093359,393.78728782238176,506.054885399068,493.1015929413442
2024-11-30 06:00:00,533.2531979559116,540.0043688082469,392.5984507772049,505.3049699360788,488.05392674346604
2024-11-30 07:00:00,443.1737716988869,487.39977347499155,407.3857072605788,449.4275876989467,446.1376820533123
2024-11-30 08:00:00,340.21137540251584,406.84151838713075,419.20130934108016,370.65603171213746,388.4242223849912
2024-11-30 09:00:00,289.73385845135226,346.37608472132376,410.90275301267843,317.57468000258933,347.69029222947177
2024-11-30 10:00:00,263.82819026675946,317.8919625431706,407.1760707966786,289.8313611925591,327.920714112895
2024-11-30 11:00:00,256.71314386819773,331.818391398951,408.28084114744786,301.966851954712,330.8422697981471
2024-11-30 12:00:00,258.34004043550755,328.1419135818124,406.8565311310703,299.9223165596424,329.6682160893372
2024-11-30 13:00:00,270.3973868099998,324.7819337119776,410.9311573428483,302.96335879270475,333.49729977447504
2024-11-30 14:00:00,296.308696948985,358.8797554382901,426.30116061727733,331.276805419828,356.8512696991383
2024-11-30 15:00:00,355.6232286362061,412.01831942878243,432.47305643229316,377.99465321306366,398.09863963041875
2024-11-30 16:00:00,468.63395435388355,453.2284672303317,435.9362502220593,431.1563680739863,452.2718905374076
2024-11-30 17:00:00,532.2718157069597,469.36550309291346,434.94245185606445,458.6854764080029,478.82540393040614
2024-11-30 18:00:00,532.5358007044141,507.04610747501505,432.79234744130093,486.3354330953472,491.11032412685495
2024-11-30 19:00:00,531.9101754396663,485.42833934019797,436.9789632670628,470.1579525249212,483.55508432977774
2024-11-30 20:00:00,532.5815474865683,471.3104620695003,440.84964669120075,458.0306859661332,479.13445232996645
2024-11-30 21:00:00,532.0351086475366,526.4214495087746,445.5065406008233,498.3273430595684,498.73253779082575
2024-11-30 22:00:00,532.7749873432282,582.5601084953781,450.2923706877004,540.7687111862163,519.1025641788872
2024-11-30 23:00:00,535.6218993071352,624.7530108319216,456.04911614808714,569.9812808640291,534.6217715047693
2024-12-01 00:00:00,539.8450430635655,638.9100894890036,453.81635296661375,575.0048554832705,539.9937149856972
2024-12-01 01:00:00,545.8303620298152,618.3101207068561,448.01493426217456,558.2424806631259,534.177576526064
2024-12-01 02:00:00,546.8880807530478,604.7782216980493,437.21817837147665,546.6467363462926,528.5740687124373
2024-12-01 03:00:00,545.9901390685416,594.7552256682652,426.67764153498024,537.9825099637332,523.500423248577
2024-12-01 04:00:00,545.2253642904188,572.8088828205119,420.2816942571461,520.9610551781885,514.0329094670269
2024-12-01 05:00:00,546.0137826093371,568.1874065375464,421.9505710521124,519.5000249990035,512.3822898650126
2024-12-01 06:00:00,545.2264230002605,571.8962022858612,423.73088453741536,522.8829133500052,512.5727678211449
2024-12-01 07:00:00,456.0336593354073,517.3630478090375,435.00547717684884,464.1696638146364,470.2852487771846
2024-12-01 08:00:00,344.87193812894645,425.023367398304,448.2785918200067,374.47252974479443,404.9413077235907
2024-12-01 09:00:00,289.56972164602814,364.03648052607065,447.2124324692928,317.95292489128536,363.51128363155436
2024-12-01 10:00:00,260.1806154469259,332.15666944060627,448.45431298031997,287.3592709367229,341.6641192530376
2024-12-01 11:00:00,250.57305671692015,322.12574780475336,446.90318272952584,277.81665727288726,334.26634871299865
2024-12-01 12:00:00,254.4979635123792,324.14632478273666,446.5964943355167,283.231562354967,336.4640391157813
2024-12-01 13:00:00,267.70323382938426,337.3383049171372,445.24625165438516,298.9107016954472,346.17487162439306
2024-12-01 14:00:00,297.67366118823674,365.67844104399956,445.8987481478604,328.5449047283135,367.80772459245367
2024-12-01 15:00:00,357.5728760866602,428.3750940214644,449.0998504257736,386.8824274913194,412.17600836929597
2024-12-01 16:00:00,474.8977946084299,466.0697102086287,451.1917145907212,437.10394160005023,463.041082320611
2024-12-01 17:00:00,543.316598739743,417.17356977566163,448.5854617321323,413.1703887248398,466.35174030071545
2024-12-01 18:00:00,544.7458546446666,473.0405743548575,451.51559373402057,451.5625076344696,487.14062447245203
2024-12-01 19:00:00,544.6938707660851,532.5347452622266,453.925056529096,491.51482840232165,507.8699813268549
2024-12-01 20:00:00,545.0107365799195,565.902865180632,456.7190650427815,524.6180724424787,519.5990272952484
2024-12-01 21:00:00,544.5342820173689,622.7860823014379,457.92706934908335,572.3391351360846,539.9073275348921
2024-12-01 22:00:00,547.6463554815393,636.2260262926277,457.8767602411297,583.2990155193505,546.2119575541186
2024-12-01 23:00:00,553.3938781330601,632.0566064221919,447.4547410234582,576.028949755153,544.3844387839255
2024-12-02 00:00:00,551.3986991170123,647.3619958846809,427.4913396440059,584.0140047088316,546.3849944810817
2024-12-02 01:00:00,550.3286869439145,629.2397854981708,411.48333717631465,568.8349414188268,536.8953002906707
2024-12-02 02:00:00,546.5098269753269,600.6441331820329,409.80028622003596,548.1653714655888,526.3270916375201
2024-12-02 03:00:00,546.0689889755944,577.0003223348793,422.5749565555486,532.3861679449279,521.0776915639007
2024-12-02 04:00:00,547.690172263972,570.8528368414508,428.0803826133773,528.4500785835372,520.1790697653537
2024-12-02 05:00:00,549.6091693580977,568.9349052807219,424.26070868935926,528.1676546900218,517.1068232213302
2024-12-02 06:00:00,544.9709352657603,559.1508808885618,409.43594587771764,517.3776924946629,504.5178509846616
2024-12-02 07:00:00,461.64259107829764,514.7929027041188,425.33372057566385,466.27654335098896,468.15088391525217
2024-12-02 08:00:00,353.92201312294895,421.5555141599827,435.24739469221475,379.8095340593421,406.8329369905094
2024-12-02 09:00:00,297.7294959628922,366.62989949822185,430.39702967922096,329.191819198658,369.04322709147027
2024-12-02 10:00:00,267.4857938908525,322.7143098111721,421.5828250847343,272.4362749349901,340.2018246424862
2024-12-02 11:00:00,259.06727069671086,371.8037866799431,447.93684617188484,323.35053662359627,364.35467606087883
2024-12-02 12:00:00,256.82706523480425,406.5274937854883,466.81632095520115,390.7526148350433,383.1375505460954
2024-12-02 13:00:00,276.5286442881389,431.1445719717316,462.48193934801407,366.35150762113454,393.31305170629776
2024-12-02 14:00:00,314.86764248398583,366.4364448757212,437.93201844558206,304.9314588437998,375.9877979680372
2024-12-02 15:00:00,380.97609995880356,406.94904790386295,444.3958172916892,366.6383872037862,412.8468665960355
2024-12-02 16:00:00,487.8247804279612,440.0485490851499,451.5554570628188,416.26186119257824,457.0279349931928
2024-12-02 17:00:00,542.6159959320144,466.08044518519955,463.79717382817773,448.70556763733816,485.9464496998467
2024-12-02 18:00:00,543.8393672011554,508.59414190697606,469.4804176120754,484.982089407462,503.05401103786204
2024-12-02 19:00:00,543.7263567540358,511.24354373414394,473.7453864495918,487.4128687949622,505.60953171347745
2024-12-02 20:00:00,543.3498309916284,520.1080404313999,482.06704631774414,495.50297509243455,512.207546561248
2024-12-02 21:00:00,544.0183341089702,567.9798996420271,477.71633091098397,530.9426438759095,528.5118001448507
2024-12-02 22:00:00,544.5883141540764,610.4565734759185,472.2794742642374,562.9767079414186,541.8394142336135
2024-12-02 23:00:00,546.4824039682882,655.8189672248639,454.3157727576123,596.140038710215,553.0571369097075
2024-12-03 00:00:00,547.8242048821721,685.4720088536521,437.6323059344381,615.9528751034884,564.1005024152859
2024-12-03 01:00:00,555.306385530332,699.1821307409152,429.97459093783135,623.8997847229396,573.169970689528
2024-12-03 02:00:00,556.1034278020686,693.8903395105763,416.7148819564767,618.6404090317559,572.583449994104
2024-12-03 03:00:00,556.4734518941212,681.979572144837,414.6282431181211,610.9087089969942,566.8093535738162
2024-12-03 04:00:00,556.3840250568429,679.7075205615793,411.92631547612336,610.3015426169252,566.1969611896659
2024-12-03 05:00:00,553.6900809813253,672.8273967807964,410.28293184617934,604.3192638128572,560.947154258761
2024-12-03 06:00:00,548.7930477060851,672.1268851631246,404.1245114813696,602.5841429878584,553.4712331477778
2024-12-03 07:00:00,469.9752431192259,620.2396658730985,412.6861931729754,550.127272362828,512.2887945756057
2024-12-03 08:00:00,361.73967048137985,506.9255348246618,432.2510694630256,451.5671440759333,439.9987573347544
2024-12-03 09:00:00,314.7018529517847,426.11739028016314,434.58127589679856,381.85260529815173,395.6081725354719
2024-12-03 10:00:00,310.2295303415257,390.3410142664399,428.05191790621444,355.4052277073285,380.79134867103085
2024-12-03 11:00:00,261.1659897989662,427.07674940756635,443.5494928612249,395.1811907481398,379.74246304603076
2024-12-03 12:00:00,260.1740300520502,485.4104143044716,463.50822425046493,479.7875325386539,404.6247178046486
2024-12-03 13:00:00,280.50312977952774,508.95633771247606,459.70290920006624,496.5364201603519,414.6084424833117
2024-12-03 14:00:00,313.47743348268364,425.93884687815745,432.1721154494646,394.4827770958467,393.8321374939247
2024-12-03 15:00:00,378.1266847983821,438.93166886322643,433.0543425807668,405.6583036014339,418.70979773856874
2024-12-03 16:00:00,493.61094784081627,451.51534900244906,439.26195894575693,367.18176811715017,456.8401345551746
2024-12-03 17:00:00,552.1450694490622,448.85623748411854,447.1339791655283,364.083342602808,474.1079130779485
2024-12-03 18:00:00,551.9902335377993,467.7296396936455,446.8405939701092,380.74159493014116,480.5339159566512
2024-12-03 19:00:00,548.5619357856398,484.717332958469,441.21228585755637,389.907723177453,483.3170449401325
2024-12-03 20:00:00,547.7874857170403,586.7758868136372,443.83194077464896,469.64848161008246,517.1215715033363
2024-12-03 21:00:00,548.4077443136312,582.7823177742058,422.94059509344913,475.2932027977824,509.8563605438468
2024-12-03 22:00:00,555.6449568896561,610.5992310290466,414.6812379219383,552.6332464914476,519.0745898365897
2024-12-03 23:00:00,560.6922058305082,602.3235256917545,395.97771482258,542.4152928759798,514.3244515566009
2024-12-04 00:00:00,554.1430434929358,613.5426661529558,398.5962245112981,553.51288566202,518.0223194041088
2024-12-04 01:00:00,556.0124940556998,583.5953746420198,399.7635869142448,532.6948680100813,515.2566912372913
2024-12-04 02:00:00,556.430910672179,567.9430808480239,394.83671280192857,521.9713147751011,510.6177970545313
2024-12-04 03:00:00,556.0489014080035,547.2134081504774,401.4326120959629,508.4333090958118,505.28079664765517
2024-12-04 04:00:00,557.3559339029796,520.9007751627436,412.4470719178683,491.2945388327555,499.51417778068344
2024-12-04 05:00:00,557.0796211592235,512.0112415928091,414.70324369816666,485.99403564800366,495.8652606697015
2024-12-04 06:00:00,555.5847338833292,545.6524016579307,390.2431287530829,505.7816794911564,497.9696881385146
2024-12-04 07:00:00,500.93617773764225,590.1453036178059,399.4684660171173,525.2110006658545,495.5001111258258
2024-12-04 08:00:00,373.95077045225975,511.25955215137515,418.22335097474576,467.3175751434741,431.8568647885201
2024-12-04 09:00:00,291.2852021332661,345.65951956892985,409.761882366223,334.35787029259336,349.6321032020817
2024-12-04 10:00:00,260.41193051025124,301.3686404367097,403.2681199469139,294.45977443129743,322.26785178504747
2024-12-04 11:00:00,253.09472774537383,294.2114764648644,407.1635495410367,286.966655345931,317.52137956707173
2024-12-04 12:00:00,252.54522069269464,293.72701026058104,410.2576600141414,285.53074854187406,317.66793305134615
2024-12-04 13:00:00,264.54930482107125,311.7696762098557,418.2083882018569,305.5286755931175,331.6302283760815
2024-12-04 14:00:00,300.18432538005425,356.95953444238194,419.74503512700517,351.66628256539263,362.0395577319475
2024-12-04 15:00:00,361.07886607869915,401.4472232875171,423.01925897750857,393.2980340652767,397.2522952845049
2024-12-04 16:00:00,493.3774191868398,426.88605967964617,425.28302743871313,426.8174071936458,444.5760995233151
2024-12-04 17:00:00,555.8826329241039,439.90580159482164,427.98937751785826,449.33510527914297,467.70347212372707
2024-12-04 18:00:00,556.5926908134513,458.5426838538946,426.09516016246863,466.902436852263,473.9270273233117
2024-12-04 19:00:00,552.9628431892883,455.23474112828364,417.4919452769604,463.2514710684795,468.7734288328127
2024-12-04 20:00:00,551.3174244528847,469.5899312285782,419.87887838630184,477.10874323240097,474.45972855925135
2024-12-04 21:00:00,554.950505340311,504.08790959620893,419.06143435209793,506.2294043092,486.5919392522261
2024-12-04 22:00:00,558.9279726416981,522.6088396048073,411.6244741270307,521.5846192206391,491.01386542937917
2024-12-04 23:00:00,563.8575117057779,500.457332774193,401.3097324580052,506.65032996798243,484.9449985394449
2024-12-05 00:00:00,559.7875082019103,499.48134283368245,411.40549034073877,506.0181776214436,489.28379579636317
2024-12-05 01:00:00,559.0393483036536,523.8303764925879,415.4521517821562,524.098823274544,500.8769527808676
2024-12-05 02:00:00,560.9477877565603,516.6700381057582,412.9602309331053,519.4034967492622,499.7468190594172
2024-12-05 03:00:00,557.499934369993,511.2722435821945,420.2167627824065,515.3201335992588,498.77248165429353
2024-12-05 04:00:00,560.9415027162623,518.3576961267731,415.6750383502954,521.3520211867389,500.3763359042296
2024-12-05 05:00:00,557.2257526742562,532.7549117192543,408.78379838447563,531.1407793144782,502.6312113500039
2024-12-05 06:00:00,552.087571227586,533.6577923691384,393.06004557835655,530.0302062432835,495.2343571082014
2024-12-05 07:00:00,460.0334961664087,483.57056000583566,412.52864530297063,470.963556506998,452.90247542231276
2024-12-05 08:00:00,350.0120719008527,397.8702877648148,418.76680321862455,384.49297667431176,388.9463520321542
2024-12-05 09:00:00,283.3065769335831,315.52471169174396,406.7339773670433,307.3393908468836,335.09951953588256
2024-12-05 10:00:00,253.4440148586661,278.7241730080526,399.4892448689369,272.15684398708805,308.72243641058583
2024-12-05 11:00:00,247.76492411273105,272.3613445050773,403.62958834641,266.76344376542596,305.21904124010257
2024-12-05 12:00:00,247.88696364975334,293.19919444988074,416.949636942817,285.6517307681486,315.43556306555416
2024-12-05 13:00:00,268.30273762604423,333.1952577226622,418.38973775072066,319.67273270431264,338.6803044272973
2024-12-05 14:00:00,296.01564162880595,365.5264644631323,413.2539975501172,344.60395399964324,359.46888261216367
2024-12-05 15:00:00,361.7436234202144,405.76256695506277,415.82912545172076,380.4447025642913,395.77499824491576
2024-12-05 16:00:00,479.79192864049713,428.700600193509,418.79117463608304,408.114844063618,439.52706975041065
2024-12-05 17:00:00,550.7966769945517,411.3227484357096,418.8217742071928,406.876249400162,453.30833242248474
2024-12-05 18:00:00,551.5520424731877,419.8088606317967,417.72433970699973,417.40557316744145,456.54425188256204
2024-12-05 19:00:00,550.3865644237094,458.389541179614,415.5258146447168,445.3279319318088,468.5232300069204
2024-12-05 20:00:00,550.0522349820415,514.0749238424353,416.0129857204305,491.43973857289564,486.68479688162245
2024-12-05 21:00:00,550.1351582468097,529.8863463362568,414.3560676081271,502.48496025620443,491.51787618355826
2024-12-05 22:00:00,554.9949239693268,510.5195613995783,408.04735669072176,485.5964967819399,484.4573849703316
2024-12-05 23:00:00,556.7271853476861,546.3266008248498,391.89619580724354,506.7490930996217,493.2899132944577
2024-12-06 00:00:00,558.2090936385539,596.293577731148,393.11750738927896,543.7911207880031,515.3981803944737
2024-12-06 01:00:00,563.0418944793638,619.3965651766509,401.1922618308196,562.1190702724584,531.2695762261055
2024-12-06 02:00:00,565.069614901255,621.5414595445515,405.049076118105,567.1147236369688,536.8023293905441
2024-12-06 03:00:00,564.3316415873314,600.1776775311776,413.2005098520623,548.9967623656142,533.2690206461464
2024-12-06 04:00:00,561.5849827477143,592.4985835504409,403.8679675962858,543.6603025739212,527.9258195657422
2024-12-06 05:00:00,556.8032903680986,609.0764788158007,385.5880451815921,555.7896825463075,524.8579501081492
2024-12-06 06:00:00,556.1659413913046,625.8629669764475,366.5284114230915,566.5637453496385,522.1658220824305
2024-12-06 07:00:00,463.21839761574853,592.7437862616839,398.90726379249645,524.6855301688562,488.62426897709645
2024-12-06 08:00:00,355.6965698651084,479.756169129879,426.1140903534275,430.24857595263177,420.79347350505026
2024-12-06 09:00:00,291.2652925245791,396.0735309060111,422.91009583671536,359.53217917872934,370.3524102687998
2024-12-06 10:00:00,258.59912906420124,338.6330276719281,408.78624019225856,310.6467399752627,335.652667041344
2024-12-06 11:00:00,249.04727131569362,315.6612980912438,409.0141081296312,286.6901732691998,324.00189001694883
2024-12-06 12:00:00,246.2810292874784,314.469040296174,414.69201716666345,283.1776441555656,324.5318549180513
2024-12-06 13:00:00,259.76755063355586,335.1240858999824,415.2561449348349,308.6231822650248,338.04536692747394
2024-12-06 14:00:00,290.9260593281022,378.15089676830814,408.16081647456326,349.9878435940582,362.24989230841487
2024-12-06 15:00:00,355.6352871419076,412.94947901536534,410.4633953255653,378.81146245055453,394.6563999539938
2024-12-06 16:00:00,477.21870772976627,436.40038314655965,413.7330162454947,415.66064765890064,439.1463284952563
2024-12-06 17:00:00,548.3810737680725,441.3878544703846,417.6512330928628,431.0117433792615,462.1835955655622
2024-12-06 18:00:00,552.1848996261849,459.2469832819559,415.5586757746629,448.22107721241264,468.73082825282575
2024-12-06 19:00:00,552.3045805416896,483.5823850622265,412.7606985547733,464.92976725274946,475.5885692704852
2024-12-06 20:00:00,557.4874479924504,544.835052808845,414.0540000962084,516.3971634966003,496.79517050327985
2024-12-06 21:00:00,559.236336571303,554.6837653214296,414.61997789115276,522.2049576548519,501.84004627507716
2024-12-06 22:00:00,562.832390003125,552.45678339734,413.77149712534384,515.8854862671199,501.83424254721143
2024-12-06 23:00:00,560.7469210460807,543.5784358042372,413.78970468036414,506.63959658449335,499.2037122188802
2024-12-07 00:00:00,559.237364493936,525.5310517716044,424.73114932891747,496.09633703553504,498.80923728956583
2024-12-07 01:00:00,561.9964418666685,518.7233141793205,436.6128455888987,486.1911074554507,502.93660612093936
2024-12-07 02:00:00,564.7443788083112,488.6626117675325,442.26791606617695,459.7569852060231,497.1000573036
2024-12-07 03:00:00,561.8212279894574,512.744451741835,434.10514863363414,479.1832935401543,501.14186231187495
2024-12-07 04:00:00,559.9699692246826,537.3368789929746,426.1242141138607,499.78950065332526,506.2999635224133
2024-12-07 05:00:00,558.4697168316491,507.37353975205696,430.24479992962466,482.5410246771116,497.25042054917554
2024-12-07 06:00:00,552.0323877363954,458.8179937398895,436.50202878334176,444.7937865059743,479.97358103209365
2024-12-07 07:00:00,460.0875790515672,408.2266049452911,442.15069001790926,386.8080295385918,434.7540094507423
2024-12-07 08:00:00,332.983731899483,342.6106851472444,443.5839071640188,318.42732036534045,370.6585550919135
2024-12-07 09:00:00,275.84920764810454,316.82254127292146,429.23456980388727,291.32531353849174,339.01963162368986
2024-12-07 10:00:00,262.0018570402794,287.64515179190346,418.6684726836048,265.90382685036525,321.43888567815156
2024-12-07 11:00:00,252.51278758628808,270.38622535943887,415.27107110170033,251.18944136690808,310.4205444908027
2024-12-07 12:00:00,247.65169388515022,271.72036851700284,414.0733122996323,248.94433497222113,309.6658043499549
2024-12-07 13:00:00,257.6067717259056,292.18986913169385,420.41915109132185,266.14362939002325,324.36915795829356
2024-12-07 14:00:00,280.9673981505898,323.45862672550527,424.0132643517844,298.53629213738367,344.86703750381616
2024-12-07 15:00:00,366.4035069602723,376.9922835186897,432.6885314122973,352.26180876639086,393.5280047699222
2024-12-07 16:00:00,486.9638688812027,430.92401467090843,438.1367352202891,411.3624225722865,448.8838206693061
2024-12-07 17:00:00,532.0795643703391,428.4300033066317,438.9983190304096,418.8544786752556,461.910274924592
2024-12-07 18:00:00,532.6475637614951,427.13998540436,438.36687443162583,418.17550288475525,461.2756269095612
2024-12-07 19:00:00,531.9470742522768,406.7331885187349,438.09802114168224,403.9289042482849,453.5845683417152
2024-12-07 20:00:00,530.7342056146917,438.3861789792437,439.77300353926245,431.914462373155,465.68894721685547
2024-12-07 21:00:00,530.9029161591741,438.9783934996573,439.96907605651626,429.0766727921399,466.0035109875752
2024-12-07 22:00:00,508.26013043288617,407.0876157074613,438.80116071078857,401.11175921638227,448.415427992035
2024-12-07 23:00:00,479.51193531846644,390.67726231255796,439.94353251631765,385.919786809492,436.6017854252988
2024-12-08 00:00:00,469.1405221748766,406.20110128328565,440.2892378119762,395.8464103105685,438.48797975651496
2024-12-08 01:00:00,465.9912283430116,422.6762953790779,442.45956796473916,403.87809141510263,442.9561432281619
2024-12-08 02:00:00,464.372436152084,453.53090864878595,442.51783409071754,424.9524380483235,452.58087705572035
2024-12-08 03:00:00,464.68509560065024,471.96681436024784,438.96187817423976,437.9081044955314,457.75188551974315
2024-12-08 04:00:00,461.4409866779959,470.51982217943333,436.0158765579161,438.07269959542765,455.39001096850933
2024-12-08 05:00:00,461.2343102301881,471.8869376388582,434.7144998520127,437.46650139376777,455.389125488993
2024-12-08 06:00:00,457.67473354076355,424.0107725679913,441.8307969536678,402.69691714348824,439.73399195361293
2024-12-08 07:00:00,392.88738191538704,398.8466823976615,446.6678006353305,373.62279554123046,412.3542625283652
2024-12-08 08:00:00,301.162756553501,343.3819551125279,440.865394701789,317.32588902030017,363.0090567726108
2024-12-08 09:00:00,258.6495131251026,304.434808369378,422.86026803246705,281.9183694749817,331.9094157623552
2024-12-08 10:00:00,218.30055744175138,280.2309449821225,417.12962338119576,258.92633407604325,307.7071479322613
2024-12-08 11:00:00,202.36785926951748,270.0897774279013,417.18454902188586,246.99527775410334,297.0575341232537
2024-12-08 12:00:00,263.462058114066,283.4675159618741,419.1546850467936,263.1899040424784,324.75201277866284
2024-12-08 13:00:00,328.51462698212737,320.88894925437893,422.9263629025801,302.4587812733898,359.6590224766409
2024-12-08 14:00:00,393.5968232525749,354.1813914149513,429.07705315921527,338.7536171529577,390.5553597965132
2024-12-08 15:00:00,444.0138717337799,402.8324097164561,440.92009922119087,383.05355043696767,426.90404617162767
2024-12-08 16:00:00,478.16164417523987,431.47483760932556,443.00926500850824,412.0059346403866,448.55151586265316
2024-12-08 17:00:00,498.7783397669847,420.2147618702719,440.4770990424971,409.34565113214023,448.87321528968596
2024-12-08 18:00:00,492.45626278868923,410.95315166606144,439.41315886940316,402.9003343711117,443.7243331334371
2024-12-08 19:00:00,489.2388711474006,378.0757585754935,436.7223064239206,377.7938333527811,430.7052322351107
2024-12-08 20:00:00,486.523577227412,405.4596011175254,439.51315386136025,399.5170151786186,441.28891143275627
2024-12-08 21:00:00,483.95221820906664,407.7544858063314,443.1081804197993,400.84512760166655,443.0739854072503
2024-12-08 22:00:00,480.14400493873353,420.44470752917454,442.0577966295513,408.40451342500086,445.4109837916164
2024-12-08 23:00:00,479.5992935564911,458.93494005681754,445.8379355214276,438.18778903356156,458.76018123939826
2024-12-09 00:00:00,477.5243350478864,471.90165717520813,451.4266688382803,446.6815841613428,465.1325722948993
2024-12-09 01:00:00,477.20243046457284,527.4551678636324,450.22802461755595,486.39571980222684,482.77592327996524
2024-12-09 02:00:00,478.05307245775595,530.9202808998098,454.4914429342328,490.21266967978283,487.78249480838906
2024-12-09 03:00:00,478.7767947606414,517.4630918503805,448.6598435810593,478.21444194585246,481.95498824852496
2024-12-09 04:00:00,479.5579254559669,503.30803071275795,442.0540924489268,469.5547633001,474.71118062027614
2024-12-09 05:00:00,477.7268046717604,508.37875890916484,440.5354891201143,472.2732535161194,474.9229691820908
2024-12-09 06:00:00,476.08616657694506,488.4815461248846,419.2069452292619,458.05830334640734,458.7921201050798
2024-12-09 07:00:00,449.4892601880099,454.4957109915993,424.6804181868589,429.4268413286902,441.48948554254673
2024-12-09 08:00:00,397.0978692770479,387.28572376136555,418.35763994981835,368.0778712450288,401.1667795184608
2024-12-09 09:00:00,281.54612766233515,350.38849659434896,408.55250432108613,319.05267398370427,348.70600169307744
2024-12-09 10:00:00,232.6002143702673,319.53792299103577,403.52286554069406,288.4525918409522,318.7888469858437
2024-12-09 11:00:00,229.13441380956658,302.3680018599308,410.91637981612394,269.4375985243869,313.2033866122414
2024-12-09 12:00:00,224.8233139631092,290.78536801318154,414.52357845290646,255.9960638534793,308.128344253347
2024-12-09 13:00:00,244.8190637670437,304.8617268323775,414.7893203925076,278.1415380797105,321.88546995281985
2024-12-09 14:00:00,265.6898299780773,321.93816211488354,410.598603226824,296.9611561334573,333.73748470407673
2024-12-09 15:00:00,322.5386606328567,379.55103454068137,420.42219679827974,349.5189898657402,375.65235541651055
2024-12-09 16:00:00,413.47721700570844,432.1476673721199,425.6895555843239,405.3014942701983,423.78424580346166
2024-12-09 17:00:00,466.34068893911063,449.678475201634,424.5132973834091,430.37155435694035,444.65238017082635
2024-12-09 18:00:00,465.57637423112857,429.2460351152278,426.7529449697797,416.40856178254165,438.57699659820923
2024-12-09 19:00:00,463.37098251596876,404.82794017927677,425.43660299781163,398.2802299227129,429.266556289165
2024-12-09 20:00:00,464.04156544894516,428.57679207908023,427.5880252422026,415.3066095972895,438.4732249656726
2024-12-09 21:00:00,463.73557202467117,485.0141637055885,431.0757156283539,456.1200548428297,457.10285188863884
2024-12-09 22:00:00,463.259421787055,544.6543517509022,427.5311188418984,496.986762103641,473.6808719126657
2024-12-09 23:00:00,462.12467623754424,538.4096843960235,421.11526733193887,486.02859952534953,468.48223682149154
2024-12-10 00:00:00,459.665105991183,529.0109994249287,437.175027788286,480.92039863943785,472.2334787145563
2024-12-10 01:00:00,458.7515325699624,563.6327886983861,440.2562427995141,501.7974242161922,486.4558495938511
2024-12-10 02:00:00,460.6119936105642,591.1243030746907,441.7027467759219,519.9552298791405,500.7774532373266
2024-12-10 03:00:00,460.41349767088167,598.4575326897325,439.80868267691494,526.9792099114277,504.535183527667
2024-12-10 04:00:00,461.53839541384923,598.5548391178435,434.55911171267945,527.788735364181,503.3432395128852
2024-12-10 05:00:00,461.0274743321994,579.2568010869762,426.86621155628035,519.676839469104,492.1698576455477
2024-12-10 06:00:00,460.14810001000876,573.6256484053658,408.45890937972683,514.0075246529433,480.23456903103056
2024-12-10 07:00:00,415.2056343014372,552.4653298652481,422.2474969861336,486.4372533086267,460.0888952292655
2024-12-10 08:00:00,324.79659410399836,497.1471536296088,435.1968060115404,435.2143930444506,413.65899082982924
2024-12-10 09:00:00,273.9049407876101,456.58567293703044,437.7184972953493,403.7769433307353,384.94539236653105
2024-12-10 10:00:00,244.0877644305102,436.01717727642495,429.9542932194819,382.1702680756982,365.74953228015664
2024-12-10 11:00:00,236.35106348127732,407.9049495717309,431.4617128159869,357.3489039102072,354.9925458259826
2024-12-10 12:00:00,229.8782478823411,394.2806360719499,435.7985940258591,359.21218747010494,352.54659331761513
2024-12-10 13:00:00,254.2696445196057,397.3269445683712,433.2262191544309,369.1565106942602,364.0861171048081
2024-12-10 14:00:00,277.72200313777176,413.62940428690246,419.83444058300864,381.1438152908751,372.42542804854395
2024-12-10 15:00:00,326.0185987875708,433.27525704652885,416.82551191462426,395.48433797351345,392.6116871140657
2024-12-10 16:00:00,416.63951412743205,437.54878904085353,416.029905870436,410.9339555594762,422.550637659539
2024-12-10 17:00:00,455.79877786562474,440.4786912273926,418.55841477749186,423.0716711967633,436.1107196879396
2024-12-10 18:00:00,456.4572138292183,440.28891255626553,420.61210394293283,422.97110951430176,437.08520948133946
2024-12-10 19:00:00,455.576998362553,470.8292245513604,426.13001658416306,445.22869138499516,448.61964287167785
2024-12-10 20:00:00,455.40547749196463,481.80822134201196,432.79010653815635,454.32642891846115,454.77117587611235
2024-12-10 21:00:00,456.0136253313155,548.2855084716084,437.5210966999618,502.3308686245548,478.1553983308089
2024-12-10 22:00:00,456.85864884744774,609.4480394302313,434.3086489305717,543.9623110412873,497.8946315457547
2024-12-10 23:00:00,457.3718857361281,649.7669115328064,425.5539443809684,565.4746524887462,507.91337463006795
2024-12-11 00:00:00,457.56581636891616,672.3779273487673,432.01056109603354,576.9283567367328,522.7115281981766
2024-12-11 01:00:00,458.12306486353714,664.7534601026856,437.7941752164585,570.1836051100261,527.8147802130466
2024-12-11 02:00:00,458.9047559690487,666.160321922664,427.4740734042387,573.941988204249,529.8976650365802
2024-12-11 03:00:00,460.3616644286202,657.7815805082323,422.65139075276875,566.8533731842115,527.4891264063656
2024-12-11 04:00:00,460.3293158374787,638.5374474465481,419.90619723651696,553.3602610353639,517.6438928171466
2024-12-11 05:00:00,459.5832852616981,604.3669882859981,420.4567445623616,532.6484009347719,502.79406375499366
2024-12-11 06:00:00,457.49584781420566,592.232432916446,401.579800815379,523.5741522535031,487.9957432204049
2024-12-11 07:00:00,431.5521749802895,577.8578393526911,411.54593528203003,514.1488723085206,475.8609534514569
2024-12-11 08:00:00,319.7031275440876,509.5685013547303,432.77825179562655,457.3287335018729,421.60687566859286
2024-12-11 09:00:00,268.7654322230968,450.83694838786477,440.7367448092691,411.7643206886448,387.04786324081766
2024-12-11 10:00:00,243.48195624522768,425.6695792643876,444.70273591346864,401.3048056504781,372.2011582839207
2024-12-11 11:00:00,235.20293399335722,413.82960329574064,450.47402383849294,390.1825675672732,367.0330593122536
2024-12-11 12:00:00,233.71595948145807,409.2562163146248,451.7370126599183,370.8612568358283,366.00755206107084
2024-12-11 13:00:00,247.38706963177873,421.80302090923516,449.76662940638835,389.3581480619801,373.96771492167625
2024-12-11 14:00:00,252.22980496001196,466.1498213373659,437.6933052372937,415.6382893580404,382.25017678482044
2024-12-11 15:00:00,258.828708503438,488.23411018000894,432.69896401741755,426.52762407595935,383.37329132751614
2024-12-11 16:00:00,266.39418431148727,505.6124286549187,429.81611995978164,431.1688171023821,385.41172821334885
2024-12-11 17:00:00,266.7333326897413,514.6842831815728,426.3927209637878,435.2324922605548,384.86896551598073
2024-12-11 18:00:00,266.88727427814285,487.6174697094532,420.0312048633774,414.8285449999896,375.0924232772783
2024-12-11 19:00:00,267.1742944363374,472.195637624386,412.18378407270285,403.0364828225299,368.0136852710604
2024-12-11 20:00:00,448.56966328973533,458.3145297595623,410.5791046389124,435.02347206528196,436.26088831182415
2024-12-11 21:00:00,433.9458790294034,464.1954781779447,410.2199925332409,435.96190779790277,433.77892674742407
2024-12-11 22:00:00,419.4559295081064,456.57489363028503,408.74562777930794,425.1096955833305,426.8716241956971
2024-12-11 23:00:00,411.9925457811796,438.04510066972824,407.4218469765875,407.19608101207695,418.15720699582033
2024-12-12 00:00:00,394.12728540160066,440.20152566693577,422.6684892995147,403.3274290539363,418.9315866766773
2024-12-12 01:00:00,391.5515414047285,446.2227153362899,435.379927675741,403.99692086091505,425.1540604546862
2024-12-12 02:00:00,390.66036139779175,446.0771891888069,436.84070383854294,402.27280294601957,425.01290851758836
2024-12-12 03:00:00,390.23259146278224,446.4451729296536,435.5783031392656,405.1812349167242,424.8278256373741
2024-12-12 04:00:00,389.94406560975875,449.4847542405142,432.7679540950581,406.387882376394,425.2954765333991
2024-12-12 05:00:00,390.50278866327426,451.9517383878568,419.29195061009557,408.0418810504456,422.11299613389076
2024-12-12 06:00:00,225.04093246783273,438.6690773303201,406.1577382551146,355.7650139719292,342.41013773742344
2024-12-12 07:00:00,213.61622688498133,395.04746840883115,406.95711269015396,327.39502035919423,325.8650080658696
2024-12-12 08:00:00,214.2772926514276,352.7540366401408,400.7608571166108,307.992699336036,315.6913785697476
2024-12-12 09:00:00,235.76190858307015,316.98715201262826,393.22780925001183,290.3501537093017,318.5052097144751
2024-12-12 10:00:00,208.44916271270498,290.2495953248719,389.68557797979844,264.1212690377015,299.1926365530017
2024-12-12 11:00:00,185.44472504303894,282.264692759659,397.54696505697956,253.7671781103789,288.3461508794073
2024-12-12 12:00:00,181.43791488062914,273.8453731289752,397.520713391743,248.21504290643475,284.47587411404186
2024-12-12 13:00:00,191.419953008109,280.94607712836876,396.4508268886158,258.0182805719154,291.8924319830783
2024-12-12 14:00:00,213.67586542413216,318.2320661573573,395.93004537676734,292.9208638995686,313.2422663567002
2024-12-12 15:00:00,264.14062697651593,372.11400236401084,400.42799852898287,338.62540942924215,350.16538464399923
2024-12-12 16:00:00,353.2765583785246,412.9519068482362,405.8509261457157,376.97255553469466,393.16287156578665
2024-12-12 17:00:00,399.1196630868254,433.08567987421554,408.771550975611,402.82714579923373,414.2476171554319
2024-12-12 18:00:00,400.3241917695354,423.44555366914614,407.3116438495743,395.4452713190692,410.6345600689255
2024-12-12 19:00:00,399.18573628402476,407.85172331852146,407.4010355645774,384.23342261447493,404.90343385345807
2024-12-12 20:00:00,399.10827077690254,442.25299327583383,410.269586634958,410.35870687083343,417.33019681583755
2024-12-12 21:00:00,397.3105466340487,428.635140458394,408.99251250915046,399.0312334618832,411.7794958482432
2024-12-12 22:00:00,392.40919867615924,437.1833987619114,409.92363098031836,404.57516527613376,413.74549597489124
2024-12-12 23:00:00,389.53359639904977,454.0572123126402,410.278657014054,412.5740019016861,418.09845285349627
2024-12-13 00:00:00,388.38322746942924,436.88115533674915,428.5202141940636,399.1319169632004,419.1148042206697
2024-12-13 01:00:00,390.04306330965505,452.8601893567423,447.019782675541,411.0234063759903,432.07327361018724
2024-12-13 02:00:00,391.2348477754308,484.84514454270163,446.61545962318354,432.22924413524856,444.7898410252487
2024-12-13 03:00:00,392.34001670088935,495.2622830187037,448.2880734781658,441.14378914493244,450.50866973916914
2024-12-13 04:00:00,394.4015801720641,492.4977683258532,442.1095712486472,439.84644602673694,448.6877993522558
2024-12-13 05:00:00,396.3782667126834,452.0662640670685,435.59213277654544,413.35252732610974,431.11278304120725
2024-12-13 06:00:00,397.55664091729057,437.36354643715225,417.4103190445119,404.1247384072116,419.16142044760693
2024-12-13 07:00:00,389.878801783532,424.72089008501587,411.3042670160657,393.09495508885783,410.0936083399158
2024-12-13 08:00:00,356.96468561044117,399.38290291658484,413.8897067275794,368.34952622594056,392.1221916992533
2024-12-13 09:00:00,318.07785312589925,366.1462069288613,409.2371198804656,336.55143527436013,367.6547403197207
2024-12-13 10:00:00,297.4655657052455,300.9581701986393,398.8765382256198,281.9874178527136,333.9862563678146
2024-12-13 11:00:00,262.85423988043624,310.4595787413524,403.78510570563765,287.9653463629329,331.29052072997115
2024-12-13 12:00:00,257.5472567011864,339.7210763566636,419.4089312952685,311.3538799781687,344.8805150706945
2024-12-13 13:00:00,270.92920472463356,346.8831421354499,414.90508305414073,320.53087681943884,349.6825235206475
2024-12-13 14:00:00,293.85601874727735,356.45957553677255,403.2762495350035,328.7409056965567,356.18358978827337
2024-12-13 15:00:00,333.83230434231797,375.66562870171873,402.8721265554741,348.30064929797436,374.01829284508324
2024-12-13 16:00:00,377.5992087252187,400.6885897628488,402.86190882857187,374.6118105498916,394.8960434547035
2024-12-13 17:00:00,402.04055811886695,394.7655771382614,402.36993915501995,374.3284897098632,399.12488208308577
2024-12-13 18:00:00,402.496488791854,375.01568019823645,401.73319859878654,359.523495165354,391.9322478789167
2024-12-13 19:00:00,401.84463620922077,368.34284390109696,401.8132885149853,361.60308776736747,389.2271754639164
2024-12-13 20:00:00,402.0111679924188,375.4599577017319,401.3408239653418,372.44543801624286,391.9305155961363
2024-12-13 21:00:00,401.4707928103459,369.66870751529035,401.55572992295873,367.41156933028765,389.8302682705515
2024-12-13 22:00:00,399.53239181358816,388.4872681619763,403.22377451457186,382.8237877893911,396.7770374895979
2024-12-13 23:00:00,394.10881808211735,386.05795933264034,403.8008810193415,380.14135399187694,394.6193117693711
2024-12-14 00:00:00,391.2443355733957,385.26081354565,420.91150518271184,378.08432332456084,399.39984207243174
2024-12-14 01:00:00,390.0965548598926,398.18800905984375,438.05832291353266,387.7521619051622,409.1629788533435
2024-12-14 02:00:00,389.85750998317945,416.75594711386134,441.5644430270865,401.8349982070829,416.94396525390675
2024-12-14 03:00:00,389.05382957918556,422.39706518579084,439.51425151554736,405.8280021934863,418.09410259942206
2024-12-14 04:00:00,389.03599830160056,423.0989802438374,441.11267976626544,406.3346517333828,418.7284606707033
2024-12-14 05:00:00,388.53384787603386,423.171240956198,441.34803844219465,406.6851266921315,418.6876790099238
2024-12-14 06:00:00,388.2971850001647,393.07902555691606,444.97591041613634,384.37288737546857,407.89572758919724
2024-12-14 07:00:00,365.96391766424387,367.55377804613596,446.661707810771,355.4481499153489,391.633082209537
2024-12-14 08:00:00,313.6028053625997,323.0334120274749,443.6736969474224,306.5505317627294,357.8516875131206
2024-12-14 09:00:00,280.7585833017502,300.0457582633519,425.7304836914978,283.10515914282615,337.1411545274932
2024-12-14 10:00:00,257.137109758046,285.0200462268943,418.11227522654997,266.2010557080794,323.3889283086799
2024-12-14 11:00:00,248.23910048932314,295.96326619090814,419.59274145668365,274.5967645275032,323.5988790687945
2024-12-14 12:00:00,291.11422642592,336.57428229189634,431.788972851597,313.8019482565174,357.1860763199113
2024-12-14 13:00:00,307.9097155146093,363.3745563652868,432.3692452654477,337.6986571356318,373.6732895577874
2024-12-14 14:00:00,299.72339044625676,377.23516528679505,435.083533027808,350.1316972610682,378.8685080148119
2024-12-14 15:00:00,327.33126431348114,382.4766029266863,434.79155207167696,356.1313260646483,386.97220343323596
2024-12-14 16:00:00,371.4093559367648,387.4111380687905,432.9515912067669,366.0445795118104,399.4624150453574
2024-12-14 17:00:00,398.9334918956895,366.08907980928166,432.1025598347256,353.4008176185749,398.05220609477965
2024-12-14 18:00:00,400.85057504214427,355.42674720027196,434.9515321847513,345.7466613727776,395.25066042068727
2024-12-14 19:00:00,402.3663537298985,339.6407949622969,433.9503680078386,333.1907017901153,389.1638980821033
2024-12-14 20:00:00,403.53486543959104,356.4342811223552,434.3909160432633,346.4939450522498,396.8063333420009
2024-12-14 21:00:00,402.8752132946472,362.8188687320141,432.23479799057054,351.31512567443133,398.4841712547286
2024-12-14 22:00:00,402.1996183758862,382.0977831974468,435.507535763465,366.45551436400774,406.67041404092885
2024-12-14 23:00:00,401.7468165544963,393.38421402502115,437.2067346603477,374.62203336514017,410.8287431349138
2024-12-15 00:00:00,400.7773572084809,386.9074609272328,437.56256149986126,368.2476480259955,408.52138432914165
2024-12-15 01:00:00,395.0286264611322,391.70590486364455,441.71888998856826,368.4639771777833,409.7792226470449
2024-12-15 02:00:00,391.4163882592471,415.47704747350167,442.8752369982469,384.02274690725574,417.49521310659895
2024-12-15 03:00:00,391.097860197956,432.1149616727405,439.9111543387816,395.45931287543044,422.48932618805753
2024-12-15 04:00:00,391.3918367632953,431.7922905288533,440.82927981673055,395.5964908143835,422.8124795560875
2024-12-15 05:00:00,391.8049442448597,428.01432643839956,440.18832682912773,393.50293204148863,421.2061647814908
2024-12-15 06:00:00,390.0910023703988,396.7032567419291,444.94492999881373,372.3319654962309,409.88270842920866
2024-12-15 07:00:00,349.51583281310997,374.7712644095101,444.66692262843,347.27424753214706,390.04635187491164
2024-12-15 08:00:00,278.0424510625397,326.2235630139415,435.6488323798556,298.3127174793969,348.1192064142608
2024-12-15 09:00:00,215.9747645528946,288.18047524793207,418.7115286099309,261.40322607389584,308.2388385233126
2024-12-15 10:00:00,194.84368934662038,267.5631366201364,413.3869527658366,242.53499562720896,291.2240249482537
2024-12-15 11:00:00,193.8936293162205,259.2357196532128,410.26847004847514,233.51368518575248,287.78995318359483
2024-12-15 12:00:00,183.2594464926815,257.2699058281658,404.6887701150256,231.56520444325102,282.1684294967307
2024-12-15 13:00:00,235.73270644341272,283.0640864249559,414.81033164576473,260.10849345092436,314.63328849400153
2024-12-15 14:00:00,228.22240226485326,309.3326426056309,419.7122822360852,282.2585914744706,322.3926917867951
2024-12-15 15:00:00,267.09039361039845,349.1782344677371,426.6408794389883,322.8837832729132,355.0747176258976
2024-12-15 16:00:00,347.50117046208004,373.9446333832662,432.78451819826955,350.53348673270483,388.5467369018193
2024-12-15 17:00:00,395.7030773857488,358.264140823423,435.01193363249627,347.19125925300165,396.1363048392019
2024-12-15 18:00:00,400.81754750304265,383.5380885237318,434.75625049240546,368.32383226671647,406.55601982296156
2024-12-15 19:00:00,401.62177616071216,383.54030657368673,434.3328535731932,368.4758471915462,406.71983900506336
2024-12-15 20:00:00,402.21766163985586,395.2659470130602,433.7128865087553,378.24201549988544,411.38703025758036
2024-12-15 21:00:00,402.04561270923006,389.90248897096984,433.35179542258567,373.7321893125106,409.5701719591852
2024-12-15 22:00:00,402.56227621652795,394.082961637375,435.71858699873,377.30138857072416,412.041564922846
2024-12-15 23:00:00,401.8664980921517,404.3364804593865,440.697845467741,383.8512380725118,416.66839838764383
2024-12-16 00:00:00,398.67803285487145,441.27800978544224,442.41538937034466,409.19307646759165,429.063273978336
2024-12-16 01:00:00,396.481025640937,456.75202461684574,444.8606219143319,418.83526197694084,435.4089702204453
2024-12-16 02:00:00,396.61686976766725,449.65488283028793,447.83759289046776,414.30895055767576,434.4874894291337
2024-12-16 03:00:00,394.540732905902,455.69805027049915,445.663517924918,417.89396010152745,435.9162132865237
2024-12-16 04:00:00,393.5948062842092,474.2857330394477,433.6883251162754,431.53021619621984,439.3826709647548
2024-12-16 05:00:00,394.3886577305424,465.46093364399565,420.97565670391964,425.6019736122811,431.76741410816095
2024-12-16 06:00:00,391.84528685801655,428.4863032314236,407.92964855647796,397.3583546514082,411.3458335610526
2024-12-16 07:00:00,387.51360334928995,443.69853659071373,402.89202652263845,407.8735063496896,413.7131141924958
2024-12-16 08:00:00,367.2215645583431,453.92076500976987,407.56593684649215,413.3019031183528,411.85153070018316
2024-12-16 09:00:00,330.5660843415832,422.4136864031539,407.07615865241087,389.6349351910975,393.14865015313075
2024-12-16 10:00:00,304.95118098087636,399.5429280240706,409.8299909035534,369.4268269341203,379.7510729462695
2024-12-16 11:00:00,290.39578690771157,414.0579957292614,416.4912250188667,381.4769231898814,383.584429846333
2024-12-16 12:00:00,290.49084301156,440.5967298584719,421.18133000591064,399.84674315819046,398.1104150607323
2024-12-16 13:00:00,318.3215469819055,453.78369578792837,420.75046087747427,412.88336724973766,411.13600985654637
2024-12-16 14:00:00,345.703038470939,476.43850334098056,411.24592896883894,433.74022356181916,423.18381715057467
2024-12-16 15:00:00,355.0191777685983,492.4488934394004,413.42081589397014,449.651371238958,428.19022379333154
2024-12-16 16:00:00,372.63724406615194,514.9286714182257,417.9153860429511,470.5330675753983,439.60864018048255
2024-12-16 17:00:00,400.2783536428944,488.7787581055928,413.8989849590379,452.3137430760624,435.47405024356937
2024-12-16 18:00:00,400.3880190809515,461.3544980386965,409.40407282656525,430.1239050574594,424.7412554204952
2024-12-16 19:00:00,400.447658206959,461.73692766160804,410.9533770033962,431.1234811440427,425.8324747034814
2024-12-16 20:00:00,401.2378952664976,503.5705874600376,419.2125216747356,465.82487284158003,442.3919538937607
2024-12-16 21:00:00,401.5783308070596,521.1006076869149,425.6668067949006,480.0207916217142,450.30968132691885
2024-12-16 22:00:00,400.84408293259867,559.9833154841695,435.5840734872797,509.5107775643584,465.4049955666428
2024-12-16 23:00:00,400.38813650358713,586.4993575747488,426.28353214470525,517.8295650054902,467.85822920660365
2024-12-17 00:00:00,400.9090784790213,594.5821861928497,433.77097161599994,516.9146304158329,474.6678730049955
2024-12-17 01:00:00,400.1962124348946,583.2673973048084,441.3163194037951,508.524729395583,479.9580803268824
2024-12-17 02:00:00,400.83554690755733,615.7111182361859,435.7544718112289,529.4142976778924,491.6768355403057
2024-12-17 03:00:00,400.1423778102413,585.5390485402326,421.10125650977176,509.337123518793,477.6016816548555
2024-12-17 04:00:00,400.80167903458903,559.6870419565025,414.01019190625,492.27656300180325,464.9714377491963
2024-12-17 05:00:00,400.93365972972214,541.8479618524095,402.7831243014137,479.72919891093545,454.13767384792607
2024-12-17 06:00:00,399.08640012452577,533.0673469672748,388.25332974460366,473.1543492542423,443.2195859178885
2024-12-17 07:00:00,344.35348330497226,484.35329009467483,397.3052586117731,428.40476936125276,412.21655681284625
2024-12-17 08:00:00,256.6088416576828,370.86066083768566,397.44919211429635,330.41798850130533,346.6225242698522
2024-12-17 09:00:00,206.81140241058034,319.34679597862186,392.3423269406079,279.6902375629845,311.5143232756862
2024-12-17 10:00:00,185.79484340342069,274.50112055380134,385.2458406012047,238.62811449356076,285.11622554385167
2024-12-17 11:00:00,176.61027884788103,266.2684882997696,390.4796006619697,232.78919524539094,280.6520263088843
2024-12-17 12:00:00,172.1710583420517,272.04129074730895,393.0834190278143,239.2085324767943,282.6723549192419
2024-12-17 13:00:00,179.52131381334675,278.17473846974906,391.64515788022425,255.51324929508024,289.66956907987486
2024-12-17 14:00:00,199.7822778672172,293.92109171399426,384.2909843107197,270.2648794251525,300.74991299946925
2024-12-17 15:00:00,251.52828662640655,348.5249708785956,392.9786676479373,329.31959926995813,339.2822167375094
2024-12-17 16:00:00,338.9156285625076,387.9858546815683,398.41033529452733,370.3023110080211,379.3099063893872
2024-12-17 17:00:00,400.4022886894722,437.5614781519611,404.8922696179165,419.1824426865893,414.3959293081338
2024-12-17 18:00:00,401.2843252498437,429.9829369095551,402.9443918758033,413.48903639640423,412.01380178001995
2024-12-17 19:00:00,399.92617382493364,462.150159518272,406.72766972247115,440.1142130902726,424.64430435205145
2024-12-17 20:00:00,398.2545916755192,521.3675001539898,413.5009397389696,488.1995741036573,444.86011959054764
2024-12-17 21:00:00,398.91284884276,559.1452811637845,422.214707827237,519.4451064954806,459.41852801343447
2024-12-17 22:00:00,396.4438649946572,590.0095298776703,419.65106755046224,542.3088744970245,467.2970750606708
2024-12-17 23:00:00,389.4569061099842,595.8402576030794,413.75260097659907,540.1661255567778,465.1540217704142
2024-12-18 00:00:00,388.6990738610256,556.4131188069913,422.88473765095927,507.78678335817574,460.8636993981939
2024-12-18 01:00:00,390.3508771162097,570.4326784114519,435.3838550686473,516.9505795658364,474.61590913242856
2024-12-18 02:00:00,392.956942003706,579.908730647911,434.7893470788923,523.1517269399956,482.3153115588737
2024-12-18 03:00:00,392.0913949272401,566.9480266131012,440.68222838573473,513.6386818218441,480.20347357120954
2024-12-18 04:00:00,392.7356178551478,553.5727427909455,431.32948559585236,502.29524278256804,472.053933225762
2024-12-18 05:00:00,393.06100077198846,558.6860501807923,411.01698552712196,506.1724278667854,466.0524405401982
2024-12-18 06:00:00,392.3398014943632,515.8202806578012,394.8444745165,474.7617451913252,442.90854430302784
2024-12-18 07:00:00,358.6323710933846,485.6272166274626,401.45574219486605,445.6371781252585,422.2534487168049
2024-12-18 08:00:00,313.5679417075381,425.6429482944512,402.3398267229234,396.15952282270064,387.8676145187119
2024-12-18 09:00:00,248.52991984302307,408.04299726715345,402.2747209114239,376.1170082672226,362.5148263027458
2024-12-18 10:00:00,195.84934965560646,362.54745836895995,394.4747909516449,331.8612320985886,324.3842685205113
2024-12-18 11:00:00,177.60028014061714,330.42514293948136,397.8530783480657,301.4162413670412,307.1881965123245
2024-12-18 12:00:00,175.48640889814484,296.61289141798306,394.1014605935542,278.28041656406225,295.03738824422356
2024-12-18 13:00:00,184.4146464087102,295.52203150805536,390.24309940465446,284.93270751548596,298.37986479264634
2024-12-18 14:00:00,206.12942091825704,309.0331220593533,381.26259202044105,296.6775882527801,307.26725321316366
2024-12-18 15:00:00,248.30771562428143,349.3801775901287,387.80904567184433,333.65441143761154,336.5953174862776
2024-12-18 16:00:00,340.2643289111878,396.7514516110789,394.5180011887817,379.44259540142514,381.7670458935359
2024-12-18 17:00:00,389.01763646586016,423.7971319569873,398.38732649113524,399.68180415278687,404.8227140128108
2024-12-18 18:00:00,390.9206863168615,442.1245876453729,401.54112547193427,408.6943009097004,412.92163511904187
2024-12-18 19:00:00,390.93685034976323,443.6957633391517,401.81244948033805,410.64611686942567,414.1949448802645
2024-12-18 20:00:00,391.2267957028674,477.5014980142436,406.1334371311711,438.9388226244862,427.4782964655305
2024-12-18 21:00:00,391.0917222728114,486.18374895237423,408.05421189696443,446.2995833298152,431.28493609876125
2024-12-18 22:00:00,390.25655107943044,509.0621623172764,412.2580198072534,463.9829998918555,440.75886711746864
2024-12-18 23:00:00,388.5893995852787,524.4835378055852,410.07155748542937,469.5000245570366,444.1875569283151
2024-12-19 00:00:00,391.3741167792067,540.1400485145313,426.4369048061445,478.02277313368404,458.4715058306741
2024-12-19 01:00:00,391.6302636144796,548.2070276956293,443.4058401453581,482.124062632684,470.6080168892339
2024-12-19 02:00:00,392.4181551338116,546.3573475786151,443.9557691983945,479.97997340151613,472.6917912843192
2024-12-19 03:00:00,389.96768906293806,530.9840985795834,435.5767705161594,466.04066357828145,464.61541050596713
2024-12-19 04:00:00,390.5449027424031,521.486970695158,429.15177355107585,460.30363272259547,458.18722481784516
2024-12-19 05:00:00,389.9376200490763,520.6875247513589,414.1136215570202,459.20419038007793,451.11164788355666
2024-12-19 06:00:00,390.44115408671263,484.7044104390331,396.26286766591045,434.6331012292519,430.233441444449
2024-12-19 07:00:00,371.686844152414,462.7796340689081,394.6729764098045,416.28364693645364,415.6326450316912
2024-12-19 08:00:00,334.69856330521725,432.55006805783177,399.6452371499904,390.7686978466217,395.75428130323405
2024-12-19 09:00:00,300.9823205110078,427.0746577762165,401.6093443295193,384.99772765902287,386.34619032027166
2024-12-19 10:00:00,278.6608553990137,413.4480280033746,403.45718693860067,371.60151312125777,377.31988677981303
2024-12-19 11:00:00,267.7169452572189,400.3210090711499,412.07455334841876,364.0683223290027,372.01408458020444
2024-12-19 12:00:00,251.83740608779317,398.34056446488194,420.12051892294824,363.2998233182074,371.91662111853225
2024-12-19 13:00:00,270.56210184929,398.5024475898822,414.8334441015669,369.875078410157,375.7007362625911
2024-12-19 14:00:00,298.89717487553145,419.6242613759922,410.3691777309137,389.5358366749008,388.4997988685399
2024-12-19 15:00:00,311.08846580335245,439.55093402005537,411.31766042439386,404.38609509439146,398.15864824576784
2024-12-19 16:00:00,356.63762003802685,484.0887208616532,425.10135498184485,441.60209806291806,429.3792508977402
2024-12-19 17:00:00,394.3663732019077,515.9285343055031,430.7662814237673,470.07232602013823,450.33352571325935
2024-12-19 18:00:00,394.7862082881065,514.6178656169809,432.44270237116785,470.35830708197636,450.434630615511
2024-12-19 19:00:00,392.403985322283,506.18842880504945,431.2862719044119,464.15230277512876,447.7322221525895
2024-12-19 20:00:00,392.72765940141807,525.4944570747303,436.6940479856782,482.9582246987534,456.1234816252114
2024-12-19 21:00:00,393.1873323237713,554.5362086028006,443.56341450696556,507.30133645860485,466.7660775828097
2024-12-19 22:00:00,396.8953530954387,575.5903385583927,451.50483632482695,526.4276890061882,475.89888954906
2024-12-19 23:00:00,395.36260039484046,615.9353783794294,447.0832717715748,547.0713695161738,483.0274119261924
2024-12-20 00:00:00,394.5139271047065,611.1986922713506,455.19558477776525,535.3759132969033,487.5738216667804
2024-12-20 01:00:00,395.0072922743708,611.5668573143229,467.6025038415244,533.9201569931253,498.1382369029362
2024-12-20 02:00:00,394.2983668767152,611.2452678116302,467.14192809187284,530.8533617732372,501.6707756437485
2024-12-20 03:00:00,393.91736450640434,596.5120265484079,462.4686602396826,519.697565291996,496.97906205633274
2024-12-20 04:00:00,394.0884490940835,587.2155028039535,453.6034452849209,511.7217268081211,490.4734187769924
2024-12-20 05:00:00,393.8859468357022,579.330089227996,440.1484365511903,506.75874135861517,480.61767863900826
2024-12-20 06:00:00,392.8607255825399,540.2203030271669,421.4038180179041,478.46007143305354,458.1931521479999
2024-12-20 07:00:00,341.9322874109521,496.8703457103726,423.142434424395,440.68871948665486,428.94860825661164
2024-12-20 08:00:00,257.7619949025927,408.41538044424567,408.7476421226749,360.23264063465234,367.3501298625574
2024-12-20 09:00:00,206.24040553185174,323.9895674478149,386.9333452142159,287.51098057560006,313.86085732107955
2024-12-20 10:00:00,184.26018332969053,288.1911493831887,374.6410635172914,253.90965674894866,289.9174286898743
2024-12-20 11:00:00,176.95835400482963,276.91573285151225,383.21904119602993,241.82549618635687,284.71211953165795
2024-12-20 12:00:00,174.7008434880841,273.7648018306744,389.1559867176609,236.23852915515735,283.1935444262606
2024-12-20 13:00:00,184.30106565643052,282.48508726510727,389.0508380766441,248.43871360345403,291.0428734087388
2024-12-20 14:00:00,205.2088049592549,315.7769542070146,384.90231674518776,286.44529981291146,309.8399274060161
2024-12-20 15:00:00,248.74127876798678,357.6102843016562,391.56290499729397,326.1173245354902,340.29503538551046
2024-12-20 16:00:00,331.508782502488,408.0823452898731,399.15848912902607,373.7063998784364,385.07034052798963
2024-12-20 17:00:00,388.826868747938,422.6121990780559,403.1606219295847,391.5186098554529,406.60627571991307
2024-12-20 18:00:00,389.65878707452094,421.1626530664512,404.9952165383221,391.14225356951243,406.7734893668786
2024-12-20 19:00:00,389.80720426844726,447.3374450036923,410.0187357740675,411.86742202170757,417.8700086312776
2024-12-20 20:00:00,391.227586343768,483.5983704779148,416.865539343887,442.2803121281857,432.212001685648
2024-12-20 21:00:00,394.3954210529634,472.4000617946692,421.26961350696854,434.93386900513775,429.78438268306
2024-12-20 22:00:00,394.6305942294141,505.666474008566,428.52935340208865,462.5395927824915,443.0974053615131
2024-12-20 23:00:00,393.51438167225143,547.297995444074,432.3886389551779,487.0364669538342,456.177789779349
2024-12-21 00:00:00,394.2977341184031,561.5479484072448,455.6616656925815,493.62567470696933,472.4154020550506
2024-12-21 01:00:00,393.1884790503822,605.1152488114612,477.19458192509217,522.982550854536,494.9826609077205
2024-12-21 02:00:00,393.8129552735396,622.6244297183133,480.4471269433552,533.6870333726789,504.6194523866799
2024-12-21 03:00:00,393.34693580008974,631.0799602558459,476.63924833973664,539.4302702968532,508.4324440687948
2024-12-21 04:00:00,392.19419070375693,626.2902314519497,476.96453987194764,536.4147412011453,506.24994365938966
2024-12-21 05:00:00,392.19984817964684,567.7484439194612,472.39852060829026,494.55245908187777,485.97610814495243
2024-12-21 06:00:00,393.7087758533557,498.17475282256254,464.36601241023186,445.9662562787266,459.1536107165373
2024-12-21 07:00:00,367.40790313498894,470.2587087110412,464.9684198989424,422.42169664948375,443.20517957400403
2024-12-21 08:00:00,305.0885681466181,431.9410334675331,455.65141724103574,385.30827210643724,408.7071443208195
2024-12-21 09:00:00,244.4269639328554,404.722088896159,443.8025077686002,361.4253010866576,377.1167271995742
2024-12-21 10:00:00,217.79041245030868,367.43616612387893,438.1469978843739,328.02987319777577,354.9647483286856
2024-12-21 11:00:00,207.02591308610073,336.75000672007855,428.0216446653454,296.8678041333525,336.5827997407619
2024-12-21 12:00:00,217.79038512473946,305.46444940475504,412.084057711419,270.0170788563461,322.6580329104969
2024-12-21 13:00:00,256.0204800393653,316.7796399448493,414.8121267248886,284.077979887725,337.80840035469066
2024-12-21 14:00:00,313.1825824197461,344.34728264877685,427.53589912063177,309.5886213700916,364.8388202918521
2024-12-21 15:00:00,326.55201359511426,391.32976805302155,436.36612739078925,345.6345769663653,389.4686322084772
2024-12-21 16:00:00,366.1254884777569,418.4641290600826,438.687047373172,370.03624872993026,411.1729593854908
2024-12-21 17:00:00,385.8442718202529,407.1254977700967,435.9788191586809,363.0545549748615,411.12864284206756
2024-12-21 18:00:00,388.64849494016784,392.87689620026,433.8766317536905,352.52026851769926,405.6149634495481
2024-12-21 19:00:00,391.1890365192826,378.01361764871467,431.1333168900655,340.38796063819194,399.639403512728
2024-12-21 20:00:00,391.1323095013074,399.27926126193466,435.06001844865267,358.11402712452286,409.39885808091645
2024-12-21 21:00:00,391.28784403234596,394.1775917117812,434.32582927269834,356.3626842228672,407.32709912387287
2024-12-21 22:00:00,391.337191673477,401.7215350758687,434.36706971557123,362.8193178134123,410.9224263135476
2024-12-21 23:00:00,391.8549953744306,426.09266615563854,440.64943051459056,379.7362117027045,422.3159469240409
2024-12-22 00:00:00,391.14155669180116,431.8340536440064,441.33919134269246,385.3273283099732,423.90318214170236
2024-12-22 01:00:00,389.9093915026693,458.7745456991263,443.938757648144,414.70169233981346,434.9375840864497
2024-12-22 02:00:00,389.39553448237507,474.5725046563594,444.1504112567726,426.40792236686667,441.8313973120916
2024-12-22 03:00:00,388.25206274632086,484.68326701745633,447.50956912770994,434.5860611760691,446.88593862573595
2024-12-22 04:00:00,388.3758648384908,483.15052841182427,447.47324413353647,433.55651637741613,446.4277337808456
2024-12-22 05:00:00,388.5624708259191,483.96588803927347,445.8142016146352,434.37355483850587,446.12662716999785
2024-12-22 06:00:00,389.03160401660176,448.4471881623836,443.58489259680374,407.93253154967095,431.7367826818998
2024-12-22 07:00:00,362.1467492679424,433.1670531927523,445.103229109756,393.12475814131864,419.3682920466673
2024-12-22 08:00:00,300.20783257876064,407.37052034431326,441.17965918498817,368.85740656513207,392.70073498007787
2024-12-22 09:00:00,251.4838168780315,377.30596022111445,436.322427891083,345.3898185294864,367.16457826450943
2024-12-22 10:00:00,250.7947272440214,350.771081665082,425.8653101938133,325.61609373375705,355.27141380313515
2024-12-22 11:00:00,240.6642950925094,349.53286088306214,431.72459370517714,323.57466101101767,355.9217578069831
2024-12-22 12:00:00,210.23365166303364,326.78053982229443,426.0968443404901,302.30475723750016,332.9924767776455
2024-12-22 13:00:00,227.04518652756158,328.17872759506713,425.9161705873776,301.18721597321473,337.2901046143375
2024-12-22 14:00:00,260.62998371825677,352.2573537220578,432.4402267586782,324.5025930497649,357.7411288443672
2024-12-22 15:00:00,304.448020114885,370.90807627714196,436.01240598238934,341.31310745443426,376.9495030743647
2024-12-22 16:00:00,354.497921534333,404.8186396906786,442.3101234678551,373.1675425816482,405.1437444093839
2024-12-22 17:00:00,390.9458767299911,412.1212073729643,440.67635515362076,377.9783850451849,416.2164261502804
2024-12-22 18:00:00,392.76401107956144,433.1129790703161,444.51599187079836,380.12848762554984,425.3642743258492
2024-12-22 19:00:00,391.7164239345926,431.1904563001782,445.904458825013,384.2406956784079,425.08583500478403
2024-12-22 20:00:00,391.4941501197648,460.6626000576692,455.52170545924696,408.3745326980089,438.91465732627256
2024-12-22 21:00:00,390.9875024646969,460.65583539886694,455.783174390114,407.7143936068021,438.96815584647084
2024-12-22 22:00:00,390.2395634399048,483.49760796099474,458.1566440761287,424.2313169395318,447.9742634660773
2024-12-22 23:00:00,388.0369948412693,495.7030474045874,462.22535239869103,429.7417323020377,453.18175440441087
2024-12-23 00:00:00,388.5317150466309,480.99569548537875,459.30217392016607,430.77762700714317,447.45928828446375
2024-12-23 01:00:00,388.25537861309095,483.7063052438537,470.96250313406165,433.7886684492033,453.4128181722591
2024-12-23 02:00:00,388.72351430562264,490.51881553281544,475.08807039851496,439.2606021065853,458.62164468068113
2024-12-23 03:00:00,388.4778558292606,495.1989881169456,467.86299512971397,442.38832327430885,459.1542651636828
2024-12-23 04:00:00,388.44246319464736,508.3835148213837,442.04768235561164,452.3832152819596,457.40416951829707
2024-12-23 05:00:00,389.6914792176271,516.39061219871,420.2821320883215,459.53792637376904,453.0283271737754
2024-12-23 06:00:00,390.8913536563311,491.3938846473989,402.6270962450007,443.07401924820795,435.7318883584266
2024-12-23 07:00:00,373.10786363317334,473.4283980558453,408.01414983864527,426.0686628746464,423.3606854558762
2024-12-23 08:00:00,354.2793373286454,445.5106978332491,410.21205211998574,402.66539603725874,407.564727490396
2024-12-23 09:00:00,327.6225378744984,423.7729255495065,404.08830525432796,382.8350945821164,389.8458000721266
2024-12-23 10:00:00,316.8949745910995,408.2973519422873,402.94480770104894,361.5677316409692,381.00897384795155
2024-12-23 11:00:00,309.61506751438304,387.79744923000317,413.0829044532673,356.3404531216243,376.5305936756324
2024-12-23 12:00:00,293.90700593115656,404.574146731655,419.01448965524446,380.88713345408667,382.34504798014865
2024-12-23 13:00:00,310.7498096259929,407.8992186940901,416.7142366272439,379.33745012506245,386.19793885468
2024-12-23 14:00:00,328.69443715227897,450.16400891812435,408.6520960432525,415.01847541430885,403.7535026667329
2024-12-23 15:00:00,352.09888626793634,504.6029636187351,420.258232612591,461.5988816447569,431.82912337061066
2024-12-23 16:00:00,382.89201427110913,563.6398130106878,435.3749975380266,512.3365361243697,465.3012906800956
2024-12-23 17:00:00,392.1473587283456,563.5049331910303,447.206547857039,511.0497501036094,470.63456924026644
2024-12-23 18:00:00,389.4611757467086,559.9687220753871,445.4778424580706,502.69548585937224,466.98053730853263
2024-12-23 19:00:00,392.9788732408536,543.762865991737,441.68061751791964,452.43345107437466,462.5035160857035
2024-12-23 20:00:00,392.58553435452325,569.2585463301234,445.8339520188626,481.5915847507222,471.5487971236676
2024-12-23 21:00:00,391.8797884991277,583.3048760613093,440.6701324056491,478.9897232860772,471.2768015787259
2024-12-23 22:00:00,392.58641024588155,586.4809686724783,434.21342298389544,479.4038611049799,470.0655490538621
2024-12-23 23:00:00,389.7286472214513,590.9573662975677,421.2646226829188,497.03297531935186,470.1679087276526
2024-12-24 00:00:00,390.76047531061977,563.0087377874788,431.40260466290704,473.5679238103203,471.02642811843754
2024-12-24 01:00:00,390.48081269530985,541.0891715929591,448.825986555696,450.7447444284183,469.48114634942846
2024-12-24 02:00:00,390.4377011977959,513.3915934916594,451.052496052053,428.2763665538913,460.0150304970662
2024-12-24 03:00:00,391.77665888140376,490.833752969243,449.86380578052183,414.39946087789417,450.9519738160086
2024-12-24 04:00:00,391.38612382896093,481.9608028396624,439.94396149884443,411.6449231438528,443.6419259970216
2024-12-24 05:00:00,390.3401460739852,483.1323021629051,421.9221746767659,411.93543092459066,437.7280632961331
2024-12-24 06:00:00,391.5057570174068,453.2216700222783,402.0224771238098,389.7924355114169,418.9959672532645
2024-12-24 07:00:00,379.8805349128339,462.7898967564333,403.24623570931806,395.81157900406345,419.50012419107975
2024-12-24 08:00:00,359.1579473981185,451.62259304131845,404.06483348956846,378.69894077351546,409.72185370591995
2024-12-24 09:00:00,335.6343134509184,431.0266216527071,403.0511310101278,335.1088910452949,395.32462943910684
2024-12-24 10:00:00,313.18568027708983,395.5199183754252,399.4858328488099,297.35648363717445,374.57478868117033
2024-12-24 11:00:00,258.7198328517454,377.82198619939,409.7421128125238,286.4927782737973,351.99208014729203
2024-12-24 12:00:00,262.29723454900716,401.70069442503654,418.512848421975,311.1240186637524,366.94267624863824
2024-12-24 13:00:00,288.0390107733782,415.99372487760866,417.8956323506798,331.50601853764226,383.4537651425667
2024-12-24 14:00:00,299.4907328074181,442.87835183361653,408.2810553064263,366.312681995539,393.8297573422534
2024-12-24 15:00:00,318.41572381212006,479.4678738707339,411.0455710755996,396.80149425051326,413.22889681089055
2024-12-24 16:00:00,367.54018625316087,508.24400935587164,409.0710368583966,429.371683740217,435.5373021432943
2024-12-24 17:00:00,390.09530079352294,521.1648005579134,409.03666202337814,442.1957964982858,444.16400638489887
2024-12-24 18:00:00,391.5406427773504,539.5605498440466,410.5308822468071,460.3880629106609,450.6510701538598
2024-12-24 19:00:00,391.7459014645076,575.0290686296585,412.8223935378231,486.59095074396794,462.5789880228902
2024-12-24 20:00:00,392.93853105516456,624.0618392026616,416.58363655824377,524.5747011590158,478.020791088992
2024-12-24 21:00:00,393.9590145371945,626.227753991348,411.98525813595734,522.7612282398655,475.192822874825
2024-12-24 22:00:00,393.1594368467606,625.6470829479629,418.55072965344897,523.1145263318703,475.30233431677317
2024-12-24 23:00:00,391.6304471347643,672.7719588957805,403.28377781111766,556.7525604056693,483.00715024445464
2024-12-25 00:00:00,391.43019501188525,685.9495988056443,398.0333673245316,579.2055808159772,489.8341562934717
2024-12-25 01:00:00,392.03021897707555,671.6790137607384,392.0663327899536,565.9466817681293,491.3147402873875
2024-12-25 02:00:00,391.9708997426953,660.4741466384182,384.37453714568124,556.3647141564311,489.93742882044734
2024-12-25 03:00:00,391.7257858826978,667.8253073115822,378.48028890222275,564.5897781019173,492.5674233175742
2024-12-25 04:00:00,391.58141802612744,669.217874354328,378.9178988406569,568.5657259710496,493.27227853784007
2024-12-25 05:00:00,391.01394389859144,666.851110464838,371.56719168397177,567.7794241830504,486.9910755808379
2024-12-25 06:00:00,391.03794254732543,529.3437238970301,379.65598567373905,474.19514272027453,440.67870259684815
2024-12-25 07:00:00,362.12547163249565,466.7066506565074,395.2508896210636,425.8914425697049,413.32059467788804
2024-12-25 08:00:00,316.9526647616966,435.61867757461846,395.06081624503054,397.45161854947656,388.7496912328857
2024-12-25 09:00:00,289.2719762769212,408.21824261748816,398.87760487863,370.5480630276427,372.820722540874
2024-12-25 10:00:00,305.386266329617,398.71505883719533,403.4112353951418,353.69177766503003,377.16452602792566
2024-12-25 11:00:00,288.5231965092637,405.75031905061115,417.8796374500679,356.57647683564903,380.86738915749225
2024-12-25 12:00:00,248.94224417920873,397.065567034345,428.6672385900205,347.4391881163916,371.4447938667191
2024-12-25 13:00:00,200.60083211860763,403.11017564301636,426.27632505374635,394.9340768250354,351.6198518969772
2024-12-25 14:00:00,227.52834887637204,420.49115649466717,418.29103906140455,412.7292759642167,366.9273421341078
2024-12-25 15:00:00,279.35665894149366,446.31327138946943,422.6211608285651,384.56038971906946,394.5232789610882
2024-12-25 16:00:00,342.9676622739666,465.06073889104107,424.17013560851024,418.54034342897734,419.15812996849746
2024-12-25 17:00:00,388.7986060667459,469.1263804302824,414.8971641638038,422.52901750169264,428.36122798822583
2024-12-25 18:00:00,392.1200205326339,465.397856220825,407.8633067495945,419.354997556243,424.80973890879636
2024-12-25 19:00:00,393.7580057286398,457.9038646854064,404.59452877419113,371.72233291559064,419.5755421449867
2024-12-25 20:00:00,394.050531132081,494.4708163119627,406.4852480936593,373.0625596046243,431.1628630409711
2024-12-25 21:00:00,392.8744972681179,488.25887363221824,409.6211879277168,368.6834235932237,429.13042999261233
2024-12-25 22:00:00,393.1975053497598,505.49482353101325,411.2903860867349,426.6072538297295,436.324235866292
2024-12-25 23:00:00,391.856126230656,518.8834227155018,403.87911274668534,411.35875962368914,436.70432886705936
2024-12-26 00:00:00,391.4359393894022,522.8398686308053,412.81853476348294,459.2503300988039,445.65836986060117
2024-12-26 01:00:00,390.45495587450336,536.9315540280173,426.60478418897094,467.71519226569234,457.38658561945886
2024-12-26 02:00:00,389.70616007603485,551.5634181291164,419.5842083243128,479.52438922279515,463.5517100046469
2024-12-26 03:00:00,390.66604261174086,554.2126892351931,417.23722790016956,485.2480890027943,465.4211521051461
2024-12-26 04:00:00,390.61651902193745,568.941168272357,411.84872952083674,498.45234293467934,469.43528464951476
2024-12-26 05:00:00,390.849087678913,578.8272981281021,398.0334405441945,505.8708656473827,466.93526374287416
2024-12-26 06:00:00,390.16456692694493,532.1889017578687,398.95024593514535,475.8360344466836,448.0643196532232
2024-12-26 07:00:00,337.3567040481294,493.5708609259079,409.74821860654566,450.7406176103168,422.5716306234623
2024-12-26 08:00:00,255.60831927192467,429.21938308296296,407.1055842101084,404.851675459546,372.15797628912975
2024-12-26 09:00:00,226.0396987520633,341.3635474604325,389.7624586258712,331.03459899124346,328.2321644195261
2024-12-26 10:00:00,182.42682335482183,288.23656755471234,382.40519624816045,281.54127988790856,290.4272676214841
2024-12-26 11:00:00,172.47402830226417,272.2571738983514,395.13083219801484,269.0130072819621,284.13173366224896
2024-12-26 12:00:00,169.10216601640596,248.91851680906865,398.3698906222469,247.59005122185354,274.00320708192237
2024-12-26 13:00:00,176.750937783732,269.7504393589012,396.8737708618472,273.7835999643524,284.9195398110445
2024-12-26 14:00:00,210.55444418464234,307.4550588952232,393.26254932167075,304.0339629529686,311.39652569857924
2024-12-26 15:00:00,273.84127415372114,365.2888994669673,398.2494635738424,346.03911009004736,352.93925027246047
2024-12-26 16:00:00,368.0355472643764,420.06744439263656,391.51461626194197,395.3670914499949,396.34830235539533
2024-12-26 17:00:00,386.88060619238746,453.98823488882607,393.1509323212043,423.9795933597469,414.7165905916764
2024-12-26 18:00:00,386.93551091570646,451.0120506951103,392.68337534530804,422.4165943114715,413.6136547624473
2024-12-26 19:00:00,386.83118726329343,446.66047003953406,392.11394800188225,419.07876448080566,411.90296449142363
2024-12-26 20:00:00,386.83620334532634,471.79219255396845,393.5253717877487,441.02455952278916,420.3477371560615
2024-12-26 21:00:00,388.3845459534275,461.68000032268696,395.446129238567,432.20083151510084,416.7147198262657
2024-12-26 22:00:00,388.5412381446548,457.92585235696197,392.9316217333562,424.83072736840967,414.2474270116029
2024-12-26 23:00:00,387.72106951788913,483.23786387669344,393.82818497757955,445.2852906192934,423.6711581956366
2024-12-27 00:00:00,388.5254767207252,504.31889311672126,406.59435471254346,458.70927201044174,437.2633144843002
2024-12-27 01:00:00,388.18001792461615,508.4968092072574,420.75704366508455,460.456191902014,445.0202248648172
2024-12-27 02:00:00,387.97458176702094,491.11695879623056,422.86395615209904,447.4558295516833,439.46615418842043
2024-12-27 03:00:00,388.10989287411974,465.43340602108157,424.7929055044159,426.14079334020414,430.10542725897943
2024-12-27 04:00:00,387.86389080710313,461.68862794972614,423.1541343240709,422.9891122526097,427.96145217263114
2024-12-27 05:00:00,387.7066634923283,461.89747115802953,403.5705203821902,424.69094127652653,421.42559141788774
2024-12-27 06:00:00,389.17652024186225,422.2788835454285,386.8732877976096,393.49387931990196,400.953613040729
2024-12-27 07:00:00,375.9934542561539,429.5526970065805,386.3011117968983,398.1712142583309,400.20329623006836
2024-12-27 08:00:00,343.2176675588433,400.4057643340868,392.50491525213107,370.7375426895931,381.38188995908035
2024-12-27 09:00:00,300.73267298990254,376.6613484229133,399.618886653962,348.9728569337287,362.74008262375605
2024-12-27 10:00:00,284.02035226692186,382.68327371717874,398.3853477608869,354.03136208199237,359.5937788009358
2024-12-27 11:00:00,301.9911366260727,344.541703703386,411.44894052673783,321.0364198422489,355.0688542181788
2024-12-27 12:00:00,309.40979872568886,377.04729079017056,420.5728323449966,346.5104189087697,373.97928168258244
2024-12-27 13:00:00,297.1780255177049,412.0709491491907,419.5764845341434,379.2737627465482,383.7621580959705
2024-12-27 14:00:00,281.984708462816,435.9830486783637,410.1196737209192,404.90124628534204,386.6647287068567
2024-12-27 15:00:00,321.83229644282915,447.7370402178515,409.8342068269436,418.09691098496097,403.32251417378365
2024-12-27 16:00:00,369.1038203369973,453.1069005708986,407.6875405465725,418.8188546216282,415.57228548302095
2024-12-27 17:00:00,390.4840080223029,449.95010450971847,406.62460119541686,386.1154982646998,418.17285977343005
2024-12-27 18:00:00,390.54471571396266,446.4951891112304,407.44139710114894,373.8217907278394,416.9826143695982
2024-12-27 19:00:00,393.7322847640951,436.0986223042578,393.57561073062294,364.29503679837865,408.7667966032852
2024-12-27 20:00:00,396.7939313413987,459.2692802597122,390.49045816603945,383.5578193535093,415.4934151535723
2024-12-27 21:00:00,397.80721204952806,452.64297526169895,393.55984179781916,406.9745136943716,414.86083523460434
2024-12-27 22:00:00,395.23754666082516,434.10801290066547,397.2015817546898,402.8981404568488,409.2774253557728
2024-12-27 23:00:00,390.32285316341944,425.0870465806235,401.8612852674116,392.45194181375365,406.11882834073054
2024-12-28 00:00:00,390.68770349307164,408.9212488564663,417.5572382146513,377.4210962500356,405.6215513824234
2024-12-28 01:00:00,389.85551084594283,446.58539045853263,429.8741690358994,404.42077777476084,422.69136070701927
2024-12-28 02:00:00,389.8802949949212,462.32731894741005,435.1000263080853,414.6638445168406,429.6979688984349
2024-12-28 03:00:00,390.74963130697967,460.17803840541904,435.8295361482121,413.84093343225027,429.87067272231445
2024-12-28 04:00:00,390.50117848481796,452.31560161948505,439.80062551609944,407.2399275586791,427.88461772666597
2024-12-28 05:00:00,390.563064276139,443.6964718239242,442.0527503052849,401.7022565503088,425.28849895485786
2024-12-28 06:00:00,389.32638048283167,403.28851330326955,447.40016586986025,372.5518492135348,411.13616301978306
2024-12-28 07:00:00,348.50055104202403,382.4055437127862,446.0566132426079,350.951916474731,389.7682329559545
2024-12-28 08:00:00,233.21101517902787,325.30593901411777,447.70316574353967,296.7747280422478,327.1075450080486
2024-12-28 09:00:00,162.30989011923214,281.73015590836076,423.6459226482856,264.6917755622867,282.0846550713672
2024-12-28 10:00:00,144.3664873524041,255.40048336966774,412.4286200051756,248.2175740606427,263.2706386722181
2024-12-28 11:00:00,137.34981503255176,244.0703531145104,408.2782297924658,242.28572387196763,256.9111459540129
2024-12-28 12:00:00,134.8656157187414,245.8544138613491,413.9790456072052,249.70523181723365,259.80506133638005
2024-12-28 13:00:00,162.5235824532799,258.8417245377958,423.2441768356428,258.4980140821204,277.33659526446047
2024-12-28 14:00:00,198.071559217291,282.86119199105434,428.51681665042685,281.03933605715565,303.0826434930086
2024-12-28 15:00:00,243.58175268592635,317.2231973660936,435.18200901830926,300.8310849317279,331.28044635488067
2024-12-28 16:00:00,331.91057226058655,381.48668782759444,444.5889694675466,356.26415978387865,386.26278055114545
2024-12-28 17:00:00,394.1405321679985,386.42834158731114,442.1396821835213,368.75044914447705,406.53351840367475
2024-12-28 18:00:00,393.39071105289565,347.63852316490556,444.8330119479453,337.49819824949464,391.3706484957526
2024-12-28 19:00:00,391.5640225557508,318.9802666701264,445.84898133492817,314.58051910403447,379.89057339271073
2024-12-28 20:00:00,391.47428898700167,345.5068896437323,446.91187421811736,338.97759754739945,392.03654990110647
2024-12-28 21:00:00,391.4428660614067,345.4730975200754,442.23882109183586,339.80298806588917,390.9669755604259
2024-12-28 22:00:00,391.41912883987084,347.9017545944766,443.1620449571217,338.67173884487227,392.52830049975665
2024-12-28 23:00:00,391.4336166004375,342.6026209193249,441.23208741839704,326.1844011231582,389.1145982473794
2024-12-29 00:00:00,391.38241739339844,362.52737832101775,438.65781093265485,338.93001764016736,396.37271065253555
2024-12-29 01:00:00,390.4353524301458,403.0373070857559,445.94894854761856,372.2756280986225,413.20171626284764
2024-12-29 02:00:00,390.765015224718,441.6746517637031,445.80361090201797,403.81814079788364,427.6147568806148
2024-12-29 03:00:00,390.58352442159605,461.4022185364949,446.36251969393555,421.60313526864155,435.92684584557355
2024-12-29 04:00:00,390.16422412243793,448.3614995783008,449.38745416356215,412.20043043134876,431.70257286451147
2024-12-29 05:00:00,390.59666512351237,456.04855337926483,446.4519884444814,419.04316134759944,433.9174899829274
2024-12-29 06:00:00,390.96012985096866,458.54105111916476,439.2383064872809,423.9889109638019,433.2016896596819
2024-12-29 07:00:00,339.2836544247498,462.13890120792547,448.63388333760054,431.6941719321642,422.3182631987128
2024-12-29 08:00:00,257.1647460852258,383.9408491083048,462.85189370030974,363.8584865993028,366.6427156393067
2024-12-29 09:00:00,200.42164794191157,344.474673589874,451.32016250791224,333.06154809874687,325.64024885083234
2024-12-29 10:00:00,178.33727487814525,317.24962796730955,444.7656158666254,314.7558309574468,305.2887386298804
2024-12-29 11:00:00,169.02786957764957,297.7411915812959,446.03307966853214,297.70046482028323,294.84490197400834
2024-12-29 12:00:00,166.6047634146943,294.6836813289861,448.197841555236,307.4668853058867,293.6127578860605
2024-12-29 13:00:00,173.54639735411797,309.1971564183269,462.9197581352156,327.62662252315477,302.2102876853683
2024-12-29 14:00:00,191.16994589319074,357.5745250163176,465.7055681604728,368.51104104267995,329.1241442260127
2024-12-29 15:00:00,231.42513822245172,434.07421720584574,471.96667328026723,436.16811167189377,377.68713769616147
2024-12-29 16:00:00,314.83465280372025,497.45234815321123,463.8348116209098,477.20851773509304,430.3965206130864
2024-12-29 17:00:00,393.2686110460248,498.25081555942165,452.87774045113525,476.1527500443281,452.43451045212964
2024-12-29 18:00:00,397.13003596912677,492.8353709320547,453.27001187666355,470.4417873742664,451.5669534897846
2024-12-29 19:00:00,397.9506234491108,512.5961570494599,448.53260314519525,488.4536617623089,457.63899224092717
2024-12-29 20:00:00,396.936903705257,537.3204131920991,443.29481937169675,509.90073038984235,465.54473292940185
2024-12-29 21:00:00,396.9449683369597,535.6810451927422,437.22308360002364,511.7331646464905,463.7136812997585
2024-12-29 22:00:00,397.04395139881905,512.9131848212237,442.6208941665315,494.6910813648343,456.2420286646193
2024-12-29 23:00:00,397.71084904563554,558.0497425312451,430.23258101988375,531.1185785140827,468.010429282817
2024-12-30 00:00:00,397.7580463358573,628.3801465252483,407.6839840560945,592.3039622175347,488.86016328125345
2024-12-30 01:00:00,396.22837527849833,640.3043674301564,385.3581420411661,596.4975135222072,490.5225709446885
2024-12-30 02:00:00,393.19216261965386,621.8188049988842,390.02409166259883,579.844197350311,486.45864208768404
2024-12-30 03:00:00,392.8392969828884,597.4636485899412,403.8114630624076,559.030642026132,482.48070128835144
2024-12-30 04:00:00,392.8728806288862,584.8858345495419,398.95251251214876,549.24023672363,477.00250266468043
2024-12-30 05:00:00,393.3808952655378,631.263940689062,347.74095523019287,590.8927046928237,484.44078569462073
2024-12-30 06:00:00,393.71025735587614,683.8420490428052,329.115654638691,629.5251454399239,488.59159317842744
2024-12-30 07:00:00,370.8612674768941,678.1570460903472,358.45642089581463,621.5096348639894,481.30584658355787
2024-12-30 08:00:00,302.4898381413682,601.5460303479368,389.7053123838723,564.335037504906,443.9822347982197
2024-12-30 09:00:00,244.46298921981898,516.8254260361368,411.0174667991623,504.0165657430565,404.6702282205532
2024-12-30 10:00:00,226.30067406693368,466.31632007786226,424.4221876020593,470.4854096082084,386.52700909856685
2024-12-30 11:00:00,215.3440507881966,441.09641860211354,441.34000266249785,453.42917233558194,378.83826540298713
2024-12-30 12:00:00,226.44670319875846,426.55687866075124,445.0822588199705,445.34654776875317,381.9270527860846
2024-12-30 13:00:00,206.73049322088386,436.59530626448407,437.4934447156008,447.3233626752692,375.2130623863712
2024-12-30 14:00:00,215.89021759104676,439.0695181612955,425.36532268344376,438.3876472328693,375.00165805332927
2024-12-30 15:00:00,232.01133878180016,476.7908896692788,428.9682163478088,455.73794673566255,390.7663931028654
2024-12-30 16:00:00,314.70935745048985,526.2094070727804,414.82564687354073,484.42260609490575,432.458773313608
2024-12-30 17:00:00,391.45691193405395,541.4343024885967,406.0024977081313,473.026440575566,454.64309461442883
2024-12-30 18:00:00,393.29163253904335,527.1278893819102,406.04869715059516,494.34019502165654,449.85032798259886
2024-12-30 19:00:00,393.2729643268941,541.6448762600588,402.95525568543263,507.3924591712988,455.0555502992781
2024-12-30 20:00:00,394.7630843767091,580.5328093156431,395.70055848478904,541.9352134313066,466.80292889215656
2024-12-30 21:00:00,395.31115785910157,566.9444431180547,408.48053305872037,531.5092244957299,463.2268883462212
2024-12-30 22:00:00,393.02145001720254,590.2012091571303,406.0987336981634,553.5361777895031,470.97263376066655
2024-12-30 23:00:00,393.4481343442588,606.2880759253763,406.63917578980954,563.7872030685502,478.2128330391214
2024-12-31 00:00:00,393.7033064214924,625.068660701652,407.013912556837,583.563974591519,494.5098967978594
2024-12-31 01:00:00,394.12824002199534,622.0433711153794,410.43528407166485,575.3111295120864,499.4978325547938
2024-12-31 02:00:00,393.31177922931295,631.8875953909284,407.68120263720795,584.6522003344762,506.2364688121603
2024-12-31 03:00:00,392.2594100401161,627.4452182937442,431.51909022864857,580.4679434956599,508.15820012237424
2024-12-31 04:00:00,391.50746058390797,608.2378634385002,449.4029157369549,563.7043274206412,500.51582228509426
2024-12-31 05:00:00,390.92510205963794,585.7344659922477,436.3957476429296,542.8498070512392,483.01067699138184
2024-12-31 06:00:00,389.7908358250069,551.5034792428934,415.12560438965164,512.7335644483736,460.1476625764684
2024-12-31 07:00:00,365.6539362733788,493.43118078607085,401.4414119752501,456.0659342047488,427.9407986212682
2024-12-31 08:00:00,310.0555187528629,398.65137053106463,397.54177952007143,372.45365986226335,373.7008393894393
2024-12-31 09:00:00,260.6721857745308,356.0051114625188,390.2461295992133,330.43659143466977,339.7374058480141
2024-12-31 10:00:00,228.81767878545588,346.8297961262165,391.1067934572512,329.137170965476,327.3459532564176
2024-12-31 11:00:00,209.349115996018,356.3704794005965,400.9232386491593,336.6501903868856,324.0690738516655
2024-12-31 12:00:00,245.9788596920506,366.02565947869755,414.79900549336617,349.7471515952241,348.946647478737
2024-12-31 13:00:00,261.93641709041987,380.29994762635795,411.1478212774696,357.1129575045892,358.31373243794343
2024-12-31 14:00:00,277.03049195591484,409.95167876207984,404.49182905668016,383.20751986219625,372.33313260182615
2024-12-31 15:00:00,313.55448587542566,466.5402760735092,405.36928357333113,430.50384894357046,403.9315480163376
2024-12-31 16:00:00,351.74789236789087,507.44712073901167,401.3433492417196,466.6350735536741,429.174352135737
2024-12-31 17:00:00,385.9170728562121,525.6950563490734,401.76904085643946,486.5802460760357,444.597188297821
2024-12-31 18:00:00,387.81863370560114,515.1759200853585,396.70121225343206,480.1953511953867,440.1425445964086
2024-12-31 19:00:00,387.67166848593797,524.8209300549643,399.3378233858588,490.2726854453318,444.64885558649235
2024-12-31 20:00:00,388.07270650737155,559.6872529530785,405.4766139961097,514.0129899217616,455.0732950527438
2024-12-31 21:00:00,387.853546634587,558.4446155866004,409.03172368339995,510.6870560874435,454.14622424347726
2024-12-31 22:00:00,387.9982100739969,570.3013111441027,410.5998646575658,517.9340745743132,457.8859830587658
2024-12-31 23:00:00,388.08429023691167,582.6936560678331,423.761302500037,532.1800020260698,467.21836945318046
2025-01-01 00:00:00,388.404345332777,588.9615866546975,436.6272409519002,539.091194841446,475.1892902000565
2025-01-01 01:00:00,388.6562592361901,559.7217209051922,446.5400795037535,514.6350101454775,469.1329420680159
2025-01-01 02:00:00,388.23410503967824,555.9442627273141,448.90826856625773,514.351408022884,470.2177379255571
2025-01-01 03:00:00,390.59105234889535,539.8140251938651,445.04471899670597,510.1504952594764,466.1928092284122
2025-01-01 04:00:00,391.0559743426293,533.7189502302805,438.99346503163196,507.8364202109201,461.37089648015154
2025-01-01 05:00:00,392.16264295518,530.3256798405688,438.691580116053,509.66920521787085,458.8620686509762
2025-01-01 06:00:00,390.70731605363943,542.5028961467568,444.63963950114123,515.6314640764124,463.67183789016565
2025-01-01 07:00:00,374.3002923679166,551.0106671357544,436.459927053739,517.3506881470373,461.29147733548353
2025-01-01 08:00:00,336.32341608164097,513.6173192914074,438.3492213406022,493.6154103720812,440.081064950002
2025-01-01 09:00:00,304.5706384095581,451.64151696331544,442.4337250959262,448.30442172016717,412.4401879741245
2025-01-01 10:00:00,244.99840886203913,405.1033128662885,455.9214796758596,418.207572625074,377.7653582441823
2025-01-01 11:00:00,257.30561251200294,390.0317249731108,460.5391432111055,405.8359427115705,380.9529905093702
2025-01-01 12:00:00,256.5275499436653,390.4080286371147,464.77362141710756,402.7794181620325,380.66787051614864
2025-01-01 13:00:00,275.0370683055902,399.389500850778,461.5034177602677,400.3423956768296,388.84195244592553
2025-01-01 14:00:00,291.8584644420502,417.5054473129701,460.90288443397105,410.0446247645838,398.4750346179391
2025-01-01 15:00:00,334.52968985595027,452.01045803233416,461.9262349303645,434.15076488352065,423.7497255737762
2025-01-01 16:00:00,378.391795884478,508.86793622704687,458.52157670571364,477.21689274520264,454.2627534783873
2025-01-01 17:00:00,400.6806650340822,540.3840951157786,446.75189713588367,501.5320188085285,466.98541866748275
2025-01-01 18:00:00,400.6961773281322,604.1167459926392,442.26887454502076,551.6199072271512,488.3271952113346
2025-01-01 19:00:00,401.2185144392891,647.9007952059396,439.78949650823023,588.842704361091,502.87399869340106
2025-01-01 20:00:00,402.35963467480605,629.3599546992987,444.79699289302374,572.8831885669368,498.88059196822564
2025-01-01 21:00:00,403.4854757062193,636.3591616104185,444.87503748529684,579.1945706198035,502.2022322281751
2025-01-01 22:00:00,402.9137412252583,644.1859115818183,449.37570390525997,589.0789113896333,505.52628655513024
2025-01-01 23:00:00,396.48314326875584,693.8731108192568,438.20711730618814,625.1674643196078,519.1525516630127
2025-01-02 00:00:00,394.14476082338587,706.7929508986377,407.49903520718766,638.9978031755428,520.1261682700908
2025-01-02 01:00:00,392.46890793239857,630.3889228104753,407.43630601478964,573.8508238279057,495.6499577936857
2025-01-02 02:00:00,392.7533632033682,557.8124440894666,421.45871785438726,514.4494929899737,471.79811813737854
2025-01-02 03:00:00,392.5866832058262,505.90039153002095,434.28670528259187,472.2293044301253,454.2400444494335
2025-01-02 04:00:00,393.85408565185884,474.2720575574779,442.0894862052978,447.34334353785226,442.78263287778697
2025-01-02 05:00:00,394.8117809887967,464.5286255603624,428.1543294835581,441.1001177896679,433.8682335152565
2025-01-02 06:00:00,394.9156406990233,443.6981145535997,409.09832586960994,422.10463136538607,418.9330705167924
2025-01-02 07:00:00,388.9703217969088,442.936456686089,402.453265797269,419.98241138965517,414.69542148339974
2025-01-02 08:00:00,354.9493281026836,403.6974317149825,402.330812582333,380.4417509105299,389.8331747290286
2025-01-02 09:00:00,327.53484024230244,393.73145684271424,411.39605737112873,370.1138546264708,381.3899224930548
2025-01-02 10:00:00,314.18613513354677,389.94686776138127,411.69724410133557,361.9662938459225,377.2965863232126
2025-01-02 11:00:00,288.9599370163773,385.9527157826471,420.2870418062313,359.2371973607743,370.63171318216877
2025-01-02 12:00:00,273.65241808667736,367.6416723376166,426.33244221143025,346.29017352092353,361.5612562005303
2025-01-02 13:00:00,292.7355411697851,380.8014905440219,418.73209798270057,360.53098183825927,371.64655058268664
2025-01-02 14:00:00,314.16643467762844,405.4440845438366,407.64523037582154,380.67625395479905,383.5759300031465
2025-01-02 15:00:00,337.6606591344382,405.1971899759885,403.33214300234096,377.8905654477027,387.61094237045535
2025-01-02 16:00:00,369.2130834176466,413.6606237895475,393.5629656125874,386.40811338968854,395.1448382354466
2025-01-02 17:00:00,389.0556534548074,409.50380206263793,395.6038568259492,385.34865726559985,399.0785777840173
2025-01-02 18:00:00,390.69635649570876,407.98309564084553,397.04738784314304,385.0891474638147,399.3732687656199
2025-01-02 19:00:00,390.90882133659863,402.68953260761464,395.8450124253341,380.2956616733364,396.9360568953173
2025-01-02 20:00:00,389.9085097242504,417.34241596999686,394.27604758428146,393.6651489663844,401.44038097815996
2025-01-02 21:00:00,390.10243080353354,410.81558502198857,391.56734362434906,387.5299449511088,397.89518824899363
2025-01-02 22:00:00,392.0409054218026,402.8773965664295,392.60678185853595,379.7317381929721,395.8047473148889
2025-01-02 23:00:00,390.6517238050249,401.1819083490673,402.01984561400843,376.25840344840407,398.3026546771477
2025-01-03 00:00:00,390.7303960624463,398.11530505307496,425.26476415654764,372.3583892688064,405.12427108164786
2025-01-03 01:00:00,392.21111953236374,425.9417822427757,435.2589858705886,396.17981102321784,419.3861433442581
2025-01-03 02:00:00,392.66807111507836,443.2566093046176,433.2146328331782,412.12224966815415,426.50946648588507
2025-01-03 03:00:00,392.3643831319581,442.02926171752455,428.5277878670092,410.99267885630303,425.1168680613673
2025-01-03 04:00:00,392.18592728327474,444.1144924002634,426.91676213218307,412.4429414735801,425.4384944550465
2025-01-03 05:00:00,392.2123671728807,442.35217110396025,417.5249904817566,411.8206469969675,421.2120252704156
2025-01-03 06:00:00,391.175248234899,410.14970420410407,396.9868020624652,382.72657133272554,400.46354582433355
2025-01-03 07:00:00,368.9611166444179,406.43108523591235,391.2934479034194,379.14347729830325,391.4894960544814
2025-01-03 08:00:00,330.96641069515243,378.30353056189057,391.4244154088994,351.60151765936365,370.2563298021013
2025-01-03 09:00:00,245.82927974987172,337.97798240987686,389.7228041456802,310.088340710313,327.88701682770943
2025-01-03 10:00:00,241.81721172975404,322.09720040542663,381.77583970361115,301.6695967454291,322.350955560493
2025-01-03 11:00:00,252.82967444026474,306.8004651667865,392.3198773848067,295.66283344323693,322.2201657569547
2025-01-03 12:00:00,225.25516730685655,286.8314983491934,395.3809542515856,280.71252660268794,305.52337072851105
2025-01-03 13:00:00,212.49317863037882,326.62280385266274,397.50675299595696,321.588463306187,320.85838932948934
2025-01-03 14:00:00,222.53743655984775,325.9179888126756,383.7234862331011,319.993459185212,317.4260288718602
2025-01-03 15:00:00,230.90589770151087,358.29983686615634,389.4259376061342,348.3440179213575,333.2965132651902
2025-01-03 16:00:00,314.2334581596313,383.5537854974288,392.17427916708135,361.6374300804372,368.9210203237159
2025-01-03 17:00:00,384.0212226754831,416.65822116030506,395.66161185002863,395.5173295691364,400.3807213632055
2025-01-03 18:00:00,387.50841022793924,411.0207212794483,393.0687031410452,391.62729101540816,398.197157540397
2025-01-03 19:00:00,387.80604934301033,435.09874917250727,396.6076700448592,412.48221153644823,408.47221335943493
2025-01-03 20:00:00,388.90276526708465,471.70703874893144,409.250704613655,445.76770607195084,425.9118671795178
2025-01-03 21:00:00,390.415989838649,483.7242025126701,411.84972521075946,457.0820492492559,431.39086326452195
2025-01-03 22:00:00,392.29198947675684,521.819641693703,425.3863100263334,492.08134206931476,449.92239202355773
2025-01-03 23:00:00,391.2899934308469,547.1021415545446,431.44629994600035,507.1136483261592,459.91908914110644
2025-01-04 00:00:00,391.3838902641512,528.4194437680712,433.5335517914479,490.1640307171516,455.1915734110351
2025-01-04 01:00:00,390.8518167982957,558.1819352811336,440.71141638699044,516.5517008645583,467.3005418845472
2025-01-04 02:00:00,390.43830726882084,595.8394439260074,444.84442355791515,551.7105499067542,481.2659260059203
2025-01-04 03:00:00,391.6349712201998,603.8679713190392,439.8070364725926,558.1318771105103,484.0981253349142
2025-01-04 04:00:00,391.69360977210545,634.2965201815351,430.20613243390125,583.4715246464029,490.34748537179433
2025-01-04 05:00:00,391.24199625053075,626.5320843032065,437.5563893330553,576.6247700120522,491.35742649077616
2025-01-04 06:00:00,390.73507140636315,588.0559321658586,437.2482775536893,545.8471516382931,479.6606726170638
2025-01-04 07:00:00,341.2058399597732,546.3784740715105,437.91774274279845,517.2494785469779,451.7310935213542
2025-01-04 08:00:00,245.9612794406628,468.8715082534555,435.3421747059207,471.5403405220127,391.6411136645943
2025-01-04 09:00:00,198.1746694971029,407.74824169198774,438.2988500285361,448.3531785017155,356.2291690924991
2025-01-04 10:00:00,179.6900251170994,345.49781909920245,428.5072725956474,388.1463517141787,324.4331716638559
2025-01-04 11:00:00,171.303613105985,295.283140250249,413.32721354897575,320.2530138469557,297.1509766272873
2025-01-04 12:00:00,167.84561364100676,280.99960363409474,414.0203214815349,300.2289220061286,290.27894557464634
2025-01-04 13:00:00,172.00275617815538,283.16922855022597,411.71778086070674,301.23793944388393,293.3404600515229
2025-01-04 14:00:00,190.77417989932115,294.6141635168902,420.13532712635464,312.1331428409951,309.38604020355757
2025-01-04 15:00:00,227.3647174203683,353.4020074735462,431.0826076998642,355.3914091168089,346.6686429092079
2025-01-04 16:00:00,309.11029886795774,424.1472027423286,439.3286187572055,408.0421144622355,400.39572517211263
2025-01-04 17:00:00,384.5553374915003,480.31369763652634,442.7925475485552,457.0405503939151,441.88976622406045
2025-01-04 18:00:00,389.5104219038407,500.87013719078107,447.02070697720615,474.32495521335693,452.27974770506887
2025-01-04 19:00:00,389.71231949247044,524.963057244612,449.14398798296287,496.03203072837954,462.3941152074725
2025-01-04 20:00:00,392.7842974908152,557.8398188798161,452.8752379668348,526.7539000427879,474.6355655900407
2025-01-04 21:00:00,399.5325942601178,549.1945806499347,457.24605688635387,522.8607446806451,475.45628571313733
2025-01-04 22:00:00,403.46664534882336,582.0688770957623,462.38526103774257,557.6952911851738,490.4855500881519
2025-01-04 23:00:00,400.22478814817225,606.617255327981,460.32287385762413,568.7109473242109,495.07150014698726
2025-01-05 00:00:00,393.67527070660867,590.2494370494636,461.2124356697053,552.9021230238212,488.92140747066657
2025-01-05 01:00:00,392.7373463987142,539.7050427852009,454.55248888660907,510.13201683659065,471.30324351662455
2025-01-05 02:00:00,393.19686173421053,518.790929990817,446.96279359803754,492.6536964230005,462.5663194606402
2025-01-05 03:00:00,394.0405273232548,508.6647377507257,446.0807262284432,481.61009297883254,458.0640069620649
2025-01-05 04:00:00,394.56704262312616,519.9994993400734,444.24957687132957,493.44790488098624,461.84901353603306
2025-01-05 05:00:00,394.8182548301394,543.2606971531071,437.2811262099648,516.8144211758598,468.55409246661316
2025-01-05 06:00:00,394.750474233464,526.5134836917085,438.75520994352075,502.3729099064095,462.8939210655583
2025-01-05 07:00:00,374.2461536250386,533.3382437804311,438.40461978495057,508.2446620801148,460.5843645394121
2025-01-05 08:00:00,310.1355538907273,511.24431682075806,442.0329406300172,508.7837247802343,436.6108639055974
2025-01-05 09:00:00,266.7304228911825,492.72975233891947,449.39740994002096,501.0986218005398,416.5601825972486
2025-01-05 10:00:00,219.33529878364675,433.6270087870727,453.161615857262,448.39166530783496,378.01279713671425
2025-01-05 11:00:00,216.92084955379326,391.416120432275,447.9706046982713,408.163368008662,361.6487920021914
2025-01-05 12:00:00,188.9606042685605,355.6866419036624,430.88691329704176,366.3058549144538,330.5585165683163
2025-01-05 13:00:00,195.04255513898238,369.58777110849815,434.8929172531201,388.65894042661404,340.31364902992135
2025-01-05 14:00:00,211.68948552183915,348.88699569172,441.41888244195513,352.56916885292605,340.1794450207432
2025-01-05 15:00:00,265.14825572617144,396.93345208622793,450.37250514554484,379.9495656997664,378.245674503566
2025-01-05 16:00:00,336.6014242658358,454.2729440486401,456.70550261055405,422.9844680361565,422.66760039528293
2025-01-05 17:00:00,396.37235471679054,501.07432306148064,461.56728418232075,473.2667288495594,458.1480134565808
2025-01-05 18:00:00,404.5850148308218,524.3127874730313,463.87763588605765,491.9343710150481,468.49681651130487
2025-01-05 19:00:00,404.9567904117397,540.3118039759562,462.67092192669753,506.08309388069705,474.08557554460157
2025-01-05 20:00:00,405.0217458519604,549.1105655135799,459.0908791911687,513.9260634418033,475.2948718150547
2025-01-05 21:00:00,404.6355102993552,545.9374629386106,459.8313016109871,513.0666718304707,476.3823528083942
2025-01-05 22:00:00,399.2436268627999,582.9049381406484,456.92615079923274,544.0168604242657,487.5141047962283
2025-01-05 23:00:00,394.17638774184695,599.1243379720494,444.5123488475335,549.958455439018,487.94767805261375
2025-01-06 00:00:00,394.4920696819939,541.4532285346419,451.48698700475967,500.94967259162553,469.2446486576185
2025-01-06 01:00:00,394.6393852015095,508.0738050921238,456.7615532183229,476.17039909907476,459.59382739233763
2025-01-06 02:00:00,394.72472793325295,468.3196075344072,459.470466801064,441.1818054694018,444.9549478749648
2025-01-06 03:00:00,394.6651720320241,452.2480579793881,461.03500379963646,426.7833542836352,438.74132772617867
2025-01-06 04:00:00,394.94376793011156,452.5680927728123,456.43430200277265,427.699149771972,437.6963257673879
2025-01-06 05:00:00,394.35447349097745,454.2715451460099,439.116527700941,429.13748327373605,432.918082877406
2025-01-06 06:00:00,394.8478206868027,433.74638855093457,412.79105054556493,410.6490694823241,416.4177973832048
2025-01-06 07:00:00,343.88319753610165,421.14230358259056,407.4348960543535,399.712234220722,396.0500538681249
2025-01-06 08:00:00,246.66054795105862,358.50866666831257,410.127754719117,348.35904974911534,341.68118755072373
2025-01-06 09:00:00,195.92116855995906,295.45566552323044,393.92772233682473,295.61948254986885,295.98968597977637
2025-01-06 10:00:00,169.2199148276913,265.9760471392906,382.5564524738404,268.88952304715116,271.09077489096416
2025-01-06 11:00:00,159.91220935038947,250.9815470906513,384.5115297085631,253.85403263079587,262.86059158673686
2025-01-06 12:00:00,159.40004157788795,248.72689750818915,394.42011775355195,254.33620027710487,264.36598045144694
2025-01-06 13:00:00,167.3733495830304,253.3295069277748,387.74511098719415,254.76772952553347,268.90846116220365
2025-01-06 14:00:00,186.65178560993365,277.77138492127864,385.8841044111207,270.9370154796769,284.7025302027195
2025-01-06 15:00:00,228.4425979717512,313.555298698018,398.9193081711504,291.9173601782696,313.86173403953626
2025-01-06 16:00:00,312.77902274081737,367.99342095131476,401.2593761589438,346.14789249764357,363.18002794594975
2025-01-06 17:00:00,385.4737343045188,388.99103210901194,395.6331900229599,372.5519709715453,390.1604406134509
2025-01-06 18:00:00,391.4548252402871,359.38404990194755,400.0907066373235,348.02100402557176,381.9158821260214
2025-01-06 19:00:00,391.71717209607226,345.7401321472823,404.6955220563372,336.6972408656686,378.30679814628076
2025-01-06 20:00:00,391.73117183331226,379.56073891426956,396.5761135991704,366.3775484655505,388.7989523353818
2025-01-06 21:00:00,391.7933868820976,376.956199048679,394.7622402597277,363.20338013142873,387.4723379532503
2025-01-06 22:00:00,391.8205761705294,381.53750550390134,397.9455511967085,366.19566059675685,390.162894133704
2025-01-06 23:00:00,391.0986938484938,418.3596606949093,403.40665941302836,396.833005447544,404.8947456683078
2025-01-07 00:00:00,391.10268619503364,441.3447622328208,418.798171560708,413.69018124709953,418.49130762845493
2025-01-07 01:00:00,392.90417498497476,475.96740342951824,419.23775407501984,443.27793822403584,433.1762396482436
2025-01-07 02:00:00,392.184132638958,535.2394951478575,396.4302261613088,494.7684419789809,448.9747480346657
2025-01-07 03:00:00,392.29972073429593,565.3990360759497,379.6242216889375,519.6186248088802,456.2620640258484
2025-01-07 04:00:00,392.67135883635007,595.6580476135621,371.5976995307391,545.5783489547384,465.64890059539636
2025-01-07 05:00:00,393.46629951989365,595.1679421804547,365.86049800221764,543.1903445137633,463.7261244585835
2025-01-07 06:00:00,390.777996677022,595.2855405007352,359.9701808851898,549.8356164577347,458.9257443200823
2025-01-07 07:00:00,348.30217491256,579.1076132958704,369.57888314249175,543.47787079806,441.4747392475139
2025-01-07 08:00:00,252.99346262908233,478.16625081159054,392.1359337262906,464.4822124071308,381.3503481437157
2025-01-07 09:00:00,206.6930650367302,384.42987933820916,397.8829827329068,389.2616150247719,335.2239382233264
2025-01-07 10:00:00,182.69377585873778,346.7593148983395,402.253822506377,360.8934660987518,315.2309152347252
2025-01-07 11:00:00,173.7026163206518,322.7208310222963,408.18475455135757,327.259908153503,303.195874511845
2025-01-07 12:00:00,184.5778912216378,314.63272191792663,407.3397578544412,315.4849493106576,306.20310327351666
2025-01-07 13:00:00,267.3392560172498,325.3767809855663,403.00705689449524,310.97747989768493,338.63935633318954
2025-01-07 14:00:00,297.8631145337319,352.8174660979383,396.2181843093098,329.408061634233,354.1018447262529
2025-01-07 15:00:00,328.3195524241669,369.8029429344925,395.2969251304868,341.84744554294474,367.9633167747381
2025-01-07 16:00:00,366.3869952081755,403.50592639470375,394.53244470980627,381.6682383490717,390.7173206602495
2025-01-07 17:00:00,391.6585347533806,416.9724268027468,398.97802406382897,396.9703961407368,403.57007251500113
2025-01-07 18:00:00,392.1991575366924,391.81437943844475,405.0458132284574,376.2042480103795,396.3271240550279
2025-01-07 19:00:00,392.99320938550085,396.8336764701753,403.31837429645316,380.5646775806027,397.8609923450917
2025-01-07 20:00:00,392.85336805619943,434.3378768097631,400.03037700780624,413.519610939147,410.23054700871603
2025-01-07 21:00:00,392.53442744691824,447.04209405827106,397.4287616973198,424.8813815427842,413.4665043981786
2025-01-07 22:00:00,391.23730175133977,461.16877012519495,399.1758433676621,436.84440975335735,418.18763673342215
2025-01-07 23:00:00,390.3148911803112,482.2918066744212,409.6051060393519,450.28706994213894,429.02616514146956
2025-01-08 00:00:00,389.8431728864817,506.4969904285941,432.3259096804346,468.8450614256589,445.5441796636873
2025-01-08 01:00:00,390.3338671295467,569.8457435344486,428.59236715795083,523.9259863872402,468.2283872593548
2025-01-08 02:00:00,391.28119007015766,605.5697260291142,409.55162852015945,558.2642158213399,479.6922921568805
2025-01-08 03:00:00,392.41124524809044,592.9051835790091,410.29227320924775,549.1858075876361,478.82151441009387
2025-01-08 04:00:00,392.1765922195849,578.5536944237309,411.8572796803952,536.6379664085912,474.15164911617495
2025-01-08 05:00:00,391.2255918621446,577.0735533747846,406.6796902934879,537.368137625144,470.6011443738148
2025-01-08 06:00:00,391.8269577536787,541.025644657043,388.41816583436605,507.6855611338962,448.0343542784998
2025-01-08 07:00:00,373.76529793564475,516.2255668823595,384.7657645775159,490.4295981702526,430.134549366829
2025-01-08 08:00:00,322.7027339114659,457.9282489353059,395.3335718174917,437.2068818480602,397.03277784587203
2025-01-08 09:00:00,275.31993337064506,384.4978602057839,398.9899805206244,368.2768173486121,358.2475776412887
2025-01-08 10:00:00,249.20497069860804,350.31908836306866,400.1734241556405,335.1480013074095,339.4512561795577
2025-01-08 11:00:00,209.58225684241054,305.44332751505345,419.81940476170894,292.34885574450686,310.949616324147
2025-01-08 12:00:00,175.5777011023398,272.927140166347,424.172882906172,270.0286135978542,283.9489910046529
2025-01-08 13:00:00,197.38682023917886,279.01320795418957,405.5397526244846,275.82616915804596,294.12172615861476
2025-01-08 14:00:00,191.30222479891088,285.2571278568296,410.1147614952348,281.20696682794187,293.8316959027746
2025-01-08 15:00:00,230.36898318786788,324.2070430966123,408.53842112599904,309.8451957186549,324.1756145683069
2025-01-08 16:00:00,311.27700463357934,365.92491833993074,403.7520866623274,348.00993146067435,365.0626465344524
2025-01-08 17:00:00,391.65367620378174,379.81460914035245,398.91907610088055,364.652554164167,389.80177988703446
2025-01-08 18:00:00,394.66127812235993,381.12363974014096,400.7442188901197,367.44394403768854,391.78221079197954
2025-01-08 19:00:00,394.0551043842734,403.0339702817177,407.7968487669265,386.220971561289,402.15377283452466
2025-01-08 20:00:00,393.49510196763714,456.7454421607971,419.4203604840661,432.6746951376603,424.9011314166778
2025-01-08 21:00:00,393.973852968953,509.3389598717391,418.0458699351185,476.734312530723,441.1757254763567
2025-01-08 22:00:00,394.12819326262155,511.3952133232417,421.7663082841016,479.03402859158643,443.9314476448878
2025-01-08 23:00:00,393.7466086100055,510.2406753992268,417.33888761906775,472.4031170515661,441.5626213829046
2025-01-09 00:00:00,393.87877492653496,461.75841128784737,425.73824954040623,429.4746298404695,427.8464808007563
2025-01-09 01:00:00,393.4163731966044,435.2663993957828,432.87068971324965,407.4897356438087,421.4300797004114
2025-01-09 02:00:00,393.03053971434633,435.69214520296725,431.36643255062495,408.302142471259,421.28327528379975
2025-01-09 03:00:00,393.42228273905346,433.42778850301295,433.9844588305675,407.5368701674409,421.97141008860393
2025-01-09 04:00:00,393.5845537895383,434.536765337106,432.08482027559313,408.76968406893195,421.873175466519
2025-01-09 05:00:00,392.4065363857515,453.34342147233053,415.4723120328285,426.196324927586,423.4992713678306
2025-01-09 06:00:00,390.92059151362406,444.9477045009101,396.71676754958537,420.105130347306,414.04318804051866
2025-01-09 07:00:00,358.733795309531,423.1427074861242,394.8801583767677,401.63439935996314,396.61339974851586
2025-01-09 08:00:00,279.5372634679827,376.6773036022648,395.7679113997309,361.3547261046903,356.09781505276663
2025-01-09 09:00:00,216.98755039888883,324.08031686718874,391.28135393473707,324.6158175048251,316.79963168828186
2025-01-09 10:00:00,192.64213542551147,288.7987343417344,384.2527611280216,289.6723640193006,291.6463571646507
2025-01-09 11:00:00,183.1939027279135,266.9952883294,387.34018614595556,267.00106343521065,279.56557369744934
2025-01-09 12:00:00,185.69951547598615,271.81596413234763,398.2009080855212,274.91742878634045,286.8094198309619
2025-01-09 13:00:00,221.3015901460861,297.1714813012152,395.9912168416885,290.15680447990877,311.2812488133694
2025-01-09 14:00:00,235.8112635470625,294.9859834714495,386.8377360625086,274.1923380781509,308.9642285858327
2025-01-09 15:00:00,279.7395221006732,342.4429702779334,392.37122148802547,303.03383889122523,342.3101187086386
2025-01-09 16:00:00,349.9154343872286,393.1993203258582,395.8219715816469,354.26629081547856,382.8850541688621
2025-01-09 17:00:00,383.9012706963558,420.3085796885225,396.81033479397115,382.8654048196829,401.7488749161797
2025-01-09 18:00:00,387.36042915341733,382.5926182354921,395.677231440405,352.08538331960335,387.9399048752121
2025-01-09 19:00:00,388.53947514212484,355.5847106136621,394.55368654649266,327.60373828939976,377.71974548472724
2025-01-09 20:00:00,389.48695946841286,342.6605450206258,393.93637290336113,317.64368688044704,374.0828578854808
2025-01-09 21:00:00,389.3476798952631,356.6894557802521,395.2237739380449,330.03272042080164,379.5827420355359
2025-01-09 22:00:00,388.46217486633674,364.9985357447025,395.95811001833414,336.2462238626938,382.7105026268995
2025-01-09 23:00:00,388.03395133267185,383.50167240977953,405.17154686859715,349.69921860019787,392.32493407456894
2025-01-10 00:00:00,389.0675120084336,405.9573880991792,419.5128965311196,366.46389095683384,405.4654210344635
2025-01-10 01:00:00,388.03343997312277,424.4505737041517,430.36340045329234,380.87981460091356,415.6309511630045
2025-01-10 02:00:00,387.8691258789633,432.63494284147134,432.43444752001784,387.04236360948653,419.47816103713035
2025-01-10 03:00:00,386.75158778190547,441.35675840314565,432.48151020209605,392.7367944257121,422.90141678561395
2025-01-10 04:00:00,386.9681562392688,439.4132796540146,432.70377989014645,391.9460661439465,422.15946467572746
2025-01-10 05:00:00,387.13632940773323,440.2299033003647,420.2948080099772,392.66309463566813,418.25376930804816
2025-01-10 06:00:00,387.0197754047838,404.03190557897483,399.92584981134314,363.54920418691626,397.440498920344
2025-01-10 07:00:00,368.4594004142594,374.19178384096375,394.3596685030776,345.20977738785916,379.5605418527995
2025-01-10 08:00:00,270.7352152568098,316.14593753532364,388.90246786429464,303.8643620610666,329.6021863601831
2025-01-10 09:00:00,204.7511134127578,272.23410834847203,372.6745200742559,273.20372462932283,289.79823254118986
2025-01-10 10:00:00,180.3386194821322,243.3637867854547,362.44372518458096,247.97270675017214,268.5732352300638
2025-01-10 11:00:00,169.2010671344152,233.20227048672547,366.0631283723192,239.70783498315905,262.0543557043039
2025-01-10 12:00:00,167.81117837969728,226.55543393675373,367.7077189169524,241.57727323055346,260.7079434373109
2025-01-10 13:00:00,176.66717165608057,237.22023365231308,368.6927700550354,248.5718005830886,269.5545216907493
2025-01-10 14:00:00,224.84023222624242,264.936214305493,368.7723747041448,253.2656772165406,295.7766294840662
2025-01-10 15:00:00,238.79990954820036,297.2215248138599,377.2036482589922,274.0982389740716,311.8894504659445
2025-01-10 16:00:00,308.0052103113405,353.75405070072327,389.3634535817791,319.16045612587703,355.36770174756737
2025-01-10 17:00:00,380.8952665264418,365.6481917346347,392.1881934241678,331.29741329383216,379.08057552985775
2025-01-10 18:00:00,388.42066566425353,357.60685373021073,389.5677131256867,325.14694922276504,376.9514019875534
2025-01-10 19:00:00,388.23672634588894,347.17841457648296,389.29361959183933,315.4037266423441,372.78242110828216
2025-01-10 20:00:00,388.3872327091599,379.37184760670027,392.993878315357,343.3968724261038,386.3306720839913
2025-01-10 21:00:00,388.6101183079694,390.1815114064456,393.2537943676753,353.0325953891146,390.19652258200875
2025-01-10 22:00:00,388.52007543574786,402.52564563916496,387.8233105828484,362.92929037673184,392.03525414079445
2025-01-10 23:00:00,388.66112867760575,442.30513808464866,399.0335633095493,392.47029876746365,409.42514081257536
2025-01-11 00:00:00,388.4194003641971,454.55567496218305,423.43393425594377,403.03066439688206,423.39932533718087
2025-01-11 01:00:00,388.58804314465635,483.2715933910436,428.8324834966173,427.2785662114342,435.7351014830315
2025-01-11 02:00:00,388.5875319775712,482.0395975539669,425.7039557744563,422.0176991289696,435.11315628758143
2025-01-11 03:00:00,387.58513939742414,459.3288749929715,427.96946798743323,399.7794445708865,428.0517794116479
2025-01-11 04:00:00,388.12457057677057,451.2954112399692,432.2443817317063,392.3549075978902,427.00898707479934
2025-01-11 05:00:00,387.99639577405384,445.7768503058992,432.6369837480725,388.9815228933532,424.9597479066569
2025-01-11 06:00:00,387.5813151591841,415.1460491113814,435.20033924719127,363.47826589806675,414.6572083445368
2025-01-11 07:00:00,363.6363807434853,393.41693885833587,440.2958424093074,349.0531006919783,402.52179183422766
2025-01-11 08:00:00,260.7364083260328,334.4765710001494,427.50235820237054,299.11317344986446,345.6532571989714
2025-01-11 09:00:00,220.74259169358638,275.3558209370335,404.72953728850285,250.61762527210422,304.211850417432
2025-01-11 10:00:00,186.67824106567573,246.72268710322933,392.62098816414505,223.59864925583008,278.4964803924711
2025-01-11 11:00:00,176.13892328484997,234.986189722169,392.08350045965744,206.59818023625024,269.81801138380223
2025-01-11 12:00:00,173.70901293480506,234.63858067709248,392.61298446452616,196.35781702118953,268.35533753863734
2025-01-11 13:00:00,190.16953378054572,286.9698870141954,409.5662482870457,249.74321292378468,298.35950910647585
2025-01-11 14:00:00,245.0273069176478,310.73267085877336,410.8712856126582,278.60840111310335,327.774679924397
2025-01-11 15:00:00,266.965207622575,336.8359096509474,424.6326270683406,294.6017116605269,345.4799240636243
2025-01-11 16:00:00,315.4514300314418,374.4130367067817,433.2441633553808,330.72806434685896,376.93812474046655
2025-01-11 17:00:00,384.6816183974053,358.92779412533923,432.41928872136043,331.20938784198506,391.5735776680016
2025-01-11 18:00:00,391.11513680799845,366.45802371402505,432.62105231888427,334.54414043487964,395.9305484127755
2025-01-11 19:00:00,390.55039730375853,367.1909521294111,430.21011022744,340.0659835887248,395.22727705976064
2025-01-11 20:00:00,390.8642904038954,399.08505476928445,434.41750321864333,365.31986552964827,408.7255434838036
2025-01-11 21:00:00,391.82070243876984,406.7012629150698,436.9977436629539,371.67307124428623,412.61828499335877
2025-01-11 22:00:00,391.24744693875294,413.2423818992987,444.25427832959906,369.7399733443734,417.65630033244406
2025-01-11 23:00:00,391.0214306328177,442.8695566688397,447.7535259699115,390.0850572276297,429.03099659219765
2025-01-12 00:00:00,390.5652018540829,451.40714112769496,444.4912729031476,392.41042254365954,430.20117810422965
2025-01-12 01:00:00,391.0892035456667,459.75089551879927,446.1888166357081,395.0492916146956,433.3285769411291
2025-01-12 02:00:00,390.6233739645606,472.9053403508737,448.66850004409304,404.1076082851842,439.40799990065074
2025-01-12 03:00:00,390.72266630994545,457.8574448256516,460.6144513134756,391.13254100284894,437.08384395917096
2025-01-12 04:00:00,391.27058731814213,436.40061684771126,448.45059287920475,376.6494356306704,424.8250462629693
2025-01-12 05:00:00,391.06609555264174,430.042688183496,449.8536892781485,374.1430154975358,422.6524580604503
2025-01-12 06:00:00,390.5772917659868,389.2653493182377,460.1749552266225,344.4790649810399,408.94648733981217
2025-01-12 07:00:00,363.1890656145911,376.60449000058276,461.0307075660771,330.5081875191096,395.34887389809995
2025-01-12 08:00:00,265.2394568118343,320.1914628988864,457.7478226516261,276.0129473656592,339.09389067750016
2025-01-12 09:00:00,203.60081903533563,274.05208106042625,441.877839107934,231.85843062042275,296.96637648119764
2025-01-12 10:00:00,163.6319416554246,238.7703832453014,431.62648629423813,217.7125031319941,266.5088744003846
2025-01-12 11:00:00,148.1294897343667,225.13095189204589,430.9623012867887,202.94330356079107,253.5615691917066
2025-01-12 12:00:00,146.18353565304878,224.93320778390486,430.9662752308789,201.89990047551888,252.80628871741968
2025-01-12 13:00:00,149.43358766787466,234.63782328461318,447.76000963195685,210.84239881428584,259.151075805616
2025-01-12 14:00:00,166.96689670687678,275.6895370165566,448.6039476090128,245.8124229222155,284.36111098308123
2025-01-12 15:00:00,203.09613027114628,309.99757261198454,445.79880666062076,279.44254047339683,314.3366503212885
2025-01-12 16:00:00,292.786266201406,341.82607980466395,443.9213422826256,316.0091367361696,357.416874525275
2025-01-12 17:00:00,383.9582236384843,372.98875222327763,431.92481462000956,348.98328000957196,396.1910340684554
2025-01-12 18:00:00,391.10337148729053,394.4386439467826,428.57944353743943,354.76651905519645,405.6395745872385
2025-01-12 19:00:00,391.05404139172936,376.6301025129739,434.5729524516048,343.83497810956555,401.2438642699552
2025-01-12 20:00:00,392.1358177843648,387.2380711169294,436.85986591326827,351.2391515916865,407.36963319081855
2025-01-12 21:00:00,392.000051829807,390.3811296993389,435.8769562708462,355.30432365215523,408.1752902363559
2025-01-12 22:00:00,391.9680281596039,394.7281573580284,440.53491549402133,357.2433792439068,411.15079183518174
2025-01-12 23:00:00,391.8268516396828,467.6813733402145,448.5762034484659,406.8755772512836,437.36500019999283
2025-01-13 00:00:00,390.48013853279707,481.7856023527167,452.51472809828783,415.2365259012825,443.5266698815565
2025-01-13 01:00:00,390.6325749081226,517.6219825506856,444.10402911491127,440.1417304330088,453.99454971398444
2025-01-13 02:00:00,390.11843094354276,509.20091738497354,444.7081761921424,436.6584803645398,453.22421827416014
2025-01-13 03:00:00,390.16644588815825,524.1623765545856,444.13850010712537,450.9990767436351,459.05641268947187
2025-01-13 04:00:00,390.49146933507836,552.7685279596566,437.0240280985533,471.7137788979263,470.0068868286405
2025-01-13 05:00:00,390.28581396953314,574.5596523600041,419.37223403500644,481.57152684989745,472.46309869170364
2025-01-13 06:00:00,390.6665927228846,579.5014915245938,389.36917594293476,482.73237499986436,461.3393492639318
2025-01-13 07:00:00,343.5026736623787,567.6786502454685,399.3423995374151,475.7615629470988,440.3660172444996
2025-01-13 08:00:00,249.50916131729642,469.90628616201974,407.3981372547942,413.5331998822447,378.1260624976889
2025-01-13 09:00:00,200.75571451149045,376.62085015970575,405.1544001761563,316.14724743576755,324.8237099313986
2025-01-13 10:00:00,177.79720990189386,324.59126142869155,399.31306131437253,275.58603929894247,294.88730287219636
2025-01-13 11:00:00,170.72172967436077,299.240680288366,407.7027037236008,252.19314264195077,286.32334103047026
2025-01-13 12:00:00,168.29373055176325,294.13339482942854,415.48863474208105,258.2993577405219,286.5352840318522
2025-01-13 13:00:00,182.3839318686297,306.3535396459724,411.0651601005069,265.7186050344974,296.85753351098043
2025-01-13 14:00:00,197.25927083275494,353.77546031219526,402.2127284585374,297.7563816240149,316.7817387390979
2025-01-13 15:00:00,234.8696920937248,413.3808874257168,406.07992215757326,343.3258330166933,351.5660832742973
2025-01-13 16:00:00,312.45932333428283,467.63697008988476,405.7673945855653,393.93596973786794,400.4339661093406
2025-01-13 17:00:00,384.2615164681395,526.7391952542965,408.2380252661259,442.71281714763035,442.5212757645986
2025-01-13 18:00:00,389.10819563295456,494.3314809320583,410.83586266266747,421.5377370710523,433.8995492341525
2025-01-13 19:00:00,391.85521210279575,487.070721947558,408.54850389158986,421.45889425962844,430.7727083150708
2025-01-13 20:00:00,392.1307167014389,497.45673288678495,406.8722079046167,428.97955434638527,433.32114818543585
2025-01-13 21:00:00,392.0500335148805,490.23941939084364,408.65095000114883,420.9607799898447,431.6479617175794
2025-01-13 22:00:00,392.4064772621748,500.9567077746548,413.7898899110229,431.256863319303,437.5608023397234
2025-01-13 23:00:00,392.2761679313712,563.4625788635407,405.158348570359,465.07820195643984,455.70038873806425
2025-01-14 00:00:00,392.3427830363179,610.9608018651232,409.6598562973576,492.30231173460703,476.0836606273018
2025-01-14 01:00:00,392.0259485748408,658.4213403038962,390.43338743264866,521.6826655334361,497.4369014257323
2025-01-14 02:00:00,392.389055829181,679.023977121833,368.2129602574139,533.7449916041434,507.19643553615555
2025-01-14 03:00:00,392.40466670721145,687.3109059270237,361.01367905670963,534.1560590430717,512.4076872229548
2025-01-14 04:00:00,396.20320022318566,686.043025586075,431.8725499649464,527.0804986523417,517.5417043065696
2025-01-14 05:00:00,398.24559801005927,685.9043026236917,424.8121108964078,530.1323017861912,512.3216500775518
2025-01-14 06:00:00,397.96004375453066,692.5934551398227,387.4896920579668,540.692521773531,500.59599983357737
2025-01-14 07:00:00,344.9395931863702,657.1972214584252,331.30088109217877,519.2441400792444,467.9070990553105
2025-01-14 08:00:00,310.68198880178653,549.9391622046671,382.1905486895868,444.6921700237798,429.1447481937347
2025-01-14 09:00:00,268.02960903763704,484.13219000291025,403.2432883647154,388.51069120492156,394.5813956797544
2025-01-14 10:00:00,235.7427017303424,418.08921975292503,414.1428220583151,353.84048833834476,359.8190558304443
2025-01-14 11:00:00,260.74113603134947,376.77678649078644,427.17017760703203,326.89286517765896,360.96226041162254
2025-01-14 12:00:00,250.85666133491975,362.85112185721476,436.9156894331746,309.9149615613641,354.0170883805033
2025-01-14 13:00:00,274.7283462343573,374.9652010537795,432.67169424320787,328.1047202868912,365.9708251596548
2025-01-14 14:00:00,303.0065335428253,401.2993061450371,417.40443039677416,360.20931973802254,380.63665290884916
2025-01-14 15:00:00,349.0866541385508,444.20107332366194,416.2462355838615,400.18823328785743,409.2114069467553
2025-01-14 16:00:00,379.2920855403087,507.8197470255174,417.31093366426984,454.67444592161263,440.8746340966744
2025-01-14 17:00:00,401.1738561339946,543.451432379417,417.3165806572618,483.87444334429233,459.44257106024344
2025-01-14 18:00:00,403.92343063196466,546.8211023532007,418.33993857343535,466.6526416407679,460.77237412283955
2025-01-14 19:00:00,404.25845680711296,588.3512371662516,408.2129668144146,498.7955872927456,473.89858457920286
2025-01-14 20:00:00,404.29056740537453,580.5691935354016,408.3413841838839,493.7185638175573,471.3967962403567
2025-01-14 21:00:00,404.3583644865414,602.7793064907781,406.6429771953434,513.5296128686383,478.2532953985275
2025-01-14 22:00:00,404.0285155353223,634.9395953055814,404.46182917862876,532.7134337452865,489.147471565798
2025-01-14 23:00:00,400.47439893560477,673.6296562467259,386.3957903035929,543.1960179337702,497.21629953758327
2025-01-15 00:00:00,400.6713241767205,702.512238806749,367.7900875395405,555.717135946926,513.0349583031054
2025-01-15 01:00:00,399.6687840693827,705.6770593608883,352.0585090473002,569.7566658055326,519.7248793905261
2025-01-15 02:00:00,395.9919773485334,702.8408470521135,332.09584127387853,583.8934065511996,519.918985832953
2025-01-15 03:00:00,392.6867954919104,689.1374958546419,342.2462011910244,562.351956957314,518.5883324503997
2025-01-15 04:00:00,392.56676892120424,673.2246139841164,402.98046555019687,547.310253999686,517.0605426128702
2025-01-15 05:00:00,392.8561400671054,652.9843994242719,418.1593653938393,535.0920597131397,503.47882706084374
2025-01-15 06:00:00,392.724387398753,660.7761301586405,380.77979855892556,537.8796613483435,484.60251117183924
2025-01-15 07:00:00,379.85389365188803,572.6250394880486,371.6768830482686,477.5569147420003,449.07991636003385
2025-01-15 08:00:00,342.83557956358266,437.1222616043749,392.5687394133769,367.76307018068155,395.1801612600354
2025-01-15 09:00:00,317.9287556287619,377.70298044400425,392.7182160587347,318.50344302739666,366.8601682795686
2025-01-15 10:00:00,276.8045666198753,329.7868386386203,389.50469487682057,280.14510560336754,336.8259734054449
2025-01-15 11:00:00,266.2468685530901,301.437436140579,395.17586681193194,270.22418967592716,325.555066516497
2025-01-15 12:00:00,278.64193067108835,316.2733884843232,405.23810893728256,291.0674343701833,338.0433346807029
2025-01-15 13:00:00,285.64279312099154,329.5563470107777,402.11181265879765,306.9978450205882,342.62948265110293
2025-01-15 14:00:00,314.2672478703905,356.6343417413841,391.62340245530254,327.8917613821142,358.31149804782325
2025-01-15 15:00:00,317.58692592232865,346.919955704091,389.2650662427591,319.1110965939574,354.84624323579357
2025-01-15 16:00:00,348.6302224268171,373.1829428323198,391.7668343304687,343.87526177665353,373.41264634140816
2025-01-15 17:00:00,386.4862674688714,383.04126108839995,391.92405214103684,356.00873552164705,386.6883468180388
2025-01-15 18:00:00,389.559047808175,370.96474779271705,391.7114715514754,347.33624656757536,382.9901741378919
2025-01-15 19:00:00,388.86950741427955,364.69866218612526,391.1751835005047,341.9579367069948,380.1669326109511
2025-01-15 20:00:00,391.1261169166504,398.6522489507453,392.7635159983077,370.27540094866765,393.7819311777208
2025-01-15 21:00:00,393.462202786052,406.6578027605285,393.3635906503627,376.97140460701155,397.42709953378005
2025-01-15 22:00:00,391.5242219510026,407.285130419146,394.25221273244597,354.1389045206211,396.74409794298555
2025-01-15 23:00:00,391.49486849546054,416.7404700122389,395.5842346046232,355.74964930322966,400.10354094938475
2025-01-16 00:00:00,391.7147381601862,436.4075846340966,417.81699127643157,364.70845245443667,415.13253182538523
2025-01-16 01:00:00,391.6514128837677,447.44514273012527,430.87091722435383,372.6299018609155,424.22913764641356
2025-01-16 02:00:00,391.8274452112964,434.64380103450736,429.74089869561897,363.73566210277943,419.39011669336116
2025-01-16 03:00:00,391.0656019128288,432.8865722673701,426.2541350094975,363.0157647582581,417.9583629293039
2025-01-16 04:00:00,391.0581072718725,431.28513201292503,423.3624135718815,361.78920632325105,416.51543768205795
2025-01-16 05:00:00,391.05506124524186,432.36347871556836,419.03311492441264,360.6327978698867,414.7405134069306
2025-01-16 06:00:00,391.29848143203714,407.2622065357943,398.0370512905764,349.473782540968,398.38956476897954
2025-01-16 07:00:00,372.93697967916546,392.3742780570837,395.09850463260284,336.455125199151,386.9019602866358
2025-01-16 08:00:00,338.0649369054442,354.3086303524491,396.7556580173682,301.35224896765783,363.28519942102736
2025-01-16 09:00:00,296.9495103661573,313.12804873301957,395.4087581099801,267.41089685631033,335.7469929172049
2025-01-16 10:00:00,245.28962740531315,271.4286208227767,383.4179308748433,223.94180659959616,302.1079598574439
2025-01-16 11:00:00,217.24006867370633,296.6981511720566,394.97063487216576,238.65476111372422,305.2904817661298
2025-01-16 12:00:00,178.3136815010617,303.81409856013585,402.24005153670316,250.45655175718133,292.13777543740565
2025-01-16 13:00:00,186.64662766700908,335.5230896173724,397.48445260187054,287.6659797012119,308.2213490000164
2025-01-16 14:00:00,240.21080608648546,365.22020862528944,391.4558328543983,321.48280718652234,341.82386009992916
2025-01-16 15:00:00,279.91192903279995,384.1662506172377,390.7552285973038,337.31708811761223,360.82294871016353
2025-01-16 16:00:00,330.47300906832385,360.41726488868704,390.19529685639503,323.4639477343507,362.9737647149608
2025-01-16 17:00:00,384.53517188584635,371.35948247772933,392.53354213284393,338.2465681524278,381.7925625406719
2025-01-16 18:00:00,393.2952093664166,373.7461477762505,393.57598904093925,342.45301635949477,385.42338296714763
2025-01-16 19:00:00,393.26823814907436,397.0388071574762,397.37431543480017,360.9128358031805,395.41644695685187
2025-01-16 20:00:00,394.1481626808109,480.97197783462,409.8860532648385,424.8282119075004,428.67843080562625
2025-01-16 21:00:00,394.5706271915377,511.20418896873747,411.35892219397283,457.36882787367426,439.20673762042344
2025-01-16 22:00:00,392.60910185317755,498.3433278116686,404.9890853607253,451.37392643905343,432.2823399666986
2025-01-16 23:00:00,392.0154575633895,502.139875604395,399.4292477624352,453.28144670807234,430.0160850006363
2025-01-17 00:00:00,394.7634785583573,484.574145347698,409.9399980375905,439.6159679954511,432.31844175997514
2025-01-17 01:00:00,394.32773788078697,484.0799393186565,418.9011881298639,437.6059175515844,436.85837026725443
2025-01-17 02:00:00,393.84373030694996,456.38465427851963,423.5161223011261,416.83097968125304,428.2822050397207
2025-01-17 03:00:00,392.089306357153,451.5642915161479,424.18723556404325,413.0149421350402,426.34394435323765
2025-01-17 04:00:00,392.2344230605508,449.7202211317883,422.3379966765026,411.3297542212489,424.99018984574957
2025-01-17 05:00:00,392.36732782841386,466.5798249594737,406.5793731694452,425.3916715360622,426.41421788082255
2025-01-17 06:00:00,392.40326039014445,440.3382308491216,392.3479828882861,408.81128132671654,410.28367590840634
2025-01-17 07:00:00,347.53596177687353,426.20966597273775,393.37575448953226,381.21832147510383,393.1592165641102
2025-01-17 08:00:00,248.10992125271372,342.4119022989724,397.988756311474,280.7316427270471,330.46497846236844
2025-01-17 09:00:00,197.22975018757109,275.6922972217646,393.26136257287163,240.55880000072503,286.15346205921367
2025-01-17 10:00:00,173.82562906943636,250.53430808428567,382.741979710926,215.2906707641324,263.6491228911984
2025-01-17 11:00:00,164.3077318205056,242.32425117874425,392.89305981349537,207.15347985198954,258.67194685279674
2025-01-17 12:00:00,162.292289817829,236.23342053369998,405.919797383801,208.94914417895268,256.8886169709132
2025-01-17 13:00:00,168.76167178994692,242.19466628861073,398.0021920622621,219.0531150404125,262.4897873628433
2025-01-17 14:00:00,185.7467281994461,255.44661797125062,381.98020785340645,230.71051382596528,272.5071065802683
2025-01-17 15:00:00,219.77811272679466,279.165752437413,384.286504686395,249.3547609356637,296.07247429087107
2025-01-17 16:00:00,296.0535074198221,341.41896501227376,391.8745562077122,303.40806141990026,346.4369634349701
2025-01-17 17:00:00,382.1423255685847,390.5982245083239,395.26853901576,350.1242905900574,389.36809965711984
2025-01-17 18:00:00,391.8338703317633,400.0194523163402,405.67892903908086,357.54677560716664,399.03678601838595
2025-01-17 19:00:00,392.43260496421925,396.07366234998995,407.51109483954787,355.86917091748643,398.35758670156014
2025-01-17 20:00:00,393.1046598601388,432.1298709658236,408.9590525554037,383.08146910600794,411.5792633635942
2025-01-17 21:00:00,392.7421121354208,468.70054100107006,408.25551191494617,409.29114864303637,422.97865256510886
2025-01-17 22:00:00,392.24947201601094,463.11333459401334,411.9199516580024,405.95010727665266,421.6423870815146
2025-01-17 23:00:00,392.1333512539086,499.7545691716599,409.663136517928,427.6718440298797,431.71710152118266
2025-01-18 00:00:00,392.6012785952986,556.626846572719,423.14253796527163,462.35427936290284,455.6338469833929
2025-01-18 01:00:00,391.5190554143898,638.4829997232465,426.94496360724963,515.8617076878662,485.19111755059726
2025-01-18 02:00:00,392.9445786470023,698.3512688378677,410.89704720553715,556.250532941343,503.7272172030356
2025-01-18 03:00:00,391.3129012000195,697.1658821161578,402.3958835966147,555.7192958070244,506.26218584794526
2025-01-18 04:00:00,391.0503677740307,707.2350665319177,406.19668173980085,564.9418958780283,509.83779911935807
2025-01-18 05:00:00,392.10226154532074,690.6570886134111,407.1683100047905,559.8468432252191,508.0633062518034
2025-01-18 06:00:00,392.2237100549249,676.7444016747675,419.71991751404727,543.2483427386417,504.42741268596774
2025-01-18 07:00:00,375.93798935741466,637.0850126907602,430.0179856922309,512.5968765102194,489.2386939220658
2025-01-18 08:00:00,308.1130964275497,564.8095160976058,437.0300485858475,451.15049840597345,440.0357217455499
2025-01-18 09:00:00,269.05889400209736,496.484542231207,439.8599990802488,403.64584173461657,406.9360032457527
2025-01-18 10:00:00,261.8016968235281,456.58836738790274,439.751702533237,373.3941158801458,393.2257190067548
2025-01-18 11:00:00,235.98499966188768,423.3097611272377,451.9585732642816,346.81268653723055,374.1940063135046
2025-01-18 12:00:00,225.54435992198668,399.2734196044608,451.01384621587397,326.7555260340392,361.36101064904994
2025-01-18 13:00:00,255.44227960761805,398.56291176630197,450.88103751844045,333.12520150054706,372.8696145712373
2025-01-18 14:00:00,244.88116476376067,451.7398295988288,456.1747417423595,376.1925623432462,386.6821706815329
2025-01-18 15:00:00,254.10933027569104,473.84633459697943,459.2682245638399,399.58724146595847,399.91292805645395
2025-01-18 16:00:00,322.81066932147496,492.21973606959847,453.67192282711653,420.28728094271355,428.5109625598831
2025-01-18 17:00:00,391.8508709584285,452.83116917520033,455.8898098851793,393.6523373268671,435.2427915113955
2025-01-18 18:00:00,394.1462735429977,436.69434313206466,456.37368830660165,377.6905801262644,429.46788159914354
2025-01-18 19:00:00,395.0585920069611,416.7341996394393,459.21482075337,363.41556570389923,422.9165650690906
2025-01-18 20:00:00,396.53953565870887,437.1360968186935,457.5728126297601,379.57482747622214,430.88606746079813
2025-01-18 21:00:00,397.2766705630403,457.8913162256884,454.9366846837876,393.49265619327264,437.92648417804634
2025-01-18 22:00:00,397.14248577803164,445.0388617740467,455.90600786085906,384.71875666528956,433.9764032404276
2025-01-18 23:00:00,397.30549675119255,507.5526688342493,448.9344233542651,430.729287313649,455.54554755228787
2025-01-19 00:00:00,397.38927192163635,559.2361370579009,437.37721193724855,458.5116804128903,468.8689886523756
2025-01-19 01:00:00,397.3817510062627,613.6387440646434,424.4869372762379,486.5502910286979,484.12060471774197
2025-01-19 02:00:00,397.4235800951073,665.6124151389344,391.7366742455708,515.26784617287,498.90349109133615
2025-01-19 03:00:00,397.1404347566529,678.2574978514988,384.0448927890884,519.7778777392845,501.8858119619421
2025-01-19 04:00:00,395.35279699137413,681.3739118519132,371.6328981645226,518.3471614519567,498.57022886738815
2025-01-19 05:00:00,395.84254763981187,691.0546041521781,368.046437470974,524.3818647030283,495.0157774576036
2025-01-19 06:00:00,396.61109155152116,697.2261089719542,369.61146154410545,528.4294061572303,495.1070310466
2025-01-19 07:00:00,335.1152905015519,708.6563890191669,379.86776528518743,521.6273356742709,476.3841356264292
2025-01-19 08:00:00,237.72398138446212,644.9897273575713,409.5004269478527,476.2429090129034,419.8330408720384
2025-01-19 09:00:00,209.6040298983982,523.2711428347276,437.7449093395485,400.16397010206884,378.48567295723115
2025-01-19 10:00:00,174.5294032296043,407.05053541510756,447.89047459379225,333.547726341805,333.6488588848264
2025-01-19 11:00:00,166.56643205268003,366.60436861177874,446.9642599073211,318.10451618728416,318.8124717928867
2025-01-19 12:00:00,164.5908014167149,361.67894957161826,448.7925637851489,324.5558578599232,317.33302854406554
2025-01-19 13:00:00,172.44471260465156,368.2548967138259,450.06564863591416,333.03056319380534,322.9000719070883
2025-01-19 14:00:00,206.47354233879463,408.4302665811151,450.5933993359849,365.022771646041,355.14312092904805
2025-01-19 15:00:00,236.4464636568212,424.72866999575376,448.76328213260746,383.6825696218077,375.27204009727245
2025-01-19 16:00:00,289.13957140276574,436.6829639702539,443.27132524736544,382.8579433948372,393.46820123711984
2025-01-19 17:00:00,382.0444867432818,443.483718128545,440.4325690024638,379.18641013132503,424.63407705590265
2025-01-19 18:00:00,392.2894502243725,462.80129387009566,439.71547609957275,398.6482000349072,434.6445737981807
2025-01-19 19:00:00,393.3209929561824,464.7800988384114,437.66517387519843,405.87575094607155,434.5118972825065
2025-01-19 20:00:00,393.68293323758036,466.6769579387217,436.14915792608195,409.35869417356184,435.23716299960364
2025-01-19 21:00:00,393.17245334757973,486.4535212503823,442.6713889065369,415.3393615190447,444.53848176349726
2025-01-19 22:00:00,392.3751241135821,507.6997162992812,447.225306974595,432.18298968084144,453.4707187956311
2025-01-19 23:00:00,391.55953048436004,502.271577629252,450.70891203084426,422.0347270814102,450.2517637451904
2025-01-20 00:00:00,390.9109782650182,486.1851658809164,460.1989979924468,405.13025925610174,447.641447638868
2025-01-20 01:00:00,391.89570594301904,485.21952410897484,459.6798428675943,400.6478691918738,446.9879155612397
2025-01-20 02:00:00,391.4766511992999,486.850594060915,455.2531154028668,403.08687797295937,446.6011811848467
2025-01-20 03:00:00,390.9122963162165,488.19128623763805,447.9156735968672,425.10707687302767,445.99806933784026
2025-01-20 04:00:00,390.6538625264712,494.52093649667444,436.48167839915476,430.9089708591901,444.7768115133728
2025-01-20 05:00:00,391.03489174687223,520.0359022327339,412.17185491785807,446.3004870089607,445.0980185445006
2025-01-20 06:00:00,391.6065898070533,574.9366082181033,386.52829306531083,485.9695166246786,448.2993838460946
2025-01-20 07:00:00,347.72268959390766,620.1465256106308,387.23628770856493,490.94274058551804,445.7875993930375
2025-01-20 08:00:00,250.86164880506263,608.4438255747161,395.4463931968354,455.4553162660159,407.65395117320276
2025-01-20 09:00:00,198.79489130747078,553.7374064967015,399.06228337729806,402.1941273124795,366.6706224055091
2025-01-20 10:00:00,177.99156526816964,342.8568202084919,414.8800654076638,269.14718895138435,305.8906382928134
2025-01-20 11:00:00,169.15301996346867,275.1082716216979,435.52243494651606,201.86100967029597,280.8059928510042
2025-01-20 12:00:00,168.37765353706504,257.093635656358,436.5300873100235,203.01080369833718,272.66077928058246
2025-01-20 13:00:00,184.21078074124378,291.48024783998994,427.5948637456806,249.8132164236148,292.9676130286886
2025-01-20 14:00:00,223.4170724868986,331.30291525661613,420.40975086734136,294.38257126016254,327.5479535212199
2025-01-20 15:00:00,279.7475942453071,343.1463696529177,422.86647571996264,312.6704708223955,351.73565172659306
2025-01-20 16:00:00,322.53625011674075,390.262416106703,426.9780584572602,356.42486811258055,384.5014807915
2025-01-20 17:00:00,381.6667940865926,420.9408190025475,425.534768583312,380.4472398366485,411.88469220369103
2025-01-20 18:00:00,390.52654833740627,383.9279927380727,431.16672441524446,338.9629676995463,400.1212797744235
2025-01-20 19:00:00,390.5849871097643,370.16295148879266,443.5174779179367,328.1012595280429,398.0227291116635
2025-01-20 20:00:00,389.9365599424639,400.5304274569572,437.0899828061306,352.03817932655977,408.8065868722869
2025-01-20 21:00:00,390.00517120302857,406.3071391348627,441.5625713303681,358.88033578324456,412.80818419144765
2025-01-20 22:00:00,390.1404742317804,418.66645055687775,444.3297350460127,365.2207496962901,418.9326749389544
2025-01-20 23:00:00,389.15119405953925,433.0320769476377,446.4450134517738,373.0584388038467,423.6124347332131
2025-01-21 00:00:00,390.2571400025951,483.09569035256146,445.4666735802753,399.9459330627819,440.4204409160762
2025-01-21 01:00:00,389.1934917707864,565.112698713183,425.16443274286416,465.12544049829046,463.94886017991575
2025-01-21 02:00:00,388.1825667573824,565.2614796659012,414.26431360150127,482.51910447650874,466.5980472677375
2025-01-21 03:00:00,388.59164028239866,535.751722343176,425.4317834151468,460.629003638447,457.9576254209817
2025-01-21 04:00:00,388.8187675248715,547.7601194826321,422.2016924643994,470.58091020349235,460.9394765589358
2025-01-21 05:00:00,388.76854119174953,584.5140967818513,405.92537233742297,497.7751066549931,469.5464613066847
2025-01-21 06:00:00,388.5951057486355,623.9358563455379,375.2571497714795,520.8867675966727,474.82845100749756
2025-01-21 07:00:00,347.57072803062755,611.456974118333,396.6754834472255,502.454897263896,459.2535314340992
2025-01-21 08:00:00,261.111777739616,460.47919638504203,432.9708292259656,350.1043094398054,381.56923938943345
2025-01-21 09:00:00,211.39880699182973,359.5596322896877,428.54958969099164,254.82436606333815,327.4162698256277
2025-01-21 10:00:00,187.81919650337477,318.1733927494109,424.03747332229295,265.58861383903053,303.72472997736355
2025-01-21 11:00:00,174.84575717291204,309.196621021294,429.78318920227844,264.0384323976837,297.13218574195326
2025-01-21 12:00:00,172.28537529795693,426.90398251116363,450.5125652639653,377.3444136614861,339.1986134359671
2025-01-21 13:00:00,177.6861741836506,354.04996255450857,433.3783969749744,300.00872118519163,315.1365870740511
2025-01-21 14:00:00,193.82998751116978,347.6067381780855,421.65132482937184,298.2231391739084,317.3587434048119
2025-01-21 15:00:00,226.27552567158568,385.04414028691014,423.0945959025741,317.1440312386907,344.8235929584185
2025-01-21 16:00:00,299.39110840561705,462.9977273333527,433.31852450194276,380.1693609693562,400.1551014057332
2025-01-21 17:00:00,379.9397671550049,541.4141945660001,426.9039727295637,439.5292283202504,451.3920958851403
2025-01-21 18:00:00,383.3932569740766,553.2650139200576,427.0756621076944,451.17127155547723,457.07007343266497
2025-01-21 19:00:00,381.06380789287874,596.3606946071474,420.77755345227575,482.91321025432956,469.6644808000185
2025-01-21 20:00:00,390.2894064517004,633.9513308146978,414.77205018115006,508.13291410964047,483.8172911426885
2025-01-21 21:00:00,389.35330532473625,655.8963487640274,408.0148100028428,520.5157225845526,488.8000410984743
2025-01-21 22:00:00,389.6637041105905,668.186341311509,416.16038587647085,529.7433864362647,495.48663670439163
2025-01-21 23:00:00,389.40298939285134,698.3149583762921,397.8320305602177,538.6841110717511,498.8104768317307
2025-01-22 00:00:00,389.1514145619683,722.0701198192976,374.49856550142994,553.030889485931,502.0377092206242
2025-01-22 01:00:00,390.0334971627289,761.8164812343103,348.6880561526279,582.4918853778836,514.1120471176492
2025-01-22 02:00:00,389.54946021841664,753.8015570610055,330.5911347701784,573.2047577896324,514.7869309770437
2025-01-22 03:00:00,390.1046641598894,750.3068522730749,317.6395787480735,575.093296978496,516.5996262644104
2025-01-22 04:00:00,389.5971727738569,750.2493369083538,326.90544489605765,576.1462136432144,515.8814776151468
2025-01-22 05:00:00,390.1423500271913,747.5569932928129,349.4050823720111,577.2418492304139,516.4081475150977
2025-01-22 06:00:00,384.2622789732155,761.5808476043692,369.5424693213,582.327990122104,516.5138384911169
2025-01-22 07:00:00,356.0979242795432,748.6870910746097,396.7448484113087,559.0569547837094,502.4343273955416
2025-01-22 08:00:00,276.3683213201604,664.4476019978708,424.82404256550853,487.0299851883333,447.44927289329684
2025-01-22 09:00:00,221.82421892282807,588.0243351757462,440.6679606023934,439.79510795608155,409.3051266965665
2025-01-22 10:00:00,194.9712409019958,511.0321049503869,445.59575588997296,419.6037255144307,382.2807434045706
2025-01-22 11:00:00,207.87669985319707,494.41934921932585,456.48569959390824,430.2185571189101,389.94400652050444
2025-01-22 12:00:00,213.81740064630526,459.44625315768224,461.6411049503351,396.8955350749899,385.9108212217078
2025-01-22 13:00:00,239.6397466902342,486.88670015337743,460.09789239272766,425.5884586163365,406.01109685663397
2025-01-22 14:00:00,235.81947937132892,510.58318381615624,450.82766491448837,446.9129264763691,404.5404793611744
2025-01-22 15:00:00,286.1637053220289,522.9215356220321,449.28182531128,453.72541586708536,425.55972692807944
2025-01-22 16:00:00,319.4564761809414,523.3334244167559,456.5813778962609,440.91503299973095,435.52688773214214
2025-01-22 17:00:00,392.5734294090235,555.2765196670182,457.83572395121723,454.911870268148,471.5482423049994
2025-01-22 18:00:00,401.44882372342806,559.9009440048076,454.93460865551816,462.8644513148458,475.55798475757996
2025-01-22 19:00:00,402.1046291471376,575.6109016467706,448.36736287872463,473.5671877990282,478.62666324921787
2025-01-22 20:00:00,401.40308249990227,581.2847483610823,444.11667629148735,479.5956410576678,479.1297195367796
2025-01-22 21:00:00,401.9949648282197,574.4344692666012,440.10546993235045,475.1906345717183,476.37820217231905
2025-01-22 22:00:00,402.12140232756127,569.9972735007265,440.99853905236233,476.3967072519768,476.14497374169633
2025-01-22 23:00:00,400.59324588473635,598.5672945817009,429.5479496731317,515.5453137195852,482.8463080772868
2025-01-23 00:00:00,398.8112090317165,645.1516124253188,415.4231746029167,539.7795605190713,495.3204754119462
2025-01-23 01:00:00,398.5293953120338,682.6947884393919,393.5738654394315,559.2583424821736,506.5515441611595
2025-01-23 02:00:00,397.3725218976361,680.2174301868333,376.5474173290161,555.3782086805464,506.5733123466688
2025-01-23 03:00:00,392.1012164409175,673.1896268717545,366.1352034578511,552.5957206704882,503.44356671947355
2025-01-23 04:00:00,391.96234020522473,648.277036401541,372.7011347464847,537.1920006236884,494.9004107894699
2025-01-23 05:00:00,392.5523440407541,643.4750001420066,371.526400764502,535.781770810037,491.83602212151965
2025-01-23 06:00:00,392.57131278201786,604.2533759669205,380.7121783271824,500.90757259646216,478.30626804369695
2025-01-23 07:00:00,378.4474396509443,603.8908622765359,394.1081035949159,484.82100133625323,472.4158737306426
2025-01-23 08:00:00,315.0393192103709,524.8391526695245,432.08056872867905,384.7890155471716,428.21410371719145
2025-01-23 09:00:00,291.9693601752611,412.6983662607561,446.77157783804967,323.22456520796106,387.41791659621083
2025-01-23 10:00:00,253.1030439161355,343.03087109970954,442.8769151954836,273.5933052889376,348.4871020117449
2025-01-23 11:00:00,208.4582695408834,292.47008188790306,437.62730646982925,236.09898548757215,311.6637666326951
2025-01-23 12:00:00,177.7793030059655,257.0736279529265,434.30698416798447,221.57085363937423,284.4714814425986
2025-01-23 13:00:00,181.04766571033585,252.02941878707142,430.95752941930243,219.0674395887746,282.1334716772434
2025-01-23 14:00:00,194.48727033905377,269.86329768813437,434.1203157008519,240.20655481029286,294.9866857398237
2025-01-23 15:00:00,226.21464475290696,301.6866203399368,440.0704834899183,270.3308685730193,321.5625741442973
2025-01-23 16:00:00,293.73673591056826,337.35416116262417,455.9492882283453,299.57283448155783,360.79057897564775
2025-01-23 17:00:00,379.21041046183376,364.9691819299068,455.27651864156496,311.32963107236577,396.81962690612187
2025-01-23 18:00:00,390.96563935559595,353.71132985694356,458.76246094602527,287.5591485905132,395.56374787168187
2025-01-23 19:00:00,390.992477610121,345.3263619648994,461.2367024647129,281.090889123629,393.1207522590882
2025-01-23 20:00:00,390.76698333046124,346.1628308747993,469.3185787514343,286.00221972388937,397.38865123806676
2025-01-23 21:00:00,390.9175598174605,354.918879645268,471.07919350266604,298.2933343491996,401.47300433786035
2025-01-23 22:00:00,391.3135926866246,369.937795026043,462.51374201049924,326.89430479291354,406.1555917094154
2025-01-23 23:00:00,391.25198747664615,384.4819060263853,461.3719549352636,338.23703847579003,410.84211568250726
2025-01-24 00:00:00,391.16587640958915,386.6558156758711,461.2754893964227,346.7381035169798,410.93067246449505
2025-01-24 01:00:00,391.1901758690205,407.5405660774277,457.03543656289395,372.04123413633033,418.16441363793035
2025-01-24 02:00:00,392.20344161473554,420.7798219920919,455.22455503857606,382.1970537314285,422.7351241181653
2025-01-24 03:00:00,389.95002655444716,431.46585162648034,463.4756678958308,390.64391847621204,428.78496607304606
2025-01-24 04:00:00,389.6121012706185,433.44498238078825,476.1636822597475,390.52840354619747,433.1868089694911
2025-01-24 05:00:00,389.70380798239734,436.93948956348356,473.6722790250888,392.2780382614044,433.04697582087255
2025-01-24 06:00:00,388.1737111686098,409.8666867132165,462.93719228807663,374.4193984208,418.9672715002917
2025-01-24 07:00:00,359.3084488171453,422.13144200200503,451.7716309250544,359.05476005183425,412.4488645788012
2025-01-24 08:00:00,272.50745231746697,361.8864854489003,472.6427045510782,294.6904455186467,369.1193427098646
2025-01-24 09:00:00,204.57117764237117,323.81434396448367,473.9009160609798,260.71689880482705,330.60007495608016
2025-01-24 10:00:00,179.81248751524922,273.5734565484064,459.85077697804644,225.91327728219377,300.9783257568202
2025-01-24 11:00:00,167.78141598289866,272.64073442629245,456.7214345011073,219.43817413022643,294.83228997159233
2025-01-24 12:00:00,164.86785661809859,251.12109130119634,460.712447167732,206.27904896742413,284.7963236646899
2025-01-24 13:00:00,171.587123325789,265.64932307267657,455.7478906432008,227.20045611359794,292.9262028250352
2025-01-24 14:00:00,187.3966413939529,290.332901377563,456.2894402804629,258.8204060697551,309.632189941156
2025-01-24 15:00:00,221.71759397241675,331.970619176032,470.222513534667,286.3922153013173,341.80682194039684
2025-01-24 16:00:00,291.70411609146424,346.6759861039398,479.0096932944869,302.27652318418467,373.40858599370813
2025-01-24 17:00:00,381.1328569077553,320.49559434310186,476.8452377821876,296.69363981087736,391.12807763573875
2025-01-24 18:00:00,392.77017511923293,306.3491104869751,477.8967203279927,291.0964531138724,389.18104587338456
2025-01-24 19:00:00,391.6020896565548,310.1984944048127,480.90044369333395,292.14912244988295,391.4969692321424
2025-01-24 20:00:00,374.6861060899748,349.47518893987046,475.8011620257334,319.02399671106144,401.939419279918
2025-01-24 21:00:00,353.8892506843791,364.8554077889773,472.057885347888,327.08873690649637,402.11968704987686
2025-01-24 22:00:00,334.7750623443412,376.8022006166232,476.89867579600633,329.7275392708883,401.3881291877983
2025-01-24 23:00:00,329.97453155737406,382.79929966633796,487.98462924918954,335.3461924641585,404.33293410435533
2025-01-25 00:00:00,330.6360201448575,383.0535495502094,506.8760950468147,333.96190456150657,407.95800903581295
2025-01-25 01:00:00,331.75649756248504,423.26138366789763,525.5696345637872,359.0829186663919,425.5139984964974
2025-01-25 02:00:00,326.87815998248936,430.3966625031561,528.9519820934901,361.89703415698506,427.07169744611235
2025-01-25 03:00:00,325.1967915300739,433.3589151751323,524.2854390194093,364.03815820507816,426.6231820193962
2025-01-25 04:00:00,323.75782200652037,440.8347734177932,516.9078779027496,371.06635483129213,426.67680879626596
2025-01-25 05:00:00,326.76678541459484,455.34779978623857,511.36924697326293,379.7085747896317,431.62164746128076
2025-01-25 06:00:00,326.7727438138074,421.0159192286309,518.2533203931786,356.6158243901396,420.8870297074022
2025-01-25 07:00:00,309.83025510600504,389.6871747781505,525.2324086845148,331.3826188065532,406.2383380663726
2025-01-25 08:00:00,248.58202323714897,360.0033368854118,527.5170178464648,301.1813520316898,374.12963715684884
2025-01-25 09:00:00,195.33556342791266,324.79773249254873,507.88767280948093,266.3819385597754,339.9685524326486
2025-01-25 10:00:00,142.72209207032904,288.0890174870889,502.55224128684193,241.9621470764844,303.60030206959453
2025-01-25 11:00:00,137.3307921914478,259.2725574233322,486.8606613915021,224.0481019003608,288.532097495521
2025-01-25 12:00:00,143.04050232787105,264.7912868509268,487.9407635611855,226.8701960589875,288.2626716986548
2025-01-25 13:00:00,165.9712379129184,243.56227581666832,490.9119738312875,211.07883719984434,284.6582563760754
2025-01-25 14:00:00,198.26695529618982,284.94716753692296,510.73601485420824,248.8741813570538,317.0710100650516
2025-01-25 15:00:00,231.96895009891432,316.4420566804836,516.7854342694762,274.9619612203668,344.6139897769638
2025-01-25 16:00:00,299.57308635488624,361.97834405617164,525.7839682848349,315.9432851905919,386.5371986716549
2025-01-25 17:00:00,381.0602949502909,343.66508385223693,530.4153505529487,316.7045031819465,406.26517954025354
2025-01-25 18:00:00,392.8072519725085,357.7541369343461,525.8407701641548,328.9640299145399,414.79868674912973
2025-01-25 19:00:00,393.48154551459197,347.9516190696126,527.6527525966242,322.9758448519641,412.07081491355586
2025-01-25 20:00:00,393.8981130915919,365.19088073410677,527.8011858656785,336.80295153737313,419.91490521885936
2025-01-25 21:00:00,394.03426143797293,376.0977634992594,528.3126389515018,345.5586073025828,423.7972638233271
2025-01-25 22:00:00,393.00897859638064,393.3869039384356,516.2892509604064,355.02450329851865,429.03589987088816
2025-01-25 23:00:00,391.04761230040765,473.3146246518537,504.9996288326385,409.06299305900427,455.00010294472213
2025-01-26 00:00:00,391.37302267436905,442.62873679027575,513.9616648764252,384.4128066880842,447.0826495992851
2025-01-26 01:00:00,388.85709623231463,411.902342831477,528.0686085653226,358.8290724169892,438.5314551830082
2025-01-26 02:00:00,388.370285035126,410.87141919871544,538.2751401133182,356.2056910202071,440.0904580145565
2025-01-26 03:00:00,387.825754014469,425.0375790536062,538.86020273876,364.63968992555493,444.2860260166381
2025-01-26 04:00:00,389.7571599143567,442.00214930172365,535.5301890263733,375.9270343358483,450.2718312192656
2025-01-26 05:00:00,390.51991995512077,445.5217022589936,541.552919101062,379.82864177448033,452.88431064561564
2025-01-26 06:00:00,390.127118541031,394.8486267538966,556.4224817477208,348.7796655070034,437.19046347934943
2025-01-26 07:00:00,355.87265409354774,402.89290588831165,544.1006869355601,348.5856282652282,426.5856942539418
2025-01-26 08:00:00,253.54452366526536,401.8016988178699,530.1494923503107,332.42806661096216,387.8132033379719
2025-01-26 09:00:00,205.1304907096904,327.0904654182737,531.4137399954766,277.929706365459,348.1165972831192
2025-01-26 10:00:00,183.08297172487121,281.36966602056754,525.0295797290474,243.26466804380098,324.42045141560055
2025-01-26 11:00:00,151.41806389850564,270.8373078159448,523.3361610911842,233.33876066447152,303.5351111691915
2025-01-26 12:00:00,157.29388085211056,288.3190231863593,514.661367983971,252.07778650883122,315.0140503312427
2025-01-26 13:00:00,164.40518694951902,287.8699482467561,514.960217714334,250.0335533760474,317.3301055840591
2025-01-26 14:00:00,188.72767433626998,309.94622744608677,519.3449736738696,269.03850204677235,337.05381206785756
2025-01-26 15:00:00,282.8782455439095,383.0221478443408,528.1892028850623,331.0982928539604,400.82211756971856
2025-01-26 16:00:00,318.7164645234358,417.5538192903749,528.8506436870434,362.3018003941069,423.27195528205016
2025-01-26 17:00:00,383.0727500927511,415.2040663546138,522.8479977639626,369.9645780940994,440.39006525765694
2025-01-26 18:00:00,390.7042237785586,416.71328745003547,521.9494235042969,372.3553517747475,442.2271751155452
2025-01-26 19:00:00,390.80790192056475,386.8044704809645,514.6437854038521,349.9114334008558,427.207851572862
2025-01-26 20:00:00,390.5252244588904,387.8016777910433,513.5366994395042,351.4743038469211,428.14189309101624
2025-01-26 21:00:00,391.10207886831637,361.09607162100116,517.4596371305386,333.08990736125264,418.6428467326474
2025-01-26 22:00:00,390.76126222676373,361.2447771998668,520.8861725041579,333.5628090078931,419.5701440206927
2025-01-26 23:00:00,389.8234438636648,362.97876936498585,532.0443195978191,334.21537843068074,422.1575652074233
2025-01-27 00:00:00,388.76403339865004,351.59445184788865,543.9148682880048,322.72041542114084,421.1605577227388
2025-01-27 01:00:00,390.0154445290671,357.4890372168769,546.3909465151448,324.78673784539643,424.54068131935395
2025-01-27 02:00:00,390.7483175765929,384.4491140169903,551.9081935319048,345.765402879225,434.94841362424296
2025-01-27 03:00:00,390.6649253651984,386.6991773533544,554.854552943428,343.6984225814202,436.0573616294963
2025-01-27 04:00:00,390.7988849765224,386.7539920245637,558.770461273307,341.60892776317564,436.6740196660918
2025-01-27 05:00:00,390.7681447443569,386.2801157838927,554.6284527947013,342.8937992371592,435.66532022913276
2025-01-27 06:00:00,381.4689223915967,354.89993948384125,561.1044998130454,319.42434673053685,421.02394787787944
2025-01-27 07:00:00,373.01371112707795,344.9840965949575,545.121987219348,308.4130793802051,414.5510105233262
2025-01-27 08:00:00,354.8073712222368,335.9219294935733,542.7508274052922,296.24154712889657,406.02507307413924
2025-01-27 09:00:00,315.60540223806987,345.4164712443431,530.2744515473219,293.76682182696015,395.50787961297624
2025-01-27 10:00:00,185.47546684939084,337.45759611245353,524.9463010489933,276.232798297793,336.7249463520417
2025-01-27 11:00:00,204.52393416596658,314.153192550096,529.3425559935288,264.80080649007647,342.1244758909697
2025-01-27 12:00:00,255.583529188419,312.8024007799107,534.9792866401543,270.8034384003042,363.06729775318513
2025-01-27 13:00:00,327.7582573431261,288.27335292785966,544.8921632032099,263.72987058158697,372.0824067492731
2025-01-27 14:00:00,296.62029558693655,254.09745549925418,563.6979286985996,231.92858450675772,343.97015181493254
2025-01-27 15:00:00,297.9600862247114,275.6893862816028,601.1290347188958,248.8297410958645,359.9745817905726
2025-01-27 16:00:00,278.5196019405864,315.4561508863701,594.6994556644543,273.156002161842,370.4659534700104
2025-01-27 17:00:00,372.1502936584271,322.519354597035,582.7213065712378,293.48355829781303,404.0441202187344
2025-01-27 18:00:00,389.00983199564354,293.0609165418383,586.0440953522389,274.81118845959645,397.86626627501835
2025-01-27 19:00:00,388.8644180044067,295.2665718772247,585.8093587030025,276.58481352197424,399.2471460166828
2025-01-27 20:00:00,389.22331913744176,316.8517407929895,586.4318260246107,291.64359572029184,411.1718985482237
2025-01-27 21:00:00,388.8512553439699,321.9854018285681,581.3517171287662,293.0390093399536,412.11025232278325
2025-01-27 22:00:00,388.31089461688464,329.94970352382217,578.4184254988343,293.00970097711775,415.4614779441686
2025-01-27 23:00:00,388.4952957419789,317.95117727547705,566.5131069818914,285.5513481376206,411.73258090826295
2025-01-28 00:00:00,386.6496078538964,329.810978430688,569.8299970336508,290.79804608132986,418.0478961680496
2025-01-28 01:00:00,385.8825241061414,367.4863491401446,572.5169951263667,313.1445712646426,434.375709212109
2025-01-28 02:00:00,386.8056479149669,400.51339677965603,579.6721846323926,338.0781651367278,448.7211462440158
2025-01-28 03:00:00,386.02850153987674,414.7981851937814,589.6396667754428,347.8096271930172,455.2719280472603
2025-01-28 04:00:00,386.20986757858554,417.4621936142671,594.9993719080383,350.4503985947292,457.3150774410188
2025-01-28 05:00:00,386.3973616939758,419.54435693614204,594.164329353793,352.37220075928764,457.6602944032749
2025-01-28 06:00:00,385.9036311430297,389.4921070454634,595.5982795086438,341.2654512000778,445.0589703510253
2025-01-28 07:00:00,329.43472512186884,383.60447273682877,583.7225921563925,336.4225150702133,424.9863667589902
2025-01-28 08:00:00,288.98574230352335,336.2476006330594,562.5371562386022,292.71582605648246,391.26649922408785
2025-01-28 09:00:00,200.21821844208026,327.85509906396703,554.6654604344424,273.7309585374566,356.1465318299959
2025-01-28 10:00:00,139.91010315736628,256.0897324053208,514.7601960971718,210.74017533130393,290.898234693524
2025-01-28 11:00:00,156.6888754014536,262.8849880449901,521.763091419344,226.34157188783786,302.5006202713139
2025-01-28 12:00:00,126.21598033127617,239.77165002028553,496.45865395071934,208.70509296448617,274.0360133837275
2025-01-28 13:00:00,135.85452100267256,226.69226851692008,467.8686714698482,199.99536801463802,270.5325748890118
2025-01-28 14:00:00,144.02928534395116,235.12254041456833,469.84568085713977,208.23987582961027,275.56205342600754
2025-01-28 15:00:00,181.86058706962797,268.05645375011346,514.9747448092961,233.968606237514,309.83724184185417
2025-01-28 16:00:00,283.86763161128516,325.6245610382129,546.0747555840352,290.54406771949925,373.44412084403285
2025-01-28 17:00:00,377.4340190109588,328.5840256433364,557.6823160876154,308.21649312690624,405.49008763136675
2025-01-28 18:00:00,379.31537141832615,335.73589273408663,569.7110261289928,313.4861581073915,410.5714366218289
2025-01-28 19:00:00,378.8089536436839,321.3239440779932,585.3434797672952,306.07328956579227,408.74569299103666
2025-01-28 20:00:00,390.17778387196194,356.8499668396019,580.3582919497725,332.1208960574321,430.41360030373164
2025-01-28 21:00:00,389.37707205175934,372.55344300241785,589.0442107198495,341.30439848329473,437.74143399139166
2025-01-28 22:00:00,389.1068954259929,388.41253626670834,590.3036907269701,358.2139564737707,445.13319246335226
2025-01-28 23:00:00,388.5803745030039,413.89196569501337,580.8538137047058,371.1757035875782,455.11758184092156
2025-01-29 00:00:00,389.6023173334806,449.23774534800305,577.4601945684807,391.52185766920604,469.5597869092174
2025-01-29 01:00:00,387.42041357686367,426.6793376145523,569.7869227930948,373.96180240792427,461.4826003486865
2025-01-29 02:00:00,385.9177819068596,440.8188644998216,577.7473137520109,380.5753212887983,468.0007826206828
2025-01-29 03:00:00,385.7147016053895,441.358448494027,576.7036237954436,378.67048042691204,467.35963145784797
2025-01-29 04:00:00,386.29460151334354,454.8608995248557,567.1093992586211,387.51682316032253,471.704656124689
2025-01-29 05:00:00,385.8500999441905,477.0193763570224,566.8041093624779,401.0649416785257,476.5888331438354
2025-01-29 06:00:00,386.1809990274369,447.51908942956163,579.6160232798388,381.06858793719846,464.3536672697698
2025-01-29 07:00:00,373.6865391064641,427.64441815385857,580.5311051944805,367.1620708654854,453.04017964326306
2025-01-29 08:00:00,310.15747517950473,362.5184867352684,581.6482012498691,313.2829032710644,408.4813314256643
2025-01-29 09:00:00,185.52297638943105,285.3638906938785,544.0806812380941,245.4696518480219,326.22669081344037
2025-01-29 10:00:00,127.75207037281619,233.86481840204212,481.8009603721181,204.99301382434763,266.97136970893257
2025-01-29 11:00:00,111.12048854620843,209.1382909532571,431.9968073628683,185.72823188677182,243.96422364782984
2025-01-29 12:00:00,110.84730762596025,205.5062419372205,431.92672836235624,181.73617829110543,242.45431063135513
2025-01-29 13:00:00,116.02764653571616,214.0014058556367,435.4325529092861,187.03940544366728,247.83783265657593
2025-01-29 14:00:00,131.26668794516388,234.7073504242702,467.56958296845704,198.43481708690547,269.1886118571072
2025-01-29 15:00:00,170.0927285808291,279.17535550777257,543.0217064826686,230.76892980094715,317.39989535818967
2025-01-29 16:00:00,247.2532940858293,295.9210710087234,595.9653095105681,248.65737332283575,356.2318855999362
2025-01-29 17:00:00,330.5039308923506,320.87485967656727,663.1149706943581,277.6686795994786,400.58928103261354
2025-01-29 18:00:00,342.75415350669437,336.59842412906687,666.0428247124922,292.1676953372802,410.74173839494136
2025-01-29 19:00:00,345.6074163369613,381.2752528873129,631.9161048729158,328.70273609213797,428.3477335908052
2025-01-29 20:00:00,360.4023003945193,405.3482005417705,608.3342653500465,348.78849921538375,441.20779497921797
2025-01-29 21:00:00,361.890903466572,412.8830054939679,601.7976419946469,352.978370152466,441.6125205234549
2025-01-29 22:00:00,364.71449036202466,533.8118171168542,549.7935792280592,431.13963008707384,480.9568154140605
2025-01-29 23:00:00,364.2980200538938,556.3407175750425,533.9441298499356,446.36056174028215,489.14973348448024
2025-01-30 00:00:00,380.08354565931086,597.5141582846942,517.5624748798657,487.55612049541503,507.16736241052246
2025-01-30 01:00:00,387.2336925477992,640.7437936987993,490.05430310389136,522.4413410837603,527.3610766114399
2025-01-30 02:00:00,386.98507588279216,638.5551049023132,492.0874940271391,523.0713034934258,530.1916513587925
2025-01-30 03:00:00,387.8899547779425,621.0533388190187,525.9538687537735,510.2248305522406,528.8566381492793
2025-01-30 04:00:00,388.08173213134853,610.1192209714197,541.1532445983215,502.0974294568195,524.9174517855711
2025-01-30 05:00:00,388.90573394753255,599.7599286321334,542.6602331360441,497.2450868796281,520.7627060830522
2025-01-30 06:00:00,388.2100995537983,584.9559233171424,544.2060245843188,476.5622427755267,513.0171194502412
2025-01-30 07:00:00,335.6403481579886,558.1228035601245,551.3673201837386,443.0429090907679,478.44367962223475
2025-01-30 08:00:00,236.30573589050545,419.3419434281238,599.5578215235313,345.67101683350427,398.40240584008933
2025-01-30 09:00:00,170.51600071462184,339.94045028429053,591.2016447730614,282.58996221206934,345.9537107990003
2025-01-30 10:00:00,146.78162000527303,283.62543525607805,573.9583610133365,241.61350199762074,312.82601956937253
2025-01-30 11:00:00,136.09358924020017,259.0399718705435,573.3466189121135,219.0462028645,296.984552431184
2025-01-30 12:00:00,133.34719731507587,246.09440534120023,550.084963230929,207.458817728711,290.1377885611489
2025-01-30 13:00:00,141.24485060541417,255.25267381335885,544.5891507940681,212.8647534876768,298.7273526466064
2025-01-30 14:00:00,155.8493331175187,284.7637470370711,575.2876552320689,236.4240744719157,318.3344756938221
2025-01-30 15:00:00,185.80465133254586,336.1458061098113,590.6377554078837,281.3185315858765,353.8417627362539
2025-01-30 16:00:00,262.4796121000233,410.14843990792565,616.2702656899601,338.34651312874325,413.8978394513195
2025-01-30 17:00:00,367.5560274891227,458.9827858523193,604.0758313183936,384.51847398085323,465.59820878847916
2025-01-30 18:00:00,378.82572179282585,412.9059626590824,605.9192506202038,358.67441548341975,449.5728944348664
2025-01-30 19:00:00,377.3006300227522,391.44754489586086,605.2553358453501,343.28063352338245,440.56772672100186
2025-01-30 20:00:00,389.4745258286584,387.56309532218313,602.91120531504,348.7405871240135,442.25808816853817
2025-01-30 21:00:00,388.49696496353823,397.4487857806761,600.643343702282,352.6372338729891,445.14755985005036
2025-01-30 22:00:00,388.64050060907005,407.3825787463713,593.145871411611,352.8888363276022,448.1763075516769
2025-01-30 23:00:00,387.32015192308194,410.44248701477795,574.8825507123343,353.72726440960827,449.88677190797273
2025-01-31 00:00:00,387.7933531580654,405.60698708833513,564.6522928326822,354.53581235925935,449.7004841972927
2025-01-31 01:00:00,389.32831934676744,490.9675443083136,542.9372996582994,410.4714688958739,479.1496626027747
2025-01-31 02:00:00,388.14904797630146,612.1389785076204,494.11820081500014,485.3745749096568,516.5065647903978
2025-01-31 03:00:00,387.50879521220963,652.1504792523576,470.69591468520906,512.2767935037376,532.591974178114
2025-01-31 04:00:00,389.4595338000242,658.3759061470215,494.0094421018553,520.0548204651559,541.3761093531236
2025-01-31 05:00:00,388.6865792476259,661.41148804916,503.73877327747425,529.2566444285754,543.9085915603886
2025-01-31 06:00:00,389.2455069634081,651.6714724266811,511.91430862978996,518.554833659775,539.9028653451034
2025-01-31 07:00:00,371.18602109589216,657.3487226602256,472.7702660963332,537.9470951999162,530.0748183908981
2025-01-31 08:00:00,330.4578408955458,573.5641411388582,505.7444269513556,471.7643468255617,493.1964206796461
2025-01-31 09:00:00,259.08167930184555,510.0024174278268,525.2801128034839,411.80102417523085,448.4202947685513
2025-01-31 10:00:00,188.06966674295307,453.1195214685448,538.478311349254,373.38003257835186,391.9607016693869
2025-01-31 11:00:00,181.40965430198926,411.4385633406075,545.0457659321639,348.6017379172977,379.5637248985733
2025-01-31 12:00:00,171.42557884933615,367.5343337294802,556.1158976014754,307.9127386885206,356.9544379709703
2025-01-31 13:00:00,202.18117907448797,399.6054155637562,545.978262858954,341.93678415968475,386.4910442657092
2025-01-31 14:00:00,193.4025880720346,395.2959624262085,549.5280185676673,344.54638900000845,379.7368602047063
2025-01-31 15:00:00,224.1010681075002,450.8735397148789,534.4612264352978,387.55703137621805,411.4055987585554
2025-01-31 16:00:00,286.8405641605442,526.3619777947825,509.36415848874077,429.559641223046,453.05800490885326
2025-01-31 17:00:00,374.2889326550427,589.5012447471171,487.5270607299337,481.541198762078,498.15987390211546
2025-01-31 18:00:00,383.4551220208447,550.9330755965595,498.87487756894643,435.28958631447074,487.8142273748162
2025-01-31 19:00:00,381.9858398289659,471.1425617039805,535.7364379647122,380.4158069329508,463.4710485078049
2025-01-31 20:00:00,390.120333758204,437.1096267687796,548.6618866621906,359.89924930190864,454.730239293529
2025-01-31 21:00:00,391.9510320495762,448.2596220554843,547.1383362055498,368.54175878276095,458.7541186076323
2025-01-31 22:00:00,392.80152787870287,450.44413397133593,546.3979136296808,390.28525699714226,460.65259167045025
2025-01-31 23:00:00,391.4989656562097,463.903325888627,536.6236218792285,401.5384700497934,465.1269538397617
