,南部 (kgCO2e/kWh),中部 (kgCO2e/kWh),北部 (kgCO2e/kWh),東部 (kgCO2e/kWh),全台 (kgCO2e/kWh)
2024-11-01 00:00:00,0.5491397145184291,0.5329843646584933,0.48942051194340164,0.5126785128863642,0.52027701252799
2024-11-01 01:00:00,0.548058680806335,0.560472610559559,0.5004453850326731,0.5335371995915813,0.5336290827052772
2024-11-01 02:00:00,0.5487522203191741,0.5570342349460331,0.5074769773632105,0.5312523711036843,0.5364757521158321
2024-11-01 03:00:00,0.5471202856028392,0.5343592978328542,0.5118714892355155,0.5136595493000602,0.5299557327602717
2024-11-01 04:00:00,0.5472872167921864,0.5362477059306331,0.5276992797385571,0.5156715990537625,0.5363318319859233
2024-11-01 05:00:00,0.5459301020310776,0.5528867897989014,0.5132200323994398,0.5286143238848932,0.5364547934348817
2024-11-01 06:00:00,0.5429656936414204,0.5679233172441699,0.4879311624576492,0.5384406191100778,0.5295797856241963
2024-11-01 07:00:00,0.5091823857752483,0.550997656829935,0.4809508065749516,0.5201006127321501,0.5114338596939192
2024-11-01 08:00:00,0.4455772819652193,0.493929866068407,0.47779624150018113,0.4651701396936504,0.4723411472758866
2024-11-01 09:00:00,0.4234987912963582,0.49388916549161227,0.47794879792037026,0.4641395788367049,0.4655067318359436
2024-11-01 10:00:00,0.3268680325301577,0.4879549414266097,0.4779880730214369,0.45112625939411494,0.42796060909407085
2024-11-01 11:00:00,0.3743794821431724,0.4894584185519544,0.49231929194087953,0.4620577298863859,0.4557449247628629
2024-11-01 12:00:00,0.44420729238514034,0.5167195290975128,0.5128708705295528,0.4617095565132734,0.4969795357074936
2024-11-01 13:00:00,0.3262662798958811,0.5069697595496174,0.5134282047591544,0.3573901504200625,0.45052917154750877
2024-11-01 14:00:00,0.3571085000988563,0.5173560191956921,0.49904765477620583,0.36595412897404644,0.4599992074679328
2024-11-01 15:00:00,0.41001058156675585,0.5207659289783578,0.49575441497603645,0.3702364820228046,0.4774420433995284
2024-11-01 16:00:00,0.46703991661653305,0.5400722152029951,0.4950092224335543,0.3848414178224416,0.49946503185525715
2024-11-01 17:00:00,0.5335083223921919,0.5331722166239257,0.49406238465380753,0.3945064414218267,0.515000447217632
2024-11-01 18:00:00,0.5346701258666119,0.5525734475210234,0.5008282877922964,0.41293282986436414,0.5250977591288402
2024-11-01 19:00:00,0.534841600277469,0.5712697276319705,0.5037852801109683,0.4303452445155946,0.5327993135101271
2024-11-01 20:00:00,0.5351300834116167,0.6004049340144262,0.503266338749321,0.45170667810520565,0.5427475493357583
2024-11-01 21:00:00,0.5350244046275439,0.6226389288218569,0.49958549349450254,0.4624667199126725,0.5494122731143284
2024-11-01 22:00:00,0.5350560985093592,0.6338917409802886,0.4943630845524302,0.46456076690863285,0.5516510246320405
2024-11-01 23:00:00,0.5352386013863292,0.6427017694402282,0.4975505736619906,0.46833098160534326,0.5578837329608132
2024-11-02 00:00:00,0.5361796746163785,0.6323421425446506,0.5060964291540703,0.4557191459106779,0.560196001319882
2024-11-02 01:00:00,0.5379762347374624,0.6330492048948169,0.515694495141621,0.44947268098802573,0.5635215394866485
2024-11-02 02:00:00,0.5444860706647343,0.6132678805931291,0.5092570164394027,0.4304964344743923,0.5552713676839461
2024-11-02 03:00:00,0.5586940371805156,0.6051349540420983,0.5032753443238213,0.4162485820679032,0.5539128830163149
2024-11-02 04:00:00,0.5591591659804638,0.5775187745191726,0.49676756655737214,0.39634372842033916,0.5409654911708506
2024-11-02 05:00:00,0.5554583496975042,0.5750271521907598,0.4854025325989776,0.40174513878607154,0.5346984094633257
2024-11-02 06:00:00,0.5270897637856778,0.5141601975660383,0.483359240490386,0.3667487235822283,0.5027890911820181
2024-11-02 07:00:00,0.41180885166911646,0.41463507743860545,0.4669707756752251,0.30237254667567115,0.42890518488599694
2024-11-02 08:00:00,0.3164323848443696,0.32682597338569325,0.4413076401692718,0.24536270315991732,0.3584843321897845
2024-11-02 09:00:00,0.2748495033984342,0.2778296739657587,0.4154622630132236,0.21496804499422287,0.3191692412407727
2024-11-02 10:00:00,0.255803983808664,0.25941315431744977,0.40262043186803276,0.20268194432115824,0.30236306992818607
2024-11-02 11:00:00,0.2471122041526775,0.2530050986335714,0.3991279035218883,0.19532251462881714,0.2961333117363403
2024-11-02 12:00:00,0.24965408419923102,0.25631771563549444,0.40143836014830847,0.19496132080608386,0.2987058660991484
2024-11-02 13:00:00,0.26323500842205494,0.2643359247997081,0.40966381484219905,0.19955989935121846,0.30767055219129313
2024-11-02 14:00:00,0.2910960982649344,0.2804930791024504,0.41956320779161166,0.2103396874149278,0.3255687997660237
2024-11-02 15:00:00,0.3469902192699749,0.31332958310092746,0.42915455214101683,0.22974543566421188,0.3593679262586879
2024-11-02 16:00:00,0.4530598394981921,0.36848001453874674,0.44080252716726587,0.2710335031470624,0.4167161986078148
2024-11-02 17:00:00,0.5337066358728502,0.40525855803443367,0.4582981448023232,0.3061529507401295,0.460027573666863
2024-11-02 18:00:00,0.5370832631116352,0.45214583621418714,0.47199969454848667,0.3359436011648318,0.48164724593450314
2024-11-02 19:00:00,0.5403493878190778,0.48619494336786134,0.4682233206189194,0.35618633186687854,0.492360352784224
2024-11-02 20:00:00,0.5436298148277019,0.5341317628481482,0.4758537269667995,0.38570472512283993,0.5116140930547415
2024-11-02 21:00:00,0.5440432009750712,0.5515681773684241,0.4788336386440125,0.3985835155027657,0.5186549290634078
2024-11-02 22:00:00,0.5462244883839179,0.5683026735686564,0.48490478185661895,0.39932303313734957,0.5268091878366568
2024-11-02 23:00:00,0.5445017347993403,0.5634152899128839,0.4829238697105523,0.3828994460679188,0.5245250705684734
2024-11-03 00:00:00,0.543310327424296,0.5396266949820764,0.475178323697263,0.35534474327129234,0.5128842277146274
2024-11-03 01:00:00,0.5450513953640369,0.5238026506216155,0.4715986955548023,0.34170618685361576,0.50712987190031
2024-11-03 02:00:00,0.538972929638341,0.5277395554713786,0.46950588527411435,0.35378946858657434,0.5059957056160411
2024-11-03 03:00:00,0.5299210992498679,0.5195559448814064,0.46485893112089977,0.3448744527595527,0.4991969309673909
2024-11-03 04:00:00,0.530136985134048,0.5140250359184534,0.46994149301605626,0.33834481006247347,0.4994615499345374
2024-11-03 05:00:00,0.5297072313165154,0.5102167792627311,0.474346169828675,0.3413904857293616,0.4995937703831767
2024-11-03 06:00:00,0.5195335030974606,0.48153825264688505,0.4738404346852708,0.3288790015713971,0.48661471716219545
2024-11-03 07:00:00,0.4090335929795289,0.4195909980775189,0.4647525916329128,0.2830942225959922,0.4289723920926351
2024-11-03 08:00:00,0.32463148969634426,0.3369244207044563,0.44425412514448104,0.22615464366092192,0.36412268479169146
2024-11-03 09:00:00,0.28090722296817733,0.3008105704352655,0.4207050626753034,0.20130416272043888,0.33001371496286036
2024-11-03 10:00:00,0.2604497524803136,0.2748686169508109,0.4117878515253539,0.18441174912798908,0.311208160202462
2024-11-03 11:00:00,0.2514451439090888,0.2738286871305442,0.4093683977065905,0.19503301666801223,0.30741808636718476
2024-11-03 12:00:00,0.2520484444865481,0.2934574360641633,0.4128820526103817,0.20572163913792754,0.31661810283919084
2024-11-03 13:00:00,0.2644259985042793,0.3063754977763666,0.4166883696064092,0.21842811169641244,0.3274930520990658
2024-11-03 14:00:00,0.294841087855223,0.3304114631497961,0.426474783052893,0.23731795335345113,0.35002427276729947
2024-11-03 15:00:00,0.3515566984361421,0.38383172056435827,0.44066844663074634,0.269845959156025,0.3928902146032507
2024-11-03 16:00:00,0.45738716737534935,0.450878962669852,0.45965129012357075,0.3202857557658755,0.4534240306461952
2024-11-03 17:00:00,0.5392207940106853,0.4888004161604922,0.4675210063727017,0.3527468473934213,0.49021166812284256
2024-11-03 18:00:00,0.5385097461791147,0.4861434149802265,0.4661197214094658,0.35537242899199006,0.48925460585572134
2024-11-03 19:00:00,0.5370323362179052,0.47297647750765653,0.4636468098200439,0.3437799920621654,0.4833004796562879
2024-11-03 20:00:00,0.5361580396721716,0.4720944523587246,0.46533839890073336,0.34264769014991164,0.48333864470237237
2024-11-03 21:00:00,0.5362380891280711,0.4593031194490676,0.4635130683297377,0.33504707210673157,0.4789349162631219
2024-11-03 22:00:00,0.5369143707857107,0.5008639267697876,0.46905698770207765,0.3566468361958845,0.49549818842146115
2024-11-03 23:00:00,0.5371306455252473,0.523549034408099,0.46962096320467833,0.3594571111934054,0.5051189301749606
2024-11-04 00:00:00,0.5383737951228353,0.5584214310372884,0.4698057266534716,0.3690281326924914,0.5173380536869528
2024-11-04 01:00:00,0.5409549101193976,0.6133432776940327,0.46483242562125593,0.39859082396419065,0.5358214816355318
2024-11-04 02:00:00,0.5429783502064266,0.6274240267574641,0.45829541523820244,0.4021254034994558,0.5413853432265603
2024-11-04 03:00:00,0.5420142252436732,0.6314828651362959,0.4583907765052166,0.41640878710657053,0.5434904284076212
2024-11-04 04:00:00,0.5383965471644055,0.6284645878425742,0.45491769862640036,0.41641549209768747,0.5418119253364809
2024-11-04 05:00:00,0.5377952754742765,0.6318341179206018,0.4432740781883691,0.42249092248601916,0.5372162000404664
2024-11-04 06:00:00,0.5233902219760711,0.6124401924210868,0.4233588669987002,0.39651223013564113,0.518037975745038
2024-11-04 07:00:00,0.42769959307605493,0.5335379804959753,0.42891595062452537,0.3250123078259902,0.464838869429306
2024-11-04 08:00:00,0.3474527648424416,0.46225346579021936,0.4280795560585229,0.2680021132374157,0.4134122874196161
2024-11-04 09:00:00,0.2912251019701075,0.41229992522460907,0.42067887328491915,0.22839729481459142,0.37484222005880313
2024-11-04 10:00:00,0.2764674605768964,0.3786468993250922,0.41306772226061705,0.21251217581443044,0.3555903984931679
2024-11-04 11:00:00,0.2584169877504865,0.3496244561108777,0.41328506954743927,0.2204354280913031,0.33916675683502445
2024-11-04 12:00:00,0.25531387689570834,0.34128547282805677,0.41690229259662354,0.21602567749319698,0.3366279882541087
2024-11-04 13:00:00,0.27072473154978866,0.35209309364004565,0.415947308000353,0.2331851062483333,0.3469349804297512
2024-11-04 14:00:00,0.2996867299518104,0.3875300237755684,0.4128932794762933,0.26851131528500993,0.3691042669109962
2024-11-04 15:00:00,0.36236052193781865,0.4176334257497781,0.41833273285639383,0.2899326969391294,0.40049379582280864
2024-11-04 16:00:00,0.4678370232747345,0.42669782466111866,0.4211439374572511,0.2959002082350652,0.4337223651451602
2024-11-04 17:00:00,0.533034457011598,0.4416237599536828,0.42563535786418966,0.32002422531515384,0.4579576732771824
2024-11-04 18:00:00,0.5383821898595204,0.44569873485597594,0.4257824270233577,0.3273626519581442,0.46100383423969366
2024-11-04 19:00:00,0.5383308969702069,0.47139321772095727,0.43058594192188593,0.34576517827562847,0.4723967380141654
2024-11-04 20:00:00,0.5367626846205511,0.502891736819357,0.43540538294444553,0.3675760404820474,0.48566313164006747
2024-11-04 21:00:00,0.5408039381734708,0.4974113681887817,0.4340329596012317,0.3553628556934015,0.4843224101370298
2024-11-04 22:00:00,0.5393901860005477,0.4886604588833047,0.4364450031697576,0.3276900125565509,0.4826100420076177
2024-11-04 23:00:00,0.544935172527446,0.4799208893868386,0.4293959698527358,0.3170634556270308,0.4811314347366503
2024-11-05 00:00:00,0.5442794992210178,0.5091247824845276,0.4485928899383458,0.33129176225604884,0.49809842458830605
2024-11-05 01:00:00,0.5475470060331744,0.542876572227335,0.44909749001631094,0.34251550486545995,0.5122522228598101
2024-11-05 02:00:00,0.5431540501030734,0.5468421466082612,0.4486235042662408,0.3507731139036621,0.5126511082673151
2024-11-05 03:00:00,0.5436736384937223,0.5186646307395087,0.44942055130721126,0.34355280938484856,0.5028388279820127
2024-11-05 04:00:00,0.5458079920795522,0.49832994542723286,0.45353659889308295,0.33173978444937563,0.4961890807655644
2024-11-05 05:00:00,0.5455863405175053,0.48054103547029037,0.44798098468998115,0.32621177047832167,0.4872096702423394
2024-11-05 06:00:00,0.5415048276598831,0.44862115702083066,0.4306540058964065,0.3016911357981198,0.4661947176745267
2024-11-05 07:00:00,0.4970664382444557,0.43462131989595126,0.4264192817401784,0.28461885864017106,0.44668345490942557
2024-11-05 08:00:00,0.46100679306035947,0.4093696219113539,0.4235604657534982,0.2376240335125497,0.4266012676329906
2024-11-05 09:00:00,0.35764633585285227,0.36642541628851016,0.4120952251668649,0.17618989664878815,0.37719615282483576
2024-11-05 10:00:00,0.2939075551322805,0.3260803663800589,0.3985442211460882,0.16527656201226337,0.33775948473719664
2024-11-05 11:00:00,0.26002713126778415,0.3187233026298556,0.4018745350703768,0.16687564640269678,0.3250026914942624
2024-11-05 12:00:00,0.27215282197878266,0.32722718396714384,0.40804605403792776,0.19811070344228185,0.3361325027272973
2024-11-05 13:00:00,0.2791678028404069,0.3384155304890883,0.4108813395752554,0.2204073343150136,0.34330555459521594
2024-11-05 14:00:00,0.3255323592275547,0.38267792859597594,0.41398023927399163,0.258147284889858,0.3761480338531712
2024-11-05 15:00:00,0.3732827694719179,0.41370099787929365,0.4233468764678057,0.2867293428563072,0.40420511982694324
2024-11-05 16:00:00,0.4647734577147195,0.42991604357332186,0.44112438656012687,0.29550019097825403,0.44100264836346353
2024-11-05 17:00:00,0.5212788962605218,0.4502483844327051,0.45118005805936995,0.31910917300829555,0.4668380825412493
2024-11-05 18:00:00,0.5225970222571202,0.47067517052981334,0.44590789513520723,0.3430136618879284,0.4723404147916556
2024-11-05 19:00:00,0.5240762022481389,0.4861598489780793,0.43909899730291607,0.3551877485560501,0.47583729080118664
2024-11-05 20:00:00,0.5258345477229069,0.5210984552954043,0.4329059888363822,0.37841250223564626,0.486363980727315
2024-11-05 21:00:00,0.5293374593710662,0.5117011329471558,0.42849607741201856,0.3632416508118495,0.4819791681614709
2024-11-05 22:00:00,0.526213623759828,0.49592393881491137,0.42593791693180744,0.32783669629563555,0.4752033383656595
2024-11-05 23:00:00,0.5124765385043157,0.5094757408336339,0.43032597181361787,0.3248811462214544,0.48031227292614614
2024-11-06 00:00:00,0.5012035567223448,0.5203968800378984,0.43875052271008785,0.32497882532838945,0.4857234864245729
2024-11-06 01:00:00,0.5009671068549568,0.559226744739544,0.44046022849957284,0.34872606623389013,0.502971741479961
2024-11-06 02:00:00,0.5038361567249307,0.5557135214510945,0.44009020700665474,0.34201029110712206,0.5034604148836488
2024-11-06 03:00:00,0.5035970012028489,0.5459374635722816,0.43933514313649574,0.3338714707469292,0.5001488836502641
2024-11-06 04:00:00,0.5011399610611877,0.5430867737247521,0.43825007259057963,0.34724339969289,0.4979872457852024
2024-11-06 05:00:00,0.501135429524391,0.541335897078055,0.43206576858294116,0.3444675177550009,0.4949426920551207
2024-11-06 06:00:00,0.4899397131068939,0.49612214734633137,0.4227677348612925,0.31824043490724546,0.46880715223123215
2024-11-06 07:00:00,0.3788621140651507,0.43880370191694945,0.42323813511794495,0.27761240109171537,0.41640939093388357
2024-11-06 08:00:00,0.28793201514877426,0.3776783491574768,0.42050751757516913,0.23255502669736994,0.3647643120776401
2024-11-06 09:00:00,0.2417874317628709,0.3273534387678552,0.40606384266043255,0.2091587454243966,0.32649680127162595
2024-11-06 10:00:00,0.2235446387474614,0.2938589120455209,0.3950402932715238,0.19587292266924683,0.3050248610713971
2024-11-06 11:00:00,0.21846143948643038,0.2857706433765915,0.39469480266983437,0.19055959146602547,0.30024719060930033
2024-11-06 12:00:00,0.22038500237753672,0.30790440437833133,0.41090956487373415,0.19560829388683465,0.31394482536939783
2024-11-06 13:00:00,0.23424468365481796,0.32778812766999454,0.41171326559515803,0.21367893415431255,0.32837812702171976
2024-11-06 14:00:00,0.2730024493679444,0.37201910098013274,0.41507756063174256,0.2417547383570258,0.3589961788500923
2024-11-06 15:00:00,0.3472243872035583,0.4238951051333893,0.4234328819837286,0.2759391001021256,0.4020473850010845
2024-11-06 16:00:00,0.46012375891538776,0.45288191112869414,0.4234792615697708,0.3064128784684767,0.442656308087037
2024-11-06 17:00:00,0.5311604124930657,0.46937751510070663,0.42696484003379054,0.33390705036445406,0.4676775872389003
2024-11-06 18:00:00,0.5331326688317674,0.4871609556184125,0.4323903502769538,0.3533492748038806,0.4772195119752892
2024-11-06 19:00:00,0.5330214424368679,0.5037582330796182,0.42890808309870454,0.36512560980548414,0.4826859960330188
2024-11-06 20:00:00,0.5339648931211546,0.5393435644626116,0.4238627957898299,0.3905684855684319,0.49433446997280706
2024-11-06 21:00:00,0.5342277415644454,0.5313526470436313,0.4222316077272512,0.37967326889677655,0.490144951477869
2024-11-06 22:00:00,0.5383265012819418,0.5074032431769998,0.4226361335898707,0.35130709880852395,0.481322487129082
2024-11-06 23:00:00,0.5436189874580052,0.4883525616372106,0.4222915113760292,0.3291154519833587,0.4775400774359145
2024-11-07 00:00:00,0.5399694919347361,0.5062861484602259,0.4378500749460338,0.34228455796550233,0.4894516541284107
2024-11-07 01:00:00,0.5359394404939449,0.5180286605333337,0.44996349145167736,0.3504106119402642,0.49736322102105973
2024-11-07 02:00:00,0.5392510007515291,0.5317913745314232,0.45124062862470643,0.35723739155981754,0.5052981104887911
2024-11-07 03:00:00,0.5394573431094194,0.5303686761296436,0.4580593693772596,0.35878980627972806,0.5071720797382777
2024-11-07 04:00:00,0.5359284763701819,0.5352523341501205,0.44252671692091206,0.3606863487840424,0.5039557673998432
2024-11-07 05:00:00,0.5349634099348548,0.552558730252012,0.4336307830875059,0.3744211850132902,0.507714464649323
2024-11-07 06:00:00,0.5261062888741705,0.5249153128216529,0.41810410786320285,0.34483441411319155,0.48843665694713884
2024-11-07 07:00:00,0.41647086364727276,0.45739029369956186,0.41428695838313356,0.2976013440336549,0.430492746203612
2024-11-07 08:00:00,0.33158387706413306,0.38266762390431747,0.40596854777615304,0.25046832695681187,0.37311274532101035
2024-11-07 09:00:00,0.2797500770967567,0.32677501260417885,0.3909437180975061,0.19325627761310216,0.3318114775215667
2024-11-07 10:00:00,0.2586182965768565,0.29934928641387726,0.38308820967570334,0.19407136310816941,0.3121690583236076
2024-11-07 11:00:00,0.2506694299801382,0.2963768211161703,0.3882946478622555,0.22464821354790562,0.30954471333918726
2024-11-07 12:00:00,0.2597113753946665,0.3119862906822362,0.3989143135011963,0.2353621125701018,0.32180201651384965
2024-11-07 13:00:00,0.2701803462091201,0.32111398256983154,0.39844846033456394,0.2395502175144641,0.329572294137971
2024-11-07 14:00:00,0.29887986745288914,0.34706486476678294,0.3976257888457149,0.26299611765470354,0.3482990046220227
2024-11-07 15:00:00,0.37123360554886997,0.39813339421006405,0.4075820760316809,0.29962721709705176,0.39247775532477547
2024-11-07 16:00:00,0.47297780980992726,0.4394670185425542,0.416264417444344,0.31953786131599327,0.43797588590539155
2024-11-07 17:00:00,0.532210996195169,0.4795669706197046,0.42642664693087184,0.3627297023817276,0.4719250307569043
2024-11-07 18:00:00,0.5345881022998383,0.47231258876536525,0.4253329832833538,0.35379867661819875,0.4692575488588756
2024-11-07 19:00:00,0.534798262666768,0.47973382262796904,0.4260260742125501,0.35454560133102037,0.47168127177066554
2024-11-07 20:00:00,0.5350203378078466,0.5222680204288256,0.4294196204741807,0.3875853517227378,0.48766666998448727
2024-11-07 21:00:00,0.5384273948990237,0.5183504508671718,0.4284807453178367,0.3810097698576901,0.4862125633715513
2024-11-07 22:00:00,0.5386313256039125,0.5232901340514878,0.43167068244075824,0.39322495104889277,0.48875102761520894
2024-11-07 23:00:00,0.541003617585988,0.5221237968396172,0.43160517693836387,0.3962675976429964,0.49180532624251383
2024-11-08 00:00:00,0.5420012477635625,0.4851781466840574,0.44020729642674056,0.36496608383365464,0.48250872865583316
2024-11-08 01:00:00,0.539030453250284,0.4830624542450242,0.4473867246763488,0.3630970677900351,0.4841568551997985
2024-11-08 02:00:00,0.5396533211888949,0.4941049382643166,0.44412897867869994,0.3753717990087003,0.4873553541061498
2024-11-08 03:00:00,0.5394618594251763,0.48662272816310176,0.442618738550381,0.37631085225835037,0.4836887574655431
2024-11-08 04:00:00,0.5413579486066292,0.5071461892219207,0.44295994473523304,0.3888789845319744,0.49311388294343794
2024-11-08 05:00:00,0.5407168854619164,0.5224148536645823,0.4399541377094949,0.40112239016532875,0.49814102096381685
2024-11-08 06:00:00,0.5398463217058604,0.5065846190500161,0.4244020764183526,0.3851065176356164,0.48466225787407097
2024-11-08 07:00:00,0.4866462273855522,0.49718926217444376,0.42014508121487437,0.3585895371620559,0.466104500684051
2024-11-08 08:00:00,0.44328209410706,0.44370854171690594,0.41470087674022355,0.31965311501228216,0.43220534856754633
2024-11-08 09:00:00,0.42073645975013385,0.44436163970883025,0.4180199564638823,0.3217715029951742,0.42772806632798377
2024-11-08 10:00:00,0.341108941058853,0.4074142504312963,0.4142178948171143,0.30059962692275516,0.39011432385345735
2024-11-08 11:00:00,0.32810561949891565,0.3666557136237921,0.41071351437055403,0.27949224153659186,0.37004113384935083
2024-11-08 12:00:00,0.3017073320523213,0.3289878701793726,0.40787176034602074,0.2542577197974309,0.3451774816777193
2024-11-08 13:00:00,0.33467282169376616,0.37356841125408935,0.4178823841529037,0.2880127359212819,0.37629987553793137
2024-11-08 14:00:00,0.3236520768996662,0.38151637932191157,0.4110294431351838,0.2825023102189658,0.3723090374889935
2024-11-08 15:00:00,0.38637372298667727,0.420989073442609,0.41993903716055275,0.31360487780425605,0.4098235461767434
2024-11-08 16:00:00,0.47945755291501546,0.4576395552733927,0.4261070977255093,0.3344381760990782,0.44974327906172157
2024-11-08 17:00:00,0.5299949010178434,0.45278121999154464,0.4253033033556147,0.3412073936372763,0.46005752033045644
2024-11-08 18:00:00,0.5317377532393536,0.4584114484044356,0.4240303240490967,0.34855495150620164,0.46195111755504387
2024-11-08 19:00:00,0.534051042492432,0.4837468404815639,0.42543120414402813,0.36357005705868883,0.47231810822197867
2024-11-08 20:00:00,0.5343931071701793,0.5155080031322905,0.4337983479644947,0.39048326729574895,0.4866872790240367
2024-11-08 21:00:00,0.5323300514220174,0.5057545723731057,0.43272799163147796,0.3768493939297612,0.4820089796616325
2024-11-08 22:00:00,0.5328388013148956,0.4938158857481564,0.4311974782403017,0.3689629556451975,0.47753354238289375
2024-11-08 23:00:00,0.5337510281904402,0.4943338656207923,0.4316037034633558,0.3621344303555303,0.48050109248719397
2024-11-09 00:00:00,0.5339138486284587,0.4958511554571799,0.4439040992672905,0.3630248433926668,0.48581856980154026
2024-11-09 01:00:00,0.5328783415067593,0.5024846925380936,0.4511802597724761,0.36820278971949644,0.4909796744103123
2024-11-09 02:00:00,0.5342964517290217,0.5091872988067574,0.4500065447667293,0.3756403154453505,0.493539735149327
2024-11-09 03:00:00,0.5330799938018722,0.5249710630887658,0.4506081666709923,0.38899158765578223,0.4988145297191964
2024-11-09 04:00:00,0.5344443920496535,0.524003507997207,0.4555114406299895,0.3898537541207233,0.5006503261464749
2024-11-09 05:00:00,0.5339496982402406,0.5268526771155845,0.459649232372787,0.39572082580103407,0.5030975021117736
2024-11-09 06:00:00,0.5208935579119385,0.5073757283241663,0.46114142851984263,0.3800142552370677,0.4927912563081176
2024-11-09 07:00:00,0.41522738075653387,0.48437901889530616,0.46442472996475065,0.35128710583224065,0.4545142893126583
2024-11-09 08:00:00,0.33743386762501393,0.4361796476327874,0.4538569243033658,0.30957322219286576,0.40980952745912075
2024-11-09 09:00:00,0.2948944891927932,0.3878019934605877,0.44499770218788093,0.2707367267237352,0.3762621554776194
2024-11-09 10:00:00,0.2795530237036337,0.3403720987023205,0.43258991594367663,0.2383675307401489,0.34994711181813165
2024-11-09 11:00:00,0.26536896087031686,0.31125236115645916,0.42396625261942084,0.22507402199435358,0.33043934926693996
2024-11-09 12:00:00,0.2608820791209506,0.30855994549366456,0.4233714613223903,0.22820959541688848,0.32836663344169026
2024-11-09 13:00:00,0.27616619148859917,0.3275004807944503,0.4317756311439308,0.2513203377348776,0.3432358636946031
2024-11-09 14:00:00,0.30914656571473215,0.3779504604765459,0.44668104461046,0.2945585941741452,0.37787696249251457
2024-11-09 15:00:00,0.3661158283418973,0.43376772491909865,0.45661724323063657,0.3439089571907457,0.42092593302471604
2024-11-09 16:00:00,0.46642310827212957,0.46136045258255526,0.45700247036399155,0.3702091477966566,0.45920733551937337
2024-11-09 17:00:00,0.5326237338345887,0.4419813523653845,0.4546775182841884,0.36438895736078686,0.4682317812179979
2024-11-09 18:00:00,0.5330177203505421,0.44171060208275387,0.4552648139725381,0.363913493536002,0.46855271419532485
2024-11-09 19:00:00,0.5331364296843271,0.4322010203247127,0.45420450863120765,0.3541229379317956,0.46477699008419104
2024-11-09 20:00:00,0.5332023613599302,0.454996293676003,0.45810631611320635,0.3717291467534657,0.47550667925939755
2024-11-09 21:00:00,0.5327380613944157,0.4553849310282603,0.4590213992467132,0.3707133436448535,0.4772273883789966
2024-11-09 22:00:00,0.5285264863877498,0.4879165040577164,0.4633533047302513,0.38901147862868196,0.4887748312336959
2024-11-09 23:00:00,0.5132444879745994,0.49000358017150886,0.46082924506231093,0.37958963610070856,0.4845050001718541
2024-11-10 00:00:00,0.5095988262438294,0.5232770039442931,0.4592903354160824,0.3935241373717053,0.4932364790738859
2024-11-10 01:00:00,0.5142587731671839,0.5917566938424202,0.4569032944590623,0.43488647410112524,0.5155208593088714
2024-11-10 02:00:00,0.5292511063137765,0.6193381292321244,0.44995725319969543,0.4555392995745837,0.528258022337219
2024-11-10 03:00:00,0.5356927313288886,0.610486057694943,0.45064057810962227,0.4532613873496448,0.5279503339065675
2024-11-10 04:00:00,0.5379831432796247,0.5911336705453741,0.45197159153662275,0.44503369742876475,0.5222406352386363
2024-11-10 05:00:00,0.5383626037476368,0.5810781117970328,0.45210840045075423,0.43882648059704704,0.5192490128770358
2024-11-10 06:00:00,0.5301021467703286,0.5591283969782628,0.4561416690308712,0.41943489208851326,0.5112396086831212
2024-11-10 07:00:00,0.4418435088626486,0.5269779629228725,0.45803969228529734,0.391629818118922,0.47506738954223093
2024-11-10 08:00:00,0.41429140538321696,0.44268005726850296,0.45620612387494225,0.3445620738756159,0.4375824018897682
2024-11-10 09:00:00,0.36854915426125445,0.3873197002278743,0.4470314188844363,0.3063998659602671,0.40032326786056444
2024-11-10 10:00:00,0.280712300413788,0.3605738383007689,0.4410339156698457,0.2872406620066036,0.3606728570787563
2024-11-10 11:00:00,0.271466580974094,0.3543738094253389,0.4390957999188866,0.2799585388737552,0.35418344595958545
2024-11-10 12:00:00,0.2679351067220683,0.34984634686260135,0.4425438246000304,0.27360365014090676,0.35150700205288227
2024-11-10 13:00:00,0.27789938518304497,0.3529093568091604,0.44250390325156325,0.27549333995014164,0.35627712553216984
2024-11-10 14:00:00,0.3124085469307235,0.37823384669466154,0.44855265459629484,0.3020895078026067,0.3821319253254605
2024-11-10 15:00:00,0.37662829356666766,0.394808504015533,0.4487535025680822,0.31464605473567364,0.40733504997432135
2024-11-10 16:00:00,0.48151377853158855,0.42508633419888936,0.45677798327670155,0.341048167130732,0.44978820653681506
2024-11-10 17:00:00,0.5367102428809495,0.46601466799039115,0.46448877097843805,0.381751462369162,0.482698714435834
2024-11-10 18:00:00,0.5357906118839277,0.4863087640738439,0.4650813480409143,0.399556834147807,0.4902604038432303
2024-11-10 19:00:00,0.5371982336554496,0.4820782320968334,0.4631100464029691,0.3953682068970375,0.48865005161208663
2024-11-10 20:00:00,0.5351377290518369,0.4720838763104429,0.4590763772577274,0.3890542342427709,0.48342247948727696
2024-11-10 21:00:00,0.5339085991781531,0.4798921977400231,0.45899927445679856,0.39295916761741273,0.48553856387940225
2024-11-10 22:00:00,0.5378381113195281,0.476266274172639,0.45898629621327647,0.3846253490438122,0.48443097133480983
2024-11-10 23:00:00,0.5412190128897343,0.48501182344141486,0.45478749508196586,0.3901893165240784,0.4882495927276431
2024-11-11 00:00:00,0.5378148583692746,0.47483063501659256,0.4590349317788908,0.3794965583656219,0.48514665715555955
2024-11-11 01:00:00,0.5357817231934445,0.4934956086701035,0.45999741455614307,0.3921974780234662,0.4913126366812111
2024-11-11 02:00:00,0.5384837680772956,0.49321355825774915,0.45888044028928887,0.3916616372208225,0.49140634519178095
2024-11-11 03:00:00,0.5382021194859212,0.4998455638383371,0.4589796187676426,0.39630444152844063,0.4935743924649717
2024-11-11 04:00:00,0.5388262683652788,0.5003553069281135,0.45977219405393205,0.3968655426921539,0.4938883442297936
2024-11-11 05:00:00,0.5356137937020989,0.49140485976258175,0.45291046123170553,0.39497675694821616,0.48705247616215624
2024-11-11 06:00:00,0.5238441326710542,0.4593198300767093,0.42410475511952367,0.37452116265852364,0.4603568215223341
2024-11-11 07:00:00,0.43040136215901936,0.4133052750054826,0.41384311356976533,0.33210529174703823,0.4165431757367003
2024-11-11 08:00:00,0.34597249704089583,0.369885451580221,0.40531489764980627,0.2882114112267537,0.37418151151001733
2024-11-11 09:00:00,0.30217866253664094,0.3180948258706294,0.39815341390856857,0.24608538872116376,0.3391909934047223
2024-11-11 10:00:00,0.2731033667732244,0.28872329246426215,0.39579291166059977,0.2241246216442852,0.31759902052472905
2024-11-11 11:00:00,0.2745619435136962,0.2794367533839186,0.40116560083845165,0.22456121218570713,0.31451897049038474
2024-11-11 12:00:00,0.26574084638390844,0.31043748598267595,0.4140596225497754,0.24695101344110837,0.3263827084391717
2024-11-11 13:00:00,0.27844045657750127,0.3622109729340299,0.42056931750522786,0.2895023920499391,0.35360317106755534
2024-11-11 14:00:00,0.31064134806248683,0.4073029858131934,0.4178601409461204,0.32565798243778954,0.380477277929675
2024-11-11 15:00:00,0.3738942999072128,0.43069558962204835,0.4203529444376427,0.3409015535533054,0.4093433827280212
2024-11-11 16:00:00,0.46046441331293775,0.4536849690525257,0.4262981756077049,0.3629798698356626,0.44474917414193055
2024-11-11 17:00:00,0.5285514716944278,0.4683371347101765,0.43055896938814076,0.3889045920074968,0.4707032450920961
2024-11-11 18:00:00,0.5350009070863246,0.4849269350954816,0.4269835883328194,0.4047991853905041,0.47846979654902555
2024-11-11 19:00:00,0.5415840525293983,0.46852647162800626,0.4214838449190947,0.38979798432548257,0.47296200694307844
2024-11-11 20:00:00,0.5322676653985581,0.5081611931022596,0.42258909606768685,0.41917355384509714,0.48403954735056764
2024-11-11 21:00:00,0.5339388638212228,0.5294918380905033,0.4233555359538734,0.4338437020026026,0.49225447296352504
2024-11-11 22:00:00,0.5297097734853005,0.5488680898745173,0.42315851534913107,0.43708697671285196,0.497615824124129
2024-11-11 23:00:00,0.5058239957783179,0.5587762671785116,0.41887247679938144,0.43241775055385484,0.4944904028901767
2024-11-12 00:00:00,0.49754564221987424,0.555288961254572,0.43663059503403673,0.4334297980487005,0.4979822244463208
2024-11-12 01:00:00,0.4979037561039403,0.5908545814420888,0.4354977528731809,0.4609613545966226,0.5135113649338987
2024-11-12 02:00:00,0.49732558776991354,0.5867728143522719,0.431025096676394,0.45284881865723264,0.5131858326015475
2024-11-12 03:00:00,0.4991305879539705,0.5838211659152588,0.42862563461740605,0.4538015678975869,0.5134250424932886
2024-11-12 04:00:00,0.4975181473930193,0.5887171707479485,0.4218968045647046,0.45258480635423587,0.5125417637775738
2024-11-12 05:00:00,0.49779596196222003,0.6148107171934807,0.414192189929568,0.46024438289946146,0.5170962484797937
2024-11-12 06:00:00,0.49501940252806337,0.617472250605745,0.3847721288073772,0.4582395088870169,0.509318039276371
2024-11-12 07:00:00,0.4511304882489292,0.6247392303234219,0.384385317798533,0.46081031118167376,0.49624266286238566
2024-11-12 08:00:00,0.41943789303340917,0.5488303309984495,0.4147047283293345,0.412218126543546,0.4620506532961761
2024-11-12 09:00:00,0.40233980081092857,0.5272517808337449,0.4297311255460437,0.40411061652851066,0.4550135495337836
2024-11-12 10:00:00,0.41522015899614734,0.5080049281694491,0.4345360438039301,0.3954058542035647,0.45478268626214335
2024-11-12 11:00:00,0.3998762809895142,0.47607602684475475,0.4552052873625103,0.37730761646279865,0.44487682855233823
2024-11-12 12:00:00,0.4214373827086535,0.4931130661787269,0.4636372370531751,0.39258827216673875,0.4620753418109585
2024-11-12 13:00:00,0.4310095084295487,0.4471371414947282,0.4638896215451572,0.3568663784796438,0.44638106043187664
2024-11-12 14:00:00,0.4586257524627791,0.4836621490249406,0.44258936822359934,0.3788972501876709,0.4617760702336873
2024-11-12 15:00:00,0.4858178252044637,0.4857844797788526,0.4264885230507938,0.3922186065012655,0.46492605461313263
2024-11-12 16:00:00,0.5252248571131396,0.46949181819480157,0.4241947460153268,0.37917600148626557,0.46936020406413137
2024-11-12 17:00:00,0.532143890806579,0.47602348338432743,0.42482508343498593,0.3773590520684524,0.4741265170949465
2024-11-12 18:00:00,0.5306389034670682,0.47626921252505955,0.42328945182149924,0.37850804621635,0.4731647977605779
2024-11-12 19:00:00,0.530184763016032,0.5213465637235566,0.4233205013440189,0.4062523111041525,0.490135337854694
2024-11-12 20:00:00,0.5319823625695822,0.5847359650400145,0.42479144047490214,0.4582146763301761,0.5118815509001844
2024-11-12 21:00:00,0.5344479962055336,0.6074056807971385,0.420761277264652,0.49782060750038304,0.5189044057404382
2024-11-12 22:00:00,0.5349560523415934,0.6283276153288108,0.4109503470554076,0.5081745950103037,0.5258198605455517
2024-11-12 23:00:00,0.5370922914120899,0.6266591233034139,0.40473499317285905,0.4947647159714044,0.525411910397786
2024-11-13 00:00:00,0.5329479685411308,0.6091107705812586,0.41591902666171116,0.48779167308087723,0.5227767844364147
2024-11-13 01:00:00,0.5341560150730328,0.6312592215168666,0.4041870937572792,0.4987625084275701,0.5306800870753063
2024-11-13 02:00:00,0.5352550880751824,0.6396095280092677,0.38448039504732606,0.49710234427720384,0.5335330295479895
2024-11-13 03:00:00,0.531173543939187,0.6221118677849872,0.37661299753235666,0.4816932328453167,0.5271570937074034
2024-11-13 04:00:00,0.5320027544676007,0.6348893740097741,0.3726789333840476,0.5006364263737153,0.5317490585217277
2024-11-13 05:00:00,0.5335448289285855,0.6508107394899305,0.3663895941642994,0.5075840458264808,0.5374305054315138
2024-11-13 06:00:00,0.5340254860397091,0.6579052002311341,0.3574633692433051,0.5087828433883077,0.5336373983811362
2024-11-13 07:00:00,0.49707290631584106,0.625316529646694,0.40478270613145795,0.4782483474971784,0.5183075383125836
2024-11-13 08:00:00,0.39044468169702196,0.5586037526442096,0.4360343928773661,0.41926939314958955,0.4651004558127608
2024-11-13 09:00:00,0.342086125827719,0.4644801108056667,0.4461273469508658,0.36658703393341474,0.41916032379330964
2024-11-13 10:00:00,0.30736583232961356,0.40480180804312405,0.4407707619469796,0.3436217681262004,0.3838398957056996
2024-11-13 11:00:00,0.25842875439325763,0.3954692394924736,0.4476377234647685,0.3385564997811019,0.3611098300214706
2024-11-13 12:00:00,0.27339891977858494,0.40318405412698016,0.4542850914761129,0.3433282836043495,0.3732638010993973
2024-11-13 13:00:00,0.30170115127639346,0.41718239978148774,0.45149375345373516,0.36166593728822505,0.39068925711981983
2024-11-13 14:00:00,0.33865948494309267,0.4730366760439654,0.444093515429805,0.4145167059535497,0.42138859518551947
2024-11-13 15:00:00,0.376163583205377,0.5070525385765812,0.44472832422986797,0.4432000010366111,0.4449633057155423
2024-11-13 16:00:00,0.4983691408671857,0.5057705367853115,0.43988163437407757,0.45369034685622783,0.48131658338095584
2024-11-13 17:00:00,0.5330748237810122,0.5184682121948917,0.4440351223904476,0.46926621115011286,0.4977272369364481
2024-11-13 18:00:00,0.5328383727926274,0.5286386852078694,0.4490104864436202,0.4812734651996285,0.5033246320729794
2024-11-13 19:00:00,0.533100011001678,0.5225183063197356,0.4367540784182627,0.4764072549132126,0.49732418625606983
2024-11-13 20:00:00,0.5329766582166239,0.5412296104012332,0.43075710350788304,0.491316395435463,0.502774099381417
2024-11-13 21:00:00,0.5328257800612595,0.573147413736515,0.4245097986789864,0.5147703304466503,0.5130625648390365
2024-11-13 22:00:00,0.5339178073691324,0.6341557888424579,0.4104812328626453,0.5480501801557662,0.5323945042797016
2024-11-13 23:00:00,0.5370495857457235,0.6708794437899188,0.38487825998744674,0.5413455829473495,0.5417952854771535
2024-11-14 00:00:00,0.5358594283465336,0.6857533759728057,0.3913337503772166,0.5445016435332511,0.5523010843265218
2024-11-14 01:00:00,0.532973925547948,0.7147114459186149,0.3829494805849984,0.5599776499670993,0.5663633084516517
2024-11-14 02:00:00,0.5335032290919015,0.7095420499429743,0.362416393858809,0.5564008882119297,0.5664216740198769
2024-11-14 03:00:00,0.5328785723644633,0.7086210585476327,0.35776728188512896,0.5543651021266323,0.5658281075563119
2024-11-14 04:00:00,0.5350348122746225,0.7146002715778377,0.3544596997832647,0.5568178278936041,0.5648522452192651
2024-11-14 05:00:00,0.5333052518021539,0.716261392263962,0.33094993384387694,0.5688234684771071,0.5578536679590654
2024-11-14 06:00:00,0.5232006533427216,0.71507216323476,0.32658841535936806,0.557569643945095,0.542795199983127
2024-11-14 07:00:00,0.4316767769017291,0.6815644025841313,0.35466083560050615,0.512119479521901,0.5047137151530303
2024-11-14 08:00:00,0.359727580616041,0.6024719369916727,0.4047782470029462,0.4676559684247542,0.4554252535392136
2024-11-14 09:00:00,0.3199180660162943,0.4931107843963561,0.41660903119331666,0.4143546683532235,0.41067296989422675
2024-11-14 10:00:00,0.33964344868488494,0.46044212379148,0.4165765088202391,0.39275956229360154,0.4088732075856254
2024-11-14 11:00:00,0.34043548384387873,0.46650256503160775,0.438122048609776,0.40148870006554194,0.4199075920731281
2024-11-14 12:00:00,0.3264326873615333,0.5079428964011335,0.4551251602310464,0.43362451823195725,0.4352740327505888
2024-11-14 13:00:00,0.35092271167493694,0.4903163058181922,0.45440005854352733,0.42077418441080977,0.43531213820634634
2024-11-14 14:00:00,0.39227159371791476,0.5034018499368421,0.44792929406448106,0.42903584161305564,0.4500267157327261
2024-11-14 15:00:00,0.3700471260450022,0.520767664680174,0.4508486012898333,0.4408259492043945,0.44732818717960554
2024-11-14 16:00:00,0.4930292156369553,0.5006462647045139,0.44689673039107686,0.3839263562642044,0.47764487666666433
2024-11-14 17:00:00,0.5228638991331584,0.5011282653651579,0.4475264441330831,0.40151475419930155,0.48695751717653213
2024-11-14 18:00:00,0.5223349776568852,0.5072750579597072,0.4466400173732835,0.388987663701917,0.4882664732343813
2024-11-14 19:00:00,0.5293840959711802,0.5189771962088688,0.4455615573666878,0.3973065230864236,0.4937682124949475
2024-11-14 20:00:00,0.5299687359950696,0.5713730714199928,0.441764281079331,0.43522374805892233,0.5109609758971602
2024-11-14 21:00:00,0.5302060661432939,0.6232182104539167,0.4259036835029809,0.4915041387801778,0.5244644351524842
2024-11-14 22:00:00,0.530518553824371,0.6473102978883893,0.401692153051907,0.5061129379399186,0.5275538241578089
2024-11-14 23:00:00,0.533109853823104,0.6866010883118981,0.3766486163564854,0.5591584370563162,0.5407083828998901
2024-11-15 00:00:00,0.5315625385943317,0.7021208174346735,0.36669013996151306,0.6004509204013144,0.5485260223550502
2024-11-15 01:00:00,0.5336208612639122,0.7021920819194644,0.36504664673824355,0.5996468135896684,0.5504233327273114
2024-11-15 02:00:00,0.5397027936884419,0.7094081675788332,0.35398600056933843,0.6031077097420413,0.5552733091415365
2024-11-15 03:00:00,0.5381901313185999,0.7011100963541538,0.3443080339525481,0.5974548916255866,0.5511681740769431
2024-11-15 04:00:00,0.5396689754841227,0.7005548366143247,0.3477393563958062,0.5997634516829716,0.5523261698767029
2024-11-15 05:00:00,0.5404260779483013,0.7034417960312378,0.3605796267783744,0.6050038229847493,0.5560045600019546
2024-11-15 06:00:00,0.5410742292735973,0.6975754648740015,0.3676851683435947,0.5998702467218557,0.551522319727089
2024-11-15 07:00:00,0.5250897277744914,0.6774971732175833,0.38361290476618826,0.5778648453936986,0.5435748517855112
2024-11-15 08:00:00,0.46587102833437616,0.6178571281312825,0.4391198629277052,0.5307612985553942,0.5131220468678508
2024-11-15 09:00:00,0.4316196629592581,0.5791617474156064,0.4515581603154664,0.5102019470282015,0.49079206919835866
2024-11-15 10:00:00,0.4084579109869562,0.5588361243276079,0.4460609989750694,0.48927648028569654,0.4735101737846818
2024-11-15 11:00:00,0.3663101652926783,0.5125323022033257,0.4586431755432049,0.43501625614204287,0.44686715073237043
2024-11-15 12:00:00,0.4036738879319168,0.5551470617748037,0.46188815327764304,0.4659829589120486,0.47522841518415954
2024-11-15 13:00:00,0.42233447796947243,0.49869599932898323,0.45739133762452755,0.421299099457466,0.46045488111659794
2024-11-15 14:00:00,0.4544924388711697,0.4962446443427426,0.4520957881498843,0.4191999895451896,0.46664375977880673
2024-11-15 15:00:00,0.4893069224745086,0.5084667789804754,0.4523892432172365,0.40497051592269606,0.4805205491779765
2024-11-15 16:00:00,0.5124948060567786,0.4951083503510015,0.44996395259737243,0.3830528013261183,0.4818785912501877
2024-11-15 17:00:00,0.5275357320413777,0.5239896430438379,0.449394397762582,0.4292939633728196,0.4960492582805066
2024-11-15 18:00:00,0.5275359595766183,0.5423874951044487,0.4501632632340259,0.4432314146649759,0.5019688074837413
2024-11-15 19:00:00,0.5275635390363106,0.5933193148921938,0.44769810935323096,0.5090844508300809,0.5182433585574195
2024-11-15 20:00:00,0.5276000995508219,0.6249547938481033,0.44012237638987844,0.5321980319798523,0.5265264784046163
2024-11-15 21:00:00,0.5275459746555604,0.6363953620857247,0.4393023579308278,0.5391266209830311,0.5287188088966586
2024-11-15 22:00:00,0.5295873271522485,0.6499885686696769,0.42753010599716496,0.5464831643327568,0.5299826838896184
2024-11-15 23:00:00,0.5276297124589138,0.6776774661544956,0.4160603143847764,0.5555926962986414,0.5388832437491692
2024-11-16 00:00:00,0.5276377598113782,0.6819472515443031,0.42365797112335246,0.5202962396048971,0.5478623705140666
2024-11-16 01:00:00,0.5322433501075685,0.6936004356632794,0.4231090601628525,0.5807361195562338,0.5592885314435102
2024-11-16 02:00:00,0.5385223653774243,0.6832150229493988,0.42859961957173376,0.5750245410637913,0.5632442759788192
2024-11-16 03:00:00,0.5398529110894102,0.6486580775966941,0.4400298710741703,0.5493009080165419,0.5591578966044354
2024-11-16 04:00:00,0.5432035217411383,0.6362586994686111,0.44062352724513126,0.5421750526108774,0.5544764521242521
2024-11-16 05:00:00,0.5404612808493706,0.6729854949850193,0.4081139042270215,0.5688819837400918,0.556497525958296
2024-11-16 06:00:00,0.5339385287622399,0.6329347255959722,0.41823668893578203,0.5419469163536954,0.5425142185510654
2024-11-16 07:00:00,0.5317996336526919,0.5928010875328967,0.4328172279847068,0.5138304214200122,0.5275054922842716
2024-11-16 08:00:00,0.46785735301643133,0.5571495869041242,0.44788469337997566,0.47945032080163663,0.49673744709515083
2024-11-16 09:00:00,0.45897830886719054,0.5216485071698413,0.45814897759084555,0.4510684564941836,0.4830089577767436
2024-11-16 10:00:00,0.4347806292962997,0.4860348868653784,0.4590365983143039,0.4244976662005714,0.46208325291489083
2024-11-16 11:00:00,0.40004579657110695,0.4714325256303634,0.45664355813516805,0.401583469835527,0.44478636351022405
2024-11-16 12:00:00,0.344881884818172,0.4422747281708714,0.45672775422833295,0.3757280574869563,0.41487688208653073
2024-11-16 13:00:00,0.33547473078713963,0.3965650058253895,0.4489716462660865,0.34526094410956226,0.3927308807948336
2024-11-16 14:00:00,0.32016937785861843,0.40931805038884794,0.45176290610833275,0.35575715914357675,0.39169025431700727
2024-11-16 15:00:00,0.363318236160187,0.4172651704532206,0.45269730789610296,0.3537711832862295,0.4095615988018833
2024-11-16 16:00:00,0.4716387054608723,0.4533475320025105,0.45308613708177065,0.39179788754171063,0.4577192035678547
2024-11-16 17:00:00,0.5324894784782018,0.45667349353166775,0.45243767554643166,0.40523574938040763,0.47687766943100385
2024-11-16 18:00:00,0.5356558673140382,0.4551389412640668,0.45249671194598357,0.3898369784347748,0.47697934253631535
2024-11-16 19:00:00,0.5354256367251259,0.443251853289596,0.45204426399756126,0.361633341083722,0.47125362881525207
2024-11-16 20:00:00,0.5380103532504772,0.48034785817559666,0.4541822909272495,0.38652447587397687,0.48654622247299717
2024-11-16 21:00:00,0.5383566303687066,0.5051652041755518,0.4534131614312238,0.40623731323299306,0.49529966676880954
2024-11-16 22:00:00,0.539304946621524,0.49556859505849976,0.4535940001925153,0.39569115641601355,0.4919954183563806
2024-11-16 23:00:00,0.5411506969336902,0.5038310831534032,0.4518999092051472,0.3954576420685692,0.49519276437792104
2024-11-17 00:00:00,0.5376695227727614,0.5144162917159886,0.4559291265976997,0.3900991759752118,0.4980773091987038
2024-11-17 01:00:00,0.5383554098743564,0.5305184074903473,0.46078114402231446,0.3935459245210114,0.5052119346905316
2024-11-17 02:00:00,0.5380063331194058,0.5440442925560727,0.4585419326935543,0.43455035969701944,0.5100538027344941
2024-11-17 03:00:00,0.537082537050884,0.5376789780255294,0.4498664852284594,0.4516208978453219,0.5061274790761965
2024-11-17 04:00:00,0.5354963018173708,0.5159110280207166,0.4476706820240203,0.4356928033591984,0.49704662656748666
2024-11-17 05:00:00,0.5341972417528172,0.5017563593615584,0.44827252920808447,0.4291608964320171,0.49153708127188955
2024-11-17 06:00:00,0.5274349156900617,0.47413648259352686,0.45359076507829416,0.41938893763834817,0.48069108856986853
2024-11-17 07:00:00,0.48603884039797923,0.4508915116978711,0.4587947714873451,0.41243651212531635,0.4618797381712186
2024-11-17 08:00:00,0.4042454344210338,0.4008181079061168,0.4563213058202203,0.36324115047330946,0.41900400765882917
2024-11-17 09:00:00,0.3038233513434396,0.34924333403577285,0.44512915966007016,0.31639922116736374,0.3670315064654749
2024-11-17 10:00:00,0.23921258369336273,0.3004401482552075,0.43582419381161297,0.2724399213294661,0.3243394876119453
2024-11-17 11:00:00,0.22715574885124332,0.2795866123825028,0.42222543012355435,0.25617895569166405,0.30864278924092414
2024-11-17 12:00:00,0.23836296215285432,0.29665728699283817,0.42621484227975365,0.27243758543391045,0.32011418332111635
2024-11-17 13:00:00,0.25818341581624243,0.30394623217195443,0.4270002549414431,0.2796155126583813,0.32880030302537605
2024-11-17 14:00:00,0.29512682105582005,0.31871549727935433,0.4355136384070582,0.29697853786477413,0.34737463364061855
2024-11-17 15:00:00,0.35229452893527974,0.3614939504033798,0.44197515484524774,0.3399318743703729,0.3844082196709216
2024-11-17 16:00:00,0.46366349575754523,0.42137033156798004,0.4478478454529431,0.4027568470196207,0.44255421299013614
2024-11-17 17:00:00,0.5283822247242757,0.439829601038158,0.45101246937003947,0.38319256600715484,0.46803989050756295
2024-11-17 18:00:00,0.5299797614657193,0.4626556299225532,0.45324376498694624,0.3925856885549748,0.4776293393652628
2024-11-17 19:00:00,0.5322744506612547,0.4613249757991749,0.4524210446182266,0.39021187118604056,0.4772798067588452
2024-11-17 20:00:00,0.5307508201564638,0.4813655008012953,0.45489818905669194,0.40643568954076803,0.4851795574785676
2024-11-17 21:00:00,0.5289523970226722,0.48608834628214426,0.4537479308005326,0.4068781738009916,0.4859698662520572
2024-11-17 22:00:00,0.5330272399598796,0.4829792493704236,0.45161768636903366,0.39895210075983356,0.48526212214770065
2024-11-17 23:00:00,0.5370784692292259,0.49654764936741513,0.4482700851352331,0.4021066261675476,0.4903535628280877
2024-11-18 00:00:00,0.5365950657813428,0.5195745174463006,0.4471749668721824,0.4623075590474578,0.49913023422685454
2024-11-18 01:00:00,0.5374562643919698,0.5400024335886178,0.44272589331386886,0.4893102154287764,0.5067350444878396
2024-11-18 02:00:00,0.5323555494852268,0.5392372350600106,0.43749189204471345,0.5000764787029238,0.505292389190516
2024-11-18 03:00:00,0.5319057291437925,0.523401260134728,0.43691426899951435,0.48782187972048213,0.49860919930727876
2024-11-18 04:00:00,0.5307125631116021,0.5167037367292397,0.44032664522190057,0.4802533026106729,0.4967847430946327
2024-11-18 05:00:00,0.5299702240742105,0.5288851774617958,0.4333711397503801,0.48897336232398975,0.5000512451763309
2024-11-18 06:00:00,0.5267601386285904,0.5056396438020085,0.42124286731768557,0.47191565730409,0.4835613307803329
2024-11-18 07:00:00,0.4975496538730417,0.5130490661569478,0.42246097257099097,0.4700272599634054,0.4765682666334575
2024-11-18 08:00:00,0.4481794808016837,0.4593463732811642,0.42269287470178296,0.4205729263932818,0.44278819072543507
2024-11-18 09:00:00,0.39890369344775933,0.4579423665818439,0.42469763625054996,0.4163722575360855,0.4284246722633385
2024-11-18 10:00:00,0.4106791313399864,0.43633440649999805,0.4203047380833976,0.39788390532926304,0.42306420305181225
2024-11-18 11:00:00,0.4332635242800589,0.4269490455339359,0.426748918601525,0.38161612592766925,0.42781933660244464
2024-11-18 12:00:00,0.4294659693084932,0.48282707563324084,0.4543826121699378,0.4214219452732961,0.45831230890970026
2024-11-18 13:00:00,0.40992906984178684,0.47550164776160686,0.46303544715896877,0.41348069613103516,0.45259121547857445
2024-11-18 14:00:00,0.4258472678168616,0.49045964501352457,0.4570134843879155,0.42665846389137313,0.45992591813998346
2024-11-18 15:00:00,0.48455461241365133,0.487996697926927,0.45502816607313495,0.4424848260916087,0.4739939477129714
2024-11-18 16:00:00,0.5217206976361591,0.46993680325078924,0.45248268077951853,0.41787719621945363,0.47555933054127053
2024-11-18 17:00:00,0.5331366391508102,0.47547281678399855,0.4530890408417523,0.3849036932724739,0.4806310626863896
2024-11-18 18:00:00,0.5332695436576729,0.4689796201748739,0.45157952374765115,0.3836307535296828,0.4780177559615393
2024-11-18 19:00:00,0.5328581297480414,0.47934723518238537,0.44685791946503145,0.3900937771432264,0.48055750533505415
2024-11-18 20:00:00,0.5339645239445707,0.5392108959859299,0.4364046939204966,0.4386277057186811,0.4979342223770564
2024-11-18 21:00:00,0.5358756795232995,0.535293295696303,0.4296518428954524,0.4324540983140473,0.49483842469819384
2024-11-18 22:00:00,0.5376118560872601,0.5253598429568506,0.4274883682277654,0.41871986158239693,0.49141048414106525
2024-11-18 23:00:00,0.5454194223343728,0.5034075406426232,0.42408006827841693,0.4380164370049215,0.4874163944917972
2024-11-19 00:00:00,0.534890130650587,0.5026490655161415,0.4350076444312602,0.4526795208503381,0.4896566654556089
2024-11-19 01:00:00,0.5342544595093982,0.5083817333147769,0.44474275533192054,0.45388500945736243,0.49549554655680805
2024-11-19 02:00:00,0.5338542874211687,0.5167438357539601,0.4395392280727317,0.47365650756288386,0.49760207236906717
2024-11-19 03:00:00,0.5329960624859138,0.5020537820371962,0.44031621297380186,0.46405493369009987,0.49224910149438883
2024-11-19 04:00:00,0.5323833097243944,0.4677932148674147,0.4461904214404448,0.43802463268878583,0.479813028988617
2024-11-19 05:00:00,0.5326069447871647,0.48188375241365144,0.4388727320392102,0.44983405630059126,0.48343190578832457
2024-11-19 06:00:00,0.5308942120911914,0.5032433002684253,0.4169317691508056,0.464040819530822,0.4834412158232588
2024-11-19 07:00:00,0.5016385657116837,0.5047768094075912,0.41903585590442566,0.4575868877476278,0.4746836767337098
2024-11-19 08:00:00,0.44622708250064147,0.45805082998199365,0.4247383998468433,0.41119980670253864,0.44258386616069534
2024-11-19 09:00:00,0.4063811848633669,0.4349801268403118,0.4219933945842314,0.3915559573125298,0.4219577098530677
2024-11-19 10:00:00,0.3866816214026771,0.4293427268355084,0.42082274571049555,0.3843902054086477,0.4141643855799868
2024-11-19 11:00:00,0.37756924356618626,0.42146057403511433,0.42848842824899314,0.37895358740492036,0.4111606309993676
2024-11-19 12:00:00,0.37915218251135585,0.423495481703264,0.4315712469621637,0.38011409295404797,0.4135595205074637
2024-11-19 13:00:00,0.3804532256631531,0.4311009461064024,0.4345806380181584,0.38912801288160137,0.41721213564288756
2024-11-19 14:00:00,0.3558058167479125,0.44451134395358965,0.4351466210219163,0.39929318713445855,0.4137845057093304
2024-11-19 15:00:00,0.4121674436674107,0.4456031945802812,0.42614990214577136,0.4002081271560213,0.42849885845340935
2024-11-19 16:00:00,0.49384602987008286,0.45685281036335273,0.4240173919317254,0.4169481510231388,0.455077621547748
2024-11-19 17:00:00,0.5306261794504612,0.46789967877678373,0.42671529465157304,0.3683080018396195,0.4689357931770696
2024-11-19 18:00:00,0.5296206321694554,0.47878423161961586,0.4244445188090369,0.37834223598950406,0.471699353094105
2024-11-19 19:00:00,0.5291281177532717,0.46985543577811173,0.4201138293552074,0.41613369867914746,0.46797091191285445
2024-11-19 20:00:00,0.5307486958739208,0.4843964491141838,0.4186832133839712,0.4504371782020612,0.4732998433642086
2024-11-19 21:00:00,0.530688734920763,0.46973083431231377,0.41582895071991555,0.43760064994304354,0.46746350318439694
2024-11-19 22:00:00,0.5368347625800569,0.44098979365769414,0.4144962257038889,0.40978299595340417,0.4589785058964091
2024-11-19 23:00:00,0.53905489754225,0.42373939850162073,0.41934279926605006,0.3962332068892427,0.4570433942857124
2024-11-20 00:00:00,0.5360643612308662,0.4341264864355834,0.4336899735271555,0.40610804320445887,0.46506935185796594
2024-11-20 01:00:00,0.532306486279157,0.47867570089059425,0.44081377800700927,0.44033958930546513,0.4825541029691119
2024-11-20 02:00:00,0.5316017934717662,0.4909477812282512,0.43869106781493894,0.4503190894928732,0.48623222279684486
2024-11-20 03:00:00,0.5324873209191223,0.49021153102814685,0.438614319633124,0.4512692305663907,0.4862993614443966
2024-11-20 04:00:00,0.533293545270973,0.48507245015468775,0.438572327543045,0.44816720305038305,0.4847324922904495
2024-11-20 05:00:00,0.5368222320633969,0.4804625420154043,0.42918199857019346,0.44736018134428596,0.480844616507773
2024-11-20 06:00:00,0.5322152125971579,0.4510835519894129,0.4123725600389081,0.42537627311246917,0.46232460631920175
2024-11-20 07:00:00,0.48574127174100473,0.42558031646163347,0.4141027289064795,0.39344907809623514,0.4381781554990743
2024-11-20 08:00:00,0.37462751729649624,0.38295951891303603,0.4116733631808339,0.3406742391020378,0.3898585381835425
2024-11-20 09:00:00,0.3186481165660149,0.35828056459794927,0.4078022912769047,0.3145882897894954,0.3630420916805128
2024-11-20 10:00:00,0.27635758495162893,0.3335361228423933,0.40305256673599904,0.2933519607484787,0.33892146162645576
2024-11-20 11:00:00,0.30955157493024976,0.31293457610198766,0.40335773200661407,0.2753042684497632,0.341797321571694
2024-11-20 12:00:00,0.3197223724223973,0.32691122597708694,0.4110217941689483,0.2863560564692835,0.3518223492182014
2024-11-20 13:00:00,0.34369561754493366,0.3766117382577319,0.4172320624541835,0.3327293770932611,0.38021048554755604
2024-11-20 14:00:00,0.35410536246666396,0.40623082090289747,0.4136190582925913,0.3578899050335526,0.3925917287386105
2024-11-20 15:00:00,0.38244449196897723,0.4436463623927434,0.4189608253234208,0.3875532504716458,0.4158505728240455
2024-11-20 16:00:00,0.49044313303416315,0.4580997935619402,0.4214368417121914,0.40647251648338806,0.45270477191936453
2024-11-20 17:00:00,0.5315860510310657,0.4456082529671795,0.42098944124671417,0.40383411508663286,0.46029665680796006
2024-11-20 18:00:00,0.5311694776274055,0.45117083849926837,0.4206638589008795,0.4124174676275987,0.46208077270174674
2024-11-20 19:00:00,0.5311789283740744,0.45533619186552327,0.42048887474305247,0.41860670701664965,0.46303554869605723
2024-11-20 20:00:00,0.5332785589355693,0.5007292456719711,0.42499926322129306,0.4557467854982334,0.48008186379669787
2024-11-20 21:00:00,0.5362638811893589,0.49405481888269,0.4226708392124585,0.4468902221534949,0.47772064189975905
2024-11-20 22:00:00,0.5438174401627376,0.4654156143824822,0.42064271394314423,0.42157738536309497,0.4703847229326363
2024-11-20 23:00:00,0.5417355747514939,0.4451979805321411,0.4233462862070568,0.4099727792830934,0.4671401506137433
2024-11-21 00:00:00,0.5385475743943768,0.4354913718612644,0.43454026363363296,0.4049189917172561,0.4671490080337058
2024-11-21 01:00:00,0.537226944588172,0.46180860863670037,0.44168296475407165,0.42326591442458067,0.47782415516019955
2024-11-21 02:00:00,0.5378427989842928,0.4673134819029724,0.44150946036647265,0.4272242934598991,0.4796215269201267
2024-11-21 03:00:00,0.5375237307738062,0.4788293609826005,0.4404947416282968,0.43616915750028507,0.4831135214565535
2024-11-21 04:00:00,0.5349886880936664,0.4775713558727077,0.4392149417984518,0.43640942921407044,0.4817579949585281
2024-11-21 05:00:00,0.5348059100158407,0.47187482526137164,0.43186071436103957,0.4340863081911319,0.47680908176860887
2024-11-21 06:00:00,0.5345090949692317,0.4396558949745468,0.41711718931374203,0.41064712778825685,0.4583689083233198
2024-11-21 07:00:00,0.48692215750867845,0.42264967971139733,0.415687317058505,0.38710663093939485,0.43730671561070267
2024-11-21 08:00:00,0.4076855540215081,0.3634813096996641,0.40363307032949913,0.3264890677663258,0.39004477926012426
2024-11-21 09:00:00,0.3192694883401844,0.3190720847940008,0.39273538741801595,0.28188058718553266,0.34495330057940493
2024-11-21 10:00:00,0.30320104861513,0.29903999142929916,0.3869433758214361,0.263201226388901,0.3316877815517594
2024-11-21 11:00:00,0.26580915744410993,0.26752709782558504,0.3892448518244464,0.23490605742656046,0.30680140117527077
2024-11-21 12:00:00,0.24474513054827465,0.281241756145696,0.4045068539807995,0.24834808421207671,0.3092938310394194
2024-11-21 13:00:00,0.2616955206853639,0.30980386092258594,0.4067949716721725,0.27414926378237486,0.3265368117373684
2024-11-21 14:00:00,0.2953449683038751,0.36550435061698544,0.41046505303288117,0.3238983560807344,0.35959546761868594
2024-11-21 15:00:00,0.35055018051965264,0.3967440119383023,0.4136640668534799,0.3510523017223585,0.3887545243867321
2024-11-21 16:00:00,0.4286755767002877,0.4340194180212711,0.4191277220227596,0.33966217049539504,0.42557486463385064
2024-11-21 17:00:00,0.4858406750814055,0.44412995224185586,0.4226421505464863,0.3484212603992765,0.4454325011179518
2024-11-21 18:00:00,0.48246261813624575,0.4425495452407237,0.42299194429977527,0.3491407044356823,0.4440153277417402
2024-11-21 19:00:00,0.4806064100758601,0.4556494960517897,0.4259000107987445,0.36039929564291534,0.44921566950258984
2024-11-21 20:00:00,0.48053680444352537,0.49191182935932276,0.42897351481282164,0.3928485035635348,0.4622104056458144
2024-11-21 21:00:00,0.48017602080470595,0.4753691065848354,0.4232312759170359,0.37507718964027764,0.4544220002412118
2024-11-21 22:00:00,0.4805251933395055,0.4644320218815195,0.42072801322203673,0.4072351732815007,0.4511781997951767
2024-11-21 23:00:00,0.48278375939800544,0.4469950722614619,0.42198745242644076,0.40132643172913657,0.4481092467102641
2024-11-22 00:00:00,0.4833157663494526,0.45695458914331094,0.4346251117193564,0.4200654545013989,0.4571361926258998
2024-11-22 01:00:00,0.48352480960564737,0.4798730112658396,0.4422680607452582,0.43593618225884606,0.4683600725614738
2024-11-22 02:00:00,0.48399649284247254,0.466710174463348,0.4420000211550658,0.4271961014202169,0.46381617954853444
2024-11-22 03:00:00,0.48348056586391425,0.4682143314477807,0.443326684866262,0.42869661194222,0.46453626158192507
2024-11-22 04:00:00,0.4844681101773738,0.4675605549993481,0.44328264970960973,0.4290650813287416,0.4646168840970822
2024-11-22 05:00:00,0.48432080636576613,0.46863514227931374,0.43522654553992446,0.4320543809023216,0.4624329154643354
2024-11-22 06:00:00,0.4849663273441767,0.4474725970011029,0.41459528429415127,0.4139578102865058,0.4471637264884286
2024-11-22 07:00:00,0.4316617003536147,0.4081705488405049,0.4155260345037256,0.3745982629363499,0.4166334365641095
2024-11-22 08:00:00,0.3420671383366483,0.36090131271896647,0.40987535020289395,0.328151250433283,0.37148823282920757
2024-11-22 09:00:00,0.2910261673473828,0.3201144029669574,0.3971566353972151,0.29187827224987944,0.3373527984373277
2024-11-22 10:00:00,0.2707801513757248,0.2679496351804924,0.3836083540589886,0.24474677767159625,0.3065399529109669
2024-11-22 11:00:00,0.2760289631225925,0.26221993639920915,0.3841720203582948,0.24296896459053133,0.30555304206857714
2024-11-22 12:00:00,0.27539784708884424,0.283151804641465,0.3959706113251127,0.26242730126540675,0.3159752103598167
2024-11-22 13:00:00,0.2915494578228097,0.3230508262534407,0.40291498923923535,0.2993356445276464,0.33985984975259953
2024-11-22 14:00:00,0.3242563585629608,0.36738801479869027,0.4031285767932655,0.3366205865509228,0.3673547252208876
2024-11-22 15:00:00,0.3915194394981368,0.37553336070121257,0.40401569853187397,0.33642590322044136,0.3898557074583247
2024-11-22 16:00:00,0.49965137548548433,0.3925437918509784,0.40924685617765005,0.35378213790010304,0.4262851496612783
2024-11-22 17:00:00,0.5308826954809677,0.38788145259088946,0.4101947674513514,0.33798106107236936,0.4338203633704188
2024-11-22 18:00:00,0.529238650168986,0.3732983445425192,0.4089096294115591,0.3303180394638251,0.4278074232794042
2024-11-22 19:00:00,0.5309928278664057,0.3400966578495174,0.40927686182104545,0.3008549004217431,0.4161156375702075
2024-11-22 20:00:00,0.5318136737540787,0.3716998771672175,0.4136401193112433,0.3254814396861016,0.4316004973859035
2024-11-22 21:00:00,0.5316062123852574,0.38589902507416957,0.41356858289040016,0.33408553905567334,0.4357331398164423
2024-11-22 22:00:00,0.5313801235567442,0.3922328286531291,0.41794265991932145,0.33648435937758764,0.4388106351146237
2024-11-22 23:00:00,0.5305630541193462,0.39649006995285097,0.42721377427392937,0.35649915812453575,0.44578966374851736
2024-11-23 00:00:00,0.529788483048346,0.3870502861285964,0.4363725255283955,0.3626865340328395,0.4465412826542157
2024-11-23 01:00:00,0.5312053588458964,0.4070796876406888,0.44946437878053835,0.38039669887176636,0.4588476410196612
2024-11-23 02:00:00,0.5319344055467814,0.44414751385470985,0.45840082446421154,0.41222887251821494,0.4745782749546077
2024-11-23 03:00:00,0.5284935722379058,0.4662798750261815,0.45908726850133286,0.4264697437207454,0.4806501483726999
2024-11-23 04:00:00,0.5290882859365111,0.46963315254516363,0.455758328081406,0.42943501820210916,0.48065068475824063
2024-11-23 05:00:00,0.5288861032525358,0.4558675161151328,0.4517899858043975,0.4200545680769185,0.4740591724585777
2024-11-23 06:00:00,0.5224759261383305,0.42538375723607974,0.44823045363053277,0.39718647448678657,0.4595076530706232
2024-11-23 07:00:00,0.4918398852575218,0.3938723763765833,0.4451709621292621,0.37606097744165207,0.4371836697192466
2024-11-23 08:00:00,0.4201370524451206,0.3406193717800096,0.4353344217623136,0.3303335435109396,0.39347852326809474
2024-11-23 09:00:00,0.2965106435828612,0.3019554485735746,0.418588403031009,0.2794949405547684,0.33623550367933097
2024-11-23 10:00:00,0.32485980051073576,0.3006803533671977,0.4168369617484232,0.2821754064573155,0.3438609093149164
2024-11-23 11:00:00,0.3197778243251872,0.3154189980748876,0.42198632916104806,0.2938633801006749,0.35133087325647233
2024-11-23 12:00:00,0.3459486132429943,0.3600640110607285,0.4289824818072747,0.3315693842486453,0.38006196159085176
2024-11-23 13:00:00,0.3406319191380465,0.36504600344066634,0.43136104462822955,0.3378064481896036,0.3816804875164738
2024-11-23 14:00:00,0.3922626752688403,0.37700470295904703,0.4338757360228808,0.3514740989754817,0.400681779828492
2024-11-23 15:00:00,0.42780243914051874,0.3798512459327024,0.4391604897630184,0.35408137582685717,0.41370043309214116
2024-11-23 16:00:00,0.5107603251353782,0.378899979921901,0.43758658584692445,0.3595768590227832,0.4347611269127583
2024-11-23 17:00:00,0.5323446099030117,0.34895184663136775,0.4349201076901934,0.336668815504507,0.43021235363545035
2024-11-23 18:00:00,0.5298752247473036,0.33888770700842413,0.43738490581270056,0.30438779850739955,0.42779177070577384
2024-11-23 19:00:00,0.5319687152653819,0.34074442488666334,0.4385878955833426,0.30188740126702723,0.42880524086781197
2024-11-23 20:00:00,0.5309369252029731,0.3829333885980095,0.44164293628342294,0.3357143475407461,0.44613593226398174
2024-11-23 21:00:00,0.528347652482214,0.37229521972376645,0.4474489261126006,0.3387570197709429,0.44770125728381766
2024-11-23 22:00:00,0.5285101398279148,0.40312708027666916,0.4583815102776977,0.36459231220625626,0.4620856290905987
2024-11-23 23:00:00,0.5293225623121977,0.43834492724632573,0.4630609738752395,0.4055999408606002,0.4751495878907876
2024-11-24 00:00:00,0.5360216205583969,0.45411785572817515,0.45933364991587505,0.43042039639004503,0.48089408571116943
2024-11-24 01:00:00,0.537957081580517,0.4878036637653632,0.4489830562090879,0.4543288295014306,0.48852096503038767
2024-11-24 02:00:00,0.5381543198935161,0.5107797659376662,0.44354872546868124,0.4705808612615271,0.49464109736791684
2024-11-24 03:00:00,0.5412285254610821,0.5029307782135666,0.44689268665877296,0.46377744436502794,0.4940427713488
2024-11-24 04:00:00,0.5424921857626207,0.4978429060299335,0.45365904643350347,0.4593616920211931,0.49543342679132807
2024-11-24 05:00:00,0.5394380973876098,0.5124637349091044,0.46336939085720613,0.4721519708291526,0.5031661753406514
2024-11-24 06:00:00,0.5309990639789691,0.4994543157949805,0.46656872276558087,0.46269849293470766,0.4971853596923533
2024-11-24 07:00:00,0.4778798177611711,0.4393450652749919,0.4696982335668628,0.40758413079753164,0.46014573088117244
2024-11-24 08:00:00,0.38435227777972275,0.3671311217505352,0.454213235856778,0.337809288849417,0.39951145938352994
2024-11-24 09:00:00,0.30677124795741256,0.32416889840492324,0.43093994987050227,0.2910144493852379,0.3517907933945756
2024-11-24 10:00:00,0.2792985780255909,0.3045620217216586,0.4282154796810752,0.27088485369144566,0.33409307499045454
2024-11-24 11:00:00,0.25795198379221856,0.28830312123447993,0.42132801324147157,0.2550526933235118,0.3178656605252777
2024-11-24 12:00:00,0.28206438168007336,0.28816719206834207,0.4193783462439061,0.2614639080161456,0.32554935519618633
2024-11-24 13:00:00,0.2865496004678121,0.3177068745883183,0.4243969851361535,0.28552850970519433,0.3408834817021663
2024-11-24 14:00:00,0.30777343386551415,0.33684816022281716,0.42920411533128505,0.30428704126717576,0.3564023760458735
2024-11-24 15:00:00,0.3577330242725112,0.3780292495654402,0.4401530079364341,0.3430413519826029,0.39117388951781223
2024-11-24 16:00:00,0.4751690234545754,0.39039005727583903,0.4452192868931514,0.3759265130436974,0.4343511014374987
2024-11-24 17:00:00,0.5323053742798866,0.4028258349349009,0.4478481597500818,0.4023867978323089,0.4581576413289045
2024-11-24 18:00:00,0.5366604865125661,0.4009789574263622,0.4503008291111044,0.40056429946798233,0.4588042199677399
2024-11-24 19:00:00,0.5355957958624377,0.39352434486029664,0.4513947272049914,0.39008442113280956,0.45531259539939023
2024-11-24 20:00:00,0.5310319268002123,0.4235769073036097,0.45456121502313834,0.41274606031393246,0.467977608611711
2024-11-24 21:00:00,0.5319009030832594,0.41645535233518743,0.4546839425827414,0.4080722093957609,0.4660627589307637
2024-11-24 22:00:00,0.5335423329132236,0.44394222130844857,0.4590709305554591,0.4292787344458239,0.4773688101094239
2024-11-24 23:00:00,0.5392107934405745,0.5129870611030856,0.45274799276836347,0.4782527603415125,0.5006126819568772
2024-11-25 00:00:00,0.5375494722627642,0.5574546479812617,0.43747970436596273,0.5067990853552343,0.5108835301769127
2024-11-25 01:00:00,0.5334038761323083,0.5693489019070191,0.41965821566632694,0.5136448494122967,0.5119754848874221
2024-11-25 02:00:00,0.5321672295580799,0.5631760868426854,0.420879134430206,0.510230785604709,0.5116350040321541
2024-11-25 03:00:00,0.5343981330709842,0.5840657997083539,0.4267703401312497,0.5253782213010798,0.5237879920397063
2024-11-25 04:00:00,0.538107375065971,0.5887936270127836,0.431632261461746,0.5288315160108067,0.5273991503187558
2024-11-25 05:00:00,0.5392676552470356,0.5889877646546097,0.4299972036493946,0.529502380987679,0.5249382114396055
2024-11-25 06:00:00,0.5327774141060928,0.5883225191524885,0.41327016200539546,0.525382071939873,0.5143482772883945
2024-11-25 07:00:00,0.4588138322528918,0.5475538217404542,0.4248803765614565,0.4808532852890969,0.4791421641842217
2024-11-25 08:00:00,0.36037557335514064,0.4610831100936255,0.43858338716627526,0.4051529968730046,0.41968176680025365
2024-11-25 09:00:00,0.3063870057246007,0.39421086770275293,0.43371754921347255,0.34785124400776224,0.3771281910167621
2024-11-25 10:00:00,0.2799511007809832,0.3359198827789471,0.4257033200923256,0.297483438084867,0.3438187806317626
2024-11-25 11:00:00,0.27105961797806766,0.3189099425390558,0.43123812755591756,0.2806977301953994,0.3345085278475731
2024-11-25 12:00:00,0.2721137014345992,0.35939053073567884,0.43943955881198654,0.3125835041992292,0.353454330957123
2024-11-25 13:00:00,0.28364012338592515,0.3773901280351923,0.4390675054490868,0.329931163839473,0.3672013881704562
2024-11-25 14:00:00,0.313404096360554,0.43658008845317103,0.43920778068927296,0.3860967083479095,0.39911542397978195
2024-11-25 15:00:00,0.3762911574408973,0.4851108604331565,0.4414704552382242,0.4319613199699892,0.4360044537589825
2024-11-25 16:00:00,0.4787595498036672,0.5157998868551362,0.4454237705670428,0.42742090306117503,0.47747211230533204
2024-11-25 17:00:00,0.5324501832310096,0.5160908560556854,0.4382190872604387,0.43209759537311593,0.48943328145203807
2024-11-25 18:00:00,0.5327385698203994,0.5049754401639462,0.4353427444114331,0.4262704810574392,0.4854171287387385
2024-11-25 19:00:00,0.5326544515449027,0.514113573592714,0.44083920253814024,0.4317883975395867,0.49084875475187345
2024-11-25 20:00:00,0.5331191515474325,0.50840862574084,0.4398735292941471,0.42680046710620456,0.489209792147828
2024-11-25 21:00:00,0.5325259487334418,0.5247770269094626,0.4386256599625627,0.43519842539654535,0.49463622206803115
2024-11-25 22:00:00,0.5327212068248396,0.5479239034596415,0.43813112593856063,0.46969919835733986,0.503736242909362
2024-11-25 23:00:00,0.5337388366896352,0.5741499903845769,0.4369202472546087,0.5299876480339872,0.5151640520484697
2024-11-26 00:00:00,0.5331408217720237,0.6082575485572612,0.44125517013846055,0.5522889948459039,0.5301685056567051
2024-11-26 01:00:00,0.5339725189043102,0.6648704950829886,0.4328140766286146,0.5894207345435171,0.5499190597388824
2024-11-26 02:00:00,0.5340515663749468,0.7294717014305625,0.4044839654122313,0.6285519158398614,0.5690197232337469
2024-11-26 03:00:00,0.5334730964819797,0.7338464720348372,0.398897148016638,0.6342853977222674,0.5717169337536816
2024-11-26 04:00:00,0.5330615547555045,0.7191506948242553,0.40310720560983204,0.6256699116492882,0.5690118005089582
2024-11-26 05:00:00,0.5332947570808666,0.7139798519552294,0.4022847065883152,0.6232256121015265,0.5631926607558934
2024-11-26 06:00:00,0.5291718063679695,0.6482585900398365,0.4019330710147258,0.575329752302137,0.533419862798802
2024-11-26 07:00:00,0.43937658163635723,0.5455924304743497,0.41832169972867117,0.4847816035128604,0.47152991664757504
2024-11-26 08:00:00,0.367992505562967,0.44990826905290393,0.4263931405392036,0.40305413060043066,0.41684850811011276
2024-11-26 09:00:00,0.2992768382373484,0.3898474445785139,0.42224143065759856,0.35060840164568674,0.3737449836126246
2024-11-26 10:00:00,0.2697682921536187,0.33657161858408174,0.41562925325121347,0.30514969018351273,0.34193337764975573
2024-11-26 11:00:00,0.2614387084250863,0.2975567241692981,0.41770918857215816,0.27860695448272493,0.32367321129478877
2024-11-26 12:00:00,0.25336469827110536,0.2887221654386381,0.4162248760179621,0.27158935719746713,0.317159639858889
2024-11-26 13:00:00,0.26719232581775254,0.295654687180729,0.4132838411787518,0.27867047701127795,0.3245699691021857
2024-11-26 14:00:00,0.30073736109401944,0.3122518533021709,0.40736995387770436,0.29379950675816,0.34047215601455555
2024-11-26 15:00:00,0.36267797173782207,0.356396451361308,0.41604995761193037,0.3370510402650431,0.3782461554162693
2024-11-26 16:00:00,0.471272589069102,0.39912019827294215,0.42058302506981465,0.3821214260018059,0.4274338780734196
2024-11-26 17:00:00,0.5278893083626682,0.4247241566148406,0.4229861175672674,0.399409579255413,0.4535768918720056
2024-11-26 18:00:00,0.5293533239670459,0.4301601580748367,0.4191795575072304,0.4055163350479502,0.45449877303877695
2024-11-26 19:00:00,0.5298739183140879,0.41467794733086083,0.4159068688801232,0.3938146117538078,0.4478023118260713
2024-11-26 20:00:00,0.529463439331312,0.46332460449607593,0.4148951503281466,0.4306556517930551,0.4639427294350064
2024-11-26 21:00:00,0.5253669882899179,0.48027911077819074,0.4148455262275524,0.4405967021012605,0.4676667157112182
2024-11-26 22:00:00,0.5240710970645132,0.5055839619119018,0.410788622247089,0.46269013559443783,0.47384195678625324
2024-11-26 23:00:00,0.5266602262461215,0.4856181640218971,0.4136762756200397,0.4637937922247043,0.4712345395895986
2024-11-27 00:00:00,0.5372668461510223,0.4602682325043897,0.43748126376338237,0.4483987174281348,0.4767205616623864
2024-11-27 01:00:00,0.5358223142084334,0.4824249664180854,0.4356151444780949,0.46335891726472467,0.48379892532295266
2024-11-27 02:00:00,0.5383394338012184,0.48644159136725024,0.42921751722213713,0.4668488030903993,0.4844542838182548
2024-11-27 03:00:00,0.5351344364826903,0.49011856237730816,0.4285320976724622,0.46987227366703754,0.48466632086549244
2024-11-27 04:00:00,0.5359538825211585,0.4919155217550233,0.42944731204872394,0.4713372227152102,0.48539370069101373
2024-11-27 05:00:00,0.5355132900963891,0.48898537795119645,0.42016696987764873,0.4703788986782845,0.4807848700265999
2024-11-27 06:00:00,0.531048418901491,0.4346781550102637,0.41229539600742415,0.4305323334869807,0.4550739973014996
2024-11-27 07:00:00,0.4322174581125434,0.38798182618722177,0.41641892979756967,0.3733157108213584,0.41032707835242
2024-11-27 08:00:00,0.3510418301414772,0.3287484941764856,0.4121793949458453,0.3123681287913146,0.36283836498258365
2024-11-27 09:00:00,0.2876327131074792,0.29069671902800975,0.40031505739095824,0.2726614829731713,0.32533795341737265
2024-11-27 10:00:00,0.26386639364746667,0.2749277504064553,0.39780494375651526,0.25726584466648444,0.30990741227336877
2024-11-27 11:00:00,0.25987658104050154,0.26700598116754776,0.3992918086966541,0.25106723886236254,0.3049350338593039
2024-11-27 12:00:00,0.2597341926164082,0.2765740364645256,0.4055157282767492,0.25928422331806733,0.3104961821174057
2024-11-27 13:00:00,0.27650517720531387,0.28649682767329404,0.40626048316903235,0.2692351637581918,0.32069152321935634
2024-11-27 14:00:00,0.30858057917133336,0.30166449425044567,0.39995594559699327,0.2842458089277739,0.33570652319827277
2024-11-27 15:00:00,0.3752387612964269,0.34789519417708625,0.40599769657283274,0.32745192375528914,0.375227630874975
2024-11-27 16:00:00,0.4810741147757159,0.3880445156088996,0.4128825032208826,0.3750636904912431,0.42344927876193184
2024-11-27 17:00:00,0.5281965889636834,0.3942190944380074,0.4202444012248303,0.3836876314602768,0.4423080854730862
2024-11-27 18:00:00,0.5292513374631573,0.4001876299999412,0.4226253063938589,0.38350007636282896,0.44525340705425115
2024-11-27 19:00:00,0.5284594437732673,0.3646613919000678,0.4270932541717631,0.3573760687849065,0.43362583957501466
2024-11-27 20:00:00,0.5284727165395626,0.383564575545045,0.4269287375361403,0.3738099706052175,0.4424555330937859
2024-11-27 21:00:00,0.5283940070375325,0.387179696996328,0.4254791015293893,0.37159573891212505,0.44245402136889905
2024-11-27 22:00:00,0.5303185382455761,0.4284521730688096,0.4262883058429266,0.39884625482859254,0.4567271885527576
2024-11-27 23:00:00,0.5347568103107531,0.4332910301191015,0.4330507690167415,0.4213025548690578,0.464131778280591
2024-11-28 00:00:00,0.5318870142873324,0.4359557804387221,0.4542296598135019,0.42448942372890364,0.4716444803886942
2024-11-28 01:00:00,0.5305386426844642,0.46993100037554025,0.45848786498851307,0.44766444238858644,0.4850146970740411
2024-11-28 02:00:00,0.529850303335585,0.5225416027841913,0.4398976341506511,0.48350868099859606,0.4991424066070469
2024-11-28 03:00:00,0.5325335443891922,0.5343222539950054,0.4363589925041341,0.49178792769611895,0.5035976537606233
2024-11-28 04:00:00,0.5302783187249576,0.5173076784471342,0.4398085468817062,0.4816205503218152,0.4977762513944934
2024-11-28 05:00:00,0.5297168148277945,0.5030667776387279,0.43654327032055545,0.4718566938259035,0.49103333703547664
2024-11-28 06:00:00,0.5250589154150705,0.4440191138602543,0.4291213185383529,0.4308084304613209,0.4627381439171457
2024-11-28 07:00:00,0.44392260308089015,0.4013550313493309,0.4315385140217702,0.3799327315128701,0.4233426359565265
2024-11-28 08:00:00,0.34239266334160684,0.3357199283753411,0.4249242000323436,0.31117646729486886,0.36539688256840996
2024-11-28 09:00:00,0.29133533404164114,0.3035839824233341,0.4105592614619423,0.2780670732436077,0.33306695862462216
2024-11-28 10:00:00,0.267203272586889,0.28678689594926216,0.4022144411882365,0.2647541316077899,0.3177054490033575
2024-11-28 11:00:00,0.25875433356012695,0.2763111364608388,0.40662033026265404,0.2567965441687566,0.3119969852338515
2024-11-28 12:00:00,0.2569511735826151,0.28252014651101376,0.41633221259056347,0.26050658621073763,0.3154058249949917
2024-11-28 13:00:00,0.2719198551864352,0.2977143536755707,0.41752543283847565,0.27588695285913084,0.3273305116791479
2024-11-28 14:00:00,0.3027720971338876,0.31757346163882916,0.41325428932454683,0.2932047879460109,0.34372320643551835
2024-11-28 15:00:00,0.36651661497142735,0.34841032395959104,0.4194086538799671,0.32648084753496315,0.37644699958092864
2024-11-28 16:00:00,0.4775134129884499,0.38818036693785074,0.41693083415703447,0.3773330357190045,0.4236887284374067
2024-11-28 17:00:00,0.5313579575422263,0.4226547904336279,0.4154872645110512,0.41659559565084386,0.45178989593170277
2024-11-28 18:00:00,0.5349006364461371,0.4344250437423151,0.41447064862079425,0.4209464877348162,0.45710320807988025
2024-11-28 19:00:00,0.5325752599720124,0.413866475530766,0.4131636164641908,0.38488556938056384,0.44765240405276024
2024-11-28 20:00:00,0.5317074714335749,0.41210994133274537,0.4120223391130597,0.3852983970661959,0.44716864915446036
2024-11-28 21:00:00,0.5308739769536884,0.4162345839590906,0.41147595958127303,0.39430075931649894,0.4481038933134152
2024-11-28 22:00:00,0.5310773303612993,0.47069755586180473,0.40719255814872857,0.4310192594330946,0.4624424971296169
2024-11-28 23:00:00,0.5324856405010427,0.514606301383367,0.42222759692187883,0.4674668234370606,0.4846410694439781
2024-11-29 00:00:00,0.5310064808835823,0.5361173226462633,0.4285620816138408,0.4960207321092029,0.4973487297878861
2024-11-29 01:00:00,0.5316161699612758,0.5368641751419588,0.43312423598841876,0.4940878207030121,0.5019632934016619
2024-11-29 02:00:00,0.5329832578551797,0.5267869744079391,0.43122846254525393,0.4863965195211453,0.49999825912219104
2024-11-29 03:00:00,0.535684767238801,0.5279191273132715,0.4274299173710165,0.48698269154309476,0.5004890506340144
2024-11-29 04:00:00,0.5401296926143171,0.5258623219929782,0.4265223399155752,0.4865201306915075,0.5004486591325533
2024-11-29 05:00:00,0.5391175113745191,0.5292059061643157,0.4178419121361649,0.4904333712216571,0.4976382022253814
2024-11-29 06:00:00,0.535635333132206,0.5090784141139503,0.4073288805924865,0.47620452340823644,0.48209443102912186
2024-11-29 07:00:00,0.4424415616721921,0.4331254388951638,0.42090713427193244,0.40378736270301935,0.43117653275914086
2024-11-29 08:00:00,0.3321612403483069,0.3321120132106319,0.4209401008788964,0.30926521649025396,0.36066384652707456
2024-11-29 09:00:00,0.28110626100332703,0.29326775547433187,0.3990514824240106,0.27230823305023233,0.32476085492402224
2024-11-29 10:00:00,0.2564503574436432,0.27277834733395406,0.3900448395062486,0.25567468706099006,0.30638177446693926
2024-11-29 11:00:00,0.24751759569561846,0.26514173470262486,0.39759973173490665,0.25105486463931076,0.30173710707347445
2024-11-29 12:00:00,0.25223213162022257,0.26687552071446713,0.40213910700729955,0.25232904328937605,0.30341208919756285
2024-11-29 13:00:00,0.26357430671925075,0.28331731288678447,0.400931479903249,0.26626971247025744,0.31487771314424773
2024-11-29 14:00:00,0.29418164926737267,0.31902432084547466,0.398943262210763,0.29387565195254783,0.3379373607358703
2024-11-29 15:00:00,0.3576911116558988,0.34502028058684886,0.4013032058681279,0.3222993565357397,0.3675845248669231
2024-11-29 16:00:00,0.46940249345478713,0.374548141390612,0.39731508900740253,0.3719032459436931,0.41138036097805525
2024-11-29 17:00:00,0.5275426726824002,0.4000041655595894,0.4005600751526303,0.4013771473481426,0.4395323231102482
2024-11-29 18:00:00,0.5280554772442918,0.41331987740942955,0.40288538727353207,0.3972927628849879,0.44530137850459567
2024-11-29 19:00:00,0.5281273196407014,0.3993994772964824,0.4053750496939627,0.3796524226973665,0.44217440309075035
2024-11-29 20:00:00,0.5285307208299299,0.37429321888234,0.405348210767663,0.366552555361716,0.43588155138356854
2024-11-29 21:00:00,0.5285025522176208,0.37067120598188125,0.4050961012949239,0.36773841261116924,0.4351296942290386
2024-11-29 22:00:00,0.5278028462121809,0.4028141205743047,0.39963556756966,0.39632401060981315,0.44247052364981626
2024-11-29 23:00:00,0.5284343238352939,0.4712139486741591,0.38784451721648777,0.4425365413265507,0.45761803497188425
2024-11-30 00:00:00,0.5286076432313093,0.49103074349864156,0.3987530291119033,0.4648902007450766,0.4703125269054622
2024-11-30 01:00:00,0.5337448989268252,0.5148580951455601,0.40401875605282983,0.4855127397039588,0.4827247669573925
2024-11-30 02:00:00,0.538884483511943,0.5413220854283166,0.3924518497356616,0.5064582837267437,0.4902901960479145
2024-11-30 03:00:00,0.5395767468944755,0.5492244063706864,0.3945797241664832,0.5121373492228748,0.4948562840801819
2024-11-30 04:00:00,0.5428844457021398,0.5454815880863227,0.3933662991067323,0.5073550293199539,0.49530192619488134
2024-11-30 05:00:00,0.5409811403187212,0.5433263821093359,0.39378728782238176,0.506054885399068,0.4931015929413442
2024-11-30 06:00:00,0.5332531979559115,0.5400043688082469,0.3925984507772049,0.5053049699360788,0.48805392674346604
2024-11-30 07:00:00,0.44317377169888694,0.4873997734749915,0.40738570726057877,0.4494275876989467,0.4461376820533123
2024-11-30 08:00:00,0.34021137540251584,0.40684151838713073,0.4192013093410802,0.37065603171213746,0.3884242223849912
2024-11-30 09:00:00,0.28973385845135224,0.34637608472132375,0.4109027530126784,0.3175746800025893,0.3476902922294718
2024-11-30 10:00:00,0.26382819026675947,0.31789196254317065,0.40717607079667856,0.2898313611925591,0.327920714112895
2024-11-30 11:00:00,0.2567131438681977,0.33181839139895103,0.40828084114744784,0.301966851954712,0.33084226979814707
2024-11-30 12:00:00,0.25834004043550757,0.3281419135818124,0.4068565311310703,0.2999223165596424,0.3296682160893372
2024-11-30 13:00:00,0.27039738680999975,0.3247819337119776,0.4109311573428483,0.30296335879270475,0.33349729977447506
2024-11-30 14:00:00,0.29630869694898504,0.3588797554382901,0.42630116061727735,0.331276805419828,0.3568512696991383
2024-11-30 15:00:00,0.3556232286362061,0.4120183194287824,0.43247305643229317,0.37799465321306364,0.39809863963041875
2024-11-30 16:00:00,0.46863395435388355,0.4532284672303317,0.4359362502220593,0.4311563680739863,0.45227189053740763
2024-11-30 17:00:00,0.5322718157069597,0.46936550309291347,0.43494245185606445,0.4586854764080029,0.4788254039304061
2024-11-30 18:00:00,0.5325358007044141,0.507046107475015,0.4327923474413009,0.48633543309534716,0.49111032412685496
2024-11-30 19:00:00,0.5319101754396663,0.48542833934019797,0.4369789632670628,0.4701579525249212,0.48355508432977773
2024-11-30 20:00:00,0.5325815474865683,0.47131046206950034,0.44084964669120075,0.4580306859661332,0.47913445232996643
2024-11-30 21:00:00,0.5320351086475367,0.5264214495087746,0.4455065406008233,0.49832734305956844,0.49873253779082577
2024-11-30 22:00:00,0.5327749873432281,0.5825601084953781,0.4502923706877004,0.5407687111862163,0.5191025641788872
2024-11-30 23:00:00,0.5356218993071352,0.6247530108319217,0.45604911614808713,0.5699812808640291,0.5346217715047693
2024-12-01 00:00:00,0.5398450430635655,0.6389100894890035,0.45381635296661377,0.5750048554832705,0.5399937149856973
2024-12-01 01:00:00,0.5458303620298152,0.6183101207068561,0.44801493426217454,0.5582424806631259,0.5341775765260639
2024-12-01 02:00:00,0.5468880807530478,0.6047782216980493,0.43721817837147664,0.5466467363462927,0.5285740687124373
2024-12-01 03:00:00,0.5459901390685415,0.5947552256682652,0.4266776415349802,0.5379825099637332,0.523500423248577
2024-12-01 04:00:00,0.5452253642904188,0.5728088828205119,0.4202816942571461,0.5209610551781886,0.514032909467027
2024-12-01 05:00:00,0.5460137826093371,0.5681874065375464,0.4219505710521124,0.5195000249990035,0.5123822898650126
2024-12-01 06:00:00,0.5452264230002605,0.5718962022858612,0.42373088453741536,0.5228829133500053,0.5125727678211449
2024-12-01 07:00:00,0.45603365933540735,0.5173630478090375,0.43500547717684884,0.4641696638146364,0.47028524877718464
2024-12-01 08:00:00,0.34487193812894645,0.425023367398304,0.4482785918200067,0.37447252974479445,0.40494130772359066
2024-12-01 09:00:00,0.2895697216460281,0.3640364805260706,0.4472124324692928,0.31795292489128535,0.3635112836315544
2024-12-01 10:00:00,0.2601806154469259,0.3321566694406063,0.44845431298031996,0.2873592709367229,0.3416641192530376
2024-12-01 11:00:00,0.25057305671692015,0.32212574780475334,0.44690318272952584,0.27781665727288724,0.33426634871299865
2024-12-01 12:00:00,0.2544979635123792,0.32414632478273664,0.4465964943355167,0.28323156235496705,0.3364640391157813
2024-12-01 13:00:00,0.26770323382938427,0.3373383049171372,0.44524625165438514,0.2989107016954472,0.3461748716243931
2024-12-01 14:00:00,0.29767366118823674,0.36567844104399955,0.44589874814786035,0.3285449047283135,0.36780772459245364
2024-12-01 15:00:00,0.35757287608666016,0.4283750940214644,0.4490998504257736,0.3868824274913194,0.41217600836929597
2024-12-01 16:00:00,0.4748977946084299,0.4660697102086287,0.45119171459072116,0.4371039416000502,0.463041082320611
2024-12-01 17:00:00,0.5433165987397429,0.4171735697756616,0.44858546173213226,0.4131703887248398,0.46635174030071547
2024-12-01 18:00:00,0.5447458546446665,0.47304057435485747,0.45151559373402056,0.45156250763446965,0.48714062447245204
2024-12-01 19:00:00,0.5446938707660851,0.5325347452622265,0.45392505652909604,0.49151482840232164,0.5078699813268549
2024-12-01 20:00:00,0.5450107365799195,0.565902865180632,0.4567190650427815,0.5246180724424787,0.5195990272952484
2024-12-01 21:00:00,0.544534282017369,0.6227860823014378,0.45792706934908334,0.5723391351360846,0.5399073275348921
2024-12-01 22:00:00,0.5476463554815393,0.6362260262926277,0.4578767602411297,0.5832990155193505,0.5462119575541187
2024-12-01 23:00:00,0.5533938781330601,0.6320566064221919,0.4474547410234582,0.576028949755153,0.5443844387839255
2024-12-02 00:00:00,0.5513986991170122,0.6473619958846809,0.42749133964400593,0.5840140047088316,0.5463849944810817
2024-12-02 01:00:00,0.5503286869439145,0.6292397854981708,0.41148333717631463,0.5688349414188268,0.5368953002906707
2024-12-02 02:00:00,0.5465098269753269,0.6006441331820329,0.40980028622003595,0.5481653714655889,0.5263270916375201
2024-12-02 03:00:00,0.5460689889755944,0.5770003223348793,0.4225749565555486,0.5323861679449279,0.5210776915639006
2024-12-02 04:00:00,0.5476901722639721,0.5708528368414507,0.42808038261337733,0.5284500785835372,0.5201790697653537
2024-12-02 05:00:00,0.5496091693580977,0.5689349052807219,0.4242607086893593,0.5281676546900218,0.5171068232213302
2024-12-02 06:00:00,0.5449709352657603,0.5591508808885618,0.40943594587771764,0.5173776924946629,0.5045178509846616
2024-12-02 07:00:00,0.46164259107829764,0.5147929027041188,0.4253337205756638,0.46627654335098895,0.46815088391525217
2024-12-02 08:00:00,0.35392201312294896,0.4215555141599827,0.43524739469221474,0.37980953405934215,0.4068329369905094
2024-12-02 09:00:00,0.2977294959628922,0.36662989949822183,0.43039702967922094,0.329191819198658,0.36904322709147025
2024-12-02 10:00:00,0.26748579389085253,0.3227143098111721,0.42158282508473427,0.27243627493499006,0.3402018246424862
2024-12-02 11:00:00,0.25906727069671087,0.37180378667994307,0.44793684617188484,0.32335053662359625,0.36435467606087885
2024-12-02 12:00:00,0.25682706523480425,0.40652749378548825,0.46681632095520115,0.3907526148350433,0.3831375505460954
2024-12-02 13:00:00,0.2765286442881389,0.43114457197173156,0.46248193934801407,0.36635150762113455,0.39331305170629777
2024-12-02 14:00:00,0.31486764248398585,0.3664364448757212,0.43793201844558205,0.3049314588437998,0.3759877979680372
2024-12-02 15:00:00,0.38097609995880355,0.40694904790386294,0.4443958172916892,0.36663838720378616,0.41284686659603553
2024-12-02 16:00:00,0.4878247804279612,0.4400485490851499,0.4515554570628188,0.41626186119257824,0.4570279349931928
2024-12-02 17:00:00,0.5426159959320144,0.46608044518519953,0.46379717382817776,0.44870556763733815,0.4859464496998467
2024-12-02 18:00:00,0.5438393672011553,0.508594141906976,0.46948041761207543,0.484982089407462,0.5030540110378621
2024-12-02 19:00:00,0.5437263567540358,0.5112435437341439,0.4737453864495918,0.4874128687949622,0.5056095317134774
2024-12-02 20:00:00,0.5433498309916285,0.5201080404313999,0.48206704631774416,0.49550297509243457,0.512207546561248
2024-12-02 21:00:00,0.5440183341089702,0.5679798996420271,0.477716330910984,0.5309426438759095,0.5285118001448507
2024-12-02 22:00:00,0.5445883141540765,0.6104565734759185,0.47227947426423744,0.5629767079414185,0.5418394142336135
2024-12-02 23:00:00,0.5464824039682882,0.6558189672248639,0.4543157727576123,0.5961400387102149,0.5530571369097076
2024-12-03 00:00:00,0.5478242048821721,0.6854720088536521,0.4376323059344381,0.6159528751034884,0.5641005024152859
2024-12-03 01:00:00,0.5553063855303321,0.6991821307409152,0.42997459093783136,0.6238997847229396,0.573169970689528
2024-12-03 02:00:00,0.5561034278020686,0.6938903395105762,0.4167148819564767,0.6186404090317559,0.5725834499941039
2024-12-03 03:00:00,0.5564734518941212,0.681979572144837,0.4146282431181211,0.6109087089969941,0.5668093535738162
2024-12-03 04:00:00,0.5563840250568429,0.6797075205615792,0.41192631547612335,0.6103015426169252,0.5661969611896659
2024-12-03 05:00:00,0.5536900809813253,0.6728273967807964,0.4102829318461793,0.6043192638128573,0.560947154258761
2024-12-03 06:00:00,0.5487930477060851,0.6721268851631246,0.40412451148136963,0.6025841429878585,0.5534712331477778
2024-12-03 07:00:00,0.46997524311922595,0.6202396658730985,0.4126861931729754,0.550127272362828,0.5122887945756057
2024-12-03 08:00:00,0.36173967048137984,0.5069255348246617,0.4322510694630256,0.4515671440759333,0.43999875733475435
2024-12-03 09:00:00,0.3147018529517847,0.42611739028016316,0.43458127589679857,0.38185260529815174,0.3956081725354719
2024-12-03 10:00:00,0.31022953034152567,0.3903410142664399,0.42805191790621444,0.3554052277073285,0.38079134867103087
2024-12-03 11:00:00,0.2611659897989662,0.42707674940756635,0.4435494928612249,0.3951811907481398,0.37974246304603076
2024-12-03 12:00:00,0.26017403005205025,0.4854104143044716,0.46350822425046495,0.4797875325386539,0.4046247178046486
2024-12-03 13:00:00,0.28050312977952774,0.5089563377124761,0.45970290920006623,0.4965364201603519,0.4146084424833117
2024-12-03 14:00:00,0.31347743348268364,0.4259388468781575,0.4321721154494646,0.3944827770958467,0.39383213749392465
2024-12-03 15:00:00,0.3781266847983821,0.43893166886322643,0.4330543425807668,0.4056583036014339,0.41870979773856876
2024-12-03 16:00:00,0.49361094784081627,0.45151534900244905,0.4392619589457569,0.3671817681171502,0.4568401345551746
2024-12-03 17:00:00,0.5521450694490623,0.4488562374841185,0.4471339791655283,0.364083342602808,0.47410791307794853
2024-12-03 18:00:00,0.5519902335377993,0.4677296396936455,0.44684059397010917,0.38074159493014115,0.4805339159566512
2024-12-03 19:00:00,0.5485619357856397,0.484717332958469,0.44121228585755634,0.38990772317745304,0.4833170449401325
2024-12-03 20:00:00,0.5477874857170404,0.5867758868136371,0.44383194077464894,0.46964848161008244,0.5171215715033364
2024-12-03 21:00:00,0.5484077443136312,0.5827823177742059,0.4229405950934491,0.47529320279778237,0.5098563605438468
2024-12-03 22:00:00,0.5556449568896561,0.6105992310290466,0.4146812379219383,0.5526332464914476,0.5190745898365897
2024-12-03 23:00:00,0.5606922058305082,0.6023235256917545,0.39597771482258004,0.5424152928759799,0.5143244515566009
2024-12-04 00:00:00,0.5541430434929359,0.6135426661529558,0.3985962245112981,0.5535128856620201,0.5180223194041088
2024-12-04 01:00:00,0.5560124940556997,0.5835953746420198,0.3997635869142448,0.5326948680100814,0.5152566912372913
2024-12-04 02:00:00,0.5564309106721791,0.5679430808480239,0.39483671280192856,0.5219713147751011,0.5106177970545314
2024-12-04 03:00:00,0.5560489014080036,0.5472134081504775,0.40143261209596287,0.5084333090958119,0.5052807966476551
2024-12-04 04:00:00,0.5573559339029796,0.5209007751627436,0.4124470719178683,0.49129453883275553,0.49951417778068347
2024-12-04 05:00:00,0.5570796211592235,0.5120112415928092,0.41470324369816663,0.48599403564800364,0.4958652606697015
2024-12-04 06:00:00,0.5555847338833293,0.5456524016579307,0.39024312875308287,0.5057816794911564,0.4979696881385146
2024-12-04 07:00:00,0.5009361777376422,0.5901453036178059,0.3994684660171173,0.5252110006658545,0.4955001111258258
2024-12-04 08:00:00,0.3739507704522598,0.5112595521513752,0.4182233509747458,0.46731757514347405,0.4318568647885201
2024-12-04 09:00:00,0.29128520213326614,0.3456595195689299,0.409761882366223,0.33435787029259334,0.34963210320208166
2024-12-04 10:00:00,0.26041193051025124,0.3013686404367097,0.40326811994691386,0.29445977443129745,0.32226785178504747
2024-12-04 11:00:00,0.25309472774537384,0.2942114764648644,0.4071635495410367,0.28696665534593097,0.3175213795670717
2024-12-04 12:00:00,0.25254522069269464,0.293727010260581,0.4102576600141414,0.28553074854187405,0.31766793305134616
2024-12-04 13:00:00,0.26454930482107125,0.3117696762098557,0.4182083882018569,0.30552867559311747,0.3316302283760815
2024-12-04 14:00:00,0.30018432538005424,0.35695953444238193,0.4197450351270052,0.3516662825653926,0.3620395577319475
2024-12-04 15:00:00,0.36107886607869916,0.4014472232875171,0.4230192589775086,0.3932980340652767,0.3972522952845049
2024-12-04 16:00:00,0.4933774191868398,0.42688605967964616,0.42528302743871316,0.4268174071936458,0.4445760995233151
2024-12-04 17:00:00,0.5558826329241039,0.4399058015948216,0.42798937751785826,0.44933510527914294,0.4677034721237271
2024-12-04 18:00:00,0.5565926908134513,0.4585426838538946,0.4260951601624686,0.466902436852263,0.47392702732331166
2024-12-04 19:00:00,0.5529628431892882,0.45523474112828366,0.4174919452769604,0.46325147106847947,0.4687734288328127
2024-12-04 20:00:00,0.5513174244528847,0.46958993122857823,0.41987887838630183,0.477108743232401,0.47445972855925134
2024-12-04 21:00:00,0.554950505340311,0.504087909596209,0.4190614343520979,0.5062294043091999,0.4865919392522261
2024-12-04 22:00:00,0.5589279726416981,0.5226088396048073,0.4116244741270307,0.521584619220639,0.4910138654293792
2024-12-04 23:00:00,0.5638575117057779,0.500457332774193,0.4013097324580052,0.5066503299679824,0.4849449985394449
2024-12-05 00:00:00,0.5597875082019104,0.49948134283368245,0.41140549034073876,0.5060181776214436,0.48928379579636316
2024-12-05 01:00:00,0.5590393483036535,0.5238303764925879,0.4154521517821562,0.5240988232745439,0.5008769527808676
2024-12-05 02:00:00,0.5609477877565603,0.5166700381057582,0.4129602309331053,0.5194034967492622,0.4997468190594172
2024-12-05 03:00:00,0.557499934369993,0.5112722435821945,0.4202167627824065,0.5153201335992589,0.49877248165429355
2024-12-05 04:00:00,0.5609415027162623,0.5183576961267732,0.4156750383502954,0.5213520211867388,0.5003763359042296
2024-12-05 05:00:00,0.5572257526742562,0.5327549117192544,0.40878379838447565,0.5311407793144782,0.5026312113500039
2024-12-05 06:00:00,0.552087571227586,0.5336577923691384,0.39306004557835655,0.5300302062432835,0.4952343571082014
2024-12-05 07:00:00,0.4600334961664087,0.48357056000583565,0.4125286453029706,0.47096355650699795,0.45290247542231277
2024-12-05 08:00:00,0.35001207190085265,0.3978702877648148,0.41876680321862453,0.38449297667431176,0.3889463520321542
2024-12-05 09:00:00,0.2833065769335831,0.31552471169174395,0.40673397736704325,0.3073393908468836,0.3350995195358826
2024-12-05 10:00:00,0.2534440148586661,0.27872417300805263,0.3994892448689369,0.27215684398708806,0.30872243641058583
2024-12-05 11:00:00,0.24776492411273104,0.27236134450507726,0.40362958834641,0.26676344376542593,0.3052190412401026
2024-12-05 12:00:00,0.24788696364975335,0.29319919444988074,0.416949636942817,0.2856517307681486,0.31543556306555415
2024-12-05 13:00:00,0.26830273762604423,0.3331952577226622,0.41838973775072064,0.3196727327043126,0.3386803044272973
2024-12-05 14:00:00,0.29601564162880595,0.3655264644631323,0.4132539975501172,0.3446039539996432,0.35946888261216364
2024-12-05 15:00:00,0.36174362342021443,0.40576256695506274,0.41582912545172074,0.3804447025642913,0.39577499824491574
2024-12-05 16:00:00,0.47979192864049713,0.428700600193509,0.41879117463608306,0.40811484406361803,0.43952706975041067
2024-12-05 17:00:00,0.5507966769945517,0.41132274843570965,0.4188217742071928,0.406876249400162,0.45330833242248475
2024-12-05 18:00:00,0.5515520424731877,0.4198088606317967,0.41772433970699974,0.4174055731674414,0.45654425188256204
2024-12-05 19:00:00,0.5503865644237094,0.458389541179614,0.4155258146447168,0.4453279319318088,0.4685232300069204
2024-12-05 20:00:00,0.5500522349820415,0.5140749238424352,0.4160129857204305,0.49143973857289563,0.4866847968816225
2024-12-05 21:00:00,0.5501351582468097,0.5298863463362568,0.4143560676081271,0.5024849602562045,0.49151787618355824
2024-12-05 22:00:00,0.5549949239693268,0.5105195613995783,0.40804735669072173,0.4855964967819399,0.4844573849703316
2024-12-05 23:00:00,0.5567271853476862,0.5463266008248499,0.39189619580724355,0.5067490930996217,0.49328991329445765
2024-12-06 00:00:00,0.5582090936385539,0.596293577731148,0.393117507389279,0.5437911207880032,0.5153981803944737
2024-12-06 01:00:00,0.5630418944793638,0.619396565176651,0.4011922618308196,0.5621190702724584,0.5312695762261055
2024-12-06 02:00:00,0.5650696149012551,0.6215414595445514,0.40504907611810503,0.5671147236369688,0.5368023293905441
2024-12-06 03:00:00,0.5643316415873314,0.6001776775311776,0.4132005098520623,0.5489967623656142,0.5332690206461463
2024-12-06 04:00:00,0.5615849827477143,0.5924985835504409,0.4038679675962858,0.5436603025739212,0.5279258195657422
2024-12-06 05:00:00,0.5568032903680986,0.6090764788158006,0.3855880451815921,0.5557896825463076,0.5248579501081492
2024-12-06 06:00:00,0.5561659413913046,0.6258629669764475,0.3665284114230915,0.5665637453496385,0.5221658220824306
2024-12-06 07:00:00,0.4632183976157485,0.5927437862616839,0.39890726379249647,0.5246855301688562,0.48862426897709643
2024-12-06 08:00:00,0.3556965698651084,0.479756169129879,0.4261140903534275,0.4302485759526318,0.42079347350505025
2024-12-06 09:00:00,0.29126529252457906,0.3960735309060111,0.42291009583671535,0.3595321791787293,0.37035241026879984
2024-12-06 10:00:00,0.25859912906420124,0.3386330276719281,0.40878624019225857,0.31064673997526265,0.335652667041344
2024-12-06 11:00:00,0.24904727131569362,0.31566129809124377,0.40901410812963124,0.2866901732691998,0.32400189001694885
2024-12-06 12:00:00,0.2462810292874784,0.314469040296174,0.41469201716666343,0.28317764415556557,0.3245318549180513
2024-12-06 13:00:00,0.25976755063355583,0.3351240858999824,0.41525614493483487,0.30862318226502483,0.33804536692747394
2024-12-06 14:00:00,0.2909260593281022,0.37815089676830815,0.40816081647456326,0.34998784359405816,0.36224989230841487
2024-12-06 15:00:00,0.3556352871419076,0.41294947901536533,0.41046339532556525,0.3788114624505545,0.3946563999539938
2024-12-06 16:00:00,0.47721870772976627,0.43640038314655966,0.4137330162454947,0.41566064765890065,0.4391463284952563
2024-12-06 17:00:00,0.5483810737680725,0.4413878544703846,0.4176512330928628,0.43101174337926146,0.4621835955655622
2024-12-06 18:00:00,0.5521848996261849,0.4592469832819559,0.4155586757746629,0.4482210772124126,0.46873082825282575
2024-12-06 19:00:00,0.5523045805416896,0.4835823850622265,0.41276069855477326,0.4649297672527495,0.4755885692704852
2024-12-06 20:00:00,0.5574874479924504,0.544835052808845,0.4140540000962084,0.5163971634966004,0.49679517050327987
2024-12-06 21:00:00,0.559236336571303,0.5546837653214296,0.41461997789115274,0.5222049576548519,0.5018400462750772
2024-12-06 22:00:00,0.562832390003125,0.5524567833973401,0.41377149712534383,0.5158854862671198,0.5018342425472114
2024-12-06 23:00:00,0.5607469210460807,0.5435784358042371,0.41378970468036413,0.5066395965844933,0.49920371221888016
2024-12-07 00:00:00,0.5592373644939359,0.5255310517716044,0.4247311493289175,0.496096337035535,0.49880923728956583
2024-12-07 01:00:00,0.5619964418666685,0.5187233141793205,0.43661284558889873,0.48619110745545074,0.5029366061209394
2024-12-07 02:00:00,0.5647443788083112,0.4886626117675325,0.44226791606617694,0.4597569852060231,0.4971000573036
2024-12-07 03:00:00,0.5618212279894574,0.5127444517418349,0.43410514863363414,0.4791832935401543,0.501141862311875
2024-12-07 04:00:00,0.5599699692246826,0.5373368789929746,0.4261242141138607,0.4997895006533253,0.5062999635224132
2024-12-07 05:00:00,0.558469716831649,0.5073735397520569,0.43024479992962467,0.4825410246771116,0.49725042054917556
2024-12-07 06:00:00,0.5520323877363954,0.4588179937398895,0.43650202878334177,0.4447937865059743,0.47997358103209364
2024-12-07 07:00:00,0.4600875790515672,0.4082266049452911,0.44215069001790924,0.38680802953859184,0.4347540094507423
2024-12-07 08:00:00,0.332983731899483,0.3426106851472444,0.4435839071640188,0.31842732036534044,0.37065855509191353
2024-12-07 09:00:00,0.27584920764810456,0.3168225412729215,0.42923456980388724,0.2913253135384917,0.33901963162368987
2024-12-07 10:00:00,0.2620018570402794,0.2876451517919035,0.4186684726836048,0.26590382685036523,0.32143888567815154
2024-12-07 11:00:00,0.2525127875862881,0.27038622535943885,0.4152710711017003,0.2511894413669081,0.3104205444908027
2024-12-07 12:00:00,0.24765169388515024,0.2717203685170028,0.4140733122996323,0.24894433497222113,0.3096658043499549
2024-12-07 13:00:00,0.2576067717259056,0.29218986913169387,0.42041915109132183,0.26614362939002323,0.3243691579582936
2024-12-07 14:00:00,0.2809673981505898,0.3234586267255053,0.42401326435178444,0.29853629213738364,0.34486703750381614
2024-12-07 15:00:00,0.3664035069602723,0.3769922835186897,0.43268853141229735,0.35226180876639085,0.39352800476992217
2024-12-07 16:00:00,0.4869638688812027,0.43092401467090846,0.4381367352202891,0.4113624225722865,0.4488838206693061
2024-12-07 17:00:00,0.5320795643703391,0.4284300033066317,0.43899831903040964,0.4188544786752556,0.46191027492459197
2024-12-07 18:00:00,0.5326475637614951,0.42713998540436,0.4383668744316258,0.41817550288475525,0.4612756269095612
2024-12-07 19:00:00,0.5319470742522768,0.4067331885187349,0.4380980211416822,0.40392890424828487,0.45358456834171523
2024-12-07 20:00:00,0.5307342056146918,0.4383861789792437,0.43977300353926246,0.431914462373155,0.46568894721685544
2024-12-07 21:00:00,0.5309029161591741,0.4389783934996573,0.43996907605651625,0.4290766727921399,0.4660035109875752
2024-12-07 22:00:00,0.5082601304328862,0.40708761570746127,0.43880116071078856,0.40111175921638226,0.448415427992035
2024-12-07 23:00:00,0.4795119353184664,0.39067726231255795,0.4399435325163176,0.385919786809492,0.43660178542529876
2024-12-08 00:00:00,0.4691405221748766,0.4062011012832856,0.4402892378119762,0.3958464103105685,0.43848797975651493
2024-12-08 01:00:00,0.4659912283430116,0.42267629537907786,0.4424595679647392,0.4038780914151026,0.4429561432281619
2024-12-08 02:00:00,0.464372436152084,0.453530908648786,0.44251783409071754,0.4249524380483235,0.45258087705572037
2024-12-08 03:00:00,0.46468509560065024,0.47196681436024784,0.43896187817423976,0.4379081044955314,0.45775188551974316
2024-12-08 04:00:00,0.46144098667799593,0.47051982217943333,0.4360158765579161,0.43807269959542766,0.45539001096850934
2024-12-08 05:00:00,0.4612343102301881,0.47188693763885825,0.4347144998520127,0.43746650139376775,0.45538912548899296
2024-12-08 06:00:00,0.45767473354076355,0.4240107725679913,0.4418307969536678,0.4026969171434882,0.4397339919536129
2024-12-08 07:00:00,0.392887381915387,0.39884668239766147,0.44666780063533046,0.37362279554123046,0.4123542625283652
2024-12-08 08:00:00,0.301162756553501,0.3433819551125279,0.440865394701789,0.3173258890203002,0.3630090567726108
2024-12-08 09:00:00,0.2586495131251026,0.30443480836937803,0.42286026803246707,0.2819183694749817,0.3319094157623552
2024-12-08 10:00:00,0.2183005574417514,0.2802309449821225,0.41712962338119575,0.25892633407604326,0.3077071479322613
2024-12-08 11:00:00,0.20236785926951747,0.2700897774279013,0.41718454902188584,0.24699527775410335,0.2970575341232537
2024-12-08 12:00:00,0.263462058114066,0.2834675159618741,0.4191546850467936,0.26318990404247844,0.32475201277866284
2024-12-08 13:00:00,0.32851462698212736,0.32088894925437894,0.42292636290258007,0.30245878127338977,0.35965902247664094
2024-12-08 14:00:00,0.3935968232525749,0.3541813914149513,0.4290770531592153,0.3387536171529577,0.3905553597965132
2024-12-08 15:00:00,0.44401387173377993,0.40283240971645606,0.44092009922119085,0.38305355043696765,0.4269040461716277
2024-12-08 16:00:00,0.4781616441752399,0.43147483760932553,0.44300926500850824,0.4120059346403866,0.4485515158626532
2024-12-08 17:00:00,0.4987783397669847,0.4202147618702719,0.4404770990424971,0.4093456511321402,0.44887321528968593
2024-12-08 18:00:00,0.4924562627886892,0.41095315166606144,0.4394131588694032,0.40290033437111167,0.44372433313343707
2024-12-08 19:00:00,0.48923887114740056,0.3780757585754935,0.4367223064239206,0.3777938333527811,0.4307052322351107
2024-12-08 20:00:00,0.48652357722741196,0.4054596011175254,0.43951315386136025,0.3995170151786186,0.4412889114327563
2024-12-08 21:00:00,0.48395221820906664,0.4077544858063314,0.44310818041979927,0.4008451276016666,0.4430739854072503
2024-12-08 22:00:00,0.48014400493873355,0.4204447075291745,0.4420577966295513,0.40840451342500084,0.44541098379161637
2024-12-08 23:00:00,0.4795992935564911,0.45893494005681756,0.4458379355214276,0.43818778903356154,0.45876018123939827
2024-12-09 00:00:00,0.4775243350478864,0.47190165717520816,0.4514266688382803,0.4466815841613428,0.4651325722948993
2024-12-09 01:00:00,0.47720243046457284,0.5274551678636323,0.45022802461755596,0.48639571980222684,0.4827759232799652
2024-12-09 02:00:00,0.47805307245775597,0.5309202808998098,0.45449144293423277,0.49021266967978283,0.48778249480838903
2024-12-09 03:00:00,0.4787767947606414,0.5174630918503804,0.4486598435810593,0.47821444194585244,0.48195498824852495
2024-12-09 04:00:00,0.47955792545596687,0.503308030712758,0.4420540924489268,0.4695547633001,0.4747111806202761
2024-12-09 05:00:00,0.47772680467176043,0.5083787589091648,0.44053548912011425,0.4722732535161194,0.4749229691820908
2024-12-09 06:00:00,0.4760861665769451,0.4884815461248846,0.41920694522926194,0.45805830334640735,0.4587921201050798
2024-12-09 07:00:00,0.4494892601880099,0.4544957109915993,0.4246804181868589,0.4294268413286902,0.44148948554254674
2024-12-09 08:00:00,0.3970978692770479,0.38728572376136555,0.41835763994981834,0.3680778712450288,0.4011667795184608
2024-12-09 09:00:00,0.28154612766233517,0.35038849659434895,0.40855250432108614,0.3190526739837043,0.3487060016930774
2024-12-09 10:00:00,0.23260021437026732,0.3195379229910358,0.40352286554069405,0.28845259184095223,0.3187888469858437
2024-12-09 11:00:00,0.2291344138095666,0.3023680018599308,0.41091637981612394,0.26943759852438687,0.3132033866122414
2024-12-09 12:00:00,0.2248233139631092,0.29078536801318156,0.41452357845290644,0.25599606385347934,0.308128344253347
2024-12-09 13:00:00,0.2448190637670437,0.3048617268323775,0.4147893203925076,0.2781415380797105,0.32188546995281986
2024-12-09 14:00:00,0.2656898299780773,0.3219381621148835,0.410598603226824,0.2969611561334573,0.3337374847040767
2024-12-09 15:00:00,0.3225386606328567,0.3795510345406814,0.42042219679827975,0.3495189898657402,0.37565235541651054
2024-12-09 16:00:00,0.41347721700570844,0.4321476673721199,0.4256895555843239,0.4053014942701983,0.42378424580346163
2024-12-09 17:00:00,0.4663406889391106,0.449678475201634,0.4245132973834091,0.43037155435694036,0.44465238017082637
2024-12-09 18:00:00,0.4655763742311286,0.4292460351152278,0.4267529449697797,0.41640856178254165,0.43857699659820926
2024-12-09 19:00:00,0.46337098251596875,0.40482794017927676,0.4254366029978116,0.39828022992271295,0.429266556289165
2024-12-09 20:00:00,0.46404156544894515,0.4285767920790802,0.42758802524220263,0.4153066095972895,0.4384732249656726
2024-12-09 21:00:00,0.4637355720246712,0.4850141637055885,0.4310757156283539,0.4561200548428297,0.45710285188863886
2024-12-09 22:00:00,0.463259421787055,0.5446543517509022,0.42753111884189837,0.496986762103641,0.47368087191266567
2024-12-09 23:00:00,0.4621246762375442,0.5384096843960235,0.4211152673319389,0.48602859952534955,0.46848223682149154
2024-12-10 00:00:00,0.459665105991183,0.5290109994249288,0.437175027788286,0.48092039863943786,0.47223347871455634
2024-12-10 01:00:00,0.45875153256996243,0.5636327886983861,0.4402562427995141,0.5017974242161922,0.4864558495938511
2024-12-10 02:00:00,0.4606119936105642,0.5911243030746907,0.4417027467759219,0.5199552298791404,0.5007774532373266
2024-12-10 03:00:00,0.4604134976708817,0.5984575326897325,0.4398086826769149,0.5269792099114277,0.504535183527667
2024-12-10 04:00:00,0.4615383954138492,0.5985548391178435,0.43455911171267947,0.527788735364181,0.5033432395128852
2024-12-10 05:00:00,0.4610274743321994,0.5792568010869762,0.42686621155628035,0.519676839469104,0.4921698576455477
2024-12-10 06:00:00,0.4601481000100088,0.5736256484053658,0.40845890937972684,0.5140075246529433,0.48023456903103057
2024-12-10 07:00:00,0.4152056343014372,0.5524653298652481,0.4222474969861336,0.4864372533086267,0.4600888952292655
2024-12-10 08:00:00,0.32479659410399836,0.4971471536296088,0.43519680601154037,0.43521439304445064,0.4136589908298292
2024-12-10 09:00:00,0.2739049407876101,0.45658567293703045,0.43771849729534934,0.4037769433307353,0.384945392366531
2024-12-10 10:00:00,0.2440877644305102,0.43601717727642497,0.42995429321948186,0.38217026807569815,0.36574953228015666
2024-12-10 11:00:00,0.23635106348127732,0.4079049495717309,0.4314617128159869,0.3573489039102072,0.35499254582598255
2024-12-10 12:00:00,0.2298782478823411,0.3942806360719499,0.4357985940258591,0.3592121874701049,0.3525465933176151
2024-12-10 13:00:00,0.2542696445196057,0.3973269445683712,0.4332262191544309,0.3691565106942602,0.36408611710480815
2024-12-10 14:00:00,0.2777220031377718,0.4136294042869025,0.4198344405830086,0.3811438152908751,0.37242542804854395
2024-12-10 15:00:00,0.3260185987875708,0.43327525704652886,0.41682551191462425,0.39548433797351346,0.39261168711406574
2024-12-10 16:00:00,0.41663951412743205,0.43754878904085354,0.416029905870436,0.4109339555594762,0.422550637659539
2024-12-10 17:00:00,0.4557987778656247,0.4404786912273926,0.41855841477749184,0.4230716711967633,0.4361107196879396
2024-12-10 18:00:00,0.4564572138292183,0.4402889125562655,0.42061210394293286,0.4229711095143018,0.43708520948133944
2024-12-10 19:00:00,0.455576998362553,0.47082922455136045,0.42613001658416305,0.44522869138499516,0.4486196428716779
2024-12-10 20:00:00,0.45540547749196464,0.48180822134201196,0.43279010653815636,0.45432642891846114,0.4547711758761124
2024-12-10 21:00:00,0.4560136253313155,0.5482855084716084,0.4375210966999618,0.5023308686245548,0.4781553983308089
2024-12-10 22:00:00,0.45685864884744776,0.6094480394302313,0.4343086489305717,0.5439623110412873,0.4978946315457547
2024-12-10 23:00:00,0.4573718857361281,0.6497669115328064,0.4255539443809684,0.5654746524887462,0.5079133746300679
2024-12-11 00:00:00,0.45756581636891613,0.6723779273487673,0.43201056109603353,0.5769283567367328,0.5227115281981766
2024-12-11 01:00:00,0.45812306486353715,0.6647534601026857,0.43779417521645847,0.5701836051100261,0.5278147802130465
2024-12-11 02:00:00,0.4589047559690487,0.6661603219226641,0.4274740734042387,0.573941988204249,0.5298976650365802
2024-12-11 03:00:00,0.4603616644286202,0.6577815805082323,0.42265139075276875,0.5668533731842115,0.5274891264063656
2024-12-11 04:00:00,0.4603293158374787,0.6385374474465481,0.41990619723651695,0.553360261035364,0.5176438928171466
2024-12-11 05:00:00,0.4595832852616981,0.6043669882859981,0.4204567445623616,0.5326484009347718,0.5027940637549937
2024-12-11 06:00:00,0.45749584781420566,0.592232432916446,0.401579800815379,0.5235741522535031,0.4879957432204049
2024-12-11 07:00:00,0.4315521749802895,0.5778578393526912,0.41154593528203004,0.5141488723085206,0.4758609534514569
2024-12-11 08:00:00,0.3197031275440876,0.5095685013547303,0.43277825179562657,0.45732873350187286,0.42160687566859284
2024-12-11 09:00:00,0.2687654322230968,0.45083694838786476,0.4407367448092691,0.41176432068864477,0.38704786324081764
2024-12-11 10:00:00,0.24348195624522767,0.4256695792643876,0.44470273591346865,0.4013048056504781,0.3722011582839207
2024-12-11 11:00:00,0.23520293399335723,0.41382960329574064,0.45047402383849294,0.3901825675672732,0.3670330593122536
2024-12-11 12:00:00,0.23371595948145807,0.4092562163146248,0.45173701265991834,0.3708612568358283,0.36600755206107083
2024-12-11 13:00:00,0.24738706963177873,0.42180302090923516,0.44976662940638834,0.3893581480619801,0.37396771492167624
2024-12-11 14:00:00,0.25222980496001196,0.4661498213373659,0.4376933052372937,0.4156382893580404,0.38225017678482043
2024-12-11 15:00:00,0.25882870850343803,0.48823411018000895,0.43269896401741753,0.42652762407595934,0.38337329132751613
2024-12-11 16:00:00,0.26639418431148726,0.5056124286549187,0.42981611995978164,0.4311688171023821,0.38541172821334885
2024-12-11 17:00:00,0.2667333326897413,0.5146842831815728,0.4263927209637878,0.4352324922605548,0.3848689655159807
2024-12-11 18:00:00,0.26688727427814285,0.4876174697094532,0.4200312048633774,0.4148285449999896,0.37509242327727826
2024-12-11 19:00:00,0.2671742944363374,0.472195637624386,0.41218378407270284,0.40303648282252985,0.36801368527106043
2024-12-11 20:00:00,0.44856966328973535,0.4583145297595623,0.4105791046389124,0.43502347206528197,0.43626088831182414
2024-12-11 21:00:00,0.4339458790294034,0.4641954781779447,0.4102199925332409,0.4359619077979028,0.4337789267474241
2024-12-11 22:00:00,0.4194559295081064,0.45657489363028503,0.40874562777930795,0.4251096955833305,0.42687162419569713
2024-12-11 23:00:00,0.4119925457811796,0.43804510066972824,0.4074218469765875,0.40719608101207694,0.4181572069958203
2024-12-12 00:00:00,0.39412728540160064,0.44020152566693577,0.4226684892995147,0.4033274290539363,0.4189315866766773
2024-12-12 01:00:00,0.3915515414047285,0.44622271533628993,0.43537992767574096,0.40399692086091504,0.4251540604546862
2024-12-12 02:00:00,0.39066036139779176,0.4460771891888069,0.43684070383854295,0.4022728029460196,0.4250129085175884
2024-12-12 03:00:00,0.3902325914627822,0.44644517292965363,0.4355783031392656,0.4051812349167242,0.4248278256373741
2024-12-12 04:00:00,0.38994406560975875,0.44948475424051415,0.4327679540950581,0.40638788237639395,0.4252954765333991
2024-12-12 05:00:00,0.39050278866327426,0.4519517383878568,0.41929195061009555,0.40804188105044564,0.42211299613389075
2024-12-12 06:00:00,0.22504093246783274,0.43866907733032007,0.40615773825511464,0.35576501397192917,0.34241013773742346
2024-12-12 07:00:00,0.21361622688498133,0.39504746840883115,0.40695711269015394,0.3273950203591942,0.3258650080658696
2024-12-12 08:00:00,0.2142772926514276,0.35275403664014077,0.4007608571166108,0.307992699336036,0.3156913785697476
2024-12-12 09:00:00,0.23576190858307014,0.3169871520126283,0.39322780925001183,0.29035015370930173,0.3185052097144751
2024-12-12 10:00:00,0.20844916271270497,0.2902495953248719,0.3896855779797984,0.2641212690377015,0.2991926365530017
2024-12-12 11:00:00,0.18544472504303894,0.282264692759659,0.39754696505697956,0.2537671781103789,0.2883461508794073
2024-12-12 12:00:00,0.18143791488062913,0.2738453731289752,0.397520713391743,0.24821504290643476,0.28447587411404185
2024-12-12 13:00:00,0.191419953008109,0.2809460771283688,0.39645082688861577,0.2580182805719154,0.29189243198307835
2024-12-12 14:00:00,0.21367586542413217,0.3182320661573573,0.39593004537676735,0.29292086389956856,0.3132422663567002
2024-12-12 15:00:00,0.2641406269765159,0.3721140023640108,0.40042799852898286,0.33862540942924213,0.3501653846439992
2024-12-12 16:00:00,0.3532765583785246,0.4129519068482362,0.40585092614571566,0.37697255553469466,0.39316287156578666
2024-12-12 17:00:00,0.39911966308682545,0.43308567987421553,0.40877155097561096,0.40282714579923373,0.4142476171554319
2024-12-12 18:00:00,0.4003241917695354,0.42344555366914616,0.4073116438495743,0.3954452713190692,0.4106345600689255
2024-12-12 19:00:00,0.39918573628402476,0.4078517233185215,0.4074010355645774,0.3842334226144749,0.40490343385345806
2024-12-12 20:00:00,0.39910827077690253,0.44225299327583384,0.410269586634958,0.4103587068708334,0.41733019681583755
2024-12-12 21:00:00,0.3973105466340487,0.428635140458394,0.4089925125091505,0.3990312334618832,0.4117794958482432
2024-12-12 22:00:00,0.39240919867615925,0.4371833987619114,0.40992363098031837,0.40457516527613374,0.41374549597489124
2024-12-12 23:00:00,0.3895335963990498,0.45405721231264023,0.41027865701405397,0.4125740019016861,0.4180984528534963
2024-12-13 00:00:00,0.38838322746942927,0.43688115533674915,0.4285202141940636,0.3991319169632004,0.4191148042206697
2024-12-13 01:00:00,0.39004306330965505,0.45286018935674227,0.44701978267554104,0.41102340637599033,0.43207327361018727
2024-12-13 02:00:00,0.3912348477754308,0.4848451445427016,0.44661545962318355,0.43222924413524855,0.44478984102524866
2024-12-13 03:00:00,0.39234001670088936,0.49526228301870373,0.4482880734781658,0.44114378914493246,0.45050866973916914
2024-12-13 04:00:00,0.39440158017206406,0.4924977683258532,0.44210957124864725,0.43984644602673695,0.44868779935225583
2024-12-13 05:00:00,0.3963782667126834,0.4520662640670685,0.43559213277654546,0.4133525273261097,0.43111278304120726
2024-12-13 06:00:00,0.39755664091729054,0.43736354643715225,0.41741031904451187,0.40412473840721164,0.4191614204476069
2024-12-13 07:00:00,0.389878801783532,0.42472089008501585,0.4113042670160657,0.39309495508885783,0.4100936083399158
2024-12-13 08:00:00,0.35696468561044115,0.39938290291658485,0.41388970672757935,0.3683495262259406,0.3921221916992533
2024-12-13 09:00:00,0.31807785312589926,0.3661462069288613,0.4092371198804656,0.33655143527436016,0.3676547403197207
2024-12-13 10:00:00,0.2974655657052455,0.3009581701986393,0.3988765382256198,0.2819874178527136,0.3339862563678146
2024-12-13 11:00:00,0.2628542398804362,0.3104595787413524,0.40378510570563764,0.2879653463629329,0.33129052072997117
2024-12-13 12:00:00,0.25754725670118644,0.3397210763566636,0.41940893129526846,0.3113538799781687,0.3448805150706945
2024-12-13 13:00:00,0.27092920472463355,0.34688314213544985,0.41490508305414076,0.32053087681943887,0.34968252352064755
2024-12-13 14:00:00,0.29385601874727735,0.35645957553677254,0.4032762495350035,0.3287409056965567,0.35618358978827336
2024-12-13 15:00:00,0.333832304342318,0.3756656287017187,0.4028721265554741,0.3483006492979744,0.37401829284508326
2024-12-13 16:00:00,0.37759920872521874,0.40068858976284877,0.40286190882857187,0.37461181054989157,0.39489604345470347
2024-12-13 17:00:00,0.40204055811886696,0.3947655771382614,0.40236993915501995,0.3743284897098632,0.3991248820830858
2024-12-13 18:00:00,0.402496488791854,0.37501568019823645,0.40173319859878653,0.359523495165354,0.39193224787891673
2024-12-13 19:00:00,0.4018446362092208,0.36834284390109695,0.40181328851498527,0.3616030877673675,0.3892271754639164
2024-12-13 20:00:00,0.4020111679924188,0.3754599577017319,0.4013408239653418,0.37244543801624286,0.3919305155961363
2024-12-13 21:00:00,0.4014707928103459,0.36966870751529035,0.40155572992295874,0.3674115693302876,0.3898302682705515
2024-12-13 22:00:00,0.3995323918135882,0.3884872681619763,0.40322377451457186,0.3828237877893911,0.39677703748959786
2024-12-13 23:00:00,0.39410881808211734,0.3860579593326403,0.4038008810193415,0.38014135399187693,0.3946193117693711
2024-12-14 00:00:00,0.39124433557339566,0.38526081354565,0.4209115051827118,0.3780843233245608,0.39939984207243173
2024-12-14 01:00:00,0.3900965548598926,0.39818800905984375,0.43805832291353264,0.3877521619051622,0.40916297885334346
2024-12-14 02:00:00,0.3898575099831795,0.4167559471138613,0.4415644430270865,0.4018349982070829,0.41694396525390676
2024-12-14 03:00:00,0.38905382957918555,0.42239706518579084,0.43951425151554735,0.4058280021934863,0.41809410259942204
2024-12-14 04:00:00,0.38903599830160057,0.4230989802438374,0.44111267976626545,0.40633465173338285,0.41872846067070335
2024-12-14 05:00:00,0.38853384787603384,0.423171240956198,0.44134803844219467,0.4066851266921315,0.41868767900992376
2024-12-14 06:00:00,0.3882971850001647,0.39307902555691604,0.4449759104161363,0.38437288737546854,0.40789572758919723
2024-12-14 07:00:00,0.36596391766424385,0.367553778046136,0.446661707810771,0.3554481499153489,0.391633082209537
2024-12-14 08:00:00,0.3136028053625997,0.32303341202747493,0.4436736969474224,0.3065505317627294,0.35785168751312063
2024-12-14 09:00:00,0.2807585833017502,0.3000457582633519,0.4257304836914978,0.28310515914282613,0.3371411545274932
2024-12-14 10:00:00,0.257137109758046,0.2850200462268943,0.41811227522655,0.26620105570807945,0.32338892830867993
2024-12-14 11:00:00,0.24823910048932313,0.2959632661909081,0.4195927414566837,0.2745967645275032,0.3235988790687945
2024-12-14 12:00:00,0.29111422642592,0.33657428229189634,0.431788972851597,0.3138019482565174,0.3571860763199113
2024-12-14 13:00:00,0.3079097155146093,0.3633745563652868,0.43236924526544773,0.3376986571356318,0.37367328955778745
2024-12-14 14:00:00,0.29972339044625673,0.37723516528679507,0.435083533027808,0.3501316972610682,0.37886850801481187
2024-12-14 15:00:00,0.32733126431348114,0.38247660292668634,0.43479155207167697,0.3561313260646483,0.38697220343323596
2024-12-14 16:00:00,0.37140935593676483,0.38741113806879046,0.4329515912067669,0.3660445795118104,0.3994624150453574
2024-12-14 17:00:00,0.3989334918956895,0.3660890798092817,0.43210255983472556,0.3534008176185749,0.39805220609477965
2024-12-14 18:00:00,0.4008505750421443,0.35542674720027195,0.4349515321847513,0.3457466613727776,0.3952506604206873
2024-12-14 19:00:00,0.4023663537298985,0.33964079496229693,0.4339503680078386,0.33319070179011534,0.3891638980821033
2024-12-14 20:00:00,0.40353486543959105,0.3564342811223552,0.4343909160432633,0.3464939450522498,0.39680633334200094
2024-12-14 21:00:00,0.4028752132946472,0.3628188687320141,0.4322347979905705,0.35131512567443135,0.3984841712547286
2024-12-14 22:00:00,0.4021996183758862,0.3820977831974468,0.435507535763465,0.36645551436400775,0.40667041404092885
2024-12-14 23:00:00,0.40174681655449634,0.39338421402502116,0.4372067346603477,0.37462203336514016,0.4108287431349138
2024-12-15 00:00:00,0.4007773572084809,0.3869074609272328,0.4375625614998613,0.36824764802599547,0.40852138432914165
2024-12-15 01:00:00,0.3950286264611322,0.39170590486364454,0.4417188899885683,0.3684639771777833,0.4097792226470449
2024-12-15 02:00:00,0.3914163882592471,0.41547704747350167,0.44287523699824694,0.38402274690725574,0.41749521310659893
2024-12-15 03:00:00,0.391097860197956,0.4321149616727405,0.43991115433878164,0.39545931287543046,0.4224893261880575
2024-12-15 04:00:00,0.3913918367632953,0.4317922905288533,0.44082927981673053,0.39559649081438353,0.42281247955608753
2024-12-15 05:00:00,0.39180494424485973,0.42801432643839954,0.44018832682912773,0.3935029320414886,0.4212061647814908
2024-12-15 06:00:00,0.39009100237039884,0.39670325674192913,0.44494492999881374,0.37233196549623093,0.40988270842920865
2024-12-15 07:00:00,0.34951583281310994,0.3747712644095101,0.44466692262843,0.3472742475321471,0.39004635187491166
2024-12-15 08:00:00,0.2780424510625397,0.3262235630139415,0.43564883237985563,0.2983127174793969,0.3481192064142608
2024-12-15 09:00:00,0.2159747645528946,0.28818047524793206,0.4187115286099309,0.2614032260738958,0.30823883852331263
2024-12-15 10:00:00,0.19484368934662039,0.26756313662013637,0.4133869527658366,0.24253499562720895,0.2912240249482537
2024-12-15 11:00:00,0.1938936293162205,0.2592357196532128,0.41026847004847516,0.23351368518575247,0.28778995318359485
2024-12-15 12:00:00,0.1832594464926815,0.2572699058281658,0.4046887701150256,0.23156520444325102,0.2821684294967307
2024-12-15 13:00:00,0.23573270644341274,0.2830640864249559,0.41481033164576475,0.26010849345092435,0.3146332884940015
2024-12-15 14:00:00,0.22822240226485327,0.30933264260563087,0.4197122822360852,0.28225859147447063,0.32239269178679514
2024-12-15 15:00:00,0.26709039361039844,0.3491782344677371,0.4266408794389883,0.3228837832729132,0.3550747176258976
2024-12-15 16:00:00,0.34750117046208007,0.37394463338326617,0.4327845181982696,0.35053348673270485,0.3885467369018193
2024-12-15 17:00:00,0.39570307738574884,0.358264140823423,0.43501193363249624,0.34719125925300165,0.3961363048392019
2024-12-15 18:00:00,0.40081754750304266,0.3835380885237318,0.43475625049240546,0.36832383226671644,0.4065560198229616
2024-12-15 19:00:00,0.40162177616071215,0.38354030657368676,0.4343328535731932,0.36847584719154625,0.40671983900506337
2024-12-15 20:00:00,0.40221766163985584,0.3952659470130602,0.4337128865087553,0.37824201549988545,0.4113870302575804
2024-12-15 21:00:00,0.40204561270923006,0.38990248897096985,0.4333517954225857,0.3737321893125106,0.4095701719591852
2024-12-15 22:00:00,0.40256227621652796,0.394082961637375,0.43571858699873,0.37730138857072415,0.41204156492284605
2024-12-15 23:00:00,0.4018664980921517,0.4043364804593865,0.440697845467741,0.3838512380725118,0.41666839838764386
2024-12-16 00:00:00,0.39867803285487147,0.44127800978544224,0.44241538937034464,0.4091930764675917,0.429063273978336
2024-12-16 01:00:00,0.396481025640937,0.4567520246168457,0.4448606219143319,0.4188352619769408,0.43540897022044533
2024-12-16 02:00:00,0.39661686976766725,0.4496548828302879,0.44783759289046776,0.41430895055767575,0.4344874894291337
2024-12-16 03:00:00,0.394540732905902,0.45569805027049914,0.445663517924918,0.41789396010152746,0.4359162132865237
2024-12-16 04:00:00,0.3935948062842092,0.47428573303944765,0.4336883251162754,0.43153021619621984,0.4393826709647548
2024-12-16 05:00:00,0.3943886577305424,0.46546093364399566,0.4209756567039196,0.4256019736122811,0.43176741410816094
2024-12-16 06:00:00,0.39184528685801656,0.4284863032314236,0.40792964855647795,0.39735835465140823,0.4113458335610526
2024-12-16 07:00:00,0.38751360334928997,0.44369853659071373,0.40289202652263845,0.4078735063496896,0.41371311419249585
2024-12-16 08:00:00,0.3672215645583431,0.45392076500976986,0.40756593684649217,0.4133019031183528,0.41185153070018315
2024-12-16 09:00:00,0.3305660843415832,0.4224136864031539,0.40707615865241087,0.3896349351910975,0.3931486501531307
2024-12-16 10:00:00,0.30495118098087637,0.3995429280240706,0.4098299909035534,0.3694268269341203,0.37975107294626953
2024-12-16 11:00:00,0.29039578690771156,0.4140579957292614,0.4164912250188667,0.3814769231898814,0.383584429846333
2024-12-16 12:00:00,0.29049084301156003,0.4405967298584719,0.4211813300059106,0.39984674315819047,0.3981104150607323
2024-12-16 13:00:00,0.3183215469819055,0.4537836957879284,0.42075046087747425,0.4128833672497377,0.41113600985654636
2024-12-16 14:00:00,0.34570303847093903,0.47643850334098053,0.41124592896883894,0.4337402235618192,0.4231838171505747
2024-12-16 15:00:00,0.3550191777685983,0.4924488934394004,0.4134208158939701,0.449651371238958,0.42819022379333155
2024-12-16 16:00:00,0.37263724406615195,0.5149286714182257,0.41791538604295114,0.4705330675753983,0.43960864018048257
2024-12-16 17:00:00,0.4002783536428944,0.4887787581055928,0.4138989849590379,0.45231374307606237,0.4354740502435694
2024-12-16 18:00:00,0.4003880190809515,0.4613544980386965,0.40940407282656527,0.4301239050574594,0.4247412554204952
2024-12-16 19:00:00,0.400447658206959,0.461736927661608,0.41095337700339624,0.43112348114404275,0.4258324747034814
2024-12-16 20:00:00,0.4012378952664976,0.5035705874600376,0.4192125216747356,0.46582487284158003,0.4423919538937607
2024-12-16 21:00:00,0.4015783308070596,0.5211006076869149,0.4256668067949006,0.4800207916217142,0.45030968132691884
2024-12-16 22:00:00,0.40084408293259866,0.5599833154841695,0.4355840734872797,0.5095107775643585,0.46540499556664283
2024-12-16 23:00:00,0.4003881365035871,0.5864993575747488,0.42628353214470527,0.5178295650054902,0.46785822920660364
2024-12-17 00:00:00,0.4009090784790213,0.5945821861928496,0.4337709716159999,0.5169146304158329,0.4746678730049955
2024-12-17 01:00:00,0.4001962124348946,0.5832673973048084,0.44131631940379507,0.508524729395583,0.4799580803268824
2024-12-17 02:00:00,0.40083554690755735,0.615711118236186,0.4357544718112289,0.5294142976778924,0.4916768355403057
2024-12-17 03:00:00,0.4001423778102413,0.5855390485402325,0.42110125650977176,0.509337123518793,0.4776016816548555
2024-12-17 04:00:00,0.400801679034589,0.5596870419565025,0.41401019190625,0.4922765630018033,0.4649714377491963
2024-12-17 05:00:00,0.4009336597297221,0.5418479618524096,0.4027831243014137,0.47972919891093546,0.4541376738479261
2024-12-17 06:00:00,0.3990864001245258,0.5330673469672749,0.38825332974460364,0.47315434925424227,0.44321958591788846
2024-12-17 07:00:00,0.3443534833049723,0.4843532900946748,0.3973052586117731,0.42840476936125277,0.41221655681284625
2024-12-17 08:00:00,0.2566088416576828,0.37086066083768565,0.39744919211429636,0.3304179885013053,0.3466225242698522
2024-12-17 09:00:00,0.20681140241058035,0.31934679597862187,0.3923423269406079,0.2796902375629845,0.3115143232756862
2024-12-17 10:00:00,0.18579484340342067,0.2745011205538013,0.3852458406012047,0.23862811449356075,0.2851162255438517
2024-12-17 11:00:00,0.17661027884788102,0.2662684882997696,0.3904796006619697,0.23278919524539093,0.28065202630888425
2024-12-17 12:00:00,0.1721710583420517,0.27204129074730893,0.3930834190278143,0.2392085324767943,0.2826723549192419
2024-12-17 13:00:00,0.17952131381334674,0.27817473846974905,0.39164515788022425,0.25551324929508024,0.28966956907987484
2024-12-17 14:00:00,0.1997822778672172,0.2939210917139943,0.3842909843107197,0.27026487942515254,0.30074991299946924
2024-12-17 15:00:00,0.2515282866264065,0.3485249708785956,0.3929786676479373,0.32931959926995813,0.33928221673750936
2024-12-17 16:00:00,0.3389156285625076,0.3879858546815683,0.39841033529452735,0.3703023110080211,0.3793099063893872
2024-12-17 17:00:00,0.4004022886894722,0.4375614781519611,0.4048922696179165,0.4191824426865893,0.4143959293081338
2024-12-17 18:00:00,0.4012843252498437,0.42998293690955514,0.40294439187580333,0.4134890363964042,0.41201380178001995
2024-12-17 19:00:00,0.3999261738249336,0.462150159518272,0.40672766972247115,0.4401142130902726,0.42464430435205147
2024-12-17 20:00:00,0.3982545916755192,0.5213675001539898,0.41350093973896956,0.48819957410365733,0.44486011959054766
2024-12-17 21:00:00,0.39891284884276,0.5591452811637845,0.422214707827237,0.5194451064954806,0.45941852801343447
2024-12-17 22:00:00,0.39644386499465717,0.5900095298776703,0.4196510675504622,0.5423088744970245,0.4672970750606708
2024-12-17 23:00:00,0.3894569061099842,0.5958402576030795,0.41375260097659905,0.5401661255567778,0.4651540217704142
2024-12-18 00:00:00,0.38869907386102565,0.5564131188069913,0.42288473765095924,0.5077867833581757,0.4608636993981939
2024-12-18 01:00:00,0.3903508771162097,0.5704326784114518,0.4353838550686473,0.5169505795658363,0.47461590913242857
2024-12-18 02:00:00,0.392956942003706,0.579908730647911,0.43478934707889233,0.5231517269399956,0.4823153115588737
2024-12-18 03:00:00,0.3920913949272401,0.5669480266131012,0.44068222838573473,0.5136386818218441,0.4802034735712095
2024-12-18 04:00:00,0.39273561785514777,0.5535727427909456,0.4313294855958524,0.502295242782568,0.472053933225762
2024-12-18 05:00:00,0.39306100077198847,0.5586860501807923,0.41101698552712196,0.5061724278667854,0.4660524405401982
2024-12-18 06:00:00,0.3923398014943632,0.5158202806578012,0.3948444745165,0.4747617451913252,0.44290854430302784
2024-12-18 07:00:00,0.35863237109338464,0.4856272166274626,0.40145574219486607,0.4456371781252585,0.42225344871680487
2024-12-18 08:00:00,0.3135679417075381,0.42564294829445115,0.4023398267229234,0.3961595228227006,0.3878676145187119
2024-12-18 09:00:00,0.24852991984302306,0.40804299726715343,0.4022747209114239,0.3761170082672226,0.3625148263027458
2024-12-18 10:00:00,0.19584934965560646,0.36254745836895996,0.3944747909516449,0.3318612320985886,0.3243842685205113
2024-12-18 11:00:00,0.17760028014061716,0.3304251429394814,0.3978530783480657,0.3014162413670412,0.3071881965123245
2024-12-18 12:00:00,0.17548640889814485,0.2966128914179831,0.39410146059355416,0.27828041656406227,0.29503738824422354
2024-12-18 13:00:00,0.18441464640871022,0.29552203150805534,0.39024309940465446,0.28493270751548594,0.29837986479264633
2024-12-18 14:00:00,0.20612942091825703,0.3090331220593533,0.38126259202044105,0.29667758825278007,0.30726725321316367
2024-12-18 15:00:00,0.24830771562428142,0.34938017759012874,0.3878090456718443,0.33365441143761154,0.33659531748627763
2024-12-18 16:00:00,0.3402643289111878,0.3967514516110789,0.39451800118878166,0.37944259540142516,0.3817670458935359
2024-12-18 17:00:00,0.3890176364658602,0.4237971319569873,0.39838732649113523,0.39968180415278687,0.40482271401281084
2024-12-18 18:00:00,0.3909206863168615,0.44212458764537294,0.40154112547193427,0.40869430090970044,0.41292163511904184
2024-12-18 19:00:00,0.3909368503497632,0.4436957633391517,0.40181244948033806,0.41064611686942565,0.4141949448802645
2024-12-18 20:00:00,0.3912267957028674,0.47750149801424363,0.4061334371311711,0.4389388226244862,0.4274782964655305
2024-12-18 21:00:00,0.3910917222728114,0.4861837489523742,0.40805421189696445,0.44629958332981523,0.43128493609876123
2024-12-18 22:00:00,0.3902565510794304,0.5090621623172764,0.4122580198072534,0.46398299989185554,0.44075886711746864
2024-12-18 23:00:00,0.3885893995852787,0.5244835378055852,0.41007155748542934,0.4695000245570366,0.4441875569283151
2024-12-19 00:00:00,0.3913741167792067,0.5401400485145312,0.42643690480614455,0.478022773133684,0.45847150583067414
2024-12-19 01:00:00,0.3916302636144796,0.5482070276956293,0.4434058401453581,0.482124062632684,0.4706080168892339
2024-12-19 02:00:00,0.39241815513381156,0.5463573475786151,0.44395576919839447,0.47997997340151616,0.4726917912843192
2024-12-19 03:00:00,0.38996768906293805,0.5309840985795834,0.4355767705161594,0.46604066357828144,0.4646154105059671
2024-12-19 04:00:00,0.3905449027424031,0.521486970695158,0.42915177355107587,0.46030363272259545,0.4581872248178452
2024-12-19 05:00:00,0.38993762004907634,0.5206875247513588,0.41411362155702025,0.4592041903800779,0.4511116478835567
2024-12-19 06:00:00,0.39044115408671265,0.4847044104390331,0.39626286766591046,0.4346331012292519,0.43023344144444897
2024-12-19 07:00:00,0.371686844152414,0.4627796340689081,0.39467297640980453,0.41628364693645364,0.4156326450316912
2024-12-19 08:00:00,0.33469856330521724,0.43255006805783175,0.3996452371499904,0.3907686978466217,0.39575428130323403
2024-12-19 09:00:00,0.3009823205110078,0.4270746577762165,0.4016093443295193,0.38499772765902285,0.3863461903202717
2024-12-19 10:00:00,0.2786608553990137,0.4134480280033746,0.40345718693860066,0.3716015131212578,0.37731988677981304
2024-12-19 11:00:00,0.2677169452572189,0.40032100907114987,0.41207455334841875,0.36406832232900266,0.37201408458020446
2024-12-19 12:00:00,0.25183740608779315,0.3983405644648819,0.4201205189229482,0.3632998233182074,0.37191662111853224
2024-12-19 13:00:00,0.27056210184929,0.3985024475898822,0.4148334441015669,0.36987507841015704,0.3757007362625911
2024-12-19 14:00:00,0.29889717487553147,0.4196242613759922,0.4103691777309137,0.38953583667490077,0.3884997988685399
2024-12-19 15:00:00,0.3110884658033525,0.43955093402005535,0.4113176604243939,0.40438609509439144,0.39815864824576785
2024-12-19 16:00:00,0.35663762003802685,0.4840887208616532,0.42510135498184487,0.44160209806291806,0.4293792508977402
2024-12-19 17:00:00,0.3943663732019077,0.5159285343055031,0.43076628142376727,0.4700723260201382,0.45033352571325935
2024-12-19 18:00:00,0.39478620828810645,0.5146178656169809,0.43244270237116783,0.47035830708197635,0.45043463061551103
2024-12-19 19:00:00,0.392403985322283,0.5061884288050494,0.4312862719044119,0.46415230277512876,0.4477322221525895
2024-12-19 20:00:00,0.39272765940141807,0.5254944570747303,0.4366940479856782,0.4829582246987534,0.45612348162521144
2024-12-19 21:00:00,0.3931873323237713,0.5545362086028006,0.44356341450696557,0.5073013364586049,0.4667660775828097
2024-12-19 22:00:00,0.39689535309543866,0.5755903385583927,0.45150483632482696,0.5264276890061882,0.47589888954906
2024-12-19 23:00:00,0.39536260039484045,0.6159353783794294,0.4470832717715748,0.5470713695161739,0.4830274119261924
2024-12-20 00:00:00,0.3945139271047065,0.6111986922713506,0.4551955847777652,0.5353759132969033,0.4875738216667804
2024-12-20 01:00:00,0.3950072922743708,0.6115668573143229,0.4676025038415244,0.5339201569931252,0.49813823690293624
2024-12-20 02:00:00,0.3942983668767152,0.6112452678116302,0.4671419280918728,0.5308533617732373,0.5016707756437485
2024-12-20 03:00:00,0.39391736450640435,0.5965120265484078,0.4624686602396826,0.5196975652919961,0.49697906205633274
2024-12-20 04:00:00,0.3940884490940835,0.5872155028039535,0.4536034452849209,0.5117217268081211,0.4904734187769924
2024-12-20 05:00:00,0.3938859468357022,0.579330089227996,0.4401484365511903,0.5067587413586152,0.4806176786390083
2024-12-20 06:00:00,0.39286072558253987,0.5402203030271668,0.4214038180179041,0.4784600714330535,0.45819315214799994
2024-12-20 07:00:00,0.3419322874109521,0.4968703457103726,0.423142434424395,0.44068871948665483,0.42894860825661163
2024-12-20 08:00:00,0.25776199490259266,0.4084153804442457,0.4087476421226749,0.3602326406346523,0.36735012986255744
2024-12-20 09:00:00,0.20624040553185174,0.32398956744781493,0.38693334521421585,0.28751098057560004,0.31386085732107954
2024-12-20 10:00:00,0.18426018332969055,0.2881911493831887,0.3746410635172914,0.25390965674894866,0.2899174286898743
2024-12-20 11:00:00,0.17695835400482962,0.2769157328515122,0.38321904119602995,0.24182549618635688,0.2847121195316579
2024-12-20 12:00:00,0.1747008434880841,0.2737648018306744,0.3891559867176609,0.23623852915515736,0.2831935444262606
2024-12-20 13:00:00,0.18430106565643053,0.2824850872651073,0.3890508380766441,0.24843871360345404,0.2910428734087388
2024-12-20 14:00:00,0.2052088049592549,0.3157769542070146,0.38490231674518777,0.28644529981291145,0.3098399274060161
2024-12-20 15:00:00,0.2487412787679868,0.3576102843016562,0.39156290499729396,0.3261173245354902,0.3402950353855105
2024-12-20 16:00:00,0.331508782502488,0.4080823452898731,0.3991584891290261,0.3737063998784364,0.3850703405279896
2024-12-20 17:00:00,0.38882686874793804,0.42261219907805586,0.4031606219295847,0.3915186098554529,0.4066062757199131
2024-12-20 18:00:00,0.38965878707452095,0.4211626530664512,0.4049952165383221,0.39114225356951243,0.4067734893668786
2024-12-20 19:00:00,0.3898072042684473,0.4473374450036923,0.4100187357740675,0.41186742202170756,0.4178700086312776
2024-12-20 20:00:00,0.391227586343768,0.48359837047791476,0.416865539343887,0.4422803121281857,0.432212001685648
2024-12-20 21:00:00,0.3943954210529634,0.4724000617946692,0.42126961350696857,0.43493386900513775,0.42978438268306
2024-12-20 22:00:00,0.3946305942294141,0.505666474008566,0.42852935340208864,0.4625395927824915,0.4430974053615131
2024-12-20 23:00:00,0.39351438167225145,0.547297995444074,0.4323886389551779,0.4870364669538342,0.456177789779349
2024-12-21 00:00:00,0.39429773411840313,0.5615479484072448,0.4556616656925815,0.49362567470696933,0.4724154020550506
2024-12-21 01:00:00,0.39318847905038223,0.6051152488114613,0.4771945819250922,0.522982550854536,0.49498266090772053
2024-12-21 02:00:00,0.3938129552735396,0.6226244297183133,0.48044712694335523,0.5336870333726789,0.5046194523866799
2024-12-21 03:00:00,0.3933469358000897,0.6310799602558459,0.47663924833973664,0.5394302702968532,0.5084324440687947
2024-12-21 04:00:00,0.39219419070375694,0.6262902314519497,0.47696453987194765,0.5364147412011453,0.5062499436593897
2024-12-21 05:00:00,0.3921998481796468,0.5677484439194612,0.47239852060829024,0.4945524590818778,0.48597610814495246
2024-12-21 06:00:00,0.3937087758533557,0.4981747528225625,0.46436601241023184,0.4459662562787266,0.45915361071653726
2024-12-21 07:00:00,0.36740790313498894,0.4702587087110412,0.4649684198989424,0.42242169664948376,0.443205179574004
2024-12-21 08:00:00,0.3050885681466181,0.4319410334675331,0.45565141724103575,0.38530827210643726,0.4087071443208195
2024-12-21 09:00:00,0.24442696393285537,0.404722088896159,0.4438025077686002,0.3614253010866576,0.3771167271995742
2024-12-21 10:00:00,0.21779041245030867,0.3674361661238789,0.4381469978843739,0.32802987319777577,0.3549647483286856
2024-12-21 11:00:00,0.20702591308610072,0.33675000672007854,0.42802164466534537,0.29686780413335245,0.33658279974076194
2024-12-21 12:00:00,0.21779038512473947,0.30546444940475503,0.412084057711419,0.27001707885634607,0.3226580329104969
2024-12-21 13:00:00,0.2560204800393653,0.3167796399448493,0.41481212672488865,0.284077979887725,0.3378084003546907
2024-12-21 14:00:00,0.3131825824197461,0.34434728264877684,0.4275358991206318,0.3095886213700916,0.36483882029185205
2024-12-21 15:00:00,0.32655201359511427,0.39132976805302155,0.4363661273907892,0.3456345769663653,0.38946863220847716
2024-12-21 16:00:00,0.3661254884777569,0.4184641290600826,0.438687047373172,0.37003624872993024,0.4111729593854908
2024-12-21 17:00:00,0.38584427182025294,0.40712549777009666,0.4359788191586809,0.3630545549748615,0.41112864284206757
2024-12-21 18:00:00,0.38864849494016784,0.39287689620025995,0.4338766317536905,0.35252026851769924,0.4056149634495481
2024-12-21 19:00:00,0.3911890365192826,0.37801361764871466,0.4311333168900655,0.34038796063819193,0.399639403512728
2024-12-21 20:00:00,0.3911323095013074,0.39927926126193464,0.43506001844865266,0.35811402712452284,0.4093988580809165
2024-12-21 21:00:00,0.39128784403234596,0.3941775917117812,0.43432582927269836,0.3563626842228672,0.4073270991238729
2024-12-21 22:00:00,0.39133719167347697,0.4017215350758687,0.4343670697155712,0.36281931781341226,0.4109224263135476
2024-12-21 23:00:00,0.3918549953744306,0.42609266615563857,0.44064943051459055,0.3797362117027045,0.4223159469240409
2024-12-22 00:00:00,0.3911415566918012,0.4318340536440064,0.44133919134269245,0.38532732830997324,0.42390318214170236
2024-12-22 01:00:00,0.3899093915026693,0.4587745456991263,0.443938757648144,0.41470169233981347,0.4349375840864497
2024-12-22 02:00:00,0.38939553448237507,0.4745725046563594,0.4441504112567726,0.4264079223668667,0.4418313973120916
2024-12-22 03:00:00,0.38825206274632085,0.48468326701745634,0.44750956912770995,0.4345860611760691,0.44688593862573595
2024-12-22 04:00:00,0.38837586483849085,0.48315052841182426,0.44747324413353645,0.43355651637741616,0.4464277337808456
2024-12-22 05:00:00,0.3885624708259191,0.4839658880392735,0.4458142016146352,0.43437355483850587,0.44612662716999785
2024-12-22 06:00:00,0.38903160401660175,0.4484471881623836,0.4435848925968037,0.40793253154967096,0.4317367826818998
2024-12-22 07:00:00,0.36214674926794244,0.4331670531927523,0.445103229109756,0.39312475814131864,0.4193682920466673
2024-12-22 08:00:00,0.30020783257876066,0.40737052034431326,0.4411796591849882,0.36885740656513205,0.39270073498007785
2024-12-22 09:00:00,0.2514838168780315,0.37730596022111446,0.436322427891083,0.34538981852948636,0.36716457826450943
2024-12-22 10:00:00,0.2507947272440214,0.35077108166508203,0.4258653101938133,0.32561609373375705,0.35527141380313515
2024-12-22 11:00:00,0.24066429509250942,0.3495328608830621,0.43172459370517713,0.3235746610110177,0.3559217578069831
2024-12-22 12:00:00,0.21023365166303365,0.32678053982229444,0.4260968443404901,0.30230475723750017,0.3329924767776455
2024-12-22 13:00:00,0.2270451865275616,0.3281787275950671,0.42591617058737763,0.30118721597321474,0.3372901046143375
2024-12-22 14:00:00,0.26062998371825674,0.3522573537220578,0.4324402267586782,0.3245025930497649,0.3577411288443672
2024-12-22 15:00:00,0.30444802011488503,0.37090807627714195,0.43601240598238933,0.3413131074544343,0.3769495030743647
2024-12-22 16:00:00,0.354497921534333,0.4048186396906786,0.4423101234678551,0.3731675425816482,0.4051437444093839
2024-12-22 17:00:00,0.3909458767299911,0.4121212073729643,0.44067635515362075,0.3779783850451849,0.4162164261502804
2024-12-22 18:00:00,0.39276401107956144,0.4331129790703161,0.4445159918707984,0.38012848762554985,0.42536427432584917
2024-12-22 19:00:00,0.3917164239345926,0.4311904563001782,0.445904458825013,0.3842406956784079,0.42508583500478403
2024-12-22 20:00:00,0.3914941501197648,0.4606626000576692,0.455521705459247,0.40837453269800894,0.43891465732627255
2024-12-22 21:00:00,0.3909875024646969,0.46065583539886695,0.455783174390114,0.4077143936068021,0.4389681558464708
2024-12-22 22:00:00,0.39023956343990485,0.4834976079609947,0.4581566440761287,0.42423131693953176,0.44797426346607727
2024-12-22 23:00:00,0.3880369948412693,0.49570304740458737,0.462225352398691,0.4297417323020377,0.4531817544044109
2024-12-23 00:00:00,0.38853171504663087,0.48099569548537874,0.4593021739201661,0.43077762700714317,0.44745928828446374
2024-12-23 01:00:00,0.38825537861309095,0.4837063052438537,0.4709625031340616,0.43378866844920333,0.4534128181722591
2024-12-23 02:00:00,0.38872351430562263,0.49051881553281546,0.47508807039851497,0.4392606021065853,0.4586216446806811
2024-12-23 03:00:00,0.3884778558292606,0.4951989881169456,0.46786299512971397,0.4423883232743088,0.4591542651636828
2024-12-23 04:00:00,0.38844246319464737,0.5083835148213837,0.44204768235561165,0.4523832152819596,0.45740416951829704
2024-12-23 05:00:00,0.3896914792176271,0.51639061219871,0.4202821320883215,0.45953792637376906,0.4530283271737754
2024-12-23 06:00:00,0.3908913536563311,0.4913938846473989,0.4026270962450007,0.44307401924820794,0.4357318883584266
2024-12-23 07:00:00,0.37310786363317333,0.4734283980558453,0.40801414983864526,0.4260686628746464,0.4233606854558762
2024-12-23 08:00:00,0.3542793373286454,0.4455106978332491,0.41021205211998574,0.40266539603725876,0.407564727490396
2024-12-23 09:00:00,0.3276225378744984,0.4237729255495065,0.404088305254328,0.38283509458211645,0.3898458000721266
2024-12-23 10:00:00,0.3168949745910995,0.40829735194228733,0.40294480770104896,0.3615677316409692,0.38100897384795157
2024-12-23 11:00:00,0.30961506751438306,0.38779744923000314,0.4130829044532673,0.3563404531216243,0.3765305936756324
2024-12-23 12:00:00,0.29390700593115654,0.404574146731655,0.41901448965524446,0.38088713345408665,0.3823450479801486
2024-12-23 13:00:00,0.3107498096259929,0.4078992186940901,0.4167142366272439,0.3793374501250624,0.38619793885468
2024-12-23 14:00:00,0.328694437152279,0.45016400891812436,0.40865209604325253,0.41501847541430886,0.40375350266673293
2024-12-23 15:00:00,0.35209888626793634,0.5046029636187351,0.420258232612591,0.4615988816447569,0.43182912337061063
2024-12-23 16:00:00,0.38289201427110914,0.5636398130106878,0.4353749975380266,0.5123365361243697,0.46530129068009557
2024-12-23 17:00:00,0.3921473587283456,0.5635049331910303,0.447206547857039,0.5110497501036094,0.4706345692402664
2024-12-23 18:00:00,0.3894611757467086,0.5599687220753871,0.4454778424580706,0.5026954858593723,0.4669805373085326
2024-12-23 19:00:00,0.3929788732408536,0.5437628659917371,0.44168061751791965,0.45243345107437466,0.4625035160857035
2024-12-23 20:00:00,0.39258553435452326,0.5692585463301234,0.4458339520188626,0.48159158475072217,0.4715487971236676
2024-12-23 21:00:00,0.3918797884991277,0.5833048760613093,0.4406701324056491,0.4789897232860772,0.47127680157872587
2024-12-23 22:00:00,0.39258641024588153,0.5864809686724783,0.4342134229838954,0.4794038611049799,0.4700655490538621
2024-12-23 23:00:00,0.3897286472214513,0.5909573662975677,0.4212646226829188,0.49703297531935187,0.47016790872765263
2024-12-24 00:00:00,0.39076047531061975,0.5630087377874788,0.43140260466290703,0.47356792381032026,0.47102642811843753
2024-12-24 01:00:00,0.3904808126953099,0.5410891715929591,0.448825986555696,0.4507447444284183,0.46948114634942845
2024-12-24 02:00:00,0.39043770119779586,0.5133915934916594,0.451052496052053,0.4282763665538913,0.4600150304970662
2024-12-24 03:00:00,0.3917766588814038,0.490833752969243,0.4498638057805218,0.41439946087789414,0.4509519738160086
2024-12-24 04:00:00,0.39138612382896093,0.4819608028396624,0.4399439614988444,0.4116449231438528,0.44364192599702157
2024-12-24 05:00:00,0.3903401460739852,0.4831323021629051,0.4219221746767659,0.4119354309245907,0.43772806329613306
2024-12-24 06:00:00,0.39150575701740675,0.4532216700222783,0.4020224771238098,0.3897924355114169,0.4189959672532645
2024-12-24 07:00:00,0.3798805349128339,0.4627898967564333,0.40324623570931806,0.39581157900406344,0.41950012419107974
2024-12-24 08:00:00,0.3591579473981185,0.45162259304131847,0.40406483348956845,0.37869894077351546,0.40972185370591996
2024-12-24 09:00:00,0.3356343134509184,0.4310266216527071,0.4030511310101278,0.3351088910452949,0.39532462943910684
2024-12-24 10:00:00,0.3131856802770898,0.3955199183754252,0.3994858328488099,0.29735648363717443,0.37457478868117033
2024-12-24 11:00:00,0.25871983285174543,0.37782198619939,0.4097421128125238,0.28649277827379727,0.35199208014729205
2024-12-24 12:00:00,0.26229723454900716,0.40170069442503653,0.418512848421975,0.3111240186637524,0.36694267624863824
2024-12-24 13:00:00,0.28803901077337823,0.41599372487760866,0.41789563235067984,0.3315060185376423,0.3834537651425667
2024-12-24 14:00:00,0.2994907328074181,0.4428783518336165,0.40828105530642633,0.36631268199553896,0.3938297573422534
2024-12-24 15:00:00,0.3184157238121201,0.4794678738707339,0.4110455710755996,0.39680149425051325,0.41322889681089053
2024-12-24 16:00:00,0.36754018625316087,0.5082440093558717,0.40907103685839663,0.429371683740217,0.43553730214329434
2024-12-24 17:00:00,0.39009530079352295,0.5211648005579134,0.40903666202337813,0.4421957964982858,0.4441640063848989
2024-12-24 18:00:00,0.3915406427773504,0.5395605498440466,0.4105308822468071,0.46038806291066087,0.4506510701538598
2024-12-24 19:00:00,0.3917459014645076,0.5750290686296584,0.4128223935378231,0.48659095074396796,0.4625789880228902
2024-12-24 20:00:00,0.3929385310551646,0.6240618392026617,0.41658363655824376,0.5245747011590158,0.478020791088992
2024-12-24 21:00:00,0.3939590145371945,0.626227753991348,0.4119852581359573,0.5227612282398656,0.475192822874825
2024-12-24 22:00:00,0.39315943684676063,0.6256470829479629,0.41855072965344897,0.5231145263318703,0.47530233431677316
2024-12-24 23:00:00,0.3916304471347643,0.6727719588957805,0.4032837778111177,0.5567525604056693,0.4830071502444546
2024-12-25 00:00:00,0.39143019501188525,0.6859495988056443,0.3980333673245316,0.5792055808159772,0.4898341562934717
2024-12-25 01:00:00,0.3920302189770756,0.6716790137607384,0.3920663327899536,0.5659466817681293,0.49131474028738753
2024-12-25 02:00:00,0.3919708997426953,0.6604741466384182,0.38437453714568126,0.5563647141564311,0.48993742882044733
2024-12-25 03:00:00,0.3917257858826978,0.6678253073115822,0.37848028890222274,0.5645897781019174,0.4925674233175742
2024-12-25 04:00:00,0.39158141802612745,0.669217874354328,0.3789178988406569,0.5685657259710496,0.49327227853784006
2024-12-25 05:00:00,0.39101394389859145,0.666851110464838,0.3715671916839718,0.5677794241830504,0.4869910755808379
2024-12-25 06:00:00,0.39103794254732543,0.5293437238970301,0.37965598567373904,0.4741951427202745,0.44067870259684816
2024-12-25 07:00:00,0.36212547163249564,0.4667066506565074,0.3952508896210636,0.4258914425697049,0.41332059467788806
2024-12-25 08:00:00,0.3169526647616966,0.4356186775746185,0.39506081624503053,0.3974516185494766,0.3887496912328857
2024-12-25 09:00:00,0.2892719762769212,0.4082182426174882,0.39887760487863,0.3705480630276427,0.372820722540874
2024-12-25 10:00:00,0.305386266329617,0.3987150588371953,0.4034112353951418,0.35369177766503,0.37716452602792566
2024-12-25 11:00:00,0.2885231965092637,0.40575031905061115,0.4178796374500679,0.356576476835649,0.38086738915749224
2024-12-25 12:00:00,0.24894224417920874,0.39706556703434503,0.4286672385900205,0.34743918811639163,0.37144479386671914
2024-12-25 13:00:00,0.20060083211860763,0.4031101756430164,0.42627632505374635,0.3949340768250354,0.3516198518969772
2024-12-25 14:00:00,0.22752834887637202,0.4204911564946672,0.4182910390614045,0.4127292759642167,0.36692734213410777
2024-12-25 15:00:00,0.27935665894149364,0.4463132713894694,0.4226211608285651,0.3845603897190695,0.3945232789610882
2024-12-25 16:00:00,0.3429676622739666,0.46506073889104105,0.42417013560851025,0.41854034342897734,0.41915812996849744
2024-12-25 17:00:00,0.3887986060667459,0.4691263804302824,0.4148971641638038,0.42252901750169264,0.42836122798822585
2024-12-25 18:00:00,0.3921200205326339,0.465397856220825,0.40786330674959453,0.419354997556243,0.42480973890879636
2024-12-25 19:00:00,0.3937580057286398,0.4579038646854064,0.4045945287741911,0.37172233291559065,0.41957554214498666
2024-12-25 20:00:00,0.394050531132081,0.4944708163119627,0.4064852480936593,0.3730625596046243,0.4311628630409711
2024-12-25 21:00:00,0.3928744972681179,0.48825887363221826,0.4096211879277168,0.3686834235932237,0.42913042999261236
2024-12-25 22:00:00,0.39319750534975983,0.5054948235310133,0.4112903860867349,0.42660725382972947,0.436324235866292
2024-12-25 23:00:00,0.391856126230656,0.5188834227155017,0.4038791127466853,0.4113587596236891,0.43670432886705934
2024-12-26 00:00:00,0.39143593938940224,0.5228398686308053,0.41281853476348296,0.4592503300988039,0.44565836986060114
2024-12-26 01:00:00,0.39045495587450335,0.5369315540280173,0.42660478418897096,0.46771519226569236,0.45738658561945883
2024-12-26 02:00:00,0.38970616007603487,0.5515634181291164,0.41958420832431276,0.47952438922279517,0.4635517100046469
2024-12-26 03:00:00,0.39066604261174087,0.5542126892351932,0.41723722790016954,0.4852480890027943,0.4654211521051461
2024-12-26 04:00:00,0.39061651902193745,0.568941168272357,0.41184872952083673,0.4984523429346793,0.4694352846495148
2024-12-26 05:00:00,0.390849087678913,0.5788272981281022,0.3980334405441945,0.5058708656473827,0.46693526374287414
2024-12-26 06:00:00,0.39016456692694496,0.5321889017578687,0.39895024593514533,0.4758360344466836,0.4480643196532232
2024-12-26 07:00:00,0.3373567040481294,0.4935708609259079,0.40974821860654564,0.4507406176103168,0.42257163062346226
2024-12-26 08:00:00,0.2556083192719247,0.429219383082963,0.4071055842101084,0.40485167545954603,0.3721579762891297
2024-12-26 09:00:00,0.22603969875206328,0.3413635474604325,0.3897624586258712,0.33103459899124343,0.3282321644195261
2024-12-26 10:00:00,0.18242682335482183,0.28823656755471233,0.38240519624816044,0.28154127988790856,0.2904272676214841
2024-12-26 11:00:00,0.17247402830226416,0.2722571738983514,0.39513083219801487,0.2690130072819621,0.284131733662249
2024-12-26 12:00:00,0.16910216601640596,0.24891851680906865,0.39836989062224687,0.24759005122185354,0.2740032070819224
2024-12-26 13:00:00,0.17675093778373202,0.2697504393589012,0.3968737708618472,0.27378359996435236,0.2849195398110445
2024-12-26 14:00:00,0.21055444418464234,0.3074550588952232,0.39326254932167076,0.3040339629529686,0.31139652569857923
2024-12-26 15:00:00,0.27384127415372117,0.3652888994669673,0.3982494635738424,0.34603911009004734,0.3529392502724605
2024-12-26 16:00:00,0.36803554726437643,0.42006744439263655,0.39151461626194195,0.39536709144999493,0.3963483023553953
2024-12-26 17:00:00,0.38688060619238746,0.45398823488882606,0.39315093232120435,0.4239795933597469,0.41471659059167637
2024-12-26 18:00:00,0.38693551091570644,0.4510120506951103,0.39268337534530806,0.4224165943114715,0.4136136547624473
2024-12-26 19:00:00,0.3868311872632934,0.4466604700395341,0.39211394800188226,0.41907876448080567,0.4119029644914236
2024-12-26 20:00:00,0.3868362033453263,0.4717921925539684,0.3935253717877487,0.4410245595227892,0.4203477371560615
2024-12-26 21:00:00,0.38838454595342753,0.46168000032268697,0.395446129238567,0.43220083151510086,0.41671471982626573
2024-12-26 22:00:00,0.3885412381446548,0.457925852356962,0.3929316217333562,0.42483072736840966,0.4142474270116029
2024-12-26 23:00:00,0.38772106951788915,0.48323786387669343,0.39382818497757954,0.4452852906192934,0.4236711581956366
2024-12-27 00:00:00,0.3885254767207252,0.5043188931167213,0.40659435471254346,0.45870927201044176,0.4372633144843002
2024-12-27 01:00:00,0.38818001792461615,0.5084968092072574,0.42075704366508454,0.460456191902014,0.4450202248648172
2024-12-27 02:00:00,0.38797458176702093,0.4911169587962306,0.42286395615209904,0.4474558295516833,0.43946615418842044
2024-12-27 03:00:00,0.38810989287411973,0.4654334060210816,0.4247929055044159,0.42614079334020416,0.43010542725897943
2024-12-27 04:00:00,0.38786389080710315,0.46168862794972615,0.4231541343240709,0.4229891122526097,0.42796145217263115
2024-12-27 05:00:00,0.3877066634923283,0.46189747115802954,0.40357052038219016,0.4246909412765265,0.42142559141788777
2024-12-27 06:00:00,0.3891765202418622,0.42227888354542853,0.3868732877976096,0.393493879319902,0.400953613040729
2024-12-27 07:00:00,0.3759934542561539,0.4295526970065805,0.3863011117968983,0.3981712142583309,0.40020329623006834
2024-12-27 08:00:00,0.3432176675588433,0.4004057643340868,0.39250491525213105,0.37073754268959314,0.38138188995908034
2024-12-27 09:00:00,0.3007326729899025,0.3766613484229133,0.399618886653962,0.3489728569337287,0.36274008262375607
2024-12-27 10:00:00,0.28402035226692185,0.38268327371717875,0.39838534776088685,0.3540313620819924,0.3595937788009358
2024-12-27 11:00:00,0.30199113662607274,0.344541703703386,0.4114489405267378,0.3210364198422489,0.3550688542181788
2024-12-27 12:00:00,0.30940979872568886,0.3770472907901706,0.4205728323449966,0.34651041890876966,0.37397928168258243
2024-12-27 13:00:00,0.2971780255177049,0.41207094914919074,0.41957648453414337,0.37927376274654817,0.38376215809597053
2024-12-27 14:00:00,0.281984708462816,0.4359830486783637,0.4101196737209192,0.404901246285342,0.3866647287068567
2024-12-27 15:00:00,0.3218322964428291,0.4477370402178515,0.4098342068269436,0.418096910984961,0.4033225141737836
2024-12-27 16:00:00,0.3691038203369973,0.4531069005708986,0.4076875405465725,0.4188188546216282,0.41557228548302094
2024-12-27 17:00:00,0.3904840080223029,0.44995010450971845,0.4066246011954169,0.3861154982646998,0.41817285977343005
2024-12-27 18:00:00,0.39054471571396265,0.4464951891112304,0.40744139710114896,0.3738217907278394,0.4169826143695982
2024-12-27 19:00:00,0.3937322847640951,0.4360986223042578,0.3935756107306229,0.36429503679837866,0.4087667966032852
2024-12-27 20:00:00,0.39679393134139873,0.4592692802597122,0.39049045816603944,0.3835578193535093,0.4154934151535723
2024-12-27 21:00:00,0.39780721204952807,0.45264297526169894,0.39355984179781917,0.4069745136943716,0.4148608352346043
2024-12-27 22:00:00,0.39523754666082517,0.4341080129006655,0.39720158175468984,0.4028981404568488,0.4092774253557728
2024-12-27 23:00:00,0.3903228531634194,0.4250870465806235,0.40186128526741155,0.39245194181375365,0.40611882834073054
2024-12-28 00:00:00,0.39068770349307164,0.4089212488564663,0.4175572382146513,0.3774210962500356,0.4056215513824234
2024-12-28 01:00:00,0.38985551084594283,0.4465853904585326,0.4298741690358994,0.4044207777747608,0.4226913607070193
2024-12-28 02:00:00,0.3898802949949212,0.46232731894741,0.4351000263080853,0.4146638445168406,0.4296979688984349
2024-12-28 03:00:00,0.39074963130697965,0.46017803840541904,0.4358295361482121,0.41384093343225026,0.42987067272231444
2024-12-28 04:00:00,0.39050117848481797,0.45231560161948503,0.43980062551609944,0.4072399275586791,0.427884617726666
2024-12-28 05:00:00,0.390563064276139,0.4436964718239242,0.4420527503052849,0.4017022565503088,0.4252884989548579
2024-12-28 06:00:00,0.3893263804828317,0.40328851330326954,0.44740016586986026,0.3725518492135348,0.41113616301978306
2024-12-28 07:00:00,0.34850055104202404,0.3824055437127862,0.4460566132426079,0.35095191647473095,0.3897682329559545
2024-12-28 08:00:00,0.23321101517902787,0.32530593901411775,0.4477031657435397,0.29677472804224775,0.3271075450080486
2024-12-28 09:00:00,0.16230989011923214,0.28173015590836076,0.4236459226482856,0.2646917755622867,0.2820846550713672
2024-12-28 10:00:00,0.1443664873524041,0.25540048336966775,0.4124286200051756,0.2482175740606427,0.2632706386722181
2024-12-28 11:00:00,0.13734981503255175,0.2440703531145104,0.4082782297924658,0.24228572387196765,0.25691114595401293
2024-12-28 12:00:00,0.1348656157187414,0.2458544138613491,0.4139790456072052,0.24970523181723364,0.25980506133638004
2024-12-28 13:00:00,0.16252358245327989,0.2588417245377958,0.4232441768356428,0.25849801408212036,0.2773365952644605
2024-12-28 14:00:00,0.198071559217291,0.28286119199105436,0.42851681665042685,0.28103933605715564,0.3030826434930086
2024-12-28 15:00:00,0.24358175268592636,0.3172231973660936,0.4351820090183093,0.3008310849317279,0.3312804463548807
2024-12-28 16:00:00,0.33191057226058657,0.38148668782759443,0.44458896946754656,0.35626415978387865,0.38626278055114543
2024-12-28 17:00:00,0.3941405321679985,0.38642834158731115,0.4421396821835213,0.368750449144477,0.40653351840367474
2024-12-28 18:00:00,0.39339071105289564,0.34763852316490557,0.4448330119479453,0.3374981982494946,0.3913706484957526
2024-12-28 19:00:00,0.3915640225557508,0.3189802666701264,0.4458489813349282,0.31458051910403445,0.37989057339271076
2024-12-28 20:00:00,0.39147428898700165,0.3455068896437323,0.44691187421811734,0.3389775975473995,0.3920365499011065
2024-12-28 21:00:00,0.39144286606140666,0.3454730975200754,0.4422388210918359,0.33980298806588916,0.3909669755604259
2024-12-28 22:00:00,0.39141912883987084,0.3479017545944766,0.4431620449571217,0.3386717388448723,0.3925283004997567
2024-12-28 23:00:00,0.3914336166004375,0.3426026209193249,0.44123208741839703,0.32618440112315816,0.3891145982473794
2024-12-29 00:00:00,0.39138241739339846,0.3625273783210177,0.4386578109326549,0.3389300176401674,0.39637271065253554
2024-12-29 01:00:00,0.3904353524301458,0.4030373070857559,0.4459489485476186,0.3722756280986225,0.41320171626284763
2024-12-29 02:00:00,0.390765015224718,0.4416746517637031,0.445803610902018,0.40381814079788364,0.4276147568806148
2024-12-29 03:00:00,0.39058352442159605,0.4614022185364949,0.44636251969393553,0.42160313526864157,0.43592684584557356
2024-12-29 04:00:00,0.39016422412243795,0.44836149957830085,0.44938745416356213,0.41220043043134874,0.43170257286451147
2024-12-29 05:00:00,0.3905966651235124,0.4560485533792648,0.4464519884444814,0.41904316134759945,0.4339174899829274
2024-12-29 06:00:00,0.3909601298509687,0.45854105111916477,0.4392383064872809,0.4239889109638019,0.4332016896596819
2024-12-29 07:00:00,0.3392836544247498,0.46213890120792545,0.4486338833376005,0.4316941719321642,0.42231826319871285
2024-12-29 08:00:00,0.25716474608522577,0.3839408491083048,0.46285189370030977,0.3638584865993028,0.36664271563930667
2024-12-29 09:00:00,0.20042164794191158,0.344474673589874,0.45132016250791224,0.3330615480987469,0.3256402488508323
2024-12-29 10:00:00,0.17833727487814524,0.31724962796730954,0.4447656158666254,0.3147558309574468,0.30528873862988043
2024-12-29 11:00:00,0.16902786957764956,0.29774119158129586,0.4460330796685321,0.29770046482028323,0.2948449019740083
2024-12-29 12:00:00,0.1666047634146943,0.2946836813289861,0.448197841555236,0.30746688530588673,0.2936127578860605
2024-12-29 13:00:00,0.17354639735411798,0.3091971564183269,0.4629197581352156,0.3276266225231548,0.30221028768536834
2024-12-29 14:00:00,0.19116994589319075,0.3575745250163176,0.4657055681604728,0.36851104104267995,0.32912414422601266
2024-12-29 15:00:00,0.23142513822245173,0.4340742172058457,0.47196667328026726,0.4361681116718938,0.37768713769616147
2024-12-29 16:00:00,0.31483465280372025,0.4974523481532112,0.46383481162090984,0.47720851773509304,0.4303965206130864
2024-12-29 17:00:00,0.3932686110460248,0.49825081555942163,0.45287774045113527,0.4761527500443281,0.4524345104521296
2024-12-29 18:00:00,0.39713003596912677,0.49283537093205465,0.45327001187666355,0.47044178737426645,0.45156695348978465
2024-12-29 19:00:00,0.3979506234491108,0.5125961570494598,0.4485326031451953,0.4884536617623089,0.4576389922409272
2024-12-29 20:00:00,0.396936903705257,0.5373204131920991,0.44329481937169674,0.5099007303898424,0.46554473292940185
2024-12-29 21:00:00,0.3969449683369597,0.5356810451927422,0.43722308360002365,0.5117331646464904,0.4637136812997585
2024-12-29 22:00:00,0.39704395139881904,0.5129131848212237,0.4426208941665315,0.4946910813648343,0.45624202866461927
2024-12-29 23:00:00,0.39771084904563553,0.5580497425312451,0.43023258101988376,0.5311185785140827,0.468010429282817
2024-12-30 00:00:00,0.39775804633585726,0.6283801465252483,0.4076839840560945,0.5923039622175347,0.4888601632812534
2024-12-30 01:00:00,0.39622837527849836,0.6403043674301564,0.3853581420411661,0.5964975135222073,0.4905225709446885
2024-12-30 02:00:00,0.39319216261965384,0.6218188049988842,0.3900240916625988,0.579844197350311,0.486458642087684
2024-12-30 03:00:00,0.3928392969828884,0.5974636485899412,0.4038114630624076,0.559030642026132,0.48248070128835147
2024-12-30 04:00:00,0.3928728806288862,0.5848858345495419,0.39895251251214875,0.54924023672363,0.4770025026646804
2024-12-30 05:00:00,0.39338089526553777,0.631263940689062,0.3477409552301929,0.5908927046928237,0.48444078569462073
2024-12-30 06:00:00,0.3937102573558761,0.6838420490428052,0.329115654638691,0.6295251454399239,0.48859159317842743
2024-12-30 07:00:00,0.37086126747689413,0.6781570460903472,0.35845642089581464,0.6215096348639894,0.48130584658355785
2024-12-30 08:00:00,0.3024898381413682,0.6015460303479369,0.3897053123838723,0.564335037504906,0.4439822347982197
2024-12-30 09:00:00,0.244462989219819,0.5168254260361368,0.41101746679916235,0.5040165657430565,0.4046702282205532
2024-12-30 10:00:00,0.2263006740669337,0.4663163200778623,0.4244221876020593,0.4704854096082084,0.38652700909856685
2024-12-30 11:00:00,0.2153440507881966,0.44109641860211357,0.44134000266249784,0.45342917233558194,0.37883826540298715
2024-12-30 12:00:00,0.22644670319875845,0.42655687866075126,0.4450822588199705,0.44534654776875315,0.3819270527860846
2024-12-30 13:00:00,0.20673049322088385,0.43659530626448406,0.4374934447156008,0.44732336267526923,0.3752130623863712
2024-12-30 14:00:00,0.21589021759104676,0.43906951816129547,0.4253653226834438,0.4383876472328693,0.37500165805332925
2024-12-30 15:00:00,0.23201133878180016,0.4767908896692788,0.4289682163478088,0.45573794673566254,0.3907663931028654
2024-12-30 16:00:00,0.31470935745048984,0.5262094070727804,0.41482564687354073,0.48442260609490573,0.432458773313608
2024-12-30 17:00:00,0.39145691193405396,0.5414343024885967,0.4060024977081313,0.47302644057556603,0.4546430946144288
2024-12-30 18:00:00,0.39329163253904337,0.5271278893819102,0.40604869715059516,0.49434019502165655,0.44985032798259883
2024-12-30 19:00:00,0.3932729643268941,0.5416448762600589,0.4029552556854326,0.5073924591712988,0.4550555502992781
2024-12-30 20:00:00,0.3947630843767091,0.5805328093156431,0.395700558484789,0.5419352134313066,0.4668029288921566
2024-12-30 21:00:00,0.3953111578591016,0.5669444431180547,0.40848053305872034,0.5315092244957299,0.46322688834622117
2024-12-30 22:00:00,0.39302145001720257,0.5902012091571303,0.4060987336981634,0.553536177789503,0.47097263376066656
2024-12-30 23:00:00,0.3934481343442588,0.6062880759253764,0.4066391757898095,0.5637872030685502,0.4782128330391214
2024-12-31 00:00:00,0.3937033064214924,0.625068660701652,0.407013912556837,0.583563974591519,0.49450989679785945
2024-12-31 01:00:00,0.3941282400219953,0.6220433711153794,0.41043528407166485,0.5753111295120864,0.4994978325547938
2024-12-31 02:00:00,0.39331177922931293,0.6318875953909283,0.407681202637208,0.5846522003344762,0.5062364688121603
2024-12-31 03:00:00,0.3922594100401161,0.6274452182937442,0.43151909022864854,0.5804679434956599,0.5081582001223742
2024-12-31 04:00:00,0.39150746058390795,0.6082378634385002,0.4494029157369549,0.5637043274206412,0.5005158222850943
2024-12-31 05:00:00,0.39092510205963793,0.5857344659922477,0.4363957476429296,0.5428498070512392,0.48301067699138184
2024-12-31 06:00:00,0.3897908358250069,0.5515034792428933,0.4151256043896516,0.5127335644483736,0.4601476625764684
2024-12-31 07:00:00,0.3656539362733788,0.49343118078607084,0.40144141197525013,0.45606593420474884,0.42794079862126816
2024-12-31 08:00:00,0.3100555187528629,0.39865137053106464,0.3975417795200714,0.37245365986226336,0.3737008393894393
2024-12-31 09:00:00,0.26067218577453083,0.3560051114625188,0.3902461295992133,0.33043659143466975,0.3397374058480141
2024-12-31 10:00:00,0.2288176787854559,0.3468297961262165,0.3911067934572512,0.329137170965476,0.3273459532564176
2024-12-31 11:00:00,0.20934911599601802,0.35637047940059646,0.4009232386491593,0.3366501903868856,0.3240690738516655
2024-12-31 12:00:00,0.2459788596920506,0.36602565947869753,0.4147990054933662,0.3497471515952241,0.348946647478737
2024-12-31 13:00:00,0.26193641709041987,0.38029994762635794,0.41114782127746957,0.3571129575045892,0.35831373243794346
2024-12-31 14:00:00,0.27703049195591484,0.40995167876207983,0.4044918290566802,0.38320751986219626,0.37233313260182616
2024-12-31 15:00:00,0.31355448587542567,0.4665402760735092,0.40536928357333113,0.43050384894357047,0.4039315480163376
2024-12-31 16:00:00,0.3517478923678909,0.5074471207390117,0.4013433492417196,0.46663507355367406,0.429174352135737
2024-12-31 17:00:00,0.3859170728562121,0.5256950563490734,0.40176904085643944,0.48658024607603567,0.44459718829782097
2024-12-31 18:00:00,0.38781863370560116,0.5151759200853585,0.3967012122534321,0.4801953511953867,0.44014254459640856
2024-12-31 19:00:00,0.387671668485938,0.5248209300549642,0.3993378233858588,0.49027268544533176,0.44464885558649236
2024-12-31 20:00:00,0.3880727065073715,0.5596872529530785,0.4054766139961097,0.5140129899217616,0.4550732950527438
2024-12-31 21:00:00,0.38785354663458704,0.5584446155866004,0.40903172368339996,0.5106870560874435,0.4541462242434773
2024-12-31 22:00:00,0.38799821007399693,0.5703013111441027,0.41059986465756576,0.5179340745743132,0.4578859830587658
2024-12-31 23:00:00,0.38808429023691166,0.5826936560678331,0.423761302500037,0.5321800020260699,0.46721836945318046
2025-01-01 00:00:00,0.38840434533277696,0.5889615866546974,0.4366272409519002,0.5390911948414461,0.4751892902000565
2025-01-01 01:00:00,0.3886562592361901,0.5597217209051922,0.44654007950375346,0.5146350101454775,0.46913294206801587
2025-01-01 02:00:00,0.38823410503967826,0.5559442627273141,0.4489082685662577,0.514351408022884,0.4702177379255571
2025-01-01 03:00:00,0.39059105234889535,0.539814025193865,0.44504471899670595,0.5101504952594764,0.4661928092284122
2025-01-01 04:00:00,0.39105597434262934,0.5337189502302805,0.43899346503163195,0.5078364202109201,0.46137089648015156
2025-01-01 05:00:00,0.39216264295518,0.5303256798405688,0.43869158011605297,0.5096692052178708,0.4588620686509762
2025-01-01 06:00:00,0.39070731605363945,0.5425028961467568,0.4446396395011412,0.5156314640764124,0.46367183789016564
2025-01-01 07:00:00,0.3743002923679166,0.5510106671357544,0.43645992705373904,0.5173506881470373,0.46129147733548354
2025-01-01 08:00:00,0.33632341608164096,0.5136173192914074,0.43834922134060217,0.49361541037208123,0.440081064950002
2025-01-01 09:00:00,0.3045706384095581,0.45164151696331545,0.4424337250959262,0.44830442172016716,0.4124401879741245
2025-01-01 10:00:00,0.24499840886203914,0.4051033128662885,0.4559214796758596,0.418207572625074,0.37776535824418234
2025-01-01 11:00:00,0.25730561251200296,0.3900317249731108,0.4605391432111055,0.40583594271157053,0.3809529905093702
2025-01-01 12:00:00,0.2565275499436653,0.39040802863711466,0.46477362141710754,0.40277941816203255,0.38066787051614864
2025-01-01 13:00:00,0.2750370683055902,0.399389500850778,0.4615034177602677,0.4003423956768296,0.3888419524459255
2025-01-01 14:00:00,0.2918584644420502,0.41750544731297007,0.46090288443397104,0.41004462476458375,0.3984750346179391
2025-01-01 15:00:00,0.3345296898559503,0.45201045803233414,0.4619262349303645,0.43415076488352067,0.42374972557377616
2025-01-01 16:00:00,0.37839179588447797,0.5088679362270468,0.45852157670571364,0.4772168927452026,0.4542627534783873
2025-01-01 17:00:00,0.40068066503408223,0.5403840951157786,0.44675189713588365,0.5015320188085285,0.4669854186674827
2025-01-01 18:00:00,0.4006961773281322,0.6041167459926392,0.4422688745450208,0.5516199072271512,0.4883271952113346
2025-01-01 19:00:00,0.4012185144392891,0.6479007952059397,0.43978949650823024,0.588842704361091,0.5028739986934011
2025-01-01 20:00:00,0.40235963467480607,0.6293599546992986,0.44479699289302377,0.5728831885669369,0.49888059196822565
2025-01-01 21:00:00,0.4034854757062193,0.6363591616104185,0.44487503748529683,0.5791945706198035,0.5022022322281751
2025-01-01 22:00:00,0.4029137412252583,0.6441859115818184,0.44937570390526,0.5890789113896333,0.5055262865551302
2025-01-01 23:00:00,0.39648314326875583,0.6938731108192568,0.43820711730618817,0.6251674643196078,0.5191525516630127
2025-01-02 00:00:00,0.39414476082338584,0.7067929508986377,0.40749903520718767,0.6389978031755428,0.5201261682700908
2025-01-02 01:00:00,0.3924689079323986,0.6303889228104753,0.40743630601478964,0.5738508238279058,0.4956499577936857
2025-01-02 02:00:00,0.39275336320336823,0.5578124440894666,0.42145871785438727,0.5144494929899737,0.47179811813737854
2025-01-02 03:00:00,0.3925866832058262,0.505900391530021,0.4342867052825919,0.4722293044301253,0.4542400444494335
2025-01-02 04:00:00,0.39385408565185887,0.4742720575574779,0.4420894862052978,0.44734334353785227,0.44278263287778696
2025-01-02 05:00:00,0.3948117809887967,0.4645286255603624,0.42815432948355814,0.4411001177896679,0.4338682335152565
2025-01-02 06:00:00,0.3949156406990233,0.4436981145535997,0.4090983258696099,0.42210463136538606,0.4189330705167924
2025-01-02 07:00:00,0.3889703217969088,0.442936456686089,0.40245326579726903,0.4199824113896552,0.4146954214833997
2025-01-02 08:00:00,0.3549493281026836,0.4036974317149825,0.402330812582333,0.3804417509105299,0.3898331747290286
2025-01-02 09:00:00,0.32753484024230245,0.3937314568427142,0.4113960573711287,0.3701138546264708,0.3813899224930548
2025-01-02 10:00:00,0.31418613513354676,0.38994686776138127,0.41169724410133557,0.3619662938459225,0.37729658632321256
2025-01-02 11:00:00,0.2889599370163773,0.3859527157826471,0.4202870418062313,0.3592371973607743,0.37063171318216875
2025-01-02 12:00:00,0.27365241808667734,0.36764167233761663,0.42633244221143024,0.3462901735209235,0.3615612562005303
2025-01-02 13:00:00,0.2927355411697851,0.38080149054402185,0.41873209798270056,0.36053098183825927,0.37164655058268664
2025-01-02 14:00:00,0.31416643467762845,0.40544408454383657,0.40764523037582157,0.38067625395479904,0.3835759300031465
2025-01-02 15:00:00,0.3376606591344382,0.4051971899759885,0.40333214300234094,0.3778905654477027,0.38761094237045535
2025-01-02 16:00:00,0.3692130834176466,0.4136606237895475,0.3935629656125874,0.38640811338968856,0.3951448382354466
2025-01-02 17:00:00,0.38905565345480736,0.4095038020626379,0.39560385682594923,0.38534865726559986,0.3990785777840173
2025-01-02 18:00:00,0.3906963564957088,0.40798309564084556,0.39704738784314303,0.3850891474638147,0.3993732687656199
2025-01-02 19:00:00,0.39090882133659866,0.40268953260761464,0.3958450124253341,0.3802956616733364,0.3969360568953173
2025-01-02 20:00:00,0.3899085097242504,0.4173424159699969,0.3942760475842815,0.3936651489663844,0.40144038097816
2025-01-02 21:00:00,0.3901024308035335,0.41081558502198856,0.3915673436243491,0.3875299449511088,0.3978951882489936
2025-01-02 22:00:00,0.39204090542180264,0.4028773965664295,0.392606781858536,0.3797317381929721,0.3958047473148889
2025-01-02 23:00:00,0.39065172380502494,0.4011819083490673,0.40201984561400844,0.37625840344840406,0.3983026546771477
2025-01-03 00:00:00,0.3907303960624463,0.39811530505307496,0.4252647641565476,0.3723583892688064,0.40512427108164784
2025-01-03 01:00:00,0.39221111953236376,0.4259417822427757,0.43525898587058864,0.39617981102321786,0.41938614334425806
2025-01-03 02:00:00,0.39266807111507834,0.4432566093046176,0.4332146328331782,0.41212224966815414,0.42650946648588506
2025-01-03 03:00:00,0.3923643831319581,0.44202926171752455,0.4285277878670092,0.41099267885630303,0.42511686806136734
2025-01-03 04:00:00,0.3921859272832747,0.44411449240026335,0.42691676213218305,0.4124429414735801,0.4254384944550465
2025-01-03 05:00:00,0.3922123671728807,0.44235217110396025,0.4175249904817566,0.4118206469969675,0.4212120252704156
2025-01-03 06:00:00,0.391175248234899,0.41014970420410407,0.39698680206246517,0.38272657133272553,0.4004635458243336
2025-01-03 07:00:00,0.36896111664441794,0.40643108523591237,0.3912934479034194,0.3791434772983033,0.39148949605448136
2025-01-03 08:00:00,0.3309664106951524,0.3783035305618906,0.3914244154088994,0.35160151765936365,0.37025632980210127
2025-01-03 09:00:00,0.2458292797498717,0.33797798240987686,0.38972280414568017,0.310088340710313,0.32788701682770943
2025-01-03 10:00:00,0.24181721172975404,0.3220972004054266,0.3817758397036112,0.3016695967454291,0.322350955560493
2025-01-03 11:00:00,0.2528296744402647,0.3068004651667865,0.3923198773848067,0.29566283344323696,0.3222201657569547
2025-01-03 12:00:00,0.22525516730685655,0.2868314983491934,0.3953809542515856,0.2807125266026879,0.30552337072851105
2025-01-03 13:00:00,0.2124931786303788,0.32662280385266274,0.39750675299595695,0.321588463306187,0.32085838932948935
2025-01-03 14:00:00,0.22253743655984776,0.32591798881267564,0.3837234862331011,0.319993459185212,0.31742602887186017
2025-01-03 15:00:00,0.23090589770151088,0.35829983686615635,0.3894259376061342,0.3483440179213575,0.33329651326519016
2025-01-03 16:00:00,0.31423345815963133,0.3835537854974288,0.39217427916708136,0.3616374300804372,0.3689210203237159
2025-01-03 17:00:00,0.3840212226754831,0.41665822116030504,0.3956616118500286,0.3955173295691364,0.4003807213632055
2025-01-03 18:00:00,0.38750841022793925,0.41102072127944833,0.3930687031410452,0.39162729101540816,0.398197157540397
2025-01-03 19:00:00,0.38780604934301033,0.4350987491725073,0.3966076700448592,0.4124822115364482,0.40847221335943495
2025-01-03 20:00:00,0.38890276526708467,0.47170703874893144,0.409250704613655,0.4457677060719508,0.4259118671795178
2025-01-03 21:00:00,0.390415989838649,0.4837242025126701,0.41184972521075947,0.4570820492492559,0.431390863264522
2025-01-03 22:00:00,0.39229198947675686,0.521819641693703,0.42538631002633337,0.49208134206931475,0.4499223920235577
2025-01-03 23:00:00,0.3912899934308469,0.5471021415545446,0.43144629994600037,0.5071136483261592,0.45991908914110646
2025-01-04 00:00:00,0.3913838902641512,0.5284194437680713,0.4335335517914479,0.4901640307171516,0.4551915734110351
2025-01-04 01:00:00,0.3908518167982957,0.5581819352811336,0.44071141638699046,0.5165517008645583,0.4673005418845472
2025-01-04 02:00:00,0.39043830726882084,0.5958394439260074,0.44484442355791515,0.5517105499067542,0.4812659260059203
2025-01-04 03:00:00,0.3916349712201998,0.6038679713190391,0.43980703647259256,0.5581318771105104,0.4840981253349142
2025-01-04 04:00:00,0.39169360977210543,0.6342965201815352,0.43020613243390127,0.583471524646403,0.49034748537179434
2025-01-04 05:00:00,0.39124199625053074,0.6265320843032065,0.4375563893330553,0.5766247700120521,0.4913574264907762
2025-01-04 06:00:00,0.39073507140636315,0.5880559321658586,0.43724827755368934,0.5458471516382931,0.4796606726170638
2025-01-04 07:00:00,0.34120583995977316,0.5463784740715105,0.43791774274279843,0.5172494785469779,0.4517310935213542
2025-01-04 08:00:00,0.2459612794406628,0.46887150825345547,0.4353421747059207,0.47154034052201266,0.3916411136645943
2025-01-04 09:00:00,0.1981746694971029,0.40774824169198776,0.4382988500285361,0.44835317850171547,0.3562291690924991
2025-01-04 10:00:00,0.1796900251170994,0.34549781909920246,0.4285072725956474,0.3881463517141787,0.3244331716638559
2025-01-04 11:00:00,0.171303613105985,0.295283140250249,0.4133272135489757,0.3202530138469557,0.29715097662728734
2025-01-04 12:00:00,0.16784561364100675,0.28099960363409476,0.4140203214815349,0.3002289220061286,0.29027894557464634
2025-01-04 13:00:00,0.17200275617815539,0.28316922855022597,0.41171778086070676,0.30123793944388394,0.29334046005152287
2025-01-04 14:00:00,0.19077417989932116,0.2946141635168902,0.42013532712635465,0.3121331428409951,0.3093860402035576
2025-01-04 15:00:00,0.2273647174203683,0.35340200747354616,0.4310826076998642,0.35539140911680894,0.3466686429092079
2025-01-04 16:00:00,0.3091102988679577,0.4241472027423286,0.4393286187572055,0.4080421144622355,0.40039572517211264
2025-01-04 17:00:00,0.38455533749150034,0.4803136976365263,0.4427925475485552,0.4570405503939151,0.44188976622406045
2025-01-04 18:00:00,0.3895104219038407,0.5008701371907811,0.44702070697720614,0.47432495521335694,0.45227974770506885
2025-01-04 19:00:00,0.3897123194924704,0.5249630572446119,0.44914398798296284,0.49603203072837954,0.46239411520747253
2025-01-04 20:00:00,0.3927842974908152,0.5578398188798162,0.45287523796683476,0.5267539000427879,0.4746355655900407
2025-01-04 21:00:00,0.3995325942601178,0.5491945806499346,0.4572460568863539,0.5228607446806451,0.47545628571313736
2025-01-04 22:00:00,0.40346664534882337,0.5820688770957624,0.4623852610377426,0.5576952911851738,0.4904855500881519
2025-01-04 23:00:00,0.40022478814817225,0.6066172553279809,0.4603228738576241,0.5687109473242109,0.49507150014698725
2025-01-05 00:00:00,0.3936752707066087,0.5902494370494636,0.4612124356697053,0.5529021230238212,0.4889214074706666
2025-01-05 01:00:00,0.39273734639871416,0.5397050427852009,0.4545524888866091,0.5101320168365906,0.47130324351662456
2025-01-05 02:00:00,0.39319686173421053,0.518790929990817,0.44696279359803753,0.4926536964230005,0.4625663194606402
2025-01-05 03:00:00,0.39404052732325484,0.5086647377507257,0.4460807262284432,0.48161009297883256,0.4580640069620649
2025-01-05 04:00:00,0.39456704262312614,0.5199994993400734,0.44424957687132954,0.4934479048809862,0.4618490135360331
2025-01-05 05:00:00,0.3948182548301394,0.5432606971531071,0.4372811262099648,0.5168144211758599,0.46855409246661317
2025-01-05 06:00:00,0.394750474233464,0.5265134836917086,0.43875520994352074,0.5023729099064095,0.46289392106555827
2025-01-05 07:00:00,0.37424615362503855,0.533338243780431,0.43840461978495054,0.5082446620801148,0.4605843645394121
2025-01-05 08:00:00,0.3101355538907273,0.5112443168207581,0.4420329406300172,0.5087837247802343,0.4366108639055974
2025-01-05 09:00:00,0.26673042289118254,0.49272975233891947,0.449397409940021,0.5010986218005398,0.41656018259724864
2025-01-05 10:00:00,0.21933529878364674,0.4336270087870727,0.453161615857262,0.448391665307835,0.37801279713671426
2025-01-05 11:00:00,0.21692084955379326,0.391416120432275,0.4479706046982713,0.40816336800866204,0.3616487920021914
2025-01-05 12:00:00,0.1889606042685605,0.3556866419036624,0.43088691329704176,0.3663058549144538,0.3305585165683163
2025-01-05 13:00:00,0.1950425551389824,0.36958777110849816,0.4348929172531201,0.38865894042661403,0.34031364902992134
2025-01-05 14:00:00,0.21168948552183914,0.34888699569172,0.44141888244195515,0.35256916885292605,0.34017944502074315
2025-01-05 15:00:00,0.26514825572617146,0.39693345208622793,0.45037250514554483,0.3799495656997664,0.378245674503566
2025-01-05 16:00:00,0.33660142426583584,0.4542729440486401,0.45670550261055404,0.4229844680361565,0.42266760039528295
2025-01-05 17:00:00,0.39637235471679055,0.5010743230614806,0.46156728418232074,0.4732667288495594,0.45814801345658085
2025-01-05 18:00:00,0.4045850148308218,0.5243127874730313,0.4638776358860576,0.4919343710150481,0.46849681651130487
2025-01-05 19:00:00,0.4049567904117397,0.5403118039759562,0.4626709219266975,0.506083093880697,0.47408557554460157
2025-01-05 20:00:00,0.40502174585196044,0.54911056551358,0.4590908791911687,0.5139260634418034,0.4752948718150547
2025-01-05 21:00:00,0.4046355102993552,0.5459374629386106,0.4598313016109871,0.5130666718304707,0.4763823528083942
2025-01-05 22:00:00,0.3992436268627999,0.5829049381406484,0.45692615079923277,0.5440168604242657,0.4875141047962283
2025-01-05 23:00:00,0.39417638774184693,0.5991243379720493,0.4445123488475335,0.549958455439018,0.48794767805261374
2025-01-06 00:00:00,0.3944920696819939,0.5414532285346418,0.45148698700475964,0.5009496725916255,0.4692446486576185
2025-01-06 01:00:00,0.39463938520150954,0.5080738050921237,0.4567615532183229,0.47617039909907477,0.4595938273923376
2025-01-06 02:00:00,0.394724727933253,0.4683196075344072,0.459470466801064,0.44118180546940183,0.44495494787496476
2025-01-06 03:00:00,0.3946651720320241,0.45224805797938805,0.46103500379963647,0.42678335428363523,0.4387413277261787
2025-01-06 04:00:00,0.39494376793011154,0.4525680927728123,0.45643430200277263,0.427699149771972,0.43769632576738793
2025-01-06 05:00:00,0.39435447349097746,0.45427154514600987,0.439116527700941,0.4291374832737361,0.432918082877406
2025-01-06 06:00:00,0.39484782068680274,0.43374638855093456,0.4127910505455649,0.4106490694823241,0.4164177973832048
2025-01-06 07:00:00,0.34388319753610164,0.4211423035825906,0.4074348960543535,0.399712234220722,0.3960500538681249
2025-01-06 08:00:00,0.24666054795105863,0.35850866666831255,0.410127754719117,0.34835904974911536,0.34168118755072374
2025-01-06 09:00:00,0.19592116855995906,0.29545566552323044,0.3939277223368247,0.29561948254986886,0.2959896859797764
2025-01-06 10:00:00,0.1692199148276913,0.2659760471392906,0.3825564524738404,0.26888952304715114,0.27109077489096417
2025-01-06 11:00:00,0.15991220935038947,0.2509815470906513,0.3845115297085631,0.25385403263079587,0.26286059158673686
2025-01-06 12:00:00,0.15940004157788795,0.24872689750818916,0.39442011775355196,0.25433620027710485,0.26436598045144694
2025-01-06 13:00:00,0.1673733495830304,0.2533295069277748,0.38774511098719416,0.25476772952553345,0.2689084611622036
2025-01-06 14:00:00,0.18665178560993365,0.2777713849212786,0.3858841044111207,0.2709370154796769,0.2847025302027195
2025-01-06 15:00:00,0.2284425979717512,0.313555298698018,0.3989193081711504,0.2919173601782696,0.31386173403953627
2025-01-06 16:00:00,0.31277902274081737,0.36799342095131476,0.4012593761589438,0.34614789249764355,0.3631800279459497
2025-01-06 17:00:00,0.3854737343045188,0.3889910321090119,0.39563319002295994,0.3725519709715453,0.3901604406134509
2025-01-06 18:00:00,0.39145482524028713,0.35938404990194756,0.4000907066373235,0.34802100402557173,0.3819158821260214
2025-01-06 19:00:00,0.39171717209607226,0.3457401321472823,0.4046955220563372,0.3366972408656686,0.37830679814628076
2025-01-06 20:00:00,0.39173117183331224,0.37956073891426956,0.3965761135991704,0.3663775484655505,0.3887989523353818
2025-01-06 21:00:00,0.3917933868820976,0.37695619904867905,0.3947622402597277,0.3632033801314287,0.3874723379532503
2025-01-06 22:00:00,0.3918205761705294,0.38153750550390136,0.3979455511967085,0.36619566059675684,0.39016289413370403
2025-01-06 23:00:00,0.3910986938484938,0.41835966069490926,0.4034066594130284,0.396833005447544,0.4048947456683078
2025-01-07 00:00:00,0.39110268619503363,0.4413447622328208,0.418798171560708,0.41369018124709955,0.41849130762845493
2025-01-07 01:00:00,0.39290417498497476,0.47596740342951827,0.41923775407501984,0.44327793822403583,0.4331762396482436
2025-01-07 02:00:00,0.39218413263895796,0.5352394951478575,0.3964302261613088,0.4947684419789809,0.4489747480346657
2025-01-07 03:00:00,0.3922997207342959,0.5653990360759497,0.3796242216889375,0.5196186248088802,0.4562620640258484
2025-01-07 04:00:00,0.39267135883635007,0.5956580476135621,0.37159769953073907,0.5455783489547384,0.4656489005953964
2025-01-07 05:00:00,0.39346629951989365,0.5951679421804547,0.36586049800221765,0.5431903445137634,0.4637261244585835
2025-01-07 06:00:00,0.39077799667702195,0.5952855405007352,0.3599701808851898,0.5498356164577347,0.45892574432008226
2025-01-07 07:00:00,0.34830217491256,0.5791076132958703,0.36957888314249177,0.5434778707980601,0.4414747392475139
2025-01-07 08:00:00,0.25299346262908234,0.47816625081159053,0.3921359337262906,0.46448221240713083,0.38135034814371566
2025-01-07 09:00:00,0.20669306503673018,0.38442987933820916,0.3978829827329068,0.3892616150247719,0.3352239382233264
2025-01-07 10:00:00,0.18269377585873778,0.3467593148983395,0.402253822506377,0.3608934660987518,0.31523091523472524
2025-01-07 11:00:00,0.1737026163206518,0.3227208310222963,0.40818475455135755,0.327259908153503,0.303195874511845
2025-01-07 12:00:00,0.18457789122163779,0.3146327219179266,0.4073397578544412,0.3154849493106576,0.3062031032735167
2025-01-07 13:00:00,0.2673392560172498,0.3253767809855663,0.40300705689449523,0.3109774798976849,0.33863935633318953
2025-01-07 14:00:00,0.2978631145337319,0.3528174660979383,0.3962181843093098,0.329408061634233,0.35410184472625295
2025-01-07 15:00:00,0.3283195524241669,0.36980294293449245,0.3952969251304868,0.3418474455429447,0.3679633167747381
2025-01-07 16:00:00,0.3663869952081755,0.40350592639470373,0.39453244470980625,0.3816682383490717,0.3907173206602495
2025-01-07 17:00:00,0.3916585347533806,0.41697242680274677,0.398978024063829,0.3969703961407368,0.40357007251500115
2025-01-07 18:00:00,0.3921991575366924,0.39181437943844477,0.4050458132284574,0.3762042480103795,0.3963271240550279
2025-01-07 19:00:00,0.39299320938550086,0.3968336764701753,0.4033183742964532,0.3805646775806027,0.3978609923450917
2025-01-07 20:00:00,0.3928533680561994,0.4343378768097631,0.40003037700780625,0.413519610939147,0.41023054700871603
2025-01-07 21:00:00,0.39253442744691824,0.44704209405827106,0.39742876169731983,0.4248813815427842,0.41346650439817856
2025-01-07 22:00:00,0.39123730175133975,0.46116877012519497,0.3991758433676621,0.43684440975335737,0.41818763673342213
2025-01-07 23:00:00,0.39031489118031115,0.4822918066744212,0.4096051060393519,0.45028706994213896,0.4290261651414696
2025-01-08 00:00:00,0.3898431728864817,0.5064969904285941,0.4323259096804346,0.4688450614256589,0.4455441796636873
2025-01-08 01:00:00,0.3903338671295467,0.5698457435344486,0.42859236715795085,0.5239259863872402,0.4682283872593548
2025-01-08 02:00:00,0.39128119007015766,0.6055697260291142,0.40955162852015947,0.5582642158213399,0.47969229215688053
2025-01-08 03:00:00,0.39241124524809046,0.5929051835790091,0.41029227320924777,0.5491858075876361,0.47882151441009385
2025-01-08 04:00:00,0.3921765922195849,0.578553694423731,0.4118572796803952,0.5366379664085912,0.47415164911617497
2025-01-08 05:00:00,0.3912255918621446,0.5770735533747846,0.4066796902934879,0.5373681376251439,0.4706011443738148
2025-01-08 06:00:00,0.3918269577536787,0.5410256446570431,0.38841816583436606,0.5076855611338962,0.4480343542784998
2025-01-08 07:00:00,0.3737652979356448,0.5162255668823595,0.3847657645775159,0.49042959817025256,0.430134549366829
2025-01-08 08:00:00,0.32270273391146587,0.45792824893530587,0.3953335718174917,0.4372068818480602,0.39703277784587204
2025-01-08 09:00:00,0.2753199333706451,0.3844978602057839,0.3989899805206244,0.3682768173486121,0.3582475776412887
2025-01-08 10:00:00,0.24920497069860803,0.35031908836306863,0.4001734241556405,0.3351480013074095,0.3394512561795577
2025-01-08 11:00:00,0.20958225684241055,0.30544332751505343,0.4198194047617089,0.29234885574450686,0.31094961632414697
2025-01-08 12:00:00,0.1755777011023398,0.272927140166347,0.424172882906172,0.2700286135978542,0.2839489910046529
2025-01-08 13:00:00,0.19738682023917886,0.27901320795418955,0.4055397526244846,0.275826169158046,0.29412172615861476
2025-01-08 14:00:00,0.19130222479891087,0.2852571278568296,0.4101147614952348,0.2812069668279419,0.2938316959027746
2025-01-08 15:00:00,0.2303689831878679,0.3242070430966123,0.40853842112599903,0.30984519571865493,0.3241756145683069
2025-01-08 16:00:00,0.3112770046335793,0.36592491833993074,0.40375208666232737,0.3480099314606743,0.3650626465344524
2025-01-08 17:00:00,0.3916536762037817,0.3798146091403524,0.39891907610088057,0.364652554164167,0.38980177988703446
2025-01-08 18:00:00,0.3946612781223599,0.38112363974014096,0.40074421889011974,0.36744394403768854,0.39178221079197956
2025-01-08 19:00:00,0.39405510438427344,0.4030339702817177,0.40779684876692646,0.386220971561289,0.40215377283452464
2025-01-08 20:00:00,0.39349510196763715,0.4567454421607971,0.4194203604840661,0.4326746951376603,0.4249011314166778
2025-01-08 21:00:00,0.393973852968953,0.5093389598717392,0.4180458699351185,0.476734312530723,0.4411757254763567
2025-01-08 22:00:00,0.39412819326262155,0.5113952133232417,0.4217663082841016,0.47903402859158645,0.4439314476448878
2025-01-08 23:00:00,0.39374660861000554,0.5102406753992268,0.41733888761906773,0.47240311705156607,0.4415626213829046
2025-01-09 00:00:00,0.39387877492653495,0.4617584112878474,0.42573824954040623,0.4294746298404695,0.4278464808007563
2025-01-09 01:00:00,0.3934163731966044,0.4352663993957828,0.43287068971324966,0.4074897356438087,0.4214300797004114
2025-01-09 02:00:00,0.3930305397143463,0.43569214520296723,0.43136643255062496,0.408302142471259,0.4212832752837998
2025-01-09 03:00:00,0.39342228273905344,0.43342778850301295,0.4339844588305675,0.4075368701674409,0.42197141008860395
2025-01-09 04:00:00,0.39358455378953827,0.434536765337106,0.43208482027559314,0.40876968406893194,0.421873175466519
2025-01-09 05:00:00,0.3924065363857515,0.45334342147233053,0.4154723120328285,0.42619632492758597,0.4234992713678306
2025-01-09 06:00:00,0.39092059151362407,0.4449477045009101,0.39671676754958535,0.420105130347306,0.41404318804051865
2025-01-09 07:00:00,0.358733795309531,0.4231427074861242,0.3948801583767677,0.40163439935996315,0.39661339974851584
2025-01-09 08:00:00,0.2795372634679827,0.37667730360226476,0.3957679113997309,0.3613547261046903,0.3560978150527666
2025-01-09 09:00:00,0.21698755039888884,0.32408031686718874,0.39128135393473706,0.3246158175048251,0.31679963168828185
2025-01-09 10:00:00,0.19264213542551148,0.2887987343417344,0.3842527611280216,0.2896723640193006,0.2916463571646507
2025-01-09 11:00:00,0.1831939027279135,0.2669952883294,0.38734018614595556,0.26700106343521063,0.27956557369744933
2025-01-09 12:00:00,0.18569951547598615,0.27181596413234765,0.39820090808552117,0.27491742878634046,0.28680941983096186
2025-01-09 13:00:00,0.2213015901460861,0.2971714813012152,0.39599121684168853,0.29015680447990877,0.31128124881336944
2025-01-09 14:00:00,0.2358112635470625,0.2949859834714495,0.3868377360625086,0.2741923380781509,0.3089642285858327
2025-01-09 15:00:00,0.2797395221006732,0.3424429702779334,0.39237122148802545,0.3030338388912252,0.3423101187086386
2025-01-09 16:00:00,0.34991543438722855,0.3931993203258582,0.3958219715816469,0.35426629081547856,0.3828850541688621
2025-01-09 17:00:00,0.3839012706963558,0.42030857968852253,0.39681033479397115,0.3828654048196829,0.4017488749161797
2025-01-09 18:00:00,0.38736042915341734,0.3825926182354921,0.395677231440405,0.3520853833196034,0.3879399048752121
2025-01-09 19:00:00,0.38853947514212483,0.3555847106136621,0.39455368654649264,0.32760373828939976,0.37771974548472725
2025-01-09 20:00:00,0.3894869594684129,0.3426605450206258,0.39393637290336114,0.31764368688044703,0.3740828578854808
2025-01-09 21:00:00,0.38934767989526314,0.35668945578025213,0.3952237739380449,0.3300327204208016,0.3795827420355359
2025-01-09 22:00:00,0.3884621748663367,0.36499853574470253,0.39595811001833414,0.3362462238626938,0.3827105026268995
2025-01-09 23:00:00,0.3880339513326718,0.3835016724097795,0.40517154686859713,0.34969921860019787,0.3923249340745689
2025-01-10 00:00:00,0.3890675120084336,0.4059573880991792,0.4195128965311196,0.36646389095683385,0.4054654210344635
2025-01-10 01:00:00,0.3880334399731228,0.4244505737041517,0.43036340045329236,0.3808798146009136,0.4156309511630045
2025-01-10 02:00:00,0.38786912587896333,0.43263494284147136,0.43243444752001786,0.3870423636094865,0.41947816103713037
2025-01-10 03:00:00,0.3867515877819055,0.44135675840314564,0.432481510202096,0.39273679442571213,0.42290141678561394
2025-01-10 04:00:00,0.38696815623926883,0.4394132796540146,0.43270377989014647,0.3919460661439465,0.42215946467572746
2025-01-10 05:00:00,0.38713632940773324,0.4402299033003647,0.4202948080099772,0.3926630946356681,0.41825376930804814
2025-01-10 06:00:00,0.3870197754047838,0.40403190557897484,0.39992584981134316,0.3635492041869163,0.397440498920344
2025-01-10 07:00:00,0.3684594004142594,0.37419178384096374,0.39435966850307763,0.3452097773878592,0.37956054185279947
2025-01-10 08:00:00,0.27073521525680977,0.31614593753532366,0.3889024678642946,0.3038643620610666,0.3296021863601831
2025-01-10 09:00:00,0.2047511134127578,0.27223410834847206,0.3726745200742559,0.27320372462932285,0.28979823254118986
2025-01-10 10:00:00,0.1803386194821322,0.2433637867854547,0.36244372518458096,0.24797270675017213,0.2685732352300638
2025-01-10 11:00:00,0.1692010671344152,0.23320227048672545,0.36606312837231925,0.23970783498315903,0.26205435570430385
2025-01-10 12:00:00,0.16781117837969728,0.22655543393675373,0.36770771891695236,0.24157727323055345,0.2607079434373109
2025-01-10 13:00:00,0.17666717165608056,0.2372202336523131,0.3686927700550354,0.2485718005830886,0.26955452169074934
2025-01-10 14:00:00,0.22484023222624241,0.264936214305493,0.3687723747041448,0.2532656772165406,0.2957766294840662
2025-01-10 15:00:00,0.23879990954820035,0.2972215248138599,0.37720364825899216,0.2740982389740716,0.3118894504659445
2025-01-10 16:00:00,0.3080052103113405,0.35375405070072324,0.3893634535817791,0.319160456125877,0.3553677017475674
2025-01-10 17:00:00,0.3808952665264418,0.3656481917346347,0.39218819342416783,0.33129741329383217,0.37908057552985774
2025-01-10 18:00:00,0.38842066566425354,0.3576068537302107,0.38956771312568667,0.32514694922276505,0.37695140198755345
2025-01-10 19:00:00,0.38823672634588896,0.34717841457648296,0.38929361959183933,0.3154037266423441,0.3727824211082822
2025-01-10 20:00:00,0.38838723270915987,0.3793718476067003,0.392993878315357,0.34339687242610384,0.3863306720839913
2025-01-10 21:00:00,0.3886101183079694,0.39018151140644564,0.3932537943676753,0.3530325953891146,0.39019652258200876
2025-01-10 22:00:00,0.38852007543574785,0.402525645639165,0.3878233105828484,0.36292929037673183,0.39203525414079443
2025-01-10 23:00:00,0.38866112867760577,0.44230513808464866,0.3990335633095493,0.39247029876746364,0.40942514081257536
2025-01-11 00:00:00,0.3884194003641971,0.454555674962183,0.4234339342559438,0.40303066439688207,0.4233993253371809
2025-01-11 01:00:00,0.38858804314465634,0.4832715933910436,0.4288324834966173,0.42727856621143423,0.43573510148303146
2025-01-11 02:00:00,0.3885875319775712,0.4820395975539669,0.4257039557744563,0.4220176991289696,0.43511315628758146
2025-01-11 03:00:00,0.3875851393974241,0.45932887499297154,0.42796946798743324,0.3997794445708865,0.4280517794116479
2025-01-11 04:00:00,0.3881245705767706,0.4512954112399692,0.4322443817317063,0.3923549075978902,0.42700898707479934
2025-01-11 05:00:00,0.3879963957740538,0.4457768503058992,0.4326369837480725,0.3889815228933532,0.4249597479066569
2025-01-11 06:00:00,0.3875813151591841,0.41514604911138137,0.43520033924719126,0.36347826589806675,0.4146572083445368
2025-01-11 07:00:00,0.3636363807434853,0.39341693885833584,0.4402958424093074,0.34905310069197826,0.40252179183422765
2025-01-11 08:00:00,0.2607364083260328,0.33447657100014944,0.42750235820237054,0.2991131734498645,0.3456532571989714
2025-01-11 09:00:00,0.22074259169358637,0.27535582093703354,0.40472953728850286,0.25061762527210424,0.304211850417432
2025-01-11 10:00:00,0.18667824106567574,0.24672268710322934,0.39262098816414503,0.2235986492558301,0.2784964803924711
2025-01-11 11:00:00,0.17613892328484998,0.234986189722169,0.39208350045965745,0.20659818023625023,0.26981801138380224
2025-01-11 12:00:00,0.17370901293480506,0.23463858067709248,0.39261298446452614,0.19635781702118954,0.26835533753863733
2025-01-11 13:00:00,0.1901695337805457,0.2869698870141954,0.4095662482870457,0.24974321292378468,0.29835950910647585
2025-01-11 14:00:00,0.2450273069176478,0.3107326708587734,0.4108712856126582,0.27860840111310337,0.327774679924397
2025-01-11 15:00:00,0.26696520762257503,0.33683590965094745,0.4246326270683406,0.2946017116605269,0.3454799240636243
2025-01-11 16:00:00,0.3154514300314418,0.3744130367067817,0.4332441633553808,0.330728064346859,0.37693812474046656
2025-01-11 17:00:00,0.38468161839740533,0.3589277941253392,0.43241928872136043,0.33120938784198506,0.39157357766800155
2025-01-11 18:00:00,0.3911151368079985,0.366458023714025,0.43262105231888426,0.3345441404348796,0.39593054841277553
2025-01-11 19:00:00,0.3905503973037585,0.36719095212941105,0.43021011022744,0.3400659835887248,0.39522727705976063
2025-01-11 20:00:00,0.39086429040389536,0.39908505476928446,0.4344175032186433,0.3653198655296483,0.40872554348380363
2025-01-11 21:00:00,0.3918207024387698,0.40670126291506975,0.4369977436629539,0.3716730712442862,0.4126182849933588
2025-01-11 22:00:00,0.39124744693875296,0.41324238189929874,0.4442542783295991,0.3697399733443734,0.41765630033244405
2025-01-11 23:00:00,0.39102143063281775,0.4428695566688397,0.44775352596991147,0.3900850572276297,0.4290309965921977
2025-01-12 00:00:00,0.3905652018540829,0.451407141127695,0.4444912729031476,0.39241042254365954,0.43020117810422964
2025-01-12 01:00:00,0.3910892035456667,0.4597508955187993,0.44618881663570814,0.3950492916146956,0.4333285769411291
2025-01-12 02:00:00,0.3906233739645606,0.4729053403508737,0.44866850004409303,0.4041076082851842,0.4394079999006507
2025-01-12 03:00:00,0.39072266630994545,0.4578574448256516,0.4606144513134756,0.39113254100284894,0.43708384395917094
2025-01-12 04:00:00,0.3912705873181421,0.43640061684771125,0.44845059287920475,0.3766494356306704,0.4248250462629693
2025-01-12 05:00:00,0.39106609555264177,0.430042688183496,0.4498536892781485,0.3741430154975358,0.42265245806045026
2025-01-12 06:00:00,0.39057729176598677,0.38926534931823775,0.4601749552266225,0.3444790649810399,0.40894648733981215
2025-01-12 07:00:00,0.3631890656145911,0.37660449000058277,0.4610307075660771,0.3305081875191096,0.3953488738981
2025-01-12 08:00:00,0.2652394568118343,0.3201914628988864,0.4577478226516261,0.27601294736565923,0.3390938906775002
2025-01-12 09:00:00,0.20360081903533564,0.2740520810604262,0.441877839107934,0.23185843062042275,0.29696637648119767
2025-01-12 10:00:00,0.1636319416554246,0.2387703832453014,0.4316264862942381,0.2177125031319941,0.2665088744003846
2025-01-12 11:00:00,0.1481294897343667,0.22513095189204588,0.4309623012867887,0.20294330356079107,0.25356156919170664
2025-01-12 12:00:00,0.14618353565304879,0.22493320778390485,0.43096627523087894,0.20189990047551887,0.25280628871741967
2025-01-12 13:00:00,0.14943358766787465,0.2346378232846132,0.44776000963195683,0.21084239881428585,0.259151075805616
2025-01-12 14:00:00,0.16696689670687678,0.2756895370165566,0.4486039476090128,0.2458124229222155,0.28436111098308126
2025-01-12 15:00:00,0.20309613027114629,0.3099975726119845,0.44579880666062077,0.27944254047339684,0.3143366503212885
2025-01-12 16:00:00,0.292786266201406,0.34182607980466395,0.4439213422826256,0.3160091367361696,0.357416874525275
2025-01-12 17:00:00,0.3839582236384843,0.37298875222327765,0.43192481462000953,0.34898328000957196,0.3961910340684554
2025-01-12 18:00:00,0.3911033714872905,0.3944386439467826,0.42857944353743943,0.35476651905519646,0.4056395745872385
2025-01-12 19:00:00,0.39105404139172933,0.3766301025129739,0.4345729524516048,0.34383497810956554,0.40124386426995523
2025-01-12 20:00:00,0.3921358177843648,0.3872380711169294,0.43685986591326825,0.3512391515916865,0.40736963319081854
2025-01-12 21:00:00,0.39200005182980696,0.39038112969933886,0.4358769562708462,0.35530432365215525,0.4081752902363559
2025-01-12 22:00:00,0.39196802815960385,0.3947281573580284,0.44053491549402135,0.3572433792439068,0.4111507918351817
2025-01-12 23:00:00,0.3918268516396828,0.46768137334021453,0.4485762034484659,0.4068755772512836,0.43736500019999286
2025-01-13 00:00:00,0.39048013853279706,0.48178560235271667,0.45251472809828786,0.4152365259012825,0.4435266698815565
2025-01-13 01:00:00,0.3906325749081226,0.5176219825506856,0.44410402911491126,0.44014173043300875,0.45399454971398445
2025-01-13 02:00:00,0.39011843094354276,0.5092009173849735,0.44470817619214237,0.4366584803645398,0.45322421827416015
2025-01-13 03:00:00,0.39016644588815824,0.5241623765545856,0.44413850010712536,0.4509990767436351,0.4590564126894719
2025-01-13 04:00:00,0.3904914693350784,0.5527685279596566,0.4370240280985533,0.4717137788979263,0.4700068868286405
2025-01-13 05:00:00,0.39028581396953316,0.5745596523600041,0.41937223403500645,0.48157152684989746,0.4724630986917036
2025-01-13 06:00:00,0.3906665927228846,0.5795014915245938,0.38936917594293474,0.4827323749998644,0.46133934926393183
2025-01-13 07:00:00,0.3435026736623787,0.5676786502454685,0.39934239953741507,0.4757615629470988,0.4403660172444996
2025-01-13 08:00:00,0.24950916131729642,0.46990628616201974,0.40739813725479423,0.4135331998822447,0.37812606249768893
2025-01-13 09:00:00,0.20075571451149046,0.37662085015970576,0.4051544001761563,0.31614724743576755,0.3248237099313986
2025-01-13 10:00:00,0.17779720990189388,0.32459126142869155,0.39931306131437255,0.2755860392989425,0.29488730287219633
2025-01-13 11:00:00,0.17072172967436078,0.299240680288366,0.4077027037236008,0.25219314264195075,0.28632334103047025
2025-01-13 12:00:00,0.16829373055176325,0.2941333948294285,0.41548863474208103,0.2582993577405219,0.2865352840318522
2025-01-13 13:00:00,0.1823839318686297,0.3063535396459724,0.41106516010050687,0.2657186050344974,0.29685753351098043
2025-01-13 14:00:00,0.19725927083275493,0.35377546031219526,0.4022127284585374,0.2977563816240149,0.3167817387390979
2025-01-13 15:00:00,0.2348696920937248,0.4133808874257168,0.40607992215757327,0.3433258330166933,0.3515660832742973
2025-01-13 16:00:00,0.31245932333428283,0.46763697008988475,0.40576739458556527,0.39393596973786793,0.40043396610934057
2025-01-13 17:00:00,0.3842615164681395,0.5267391952542966,0.40823802526612585,0.44271281714763033,0.4425212757645986
2025-01-13 18:00:00,0.38910819563295457,0.4943314809320583,0.4108358626626675,0.4215377370710523,0.4338995492341525
2025-01-13 19:00:00,0.3918552121027957,0.487070721947558,0.40854850389158986,0.42145889425962846,0.4307727083150708
2025-01-13 20:00:00,0.39213071670143895,0.49745673288678494,0.4068722079046167,0.4289795543463853,0.4333211481854358
2025-01-13 21:00:00,0.3920500335148805,0.49023941939084364,0.4086509500011488,0.4209607799898447,0.4316479617175794
2025-01-13 22:00:00,0.3924064772621748,0.5009567077746547,0.4137898899110229,0.431256863319303,0.4375608023397234
2025-01-13 23:00:00,0.3922761679313712,0.5634625788635407,0.405158348570359,0.46507820195643984,0.45570038873806423
2025-01-14 00:00:00,0.39234278303631787,0.6109608018651232,0.40965985629735757,0.49230231173460703,0.4760836606273018
2025-01-14 01:00:00,0.3920259485748408,0.6584213403038962,0.39043338743264866,0.5216826655334361,0.49743690142573227
2025-01-14 02:00:00,0.39238905582918104,0.679023977121833,0.3682129602574139,0.5337449916041433,0.5071964355361556
2025-01-14 03:00:00,0.39240466670721147,0.6873109059270237,0.3610136790567096,0.5341560590430716,0.5124076872229548
2025-01-14 04:00:00,0.39620320022318567,0.686043025586075,0.4318725499649464,0.5270804986523417,0.5175417043065696
2025-01-14 05:00:00,0.39824559801005927,0.6859043026236917,0.42481211089640775,0.5301323017861912,0.5123216500775518
2025-01-14 06:00:00,0.39796004375453065,0.6925934551398227,0.3874896920579668,0.540692521773531,0.5005959998335774
2025-01-14 07:00:00,0.3449395931863702,0.6571972214584253,0.33130088109217876,0.5192441400792444,0.46790709905531047
2025-01-14 08:00:00,0.31068198880178655,0.5499391622046671,0.3821905486895868,0.4446921700237798,0.4291447481937347
2025-01-14 09:00:00,0.26802960903763706,0.48413219000291025,0.4032432883647154,0.38851069120492154,0.3945813956797544
2025-01-14 10:00:00,0.2357427017303424,0.418089219752925,0.4141428220583151,0.35384048833834475,0.3598190558304443
2025-01-14 11:00:00,0.26074113603134946,0.37677678649078644,0.427170177607032,0.326892865177659,0.36096226041162255
2025-01-14 12:00:00,0.25085666133491974,0.36285112185721474,0.4369156894331746,0.3099149615613641,0.35401708838050333
2025-01-14 13:00:00,0.27472834623435727,0.3749652010537795,0.4326716942432079,0.32810472028689125,0.3659708251596548
2025-01-14 14:00:00,0.3030065335428253,0.4012993061450371,0.41740443039677416,0.36020931973802256,0.3806366529088492
2025-01-14 15:00:00,0.3490866541385508,0.44420107332366193,0.4162462355838615,0.4001882332878574,0.4092114069467553
2025-01-14 16:00:00,0.3792920855403087,0.5078197470255175,0.41731093366426986,0.45467444592161266,0.44087463409667443
2025-01-14 17:00:00,0.4011738561339946,0.5434514323794171,0.4173165806572618,0.4838744433442923,0.45944257106024344
2025-01-14 18:00:00,0.4039234306319647,0.5468211023532007,0.4183399385734353,0.4666526416407679,0.46077237412283956
2025-01-14 19:00:00,0.404258456807113,0.5883512371662516,0.4082129668144146,0.4987955872927456,0.47389858457920286
2025-01-14 20:00:00,0.40429056740537456,0.5805691935354016,0.40834138418388394,0.4937185638175573,0.4713967962403567
2025-01-14 21:00:00,0.4043583644865414,0.6027793064907782,0.4066429771953434,0.5135296128686383,0.4782532953985275
2025-01-14 22:00:00,0.4040285155353223,0.6349395953055814,0.4044618291786288,0.5327134337452865,0.489147471565798
2025-01-14 23:00:00,0.40047439893560477,0.6736296562467259,0.3863957903035929,0.5431960179337703,0.4972162995375833
2025-01-15 00:00:00,0.40067132417672047,0.702512238806749,0.36779008753954046,0.555717135946926,0.5130349583031054
2025-01-15 01:00:00,0.3996687840693827,0.7056770593608883,0.35205850904730024,0.5697566658055326,0.5197248793905261
2025-01-15 02:00:00,0.3959919773485334,0.7028408470521136,0.33209584127387853,0.5838934065511996,0.519918985832953
2025-01-15 03:00:00,0.3926867954919104,0.6891374958546419,0.3422462011910244,0.562351956957314,0.5185883324503997
2025-01-15 04:00:00,0.39256676892120423,0.6732246139841165,0.40298046555019684,0.547310253999686,0.5170605426128703
2025-01-15 05:00:00,0.3928561400671054,0.6529843994242719,0.4181593653938393,0.5350920597131398,0.5034788270608438
2025-01-15 06:00:00,0.392724387398753,0.6607761301586406,0.3807797985589256,0.5378796613483434,0.4846025111718392
2025-01-15 07:00:00,0.37985389365188804,0.5726250394880487,0.3716768830482686,0.4775569147420003,0.44907991636003386
2025-01-15 08:00:00,0.3428355795635827,0.4371222616043749,0.3925687394133769,0.36776307018068155,0.3951801612600354
2025-01-15 09:00:00,0.3179287556287619,0.37770298044400424,0.3927182160587347,0.31850344302739664,0.3668601682795686
2025-01-15 10:00:00,0.2768045666198753,0.3297868386386203,0.38950469487682055,0.28014510560336753,0.3368259734054449
2025-01-15 11:00:00,0.2662468685530901,0.301437436140579,0.39517586681193195,0.27022418967592715,0.325555066516497
2025-01-15 12:00:00,0.27864193067108833,0.31627338848432324,0.40523810893728257,0.29106743437018334,0.3380433346807029
2025-01-15 13:00:00,0.28564279312099156,0.3295563470107777,0.40211181265879764,0.3069978450205882,0.34262948265110293
2025-01-15 14:00:00,0.3142672478703905,0.3566343417413841,0.3916234024553025,0.32789176138211423,0.35831149804782325
2025-01-15 15:00:00,0.3175869259223286,0.346919955704091,0.3892650662427591,0.3191110965939574,0.35484624323579356
2025-01-15 16:00:00,0.3486302224268171,0.3731829428323198,0.3917668343304687,0.3438752617766535,0.37341264634140814
2025-01-15 17:00:00,0.3864862674688714,0.3830412610884,0.3919240521410368,0.3560087355216471,0.38668834681803876
2025-01-15 18:00:00,0.389559047808175,0.37096474779271704,0.39171147155147545,0.34733624656757534,0.38299017413789194
2025-01-15 19:00:00,0.38886950741427956,0.3646986621861253,0.39117518350050473,0.3419579367069948,0.3801669326109511
2025-01-15 20:00:00,0.3911261169166504,0.39865224895074525,0.3927635159983077,0.3702754009486677,0.3937819311777208
2025-01-15 21:00:00,0.393462202786052,0.4066578027605285,0.3933635906503627,0.37697140460701156,0.39742709953378
2025-01-15 22:00:00,0.39152422195100256,0.407285130419146,0.394252212732446,0.35413890452062113,0.39674409794298554
2025-01-15 23:00:00,0.39149486849546056,0.4167404700122389,0.39558423460462316,0.35574964930322966,0.4001035409493848
2025-01-16 00:00:00,0.3917147381601862,0.4364075846340966,0.41781699127643157,0.36470845245443667,0.41513253182538523
2025-01-16 01:00:00,0.3916514128837677,0.44744514273012526,0.43087091722435383,0.3726299018609155,0.42422913764641357
2025-01-16 02:00:00,0.39182744521129637,0.43464380103450734,0.429740898695619,0.3637356621027794,0.4193901166933612
2025-01-16 03:00:00,0.3910656019128288,0.43288657226737015,0.4262541350094975,0.36301576475825814,0.41795836292930394
2025-01-16 04:00:00,0.39105810727187246,0.431285132012925,0.42336241357188154,0.36178920632325107,0.41651543768205795
2025-01-16 05:00:00,0.39105506124524186,0.43236347871556835,0.41903311492441264,0.3606327978698867,0.4147405134069306
2025-01-16 06:00:00,0.39129848143203716,0.4072622065357943,0.3980370512905764,0.349473782540968,0.3983895647689795
2025-01-16 07:00:00,0.37293697967916545,0.3923742780570837,0.3950985046326028,0.336455125199151,0.3869019602866358
2025-01-16 08:00:00,0.3380649369054442,0.3543086303524491,0.39675565801736823,0.30135224896765783,0.3632851994210274
2025-01-16 09:00:00,0.2969495103661573,0.3131280487330196,0.3954087581099801,0.2674108968563103,0.33574699291720494
2025-01-16 10:00:00,0.24528962740531315,0.2714286208227767,0.3834179308748433,0.22394180659959617,0.30210795985744393
2025-01-16 11:00:00,0.21724006867370632,0.2966981511720566,0.39497063487216577,0.23865476111372422,0.30529048176612983
2025-01-16 12:00:00,0.1783136815010617,0.30381409856013586,0.40224005153670317,0.25045655175718134,0.29213777543740566
2025-01-16 13:00:00,0.1866466276670091,0.3355230896173724,0.39748445260187054,0.2876659797012119,0.3082213490000164
2025-01-16 14:00:00,0.24021080608648546,0.3652202086252894,0.3914558328543983,0.32148280718652233,0.34182386009992916
2025-01-16 15:00:00,0.27991192903279993,0.38416625061723775,0.3907552285973038,0.33731708811761224,0.3608229487101635
2025-01-16 16:00:00,0.33047300906832383,0.36041726488868703,0.39019529685639504,0.3234639477343507,0.3629737647149608
2025-01-16 17:00:00,0.38453517188584635,0.3713594824777293,0.3925335421328439,0.3382465681524278,0.3817925625406719
2025-01-16 18:00:00,0.3932952093664166,0.3737461477762505,0.39357598904093927,0.34245301635949477,0.3854233829671476
2025-01-16 19:00:00,0.39326823814907436,0.3970388071574762,0.3973743154348002,0.3609128358031805,0.39541644695685185
2025-01-16 20:00:00,0.39414816268081093,0.48097197783462003,0.4098860532648385,0.4248282119075004,0.42867843080562623
2025-01-16 21:00:00,0.39457062719153774,0.5112041889687374,0.41135892219397285,0.4573688278736743,0.43920673762042345
2025-01-16 22:00:00,0.39260910185317754,0.49834332781166857,0.4049890853607253,0.45137392643905344,0.4322823399666986
2025-01-16 23:00:00,0.39201545756338946,0.502139875604395,0.39942924776243516,0.45328144670807236,0.43001608500063626
2025-01-17 00:00:00,0.3947634785583573,0.484574145347698,0.4099399980375905,0.4396159679954511,0.43231844175997514
2025-01-17 01:00:00,0.39432773788078695,0.4840799393186565,0.4189011881298639,0.4376059175515844,0.43685837026725444
2025-01-17 02:00:00,0.39384373030694997,0.45638465427851965,0.42351612230112606,0.41683097968125304,0.4282822050397207
2025-01-17 03:00:00,0.392089306357153,0.45156429151614785,0.42418723556404325,0.4130149421350402,0.42634394435323764
2025-01-17 04:00:00,0.3922344230605508,0.44972022113178833,0.4223379966765026,0.4113297542212489,0.42499018984574954
2025-01-17 05:00:00,0.3923673278284139,0.4665798249594737,0.4065793731694452,0.42539167153606217,0.42641421788082257
2025-01-17 06:00:00,0.39240326039014445,0.4403382308491216,0.3923479828882861,0.4088112813267165,0.41028367590840636
2025-01-17 07:00:00,0.3475359617768735,0.42620966597273774,0.39337575448953227,0.3812183214751038,0.3931592165641102
2025-01-17 08:00:00,0.24810992125271372,0.3424119022989724,0.397988756311474,0.2807316427270471,0.33046497846236844
2025-01-17 09:00:00,0.19722975018757108,0.2756922972217646,0.39326136257287164,0.24055880000072502,0.28615346205921366
2025-01-17 10:00:00,0.17382562906943635,0.2505343080842857,0.382741979710926,0.21529067076413239,0.26364912289119835
2025-01-17 11:00:00,0.16430773182050562,0.24232425117874426,0.39289305981349537,0.20715347985198954,0.25867194685279676
2025-01-17 12:00:00,0.16229228981782898,0.23623342053369997,0.40591979738380096,0.2089491441789527,0.2568886169709132
2025-01-17 13:00:00,0.16876167178994692,0.24219466628861072,0.3980021920622621,0.2190531150404125,0.2624897873628433
2025-01-17 14:00:00,0.1857467281994461,0.2554466179712506,0.3819802078534065,0.23071051382596527,0.27250710658026833
2025-01-17 15:00:00,0.21977811272679465,0.279165752437413,0.384286504686395,0.2493547609356637,0.2960724742908711
2025-01-17 16:00:00,0.2960535074198221,0.34141896501227376,0.3918745562077122,0.3034080614199003,0.3464369634349701
2025-01-17 17:00:00,0.3821423255685847,0.3905982245083239,0.39526853901576,0.3501242905900574,0.3893680996571198
2025-01-17 18:00:00,0.3918338703317633,0.40001945231634023,0.40567892903908087,0.35754677560716663,0.39903678601838594
2025-01-17 19:00:00,0.3924326049642193,0.3960736623499899,0.40751109483954784,0.35586917091748643,0.39835758670156013
2025-01-17 20:00:00,0.39310465986013876,0.4321298709658236,0.40895905255540366,0.38308146910600793,0.4115792633635942
2025-01-17 21:00:00,0.3927421121354208,0.46870054100107006,0.4082555119149462,0.40929114864303634,0.42297865256510886
2025-01-17 22:00:00,0.39224947201601096,0.4631133345940133,0.4119199516580024,0.40595010727665265,0.4216423870815146
2025-01-17 23:00:00,0.3921333512539086,0.4997545691716599,0.409663136517928,0.42767184402987973,0.43171710152118264
2025-01-18 00:00:00,0.3926012785952986,0.556626846572719,0.4231425379652716,0.46235427936290285,0.45563384698339293
2025-01-18 01:00:00,0.3915190554143898,0.6384829997232465,0.42694496360724965,0.5158617076878662,0.48519111755059724
2025-01-18 02:00:00,0.3929445786470023,0.6983512688378677,0.41089704720553716,0.556250532941343,0.5037272172030356
2025-01-18 03:00:00,0.3913129012000195,0.6971658821161578,0.40239588359661466,0.5557192958070244,0.5062621858479452
2025-01-18 04:00:00,0.3910503677740307,0.7072350665319177,0.40619668173980084,0.5649418958780282,0.5098377991193581
2025-01-18 05:00:00,0.39210226154532074,0.6906570886134111,0.4071683100047905,0.5598468432252192,0.5080633062518034
2025-01-18 06:00:00,0.3922237100549249,0.6767444016747675,0.41971991751404725,0.5432483427386416,0.5044274126859677
2025-01-18 07:00:00,0.3759379893574147,0.6370850126907602,0.43001798569223093,0.5125968765102195,0.4892386939220658
2025-01-18 08:00:00,0.3081130964275497,0.5648095160976058,0.4370300485858475,0.45115049840597343,0.4400357217455499
2025-01-18 09:00:00,0.26905889400209737,0.496484542231207,0.4398599990802488,0.4036458417346166,0.40693600324575274
2025-01-18 10:00:00,0.2618016968235281,0.45658836738790276,0.439751702533237,0.3733941158801458,0.3932257190067548
2025-01-18 11:00:00,0.23598499966188768,0.4233097611272377,0.45195857326428157,0.3468126865372306,0.3741940063135046
2025-01-18 12:00:00,0.22554435992198668,0.3992734196044608,0.451013846215874,0.3267555260340392,0.36136101064904996
2025-01-18 13:00:00,0.25544227960761806,0.398562911766302,0.45088103751844044,0.3331252015005471,0.3728696145712373
2025-01-18 14:00:00,0.24488116476376068,0.4517398295988288,0.4561747417423595,0.3761925623432462,0.38668217068153293
2025-01-18 15:00:00,0.25410933027569105,0.47384633459697945,0.4592682245638399,0.3995872414659585,0.39991292805645395
2025-01-18 16:00:00,0.32281066932147495,0.49221973606959846,0.45367192282711655,0.42028728094271356,0.42851096255988314
2025-01-18 17:00:00,0.3918508709584285,0.45283116917520033,0.4558898098851793,0.3936523373268671,0.4352427915113955
2025-01-18 18:00:00,0.3941462735429977,0.4366943431320647,0.45637368830660163,0.37769058012626444,0.42946788159914356
2025-01-18 19:00:00,0.3950585920069611,0.4167341996394393,0.45921482075337,0.3634155657038992,0.4229165650690906
2025-01-18 20:00:00,0.39653953565870886,0.4371360968186935,0.45757281262976013,0.3795748274762221,0.4308860674607981
2025-01-18 21:00:00,0.3972766705630403,0.4578913162256884,0.45493668468378756,0.3934926561932726,0.43792648417804636
2025-01-18 22:00:00,0.39714248577803163,0.4450388617740467,0.45590600786085905,0.38471875666528954,0.4339764032404276
2025-01-18 23:00:00,0.39730549675119253,0.5075526688342493,0.4489344233542651,0.430729287313649,0.4555455475522879
2025-01-19 00:00:00,0.39738927192163637,0.5592361370579009,0.43737721193724854,0.4585116804128903,0.4688689886523756
2025-01-19 01:00:00,0.39738175100626266,0.6136387440646435,0.4244869372762379,0.4865502910286979,0.484120604717742
2025-01-19 02:00:00,0.3974235800951073,0.6656124151389343,0.3917366742455708,0.51526784617287,0.49890349109133614
2025-01-19 03:00:00,0.3971404347566529,0.6782574978514988,0.38404489278908843,0.5197778777392844,0.5018858119619422
2025-01-19 04:00:00,0.39535279699137416,0.6813739118519132,0.3716328981645226,0.5183471614519567,0.49857022886738817
2025-01-19 05:00:00,0.39584254763981186,0.691054604152178,0.368046437470974,0.5243818647030283,0.49501577745760356
2025-01-19 06:00:00,0.39661109155152113,0.6972261089719543,0.36961146154410546,0.5284294061572303,0.49510703104660003
2025-01-19 07:00:00,0.3351152905015519,0.7086563890191669,0.37986776528518745,0.5216273356742709,0.47638413562642923
2025-01-19 08:00:00,0.23772398138446213,0.6449897273575713,0.4095004269478527,0.4762429090129034,0.4198330408720384
2025-01-19 09:00:00,0.20960402989839821,0.5232711428347275,0.43774490933954846,0.40016397010206883,0.3784856729572311
2025-01-19 10:00:00,0.1745294032296043,0.40705053541510755,0.4478904745937923,0.333547726341805,0.33364885888482637
2025-01-19 11:00:00,0.16656643205268004,0.36660436861177875,0.4469642599073211,0.31810451618728414,0.3188124717928867
2025-01-19 12:00:00,0.1645908014167149,0.3616789495716183,0.4487925637851489,0.3245558578599232,0.31733302854406553
2025-01-19 13:00:00,0.17244471260465155,0.3682548967138259,0.45006564863591414,0.33303056319380536,0.3229000719070883
2025-01-19 14:00:00,0.20647354233879464,0.40843026658111514,0.45059339933598486,0.365022771646041,0.35514312092904804
2025-01-19 15:00:00,0.2364464636568212,0.42472866999575376,0.44876328213260747,0.3836825696218077,0.37527204009727244
2025-01-19 16:00:00,0.28913957140276575,0.4366829639702539,0.44327132524736546,0.3828579433948372,0.39346820123711984
2025-01-19 17:00:00,0.38204448674328184,0.443483718128545,0.4404325690024638,0.37918641013132504,0.42463407705590267
2025-01-19 18:00:00,0.3922894502243725,0.46280129387009566,0.43971547609957273,0.3986482000349072,0.4346445737981807
2025-01-19 19:00:00,0.3933209929561824,0.46478009883841137,0.43766517387519843,0.40587575094607153,0.4345118972825065
2025-01-19 20:00:00,0.39368293323758036,0.4666769579387217,0.43614915792608194,0.40935869417356185,0.43523716299960363
2025-01-19 21:00:00,0.3931724533475797,0.4864535212503823,0.4426713889065369,0.4153393615190447,0.44453848176349725
2025-01-19 22:00:00,0.3923751241135821,0.5076997162992812,0.447225306974595,0.43218298968084146,0.4534707187956311
2025-01-19 23:00:00,0.39155953048436004,0.502271577629252,0.45070891203084423,0.4220347270814102,0.4502517637451904
2025-01-20 00:00:00,0.3909109782650182,0.48618516588091637,0.4601989979924468,0.40513025925610174,0.447641447638868
2025-01-20 01:00:00,0.39189570594301903,0.48521952410897484,0.4596798428675943,0.4006478691918738,0.4469879155612397
2025-01-20 02:00:00,0.3914766511992999,0.486850594060915,0.4552531154028668,0.4030868779729594,0.4466011811848467
2025-01-20 03:00:00,0.3909122963162165,0.4881912862376381,0.4479156735968672,0.4251070768730277,0.44599806933784025
2025-01-20 04:00:00,0.39065386252647116,0.49452093649667445,0.43648167839915475,0.4309089708591901,0.44477681151337284
2025-01-20 05:00:00,0.3910348917468722,0.5200359022327339,0.41217185491785807,0.4463004870089607,0.4450980185445006
2025-01-20 06:00:00,0.3916065898070533,0.5749366082181033,0.38652829306531084,0.4859695166246786,0.4482993838460946
2025-01-20 07:00:00,0.3477226895939077,0.6201465256106308,0.38723628770856494,0.490942740585518,0.4457875993930375
2025-01-20 08:00:00,0.2508616488050626,0.6084438255747161,0.3954463931968354,0.45545531626601593,0.40765395117320274
2025-01-20 09:00:00,0.19879489130747077,0.5537374064967016,0.39906228337729804,0.4021941273124795,0.36667062240550913
2025-01-20 10:00:00,0.17799156526816964,0.3428568202084919,0.41488006540766376,0.26914718895138434,0.3058906382928134
2025-01-20 11:00:00,0.16915301996346865,0.2751082716216979,0.43552243494651605,0.20186100967029597,0.2808059928510042
2025-01-20 12:00:00,0.16837765353706505,0.257093635656358,0.43653008731002346,0.20301080369833718,0.27266077928058247
2025-01-20 13:00:00,0.18421078074124378,0.29148024783998994,0.42759486374568056,0.2498132164236148,0.2929676130286886
2025-01-20 14:00:00,0.2234170724868986,0.33130291525661615,0.42040975086734134,0.29438257126016254,0.3275479535212199
2025-01-20 15:00:00,0.2797475942453071,0.3431463696529177,0.4228664757199626,0.31267047082239546,0.35173565172659305
2025-01-20 16:00:00,0.32253625011674075,0.390262416106703,0.4269780584572602,0.35642486811258056,0.3845014807915
2025-01-20 17:00:00,0.3816667940865926,0.42094081900254754,0.42553476858331196,0.3804472398366485,0.411884692203691
2025-01-20 18:00:00,0.39052654833740624,0.3839279927380727,0.43116672441524445,0.3389629676995463,0.4001212797744235
2025-01-20 19:00:00,0.3905849871097643,0.37016295148879264,0.44351747791793666,0.32810125952804287,0.39802272911166353
2025-01-20 20:00:00,0.3899365599424639,0.4005304274569572,0.4370899828061306,0.3520381793265598,0.40880658687228694
2025-01-20 21:00:00,0.3900051712030286,0.4063071391348627,0.4415625713303681,0.3588803357832446,0.41280818419144766
2025-01-20 22:00:00,0.3901404742317804,0.41866645055687773,0.4443297350460127,0.3652207496962901,0.4189326749389544
2025-01-20 23:00:00,0.38915119405953924,0.4330320769476377,0.4464450134517738,0.3730584388038467,0.4236124347332131
2025-01-21 00:00:00,0.39025714000259515,0.48309569035256145,0.4454666735802753,0.39994593306278187,0.4404204409160762
2025-01-21 01:00:00,0.3891934917707864,0.565112698713183,0.42516443274286414,0.46512544049829047,0.46394886017991577
2025-01-21 02:00:00,0.3881825667573824,0.5652614796659012,0.4142643136015013,0.48251910447650875,0.4665980472677375
2025-01-21 03:00:00,0.3885916402823987,0.5357517223431759,0.4254317834151468,0.460629003638447,0.4579576254209817
2025-01-21 04:00:00,0.3888187675248715,0.5477601194826321,0.4222016924643994,0.47058091020349235,0.4609394765589358
2025-01-21 05:00:00,0.38876854119174953,0.5845140967818513,0.405925372337423,0.49777510665499314,0.4695464613066847
2025-01-21 06:00:00,0.3885951057486355,0.6239358563455379,0.3752571497714795,0.5208867675966727,0.47482845100749754
2025-01-21 07:00:00,0.34757072803062755,0.611456974118333,0.3966754834472255,0.502454897263896,0.4592535314340992
2025-01-21 08:00:00,0.261111777739616,0.46047919638504203,0.4329708292259656,0.35010430943980536,0.38156923938943343
2025-01-21 09:00:00,0.21139880699182972,0.35955963228968774,0.42854958969099166,0.25482436606333814,0.3274162698256277
2025-01-21 10:00:00,0.18781919650337478,0.31817339274941087,0.42403747332229297,0.26558861383903054,0.30372472997736355
2025-01-21 11:00:00,0.17484575717291204,0.30919662102129397,0.4297831892022784,0.2640384323976837,0.29713218574195327
2025-01-21 12:00:00,0.17228537529795693,0.4269039825111636,0.4505125652639653,0.3773444136614861,0.3391986134359671
2025-01-21 13:00:00,0.1776861741836506,0.35404996255450855,0.43337839697497443,0.3000087211851916,0.31513658707405107
2025-01-21 14:00:00,0.19382998751116978,0.3476067381780855,0.42165132482937184,0.2982231391739084,0.3173587434048119
2025-01-21 15:00:00,0.22627552567158568,0.38504414028691014,0.4230945959025741,0.31714403123869067,0.34482359295841847
2025-01-21 16:00:00,0.29939110840561706,0.4629977273333527,0.43331852450194275,0.3801693609693562,0.4001551014057332
2025-01-21 17:00:00,0.37993976715500494,0.5414141945660002,0.4269039727295637,0.43952922832025043,0.4513920958851403
2025-01-21 18:00:00,0.3833932569740766,0.5532650139200577,0.42707566210769443,0.45117127155547726,0.457070073432665
2025-01-21 19:00:00,0.38106380789287875,0.5963606946071474,0.42077755345227574,0.48291321025432954,0.4696644808000185
2025-01-21 20:00:00,0.3902894064517004,0.6339513308146978,0.41477205018115004,0.5081329141096405,0.48381729114268845
2025-01-21 21:00:00,0.3893533053247363,0.6558963487640274,0.4080148100028428,0.5205157225845526,0.4888000410984743
2025-01-21 22:00:00,0.38966370411059054,0.668186341311509,0.41616038587647086,0.5297433864362647,0.49548663670439164
2025-01-21 23:00:00,0.38940298939285134,0.6983149583762921,0.39783203056021765,0.5386841110717511,0.4988104768317307
2025-01-22 00:00:00,0.3891514145619683,0.7220701198192976,0.37449856550142996,0.5530308894859309,0.5020377092206242
2025-01-22 01:00:00,0.3900334971627289,0.7618164812343103,0.3486880561526279,0.5824918853778835,0.5141120471176492
2025-01-22 02:00:00,0.38954946021841663,0.7538015570610055,0.33059113477017843,0.5732047577896323,0.5147869309770436
2025-01-22 03:00:00,0.3901046641598894,0.7503068522730749,0.3176395787480735,0.575093296978496,0.5165996262644104
2025-01-22 04:00:00,0.3895971727738569,0.7502493369083538,0.32690544489605766,0.5761462136432144,0.5158814776151468
2025-01-22 05:00:00,0.3901423500271913,0.7475569932928129,0.3494050823720111,0.5772418492304139,0.5164081475150977
2025-01-22 06:00:00,0.38426227897321547,0.7615808476043692,0.3695424693213,0.582327990122104,0.5165138384911169
2025-01-22 07:00:00,0.3560979242795432,0.7486870910746097,0.3967448484113087,0.5590569547837094,0.5024343273955416
2025-01-22 08:00:00,0.2763683213201604,0.6644476019978708,0.42482404256550854,0.4870299851883333,0.44744927289329683
2025-01-22 09:00:00,0.22182421892282805,0.5880243351757461,0.4406679606023934,0.43979510795608157,0.4093051266965665
2025-01-22 10:00:00,0.1949712409019958,0.5110321049503869,0.44559575588997297,0.4196037255144307,0.38228074340457063
2025-01-22 11:00:00,0.20787669985319707,0.49441934921932584,0.4564856995939082,0.4302185571189101,0.3899440065205044
2025-01-22 12:00:00,0.21381740064630525,0.4594462531576822,0.4616411049503351,0.39689553507498987,0.38591082122170783
2025-01-22 13:00:00,0.23963974669023422,0.4868867001533774,0.46009789239272764,0.4255884586163365,0.40601109685663395
2025-01-22 14:00:00,0.2358194793713289,0.5105831838161562,0.4508276649144884,0.4469129264763691,0.4045404793611744
2025-01-22 15:00:00,0.2861637053220289,0.5229215356220321,0.44928182531127997,0.45372541586708537,0.4255597269280794
2025-01-22 16:00:00,0.3194564761809414,0.5233334244167559,0.4565813778962609,0.44091503299973095,0.43552688773214215
2025-01-22 17:00:00,0.3925734294090235,0.5552765196670182,0.45783572395121724,0.454911870268148,0.4715482423049994
2025-01-22 18:00:00,0.40144882372342805,0.5599009440048076,0.45493460865551816,0.46286445131484577,0.47555798475757993
2025-01-22 19:00:00,0.40210462914713757,0.5756109016467705,0.44836736287872464,0.4735671877990282,0.4786266632492179
2025-01-22 20:00:00,0.40140308249990225,0.5812847483610822,0.4441166762914874,0.47959564105766783,0.4791297195367796
2025-01-22 21:00:00,0.40199496482821967,0.5744344692666012,0.44010546993235045,0.4751906345717183,0.4763782021723191
2025-01-22 22:00:00,0.4021214023275613,0.5699972735007265,0.44099853905236236,0.4763967072519768,0.47614497374169634
2025-01-22 23:00:00,0.4005932458847363,0.5985672945817009,0.4295479496731317,0.5155453137195852,0.4828463080772868
2025-01-23 00:00:00,0.39881120903171646,0.6451516124253188,0.41542317460291667,0.5397795605190713,0.4953204754119462
2025-01-23 01:00:00,0.3985293953120338,0.6826947884393919,0.39357386543943146,0.5592583424821735,0.5065515441611594
2025-01-23 02:00:00,0.3973725218976361,0.6802174301868333,0.37654741732901614,0.5553782086805464,0.5065733123466688
2025-01-23 03:00:00,0.3921012164409175,0.6731896268717545,0.3661352034578511,0.5525957206704881,0.5034435667194735
2025-01-23 04:00:00,0.39196234020522475,0.648277036401541,0.3727011347464847,0.5371920006236884,0.4949004107894699
2025-01-23 05:00:00,0.3925523440407541,0.6434750001420066,0.371526400764502,0.535781770810037,0.49183602212151967
2025-01-23 06:00:00,0.39257131278201784,0.6042533759669205,0.3807121783271824,0.5009075725964621,0.47830626804369697
2025-01-23 07:00:00,0.3784474396509443,0.6038908622765359,0.39410810359491594,0.4848210013362532,0.4724158737306426
2025-01-23 08:00:00,0.31503931921037087,0.5248391526695245,0.43208056872867906,0.3847890155471716,0.42821410371719143
2025-01-23 09:00:00,0.2919693601752611,0.41269836626075607,0.44677157783804966,0.32322456520796106,0.38741791659621083
2025-01-23 10:00:00,0.25310304391613553,0.34303087109970953,0.4428769151954836,0.2735933052889376,0.34848710201174493
2025-01-23 11:00:00,0.2084582695408834,0.2924700818879031,0.4376273064698292,0.23609898548757216,0.3116637666326951
2025-01-23 12:00:00,0.17777930300596548,0.2570736279529265,0.43430698416798447,0.22157085363937423,0.2844714814425986
2025-01-23 13:00:00,0.18104766571033584,0.2520294187870714,0.43095752941930243,0.2190674395887746,0.2821334716772434
2025-01-23 14:00:00,0.19448727033905377,0.2698632976881344,0.4341203157008519,0.24020655481029285,0.29498668573982373
2025-01-23 15:00:00,0.22621464475290695,0.30168662033993676,0.4400704834899183,0.2703308685730193,0.3215625741442973
2025-01-23 16:00:00,0.29373673591056826,0.3373541611626242,0.45594928822834535,0.29957283448155786,0.36079057897564776
2025-01-23 17:00:00,0.37921041046183374,0.36496918192990685,0.455276518641565,0.3113296310723658,0.3968196269061219
2025-01-23 18:00:00,0.390965639355596,0.3537113298569436,0.4587624609460253,0.2875591485905132,0.39556374787168186
2025-01-23 19:00:00,0.390992477610121,0.34532636196489935,0.4612367024647129,0.281090889123629,0.3931207522590882
2025-01-23 20:00:00,0.3907669833304612,0.34616283087479927,0.4693185787514343,0.2860022197238894,0.39738865123806677
2025-01-23 21:00:00,0.3909175598174605,0.354918879645268,0.471079193502666,0.2982933343491996,0.4014730043378604
2025-01-23 22:00:00,0.3913135926866246,0.36993779502604296,0.4625137420104992,0.32689430479291354,0.4061555917094154
2025-01-23 23:00:00,0.39125198747664613,0.38448190602638527,0.4613719549352636,0.33823703847579,0.4108421156825073
2025-01-24 00:00:00,0.39116587640958916,0.3866558156758711,0.4612754893964227,0.34673810351697976,0.41093067246449505
2025-01-24 01:00:00,0.3911901758690205,0.40754056607742767,0.45703543656289397,0.37204123413633033,0.41816441363793033
2025-01-24 02:00:00,0.3922034416147355,0.4207798219920919,0.45522455503857606,0.38219705373142854,0.4227351241181653
2025-01-24 03:00:00,0.38995002655444716,0.4314658516264803,0.4634756678958308,0.39064391847621205,0.42878496607304606
2025-01-24 04:00:00,0.3896121012706185,0.43344498238078827,0.4761636822597475,0.39052840354619744,0.4331868089694911
2025-01-24 05:00:00,0.38970380798239734,0.43693948956348355,0.4736722790250888,0.3922780382614044,0.43304697582087254
2025-01-24 06:00:00,0.3881737111686098,0.4098666867132165,0.4629371922880766,0.3744193984208,0.4189672715002917
2025-01-24 07:00:00,0.3593084488171453,0.42213144200200503,0.4517716309250544,0.35905476005183423,0.4124488645788012
2025-01-24 08:00:00,0.272507452317467,0.36188648544890034,0.4726427045510782,0.2946904455186467,0.36911934270986463
2025-01-24 09:00:00,0.20457117764237118,0.32381434396448366,0.4739009160609798,0.26071689880482707,0.3306000749560802
2025-01-24 10:00:00,0.17981248751524923,0.2735734565484064,0.45985077697804644,0.22591327728219376,0.3009783257568202
2025-01-24 11:00:00,0.16778141598289867,0.27264073442629244,0.4567214345011073,0.21943817413022643,0.29483228997159233
2025-01-24 12:00:00,0.16486785661809858,0.25112109130119636,0.460712447167732,0.20627904896742413,0.28479632366468993
2025-01-24 13:00:00,0.17158712332578901,0.2656493230726766,0.45574789064320076,0.22720045611359793,0.29292620282503523
2025-01-24 14:00:00,0.1873966413939529,0.290332901377563,0.45628944028046287,0.2588204060697551,0.309632189941156
2025-01-24 15:00:00,0.22171759397241675,0.331970619176032,0.470222513534667,0.2863922153013173,0.34180682194039685
2025-01-24 16:00:00,0.29170411609146424,0.3466759861039398,0.4790096932944869,0.3022765231841847,0.37340858599370813
2025-01-24 17:00:00,0.3811328569077553,0.3204955943431019,0.4768452377821876,0.2966936398108774,0.39112807763573876
2025-01-24 18:00:00,0.39277017511923296,0.3063491104869751,0.4778967203279927,0.29109645311387244,0.38918104587338453
2025-01-24 19:00:00,0.3916020896565548,0.31019849440481273,0.48090044369333396,0.29214912244988295,0.39149696923214244
2025-01-24 20:00:00,0.3746861060899748,0.34947518893987045,0.4758011620257334,0.31902399671106146,0.401939419279918
2025-01-24 21:00:00,0.3538892506843791,0.3648554077889773,0.47205788534788795,0.32708873690649637,0.4021196870498769
2025-01-24 22:00:00,0.33477506234434123,0.37680220061662323,0.4768986757960063,0.3297275392708883,0.4013881291877983
2025-01-24 23:00:00,0.32997453155737405,0.38279929966633797,0.48798462924918956,0.3353461924641585,0.40433293410435533
2025-01-25 00:00:00,0.33063602014485755,0.3830535495502094,0.5068760950468147,0.3339619045615066,0.407958009035813
2025-01-25 01:00:00,0.33175649756248504,0.4232613836678976,0.5255696345637871,0.3590829186663919,0.4255139984964974
2025-01-25 02:00:00,0.32687815998248937,0.4303966625031561,0.52895198209349,0.36189703415698504,0.42707169744611234
2025-01-25 03:00:00,0.32519679153007386,0.4333589151751323,0.5242854390194093,0.3640381582050782,0.4266231820193962
2025-01-25 04:00:00,0.32375782200652037,0.4408347734177932,0.5169078779027496,0.37106635483129213,0.42667680879626596
2025-01-25 05:00:00,0.32676678541459486,0.45534779978623857,0.5113692469732629,0.3797085747896317,0.43162164746128073
2025-01-25 06:00:00,0.3267727438138074,0.42101591922863085,0.5182533203931786,0.3566158243901396,0.42088702970740216
2025-01-25 07:00:00,0.30983025510600504,0.3896871747781505,0.5252324086845148,0.3313826188065532,0.4062383380663726
2025-01-25 08:00:00,0.24858202323714898,0.3600033368854118,0.5275170178464648,0.30118135203168983,0.3741296371568488
2025-01-25 09:00:00,0.19533556342791267,0.32479773249254873,0.5078876728094809,0.2663819385597754,0.3399685524326486
2025-01-25 10:00:00,0.14272209207032904,0.28808901748708887,0.502552241286842,0.2419621470764844,0.30360030206959454
2025-01-25 11:00:00,0.1373307921914478,0.2592725574233322,0.4868606613915021,0.22404810190036079,0.288532097495521
2025-01-25 12:00:00,0.14304050232787105,0.2647912868509268,0.48794076356118554,0.22687019605898748,0.2882626716986548
2025-01-25 13:00:00,0.1659712379129184,0.2435622758166683,0.49091197383128754,0.21107883719984435,0.28465825637607545
2025-01-25 14:00:00,0.19826695529618982,0.28494716753692295,0.5107360148542083,0.2488741813570538,0.3170710100650516
2025-01-25 15:00:00,0.23196895009891433,0.3164420566804836,0.5167854342694762,0.2749619612203668,0.34461398977696384
2025-01-25 16:00:00,0.2995730863548862,0.36197834405617163,0.525783968284835,0.3159432851905919,0.38653719867165487
2025-01-25 17:00:00,0.38106029495029087,0.34366508385223693,0.5304153505529486,0.3167045031819465,0.40626517954025354
2025-01-25 18:00:00,0.3928072519725085,0.3577541369343461,0.5258407701641549,0.3289640299145399,0.41479868674912973
2025-01-25 19:00:00,0.39348154551459197,0.3479516190696126,0.5276527525966241,0.3229758448519641,0.41207081491355585
2025-01-25 20:00:00,0.3938981130915919,0.36519088073410677,0.5278011858656785,0.3368029515373731,0.4199149052188594
2025-01-25 21:00:00,0.39403426143797293,0.3760977634992594,0.5283126389515017,0.3455586073025828,0.4237972638233271
2025-01-25 22:00:00,0.3930089785963806,0.39338690393843556,0.5162892509604065,0.35502450329851865,0.42903589987088814
2025-01-25 23:00:00,0.39104761230040763,0.4733146246518537,0.5049996288326385,0.4090629930590043,0.45500010294472215
2025-01-26 00:00:00,0.3913730226743691,0.44262873679027576,0.5139616648764251,0.3844128066880842,0.4470826495992851
2025-01-26 01:00:00,0.3888570962323146,0.411902342831477,0.5280686085653227,0.35882907241698925,0.4385314551830082
2025-01-26 02:00:00,0.388370285035126,0.41087141919871545,0.5382751401133182,0.3562056910202071,0.4400904580145565
2025-01-26 03:00:00,0.387825754014469,0.4250375790536062,0.53886020273876,0.36463968992555496,0.44428602601663814
2025-01-26 04:00:00,0.38975715991435667,0.44200214930172366,0.5355301890263733,0.3759270343358483,0.4502718312192656
2025-01-26 05:00:00,0.39051991995512075,0.4455217022589936,0.541552919101062,0.37982864177448034,0.45288431064561563
2025-01-26 06:00:00,0.390127118541031,0.3948486267538966,0.5564224817477208,0.3487796655070034,0.4371904634793494
2025-01-26 07:00:00,0.35587265409354774,0.40289290588831167,0.5441006869355601,0.3485856282652282,0.4265856942539418
2025-01-26 08:00:00,0.25354452366526536,0.4018016988178699,0.5301494923503106,0.33242806661096214,0.3878132033379719
2025-01-26 09:00:00,0.20513049070969042,0.3270904654182737,0.5314137399954766,0.27792970636545905,0.34811659728311917
2025-01-26 10:00:00,0.1830829717248712,0.2813696660205675,0.5250295797290474,0.24326466804380098,0.32442045141560055
2025-01-26 11:00:00,0.15141806389850562,0.27083730781594484,0.5233361610911842,0.2333387606644715,0.3035351111691915
2025-01-26 12:00:00,0.15729388085211057,0.28831902318635927,0.514661367983971,0.2520777865088312,0.3150140503312427
2025-01-26 13:00:00,0.16440518694951903,0.2878699482467561,0.514960217714334,0.2500335533760474,0.3173301055840591
2025-01-26 14:00:00,0.18872767433627,0.30994622744608674,0.5193449736738697,0.2690385020467724,0.33705381206785756
2025-01-26 15:00:00,0.2828782455439095,0.3830221478443408,0.5281892028850623,0.3310982928539604,0.4008221175697186
2025-01-26 16:00:00,0.31871646452343577,0.41755381929037494,0.5288506436870434,0.3623018003941069,0.42327195528205014
2025-01-26 17:00:00,0.3830727500927511,0.4152040663546138,0.5228479977639625,0.3699645780940994,0.44039006525765695
2025-01-26 18:00:00,0.3907042237785586,0.41671328745003544,0.5219494235042968,0.3723553517747475,0.4422271751155452
2025-01-26 19:00:00,0.39080790192056475,0.3868044704809645,0.5146437854038521,0.3499114334008558,0.427207851572862
2025-01-26 20:00:00,0.39052522445889043,0.3878016777910433,0.5135366994395042,0.3514743038469211,0.42814189309101625
2025-01-26 21:00:00,0.3911020788683164,0.36109607162100116,0.5174596371305386,0.33308990736125266,0.4186428467326474
2025-01-26 22:00:00,0.3907612622267637,0.3612447771998668,0.5208861725041579,0.33356280900789315,0.4195701440206927
2025-01-26 23:00:00,0.3898234438636648,0.36297876936498585,0.5320443195978192,0.3342153784306807,0.4221575652074233
2025-01-27 00:00:00,0.38876403339865007,0.3515944518478886,0.5439148682880047,0.3227204154211408,0.4211605577227388
2025-01-27 01:00:00,0.3900154445290671,0.3574890372168769,0.5463909465151449,0.3247867378453964,0.42454068131935396
2025-01-27 02:00:00,0.3907483175765929,0.3844491140169903,0.5519081935319048,0.345765402879225,0.43494841362424297
2025-01-27 03:00:00,0.3906649253651984,0.3866991773533544,0.554854552943428,0.3436984225814202,0.4360573616294963
2025-01-27 04:00:00,0.3907988849765224,0.3867539920245637,0.558770461273307,0.34160892776317564,0.4366740196660918
2025-01-27 05:00:00,0.3907681447443569,0.3862801157838927,0.5546284527947013,0.34289379923715924,0.43566532022913274
2025-01-27 06:00:00,0.38146892239159674,0.35489993948384124,0.5611044998130454,0.3194243467305369,0.42102394787787945
2025-01-27 07:00:00,0.37301371112707793,0.34498409659495755,0.5451219872193479,0.30841307938020507,0.4145510105233262
2025-01-27 08:00:00,0.35480737122223677,0.3359219294935733,0.5427508274052921,0.29624154712889655,0.40602507307413926
2025-01-27 09:00:00,0.3156054022380699,0.3454164712443431,0.5302744515473219,0.2937668218269602,0.39550787961297623
2025-01-27 10:00:00,0.18547546684939084,0.3374575961124535,0.5249463010489933,0.276232798297793,0.3367249463520417
2025-01-27 11:00:00,0.2045239341659666,0.314153192550096,0.5293425559935288,0.2648008064900765,0.34212447589096967
2025-01-27 12:00:00,0.255583529188419,0.3128024007799107,0.5349792866401544,0.2708034384003042,0.36306729775318514
2025-01-27 13:00:00,0.3277582573431261,0.28827335292785966,0.5448921632032099,0.263729870581587,0.3720824067492731
2025-01-27 14:00:00,0.29662029558693653,0.25409745549925417,0.5636979286985997,0.2319285845067577,0.3439701518149325
2025-01-27 15:00:00,0.29796008622471143,0.27568938628160283,0.6011290347188958,0.2488297410958645,0.35997458179057257
2025-01-27 16:00:00,0.27851960194058645,0.3154561508863701,0.5946994556644543,0.27315600216184205,0.3704659534700104
2025-01-27 17:00:00,0.37215029365842706,0.32251935459703496,0.5827213065712379,0.29348355829781303,0.4040441202187344
2025-01-27 18:00:00,0.38900983199564354,0.2930609165418383,0.5860440953522389,0.27481118845959646,0.39786626627501837
2025-01-27 19:00:00,0.3888644180044067,0.2952665718772247,0.5858093587030025,0.2765848135219742,0.39924714601668276
2025-01-27 20:00:00,0.38922331913744174,0.3168517407929895,0.5864318260246107,0.29164359572029186,0.41117189854822367
2025-01-27 21:00:00,0.3888512553439699,0.3219854018285681,0.5813517171287661,0.29303900933995364,0.41211025232278325
2025-01-27 22:00:00,0.3883108946168846,0.3299497035238222,0.5784184254988343,0.29300970097711776,0.4154614779441686
2025-01-27 23:00:00,0.3884952957419789,0.31795117727547706,0.5665131069818914,0.2855513481376206,0.4117325809082629
2025-01-28 00:00:00,0.3866496078538964,0.329810978430688,0.5698299970336508,0.29079804608132986,0.4180478961680496
2025-01-28 01:00:00,0.3858825241061414,0.3674863491401446,0.5725169951263668,0.31314457126464257,0.434375709212109
2025-01-28 02:00:00,0.3868056479149669,0.40051339677965603,0.5796721846323926,0.33807816513672784,0.4487211462440158
2025-01-28 03:00:00,0.3860285015398767,0.4147981851937814,0.5896396667754429,0.3478096271930172,0.4552719280472603
2025-01-28 04:00:00,0.38620986757858555,0.4174621936142671,0.5949993719080383,0.3504503985947292,0.4573150774410188
2025-01-28 05:00:00,0.3863973616939758,0.41954435693614206,0.594164329353793,0.35237220075928766,0.45766029440327494
2025-01-28 06:00:00,0.3859036311430297,0.3894921070454634,0.5955982795086439,0.3412654512000778,0.4450589703510253
2025-01-28 07:00:00,0.32943472512186883,0.3836044727368288,0.5837225921563924,0.3364225150702133,0.4249863667589902
2025-01-28 08:00:00,0.28898574230352336,0.3362476006330594,0.5625371562386021,0.29271582605648244,0.39126649922408785
2025-01-28 09:00:00,0.20021821844208026,0.32785509906396704,0.5546654604344423,0.2737309585374566,0.35614653182999595
2025-01-28 10:00:00,0.13991010315736627,0.2560897324053208,0.5147601960971718,0.21074017533130393,0.290898234693524
2025-01-28 11:00:00,0.1566888754014536,0.2628849880449901,0.5217630914193441,0.22634157188783785,0.3025006202713139
2025-01-28 12:00:00,0.12621598033127618,0.23977165002028553,0.49645865395071936,0.20870509296448617,0.2740360133837275
2025-01-28 13:00:00,0.13585452100267256,0.2266922685169201,0.46786867146984823,0.19999536801463802,0.27053257488901183
2025-01-28 14:00:00,0.14402928534395115,0.23512254041456834,0.4698456808571398,0.20823987582961026,0.27556205342600754
2025-01-28 15:00:00,0.18186058706962796,0.26805645375011344,0.5149747448092961,0.233968606237514,0.3098372418418542
2025-01-28 16:00:00,0.28386763161128514,0.3256245610382129,0.5460747555840352,0.29054406771949925,0.37344412084403283
2025-01-28 17:00:00,0.3774340190109588,0.32858402564333644,0.5576823160876154,0.30821649312690624,0.40549008763136674
2025-01-28 18:00:00,0.37931537141832616,0.33573589273408666,0.5697110261289928,0.3134861581073915,0.41057143662182893
2025-01-28 19:00:00,0.3788089536436839,0.3213239440779932,0.5853434797672952,0.3060732895657923,0.40874569299103664
2025-01-28 20:00:00,0.39017778387196195,0.3568499668396019,0.5803582919497725,0.3321208960574321,0.43041360030373166
2025-01-28 21:00:00,0.38937707205175937,0.37255344300241783,0.5890442107198495,0.34130439848329475,0.43774143399139165
2025-01-28 22:00:00,0.3891068954259929,0.38841253626670835,0.5903036907269701,0.3582139564737707,0.44513319246335226
2025-01-28 23:00:00,0.3885803745030039,0.41389196569501335,0.5808538137047058,0.3711757035875782,0.45511758184092155
2025-01-29 00:00:00,0.3896023173334806,0.44923774534800304,0.5774601945684806,0.39152185766920605,0.4695597869092174
2025-01-29 01:00:00,0.3874204135768637,0.4266793376145523,0.5697869227930948,0.37396180240792426,0.4614826003486865
2025-01-29 02:00:00,0.3859177819068596,0.4408188644998216,0.5777473137520108,0.3805753212887983,0.4680007826206828
2025-01-29 03:00:00,0.3857147016053895,0.441358448494027,0.5767036237954436,0.37867048042691204,0.467359631457848
2025-01-29 04:00:00,0.38629460151334355,0.4548608995248557,0.5671093992586211,0.38751682316032254,0.471704656124689
2025-01-29 05:00:00,0.3858500999441905,0.4770193763570224,0.5668041093624779,0.4010649416785257,0.47658883314383543
2025-01-29 06:00:00,0.38618099902743686,0.44751908942956165,0.5796160232798389,0.38106858793719844,0.4643536672697698
2025-01-29 07:00:00,0.3736865391064641,0.42764441815385856,0.5805311051944805,0.3671620708654854,0.45304017964326304
2025-01-29 08:00:00,0.3101574751795047,0.36251848673526843,0.581648201249869,0.3132829032710644,0.4084813314256643
2025-01-29 09:00:00,0.18552297638943105,0.28536389069387846,0.5440806812380942,0.24546965184802189,0.32622669081344036
2025-01-29 10:00:00,0.1277520703728162,0.23386481840204212,0.48180096037211806,0.20499301382434762,0.2669713697089326
2025-01-29 11:00:00,0.11112048854620843,0.2091382909532571,0.43199680736286833,0.18572823188677182,0.24396422364782985
2025-01-29 12:00:00,0.11084730762596026,0.2055062419372205,0.43192672836235624,0.18173617829110544,0.24245431063135514
2025-01-29 13:00:00,0.11602764653571616,0.2140014058556367,0.43543255290928606,0.1870394054436673,0.24783783265657594
2025-01-29 14:00:00,0.13126668794516388,0.2347073504242702,0.467569582968457,0.19843481708690547,0.26918861185710724
2025-01-29 15:00:00,0.17009272858082908,0.27917535550777256,0.5430217064826686,0.23076892980094715,0.3173998953581897
2025-01-29 16:00:00,0.2472532940858293,0.2959210710087234,0.5959653095105681,0.24865737332283575,0.35623188559993624
2025-01-29 17:00:00,0.3305039308923506,0.32087485967656726,0.6631149706943581,0.2776686795994786,0.40058928103261354
2025-01-29 18:00:00,0.34275415350669436,0.3365984241290669,0.6660428247124922,0.29216769533728015,0.4107417383949414
2025-01-29 19:00:00,0.3456074163369613,0.3812752528873129,0.6319161048729157,0.32870273609213796,0.4283477335908052
2025-01-29 20:00:00,0.36040230039451926,0.4053482005417705,0.6083342653500465,0.34878849921538374,0.44120779497921797
2025-01-29 21:00:00,0.361890903466572,0.4128830054939679,0.6017976419946469,0.352978370152466,0.4416125205234549
2025-01-29 22:00:00,0.36471449036202463,0.5338118171168542,0.5497935792280593,0.43113963008707384,0.4809568154140605
2025-01-29 23:00:00,0.36429802005389383,0.5563407175750426,0.5339441298499357,0.44636056174028216,0.4891497334844802
2025-01-30 00:00:00,0.38008354565931085,0.5975141582846942,0.5175624748798657,0.487556120495415,0.5071673624105224
2025-01-30 01:00:00,0.3872336925477992,0.6407437936987993,0.49005430310389136,0.5224413410837603,0.5273610766114399
2025-01-30 02:00:00,0.3869850758827922,0.6385551049023133,0.4920874940271391,0.5230713034934258,0.5301916513587924
2025-01-30 03:00:00,0.38788995477794247,0.6210533388190187,0.5259538687537735,0.5102248305522405,0.5288566381492793
2025-01-30 04:00:00,0.38808173213134856,0.6101192209714197,0.5411532445983215,0.5020974294568195,0.524917451785571
2025-01-30 05:00:00,0.38890573394753253,0.5997599286321335,0.5426602331360441,0.4972450868796281,0.5207627060830522
2025-01-30 06:00:00,0.38821009955379826,0.5849559233171424,0.5442060245843188,0.4765622427755267,0.5130171194502412
2025-01-30 07:00:00,0.3356403481579886,0.5581228035601244,0.5513673201837386,0.44304290909076793,0.4784436796222348
2025-01-30 08:00:00,0.23630573589050544,0.4193419434281238,0.5995578215235313,0.34567101683350426,0.39840240584008935
2025-01-30 09:00:00,0.17051600071462183,0.33994045028429054,0.5912016447730614,0.28258996221206933,0.3459537107990003
2025-01-30 10:00:00,0.14678162000527303,0.28362543525607803,0.5739583610133364,0.24161350199762074,0.31282601956937256
2025-01-30 11:00:00,0.13609358924020018,0.2590399718705435,0.5733466189121135,0.2190462028645,0.296984552431184
2025-01-30 12:00:00,0.13334719731507588,0.24609440534120022,0.550084963230929,0.207458817728711,0.2901377885611489
2025-01-30 13:00:00,0.14124485060541417,0.25525267381335887,0.5445891507940681,0.2128647534876768,0.2987273526466064
2025-01-30 14:00:00,0.15584933311751872,0.2847637470370711,0.5752876552320689,0.2364240744719157,0.3183344756938221
2025-01-30 15:00:00,0.18580465133254587,0.3361458061098113,0.5906377554078837,0.2813185315858765,0.3538417627362539
2025-01-30 16:00:00,0.2624796121000233,0.41014843990792565,0.61627026568996,0.33834651312874325,0.41389783945131947
2025-01-30 17:00:00,0.3675560274891227,0.4589827858523193,0.6040758313183936,0.3845184739808532,0.46559820878847913
2025-01-30 18:00:00,0.37882572179282586,0.41290596265908236,0.6059192506202038,0.3586744154834198,0.44957289443486637
2025-01-30 19:00:00,0.3773006300227522,0.39144754489586087,0.6052553358453502,0.34328063352338245,0.44056772672100186
2025-01-30 20:00:00,0.3894745258286584,0.38756309532218314,0.6029112053150399,0.34874058712401346,0.4422580881685382
2025-01-30 21:00:00,0.38849696496353825,0.39744878578067605,0.600643343702282,0.3526372338729891,0.44514755985005033
2025-01-30 22:00:00,0.38864050060907007,0.4073825787463713,0.593145871411611,0.35288883632760215,0.4481763075516769
2025-01-30 23:00:00,0.38732015192308195,0.410442487014778,0.5748825507123343,0.3537272644096083,0.4498867719079727
2025-01-31 00:00:00,0.38779335315806535,0.40560698708833515,0.5646522928326821,0.35453581235925935,0.44970048419729275
2025-01-31 01:00:00,0.3893283193467674,0.49096754430831363,0.5429372996582994,0.4104714688958739,0.4791496626027747
2025-01-31 02:00:00,0.38814904797630145,0.6121389785076204,0.49411820081500013,0.4853745749096568,0.5165065647903978
2025-01-31 03:00:00,0.38750879521220966,0.6521504792523576,0.47069591468520905,0.5122767935037377,0.532591974178114
2025-01-31 04:00:00,0.3894595338000242,0.6583759061470215,0.4940094421018553,0.5200548204651559,0.5413761093531236
2025-01-31 05:00:00,0.3886865792476259,0.66141148804916,0.5037387732774743,0.5292566444285755,0.5439085915603886
2025-01-31 06:00:00,0.3892455069634081,0.6516714724266811,0.5119143086297899,0.518554833659775,0.5399028653451033
2025-01-31 07:00:00,0.37118602109589216,0.6573487226602256,0.4727702660963332,0.5379470951999162,0.5300748183908981
2025-01-31 08:00:00,0.3304578408955458,0.5735641411388582,0.5057444269513556,0.4717643468255617,0.4931964206796461
2025-01-31 09:00:00,0.25908167930184556,0.5100024174278268,0.525280112803484,0.41180102417523085,0.4484202947685513
2025-01-31 10:00:00,0.18806966674295308,0.4531195214685448,0.538478311349254,0.37338003257835184,0.3919607016693869
2025-01-31 11:00:00,0.18140965430198927,0.4114385633406075,0.5450457659321639,0.3486017379172977,0.3795637248985733
2025-01-31 12:00:00,0.17142557884933615,0.3675343337294802,0.5561158976014754,0.3079127386885206,0.35695443797097026
2025-01-31 13:00:00,0.20218117907448796,0.39960541556375617,0.545978262858954,0.34193678415968476,0.3864910442657092
2025-01-31 14:00:00,0.19340258807203461,0.3952959624262085,0.5495280185676673,0.34454638900000845,0.3797368602047063
2025-01-31 15:00:00,0.2241010681075002,0.4508735397148789,0.5344612264352978,0.38755703137621805,0.4114055987585554
2025-01-31 16:00:00,0.2868405641605442,0.5263619777947826,0.5093641584887407,0.429559641223046,0.4530580049088533
2025-01-31 17:00:00,0.3742889326550427,0.5895012447471171,0.4875270607299337,0.481541198762078,0.49815987390211547
2025-01-31 18:00:00,0.38345512202084475,0.5509330755965596,0.49887487756894644,0.43528958631447073,0.4878142273748162
2025-01-31 19:00:00,0.3819858398289659,0.4711425617039805,0.5357364379647122,0.3804158069329508,0.4634710485078049
2025-01-31 20:00:00,0.39012033375820404,0.4371096267687796,0.5486618866621906,0.35989924930190864,0.454730239293529
2025-01-31 21:00:00,0.3919510320495762,0.44825962205548425,0.5471383362055497,0.36854175878276096,0.45875411860763227
2025-01-31 22:00:00,0.39280152787870287,0.4504441339713359,0.5463979136296808,0.3902852569971423,0.46065259167045025
2025-01-31 23:00:00,0.3914989656562097,0.46390332588862704,0.5366236218792285,0.4015384700497934,0.4651269538397617
