,南部,中部,北部,東部,全台
0,0.0037380421282757078,0.006387465168721439,0.004024082364632824,0.005642004119721814,0.004660003714527482
1,0.0037579474573111006,0.006627355314506881,0.004050056211150433,0.005799292927767617,0.004786144786544391
2,0.003745388015717058,0.006544745631972976,0.004000396368410542,0.005739968615416063,0.004798846724999109
3,0.0037757517671844773,0.006342131039309742,0.003999880059200215,0.005531282484608664,0.0047282034841739816
4,0.0037717324717794817,0.006349030211145608,0.004074993310268838,0.005545977138681774,0.004779986674261326
5,0.0038050164574681953,0.006494640214384651,0.004024903834963196,0.005678052523394621,0.004814507305257843
6,0.003685127249668117,0.006633346002208636,0.003923467029121396,0.005793216773179279,0.0047321932082512895
7,0.0035495645637030507,0.0063759135196401985,0.003955832222735905,0.005607944624511586,0.00462013378446853
8,0.003294343762057341,0.005787158146088619,0.004108365466033287,0.0052029043047705685,0.004373342802904594
9,0.0031360288318223926,0.005724771500012148,0.004222747347359043,0.005181332318113547,0.004349116142905268
10,0.0024102691623303237,0.005521851352862175,0.004267202932634768,0.004979905965546332,0.003994013090466276
11,0.0027578223512841338,0.005433320046405808,0.00451635208216791,0.005044082350368241,0.004283694332849669
12,0.0032720901774558695,0.005613654297889983,0.005215156687138927,0.004898409589462188,0.004883164889882454
13,0.0024031649891209993,0.005571998023290921,0.005591958893105724,0.003897894571683178,0.004562809824698705
14,0.0026318069078740997,0.005730150497359971,0.005436099093070658,0.003986399964185442,0.00466345295982595
15,0.0030220461686723994,0.005817958111027356,0.00539691424821733,0.004027299350539853,0.0048409957357668995
16,0.003444222812741938,0.006125335740660571,0.005378860594238655,0.004234672227242889,0.005061186026477682
17,0.003936224894346888,0.00616912770684026,0.005365572024235442,0.004374066972941954,0.005221470694159831
18,0.003947248934943063,0.006384117038028765,0.005432650256550337,0.004539517887422158,0.005327264672693178
19,0.003946880365835118,0.006555904403881038,0.005455504570190054,0.004700838959247132,0.005399382530177262
20,0.003948173150112478,0.006876719436891423,0.005541192451267197,0.0049243032179938475,0.005536963504053278
21,0.00395561705048699,0.007088058717685371,0.005619192135389676,0.005031893112365522,0.005651182393014849
22,0.003946991385488618,0.007179762337386915,0.005743602513453675,0.0050421442514179985,0.005729722342216007
23,0.0039447780152198995,0.007165036139859946,0.005688693765865454,0.005016070200723854,0.0057565876142941065
24,0.0039506954911212805,0.007026503716525185,0.005071208444867567,0.004869609685997488,0.005527455196874636
25,0.003942764989575777,0.00707465648253111,0.004742403028451312,0.0048324997346376256,0.005409051093609055
26,0.003934465602129154,0.006891179101169348,0.004780410661004785,0.004622018186947092,0.0053529559719998395
27,0.003764843204284444,0.006841998341963116,0.004802622022518128,0.004537081493623409,0.005328301046911655
28,0.0037563887571886766,0.006529412117509414,0.00476334087575615,0.004334880724877722,0.005185883616580891
29,0.0037689553161770317,0.0064462833918279725,0.004666063808316049,0.004321325436971269,0.005131010832833438
30,0.0035457357277756275,0.005690105393581429,0.004656567301638018,0.0038923935627264046,0.004775572299391581
31,0.0027690717823665163,0.004562289261836443,0.004471911280946228,0.003141341338553853,0.004035941296880389
32,0.0021405229820047425,0.0035510758701921686,0.004305465861679864,0.0025394717868828113,0.003376726892761442
33,0.0018638636795732463,0.002958177845889221,0.004159547587845884,0.0022002978456495182,0.0030173424037665893
34,0.001723273976422014,0.0027246869277591525,0.004042337617408504,0.002063734937306285,0.0028452480958344926
35,0.0016632472976774331,0.0026600734525159897,0.0040239964292751685,0.001977967910292735,0.0027946113899492008
36,0.0016856447056264518,0.002690805858230068,0.004046853433672398,0.0019687722846364166,0.0028208280584089236
37,0.0018134132388825496,0.0028035654982211293,0.0041342650421568655,0.002056943877096653,0.002925525342928686
38,0.0019983614151139312,0.0030408148708970044,0.004202802605740275,0.00225102013177163,0.0030809423057729757
39,0.002534354966877692,0.003519681551441601,0.004306280130188254,0.002550834145899649,0.003457498335390656
40,0.0033294422540522785,0.0042492400594765865,0.004457747011051627,0.003052462471987394,0.004034591037659329
41,0.003896133765299539,0.00482484494584246,0.004878777538723885,0.0034802290101175353,0.004549497229097554
42,0.003881606758020519,0.0053494313704827035,0.0051968332319854305,0.0038334688835625352,0.0048389066745794865
43,0.0038156498567086593,0.005729582761158484,0.004786699310713545,0.004030782808103713,0.004796969279705586
44,0.0037617641598017646,0.006231865709427174,0.004828111004328332,0.004336668629853872,0.004953321709418525
45,0.0037582030627623495,0.006439705438436782,0.004849226364985676,0.0044833314836882415,0.005017984417632701
46,0.003708179532916011,0.006637355791557187,0.004891376560055814,0.0045142069304068225,0.005076801067828439
47,0.003778133178565329,0.006757910550280909,0.004777477933405776,0.004352983177744486,0.005045117655892108
48,0.00384607630279801,0.006498770028958745,0.004790296023174942,0.0040581821289872606,0.004979306937418513
49,0.003818768719726255,0.006304181342579118,0.004732929892699745,0.003859779848215609,0.004891429906984207
50,0.003922200086723515,0.006271422326631842,0.0046734587626772305,0.003881808918448022,0.004901945671027962
51,0.004024718729311249,0.00614329452960769,0.0046131168893725144,0.003812683328796663,0.004897131426480292
52,0.004011651296837136,0.0060595679994800205,0.004647258687739163,0.00372448296460603,0.004897147924197413
53,0.004014338002122918,0.006007468754640546,0.004688427896555328,0.003761500819094186,0.004892644225277377
54,0.00374134200983452,0.005582402139144284,0.004696137480511112,0.003528311495545373,0.0046978477831554535
55,0.002793725167830343,0.0046657572287298905,0.004590799360554911,0.002938153536156531,0.004070084268106512
56,0.0021994925039681285,0.003638968322085456,0.004341548248432091,0.0022681050539359983,0.0034091523573086856
57,0.001902043563567059,0.003205595486101903,0.004233882746595497,0.0019854733955931704,0.003117549668289188
58,0.0017891008686060366,0.002915975385035996,0.0040895475827575425,0.0017998115648007644,0.0029264036651976705
59,0.0017391766104304796,0.0029097908039207717,0.0040978319305688855,0.0019586564709594386,0.002909127184793881
60,0.0017233768359883413,0.003112031629561059,0.004073416194556614,0.0020741327085188888,0.0029769495897888723
61,0.0017966467590753757,0.0032524605473483632,0.004105476485811403,0.002234201100619908,0.0030727873712619205
62,0.0020214568040700575,0.0035272326482772803,0.004200406389830418,0.002455147929708289,0.0032937019466061433
63,0.0024098758086924135,0.004170779470030676,0.004354461016980399,0.002920368524383583,0.0037171316807996964
64,0.0032101310340469803,0.004956866470198899,0.00457009427521786,0.0035255802290163293,0.004342695047033337
65,0.0038747904008123346,0.005557819916406964,0.004745216795355815,0.003992602484134558,0.004784440139063054
66,0.003954109647057069,0.005562598895598728,0.0047139322403428165,0.004015752061861718,0.004793157218329694
67,0.003975351341374222,0.005395670108830215,0.004677137864127948,0.0038842186464794325,0.004722439062925163
68,0.003990181187881168,0.005346148553050042,0.004711370363319386,0.0038577956096173733,0.004711905465682956
69,0.003988943877543531,0.005246845647745014,0.004685328126362299,0.003790768089373965,0.004657359272681557
70,0.00397527017549302,0.005724421690647707,0.004715900006203303,0.004026400981519598,0.004811980836039736
71,0.003955244945442532,0.006254328554766689,0.004661633342310508,0.004113776464802707,0.0049137696659151695
72,0.003918391445134782,0.006712094815345409,0.004630248963106908,0.0041935492316295545,0.005041487038773909
73,0.003872011933139389,0.007418052292186838,0.004515288697806184,0.00449033647503505,0.005245142371587254
74,0.0038494822516332095,0.007587401748465861,0.004394765278958317,0.004493229387326058,0.005312643605729153
75,0.003866045311358221,0.007666823719043978,0.004379612766673553,0.004629757714800645,0.00536297057802331
76,0.0039069576697150395,0.007562127525877299,0.004328498692901368,0.0045949753985760015,0.005363338595492817
77,0.003919617039915314,0.007653552437323132,0.004233755923095305,0.004682327517262679,0.0053343212664597435
78,0.0037701362235541464,0.007404681665481509,0.004064388509952925,0.004376573572980052,0.005133548104198027
79,0.0030165488903802842,0.006304344186580306,0.004188186024724351,0.003535152314252102,0.0045948393195888865
80,0.0024940792876366248,0.005368171425635419,0.004314293787063617,0.0029210489941182767,0.004112368695886124
81,0.002018743087829617,0.004722388395254806,0.0042864013508803565,0.0025067819641671246,0.0037088786281909295
82,0.001968106407316692,0.004323016431443316,0.004212566598871325,0.002281526876186574,0.003530342553054935
83,0.001797945135581059,0.00396601393370262,0.004236965456184689,0.0023968954266888635,0.003354962833761184
84,0.0017328790253824627,0.0038150683532181015,0.004249508758189238,0.0023220715128750014,0.003305353351603462
85,0.001888533869222941,0.003940754153648555,0.004253285593944827,0.0025576075851284127,0.0034294780354186347
86,0.0021092533867104407,0.004403810995909286,0.004228754921856027,0.003051956318468515,0.003673099565967383
87,0.0026232134449721413,0.004823976414379013,0.004261742484308013,0.003340101950150956,0.003994900641128006
88,0.003439162406983263,0.0050863789401274055,0.004287261865196,0.0034958394638443958,0.004336022839319591
89,0.0038918653915056742,0.005400303734800077,0.00433573655096693,0.003810553173404918,0.004583140876850454
90,0.003886898668693485,0.0054852242659954985,0.00434043362004649,0.00388799075625357,0.00461728906902994
91,0.003884528950659629,0.0057610116879497995,0.0043702398933237775,0.004058452538758159,0.004729679997721283
92,0.0038942559836592826,0.0062287341971419595,0.004406686487855745,0.004337238495864506,0.004860411959689475
93,0.0038478720671301972,0.006255110844038801,0.004347503519662742,0.0043095573205899455,0.004838521563831843
94,0.003851904810808859,0.006177716797158897,0.004292784333084446,0.0041002283689192875,0.0048186735891569965
95,0.003764125166058847,0.006259595030263738,0.00412168389207425,0.003958231696334518,0.0047465936484990855
96,0.0037899907283134473,0.006588404671852764,0.004283821492134365,0.004034006614697473,0.0049098720746611315
97,0.0037270376295600706,0.007006168631185008,0.00420720657836642,0.004130667157572363,0.005054408263954024
98,0.0038245794968687786,0.006965456074107367,0.004195506295455,0.0040770045606960065,0.005084419808467228
99,0.003810157175175035,0.006543257886454354,0.004197878360160148,0.003892313066107473,0.004971744957844511
100,0.003752234610022886,0.006222885906552495,0.004234905817627466,0.0037523941878919594,0.004866052894199085
101,0.0037610431563236545,0.0060186595023547056,0.004164832118821328,0.003682543808070989,0.004777214187250246
102,0.0037260711606848873,0.005576873345199071,0.004057084082378844,0.003361229818923437,0.004568765584916832
103,0.0036286506489060896,0.005328527077012998,0.004125481365794438,0.0030754421197261616,0.004456850974458512
104,0.003400199496222502,0.005056251977447569,0.004230657584646593,0.002710089922266635,0.004289190034595153
105,0.002637063559162138,0.004382029884094821,0.004227600536817681,0.0020730694365845258,0.0038054321011047896
106,0.002157506842039046,0.0038512514206111765,0.004112991020285408,0.0019014564150826758,0.0034038953529687737
107,0.001853292342301562,0.0037206549526673047,0.0041603758174646845,0.0019408701870193162,0.00326107002434611
108,0.0019594857952994447,0.00372857634394188,0.00421925244094444,0.0021748886722410183,0.003375650255551214
109,0.0021111813799049974,0.0038816684892337507,0.004251638663042278,0.0024539881567312216,0.003487438117184949
110,0.002502011737274355,0.00444066612531723,0.004282467391867335,0.002967613705878088,0.003851705061445753
111,0.002852046318202931,0.004882931707150206,0.004523620241179815,0.0033390068671355264,0.004184935927783136
112,0.0035473944503745278,0.005216250040085217,0.005217660433322671,0.0035796937909349704,0.0047579161570767345
113,0.003975341064925689,0.005570539481666969,0.00562536229204813,0.0038944489402076786,0.005147995951929247
114,0.003988720979362223,0.00573753599743846,0.005367579418966059,0.0040851933418967635,0.005131341676919966
115,0.003967151307925021,0.005905199283633003,0.005008627598714747,0.00418879794586783,0.0050573721338100204
116,0.003954350584843175,0.006306149214069589,0.00448995523090431,0.004472682666620917,0.00499718434848733
117,0.003933108396997151,0.0062711346727741205,0.004347132028250013,0.0044102550570786145,0.004921725302041616
118,0.0038611141201180853,0.006115493238104586,0.004250149528109909,0.004131127152255564,0.0048382886055076905
119,0.00392951402311004,0.006333447357408145,0.004205585245602751,0.004080416754405596,0.004927853937833751
120,0.004123688033329377,0.0064552862564574735,0.004241592853785315,0.003984960777205733,0.005044253825911529
121,0.00412355798933893,0.0068963354975548315,0.004193512941938481,0.004223420829523591,0.00523579774746862
122,0.004066595643603866,0.0068631063051858236,0.004151088599499078,0.00411863048679022,0.005228269887688004
123,0.004064505170349745,0.006734716007015687,0.0040909192232402355,0.00398494489146922,0.005190432564651232
124,0.004113842860566155,0.006654623903189783,0.004098862275684045,0.004067474160536031,0.005184906580568938
125,0.0041097094981507615,0.0066431630818234045,0.004052458501172136,0.004047140286393344,0.005154050881466423
126,0.003930670603108679,0.006029163923995178,0.004040374197299271,0.003713924873449881,0.004861380319542503
127,0.0029286647638505146,0.005241629002162853,0.004160440990140271,0.003235516873400096,0.004290231829546593
128,0.0021834356537848735,0.004472653189362671,0.0042252500844948545,0.0027496038591107034,0.00375365206530489
129,0.0017864938733050315,0.003844972305632527,0.004088968605435347,0.002479597208829669,0.0033277382666367424
130,0.0016877074598134233,0.00344805042321587,0.004037887751083171,0.00230110020703837,0.003127651640514825
131,0.0016892213449466492,0.00336087837080424,0.004065114044951819,0.0022461977179973843,0.003099681441348106
132,0.0016873885622796967,0.003594255028921715,0.004204760667873132,0.002288515249274995,0.0032376804376615656
133,0.0018169671871336394,0.0038063362934840773,0.0042396762818459515,0.002538738373679804,0.003402685360397137
134,0.002035061539322305,0.004294137193796486,0.004278353469766226,0.002897839039247543,0.003681718011278675
135,0.002683281953853744,0.004935798510911247,0.004353996311122351,0.0032719916450839764,0.00413745788282963
136,0.0034459216263263755,0.005369794957623784,0.00431447017468976,0.003610663099738018,0.0045055375757270255
137,0.003915226883037272,0.005632849333925259,0.004380281043925461,0.003923886596824391,0.004741010812502129
138,0.003925703852500139,0.0058324783550849635,0.00458586638226175,0.004107134961603172,0.004897164774195744
139,0.003929760527019248,0.0060042683273067,0.004318181409860256,0.004200163535661195,0.004878659496441717
140,0.0039670040576356425,0.006411842465131053,0.0038663629624123633,0.004536212166939075,0.004872604241394225
141,0.003978853256826718,0.0063253549348978744,0.0038275520080889676,0.004439973352092889,0.004821007883857079
142,0.0038959831649575194,0.006037210699094975,0.0038106188196496086,0.004123204591583773,0.004674483902589618
143,0.0038020073759841505,0.00599473456234258,0.0036860005467654494,0.003885495943568073,0.0045808861577294035
144,0.003881756471775485,0.00612800856777916,0.0038045436424556872,0.003893376156973877,0.004716018299847165
145,0.003948916130126062,0.00617250011098392,0.003915240940688772,0.0038749509722523835,0.0048118920257997225
146,0.003906370656781792,0.006312452396687778,0.0038614033458369704,0.0038614841602881483,0.004888156889766197
147,0.00390772677921219,0.006267709052012752,0.003908762917740461,0.0038437981939311713,0.0049041648466040975
148,0.003959308300466195,0.006379032753217911,0.0037348474458755573,0.003907465897713922,0.0048906668079181405
149,0.003969432843541135,0.006625890668526806,0.003678867929350059,0.004098364231140003,0.004955983177599099
150,0.0038355286723650434,0.006309264487135671,0.003587226653662746,0.0037886464012929083,0.0047589655616951535
151,0.002931714225574761,0.005419562620324568,0.0036011659229561745,0.003266008315516173,0.004146333430181235
152,0.0023716777058416304,0.004488720802527675,0.003694720696981125,0.0028013830003843585,0.0036018922343251537
153,0.0019207916761531827,0.0038322533029230697,0.003654255964298038,0.0021987239967380823,0.003187552461510674
154,0.0017552380396209358,0.0035095688097171976,0.0035938713499633524,0.0022456409676383637,0.002989374681491152
155,0.0017319733396317669,0.0034657093174052,0.003643217276454446,0.0025668492615799577,0.002972543355255651
156,0.0017608608400567437,0.0036003483044085662,0.0037054387504594664,0.0026255410954505415,0.003084753880864616
157,0.00191680196324622,0.0036980213654036016,0.0037461451653679786,0.002703379108762471,0.003188649793883778
158,0.0021506418742373882,0.0040610626139538945,0.0037428275459309253,0.0030890666619699174,0.0033844785963481005
159,0.0027014258434532312,0.004713164246522201,0.0038328332680239007,0.0035840774593730424,0.0038415523944434968
160,0.0033963332133727653,0.0052749671217143445,0.0038882525148855227,0.0038294139327087477,0.0042762743832725
161,0.003887271483490563,0.005806618486367854,0.003977584380262981,0.00426120147910406,0.004619783635667254
162,0.003902868158958522,0.005722233854072579,0.0039775453076220865,0.004159450148032155,0.004595909955170552
163,0.003913249040712776,0.005771650449426928,0.0039815917770515945,0.004172333214526104,0.004628499993778025
164,0.00395859490350859,0.00627489971729306,0.004003283519198659,0.004580210206482199,0.004794164494895963
165,0.0039119440219516554,0.006223760968391061,0.0039805888371040165,0.00450499015970318,0.00475055246185358
166,0.003912824542217029,0.006183272727424372,0.004004297295804704,0.004594278548178024,0.004753341382986829
167,0.0038800030121439255,0.006321756735689185,0.0038737087545016907,0.0046033562666381,0.004743811684040552
168,0.003837487933056907,0.005943892779140999,0.003911022295981159,0.004265708073854245,0.004603352496284452
169,0.0038799192976859934,0.005864962634483575,0.0039021878458127437,0.004154859466084118,0.0046317802182301955
170,0.003874543093660368,0.005929634558138107,0.0038221504098460836,0.004196582713079261,0.004660395502388882
171,0.0038775512877818738,0.0057861426470518585,0.0037826665552765136,0.004134037906280209,0.004629551248107176
172,0.003835450787958041,0.006064145716830323,0.003781030874627293,0.00428639194079761,0.00473823224400717
173,0.0038522815954031694,0.006227670045884052,0.003774237765217725,0.004440736435625238,0.004807199323892412
174,0.003819107314406728,0.006031522655359995,0.003731185199602275,0.0042354082805322706,0.0046985647110664415
175,0.003442096789455501,0.005848311228873218,0.003778266929561734,0.003984826958667472,0.004538637758438534
176,0.0031864837732109978,0.005265250026823725,0.003778637762452023,0.0036798161161490177,0.004227538529178665
177,0.0030237646934167636,0.0052023713139881704,0.003889208505867132,0.0036299161756897518,0.004196942528296378
178,0.0023214584626638723,0.004678427600877138,0.0038771438400868373,0.003384502289574845,0.00374938277494173
179,0.0023368561176511414,0.004096852152596325,0.0038471792763807118,0.003020444900544748,0.003534334578896561
180,0.0021901625937400127,0.0036461715440018003,0.003778878106846194,0.0026795576707864172,0.0032922355670017243
181,0.0024648745051268853,0.004195658771305555,0.0038956220007380347,0.003137544589218244,0.003610744595947778
182,0.0023946949208629477,0.004420890088270059,0.003835584082973994,0.0031863662467605932,0.0036120208525102326
183,0.002851158726297979,0.004870135331065527,0.00394647465987178,0.003619480828833393,0.004002511827238442
184,0.0035643211593416532,0.005408461649350788,0.00400622233350055,0.0039979185323366214,0.004415544078844619
185,0.003943295446933766,0.005473902483073672,0.003999212771330362,0.004119536503229512,0.00451975033622701
186,0.003951431887158461,0.005538766441208794,0.003984543492696575,0.004192052724806941,0.004542456423435115
187,0.003918824660110842,0.005819168406831547,0.003991185054173561,0.004354121974250835,0.004644627360564755
188,0.00392270808502484,0.00623665126262279,0.004083927960046475,0.00466871011272318,0.004784110677636249
189,0.003957003051503309,0.00614097690311387,0.004076081245606972,0.004529339860560697,0.004730506363312758
190,0.003942234564282779,0.005991693577774684,0.004022459062971472,0.0043698637001213375,0.0046519442810604855
191,0.003924940116310325,0.006164543597485541,0.003918757397390084,0.0042940375012087495,0.004656725954297926
192,0.003942934404358158,0.006147307672251106,0.004033222238782116,0.004203198934065803,0.004702211188041056
193,0.003953218081021145,0.006193754804442022,0.00405020852718534,0.004211123661007944,0.004745956232456647
194,0.003938576690341947,0.006269751273605147,0.004001761058243744,0.004256754399839642,0.004751207960629433
195,0.00395378666672313,0.006378398953206537,0.004066880148223623,0.004347247555862205,0.0048312696121123365
196,0.0039290729907240024,0.006397613897917147,0.004286098585009955,0.004371046433011904,0.0049059098301480015
197,0.003942428473644206,0.006424574605959966,0.004516276174293896,0.004427070882759361,0.005003348832546772
198,0.003850332449140613,0.006149359191657678,0.004571896004014079,0.004236931781415246,0.004906316642301709
199,0.0029192778851580455,0.005736495168469108,0.004636604825873922,0.003879207320124226,0.004489436711161239
200,0.002342476737718676,0.005012820209183145,0.004696290533688697,0.003348256041102993,0.004072632223716609
201,0.0020436198073746736,0.004382823554518965,0.00462403195206099,0.0028660542760201788,0.003735947798118132
202,0.0019448300051392543,0.0038249034591498754,0.004455864755495387,0.0024851772769206304,0.0034612870578598896
203,0.0019284800430885152,0.0034735388123024627,0.004344251551514924,0.002299102691161759,0.0032756039279782287
204,0.0018726158542716547,0.00342271005179823,0.00434468846856277,0.0023623564495547384,0.0032475270285516047
205,0.002028617819249877,0.003635243319895425,0.004416785550067438,0.0026616118816858705,0.003414539562021318
206,0.0022545267617291157,0.004278026251956828,0.004546491790295324,0.003242216410582385,0.0037834254131500745
207,0.002654572897712461,0.004978537729920477,0.004655080902982506,0.003918443617797606,0.004218834541539433
208,0.0033272182895294398,0.005464888859513337,0.004670790171567396,0.004292756379731123,0.004607166578476275
209,0.00391556052115026,0.005389269376335802,0.00464995494732806,0.004265955035138298,0.004718658358613854
210,0.003959646523571494,0.005380385015609158,0.004659028898805674,0.004280877933086565,0.0047283452852081576
211,0.003953719526728398,0.005276067646415526,0.004641454526874182,0.004176750030008138,0.004678435672229302
212,0.00395599383837743,0.005559336832397416,0.004666326145377559,0.00437146649616148,0.0047716976636817034
213,0.003959557673070166,0.005682513963679723,0.004651177935693361,0.004432758597155918,0.004788532382404858
214,0.00400069535515032,0.006063859941603649,0.004685886865530929,0.004683692532849638,0.004929149261905998
215,0.004155645654576888,0.006249548669509117,0.00463306339576996,0.004654871021592491,0.0049871383585619175
216,0.004188417609411633,0.006659279091578973,0.004599989189640911,0.004818363429264547,0.005099950402166463
217,0.004135686847483585,0.007442817285754287,0.004524186924793747,0.005223356396143812,0.005299058260979765
218,0.003979397752677844,0.007705607150161709,0.004389634645853969,0.005305371035740961,0.0053169971021045405
219,0.003909024676623917,0.007549331666586964,0.004373836450459284,0.005184915187348677,0.005244029632382725
220,0.003869072497317842,0.007307185103996752,0.004427152351648446,0.005061264318265358,0.0051830585714384815
221,0.00386740281491278,0.007185405243891945,0.00443477803006125,0.004993180803415159,0.005154788691579141
222,0.003731640741175041,0.0069189812282798085,0.004480301009572746,0.00476631731453181,0.005057396320433265
223,0.003062235320325552,0.006366342376835154,0.00450801399057066,0.004366067816974289,0.004685244447725625
224,0.0028574976738077566,0.0051544756579382294,0.00454880549113448,0.003676858367729768,0.004313361410614523
225,0.0025304228544430827,0.0043620246957604605,0.004491689647798221,0.0031501194311904304,0.003939581786403295
226,0.0019869059442980874,0.004042868960006247,0.004480068657403836,0.0030581371444938846,0.003562196018840097
227,0.0019725344564793705,0.003974236511722133,0.004490996428754615,0.002988971056555445,0.0035148029579588594
228,0.0019665325171261483,0.003931039711393725,0.004523156709231137,0.002923570012122004,0.003491782091097353
229,0.0019884746858571866,0.0039791634191117,0.004500398008070292,0.00296441856052313,0.0035227785830911303
230,0.002102077687077913,0.004223406892588499,0.004575584331884867,0.0033301607320527595,0.003739250433128521
231,0.002549158434800511,0.004565848055860164,0.004580240388688846,0.0035703091458862434,0.003993957656262483
232,0.003304111166855302,0.005094652041570052,0.0046229826551352545,0.004001704269672324,0.004429007685030401
233,0.003844186241939974,0.005722470647925979,0.00470928613256801,0.004504598561427013,0.004822255365558408
234,0.0038956723570004246,0.005989956862299738,0.004732691234410804,0.004742793486953071,0.004927529802981578
235,0.0038771426320363418,0.00598960018177186,0.004698363032656167,0.004704165662377,0.0049056817806200454
236,0.0039052085714220614,0.005895890663250182,0.004650562133447621,0.0046229671906900536,0.0048479485573128
237,0.003921948304191437,0.005918330860780128,0.0046414328849103854,0.004679673100021985,0.0048584498483546104
238,0.0038495728594358375,0.005790669394110693,0.00464184141680557,0.004574820935484917,0.004798310114768529
239,0.0037781937527829016,0.006045164683589429,0.004513581492437504,0.004588148890930428,0.004783728807366522
240,0.0038474940483625344,0.005868295488316086,0.004569783767119355,0.004395659362644841,0.004759314162203682
241,0.0038674304188391698,0.006015700795132645,0.0045158549357098695,0.0044557845258751914,0.004830223956500296
242,0.0038241388221845482,0.005951389466139134,0.004458469678857003,0.004372653713956277,0.00481293848093988
243,0.0038289735422080517,0.006001720251091491,0.0044601757792495636,0.0044047729933105505,0.004834210586896779
244,0.0038245691112442134,0.005973205947660089,0.004463435897107104,0.004397609891363153,0.004829112793346317
245,0.0038837927976842898,0.005845189357226624,0.004424706849159546,0.004365189832736487,0.004788316439323971
246,0.003838438782855901,0.005409953527774551,0.0041758161322353726,0.004075988591264943,0.004536714685309471
247,0.0031979247426866535,0.0048239811779870355,0.0041331999784297154,0.003641279096531644,0.004127525492855977
248,0.0025247535695549377,0.004290947605503108,0.0041071306221931924,0.0032091129449610344,0.003691973413445257
249,0.0020908918780110355,0.003625741895503,0.004040545457974444,0.0026935171630442915,0.0033082776551864434
250,0.001960191459726916,0.0032904873118522406,0.0040248876601309954,0.0024666713161038702,0.0031173638992119737
251,0.002034843945199517,0.003214605142525503,0.004092026831117332,0.002510621635524932,0.0031173375423541975
252,0.0019062665998248042,0.0035521618126998617,0.004202967833241442,0.0027427998492045545,0.003236291980659756
253,0.002027022621970822,0.004158010447498667,0.004298940510483171,0.003306506794495477,0.003537345789764803
254,0.0022812128783485774,0.004725523595250643,0.004283741365596841,0.0038221247107309156,0.0038315454719339967
255,0.0027805837980789338,0.005123222455741444,0.004295788384959,0.004088738886535563,0.004145116423080174
256,0.0034056427695755747,0.0055600603502378425,0.004354804663881481,0.004409034079385649,0.004506368154981078
257,0.003876383798259603,0.005858434442144599,0.004378809260128603,0.004669452562762544,0.004750113631778861
258,0.0038321029725251754,0.006115518383539888,0.004278303093592829,0.0048526763429832575,0.004812857858228009
259,0.0037064690509423007,0.006008978342803789,0.0041503932909838625,0.004793357559242442,0.004721064750345302
260,0.003935483747811194,0.0063607925495318286,0.004174060361262191,0.0050882580442896935,0.004874445421489739
261,0.0039218343106021,0.0066001603267210815,0.0041011317495608865,0.005257178057368703,0.004925351972905384
262,0.0039005672260686002,0.006873290081283007,0.004051264269202561,0.005411299454356146,0.005003100929139174
263,0.004144543472560198,0.007052388346148297,0.0038927851466920753,0.005371056530887035,0.005092400566436919
264,0.004283817510835863,0.00693269750413015,0.004056219114782613,0.005281817836845658,0.0051840620934205574
265,0.00428539249882489,0.007310153166895736,0.00397560726599534,0.005559776960323067,0.005360483374545255
266,0.004286846377465224,0.0072022203445508675,0.003874939171904126,0.0054048752520878774,0.005360499620345185
267,0.00424785558920011,0.0071415750364856164,0.0038063755160644523,0.00538003586829087,0.005346237847564981
268,0.004293285522181588,0.007310664814807844,0.003680714232839439,0.005430958160405186,0.005353668918600164
269,0.004275630828618391,0.007766173585194352,0.003623885002558191,0.005616090629440503,0.005406328964811126
270,0.004213937010734469,0.007790034724481426,0.0033543565134890076,0.00560831848669243,0.0053364935156815455
271,0.0038264541231651144,0.007812933083185876,0.0034077682613909014,0.005640521866831834,0.005199430850156634
272,0.0035792653325187906,0.006879879009489429,0.003981293567351998,0.00518841543226985,0.004846456480100099
273,0.0034206099565943604,0.006493949878733762,0.0045792628539815874,0.005042788201903785,0.004887847462802439
274,0.003532295093853972,0.006231501115713154,0.0048141407317913954,0.0048729906564256515,0.004940554883498228
275,0.003402572190234811,0.005854071348557788,0.0054726945338869236,0.00465189842212116,0.004967699430705362
276,0.0035878946674344123,0.006011200510454301,0.005751740567067054,0.0047495988942663474,0.005214567316224283
277,0.0036670541850102835,0.0054766666286531675,0.005742231863703716,0.0043868369653615015,0.005034865625652931
278,0.0036959099818307498,0.0059612266066707146,0.005139262254080419,0.004709150199915559,0.005029526947111006
279,0.0037449664110613583,0.0059689986794975525,0.00429472691824211,0.0047529602841121996,0.004770331831244993
280,0.0038493775853501917,0.005882178704384267,0.004169100498340426,0.004607644239889136,0.0047198994517564105
281,0.0038687716120982224,0.006030541426069136,0.004214057673709636,0.004576840689811166,0.004779793560710637
282,0.0038702018810375877,0.006028230397613216,0.004248415613474479,0.004585573021714973,0.004801769295472645
283,0.0038886496666414657,0.006553599028424746,0.004218105703348306,0.00497007635882297,0.004991196860367215
284,0.003866219136653825,0.007338102099393539,0.00422848124683563,0.0055537469851551355,0.005201476292526709
285,0.003816283254130566,0.007678012995909409,0.004147518383457129,0.006032919173113943,0.0052532959200940425
286,0.003818260538969973,0.007871920073408216,0.003971287012569642,0.006111583799216691,0.005314900801390114
287,0.003774629984897886,0.008031539846359298,0.003791328899413805,0.0059410800358156695,0.005263559787822564
288,0.0038347841127140524,0.007760427995061317,0.0038799017866839843,0.0057358867766207355,0.005227162551984687
289,0.0038100056824979067,0.007945244147799164,0.003676878216383568,0.005777752484649572,0.0052985399348633696
290,0.003804866861275736,0.007982498187823012,0.003356032631660219,0.00567543185845206,0.00532347163195096
291,0.0038729486217736067,0.007740502005068642,0.0031580320525690137,0.0054321980437658434,0.0052827368260721895
292,0.0038726828656100256,0.007843619220306125,0.0031505782212907984,0.00564211073319998,0.005333549645773852
293,0.003857534832335029,0.008037930940290067,0.0030979823865499587,0.005718914179349781,0.0054035487645047895
294,0.0038010015254385052,0.008111351967959531,0.0032201739775655097,0.005751542302433557,0.005399241233953946
295,0.0034206639233205186,0.00762698480097112,0.004230767241027667,0.005396129678980847,0.005323434639735632
296,0.002664978773130328,0.006767381424179766,0.004721241824839834,0.004848957494490787,0.0047911925162434366
297,0.0023113754128627484,0.0055184287955126095,0.004898185252217055,0.0042075527497150616,0.004302194805542923
298,0.0021512345632876354,0.004776481404684125,0.004864329402233289,0.0039182610900462145,0.003952955594360252
299,0.0018393183945162022,0.004656399574046907,0.004950588645444915,0.0038773912072019526,0.0037321586731867114
300,0.001884711876431608,0.004697693305351484,0.004994787444109457,0.003867072211649984,0.003825755939014458
301,0.002177242897289145,0.004871783251620932,0.004994353081909802,0.004100339938782384,0.004057623922721646
302,0.0024641835247992063,0.0056086153882933835,0.004917336689898968,0.004822647480770849,0.004404660322458449
303,0.002736528507913163,0.006098932682172793,0.004880646289072945,0.005194141602133186,0.004637419450855164
304,0.003599478581327628,0.0063025111055531186,0.004824393975224459,0.0053592564911906365,0.005002496019143669
305,0.0038434504180891115,0.006587443155586883,0.005158301324606527,0.005574004673911247,0.00526827256774335
306,0.003859961679623221,0.006702754808147723,0.005148600414075759,0.00566536346741464,0.005308988886875572
307,0.0038623995016724938,0.006576166678385858,0.004470994693913958,0.0055979442814428175,0.00506239579094659
308,0.003858770658335424,0.006774110402580818,0.004273261126080576,0.005752565699350333,0.005081649103955051
309,0.003859694071007969,0.007139197881841865,0.00417328947997421,0.006036635884202956,0.005186074727825608
310,0.003855354266578003,0.007851575227123413,0.00395494106273912,0.006416309202056899,0.005380566341005026
311,0.0038041904859684216,0.00845207516549476,0.003556642843551983,0.006375123248328162,0.005468357125155961
312,0.0038301634802902877,0.008638737519028007,0.003543357158832017,0.006457018322154744,0.005594441662810901
313,0.003885794128027089,0.008882123105339632,0.003335692411019818,0.006515719222114172,0.005759072870567668
314,0.0038726031842527715,0.008745148924695065,0.0030065773465651905,0.00635724473951803,0.005751867837045252
315,0.003875813383854741,0.008679476905776322,0.002955258286881403,0.006260834537787412,0.005739485806256404
316,0.003831615078353687,0.008767625871413026,0.002980913902552699,0.006308413267556594,0.005720936804570944
317,0.003866486029050678,0.00878268301658966,0.0027321414740275004,0.006459901456637575,0.005661768012902136
318,0.0037829106951104896,0.008738282329602304,0.0028454365890087517,0.006312158478339055,0.005504268978512669
319,0.0031479793241643186,0.00818855414019588,0.003260731918783318,0.005745801465900099,0.005113873075029328
320,0.0026341531581054586,0.007215659388880764,0.004015196482356138,0.005400504334448459,0.004611001419463487
321,0.0023095565832567063,0.005827087597329159,0.004240828765920684,0.004749943226253173,0.0041504632491736835
322,0.0024679954267225732,0.00539520539940117,0.004286548620329563,0.004417226531137996,0.004141426464680159
323,0.0025089510951589416,0.0053725832376483,0.004875130644759895,0.004451110418515808,0.004372098973604233
324,0.002407703988374213,0.0058423706667897635,0.005411324224358302,0.004812171327939394,0.00465729683838511
325,0.0025844254491714227,0.005719838617677311,0.005416314242526803,0.004727478292845071,0.0046606428018663056
326,0.002889368655035479,0.005968370984764108,0.005444907125305433,0.004872211383745217,0.004856411510071397
327,0.002724003350773705,0.0062144472162734814,0.005629971220534147,0.005111047375421457,0.004879420936289429
328,0.003632662228884779,0.006231194107961386,0.005604837917639578,0.004579784470532089,0.005217898871478398
329,0.003851638811971572,0.006342985053958338,0.005630611110353728,0.004771859469882063,0.005324662728969327
330,0.003848147220690238,0.006402739050594277,0.0056231305482455675,0.004568598875065002,0.0053398934267298226
331,0.0039001704205909936,0.006523039800049717,0.005611753822942373,0.004720117075709863,0.005400644828573005
332,0.0039041580975417425,0.0071120425797453375,0.005581404425935681,0.0051223903637335295,0.00558991624922033
333,0.003906436347086233,0.007695022473541537,0.005080488091957928,0.005802193152610174,0.005616053619668416
334,0.0038609757545739845,0.007977655094521934,0.0041258353972264015,0.006007925353287063,0.005410825315927332
335,0.0038262711883193094,0.008446154285844628,0.003535465628613429,0.006622415291383478,0.0054795802972131226
336,0.0038519475922313045,0.008541899965536712,0.003354091436437734,0.0069911423944835184,0.005560553496661442
337,0.0038051249930281996,0.008518299334727919,0.0033242979884250076,0.0069248779493380945,0.005565793130768809
338,0.0036683413363564257,0.00862147831141495,0.0031389115492263093,0.006983132059903215,0.005575998677593673
339,0.003724151792266603,0.008490170052962156,0.0029924655528085764,0.006883769239961805,0.005548073517005912
340,0.003672630335821954,0.008461008825252844,0.0030293691861266424,0.006912089071714499,0.005537796055872287
341,0.003640867344935533,0.00844941621541306,0.0032017736288895726,0.006926384293467374,0.005552965990601042
342,0.0036315073188681883,0.008239141510934678,0.003346651112461125,0.006711475124743716,0.005447697733016607
343,0.0035862415005333695,0.008050499598363469,0.003955344149711412,0.006476287825669726,0.005539255574314033
344,0.0034349310054760137,0.007334435008763975,0.0053478559566286585,0.006075717530846174,0.0055284725043742815
345,0.003181017909420753,0.006801879891199614,0.0053810948644966465,0.005862894886346258,0.0052466538111688565
346,0.0030119096350710553,0.00657267719510013,0.005178272817135735,0.005681959825699735,0.005012216041593415
347,0.0027007693672278154,0.006054354151097674,0.00569409113355172,0.005091178255176547,0.004864789202059238
348,0.002975690719513874,0.006556728080392933,0.00574164860633641,0.0053814535871439,0.005173502786709113
349,0.0031132789982874502,0.005961473572650835,0.00568229171414831,0.0049402986729984175,0.0050146776621361145
350,0.0033507637002045624,0.006076115054079351,0.005633023636644232,0.004918283581822652,0.005087437990737798
351,0.00360853646375992,0.00625555225013039,0.00566934993398388,0.004768003874176003,0.005251002509693685
352,0.0037814995086644693,0.006231675121145608,0.005655716370578827,0.004610668835749691,0.005272352913390858
353,0.0038919338686895415,0.006618672425221188,0.00566149963034554,0.005125789851738738,0.005429492010531497
354,0.0038907722583516667,0.006826393722488516,0.005674936098312677,0.00529396330577555,0.005498746231614112
355,0.003892919131008021,0.0074285445357551855,0.005651809865341637,0.006019343415544569,0.0056762962653153165
356,0.003891899466989698,0.007768777183598278,0.005422044270037645,0.006260997480871294,0.005707715861180295
357,0.0038919199907142474,0.00785459760923509,0.005229118032353567,0.006325183968397367,0.005659137676969709
358,0.003904795607745825,0.007992704227812014,0.004527247485786893,0.006418054148363917,0.005454627565046227
359,0.003923257149264182,0.008425788585774733,0.004085129485795034,0.006548940372979768,0.005483457573273918
360,0.003941927010390397,0.008481319046812342,0.004083682762242461,0.006121879921776403,0.00558658182799627
361,0.0038616310033866065,0.008644132931698922,0.003987119816872246,0.006829664239487746,0.005684721136021144
362,0.003751567578948443,0.008487396281845893,0.004001249304779147,0.006715500181974272,0.0056978521612091135
363,0.0037564588585749007,0.00800206594137583,0.004049605927207488,0.0063242658279618275,0.005655346163949913
364,0.0037004204883042484,0.007857746057801079,0.004082771956915755,0.006252127929326861,0.005591899883726976
365,0.0037609651350288937,0.008330526383361203,0.003710943120724672,0.006534598929442238,0.0056156832087045985
366,0.0038500966684718654,0.007813390729644433,0.0038412226019325876,0.0061800264323887315,0.005497349820051455
367,0.0037183915746913025,0.0073628516313652,0.004082331592393231,0.005927117539403232,0.005319805043095933
368,0.003187830821176384,0.006880156297797255,0.004365959605090346,0.005645051824428758,0.005003701280236696
369,0.003114270668176675,0.006359893049112618,0.004568365357271087,0.005330221816515933,0.004863279007375526
370,0.0029247680115488802,0.005871623053469484,0.0046285408094909565,0.004999467764346842,0.004638817243976641
371,0.002696048670595963,0.005679214145926452,0.004605496616258746,0.004820749087547968,0.004452897831472853
372,0.00228972240093534,0.005251405718161076,0.004545726428698082,0.004535969860730522,0.004080295680543949
373,0.002247007566009294,0.004646987273773084,0.004412286315123325,0.004107737276769819,0.0038032281380235497
374,0.0021916149557005705,0.004793947271853051,0.004436474231798692,0.004204649384979651,0.003803289505799024
375,0.002508158523780727,0.005013568880086318,0.0044595740275510005,0.0042109791053428595,0.00401675658338272
376,0.0034302373908272777,0.0056756441393512,0.004522145903691401,0.004719121163452264,0.004609256409713304
377,0.003936939936499388,0.005831944280258185,0.004539620252457998,0.0048989879416358175,0.004835553735039598
378,0.0038647138567844586,0.005838669653261629,0.004540573456822712,0.00468998602910131,0.004814696766290981
379,0.0038716334298072395,0.005657361237073272,0.004568873191426583,0.004355916056062584,0.00475251890845675
380,0.0038227752198416896,0.006129773277089908,0.004602054186268321,0.004625892348684989,0.004892902104093739
381,0.003790150750340387,0.006410420995260834,0.004566665339182674,0.004830746581140962,0.0049697950720642295
382,0.003770363665485681,0.006280676793688082,0.004560758426579193,0.0046937054058348695,0.004911834019090881
383,0.0037516192475228463,0.0063612040840485455,0.004484436424204408,0.004669359354716389,0.004929002587383366
384,0.003703873153304012,0.006417067691174598,0.004533548395417575,0.004597868351323717,0.004930324276838588
385,0.00365211255184882,0.006548412980621751,0.004571739396023136,0.004601217880491386,0.004973804461558691
386,0.0036642544125055276,0.0066732338358763185,0.004491646684803569,0.005030072654937768,0.005008921873999589
387,0.0036865382857955427,0.00654042903184973,0.0043410833487446555,0.0051360949460173356,0.004963314364295291
388,0.0037304997249434577,0.006308938448168579,0.00428457397214855,0.004967903281967671,0.004870071156802491
389,0.0037451303105070924,0.006125724435365342,0.0043033953398072975,0.004870196038319226,0.0048284279279104635
390,0.0037813035076767697,0.005759709366629616,0.004340932562421035,0.004736802450986869,0.004739302113215423
391,0.003411319907058977,0.005353609515505832,0.004460238849466662,0.004569297379797784,0.0045340313174052444
392,0.002822752770432018,0.0046039764604595785,0.004538478834743976,0.003939131175903627,0.0041231112804444294
393,0.0021209410174356626,0.0038732702316184946,0.004531545901460864,0.0033909164615963127,0.0036248898126162903
394,0.0017345413557740487,0.0033481733328542913,0.0043550287549731035,0.002999762712328112,0.0032104971848230784
395,0.0016552345001668942,0.003126687891503479,0.004249852235922177,0.0028404391857474844,0.0030662701856066605
396,0.0016799472246560145,0.003303428116083449,0.004269538237748228,0.0030056476151479666,0.0031398004277811845
397,0.0017645629152978253,0.003375992060481885,0.004253597961411831,0.003065302653615489,0.0031871378947089667
398,0.002008781811845857,0.003593991227989167,0.004402907107380626,0.003273572383598422,0.003385516451778354
399,0.002413279449068336,0.004229625026063019,0.004486267574382099,0.0038451657019071667,0.003770864113527321
400,0.0033663925691233003,0.0051764269869102346,0.004571627554990465,0.00466550728729087,0.004427228942533199
401,0.0038846400014313403,0.00552669267269074,0.004622091223496783,0.004466011698207044,0.004712293297538267
402,0.003847270586218749,0.005836504958268749,0.004622733908221944,0.004593988664715637,0.004817670258201322
403,0.003803432844505473,0.005832671449117777,0.0046243240550283326,0.004565045516474881,0.004805990740823375
404,0.003849428763499102,0.0060604565598903586,0.004639283908725752,0.004718000849867658,0.0048684768722338
405,0.0038980306419790773,0.0061190895275225,0.004608295391970826,0.004764142134734359,0.004894792847460657
406,0.003790677447965815,0.006132008680014225,0.004548200312121386,0.004713677465047915,0.004850837570759707
407,0.0037483699898816928,0.006235000719754296,0.004431949431072621,0.004721635177329439,0.004880710753596881
408,0.0037404539161211485,0.006394900929199477,0.004388122859168755,0.005326280749770905,0.004957537659428228
409,0.003717783885519734,0.006565659212298606,0.004287097427108124,0.00553538646743762,0.005024771152324323
410,0.00382258015505458,0.006467202063446077,0.004169781863498592,0.005573996442176171,0.00504635077326779
411,0.0038345306320760487,0.006288015883857293,0.004135627143554319,0.005440943195122027,0.004980201666393023
412,0.003860859340425884,0.006205802505310322,0.0041583124759009635,0.005345832089163087,0.004966417453375106
413,0.0038901676779586327,0.006311544020492977,0.004093053880635975,0.0054137854496310155,0.005012890497823388
414,0.0038010188115120314,0.005979463354321121,0.0040931992866004826,0.005156484602600304,0.004834666576604345
415,0.003517787726585984,0.006104338856819237,0.0042124131101610425,0.0052142021658113024,0.004742434553963866
416,0.003272704989951704,0.0054989330869668835,0.00429081639598292,0.004832495223124166,0.004442285415527629
417,0.0029409365753135016,0.005415744250562633,0.004390201270550014,0.004837439124292571,0.004328202358258069
418,0.0029877637899871643,0.0051563690024544915,0.00436784026256198,0.0046619070646059454,0.004280396150787651
419,0.003199992468255072,0.0050610566548474345,0.004464641055776269,0.0044181761412849085,0.004343793518902096
420,0.0031306284044872994,0.005561663597728161,0.0051007290104073035,0.004719356062751244,0.004781795732679599
421,0.0029995458148922047,0.005539858819131992,0.00566521957188856,0.004691423401825762,0.004896579558269038
422,0.003095309200180711,0.005751771964696581,0.005668747561797857,0.0048985577588796705,0.005002398099958927
423,0.003554011575927391,0.00578148813117757,0.00564452520772451,0.0051300087470352584,0.0051582282864092695
424,0.0038227710615192506,0.005684541565237177,0.0056193917170349935,0.004921825113340095,0.005176270108594049
425,0.0039054690624889155,0.0058156206699939384,0.00563883280046216,0.004600577124075925,0.005233975941511486
426,0.003892792272762801,0.005766263480290366,0.005633282150336474,0.004558950827414997,0.005207206989275956
427,0.003907607117663961,0.005913676696681028,0.005410487664623457,0.004624764470162886,0.005174214996285906
428,0.003892978131699878,0.0066443210897936915,0.004691315931051447,0.005172122724186845,0.00512403679313501
429,0.0038335298314167753,0.006635828265310709,0.004380168834772805,0.0051297592596292185,0.0049908426382742465
430,0.0037782927681963285,0.006540996924176162,0.00432048873682831,0.004992825368289361,0.004920181461529991
431,0.003647878110987738,0.006521514676684781,0.004165888731341269,0.005238872534654563,0.004798230040354252
432,0.0038475375998031826,0.006312086881239407,0.004209658166952077,0.005172127597330776,0.004831160882406407
433,0.003861017663119208,0.006341753127284288,0.0042910313226040995,0.005123109053850358,0.004899599314076896
434,0.003891195821862577,0.006371994064297722,0.004202328277804659,0.005283867783594269,0.004928519366688467
435,0.003908940141969426,0.006132271799111405,0.004179079931769172,0.005116857523262322,0.004879930286231028
436,0.003917290242071793,0.005780957507860281,0.004249556312698983,0.004868685296824338,0.004758224409929428
437,0.003909716870101517,0.005936261357985005,0.004173513569355342,0.004990535446063732,0.004791628306393754
438,0.0038802264101072117,0.006118765910849208,0.004004999284983596,0.005112952458126109,0.004803129161571507
439,0.003621096108889231,0.0061329684509473705,0.00413699571872984,0.005094331505063995,0.0047407920941358326
440,0.0032591008889611417,0.005564739059775265,0.004306987789311827,0.0047510050117152355,0.004440451727246106
441,0.00287846223378248,0.005132373372348874,0.004323133532803994,0.0045153612679785,0.004224710795071055
442,0.002649476156422638,0.005028382627514175,0.004319171368848401,0.0044581439180089175,0.004129648996758273
443,0.0026197425594287863,0.0049199508276568426,0.004419196770380496,0.004364988019546413,0.004105550252431094
444,0.002590368872646143,0.004915742696842278,0.004410251814810375,0.004338479678115014,0.004112983002877436
445,0.0027404308067755906,0.005049105208808374,0.004555463478217645,0.0044978473372473075,0.0042169426078945355
446,0.0023489592508863545,0.005260523631772863,0.00474921420590859,0.004726538300451749,0.004195972746400468
447,0.0028323934871752666,0.005330764846190879,0.0044744729810052885,0.004724092298061702,0.004302986544720297
448,0.0036067545994475513,0.005636693082061777,0.004341762371226277,0.004972687168548798,0.00458864919487244
449,0.0038497848089989583,0.0058695767670467105,0.004383782036501361,0.00443079081581169,0.004738170636363668
450,0.0038651837909287035,0.005978263882205439,0.00435443064671818,0.004537080479981832,0.004769437737368482
451,0.0038698304977469447,0.005844160575576916,0.004272720824366543,0.004927544214905187,0.0047106520027091715
452,0.0038270421950873258,0.006070510980828235,0.00424014083568641,0.005323728256104769,0.004727128491759211
453,0.003832668219205549,0.005893499768336247,0.0041801289834385155,0.005154784699711502,0.004637150592666919
454,0.003765652638629057,0.005602368512698404,0.00411334345276302,0.00490566524391642,0.004508132963604652
455,0.0036931664549917746,0.005551277404967461,0.0041169148889564754,0.004768873290188436,0.004463252486851895
456,0.00377562097628448,0.0056462977780347675,0.0042409466950445954,0.004805272950588356,0.004575506258601276
457,0.003874639750208246,0.0060694036262998186,0.004246245275858947,0.005105033161939796,0.004777851808307779
458,0.003852654312948595,0.006171083880461587,0.004192166192285162,0.00515087987510255,0.00480943270655003
459,0.0038587182854030503,0.006094553564991834,0.004166742771352946,0.0051005916052791495,0.004804555365946011
460,0.00392392716682196,0.005989342527226884,0.004140291102313462,0.00504192459466819,0.00480007689041314
461,0.0038530176186873134,0.005942946458708235,0.004048849223485146,0.00500630357493019,0.004736453968051384
462,0.003789987303614283,0.00559233379844122,0.003889974465112356,0.00469946493014999,0.004543489794656198
463,0.0033546785792092247,0.005177209980792772,0.004054375907925666,0.004357589685402401,0.004282976183787401
464,0.0024968793586522577,0.004530211135388591,0.004185386811380202,0.003918981317967926,0.003793218768221046
465,0.002096456879476353,0.004151354956238894,0.004185803707157559,0.0036528384396574925,0.0035340780133587095
466,0.0017981881057831176,0.0038193209585197898,0.004146151929004237,0.0034153871103448845,0.003300884450683992
467,0.0021025536087200666,0.0035711978714380206,0.004141169808812751,0.003154648748137695,0.003344017519560093
468,0.002245478752797853,0.0037082445746065445,0.004197586782450649,0.0031707814643685533,0.0034539694795258347
469,0.0024885743479698403,0.004274908554666518,0.00428374548449253,0.0037157690780485987,0.0037518380092447187
470,0.0025047472217256724,0.0046992385373454595,0.004271908067146238,0.004054415624904552,0.0038880812119183768
471,0.0027143874178511183,0.005250260474343287,0.004327491294442231,0.004476465235314597,0.004157854218558873
472,0.0035939270914248657,0.005599221017845447,0.004347835599446119,0.004812960601216696,0.004569016175073221
473,0.0039023463184531372,0.005664118891297482,0.004348299984304948,0.004876645950471135,0.004661826172951614
474,0.0038847851815346497,0.005735224637323264,0.004336793241068546,0.00494691655200357,0.004678418102696945
475,0.00389613141792994,0.005714911158169965,0.004324219982043157,0.004934185694097115,0.004673793985497159
476,0.0038374973818099812,0.006283155693879472,0.00437475987312711,0.005355788901041988,0.00483137257153907
477,0.0037598507960763922,0.00624141562527119,0.004333166695618992,0.005300339188190699,0.004771419576595719
478,0.0036111230102775075,0.005983823467496403,0.0042458513549742845,0.0050455820959158255,0.0046145731315083245
479,0.003595381704483611,0.005905719639707532,0.004194619326585672,0.004834895380044846,0.004532250860192406
480,0.003712507646365833,0.0056945714318170915,0.004290643288123371,0.004652609183362612,0.0045411830391724585
481,0.003736176296141406,0.005897046378814424,0.00429377376303507,0.004771816546717692,0.004654901650206305
482,0.0037187838037930922,0.005899521326512466,0.004241916726256598,0.004756519446789775,0.004666602246479694
483,0.0037299166991130966,0.006003784606026372,0.004202797742991136,0.004855594417781104,0.004710652569112663
484,0.003778175860356272,0.005949909716397335,0.0041641088006553915,0.0048352603723825615,0.004711087162460819
485,0.003792522734688545,0.005884134521936798,0.004116237121914769,0.004812073105036381,0.004664617004041095
486,0.0037005732457746797,0.005481647032716042,0.004039906985849086,0.004485781230850521,0.0044590602059059875
487,0.003419192516675736,0.00509587091897166,0.004121106991112175,0.0042061381722679125,0.004262011452329419
488,0.0028401245488392317,0.004222721332376023,0.004125259606661315,0.003612620552329985,0.0038002825180443946
489,0.0022583434530856366,0.003624671469088815,0.00405593070931399,0.0031251378115603376,0.0033801284287037687
490,0.002138053002126063,0.0033629406367063123,0.004007662015391701,0.002965325741420455,0.003252002544110295
491,0.0020173050911633174,0.003086503271515414,0.004008380117422726,0.002720192935113223,0.003071262671281533
492,0.001981180192511182,0.003254807605441725,0.004143239930713516,0.0028542230220826113,0.003152238595852795
493,0.002215973345324686,0.003632857787167312,0.004190971686400783,0.003211720412405713,0.003381214916460508
494,0.0025119459800758397,0.004333377217461351,0.00426571970513899,0.003841940412145283,0.0037607834215564098
495,0.0029837219346182022,0.004795782835658954,0.0042918212828194115,0.004233557126716571,0.004086210297407156
496,0.0036540982402974787,0.005353750359778366,0.004352926374500392,0.004213290703242206,0.004491568021675393
497,0.004325463895921483,0.005525221303130711,0.004387358896361902,0.0043330967088286,0.004754471749080793
498,0.0043783659878702565,0.0054878148391798495,0.004385521362122737,0.004326618215402407,0.004757797061967398
499,0.0043591042686195475,0.0056218618850718965,0.0044034386275361515,0.004428709575998591,0.004810850780240187
500,0.004359064086634554,0.006060818006035277,0.004426163495654966,0.0047991950735059115,0.00493856921177514
501,0.004356364875914327,0.005897392202973735,0.004339266959960237,0.004611041140669776,0.004833774354411673
502,0.004356086220609262,0.005792630195540755,0.004265976125936212,0.004998546950241652,0.004781691492461166
503,0.00431178452519805,0.005694678545375652,0.004186261647713096,0.0049005094870689676,0.004715637895308202
504,0.004312671061366875,0.005789607350552104,0.0042255954715059085,0.005076099608635157,0.004800385517589155
505,0.004298831321556222,0.006071572249099213,0.00424334088948431,0.005255382548348923,0.004916916993674734
506,0.004308823951626051,0.005919036794190865,0.004183625508358203,0.005131674109875238,0.004871350873268529
507,0.004343336172536169,0.005922163942767755,0.004183102035760084,0.005155977763386393,0.004896508843057022
508,0.004312936917704429,0.005929611599078804,0.00417791272512494,0.005158603988697056,0.004889121871630016
509,0.004252950464208494,0.005947799848345718,0.004109273176671994,0.0051605400081267015,0.004845949676223631
510,0.004156873414879682,0.005643194770980411,0.003990723453276362,0.004910231690726988,0.00466194429164135
511,0.003640975000462456,0.005068116067334184,0.004109343820114463,0.00441508953401952,0.004341355393274616
512,0.002881042085802456,0.004416781847243812,0.004167858907466624,0.003922229234056622,0.0038695691799042254
513,0.002393396965904945,0.0038023799983937494,0.00408212802643012,0.0033984952954956575,0.003468995834645546
514,0.0021446131142604107,0.0031645038100339452,0.003948015859894784,0.0028217812686418533,0.0031073120300550753
515,0.0020463291532925787,0.003042546057342149,0.003968050735549757,0.002739922596153705,0.0030291582306534227
516,0.001975805679808153,0.003218285482016306,0.004077626750769048,0.0028672422605405504,0.0031011413984832524
517,0.002087811356418782,0.003655656904267877,0.004188843153066327,0.0033430763960061913,0.003368251729330017
518,0.0022340060300674205,0.004198024996132807,0.0042029566166678295,0.0037982368834364065,0.003628956158636172
519,0.0027855843635586795,0.004378029975592345,0.004197156371913289,0.003839728785501193,0.0038671742098549617
520,0.0035723542446347402,0.00477228605537692,0.004206403104003614,0.00411866684073083,0.004231513428410139
521,0.003814043219644562,0.004826329449870193,0.004179996442064411,0.003965306872384586,0.004296859495325519
522,0.0038690608879932134,0.0046115833008107026,0.004162673479768548,0.0038284885647370728,0.004227340223876606
523,0.0038744575016455528,0.004269839649906259,0.004133821048972549,0.0035484954053701927,0.0040993543348099674
524,0.0038804490206696637,0.004736698846142938,0.004167707603849181,0.003921601089410626,0.00426218560900839
525,0.0038859500290803835,0.00484213894938095,0.004194139738953216,0.00401130726723691,0.004304886906917067
526,0.003880783324108866,0.004874759981703607,0.004225355649134568,0.004021278063422339,0.0043338865266520045
527,0.0038794341770348848,0.005022427287939636,0.004294883917992361,0.004204989303491105,0.004402741689203363
528,0.003902858049629474,0.004888506293648529,0.00442598605486569,0.004260134120411082,0.004414812285075256
529,0.0038978212219873227,0.005137612975376489,0.004539476796762548,0.00441642815017363,0.00453471381401957
530,0.0038893630157650744,0.005547972497840732,0.004584943298917649,0.004750552258716912,0.004686529262351936
531,0.003925775780420274,0.005685317489816463,0.004548419040052497,0.004816258891317384,0.0047577398159395065
532,0.003907007873209864,0.005722570467723146,0.004515985785488135,0.00484335403492254,0.004753998680420987
533,0.003916401715724946,0.005550920393732205,0.004483587808454501,0.004729808108979696,0.0046917034555655065
534,0.003865549344151358,0.005179467186575782,0.00445670210009381,0.0044578813380209146,0.00454756199662387
535,0.00351743300128525,0.004725588013208254,0.004457135488215576,0.0041766386825691695,0.004302501205981287
536,0.0028204099619516393,0.003998286676517368,0.00437955698064524,0.00357339229100447,0.0038119395967995615
537,0.0019641834161139987,0.0034261774837196714,0.004268366059603055,0.0029845307197695417,0.003244475577470944
538,0.0021987753556853523,0.003374725691652132,0.00421458841690502,0.002971403728329157,0.0033279623893830977
539,0.002230814585074018,0.0035691742321118333,0.004276494523250701,0.003132761825887633,0.0034224995433345413
540,0.002427756113644127,0.004055093447214496,0.004370748364638466,0.0035903313005030664,0.0037209526202226016
541,0.0023508473543375837,0.00405462501558237,0.004399851393908438,0.003700781089504331,0.0037236225537741877
542,0.002866218510121085,0.004341487806938044,0.004409920984354472,0.003914057981378872,0.003963173130683367
543,0.002905018698062919,0.004530970944576019,0.004416027977571585,0.004047150003796962,0.004024555700062122
544,0.003527738730132693,0.00461817142583074,0.004411848323064908,0.004178013335563196,0.004247565504756766
545,0.003833655984730112,0.004411380183806011,0.004410674921797964,0.003991928670916889,0.004246554677177601
546,0.0038828331887381592,0.004314279123036289,0.0044473365550007585,0.003639543591367577,0.004228896067247046
547,0.0038357552210826614,0.004329554950807637,0.004451498097758264,0.0036290940100725025,0.00422401194715871
548,0.0038737995980873017,0.004798442651298473,0.004408579995580753,0.003955572515029501,0.004369782594021422
549,0.00392554585622976,0.004834825033607341,0.0044606258038144934,0.00399116988498554,0.0043953297678323245
550,0.003926697553690217,0.005239482817693477,0.004588959298085072,0.004258200752970202,0.004562063259985693
551,0.003911908998411172,0.005593163610958645,0.004614729179124702,0.004686427060659078,0.004686887520773836
552,0.003757507267989986,0.005838064780122001,0.004522952399810632,0.004951946776033691,0.004693043029270441
553,0.0037115100124727766,0.006154556526170738,0.004341645413058761,0.005158929381770605,0.004743458259214626
554,0.0037150565442907848,0.006376860251850017,0.004182765774482025,0.005304205094953473,0.0047813200788633485
555,0.003639610376801693,0.006241657420140683,0.004150554493820957,0.005197965954561439,0.004713624147152009
556,0.0036051860493150675,0.006208019589862199,0.004190910567867439,0.005156556174239913,0.004706921795939726
557,0.0036771350310955543,0.006408190825350724,0.004301443683761092,0.005290839530235058,0.004823015796891903
558,0.0037593428342451857,0.006232367314640772,0.004359966759448914,0.005192178201312989,0.004814891761391501
559,0.0032076250170915864,0.005307024265915265,0.004467002777954457,0.004476290068939449,0.00438818302234524
560,0.002559851074822827,0.0041836079285829135,0.004427596773438016,0.0036230068792174135,0.003797930856674255
561,0.002023504121078398,0.003628996208364371,0.0043113929474416935,0.003088470433634561,0.0033607563648447776
562,0.0018529856188089595,0.003365980820777996,0.004218028474343209,0.0027935131860809498,0.00317266558547297
563,0.0017042302749220109,0.003197232301824704,0.004140532311964166,0.002624890441629607,0.0030141765602041647
564,0.0018864885236871212,0.0032252090065233666,0.004121648803810495,0.002717950363837291,0.0030984446801475113
565,0.001927479440996193,0.0035969176918004813,0.004190006617644831,0.0030435132167743145,0.003257077463014191
566,0.0020797466204374895,0.003906409754975725,0.0042381882979149335,0.003345635509650162,0.0034180109409279315
567,0.0024001654006690783,0.004513057153075314,0.004320974709446467,0.003831547618397519,0.0037556229405818434
568,0.0033894403366251705,0.0049050937398951,0.004414106051310644,0.004225832777524204,0.004261013554460241
569,0.0038769230878312137,0.005266105719259706,0.004446755638321541,0.0045688686377787545,0.004547536869608596
570,0.003812700117611059,0.005203905319838741,0.004482790472293061,0.004528236584652201,0.0045248128408910005
571,0.0038129878056732416,0.005003935154658418,0.004491101770139783,0.004408931827675031,0.004462577777222144
572,0.00391476042546469,0.005424421599302678,0.004509550319800045,0.004726726415428655,0.004613590537759982
573,0.003925269246118105,0.005367638881238608,0.004497843340699551,0.0046815581371292625,0.00459462412205453
574,0.0039106642654057324,0.005684154227847294,0.004507282658262404,0.004911369462517432,0.004699625094458295
575,0.0038190364244101408,0.006494560213103869,0.004342356752925633,0.005415325048000396,0.004880832576087867
576,0.00384564954608295,0.007041739826163496,0.004037094121718785,0.005781268362591601,0.004996819679861114
577,0.003922461595458961,0.007056680813234266,0.003711650842631226,0.005809757929991765,0.005041874277151098
578,0.003929151996616732,0.006925725431229991,0.00366772590449299,0.00570370412992938,0.005043649862753502
579,0.003860016941016945,0.007128183087780393,0.0036797326300484776,0.005824470323375416,0.005133445036480908
580,0.003811912441338049,0.007146118386700299,0.0037588225016052823,0.005818361902818141,0.005135894249180416
581,0.0038136046895266523,0.007170647272902387,0.0038158289479665562,0.005852984118079536,0.005102341709580753
582,0.0037743959198551975,0.00722340599075145,0.003725223362375425,0.005837790284844029,0.005017143009579689
583,0.0032085666643864143,0.006551335208230151,0.004076496567532375,0.005251815550306549,0.0046955536109050035
584,0.0025688278616196113,0.0054035000789848945,0.004423626829760207,0.004467736841322555,0.0041355296106453865
585,0.002144620384896023,0.004516840364226426,0.00434558526106109,0.0037655633102464912,0.0036688884384607472
586,0.002020931817782672,0.0038903452552432665,0.00429221906426894,0.003273921875771051,0.003374889247158528
587,0.001985189664294165,0.0037261737667183795,0.004410127326598954,0.0030918347255148586,0.0033084774370125817
588,0.0019184401198664072,0.0040840963065572385,0.004491098040650909,0.0033622947615996263,0.0034722793651459976
589,0.0019732107848943995,0.004236619156800384,0.004473156348408948,0.003544019939360235,0.003602866562908403
590,0.0021418197379308897,0.004953443281839919,0.004501161750822154,0.004237336387688614,0.003930072787125677
591,0.0027415300538313203,0.00566804876543075,0.0045754877390656295,0.004820841716354102,0.004386748190362897
592,0.0035142782076944285,0.00628786080795075,0.004681454604816606,0.004830692130912145,0.004863474450343239
593,0.003876847477533924,0.0064340183827795465,0.004562756425711096,0.004885873606873953,0.004970818090764401
594,0.003908175773940744,0.006247575526977196,0.004482270501686539,0.004801556746577732,0.004920876879756258
595,0.0039053316472527112,0.006363599283749822,0.0045214389670732505,0.0048620853042947495,0.004962839695406988
596,0.0038944136130799156,0.006349469848459275,0.004488736185796638,0.004810797803707859,0.004930554527025842
597,0.0039033426181691753,0.0065396311702260726,0.0044427110887266825,0.00491782478531383,0.004976094918773469
598,0.0038842502390182177,0.006763297182578559,0.004401019434819034,0.005292321123431286,0.0050656793504591634
599,0.003887492897245197,0.0071555644665917215,0.0043191135062883405,0.005953216648828274,0.005179659859458116
600,0.003908992667900633,0.007658237967977436,0.004259495698908476,0.006260999539336062,0.005346337669711308
601,0.0038893695367710067,0.008387333413899136,0.004069795371956021,0.006708385348678578,0.0055636729310210836
602,0.0038852538453617406,0.009123289342932194,0.0036631338007500408,0.007095783236653619,0.005779122290513645
603,0.0038986800739335406,0.009086197927796753,0.003581858631988696,0.007118663489665807,0.005810093544167035
604,0.0039060385001609397,0.008852912391903047,0.0036452040968177985,0.00699907274585411,0.00578511279314371
605,0.0039034375542300174,0.008823309896620437,0.0036979406932244304,0.006983070029009919,0.005726858403591186
606,0.0038157446861259822,0.008059614242471076,0.003820682134734738,0.006402111625492943,0.005416643329653761
607,0.00311217957182573,0.006633984813395658,0.004147484477216207,0.005363581419225601,0.00475789196460648
608,0.0026568176402289524,0.005329406805818675,0.00438128027887279,0.004460312353795325,0.004199520257124378
609,0.0021007780715186033,0.004452869076939246,0.004396077470179352,0.0038232514967594844,0.0037343752551782347
610,0.0018624989325803937,0.0038167838473346294,0.004298016964506382,0.0033059568746032658,0.003386667327238699
611,0.001841338026789547,0.0034043141860840205,0.004310789113233108,0.0030877441122766263,0.0032150968962761923
612,0.0016835127595715461,0.0032339151360697735,0.0041834045125498966,0.0029654377725670915,0.0030671156420572616
613,0.001771921741407852,0.003375882007249643,0.004176306667929745,0.0031027198232737464,0.0031425988023036826
614,0.002064788352994582,0.003659984615322603,0.004171661104746694,0.0033161630590564355,0.0033424253740104884
615,0.002555651700209288,0.004354469792984777,0.004268061221569041,0.003869431070902795,0.003775573366480667
616,0.00344954093532329,0.005081683155966379,0.00429769104952654,0.0044351615295011295,0.0043151773927310524
617,0.0038696770353680637,0.005522641335374133,0.00432432006561671,0.004649049400601006,0.004589517883992287
618,0.0038548392716256426,0.005583470828152509,0.004280631965730351,0.004689623109127379,0.004589145263531983
619,0.0038405369938388583,0.00535155954856978,0.0042269270751871596,0.004525262060185086,0.004487250409443026
620,0.0038591665191964773,0.00594888478390338,0.004178407106347388,0.0049565946594265125,0.004633910699173299
621,0.00384934909184396,0.006168698854316253,0.004165644379333714,0.005119063140216606,0.004694245276457519
622,0.003828245669030582,0.006422952871403406,0.004080073655609088,0.005371712017520781,0.004759854933543969
623,0.0037773643151748147,0.006340918019915967,0.00404698438353368,0.005382252852869887,0.004706573309957713
624,0.0036761863687000094,0.0061854089568230694,0.004166241769332179,0.005198225603082241,0.004677842651320825
625,0.0037418914001386234,0.0063754070626209445,0.004036553105730076,0.0053321672475347155,0.00476937556520886
626,0.003688142751630733,0.006379603307201654,0.003880675760780699,0.005300468013870516,0.004758027636457839
627,0.0038078000745915518,0.006365883536007622,0.0038261182658514644,0.005332745140761688,0.0048091720434927775
628,0.003825435939779069,0.006381711426202223,0.0038617358310366647,0.005368872539410623,0.004823106041014221
629,0.0038282677049587114,0.006354052342477134,0.003789697503358568,0.005356513105704391,0.00477479857635646
630,0.0037260289740555113,0.0057301923190505024,0.0038728272684671133,0.004869113732693723,0.004501878799596735
631,0.002984152600979297,0.004930406219658479,0.004035665969054275,0.004188335551483384,0.004036745102289343
632,0.00247766722642583,0.004056136785332771,0.004136691083562583,0.0035475079895090538,0.003594340363579499
633,0.0019864373859210392,0.003502402176997944,0.0040796652678266225,0.0031006313891050797,0.003209180541853575
634,0.0018571407333984268,0.003266190227727571,0.004069998372066841,0.002906128623158662,0.0030753552345693146
635,0.001897043013692923,0.003158425045237694,0.004098704815995169,0.0028299000870791514,0.0030413458271233407
636,0.001823928937530331,0.003227917681602068,0.004153694605802241,0.002866034727325601,0.003076781029436894
637,0.0019407291735167483,0.0033721522655173375,0.004157591069652299,0.0030135626084032328,0.003177592358070237
638,0.002129775776265076,0.003633781680694947,0.004080732431555123,0.003242351603524206,0.00332121455720595
639,0.0026316733381928884,0.004297080873283025,0.004113811194889922,0.003758501308635157,0.003730754026424765
640,0.003502125181464785,0.0049696005246758655,0.004158926318504165,0.004363195720148099,0.004248826023504107
641,0.0038699745163863542,0.005154857197440264,0.0042504215152533095,0.004456931813896291,0.004441117449619454
642,0.0038562119730247736,0.0052354543744526656,0.004248742723177834,0.004452492645964359,0.00446919123441338
643,0.0038992782199143987,0.004823486104483824,0.0042520490492619625,0.00416731683218757,0.004343064282100928
644,0.003921290804566991,0.0051423692089105355,0.004220926084622556,0.004403832079868189,0.004427584380297195
645,0.003922353774839753,0.005108694980566906,0.0042620778716821565,0.004373673515643252,0.0044270466689777625
646,0.0038832037342351904,0.005587635955949151,0.004201503656028523,0.004688036568688056,0.0045579029185547765
647,0.003807069766671516,0.005823180616666643,0.004155104172395799,0.004898859580396629,0.004607045467632284
648,0.003847356869767099,0.005813392057458648,0.004299607563819808,0.004908960441361258,0.004689618165477161
649,0.0038651999261187934,0.0061707594884186185,0.004264716230446149,0.005144092979074163,0.004826026242275763
650,0.003897238087448928,0.006804032797162019,0.003935850164456765,0.005532809919656189,0.00497842866919497
651,0.003841956574832594,0.006976115845057186,0.003841194599337322,0.0056188036654969045,0.0050074825879782205
652,0.003872546329423748,0.006694720705439102,0.0038940937680652524,0.005469287369329139,0.004961259519272834
653,0.003887173254872788,0.006545011615805282,0.0038864828998356315,0.005356343473424241,0.004895776474481869
654,0.003878872365586854,0.005720608928770704,0.003981949312561992,0.004826293323382952,0.004620663674044694
655,0.0032174721745604714,0.005105606042722401,0.004144514851893942,0.0042933397397530255,0.0042136542605389895
656,0.0024194496211242286,0.004140653199329014,0.004246853006767962,0.0035352738895772337,0.003614418264926606
657,0.001994848924762192,0.0035947230828147405,0.004156334907279778,0.0030878102964518586,0.0032759483243964714
658,0.0018494176280816183,0.003319876662620097,0.004129204986080312,0.002925349513084431,0.0031338027331446073
659,0.0018163071456575928,0.003190361385318632,0.004205321871826811,0.0028452620843355367,0.00309609385604906
660,0.0017408300006781278,0.0032549983259218614,0.004253539935170803,0.002856437016674114,0.003119104875118176
661,0.0018747295322208866,0.003511217034055675,0.0042926145741289225,0.0031420093340364646,0.003282724864547456
662,0.0020728454145428916,0.0038678436153204675,0.004219089377185177,0.00344411082672792,0.0034405177573849795
663,0.0026120014798377525,0.004372044994779896,0.004239119022260117,0.0038468215371550056,0.0038036824387030228
664,0.003503970388890755,0.005047723382255413,0.0042220648890287675,0.004447948700119727,0.004302512359791686
665,0.003855896324362712,0.005606836313644281,0.004193760736023323,0.004892002750891297,0.004572767677631146
666,0.003826859928243346,0.005783538187324696,0.004121553527762149,0.004941024796163057,0.004609248830117298
667,0.003895425069157455,0.0054478351658135945,0.004173519311319513,0.004540146955474248,0.004505630998636731
668,0.0039019569142904847,0.005450068335088306,0.004138739458459609,0.004551732337785561,0.004470730997443633
669,0.0038987577207185175,0.005460390938416721,0.004136708644614075,0.004634193260800936,0.004456321280143554
670,0.003864632478909724,0.00607286976252735,0.0040543981210709465,0.005056929525370255,0.004582448659241532
671,0.003841603079284737,0.006514887797222234,0.004084487717837463,0.005436626899804653,0.004806052423080997
672,0.0039118167559026775,0.006920342642374627,0.004005500239191698,0.00578136099895537,0.004960242128886134
673,0.003929539373270103,0.0069056710923369015,0.003909304980899973,0.005752461875903714,0.005013479433490945
674,0.00393417102068943,0.006729440679826883,0.003782581370506056,0.005594058985261087,0.004994590957900924
675,0.0038665585527609915,0.006814314352202304,0.0037020838639288236,0.005607806834910285,0.004981528540087515
676,0.003777036744616174,0.006790657238771251,0.003697685285520993,0.005586920172129457,0.004955824980014542
677,0.003776561467123114,0.006865748050729004,0.003671172569329898,0.005644073820443282,0.004932463058545996
678,0.0037095878848330765,0.006601681086300547,0.003732322470569266,0.005488762512069214,0.0047660508874045006
679,0.00301826367268591,0.005446033190137704,0.004039771668942797,0.004605941845910888,0.004241043617690418
680,0.0021793149446162874,0.0040534777826959556,0.0042172753745427895,0.003526066877659776,0.0035230670730539977
681,0.0018566494929583438,0.003411551449014641,0.004079928175953393,0.003027591598784585,0.003176684648475539
682,0.0016693103925727402,0.0031012247438050237,0.004000518923433699,0.0028134131675672976,0.0029870588689586567
683,0.0016132222942572571,0.002999829339732085,0.004072881682575472,0.002773494150109989,0.0029451028262932498
684,0.0017148228869557085,0.0030194085520759873,0.004046976402986645,0.0027534109349815444,0.0029625822881436895
685,0.0017404372336900992,0.003294263497036082,0.0040855112228351306,0.002975337711416475,0.0030909613622586733
686,0.0019453844395046203,0.003862032158698474,0.0040829448003780675,0.003349061547064243,0.003357779817725882
687,0.0025054076838552167,0.0044090622527229815,0.004069829110504267,0.003786293593488709,0.003701820326221162
688,0.0034568657807487807,0.005008060563365517,0.004007467469142965,0.0043752003112394475,0.004172199317324353
689,0.0038695267141939022,0.005483585848499332,0.004039856697528072,0.004709540962794682,0.004448124688839418
690,0.0038916921257124482,0.0056477241115435,0.004059769193679212,0.004663737475779009,0.004496066878380871
691,0.003906232334810673,0.005494585366437234,0.0040504725122864,0.004521389818643092,0.004443016287944378
692,0.0039171411270037685,0.005262396306539342,0.004014173519971357,0.004395796962520377,0.004339889814703099
693,0.003916188947195103,0.005203810613606296,0.003992487348291599,0.004386845429235399,0.004312220523881493
694,0.003914295850337874,0.00559803235378544,0.003936626740150615,0.004746441890280695,0.004386540350639896
695,0.00391665837448196,0.006350607044995546,0.0035525676338575745,0.005239988138135266,0.004455995476405983
696,0.003917728587118088,0.006455664101378755,0.0035602166855091444,0.005410113310253112,0.004576780935150175
697,0.003857690604365949,0.006673966852273773,0.00355700292758968,0.005562419176895989,0.004676681110293562
698,0.0037831699995596207,0.006983742630164597,0.003352083192949573,0.005755460782598999,0.004717211667537952
699,0.003760860625832382,0.007049060169095655,0.0033266154389298176,0.005817486213078633,0.004739887732619732
700,0.0037099460371815833,0.007071550849791361,0.003267096118792979,0.0057489236414328656,0.004717076451186231
701,0.0037627067871693317,0.006988909426597766,0.0033146973637227387,0.005704760745805839,0.0047146468557519765
702,0.0037917773981302814,0.006876357800701546,0.0033523779858296186,0.005725300158304231,0.004690947032306397
703,0.002988385010081572,0.006007974070568214,0.003620969696203703,0.005044052627318435,0.004230863749321401
704,0.002309889007702893,0.004773043641822705,0.003966138478301532,0.004094182949524023,0.0036920451707435444
705,0.0019290128343739821,0.003929350650688025,0.003956104489476787,0.0034543700497397254,0.0032772915912259565
706,0.0017522285847342332,0.003531126339833149,0.003837335845150253,0.0030821499348770627,0.0030519777462163595
707,0.001753652654865723,0.0037074147805766415,0.003857692863527188,0.0032618395926299324,0.003112410134028355
708,0.0017657784589865508,0.003650436842081119,0.003814949692911148,0.003211303738553984,0.0030991437625105325
709,0.0018886175475390254,0.003659761990461724,0.0038642804975864884,0.0033186892905876825,0.0031546192142209097
710,0.0019901847094844073,0.004150525131337344,0.0038833289847216537,0.0036546355504948544,0.003337087967579468
711,0.0025067188787292294,0.004959834463815737,0.0038978485437941635,0.004253208195144228,0.003786884160397757
712,0.0033897066726228673,0.0057059966597315425,0.004019590139951958,0.004862230115325521,0.004380812632201691
713,0.0038696432485457503,0.006129263201389403,0.0040578256841075555,0.005225248269716032,0.004691558447553586
714,0.003889695019282866,0.006534661170024256,0.0040275965224153805,0.005552878399300515,0.004835749577314267
715,0.0038938309800122636,0.0061938178959250224,0.004145256519063223,0.005342722841018569,0.004759154327620799
716,0.0039011750437610996,0.005997707528615293,0.004275252676795941,0.0052199501025110865,0.004729158908165212
717,0.0038993197436061624,0.0066088334444371856,0.004338394432789002,0.005695103632445871,0.004955665009461111
718,0.003902766000765447,0.007201050016885562,0.004374103892762034,0.00612835542706849,0.005160202191550875
719,0.003851871358891811,0.007631890500077427,0.004436054320185541,0.006423888913290896,0.005296537212725624
720,0.0037996257841316798,0.0077918842267041275,0.004356361486824965,0.006454618964487367,0.0053085517088326435
721,0.0037573929233156948,0.0075729079040958705,0.004213695234010323,0.006229125219589242,0.0051944489932684666
722,0.0037505761574697307,0.007347839557541052,0.003988773219934018,0.006059681389284159,0.005090274318256777
723,0.003748985773920166,0.007201283278940993,0.003767538914950877,0.005972482195586898,0.0050213365366298494
724,0.0037855215366021785,0.007060461568777225,0.0036151562922082836,0.0058377991313025195,0.004946334689719815
725,0.0037876792121235635,0.007054715336937837,0.0036500712343438273,0.005849315227949152,0.004933239357323977
726,0.0036942638904805753,0.007139289347238203,0.003726883173605641,0.005851926912236812,0.004919904546667563
727,0.0029686084502443936,0.006426429051069594,0.003927804727971615,0.00506560338348209,0.00449132372463695
728,0.002140238287605641,0.005057199206621082,0.004180727269274503,0.00400154240385058,0.003821226204781754
729,0.001780192372322119,0.004157833377485834,0.004228607423617053,0.0032511518096067604,0.0034346480419394374
730,0.0015820106873626458,0.003724909706784042,0.004173996184409141,0.0028732941563092695,0.003189863434381874
731,0.0015242856082182414,0.003589513650156901,0.00416331646696757,0.0027580443504806344,0.003118861805070255
732,0.0015684224505838795,0.0036234449366599726,0.004164471321372139,0.002849167072064016,0.003150634287081042
733,0.0016887144213985775,0.003843176222395303,0.004170594072071871,0.0031082487104627183,0.003266402673705123
734,0.0019194656793635261,0.004245076428597909,0.004180816237434968,0.003513044005030406,0.0034837771725832463
735,0.002431535534975888,0.005092576056339646,0.0042359883029442725,0.004263503446724531,0.003967676379954537
736,0.0032924651002602806,0.005854275439419471,0.0043228345794243325,0.004898055814231137,0.004515968914857067
737,0.003768425654397321,0.005569273966729864,0.004359831889224794,0.004696886248392937,0.004585895255445457
738,0.003776807394792288,0.006231257821488316,0.0043939986643021164,0.00514298989393489,0.004825770531783861
739,0.0037779012476763054,0.006864829762489539,0.004431928544748028,0.005607443110997114,0.005055153082735378
740,0.0037781122013424468,0.007108623333535655,0.004482440006357078,0.0059621919455663435,0.005176413609151356
741,0.0037845189461621687,0.007599281605418031,0.004465560745744104,0.006468099109524727,0.005379408269446889
742,0.00369818567169389,0.007734621237658797,0.00442751016845389,0.006588503874713939,0.0054108124751385545
743,0.0035485022169419373,0.007734091968478447,0.00417925243118296,0.0064328124379495364,0.005289939757809279
744,0.003601951577427187,0.00786284418821232,0.0038223415094774233,0.006463636918373173,0.005300258460034883
745,0.0036626736792732357,0.007629259332767919,0.0035381134871570906,0.006250768247961508,0.005202722088432452
746,0.0036944943550527164,0.007261870514882386,0.0034461896899915566,0.005984356542250141,0.005085953162261122
747,0.0036960347298906544,0.006978737972502823,0.0035715709857709332,0.005795838787371672,0.00503346802243266
748,0.0037178489729219784,0.006910515150776072,0.0037593135972259274,0.005770488562910254,0.005064091731659899
749,0.003675537154112796,0.006907499509639801,0.003851751483174217,0.005762907395769954,0.005049200732575715
750,0.0037188479646421057,0.006911102452949814,0.0037723343246125756,0.0057339489769180334,0.004955439744596342
751,0.003034066954462244,0.0062144362101765865,0.004078772080028107,0.005168911372611336,0.004557659250817857
752,0.0023077271983316027,0.004846670299491024,0.004340202629075761,0.0041786490808603605,0.003964384275393598
753,0.0019166525970771616,0.004081027261619442,0.004385935897799121,0.003552521289997277,0.003583619725403241
754,0.00171816790482548,0.003551682163083144,0.004257890248735675,0.002916667315498476,0.0032653142543266414
755,0.0016893976693123293,0.004048353854894705,0.004596680956995597,0.0035781917841202016,0.003513818399675376
756,0.0016356092338525275,0.004359586769511441,0.004799484317218657,0.004334599640186456,0.003691443426428331
757,0.0018745862698582995,0.004848359464839814,0.004969633995544866,0.004166908813803702,0.003951550664276826
758,0.002149496109574817,0.004270032846070323,0.004998014006652506,0.0034502169241121773,0.003910712795037825
759,0.002637553419906397,0.004863540086425945,0.005248659240851631,0.004258255958298299,0.004376421542412579
760,0.0033857451497058206,0.005512263839441646,0.005374597494495805,0.004928737921788965,0.004870145222752342
761,0.0037828914328241615,0.006010994146033196,0.005707482935562483,0.005334414677305742,0.005265637900310864
762,0.0037911133002903157,0.00652160787463173,0.005884909560119861,0.005694994463365108,0.00549617250555568
763,0.003789827951685129,0.006443720950617315,0.005757969493389988,0.005647950819999295,0.005443956329677574
764,0.0037818618068711563,0.006551238627547615,0.006002132281768496,0.0056938958032814605,0.005566178450064939
765,0.0037770234269724943,0.007087126028076719,0.005967251680635145,0.006078664391085018,0.0057440860855237814
766,0.0037467868359517794,0.007534995474575441,0.005903326601212058,0.006431257907590214,0.005885726994764446
767,0.003694463569589687,0.007998924783337689,0.005183823073133881,0.006722807143826519,0.005798839442419832
768,0.0036582427081976476,0.00824369231607206,0.004322410100673758,0.006853144952375752,0.0056748084348912445
769,0.0034589431288641094,0.008387218802781114,0.004147732153696212,0.0068448824910304715,0.005701610884228947
770,0.0034437159933694513,0.008299021436581696,0.0039284510595271795,0.006723604036140588,0.0056962860316881305
771,0.0034536922285781455,0.008155513914145757,0.0038811331770965047,0.0066299700041678655,0.005621228289748705
772,0.0034573176106305597,0.008104591916824774,0.003838896452861624,0.0066047491634130635,0.005616254114517126
773,0.003510254450143515,0.008064667128576104,0.003813373133768078,0.0065848399089063715,0.005574899765999152
774,0.003509690363203717,0.008078138130754744,0.003799000612833457,0.006610279991387444,0.005504444948461823
775,0.002850632913530359,0.007359393935859062,0.003990295525351948,0.006062351380256276,0.005051990827618094
776,0.002185003089552919,0.005911424172574703,0.0043747597433334865,0.005039734821725789,0.004328434550451614
777,0.0018692117676214052,0.004894536674668588,0.004432212826709913,0.004203115401943331,0.0038435754152122423
778,0.001852455573155111,0.004387864118718443,0.00435275242693952,0.0038817170822188934,0.0036733832932432865
779,0.001578739990632681,0.004782406511498324,0.00456061079948814,0.004412327904596538,0.0036847705893364767
780,0.0015429591277115722,0.005317381625682418,0.004785347248190418,0.00539581287001047,0.003906589629402364
781,0.001731073229824351,0.005701503288505857,0.0047615176806573905,0.0056754107928095095,0.004033967684663583
782,0.0018949118786595167,0.004904848220473077,0.00445857217263979,0.0044419659892368174,0.003833479389353157
783,0.00237537055907203,0.00523927670952135,0.004476121493533843,0.004652678300597799,0.004126917549684804
784,0.0031579504419674016,0.005687425673994861,0.004682090568187346,0.004386434458034243,0.0046080302148059265
785,0.003491551189588682,0.005884473133851973,0.005005874501087573,0.00447560599338351,0.004895600282312816
786,0.0034756064336276798,0.006088434209776572,0.0049705076992216145,0.004646223526800993,0.004952128988540832
787,0.003483098276694398,0.006229347472925497,0.004611588337605226,0.004738235613867375,0.004863509520177967
788,0.003488499630412928,0.007543713309371545,0.004574011672770247,0.005608725324750594,0.005179928805351392
789,0.0034705226910853836,0.007717527672413405,0.004268520085200068,0.005697295368583096,0.00507131798238151
790,0.0032898043244847866,0.008195643611735958,0.004111181960800617,0.0066719464389610504,0.005110471205172293
791,0.0031639489230026697,0.008374932562121464,0.0037504142448611163,0.006484002131681365,0.004967339735032898
792,0.0033383964895629574,0.008376108691257617,0.003752166494116343,0.0064107579497379935,0.005028370269089203
793,0.0033011843231584557,0.008023992389663065,0.0036115074695172575,0.006101319074324711,0.0049669931319953065
794,0.0033683873293871907,0.0077518823327180075,0.0034929514025468494,0.005910157953521868,0.004914578886425255
795,0.0034018894695944427,0.007411235661500436,0.0035645114242591936,0.00574434105903755,0.00485631553191851
796,0.003332602515871177,0.007098773283229221,0.0036831997965953724,0.005574655650822789,0.004784396821051862
797,0.0033707586820245863,0.0069058238968503,0.003760171891316251,0.005516220763748502,0.004760097054831797
798,0.0033118345131292895,0.007317154759425703,0.0035715081729139294,0.00578226715083548,0.004797460902760682
799,0.0030159290350550627,0.007590966023220063,0.0037831173419687497,0.006035265212591596,0.004805173116190033
800,0.002318397742351629,0.00629362849313085,0.004175501149796753,0.0054637888819365045,0.004203876513479317
801,0.0016965353310297816,0.004121487589712799,0.004170401364329749,0.0038996428673987974,0.0033506190170239885
802,0.0014679790956278096,0.0034970963432539755,0.004113349968635366,0.003376962932238024,0.0030589507536165224
803,0.0015487551710297867,0.003395253361505243,0.004177365823348718,0.0032385997343035064,0.0030706478057845907
804,0.001530915655394843,0.0034161352505223427,0.00422305411417707,0.0032092186581641653,0.0031087393898997467
805,0.0015589538083481944,0.003710709536196801,0.0045298191299232736,0.0036008243027470183,0.003331118866525187
806,0.0017430744591309657,0.004229464228218108,0.0046304506762746495,0.004191895615372746,0.0036618432158575668
807,0.002203950745595126,0.004871597465362735,0.004656646554747501,0.00469593077917916,0.0040312943509829766
808,0.0030488816848834943,0.00549579992736667,0.004652620242401695,0.005168520017684048,0.004519227918744264
809,0.0034033270118933347,0.005885230875178704,0.004688609492215635,0.005481276118680043,0.004758014928915923
810,0.0033888146401571738,0.006087837346442397,0.004591287807529708,0.00561916160881302,0.004790764458003008
811,0.0034223018740297704,0.0059881375042307155,0.004271063394805593,0.0055381901021942775,0.004639227143019299
812,0.0034209480759123966,0.006218738873550377,0.004263157109236873,0.0056696715447433176,0.0046524846543620395
813,0.0034287242789384957,0.006619339425867005,0.004226415436291864,0.006011453124031747,0.004763441107292745
814,0.0033125616421831685,0.006854987598671938,0.004089938589271094,0.006195769732002293,0.004748115896833711
815,0.003198968633421742,0.007013078410386733,0.0038648651136405036,0.006085009055898817,0.004623128679794194
816,0.0033833232468214684,0.0069835881041898406,0.0038710942797697385,0.006020075210569152,0.004692709996927328
817,0.0034285239140645694,0.007155149824942469,0.0037966409222298545,0.006095628184202849,0.004816072684136882
818,0.0033566867532148193,0.007024354113477713,0.0037074137982075835,0.005962761396340699,0.0047909880668713265
819,0.003442273545229496,0.006801555225122232,0.003721069019844396,0.005840284666298239,0.0047762443649020355
820,0.0033671689095229273,0.006860260740923608,0.0037513804494339535,0.005867597215394293,0.0047738878840772455
821,0.003425496624222417,0.007056588132139675,0.0036764794567487728,0.006015709651641248,0.004824074988519674
822,0.003376066255063578,0.006993922291751631,0.0035861438061417714,0.005929272182576459,0.0047480396175762305
823,0.0028509407523468126,0.006167006682501214,0.003944482264850844,0.005325240138376538,0.00436236952205641
824,0.002117047816271358,0.004832271829224282,0.004187099646358883,0.004373583423210897,0.00372622897199325
825,0.0016247723876403233,0.003691720380769901,0.004109525188170439,0.003445317700421476,0.0031787252080242036
826,0.0014158611538429722,0.003244331970018459,0.004046146285818848,0.00305630729183431,0.0029122682289655596
827,0.001463909419790256,0.0031572171752639907,0.004115774945250127,0.0029869901734518667,0.0029144133693726564
828,0.0014657933572735475,0.0033950988557482123,0.0042257433947250345,0.0031748268345545565,0.0030417399727223036
829,0.001647430583142915,0.0039018052788781276,0.004257233815960131,0.0036126900623593672,0.0033209002155318466
830,0.0017398706252682145,0.0043193373550965445,0.0042087745786179775,0.003988787387393641,0.0035080309857684743
831,0.002202786797924244,0.004936615537027847,0.004251451699400807,0.004433414148712168,0.0038930389199857986
832,0.002998724082126626,0.005524272582948667,0.004283622511769377,0.004915314899142832,0.004349060219641084
833,0.003441233666919649,0.005562785072913185,0.004288686962198579,0.004974424175580186,0.00448642467923995
834,0.0034494337020959808,0.005695395543776839,0.0042703738491341936,0.005050788830501062,0.004520484192200238
835,0.003442093717983335,0.006086812079052668,0.004221594867521442,0.005303944398455533,0.00463550913069066
836,0.003437158281785895,0.006746226174608954,0.004227112111062052,0.005803278571297687,0.004816963413948655
837,0.003438395248470175,0.00686977019287567,0.0041847286951548195,0.005902949868698539,0.004848606904577022
838,0.0033451312668010716,0.0067498196443988865,0.004070529866960727,0.0058080535761351705,0.00473425490927927
839,0.003355579013065438,0.007362024166092472,0.003776311962666176,0.006096606600045378,0.004791378883677279
840,0.003377267229050538,0.007967577985289217,0.0036692998871797034,0.006435456287583827,0.005009915058184459
841,0.0032887553742337746,0.008273541409732433,0.003672388793534516,0.006607892650414292,0.005141318625513699
842,0.0032558441399766435,0.008237471671606503,0.0036352726259435498,0.006572545787531501,0.005179690006276741
843,0.0032356464842218297,0.007922181053566046,0.0036567198089029226,0.006362874515381001,0.005120480883527109
844,0.0033415065550636133,0.007722646300759759,0.0035291983291451585,0.00621878794800464,0.00506628014336359
845,0.0034521318799217845,0.007898965510629697,0.003381619715018636,0.006267450649712056,0.005051545861312816
846,0.003383571882166262,0.008101933483934629,0.0032527407977775524,0.006399367696584914,0.0050310563314059096
847,0.002878022104455376,0.00740272655070286,0.003760867882948941,0.005889379456515636,0.004751803089299376
848,0.0021526830269086392,0.005792508964632147,0.004252012834746405,0.004860010189602451,0.0040828733681321965
849,0.0016490420029401608,0.004633938931314797,0.004283144732906611,0.004041507690878027,0.0035413693904611286
850,0.0014642270778426095,0.003886738459453675,0.004141965888418695,0.003485565365972147,0.0032019972204751445
851,0.0014598382003304857,0.0036228642540125553,0.004171137722059279,0.0031781232948186436,0.003119848735674413
852,0.0013829205748503027,0.003567258972520502,0.004195079847500693,0.0030754481926934052,0.0031074727110418244
853,0.001480153183349354,0.0038365633155773692,0.004241624742554822,0.0034593231242914793,0.0032696235362515134
854,0.0016543754910663098,0.004463302659302404,0.004177301548757689,0.004061685787760806,0.0035402706484752786
855,0.002101469990010518,0.005087573249926298,0.004215967298253977,0.004505705942100502,0.0038916102386376337
856,0.0029939180686986847,0.005611632117672366,0.004249685158013183,0.004942055078329873,0.0043661563133211186
857,0.0034422283837104812,0.005882481683171787,0.004289597016967028,0.0051810971795020165,0.004590007787063618
858,0.003464058653099615,0.006066820296364917,0.004240507716818642,0.0053292907995650275,0.004650777030106518
859,0.003448802766397984,0.006273368033050746,0.004206019479746338,0.005587096888102707,0.004715220362176689
860,0.003319076937201876,0.007072501963084612,0.004219183475471778,0.006221373802935671,0.004896123516580566
861,0.0033082703275616365,0.007297089066625565,0.0042030047789114915,0.00638627755832146,0.004934619736715436
862,0.003241688016178944,0.007335246001726221,0.004149356713297621,0.0063932420367599245,0.004888010965173584
863,0.003332464349477955,0.007398333257876904,0.004137011541146749,0.006226968881769706,0.004860211478288397
864,0.0033230684350167724,0.007200700562531762,0.004209375368170436,0.006050875488737438,0.0048399434154996045
865,0.0032891189997205335,0.007120137143830029,0.004289150941223861,0.005984700803570514,0.00484378764986072
866,0.0032647081023665435,0.006784936619001642,0.004294865264480209,0.005712255218149328,0.004738983189228882
867,0.003329443748206962,0.006882241467183043,0.004197170820603641,0.005774422206751307,0.004805018531709311
868,0.0033205993788169744,0.007113792530895231,0.00410056429006003,0.0059238205478454814,0.004841866532243985
869,0.0033437583845344933,0.006729243898114594,0.004158578489249026,0.005652911140238181,0.004769639394607514
870,0.003379453703681716,0.006086468416902003,0.004245532010154282,0.0051843888382138,0.004631200887780971
871,0.0027466471577727992,0.005192598950874303,0.0043697700220141356,0.004473788366110139,0.004166907153444151
872,0.0020813623590360455,0.004139296017386661,0.004446105824023766,0.0036448300657584212,0.0035962398712197593
873,0.0017152052131315066,0.0036956663474659725,0.004419356093147491,0.003278059291490976,0.0033011502406166265
874,0.0016613173230349723,0.0032766826137660254,0.0043472308521893205,0.0028984715772179892,0.003125967227859261
875,0.001573973255740209,0.003026420625961217,0.004257586751967187,0.002722151900586844,0.0029725555383726438
876,0.0014697312547302763,0.0029897808701348544,0.004220282534588938,0.002607126752529562,0.002932759994613091
877,0.001508830085928919,0.003207022813024,0.004312829051986065,0.002769189329117608,0.003082944189325669
878,0.0015991058963074872,0.003680553033879082,0.004357293539926086,0.0032907301527576325,0.0032857101917764145
879,0.0021100380982221356,0.004525944080079274,0.004433091084086274,0.004101525130658698,0.003791227834690773
880,0.0030153392004057837,0.005485404790265083,0.004496107275491424,0.004884858093856198,0.004417586428806298
881,0.003292116116825847,0.005697529854983745,0.0044792554999406676,0.005057755998465059,0.004553150164425902
882,0.003277422197291948,0.005691195600487216,0.004464345399494478,0.005031473760665307,0.0045469018482176375
883,0.0033031505887670736,0.005398718141001987,0.004465429827295157,0.004804511026505817,0.004453359144296807
884,0.003286817752111173,0.005825833591536018,0.0044947612157322046,0.005114032723752448,0.00456600817571901
885,0.003046454284385233,0.005866453590354271,0.004455141241665644,0.0050916927178044045,0.004491987362050084
886,0.0030174339681932976,0.005419589094050628,0.004411546408658906,0.004728636797903805,0.004324358945518724
887,0.0032572290594975683,0.005408716720760019,0.004393348503904285,0.004647737538310248,0.004343737534978076
888,0.0032608142324179394,0.005601267487918224,0.004354178485458379,0.0047694962415356125,0.0043828424678244386
889,0.003218946489552933,0.005706269392886104,0.004334613516163035,0.004830949196873316,0.0044214404382440144
890,0.003178178421124454,0.006023699953041782,0.004287817246731836,0.005027994501558036,0.004501929424978699
891,0.0031725296740965003,0.006239838878443458,0.004197552354568047,0.005181294146665708,0.004557821867381382
892,0.003172200068350656,0.006232950402577567,0.0041128007869091245,0.005219191887551409,0.0045467494464731095
893,0.0032282609939036405,0.0062367821335822795,0.004089846302939085,0.00521884523260011,0.004555943108978108
894,0.003261016209949197,0.005604999657111531,0.0042029103970765485,0.004761329591459428,0.004412655984782341
895,0.002773660086881668,0.005104868712871177,0.00431495551209135,0.0043706489525842,0.0041254372738807644
896,0.002084953275755504,0.004172758316227181,0.004372429577711234,0.003620759992160789,0.0036255498758930027
897,0.0017499035188575855,0.003555501518813177,0.004338175853619709,0.0031381311053117985,0.0033313344138833916
898,0.0014792390085630984,0.003208788783684089,0.004273627799357835,0.002856824436452631,0.003080386013382661
899,0.0013780998529521887,0.0031097328191982223,0.004230136627669679,0.002726853093483259,0.0029630069806254756
900,0.0018744036307345466,0.0032978095521395585,0.004253082805698368,0.002876120690043959,0.0032615711848247267
901,0.002212444744838766,0.003793694039978199,0.004308358572042473,0.003316708098655878,0.0035826248643912083
902,0.0023961213555215447,0.004080276137031232,0.004358065462096866,0.003659284636179998,0.0037833120085893597
903,0.0025773441165183606,0.004849112314503726,0.00442368524910534,0.004272353939990194,0.0040956816445530154
904,0.0028426747040801946,0.0054330457928629845,0.00446595096101199,0.004753157888173649,0.0043292074014769895
905,0.002889309632037989,0.005324267522325296,0.004509100068039602,0.004679045046979157,0.004342981439265756
906,0.0029932748444698553,0.0051655521755444135,0.004498011119284787,0.004540012071376245,0.00430937743944699
907,0.0029963071535806913,0.004742798552368298,0.004492287579552005,0.004231092536658528,0.0041679917610263064
908,0.002970253305271142,0.0050702493009839675,0.004539810634889563,0.004494644504812876,0.004268889659883882
909,0.002953482707041417,0.005109774492326174,0.004576359840491248,0.004534740019121857,0.004284586678189836
910,0.0029089259755096775,0.00526511053413398,0.004550142450605527,0.004666560784904265,0.0043121447770704665
911,0.002787004019081545,0.005739315886554314,0.004533932539349882,0.004974110971244295,0.004418439306808882
912,0.0027981892314101926,0.006083453688655827,0.004487289332968842,0.005046295648995169,0.004452870009678067
913,0.0028612233742114773,0.006663238950161992,0.0043848880074513295,0.005481340893194659,0.004632865615143661
914,0.0028620625742558628,0.00667028258146077,0.004341731012386511,0.0054272053440817675,0.004685197373063056
915,0.002845368483959268,0.006465369638596227,0.004256554473883608,0.005227457923323067,0.004618838606089706
916,0.0028507936469847734,0.006288675971879285,0.0042127704703424865,0.005126761628688503,0.004550235364387584
917,0.0028783178178326775,0.006356929581161341,0.004229102845977583,0.005152732952042336,0.004564293328438658
918,0.00288914360050666,0.006177763960869961,0.004076154981692419,0.005019572564798951,0.004423045599328744
919,0.002800775250107025,0.005641968053255174,0.004186321044155879,0.004667118990014286,0.004271207334440402
920,0.0024811630049937374,0.004697898906913751,0.004209825538396908,0.003952300169122859,0.0038831598740565305
921,0.0015761873371640043,0.004085463247288552,0.004098848115909776,0.0034005029261085264,0.003301763720486407
922,0.0012615403352358773,0.0036150284605072146,0.004020485242627621,0.003042639003655094,0.002993682207701244
923,0.0012782358909324142,0.0034105196571406022,0.004096265845299811,0.0027782047351188255,0.0029587716501432424
924,0.0012759638662643864,0.003221459248169842,0.004123122760120467,0.002520052880035625,0.002904030787364924
925,0.0014138019408563623,0.003407469467320648,0.0041449190584811856,0.002891492137862856,0.003046641489680051
926,0.0015295113605489526,0.0036974226810413424,0.004092641307210298,0.003190659011662577,0.0031585679607094653
927,0.001929767182004637,0.004505271155483871,0.00418439597692256,0.0038467357973813576,0.003595222840769397
928,0.0025731944219423426,0.00536131752882164,0.0042955702899083025,0.004513991015262466,0.0041387614807203
929,0.00290695907704086,0.005758394165064107,0.004359049954705921,0.004821967908129025,0.004396141406329904
930,0.002904697253001582,0.0055241332094453765,0.004375074535972321,0.004643486401299903,0.004323276245481591
931,0.0029033064794390484,0.005174628565326635,0.0043505844528092495,0.00440046772448245,0.004194291802042246
932,0.0029065521269126624,0.005490807789175174,0.004368304038824377,0.004599107359381726,0.004269342599680945
933,0.002933816200931998,0.006142142884498494,0.004373872336276233,0.005068615002490609,0.0044555348797243885
934,0.0029525990173304996,0.006778768018833442,0.004294307518867103,0.005521127409634568,0.004619120682362883
935,0.0028980705082486185,0.006927429067930905,0.004153855067184072,0.005380601891976695,0.004529626750740859
936,0.002970094392543618,0.006833379187558806,0.004271644712003452,0.005362864895334056,0.0045937824748488966
937,0.0030150390610183334,0.007105928261263232,0.004214364987766746,0.0055280190527740415,0.004749186946481277
938,0.003034159456025055,0.007264082359896366,0.004177915411272976,0.005609885655334844,0.004898380735439968
939,0.003044927778965818,0.0072688515957464814,0.004155011296917194,0.005661466356121783,0.004944984460040525
940,0.003018679527386863,0.007231295323292435,0.004093724052870637,0.005634915313546095,0.004902251198095845
941,0.003075728220066456,0.007077874919187824,0.0040182849436702466,0.005658507529710324,0.004816460699614166
942,0.00308985545992708,0.007020692878723409,0.0039043744968923484,0.005587633249939458,0.004693857966574042
943,0.0027139082622041396,0.006678847722639475,0.00416851607882646,0.005271826784004893,0.00447146173167726
944,0.0020180681540968594,0.005846303612721587,0.004381307848339879,0.004759081056289454,0.003965605411760122
945,0.0017375322237189303,0.0052306371215733215,0.0044727108770621195,0.004425293665797848,0.0037216997595895312
946,0.001550735870706696,0.004972114047567992,0.004416401615433394,0.004176414698966634,0.003565867389293941
947,0.0015860160790747869,0.00462666118645662,0.004463575816280319,0.0038810541072154536,0.003492657078526726
948,0.0014111772024111941,0.004378455793545966,0.004480513291674939,0.003888047512728744,0.0034044281250761826
949,0.001613914075368157,0.004400555668975449,0.004468474575679208,0.004022026920309768,0.003526403593328644
950,0.0016873147185562417,0.004648463521602143,0.004317393954982278,0.004176273204680216,0.0035763981043562807
951,0.0020337472004534683,0.005071729909142716,0.004279459848843503,0.004393200803153052,0.0037997255056786542
952,0.002811660132102176,0.005352739747992593,0.004289287874714696,0.004573918524094278,0.004178557644848726
953,0.0030704327291041426,0.005499967217375557,0.004317267311020431,0.004694502273304815,0.004312505039384481
954,0.003075717292451932,0.005491111548463239,0.004330466302421315,0.004676676187173231,0.0043196082758339815
955,0.003069019774034628,0.0058240404100083545,0.004369463139796126,0.004927145447037318,0.004432650200269971
956,0.0030692571071478255,0.005971152091226303,0.004428392187575855,0.005055350741064807,0.004496968182485441
957,0.0030698065101990397,0.00671331159035549,0.004467720019698908,0.0055718460402094825,0.004759598840937679
958,0.0030574523569201406,0.007387638536460538,0.004386145509502241,0.006025051884394648,0.004962210457311746
959,0.003015025815201762,0.007987238091102668,0.004219878615957073,0.006242309385044462,0.005049328990010162
960,0.0030364392356264447,0.008242945118155797,0.004186779967635418,0.006339589932877388,0.005202072991644519
961,0.002971634027422964,0.00810529379188355,0.004181604098134032,0.006196630763198172,0.005239448153171374
962,0.002864166658735572,0.008079579788979387,0.003999471193474846,0.006184564604319681,0.005225360439024749
963,0.0027932653030588337,0.007883575956099065,0.003928227548223802,0.006013662329174119,0.00514993605574199
964,0.002826854647056463,0.0076964180345312555,0.0038792533901719603,0.005879121805255217,0.005034047219604741
965,0.0028868991077069008,0.007262839663342749,0.0039200988595679935,0.005653579907790199,0.004879757824830977
966,0.0029358775533294065,0.0071348660658393835,0.0036708654795763627,0.005581089629375904,0.00470770811479057
967,0.002775013939533311,0.006865047543414779,0.0037992436511956203,0.005528134598344248,0.0045659900199827245
968,0.002027662597401936,0.005787464793135276,0.004228733696706102,0.0049768580379878835,0.0040366186822104275
969,0.0016322043373114615,0.004971798980284376,0.004355658290301943,0.004449736892187644,0.003647636037624268
970,0.0014731930340645886,0.004626264624019133,0.004444074794155693,0.004355378533797047,0.003516198340161118
971,0.001479979541487066,0.00453950085465326,0.0045440025582447014,0.004264624700941043,0.0035203103170185165
972,0.0014224320144434306,0.004454987557241014,0.0044698115298179,0.00393331250198285,0.003469086053637181
973,0.001587712978235293,0.004696987709065735,0.004525462400210467,0.004260662506888825,0.003613411902799882
974,0.0015930066309566835,0.005399726707369683,0.004412795191291432,0.0046544830539142195,0.0037417823589181204
975,0.0016747725763675138,0.005836909743881907,0.0043541121316977745,0.004866874106003818,0.003776402503349834
976,0.0017925233202753283,0.006171554891458284,0.004305930880865402,0.004962004363109419,0.0038194857847265603
977,0.0017862439960951671,0.006335993078607377,0.004253090584687703,0.005036627851347076,0.0038099317248514526
978,0.00178908861445677,0.006007972381224867,0.004179374583530491,0.004781524162801135,0.0036896114428063218
979,0.001797426625115494,0.005793971380053079,0.004080436570791457,0.004616526399218413,0.0035914018478735233
980,0.0030890034505646788,0.005720736264978187,0.004043262259696956,0.004873658898247149,0.004269837848611887
981,0.00310988845631807,0.005787435869356063,0.0040186523886705195,0.004953376221866951,0.004304155224920212
982,0.003027297646997383,0.005751412654263407,0.003965658082461215,0.0049033698136850155,0.00426783792281003
983,0.002812858801425048,0.005681348951318953,0.003833241424700715,0.004691172522671917,0.004109661778914379
984,0.0029808249913867682,0.005727016898730824,0.0038954382043513464,0.004728474877741396,0.004211147353378014
985,0.0030240654309204966,0.005742422058015374,0.003918797119875418,0.004710034984204953,0.00430160018650664
986,0.003085890072222072,0.005756462757920472,0.003885144640839719,0.0046819716313417125,0.004323021059964246
987,0.0030635439801703934,0.005755245911651144,0.0038422377680247485,0.0047067622160176315,0.004318289912417368
988,0.002969805337397979,0.00574808418864151,0.0038292257699569887,0.004679537723787601,0.004290815237788626
989,0.0029590958746302963,0.00578299980351971,0.0037219358864839965,0.00470374058288529,0.004253316390384471
990,0.0017296909078417808,0.005500978159750498,0.003668666494209247,0.004181049354448362,0.003458051596549295
991,0.0016674749010896273,0.004898918846150003,0.0037918535135620015,0.0038239330489463815,0.003294790052285485
992,0.0016889983630812818,0.00434326523875999,0.003891534262917043,0.0036220134167300405,0.00319904625965156
993,0.0018505776971516324,0.003803635176164773,0.003874938975230055,0.003376454821982157,0.0032201374452625075
994,0.0016092340769744973,0.00339876453509516,0.003819453396129446,0.0030078099658821618,0.003004508688306439
995,0.0014081454151481142,0.0033294818026671927,0.0039062174179014903,0.002915054960176093,0.002909559054312069
996,0.0013166158588824107,0.00317321483228669,0.0038138906272843515,0.0028114660617038134,0.0028101922653655893
997,0.0013949845723425572,0.0032611682621506923,0.0038127305258420503,0.002956905517068162,0.0028859305688107486
998,0.001547227916864189,0.003767228345655187,0.0038679236337344066,0.003430031720956385,0.0031307529284830657
999,0.0020076924103135147,0.004502540519042081,0.003931587092263766,0.003998849823058146,0.0035594710901984536
1000,0.0028095105830948874,0.005124836675600678,0.003998473474595942,0.004471859912417544,0.004053527516951727
1001,0.003103750737601858,0.00542061439056692,0.0040345587283606935,0.004730466483219971,0.004264739126169161
1002,0.0031507086763328525,0.005297307958242684,0.004017654173236904,0.004621769592118112,0.004226761124690649
1003,0.003151709947327135,0.0051009549536622945,0.003992864583023017,0.00447580725861253,0.004148138149598327
1004,0.003151563315020868,0.005512152429626072,0.00401911375788619,0.0047905624697336825,0.004270682901891752
1005,0.0031506127790855336,0.005334644730781602,0.003991090038751426,0.004658709988511134,0.004198135437499802
1006,0.003014659511602652,0.005462227066701994,0.003964816505555972,0.004738958446290127,0.004200243348748382
1007,0.002824770924566327,0.005760301448250173,0.003882355580862523,0.004798298355247885,0.004186445730377589
1008,0.002882064877558755,0.00556057746418714,0.003988646761388467,0.004642503676937041,0.004209983253735534
1009,0.002911599400954133,0.005687620387898943,0.004097038444777639,0.004730806781196989,0.004344361641889501
1010,0.0030507024850225197,0.006057213614299144,0.003995552098980278,0.004965704154272587,0.004517721742675547
1011,0.0031114482821930204,0.00614772922116708,0.00397084923784055,0.005063407317093668,0.0045915416628281355
1012,0.003083580323488037,0.006098896761135106,0.003862803412446595,0.005016991186555203,0.00455505343627572
1013,0.0030198429603520032,0.005608062568062441,0.003903493040222141,0.00467322249896587,0.004357759244394716
1014,0.0030243486661903824,0.005442057036831816,0.0038319531283526414,0.004572196497950191,0.00422591027721458
1015,0.003002778724263655,0.005256779448569884,0.003848755003463508,0.004434360909884313,0.004149298259629746
1016,0.002811432094605516,0.004942345537835128,0.0040177426122199,0.0042313025182835065,0.004001075841851187
1017,0.002471223044907406,0.004485344735391733,0.004017786836137865,0.0038755330702029273,0.0037498626695074647
1018,0.002167487119254088,0.0036143337151579536,0.003894968320013095,0.0031664326782575203,0.0033397527083678974
1019,0.0019031755380004044,0.0036328714856061458,0.003958784120033066,0.0032303731568084568,0.0033072741322921627
1020,0.0018725589186953033,0.00395822650372083,0.004049801952066584,0.003478655109021254,0.0034436961526461665
1021,0.0021344313781388596,0.00409088146656819,0.004034044036201833,0.003649787677968684,0.0035510743852655994
1022,0.0021888590011029272,0.004291188002064326,0.003923870439101297,0.0037742343893233904,0.003601386413945681
1023,0.0024519940729492485,0.004580216948331897,0.003907592013213977,0.0040065430310639045,0.003769523715595848
1024,0.002965501320294409,0.0049671483808067,0.003915055881733901,0.0044172361553580335,0.004038286930505172
1025,0.0031817963983615492,0.004969317411225973,0.0039043250849664455,0.004457488330171198,0.004085804178387781
1026,0.003185945242032403,0.004744434068353692,0.003892709143788241,0.004268755156831938,0.004002059874681198
1027,0.003170333824442178,0.004628006691264815,0.003862160531920023,0.004280258737728039,0.0039580996285932
1028,0.003178310810466267,0.0047148300426198084,0.0038443901961954866,0.004407152376230588,0.003982877259264252
1029,0.0031812949725032323,0.004620263854589899,0.003864223803809154,0.004340250405587289,0.003959609106649995
1030,0.0031118800077967954,0.004865522998829968,0.0038469435515393067,0.0045383729898620636,0.004021068642853227
1031,0.0029808726133590973,0.004998475746635966,0.0037645890104239846,0.004542062808481332,0.003981431365780551
1032,0.0030760099323746664,0.0050209643271368135,0.003902157262036781,0.004560759690780532,0.004065159662279461
1033,0.002910419080154219,0.005237492133773422,0.004003943649003584,0.004673892636471841,0.004137694095185248
1034,0.0028652889994626772,0.0054225961765981484,0.003955220320556776,0.004779454514338855,0.004201321454626947
1035,0.0028526871708082265,0.005467933511043592,0.0038729956675592264,0.004802074976218567,0.004205870005608396
1036,0.002844636770771215,0.005490370755762818,0.0038679157965169257,0.004822520765852311,0.004202514921155666
1037,0.002846527992200218,0.005480676936563462,0.0038627155352036857,0.0048138022468862335,0.004205271840333334
1038,0.002926776936717948,0.005077615942679986,0.0039801568260204425,0.004525754025722587,0.004126315823859701
1039,0.0027570699401254293,0.004690053060214968,0.004060334293992145,0.004151861352175107,0.003962237701237183
1040,0.002392797405962076,0.004016858438632755,0.004153981938089625,0.003536403597107175,0.0036304450105677827
1041,0.002206573808370737,0.0036326078420731416,0.00411334782292185,0.003240408847859881,0.00343457425333759
1042,0.0019653006830707615,0.0033870771792110245,0.004073179777121427,0.003018419877396785,0.0032657333674487314
1043,0.002005729710317051,0.0035124638277955565,0.004085363948547281,0.003137984113393901,0.0032985133807611924
1044,0.0023028579036524967,0.0039625680350324835,0.004176558567368062,0.0035249203569937774,0.0036401578566324566
1045,0.002404587304001812,0.004292891338741344,0.0041962864001476455,0.0037986691939946604,0.0038162764175044724
1046,0.002305090604541138,0.004470267774800628,0.004218760151097449,0.004009597967763187,0.003868792761007237
1047,0.002508221462699447,0.004628629767149871,0.004198997683305921,0.004138769325991489,0.0039510009163541
1048,0.0030434784444102365,0.00476013816167595,0.004187172613464604,0.004303092509928999,0.004110763379072939
1049,0.003262781752731853,0.004555250046606832,0.004201099119746787,0.004156743366981214,0.004086955947100211
1050,0.0032437678782165982,0.004419251113202999,0.004217079131855547,0.004050635628579732,0.004037980354000742
1051,0.0032805647035505,0.00420800385766056,0.0042014272594922885,0.003890327326913796,0.003963845598844833
1052,0.0032875172718572995,0.004402171295347784,0.004211499202663441,0.004051128136865071,0.004040237841671996
1053,0.0032828189514113562,0.004457940586720004,0.004190325271622478,0.0041129370837469,0.004054793298148291
1054,0.003223765992042068,0.004675917099942679,0.004205719836346821,0.0042839231913087365,0.004130391653233814
1055,0.0031924246998731964,0.004933115013046369,0.004147943378214202,0.004368764811920054,0.004166094593845937
1056,0.003170643434868502,0.0049609499667319455,0.004136977209780684,0.004292314382634028,0.00413841848180341
1057,0.0029534871667315724,0.0050983332547834374,0.0041097799618686785,0.004331086678669361,0.004122362724130483
1058,0.003024139630896025,0.005378120815276419,0.004086457760038428,0.004535408569197055,0.004233313733259594
1059,0.0030821659875923785,0.005529469733399675,0.004024849220540647,0.004627028307944234,0.004301766073265611
1060,0.003123797896306142,0.00549750502833564,0.0039982889873567675,0.0046086513193434285,0.004311025368547113
1061,0.003151921909727025,0.005450603171963856,0.003993337413261723,0.004580364410640623,0.00430273628265262
1062,0.003198450131659826,0.005045234575605199,0.0040457733624516745,0.004331370314612713,0.0041985936551378064
1063,0.0027055144870510956,0.004718883604222717,0.004091413406504955,0.004003839216275121,0.003951884292307679
1064,0.0020722216524640806,0.00396676937615565,0.004139974119465183,0.0034046381581414333,0.0035001075444528185
1065,0.001619260373873682,0.0034207077259082183,0.004126860989606991,0.002969010612800035,0.003115396421136822
1066,0.0014804972952115639,0.0031734893560839547,0.004056219093337642,0.002763583120371733,0.002936883445163336
1067,0.0014535968624792889,0.003055509224940736,0.003994970466578075,0.002628505624091218,0.0028799576920773757
1068,0.001367921090070254,0.00301505680982786,0.003948151832674489,0.0026057693570655485,0.0028132632011079735
1069,0.0018217787628333354,0.0034070881178734514,0.00406492805325583,0.0029777322877094473,0.0031914932817934307
1070,0.0017364657445429808,0.003763347095742821,0.004111473157587014,0.003296584696654958,0.0032822974774227485
1071,0.0020563682969812072,0.0042175884938195005,0.004164588131914458,0.0037856301890946374,0.0036085599039008807
1072,0.002817842585234373,0.004648793235050981,0.004175770190787268,0.004145323905778512,0.003977588599368407
1073,0.003265055438250064,0.004591872224830766,0.00416594924144245,0.004124428364860544,0.004056230696678489
1074,0.003269284709811729,0.0048751972149616305,0.004214634242266805,0.004335590971289685,0.004174089620183514
1075,0.0032723266167224417,0.004879440411710055,0.004226060738677053,0.004343590086989222,0.004183456725212293
1076,0.003280508359122301,0.005034450903398557,0.004250699749387738,0.00445945175612702,0.004231783661701601
1077,0.003278536698196092,0.004967000380192931,0.004248918525603532,0.004414083198366422,0.004206753069688306
1078,0.0032818094074898822,0.004971266440317795,0.004230925646675002,0.0044258708499553935,0.004204051858427798
1079,0.003204433638883982,0.005079820931986418,0.004185784611385448,0.004482363642925639,0.004218986444079629
1080,0.003169409716201866,0.005580925647066733,0.004078594719981438,0.004792960720063258,0.004356865618144066
1081,0.0031040110968645744,0.005753308048479338,0.003999972134982786,0.004869161012678243,0.004416283601178894
1082,0.0031420767383619316,0.005593934039211854,0.003939433653626417,0.004771883450256737,0.004413259329677221
1083,0.0031054024315707576,0.005679381133281332,0.003853417718707564,0.004816233925192643,0.0044281497839441025
1084,0.003043521205185397,0.005944553593722273,0.003711314681103504,0.0049969707918527595,0.004460158294795419
1085,0.0031396988838926403,0.005778235408716145,0.003649695659342296,0.004910358765346037,0.0043857452059947975
1086,0.003070533709320154,0.00537201386749713,0.003656558530773731,0.0045915244469848186,0.0041746996002296755
1087,0.0030730895208559055,0.005494589393000291,0.003728877858450788,0.0046991844824673884,0.004215655085296868
1088,0.002872662889241954,0.00562115950286278,0.003932671550270301,0.004815448412699269,0.00421364377570561
1089,0.002600132586077883,0.00506003524093755,0.00400363674004235,0.0045149939045463485,0.004032994964851119
1090,0.002374524192562962,0.0047309440482796936,0.0040534603886672954,0.004244623677939575,0.003887295977581768
1091,0.0022780916869363037,0.004867602259214372,0.0041154509234738,0.004377799019567312,0.00393365394350596
1092,0.002261659222480499,0.005144946006365739,0.0041296363563625435,0.004513586278553482,0.004101856090340474
1093,0.0024874283946114467,0.005325677637716016,0.00415171294546016,0.004662450015196013,0.004258941050621482
1094,0.0027211677388270664,0.005604556992748677,0.004058622902750821,0.00490062783490858,0.00439406495481135
1095,0.0027999255122708915,0.005909680362457481,0.004096543387295303,0.005217838415895075,0.004451341947718916
1096,0.0029494072793495646,0.006266019012223478,0.004148017307766865,0.005539357256629365,0.004572764671359565
1097,0.003168709469798921,0.006053430321819822,0.004122094183432616,0.005371020287503009,0.004530030851759529
1098,0.0031702134110832354,0.005725868923031093,0.004085546042139275,0.005100661882042873,0.004418640567717372
1099,0.0031693528859081587,0.005687772571626776,0.0041065574530526425,0.0050878838127671406,0.004428378252114181
1100,0.003176277327344441,0.0061906549467737855,0.004198420958913138,0.005497951874784921,0.00460104274355975
1101,0.003177008938743319,0.006390027011485007,0.004258412036913079,0.005659686947934762,0.004675973726154638
1102,0.003155984880452545,0.006844001645720063,0.004342819224627645,0.00599228811514572,0.004818900480776861
1103,0.003048359472486273,0.007298776765230556,0.004154838602239487,0.006062665162064714,0.004803978542805269
1104,0.0030927979482469592,0.007414784934380416,0.0040974798272524855,0.006020100134353312,0.00484720975931148
1105,0.0030596852330201955,0.0072017510801354965,0.004059540664497491,0.005866308473852373,0.004895554864161726
1106,0.0030035424615163426,0.007578103543127249,0.003916726048906852,0.0060728378281588785,0.005000710442896844
1107,0.0029847978588385,0.007178729958226653,0.003711775779261674,0.005829462297952789,0.0048283461732807785
1108,0.003126204270827379,0.00685782191071286,0.0036367567504654334,0.005642732734347477,0.00470851128682362
1109,0.0031386592795393797,0.006643030031089329,0.003556785001104604,0.0054945788169448685,0.004597859561984651
1110,0.0031483168072725916,0.006533037296849478,0.0034950411297847987,0.00542693005525095,0.00449590431568649
1111,0.0026963562725968965,0.005890968670513261,0.0037194300136572465,0.004929394659896272,0.004182703975140871
1112,0.0020341604681605695,0.004458617301650658,0.0038462759512413757,0.003817482409305336,0.003523787522823982
1113,0.001550255463600191,0.0037505122363333445,0.0037946646684840985,0.0031422634562913933,0.0031330010144987853
1114,0.0013424513519464658,0.003191864933814348,0.003732561054712231,0.0026168058084101945,0.002839892676438788
1115,0.001280584539988142,0.0031537426935887313,0.003817760549444341,0.0026121899830501938,0.002828143253853343
1116,0.001176784949463362,0.0031821200035571638,0.0037351161027564497,0.0026652392762396273,0.00280291151378079
1117,0.0012108408309225212,0.003258103826595199,0.0038001724427121804,0.002935500719771991,0.002891711476297516
1118,0.0013426519374522168,0.00349627343150133,0.0037786650285850766,0.003157253761325006,0.003024271012384153
1119,0.001830755033908533,0.004245119160203491,0.003886214428680929,0.00391609543460908,0.003475702358910335
1120,0.00254496566568497,0.004883622245701734,0.003947759163617436,0.004512005250936233,0.003917140264511011
1121,0.002996115510895205,0.005620450707579704,0.004035606713908933,0.005131156335132057,0.004292087258540403
1122,0.003054356979484067,0.0054372407026024895,0.004027783452274638,0.004973352552131247,0.004289014716561793
1123,0.003089820012155025,0.00578445117528578,0.004064349635142629,0.005261325173468496,0.004435012702489948
1124,0.003175073633752566,0.006525617598601305,0.004134731083814728,0.0058532049797847445,0.004668856644493229
1125,0.0031823456336533976,0.006984100367487074,0.004231994206872772,0.006229658414726938,0.004826945773186296
1126,0.0030582062983999874,0.007393823056005318,0.004186684147268998,0.006508268985107387,0.004901763458626984
1127,0.0028390122507737144,0.0074847587054662984,0.004051930378160863,0.006439989828854403,0.004817162831868265
1128,0.0028548073386466385,0.006882272793421255,0.0040605604888489044,0.00595474495598453,0.004734941749759742
1129,0.002870099052208649,0.00697839079279717,0.004107984374334061,0.0059854340606820804,0.004869987023374857
1130,0.002880552092509209,0.007049395240593826,0.004023818017755193,0.006008022097717026,0.004946905372957933
1131,0.0028451432893345186,0.006893186345294042,0.004067582606783476,0.005890149185668227,0.004920822000046965
1132,0.0029144225889709717,0.006742873720579786,0.003963286383295416,0.00575579199345956,0.004848956488356702
1133,0.002925143922486925,0.006823065716207689,0.0037807607723237885,0.005805455740148394,0.004792751282224517
1134,0.002926596573515256,0.006327036793207689,0.003655383568319891,0.00547166730582569,0.004551325029931968
1135,0.0028059414083289927,0.005915198757045086,0.0038407496662765895,0.005138480861363824,0.004362186076773938
1136,0.0025284110755292473,0.005131325133736648,0.003955425519565339,0.00459897247088978,0.004019748986762934
1137,0.002016688988753001,0.004851025880140955,0.003989403784474551,0.0043563319858575915,0.003766336240371793
1138,0.001477687390349663,0.0042816615476863155,0.003911098579955016,0.003820906779173212,0.0033232039624489867
1139,0.0013335663515896057,0.0038167037985086397,0.003937742663756104,0.0033901345231982585,0.0031157147168218735
1140,0.0012635011566194526,0.0033689392447566126,0.003796783769771147,0.003102174358921141,0.0029274975412125785
1141,0.0013381411756160954,0.003353679099746722,0.003752927672594271,0.0032198245090344605,0.0029487650861926245
1142,0.0015002804287619076,0.003583578846394946,0.003677742461587745,0.0034136245764553102,0.003058959461572176
1143,0.0018091640479439592,0.004177629105159849,0.0038147953642963723,0.003936419610396457,0.0034113977377800944
1144,0.002745806916155669,0.004838345245296769,0.0039208211198159,0.004503634601054097,0.003961353614858523
1145,0.0031613658612392606,0.005260730062807899,0.003980045838303306,0.004774339459077129,0.004234412158582472
1146,0.003167342468392963,0.00547828358352098,0.004024163118786063,0.00487221315972826,0.004328992841052288
1147,0.003172094162894839,0.0054393590421135535,0.004022887444085596,0.004869227665343975,0.004341292649999244
1148,0.003178856441961922,0.0058272272038113184,0.004066497622033075,0.00518232319212578,0.004479856537528676
1149,0.0031765415143278734,0.005924632196107088,0.004083257986196214,0.005272147392152202,0.0045201344124201955
1150,0.003087724033694179,0.006187596721145932,0.004122680604078669,0.005467043166965044,0.0046071099758906294
1151,0.0028835205778289957,0.006461858616704724,0.0040536868012572376,0.005540410702999922,0.0046073797376110755
1152,0.002867412349204923,0.006652337741514361,0.004170129064321523,0.005626376820372547,0.004745524691988376
1153,0.0028855857365777202,0.00670419609195296,0.004265209952588118,0.005608241978046214,0.004864223844841299
1154,0.0028835411897766804,0.0066238932317331,0.004207463124818575,0.005524864724152543,0.004868672517736881
1155,0.0028648964231549343,0.006429460498610759,0.004073324425983789,0.005324405024823914,0.004780531415015304
1156,0.00286620051219114,0.006346264474755247,0.004003331090369954,0.005263537570686751,0.004712848191197174
1157,0.0028419028051015933,0.006378460325877343,0.0038724314159273862,0.005277621013071106,0.004640991511453644
1158,0.0028776915194611724,0.005944543432631931,0.003738564014473635,0.004997266878685824,0.004428991464131271
1159,0.0028757764375161496,0.005629782210843467,0.0037550696008474375,0.004767457959817061,0.004282487665877612
1160,0.0026305205323839576,0.005227074497997729,0.003928432973130551,0.004527924565508827,0.004094569487706603
1161,0.002212069486768939,0.0051307994520836805,0.003972075112408986,0.0044782811145136,0.003971730316012876
1162,0.0020441666928289618,0.004839451469264053,0.003995847919206717,0.004221557079300416,0.0038445924513932184
1163,0.0021436763645404817,0.0047021174672433165,0.004115813235424593,0.00417932548644751,0.003851052923319018
1164,0.0019177705593964318,0.00462112887483177,0.0041689583412874735,0.00413256271455322,0.0038211852190120693
1165,0.002165536592494543,0.004622272646273494,0.004208098858598321,0.004261722728671201,0.0038896658215550987
1166,0.002200602455559776,0.004899266172955152,0.004269120394999934,0.004578564431839714,0.003998361297716295
1167,0.0023450470718885228,0.005215811936712394,0.004112457855298172,0.004786454459295917,0.004107290645644346
1168,0.0028101294814098948,0.00585325652350986,0.00426602939020291,0.005288875258173258,0.004482418060665215
1169,0.003155431664315041,0.006338063179347042,0.004319372851176242,0.005637031532062614,0.004714549961211834
1170,0.0031406999145483245,0.006306833238139318,0.004358951354103846,0.005642025859238862,0.0047121905379149155
1171,0.003142897525177849,0.006169556037083492,0.004347553037135795,0.00554394669591093,0.004694016638692321
1172,0.0031322102136979164,0.006387316530235524,0.004412411806986941,0.005770533503578926,0.00477959938888277
1173,0.003131584647298853,0.006736556572097394,0.004466157246136853,0.006057309421787017,0.004872350159463946
1174,0.0030935343752690712,0.006898001351216925,0.004576554190535985,0.006220497859810019,0.0049285831424697455
1175,0.0029586943682069957,0.007493585993886714,0.004485365024750382,0.00646562453157445,0.00497676438474487
1176,0.003109645979379124,0.007453728971922419,0.004467101882944169,0.006304880499747462,0.005040749233058556
1177,0.0031983440956358028,0.007387221325075455,0.004503951443999659,0.006226838998480157,0.005162440938066817
1178,0.0031383120358815402,0.0073534188471753225,0.004435252744299138,0.006140612583151738,0.00518859337905622
1179,0.003127502520489735,0.007115813837477348,0.004332758920986654,0.005960524438123466,0.005112870645998264
1180,0.003105158660023643,0.0069810655183554235,0.004227338869779234,0.00583533329079915,0.005021777631565336
1181,0.003110542121792222,0.006928252354619563,0.004096568844631689,0.005807218009644891,0.004915896438725405
1182,0.003135156343137698,0.006483180344876652,0.0039903048269975105,0.0054940160963597735,0.004706189568677716
1183,0.002706257474381408,0.005918603983159952,0.0040854619245864615,0.00506412447080316,0.004400440384814494
1184,0.002007329990720109,0.0048006631370591454,0.003952555167372253,0.004133300669023894,0.003741486554859948
1185,0.0014924362665540841,0.003738363142149467,0.0037725926840909956,0.0032496853855793,0.003128205003353334
1186,0.0013311169847275068,0.0032810756262760445,0.0036560180327542048,0.0028242545913799875,0.0028780516827802026
1187,0.0012887561219644976,0.0031461506820612654,0.003741569179709768,0.0026799574289511786,0.00283330890837756
1188,0.0012547495467650895,0.0030966306181729746,0.0037110030481910454,0.0025286261442287058,0.002798121897521174
1189,0.001329363237067028,0.0032055414869055247,0.0037407976270261763,0.00272513679535437,0.002889905680426038
1190,0.0014785680971445975,0.0036013740906008134,0.003686605840128338,0.0032210615744124945,0.0030733407344989984
1191,0.0017858367630008472,0.0041971529279891395,0.003763487398525632,0.0037461864177521244,0.0033952519533712207
1192,0.002418428377744329,0.004935805087316634,0.003826569677757574,0.0043766983351788535,0.003886839698016884
1193,0.002843667624627318,0.005176352874277411,0.003843672375030472,0.004627269334731613,0.004107271883237597
1194,0.0028628737008979622,0.005162818117701087,0.0037887581179442075,0.004602739982300827,0.004073578445792705
1195,0.0028122081022326707,0.005459866835268627,0.0038334066418713414,0.004826456975076998,0.004160125287030835
1196,0.0029108540278500795,0.00587987956056896,0.0039395008686835395,0.005183198016041383,0.004325459397078868
1197,0.0031919237186111985,0.00571885053345729,0.0041144612861549554,0.005123794052080074,0.0043741692887307474
1198,0.0031908254040866296,0.006090769835274266,0.004195737138365583,0.005434407570770211,0.0045191913768858755
1199,0.0030977944083702955,0.00669994451344486,0.004176723730358717,0.005711574291852302,0.004645499100281925
1200,0.003121078129601547,0.0068684781656033166,0.004336836799433,0.005758932190789177,0.00481780653204302
1201,0.002938579445729366,0.007349187280140604,0.004504749500263532,0.0060444057381990575,0.0049951237359535435
1202,0.003024432048619186,0.007492734267454428,0.00451250303957946,0.006120063299392652,0.005119062631311704
1203,0.0029985917924486775,0.007546778965428228,0.004423337872218231,0.006153908671206645,0.005145783652171119
1204,0.002831409752594368,0.0074298010444415795,0.004379106809247505,0.006064580731821643,0.00503679043679291
1205,0.0028385794715525,0.006638097114273392,0.00432475153258969,0.005500625775509121,0.004787494436671878
1206,0.0030928001045558646,0.005532813319788321,0.00422625469017633,0.004757677417381168,0.004449393116377623
1207,0.002915787219934662,0.005104140604841335,0.00426140236847188,0.004441434249946974,0.004276188145044775
1208,0.002384462257694413,0.004645487533139487,0.004202178779976423,0.00404973316320018,0.003932604463948883
1209,0.0017772607301691505,0.004316001894601096,0.004194049462115294,0.0038092791865068404,0.0036222693616932296
1210,0.0016146356937849582,0.003842173475362017,0.004147266564615752,0.003403671820670753,0.003395234663142989
1211,0.0015271678397772647,0.0034958382464243265,0.003985764931849268,0.0030583091962698874,0.003184245102062003
1212,0.0015856939678650735,0.0031413142274600266,0.0037992630626326233,0.002735328855480692,0.0030250012382244456
1213,0.001914785451149389,0.003292212445378734,0.0038096236908319397,0.00290489318049038,0.0031693577333496356
1214,0.0024159463232728867,0.003665321868876066,0.0038659554469128443,0.0032120407684923385,0.003447294126887054
1215,0.0024138315064905344,0.004281210999991044,0.003951570312184596,0.003687810350120812,0.003679014767920514
1216,0.002816743632961357,0.004647351759828921,0.004043212066172391,0.00398746908494022,0.003948321239330347
1217,0.0031972916910090275,0.004539808324293136,0.004056290105378434,0.0039311293252914424,0.004011180701679998
1218,0.0031806082857347173,0.004400777415237428,0.004041324723882192,0.0038214174280906603,0.003950542351272475
1219,0.0031788185434242573,0.004263961191212282,0.004037115310448573,0.003700125274110541,0.0038919175197363594
1220,0.003178904646901044,0.00451664181985296,0.004115260818056533,0.003914722031789117,0.004017535790643073
1221,0.003179760113317599,0.004448421869178341,0.0041142177614011625,0.003902142034687772,0.003996651018839132
1222,0.0031790190223636152,0.0044859747741456645,0.004141914968597619,0.003941212072788313,0.004031621241179079
1223,0.0031606436387415287,0.004766771586845621,0.004188888048274507,0.004132007769327302,0.004142217217879252
1224,0.0030286360924966695,0.004908486280163654,0.004141432086345023,0.00425237610886366,0.004134661859234476
1225,0.002989547269334096,0.005108400085246448,0.004104346759769298,0.00447293950028404,0.004198380521921229
1226,0.002914162372658915,0.005264450335603859,0.004048902959414795,0.004564816406305795,0.004246967847486165
1227,0.002829577106496038,0.0053749515945714435,0.0040483338083577985,0.00465839158205695,0.004274144290522247
1228,0.002842570996714173,0.005366243978189798,0.004079072265894419,0.0046467339967699054,0.0042839776277493954
1229,0.002847469802189294,0.005472027631721722,0.004088181625294035,0.004725723801414299,0.004327704205231324
1230,0.002954883251081434,0.005058908095234315,0.004080428445232808,0.00441730244958357,0.0042123163904527585
1231,0.002759368149463052,0.004860652884578351,0.004112044583936608,0.004259814571545233,0.004085864942403806
1232,0.0022453514676657156,0.00447232840269919,0.004133060510863201,0.003948024716723448,0.003812099833955704
1233,0.0018979739141019951,0.0040661117671173495,0.004177116752872699,0.0036646680576923334,0.0035830445966036277
1234,0.001931163961803315,0.0037383024116566976,0.004148378755749031,0.003432972217146186,0.003491849051677003
1235,0.001793536217710451,0.003698299991304723,0.004131840237570266,0.003383476505175242,0.003455146065210952
1236,0.0015051639811240326,0.0034658003315914095,0.00401653817261004,0.003174719749386004,0.0031985807805422423
1237,0.0016426373024944329,0.0034997399737413115,0.004011265436985949,0.003150360153651859,0.003246580626376533
1238,0.0018788276119281599,0.0038018775754149682,0.004020187598823304,0.003433260732580091,0.0034285390583396248
1239,0.0022345574971891023,0.004089339339481635,0.003977552943408782,0.003657076853848366,0.003599803720484366
1240,0.0026245685879732615,0.004573021847704188,0.004115258031030812,0.004039105682464629,0.003918472666155276
1241,0.0031315697171724103,0.004702702537649908,0.004194098070927369,0.004133286817586199,0.004107388132852733
1242,0.0031471249151031984,0.004959663978146905,0.004203640980744714,0.004158665392855654,0.004205479052657804
1243,0.0031373412040664136,0.004924645774848418,0.004239701166382625,0.004195322536445013,0.004208534740515582
1244,0.003141503284816297,0.005273412700909994,0.004345283858399003,0.004474418634995254,0.004346102919773939
1245,0.003135013461938297,0.0052687699310527795,0.004357105055190062,0.004467345421891911,0.004347188509212416
1246,0.003016208633362072,0.005540964134284302,0.004345700462435775,0.004647206196495147,0.004412109398114233
1247,0.0028014734240032913,0.005675837147429437,0.004288573526002204,0.004685519742633059,0.0043847644322520364
1248,0.002861887348265406,0.005403414554189052,0.004146609516545188,0.004616946815890987,0.004272423185584018
1249,0.0028382786310329517,0.005366141503573256,0.0041478751951999175,0.004577507057204106,0.004302902622279428
1250,0.0028607157232650136,0.005406373417980546,0.0041545220120789116,0.0046034266727469865,0.004368829472139725
1251,0.002856191317379062,0.005445346539427004,0.004084828781774589,0.004613248341949729,0.004381872796937174
1252,0.0028649131015969945,0.005592961823520435,0.003825146472545083,0.00472434025728826,0.004366889779316204
1253,0.003019745901118052,0.005679185336029274,0.0036691024510654936,0.004814817601975941,0.004358894705040537
1254,0.003067091725191534,0.005408377062606971,0.003577330375809953,0.0046517712071873895,0.00419847565466016
1255,0.0028172273235853593,0.005271508038800582,0.003669161308014913,0.004522886416242438,0.004054536780161893
1256,0.0026460892959129156,0.004981892171648351,0.0037423913429786167,0.004324622765986598,0.0039031777263080604
1257,0.002456223524578989,0.004710113499492283,0.0037404886393355,0.004112412370770807,0.00374430956640231
1258,0.0023291858679653403,0.004530504347602297,0.003764203822375853,0.0038841766705023585,0.003653646072948011
1259,0.002241180863887375,0.004242605695151464,0.0038609714463437583,0.0038440695496969788,0.0035983056786810133
1260,0.002134139421503805,0.004357155753290745,0.003902277380834918,0.004029088445196354,0.0036592361052963547
1261,0.002435790136655497,0.004416254786887325,0.003910934632603405,0.004056374942380043,0.0037373852334896956
1262,0.0024045281243959753,0.004929814410645054,0.0038421979487068304,0.004499860434641702,0.003886708143969279
1263,0.002735953041923722,0.005538078736753019,0.003968259607351963,0.004988950700081734,0.0041980864592843945
1264,0.0030786647662184984,0.0062081972353304204,0.00413157664097228,0.005539587406284005,0.004566832051410236
1265,0.003168481332357255,0.006268246242643323,0.0042660191380174545,0.005540520548636201,0.004633124375296972
1266,0.0031465236257237333,0.006264157765895453,0.004268795102636047,0.005443304750917519,0.0046075268068351384
1267,0.0031724663117073003,0.00607737255891197,0.004224645515797079,0.004905418286467487,0.0045684267125033215
1268,0.003164795109758786,0.006342586055707595,0.004278059412942516,0.005214611166865677,0.004657155361556512
1269,0.003157781386005218,0.006555237302347948,0.0042195658748653804,0.005192542882433734,0.004654858809941024
1270,0.0031267514195533717,0.006569975444429351,0.00416651206888396,0.005187368072672835,0.004635752126270688
1271,0.0027990455289057174,0.006677365593034092,0.003988926562865629,0.0053939400980611224,0.004589965239430625
1272,0.0028881867923913744,0.006318430587830347,0.003991443395635557,0.005104262913460104,0.004602281388140924
1273,0.0028702853322039603,0.006105359531725934,0.004065198725328064,0.004833827927590263,0.004562112084448124
1274,0.0029596058379076752,0.005664083543969835,0.004040661092109566,0.00447097089295309,0.004427630706415636
1275,0.003020802790600905,0.005368659600716351,0.004019505134993928,0.004287173495320929,0.004326112787236248
1276,0.0030207030842269796,0.005278735650830835,0.003915863564493795,0.0042589069712667274,0.004244934864913996
1277,0.0029119349444175317,0.005319501492787772,0.0037619867285355172,0.004266824317923935,0.004169509527711006
1278,0.0030436880668743946,0.004984181840397919,0.0036280756216017997,0.004041432802443493,0.004015065780930987
1279,0.003037578452088302,0.0050668218811263,0.00369952307388718,0.004130586849764202,0.004053739718437064
1280,0.0028142181623954745,0.0049384136638889525,0.003759678583653512,0.004013146058997397,0.003959758839111157
1281,0.0026654625342866674,0.004692719367709906,0.0037652595350382086,0.003547811492007012,0.0038305194789134173
1282,0.002301948850187558,0.004313487642896033,0.003737796251026373,0.003152951111016127,0.0035862203846262057
1283,0.0020495153925750736,0.0040888578555796215,0.003843891178956044,0.00304119281217834,0.0033965869921031427
1284,0.0020273622784685746,0.004312033337417302,0.003910672754009272,0.0032560502553654115,0.003531496553209426
1285,0.0021243287316510123,0.004433598349013595,0.003929743816057135,0.0034864678085352483,0.003666331987402286
1286,0.0021331243769191245,0.004783580037269602,0.003841286311429524,0.003926712413141473,0.0037763637781619863
1287,0.0022792066500331456,0.005218194393424515,0.0038615781130329242,0.004234966125316541,0.003979778836037279
1288,0.002670928130965422,0.005623303940251694,0.0038757865077320053,0.004637045810342426,0.004233204084066163
1289,0.002979044107878473,0.00580432092548313,0.003885356896099711,0.00480859229894659,0.00434417375675693
1290,0.0031114072766281558,0.005976769152171067,0.003910756184218347,0.004979860646376844,0.004430101643563675
1291,0.003144548222103441,0.006354920357317592,0.0039289042603104325,0.00525020045423996,0.004553491941459142
1292,0.0031773429175648827,0.006881916015713037,0.0039634727044743495,0.005653638638446868,0.004708500852072802
1293,0.0031281397751241617,0.006991429832719666,0.0039022878018807375,0.005638082534412265,0.004669953592460822
1294,0.0031026985876373503,0.006976584944787428,0.003998699466402658,0.005634182280506712,0.004668982380144672
1295,0.003003208758211414,0.00758203200316896,0.0038017312684871353,0.005979142390455416,0.004730959972876167
1296,0.0029476006654685707,0.007765558135558883,0.003659330269069025,0.006192596210803859,0.004771388037426728
1297,0.003091868287282107,0.007506547132974733,0.0035056287874880255,0.005981478569728325,0.00479293360899607
1298,0.0030851897732097648,0.007369597899745451,0.0033698268295123913,0.005858099465607326,0.004772527021247815
1299,0.00294126628309049,0.007463250016454655,0.003308024516361261,0.005923575808826416,0.004771786541537763
1300,0.002873944602484006,0.007492951458773958,0.0032961348853491126,0.005974457316427534,0.004760666368420735
1301,0.002784150174712902,0.007490219862806604,0.0031789463008973485,0.005974242251785527,0.004655096070183319
1302,0.00280148512879728,0.005946466978091151,0.003382790065634603,0.004982238981794624,0.004211326307501039
1303,0.0025930346547278034,0.005213927208132728,0.003605868700023022,0.004507751938210552,0.0039436796269403124
1304,0.0022902914293807617,0.004800916044367386,0.003680216269958906,0.0042316001333570314,0.003723559794384266
1305,0.0020805041474779695,0.00444141360142734,0.0037203289330509934,0.003925549154148393,0.0035584131442066846
1306,0.0022426152642046715,0.00429948832311616,0.0037149736789121044,0.0036936485444503562,0.003590321300990543
1307,0.0021460854094292607,0.004350924952777861,0.0038709697683294315,0.0036902567835382207,0.0036466911497052513
1308,0.0017737228421626785,0.004192566297255687,0.003907729025170588,0.003549804092080551,0.0035213506856319418
1309,0.001435548623768627,0.004270771027979389,0.003931548115011454,0.004281024552568276,0.003342745847002401
1310,0.0016238245454709079,0.004467308408115433,0.0037974037897184998,0.004476807377161676,0.0034645252788358294
1311,0.001998637144468845,0.004787792901734585,0.003812546984043756,0.004168607991682117,0.0037277396694241306
1312,0.0024966859463490657,0.00510205047329267,0.003842522591090512,0.004530863084684191,0.003993168725748143
1313,0.002840650997935942,0.005266361307436789,0.0038230303855387427,0.004575231234868369,0.004120555255911224
1314,0.002836192740029754,0.005263267557015444,0.0038607596067027107,0.004533789676407394,0.004121023430723779
1315,0.0030633670531228095,0.005157523007839624,0.0038621804401028094,0.004025860410761427,0.004105886728565808
1316,0.0031547198026445323,0.005552332950166051,0.0038821683931586047,0.004046436965828128,0.004233438258723145
1317,0.0031004147175761206,0.0054627936164860095,0.003945875776778789,0.003998664935884708,0.004203512093700244
1318,0.0030705560655102057,0.005665005340792849,0.003929054485250718,0.004629101380324635,0.00425934718983713
1319,0.0027787637449110058,0.006023497954185603,0.0037717807830257967,0.004467530251528342,0.004206924000872622
1320,0.0028723401677595295,0.005983449917213154,0.0038263517206766203,0.004992972537490702,0.004318452409497516
1321,0.002721502680676903,0.006160579695028701,0.0038891718497856016,0.005085727632995598,0.00440429962340689
1322,0.002681988713041755,0.006291675754798728,0.003743529771287911,0.0052138390575824116,0.004456107505984791
1323,0.002682721152257587,0.006283058283090611,0.0037159806061439564,0.0052765727360789575,0.004472144486135898
1324,0.0026849497605642885,0.006434991344586135,0.0036447814228798936,0.005419983902368676,0.004506258022488241
1325,0.0026867005326816156,0.006538821173829942,0.0035030895969290162,0.005499913859948886,0.004466919593863581
1326,0.002718308292378662,0.0059549875914181385,0.00360507790331781,0.005170083796613995,0.004284863895248004
1327,0.002406816142457492,0.00543759065181841,0.0037882229970659705,0.004895318870398549,0.0040572238916296586
1328,0.0017668669722154134,0.004670921546832779,0.003807247642838723,0.004403686945021678,0.003546609429668581
1329,0.001550963398805174,0.0036322381795651924,0.0036625912930084285,0.0035981168000950676,0.0031030061726351633
1330,0.001251385305814276,0.0030236179281080376,0.003533465800102483,0.0030713794097934166,0.0027105602244105378
1331,0.0012021704321979608,0.0028296655322876656,0.0036263597643955807,0.0029401613840620276,0.0026313434860776104
1332,0.0011650298885521639,0.0025764777729490175,0.003583507974643714,0.002723089306550702,0.0025129886633723656
1333,0.0012441653773980648,0.002819269112334366,0.0036070326160206724,0.0029961609941670914,0.0026352303346718164
1334,0.0014860654831131647,0.0032496319115637973,0.00355714379372455,0.0033240599063642105,0.0029002465949155287
1335,0.002018554059500189,0.003966116888474517,0.0035328340466914223,0.0037788061972228665,0.003309875077553054
1336,0.002917461198829381,0.00463067920524475,0.003593422781842247,0.004301547411506745,0.003823508891687163
1337,0.0027255677348815618,0.005111830949699669,0.003681075585223294,0.004604483643942687,0.003996280211147728
1338,0.0026708050608961922,0.005083156829276371,0.003674462853134795,0.004577878311190343,0.003977367301259829
1339,0.0026611893615672987,0.0050235513327128245,0.003655733381114261,0.004544325441822222,0.003952035914555162
1340,0.0027152294237559,0.005283307870395502,0.0037149196426770285,0.004790144591722024,0.004045674610461756
1341,0.00285426750432034,0.005164929419589488,0.0037749300235458455,0.004693244531439828,0.004036193370864412
1342,0.002760181565588406,0.005214694800792887,0.003704946310831672,0.004613382142535453,0.003985530797698326
1343,0.002659828714934695,0.005467937059361317,0.0036352218612058325,0.004836774704825129,0.004029440151555853
1344,0.0027582721580460172,0.005704532679401823,0.0037605942123595574,0.00498679169270082,0.004197440133275116
1345,0.002718687089991571,0.005798099252327472,0.003813812527215158,0.005045108567624345,0.004267438799092521
1346,0.002703719748857012,0.005622923475324089,0.0038056901463490744,0.004936825520127403,0.004207766738854737
1347,0.002694220751954703,0.0053302728496993825,0.0038063749219541107,0.004709705147951548,0.004095414520573226
1348,0.0026711987863119245,0.0052904643302040975,0.0037747965015720595,0.004677805906740276,0.004060472931396717
1349,0.002672473767010764,0.005289972532068053,0.0035943629640381642,0.004696579091455969,0.003995889508233372
1350,0.002847634577726034,0.004788097883703821,0.0035242146400723826,0.004349480122735436,0.0038423660811759915
1351,0.002705211439590382,0.004898355778184606,0.0035265845834670465,0.004385192912188725,0.003845353209515127
1352,0.0025708400618819753,0.004557051546912308,0.0036259296285867547,0.00409035224126368,0.00369430761225801
1353,0.0021288468658326757,0.004251116106936597,0.003653252860193075,0.0038396963483341893,0.0034653734012297433
1354,0.0021014576210263074,0.004275978100430361,0.003647598969297983,0.0039037795112832323,0.0034527426701954594
1355,0.0022466552751202757,0.0038077910799759244,0.0037749742490417217,0.0035439581351417873,0.003403064268546088
1356,0.0022759683910481446,0.0041497902575330465,0.0037683018119354173,0.003829419372821907,0.0035584685459138527
1357,0.0022775714122860017,0.004549632685038967,0.0037503742764779455,0.004191445584994364,0.0036831057931923337
1358,0.0019948988507096825,0.004831677371376957,0.003596695590093131,0.004481800052167275,0.003670240676159007
1359,0.00231456848365217,0.0049872550918515154,0.003661686449126225,0.004631768241900635,0.003867814335130641
1360,0.0026188488298578808,0.0051881502593439455,0.0036767701612777687,0.0046471420123801645,0.004006473574728155
1361,0.0028041886237250816,0.005240845836626661,0.0036676283233497728,0.004304842641360941,0.004045125221750009
1362,0.002783252994763902,0.005231589345879166,0.003667721400445036,0.0041647046525465125,0.004035697182790244
1363,0.0027856724101647094,0.005133665716656906,0.003651569945851093,0.004077326849084194,0.003983397893959865
1364,0.0028299367962374335,0.0054243016252297485,0.0036663370433703607,0.004301014991232867,0.004049932892411787
1365,0.0029274272839494844,0.005285135741320201,0.0037308129124761467,0.004566945260051523,0.0040580645637637155
1366,0.002795987520216011,0.005115486042542531,0.0037509812499387563,0.004529838026789662,0.0039763270503259335
1367,0.002742232314203153,0.005119497462963606,0.0037546342910470924,0.004416651370043573,0.0039358881549997685
1368,0.0028859787654931363,0.005005011542198257,0.003851531164067352,0.004265398540027584,0.003945913915822244
1369,0.002804179117148636,0.005415192387802248,0.003861985863520171,0.004569904122589601,0.0040839370798205574
1370,0.0027440663842886906,0.005624655598779537,0.0037842231947441767,0.0046952447024897585,0.0041107235782846885
1371,0.0027542753441311316,0.005570590088318945,0.003737353708515524,0.004692609454225799,0.004107213106970508
1372,0.0027485092831787384,0.005478306883126362,0.003731662694637777,0.004614673441180021,0.004071793422137215
1373,0.00276740334913451,0.005368753792267742,0.0037619346984778296,0.00455028589277059,0.0040450205573958125
1374,0.002785898149619419,0.00487402442540116,0.003884108449347071,0.0042087886150448785,0.003926915986474728
1375,0.0024848086264274327,0.004549564961351972,0.003923005487747315,0.00396011032325834,0.0037183621817753515
1376,0.0017740878247339122,0.0037583603755777985,0.0039776821416607185,0.003375244425629977,0.0031591404406268076
1377,0.0013618265297023879,0.00319431406129849,0.0038864390697072415,0.0030114231666381708,0.0027953258115520187
1378,0.0012332444289038654,0.0028764918452783327,0.0037693306998138345,0.002832918054244546,0.0026006739474776957
1379,0.0011690875220920726,0.0027434847653984933,0.0037125293390970347,0.0027769983144195595,0.0025250285510648018
1380,0.0011342884531466424,0.0027652372819451125,0.0037059976520468826,0.0028802440036748956,0.0025322977808346393
1381,0.0012681463232463084,0.0028610879360981716,0.0037260943912766557,0.002947916814714723,0.0026279921134444964
1382,0.0014377380584764269,0.003082059022946039,0.0038653309937713067,0.0031933926368939557,0.002849796023142832
1383,0.0018363902590248806,0.0035732835816545748,0.003954394404915467,0.0034163360501109495,0.0031564099058946906
1384,0.0024956292621242633,0.004454538096175308,0.004037555576626743,0.00402464081359311,0.0037183012574270877
1385,0.003103692777193895,0.004550630730776007,0.00405262144194617,0.004160193237674219,0.003959387000613612
1386,0.003104502783736542,0.004102400662888912,0.004004388908770514,0.00381003436821327,0.0037855192086708434
1387,0.003110412843509364,0.0037427458622989814,0.0039977819955705285,0.0035398641682791833,0.003646618037986027
1388,0.003111172395506696,0.004071261472089717,0.004009714485689517,0.0038395884600042596,0.003774265246767026
1389,0.0031052165926022997,0.004063773869281738,0.004078127358831244,0.003854866844762293,0.0037957482132565602
1390,0.0031052649760935132,0.004046104290405561,0.0041152254511942895,0.003841955869925917,0.003813243813308053
1391,0.003105153049338313,0.004036880314633504,0.00403858702502568,0.0036976945381429135,0.0037689698046927448
1392,0.003096357837187574,0.004245244826385025,0.004014425938903436,0.0038464935611663567,0.003836773782911599
1393,0.0029574849715153515,0.004712510293622629,0.004009460405198515,0.004224491041520427,0.0039728622071722956
1394,0.0030129197895655143,0.005121516212170848,0.003930870116325233,0.004582110214277504,0.004122202609146001
1395,0.0029890448891468748,0.005310948628570169,0.003867759181835569,0.004784947445126055,0.004196674659936888
1396,0.002919930823717073,0.005173277263824902,0.003869091283962625,0.004677998205166655,0.004142920214458829
1397,0.0029852769546124852,0.005256360320357618,0.00382313179395528,0.004755430676134338,0.004177207473577028
1398,0.003045765308124068,0.005247359582177725,0.003828801844441672,0.004806301758837808,0.004193646976497939
1399,0.0025954058272375587,0.005215831033674858,0.0039555601430885596,0.004888078312108226,0.004077852463024768
1400,0.0019057696960914367,0.004290147338129747,0.0041386140041848865,0.0041344103742403625,0.003509874020826362
1401,0.001430264792104552,0.0038193205983772555,0.004182655801007095,0.003797365352737086,0.0031249093478657743
1402,0.001270056240787216,0.0035020941230354237,0.004048874923093889,0.003610321759487109,0.0029044439676313657
1403,0.0012126731351267423,0.0032579254160840132,0.004016729062105565,0.003404824762669928,0.002785913828916484
1404,0.0011867220407246722,0.0032235495909041715,0.003966061396995878,0.0035253303214136215,0.0027543167758736727
1405,0.0012428503740760937,0.003409125056912132,0.004050106003608945,0.0037472707981081226,0.002841927137679441
1406,0.0013812397133546532,0.003972922924001724,0.004128812712468946,0.00418478095524556,0.003121015780819847
1407,0.0017302325404401633,0.004849110906832795,0.004217259302929184,0.0049231987655183424,0.003631148011044894
1408,0.0023190248483329406,0.00563628585170215,0.0042170297023558815,0.005335764848754575,0.004159488571390612
1409,0.002957652656691426,0.005770647214620913,0.004197964966822246,0.005312218016039165,0.004436179759359971
1410,0.0029564112970688985,0.005785576802602314,0.004207921460618575,0.005267270722370976,0.004446515192673857
1411,0.003073745719846233,0.005947120407411307,0.004150097356031001,0.0054511448648830365,0.004514766596429176
1412,0.0030291893956697078,0.0062389615805092695,0.004121445831606903,0.005706438075114729,0.004610093407782509
1413,0.003072779958088109,0.006175514215102721,0.004050046733143719,0.005733026093420569,0.004591961617604822
1414,0.0030930148871321952,0.005879478601342042,0.004143071108552178,0.005540654465196237,0.004503805374628826
1415,0.003090498221983024,0.006428466920361457,0.003955602319327652,0.005950374465618736,0.00461576689222908
1416,0.0030117247419814393,0.007226506795802315,0.0036115570458671426,0.006641267277242325,0.004805611596890889
1417,0.0030699746965578856,0.007403890318295813,0.003234003748584584,0.006699148107014069,0.004843467246644813
1418,0.0030214722189445915,0.0072190976237465525,0.0032366805939509297,0.00652592246436027,0.004807859673700579
1419,0.002895067585174204,0.006960769980755431,0.0033176336999954396,0.006289817862524996,0.004730548720131324
1420,0.002903381446563527,0.006805308501819928,0.0032750090719538953,0.006177619891336966,0.004678323766138185
1421,0.0029945825666811447,0.00727727771039912,0.002775612279502227,0.006627634322211143,0.0047916272198085365
1422,0.003058218643796929,0.007885036977612007,0.0027277098701785152,0.00704732940660659,0.004857236086255681
1423,0.002796912297423704,0.007796395132852114,0.0031623281818458837,0.0069372988213746226,0.004773195286598225
1424,0.0021928208331326885,0.0068204655432005,0.003569620298456073,0.006294074933126424,0.004391440783143964
1425,0.0017688519203071854,0.005753783212372012,0.0038953524334683826,0.005605755002365755,0.004017061569181531
1426,0.0016187654358020807,0.005142146735836641,0.0040261788612934515,0.005245997606521556,0.003811557514702019
1427,0.0015565780246143044,0.004885327976169277,0.004139538517680292,0.00510678395298255,0.003734469385353035
1428,0.001638789996196482,0.0046955595420954946,0.00411513645324829,0.005023007728054514,0.0037576174905730305
1429,0.0014936628731321057,0.004760001425191126,0.004073364942361103,0.004990344537134881,0.003680153578857054
1430,0.0015630672784864611,0.004783232795413113,0.003953384454062841,0.0048696833880964,0.0036648180107090853
1431,0.0016757846386446793,0.005328013938386794,0.003996271657603681,0.005137515108990722,0.003846180572751296
1432,0.002347977431476174,0.006004510846557331,0.0038907194079337818,0.005492714528706666,0.004324507790297001
1433,0.0030472347257153014,0.006297511929991348,0.003809731774403981,0.005360440899735119,0.00458076470685504
1434,0.003124035002713813,0.006125356804655015,0.0038206497597927814,0.005580606242585259,0.004535922800002423
1435,0.003108313773242446,0.00628873022509403,0.0037545691912690376,0.005758522311123486,0.004586887558754657
1436,0.003166472051276634,0.006726995287237079,0.003687012144778776,0.006144689719160355,0.004723370686773031
1437,0.0032113028505732027,0.006557323973164377,0.0038936559511439954,0.006027635380837071,0.004694447190181985
1438,0.0031301027152497397,0.006812555567337506,0.0038392120380974573,0.006285365462469159,0.004759255441644745
1439,0.0030873595804045417,0.0070264274492298755,0.0037131880757832136,0.006408743149896814,0.004793653290863323
1440,0.0031061875902386083,0.007216198931153208,0.0035300938953013424,0.00664816233113166,0.004958034451764301
1441,0.0031172944724913837,0.007213637288494254,0.0034266901367430436,0.006556170044296146,0.005018905757698681
1442,0.003048541347850413,0.0073105937418717504,0.003289593212452753,0.006662765457249053,0.005065404426945731
1443,0.002931934459927089,0.007274209564004327,0.003534152702039226,0.0066149105155722246,0.005042831823468008
1444,0.002870442446774972,0.007059832696704707,0.003915189346375556,0.006422589985849148,0.004959364600604538
1445,0.0028265619851998392,0.006818587718067551,0.003937780438382553,0.00618450243904358,0.00477903372254729
1446,0.0028291924109535445,0.006437839688648889,0.0038145574330709416,0.005845843844491842,0.004557100974422385
1447,0.002628655748654417,0.005827765931757856,0.0036165180036456723,0.005198000273490248,0.004223952111122665
1448,0.002235508784370475,0.004698848060055167,0.0036102995609125794,0.004268930375365068,0.003678623064954835
1449,0.0018655517668621899,0.004145451774000545,0.003572346473072937,0.0037892357165211373,0.0033238724749545577
1450,0.001630648789199336,0.004008551486527126,0.0034807860009429875,0.0038045457103113526,0.0031662327882007154
1451,0.0015544968972124528,0.004116482596287305,0.0036551396397435463,0.0038724586783322767,0.003187532790179685
1452,0.0017572263210521397,0.004223024862719271,0.003696386023529244,0.0040326047757905025,0.0034185462232647497
1453,0.001890140862244068,0.004414417323724023,0.003676862043757478,0.00409929865591366,0.003518658814495794
1454,0.0019811622233263052,0.004783784883819329,0.003608855777498734,0.00438877820311743,0.0036422792378686918
1455,0.002242656989054701,0.005489767202403775,0.003618831114877471,0.004913550363363973,0.003968156036534303
1456,0.002557422623716592,0.0060058839769544905,0.0035157993020501085,0.0053062707695352715,0.00422935620400666
1457,0.002777824362733914,0.006265507834896154,0.003577005223368551,0.005546127969058879,0.004389336377087432
1458,0.002761389731627634,0.006119098064423672,0.003628687018145257,0.005462524918125347,0.004370857510352757
1459,0.0027648140034527736,0.006234687513079458,0.0036260099773557076,0.00560858124545534,0.004412313416112996
1460,0.002781291709472292,0.006681650516105963,0.003758182287546354,0.005859168696505806,0.0045265525699538
1461,0.002777701303537692,0.0066691667912996124,0.003846970160048636,0.005815366361806125,0.004521892153025373
1462,0.0028005118240607666,0.006849729463061993,0.0038151147174306298,0.005914139204026054,0.004553123850779672
1463,0.002793194705334477,0.006946535769992259,0.003852142849194959,0.006090976782465245,0.0046012330393323695
1464,0.002763035186566305,0.0070396263388512875,0.003930870143685123,0.006202828326015619,0.004670256725142268
1465,0.002796165076120255,0.006703315459106836,0.0039868066396878754,0.0059306972902563055,0.004591622714742154
1466,0.002794084032519817,0.006631026903823567,0.003974594862946748,0.005937485558027024,0.0046027190015475805
1467,0.0029635898717832523,0.006338361645436496,0.003915025045939499,0.0059237841981269945,0.0045823471055155334
1468,0.0030030534312723216,0.006253626940558894,0.003859002509957724,0.005927065051317623,0.004526757810846899
1469,0.0031245775676625753,0.0061506822335284156,0.003980164604008325,0.005942728072982494,0.004527333304304726
1470,0.003071065092203235,0.006322645556438553,0.004069302032922741,0.005981098356773404,0.0045778742237329445
1471,0.002776825183696581,0.006472130280621348,0.00391732400875482,0.005991648407677369,0.004542866137193175
1472,0.002458582986563684,0.0059274119645326495,0.003957701018727528,0.0057247517664508795,0.004315310881472005
1473,0.002297512639600466,0.005110959844009569,0.0039358246637255,0.005210132732962757,0.004015741711589271
1474,0.0018493298001738502,0.004559921821688401,0.003965482000281815,0.004890637195564193,0.0036316556326960294
1475,0.0019437133420772466,0.0043267722771133076,0.004037974946920002,0.004741043278421281,0.003638932976374118
1476,0.0019383498218268195,0.004353309353837448,0.004069836271459875,0.004710682986947587,0.0036375103782088037
1477,0.002076639850660134,0.004491747475882489,0.004085351542670775,0.004671806175203556,0.0037344419856443697
1478,0.0022300453383807973,0.004768104444291583,0.004100697156603856,0.004780823934815182,0.0038441480228438626
1479,0.002611045339556792,0.0052032038759059485,0.0040671248629475755,0.005016114305518621,0.00411553746003001
1480,0.002931139867002823,0.005971966756527819,0.00396585724879051,0.005466619325602976,0.00443448798893977
1481,0.003060758578611129,0.00640067078793042,0.0041027615189946,0.005721664152492145,0.004631628225968265
1482,0.0030303902419737024,0.007136747328986194,0.004091120377947506,0.0062632602554580355,0.004876140284458848
1483,0.00303460803185709,0.007614386315660861,0.0040457076921514715,0.006686279993774962,0.005022883028019848
1484,0.003064069593004893,0.007395467254024492,0.004102517384092478,0.006495532023272105,0.004984807385552465
1485,0.0030639737030298208,0.007467487893237785,0.004094331033275629,0.00657151656999348,0.00501582941500343
1486,0.003047657501391322,0.007530728812109424,0.004183440930373326,0.006684957594809658,0.005051691505013123
1487,0.002973944531175502,0.008115380796397077,0.0039939605729791125,0.0070965442220682394,0.005198807178026396
1488,0.0030761526304564912,0.008216352771936181,0.0035182231263688963,0.007265945183569197,0.005219912226444132
1489,0.0028451489141626827,0.00739765570046305,0.003388868834203769,0.006547511030209358,0.0048998427842318285
1490,0.0028505663213450974,0.006555706180668346,0.003510463744292902,0.005893880432802871,0.0046352189052839025
1491,0.0028276712089217353,0.005956479560936072,0.0035628136844939144,0.005439417706735523,0.004420238315435032
1492,0.0030309474708102285,0.00556636736485748,0.0036577949822063256,0.0051893332897639845,0.00433115602937782
1493,0.003169119353815817,0.005439848089481641,0.0037366879893813414,0.005146038425787698,0.004282073301714669
1494,0.0031885417409049663,0.005194462857275808,0.0036622056486987843,0.004938305031357066,0.004148970506167057
1495,0.003068079855108106,0.005195483351632001,0.0036785920708822025,0.004877862372976963,0.004121172576964951
1496,0.002689521203351385,0.004826578527570473,0.0036775931903023024,0.0044263685464001005,0.00386010942275293
1497,0.002477875606015544,0.004665358947263918,0.00364766309323461,0.004288068072272366,0.0037397385339764675
1498,0.0022804970805395106,0.004548971967213198,0.003634113000955526,0.004164642750772824,0.0036530836275392806
1499,0.0021235484048744706,0.00449141714187937,0.0037312919195862156,0.004153190257601049,0.003601565056877859
1500,0.0019926612529248644,0.004226905547306703,0.0037340696754699257,0.0040248587092555285,0.0035161884876695163
1501,0.0021686882195421577,0.004365753146194017,0.0037031429577223792,0.004180997576345045,0.003626077975180451
1502,0.00229577239179931,0.0046495406710342435,0.003580128443291817,0.004364715659690326,0.003705381309257273
1503,0.002440357683501488,0.004715270121501582,0.003585178075495559,0.004330549653255259,0.003762973010917107
1504,0.0027940520246962077,0.004886802263204035,0.003646524130499684,0.004436855629582447,0.003928306941129362
1505,0.0030458974129638763,0.004840941534786551,0.003673437917165377,0.004422040566077943,0.003976437634483111
1506,0.0031381945163859635,0.004807776611687094,0.0036941322645032385,0.0044088847427134125,0.00399158218280086
1507,0.0031398046780179577,0.004743239685065076,0.0036812660515031597,0.004371754996067231,0.003966456976190304
1508,0.003079843617615088,0.004977254011782878,0.0036665078999446317,0.004565691713417106,0.004007624715710478
1509,0.0030549133079407573,0.004913454284826834,0.0036472324774824328,0.004503071401815706,0.003961197805803616
1510,0.0029879790470929606,0.004776345950880457,0.003672288135238098,0.004399357921707222,0.003906055386593775
1511,0.0028296270021462722,0.0048129772053103394,0.0036973909645977828,0.004339174019236304,0.003878454468377138
1512,0.00277179773012216,0.004789330781014887,0.0038235266299292588,0.00430534711268379,0.003906318845221811
1513,0.00275854136883417,0.005068931168079736,0.0038022458487838896,0.004582116687286984,0.0040300570568666426
1514,0.002810237842509278,0.005203223592780327,0.0036873434760329323,0.0047609617540763,0.004116760910890279
1515,0.002840418582966026,0.005154228363186342,0.0036139755357297737,0.004746406395499249,0.0041207356331255185
1516,0.0028250846630697556,0.005174325343972616,0.003605629885201539,0.004757976646914819,0.004114227845552877
1517,0.002846293415931649,0.005153403594301435,0.00358254648300376,0.004761479691054001,0.004059645447287605
1518,0.002904216758460511,0.004824970074159815,0.00349329838586426,0.004472697842738042,0.0038869568644036554
1519,0.0026884562785036933,0.0047726347580170775,0.003432232381464776,0.004395704415166392,0.0037889174108422176
1520,0.002391989825106928,0.004410875000940317,0.003532363925070906,0.0040379984855089136,0.003612243637651634
1521,0.0016729953531087038,0.0038997653446370636,0.003570215773259175,0.0035413311455734404,0.0031686795816681644
1522,0.0015903909772021693,0.00366652883501462,0.003481388886951116,0.0035066991662914245,0.0030792631448199573
1523,0.0017006514317313578,0.0035029930211955074,0.00365298838590156,0.003435610198622082,0.0031250199256053226
1524,0.0014976254943440967,0.0032255030577393396,0.0036056985708053076,0.003267393310182765,0.0029427735751856167
1525,0.0014720662744170743,0.003659548538380272,0.0037117498492658793,0.003744542544453452,0.003117701833306725
1526,0.0016176299082615317,0.0036952195000927095,0.003515794507490779,0.003720974718322523,0.0030742307156776272
1527,0.0016066146809225238,0.004101678539466919,0.00357617275624564,0.00405642983741052,0.003217078656606376
1528,0.0022395391776606037,0.004502807542810103,0.0036713890145479815,0.004196346411022162,0.0036264611453929656
1529,0.0027519604398141234,0.0050374805016416765,0.003671682384708898,0.00456893710989235,0.003954812807151755
1530,0.0027400028861281306,0.005001473115393773,0.0036413108681460776,0.004514564827944063,0.003928563314321694
1531,0.0027999065614857425,0.005202635145986979,0.003754330170910157,0.004743083742270561,0.00405811031775247
1532,0.0028524348105863433,0.005597948904869357,0.003923438729272695,0.005122229798550204,0.004247141420443526
1533,0.0029009502939388175,0.005712938128399385,0.003954877255462735,0.005252501723240851,0.004308592284904988
1534,0.0029059035052348674,0.006089463808094182,0.004132665131483319,0.005637364686645477,0.0045036029581244155
1535,0.0027733784029477493,0.0064674249897247,0.004151905047507407,0.005804781545708248,0.004582374512195297
1536,0.0027404695050910217,0.006251808813140282,0.004122256978878775,0.005620871793242243,0.0045039134508902245
1537,0.0027351878153968976,0.006579636519932771,0.004147396605666145,0.005939960889348261,0.004604207900562345
1538,0.002724714688584906,0.006986287001485509,0.004117860628520069,0.00635730336187155,0.004719292867946761
1539,0.0027572410322450657,0.007082079814489432,0.004014294121117072,0.006436178954881655,0.004751475043339021
1540,0.0028516095169586423,0.007440062729727574,0.003893093153647577,0.006733228970697642,0.004838916305583691
1541,0.0027930777326459354,0.007361762612155534,0.003965138305173544,0.006649053349669189,0.0048426152984893875
1542,0.0027873937112775776,0.006886498521046082,0.004005364198029314,0.006278933698167822,0.0047333939274512285
1543,0.0024017794549233574,0.006315052078086826,0.004045790831393197,0.005969718791219515,0.004438606339475801
1544,0.0017189335054835862,0.005332001473281374,0.004070217983807679,0.0054952268560101705,0.0038240811839689915
1545,0.0013822320978156926,0.004542746089552957,0.004128298913923575,0.005245017809074879,0.0034566318949987096
1546,0.0012949802282618131,0.00382146455406644,0.00414443746325034,0.004564414166629755,0.0031814616759387676
1547,0.0012429635189534825,0.0032536121363096514,0.003975407743745887,0.0037612136787445126,0.0028999424730464653
1548,0.0011920820752913863,0.003080790669866344,0.0038294144834400217,0.003521081329335494,0.002774881745943683
1549,0.0011969548190206498,0.0031041410503663117,0.003816957501398454,0.0035293162143749924,0.0027988469078498042
1550,0.001354641637038577,0.003229655053268143,0.0038631883165816507,0.003656569235919963,0.002951321831685082
1551,0.0016081515588485175,0.003977804597320006,0.004036192210017755,0.004145159397447524,0.003351336477878698
1552,0.0022214751233529343,0.004884093285520129,0.0041639283123433585,0.004724818706710251,0.003930854786015725
1553,0.0029096455757540635,0.00559103693027425,0.004255403353627845,0.00525481239974936,0.004409309823583575
1554,0.002966896148443795,0.005816792348243195,0.004320254241626467,0.005410577086852642,0.0045320190701179375
1555,0.002895968266332421,0.006084014079536027,0.004347949278768684,0.005647954478022046,0.004634384877290557
1556,0.003010291223068949,0.006436209031407692,0.0043947812115737155,0.005990139508972114,0.004768761817677517
1557,0.0031066733732066985,0.006299918686954561,0.0044438229648744755,0.00594684740155899,0.004772491322144199
1558,0.003072678500193241,0.0066315504601292844,0.00448171883852891,0.0063457134941675535,0.004903276545325822
1559,0.0029539823038908525,0.007007328619235281,0.0044036009487354345,0.0064722871028369,0.004926098590559263
1560,0.0029155529346627435,0.006834450528909906,0.004337161488187265,0.006320419370497862,0.004847682169859263
1561,0.0029392140379038124,0.006236986443923296,0.004195610814146517,0.005866593562937507,0.004659695431785163
1562,0.002946840959842418,0.005983703086348615,0.00403576038722988,0.005696270008271003,0.004556329486781104
1563,0.002941328176826797,0.005915564067583258,0.003959651010507712,0.0056085570297676355,0.004496050768435492
1564,0.002959050652494921,0.006064333739595892,0.003910671594745275,0.005762156707050462,0.004536892838296106
1565,0.003017519430878897,0.006323146229460815,0.0038454545356345795,0.006034317536188528,0.0046250902740846405
1566,0.0030675553176596542,0.006114694416383674,0.0039139167737574174,0.005862269440563751,0.004590525965930008
1567,0.0029018012984339684,0.006178693645939254,0.003912997775308966,0.005908135784542228,0.0045797282265583215
1568,0.0024022827757864654,0.0058207663552951785,0.003999923995144181,0.005933341709363268,0.004341074433587927
1569,0.001993447905765395,0.005550269115513566,0.004132878225487512,0.005807848174055556,0.004112929846424335
1570,0.0016556859195299898,0.004844496584979876,0.0042365000717637285,0.005213123285102747,0.003734995126490859
1571,0.0016960062642818506,0.004357133316299263,0.004215380960429614,0.004765177343786002,0.0035873229803630555
1572,0.001418993018186144,0.003963449280159287,0.004072497243027145,0.004267209335734594,0.0032564094332299134
1573,0.001442351280929249,0.004107576863423961,0.004117911030256121,0.00453046353634329,0.0033376650689083357
1574,0.0015546909962316686,0.003904118499590389,0.004063817974701025,0.004113377159007698,0.0032935009066794073
1575,0.0019828201672862284,0.004525953392397774,0.004139509382713549,0.004409222367660724,0.0036883667155698393
1576,0.0026051658369413257,0.005283016657417721,0.004268884171680923,0.004869107109003069,0.004197287175699593
1577,0.0031232105256781234,0.005862343863510994,0.0044486301955184975,0.005416257182278587,0.004606334713580962
1578,0.00313538980945075,0.006144050498764145,0.004620032883656765,0.005597464588130129,0.004744851062533491
1579,0.003122623849605283,0.006308932685639873,0.004628567056668621,0.005756634354407495,0.004809359779395598
1580,0.003113097700572421,0.006418738613173876,0.00460062632655744,0.00584259711348102,0.004823061276205192
1581,0.0031018687437988465,0.006339515638513954,0.00454512740519638,0.005828146383736544,0.004816019333468814
1582,0.0030899162883562393,0.006773064301895076,0.004427687378332565,0.006191265757236706,0.004928870766352169
1583,0.002911928223906781,0.007051452952426052,0.003842212522082903,0.0062800561179472796,0.004781076554752047
1584,0.00289169709767549,0.006436648873975313,0.003705972417095786,0.005769082477377997,0.0045191254256496975
1585,0.002931318670727032,0.0059997997970906575,0.0036807609252539784,0.005523897883595076,0.004399870797055646
1586,0.0029217052148640486,0.005556638990243134,0.0035793394357432917,0.005165022508809485,0.00423066700200556
1587,0.002927896197579737,0.005380482806730103,0.003551580907029271,0.005026773335641076,0.0041649557147253585
1588,0.0029772185287973182,0.005374245463362978,0.003547302570454496,0.005038419543152493,0.0041742493078612075
1589,0.0029120868378237985,0.005422320472391712,0.0034002489887340085,0.005054728298959195,0.004112793764034638
1590,0.0029781518888051324,0.0051801816975343,0.0032962798293902627,0.004813765041848907,0.003991729856546195
1591,0.0025872861185003548,0.004950789519290234,0.0033801873512532073,0.004658243307807047,0.003816859773934742
1592,0.0018276218379504995,0.004135416814337731,0.0034626613366099453,0.004070537561174985,0.003272870813954645
1593,0.0014084619440370679,0.0033705107347571615,0.0034113619015127836,0.003476358977194937,0.0028037192443196653
1594,0.0011691858796635517,0.003038839804908139,0.003321536406393419,0.003186600029607615,0.00254650784061885
1595,0.001123489080229964,0.0028566491495064716,0.003402531320138678,0.003011126952857636,0.0024865823621656965
1596,0.0011119291775971531,0.0028008974362919623,0.0034527741423221576,0.0030153272476738445,0.0024961297570712817
1597,0.0011802405295387188,0.002865472194102798,0.003456659499056195,0.003011350251704552,0.002557316938502548
1598,0.0013276869543234994,0.0031876153830846534,0.0034683673870364268,0.003193085329070522,0.0027259855437495382
1599,0.0016735518261510333,0.0036877452550925613,0.0034556150755786384,0.003442491483911912,0.002995979945464618
1600,0.002351173844976178,0.004407502601906869,0.003476128494546629,0.004042864362260154,0.003511528270468222
1601,0.002922802253919201,0.004690123346525628,0.0034998499744140366,0.004327224499445742,0.0038018280564941775
1602,0.003098965978945458,0.004330668648560339,0.003585480249902484,0.004053399545998474,0.0037439600331923427
1603,0.0031038343490999588,0.004228095821360862,0.0036055468183104305,0.003939377678478408,0.0037062303589359244
1604,0.003107216328723741,0.00462666323980434,0.003537164162399971,0.004284349180673189,0.003809935414613419
1605,0.0031172428400851565,0.0045773615053870936,0.0035756783061385742,0.004253353245023063,0.003798503932541859
1606,0.00309923636007597,0.004615803768470512,0.003580036373977735,0.004307025071418242,0.0038205506395480285
1607,0.0030369332048763753,0.005123270218223642,0.003539946280456643,0.004671528984488131,0.003956210500824817
1608,0.0029658774449560768,0.005441593515238742,0.0035567199306775076,0.0048759891331637195,0.004070238031993582
1609,0.003016580072500492,0.005759418794781137,0.0034147934633962473,0.005197363598040388,0.004208185053434217
1610,0.002991577506409085,0.0064155839144024755,0.003068819474722223,0.005783391832487805,0.004349394093382164
1611,0.003042730785333201,0.006747462019165842,0.0028143291818871824,0.006052453760990228,0.004429402789371592
1612,0.0030515764198534045,0.00705309923136054,0.002736572059323404,0.0063139166194292285,0.004524411151122951
1613,0.003073210180116488,0.0070369929578800025,0.002730363709979186,0.006260758687087366,0.004517789189591688
1614,0.002986889809977016,0.006981362588812215,0.002836905420522798,0.006324919459103831,0.004470517764257298
1615,0.002706326389702259,0.006731721034457071,0.003091158894356753,0.006267786073967923,0.004338888928173772
1616,0.001907896397195843,0.0054623686495479575,0.0034910642124841656,0.005345577880807316,0.00372863835875903
1617,0.0015417105584181303,0.00432641537158797,0.003642147452215926,0.004489040522061408,0.0032534625433052805
1618,0.0013497914505822715,0.003863673257979422,0.0036563047422635987,0.004161701248315761,0.0030335485937285586
1619,0.0013134459843336913,0.0036066015982358455,0.003770761665172757,0.003789374566226114,0.0029441635590064428
1620,0.0013336553497709988,0.0034708463398459106,0.003693945894923038,0.0036278611673812434,0.002931867281115453
1621,0.002040085979359719,0.0036148047515015443,0.0036736529653284733,0.00358807002574826,0.0032903276279333915
1622,0.002235225849103237,0.004017042661045393,0.0035802474625972096,0.003785163960186984,0.0034550100595654386
1623,0.00244884899366849,0.00428999252025721,0.0035610816066737948,0.003917846065443978,0.003587307620644843
1624,0.002823850238561435,0.004737796708540568,0.0035341865019821424,0.0043915924254887195,0.0038304427596880706
1625,0.0030661461854171223,0.004973565081238969,0.0035800249112718017,0.0045812769480625395,0.003971177679780804
1626,0.0030828214924374536,0.004703120027048593,0.0036469102201225523,0.004353823660239705,0.0039017821326520923
1627,0.003100647575343726,0.004750329097138366,0.0036177765986200408,0.004425787130628538,0.003917866547873568
1628,0.0030691117686444877,0.005203925044616266,0.0035933313097140265,0.004809171637089957,0.004035349458403291
1629,0.003020647235628065,0.005365445633412258,0.0035591854623340047,0.004947665070188061,0.004057036676551791
1630,0.003003437992441685,0.0055088513102399305,0.003582171716565692,0.005085184012968096,0.004093515851672963
1631,0.0028727722967775145,0.005832551884486311,0.003592953218833163,0.005240221721190919,0.004164380383698148
1632,0.0029027193329250168,0.006131457783249412,0.0037017584178685174,0.005462418865726337,0.00432070274818408
1633,0.0029240504913526735,0.006830903402952943,0.0035104372342626136,0.00611055425487084,0.004543717587254249
1634,0.0029283267363537794,0.007203462418477888,0.003194936144839287,0.006506562462101094,0.004666302734636695
1635,0.002941400001794228,0.007031704257759189,0.003120820089999311,0.006396480643812468,0.004653940193721704
1636,0.0029446352468005714,0.006844656563383696,0.0031358437673328406,0.006249541994092849,0.004599693246491198
1637,0.0029244123438417115,0.006815041628760986,0.003128772716918221,0.00626059079245628,0.004554700179918942
1638,0.002989125754765629,0.006386933158614568,0.0031317441512170472,0.005920800151503797,0.004348691425145003
1639,0.0029311107345654595,0.0060396377791720685,0.0032546370905301458,0.0057170594755959325,0.0041956191462142675
1640,0.002535208499747833,0.005335478234063521,0.003473489403744511,0.005099051305818299,0.0038747256452730033
1641,0.0021074793370881397,0.004455341543745964,0.0035775220191225374,0.004295485896137389,0.003485304524275886
1642,0.0018344945465281466,0.004000416887116396,0.0035643713595074947,0.003911311249315275,0.0032799007837023956
1643,0.001569374801763053,0.0034649648359332797,0.003707632716005037,0.003441288250863803,0.002999900645630171
1644,0.0012673585896229812,0.0030699894046330506,0.0036022650013456084,0.0032020734587554466,0.0026792746627076285
1645,0.0014163720527423569,0.003128277792112971,0.0034350032168922813,0.003279721522361855,0.0027579784628332517
1646,0.0013814628586686756,0.0032346528247488306,0.0032688678214349595,0.0033274528795383144,0.002687512424242895
1647,0.001715673240318564,0.0037133210456831768,0.003321606577229771,0.0036530923579681813,0.0029869585701176515
1648,0.0024242211899417644,0.004254861373083048,0.003659300140647871,0.004074561087838795,0.0035517356349609565
1649,0.0031101922180880575,0.004524939544146354,0.0036153508443908266,0.004235981478543601,0.003813699945558155
1650,0.003130699235028086,0.004565882332223987,0.0036573819795859643,0.0042311651158413194,0.003843969530085893
1651,0.003125336942889404,0.00478899972215704,0.003704804598173071,0.004454320710164223,0.003943963270807848
1652,0.003137246246732056,0.0053960337721339945,0.003812170392763508,0.004968340499017211,0.004172421098438807
1653,0.0031388971226903135,0.005998141894215912,0.003807825727599393,0.0054574539488220575,0.004342407607161352
1654,0.003045997408817306,0.0060024469227048655,0.003864336369182064,0.005480794850222186,0.004355880407165626
1655,0.0028721101502870608,0.006117351837027336,0.003739999170933087,0.005426680175298953,0.004291859111922018
1656,0.002972756621048269,0.005634037192588902,0.003742246054558118,0.004982516895001942,0.0041419463949837745
1657,0.0029473686938224163,0.005345668178335334,0.0037404551436252815,0.004772797155398515,0.004055975346684881
1658,0.0029897206316623973,0.0053010434950103,0.0036287616685417396,0.004808814465984702,0.004058518080107069
1659,0.00305324202960354,0.0051748180418687935,0.0036164433348475212,0.004773728222177737,0.00408076771080399
1660,0.003046895931975808,0.005187317908198559,0.0035755097070814482,0.004785090783808464,0.004076485680603457
1661,0.0030569030808228056,0.005399221620219195,0.0034642995616105524,0.004974170762251013,0.004107177929843257
1662,0.003042196401880029,0.005241052172283227,0.0033800703398682262,0.004868908667086427,0.0040289628834144576
1663,0.0027000450513094583,0.004930709405747097,0.003471037548404147,0.004653459385563721,0.0038483407361192094
1664,0.002106866621151616,0.004354611253650689,0.0035522513017766126,0.004205118753388251,0.003445654234525906
1665,0.0015811809561957013,0.0036767780883929704,0.0035777235775076017,0.0037961687567689083,0.0030352758955976143
1666,0.0014173525817131629,0.003261753472819579,0.0034954446652744847,0.003405631888003047,0.0027899371808723593
1667,0.0014140060777396318,0.0030162115535040395,0.0035517678868847526,0.0031571192477466764,0.0026929998034065663
1668,0.001363961372796195,0.0030315859216626375,0.003605006848217137,0.0032497539581302095,0.0027337143849170704
1669,0.001635112054973712,0.0032972413981425907,0.0036060774631784605,0.003402827127560518,0.002979147620983533
1670,0.0016967992220396544,0.003326477385603624,0.003354077062713859,0.0032092124728329975,0.0028996599836604493
1671,0.002021886373209271,0.003909184277545626,0.003389398279101257,0.003523306596889143,0.0032237521858150577
1672,0.0025433757709181844,0.004534761133716421,0.003491652983712949,0.004080684494859982,0.0036554506644079585
1673,0.002847854565251008,0.004915782317321732,0.0035800669906700497,0.004407163542468267,0.0038952821249537773
1674,0.0029161034764787212,0.004511631563385575,0.0035661046434000577,0.004058085000974974,0.003757188460767443
1675,0.003008035698037716,0.00421011563351761,0.0035485636233767034,0.003820390014800209,0.00365520790863612
1676,0.003084277787559634,0.004114919624872899,0.0035491899853306147,0.003736464137350963,0.0036177596450769184
1677,0.0030675074250963103,0.004264998803700026,0.003558805764396917,0.0038924689910973297,0.0036676924131688587
1678,0.003003628614270639,0.004325190786842597,0.00358857239768699,0.003963870413778124,0.003686246329935792
1679,0.002976899172979942,0.00462222086237996,0.0036001393256045932,0.004124195428628778,0.0037656646555509206
1680,0.003047709391022708,0.0048282758367394,0.0036821717505434526,0.004323274738502115,0.003908077260965529
1681,0.0029784916864328266,0.005028412926709552,0.003701794913981072,0.004493997342630661,0.003992724540863849
1682,0.0029500191885127496,0.005091556594645623,0.0036236184574156127,0.004550379799045377,0.00401340425612037
1683,0.002801181683482422,0.005183701298820296,0.0035178892528501594,0.004596783509520295,0.003998443754983397
1684,0.0027958511311795674,0.0051651669500248,0.0035421450215780397,0.0045878255478738,0.003987933930872614
1685,0.0028373547010458145,0.005192844953281731,0.0034679328913816664,0.00459668762919765,0.003968538379338094
1686,0.0028575913123899794,0.0047578810842244385,0.003401768812096486,0.004252063148522324,0.003783830624582662
1687,0.002756169891464753,0.004375116435980116,0.00346351929219374,0.00403646512240156,0.0036372332602474726
1688,0.001958227799392305,0.0036521485931600432,0.00352988510950222,0.003560177578901236,0.003144422140234745
1689,0.0014272205873790207,0.0030226403055856332,0.003397875775819282,0.0031945265102440966,0.002726749432033819
1690,0.0012504732888631897,0.0026716621606767267,0.0033420403130742884,0.002927992923603869,0.002527712050891857
1691,0.001179491175066578,0.0025356699726124554,0.0034034676633935253,0.0028192475259067166,0.0024679813221314103
1692,0.0011606006703121564,0.002424149648215942,0.0033783701234333134,0.0028737029088854523,0.0024386607386562434
1693,0.0012357908548591339,0.0025339956026740867,0.003410557711625393,0.0029477436081682706,0.0025278887614751696
1694,0.0015753674156493503,0.002881435695077393,0.0034263607962008755,0.0029943853378070345,0.002801768941210839
1695,0.0016767923337549255,0.0033442213057368183,0.003404066293985124,0.003219790344462034,0.0029387841443472592
1696,0.0021856821939714418,0.004093751935601927,0.003485313167971458,0.0037063056293686857,0.0033794842041563198
1697,0.0028054931015007605,0.004304364342603644,0.003582231382880982,0.003854789122205685,0.003656133462208119
1698,0.0030018304846507835,0.004191013021386407,0.0035647999801020716,0.0037846759967830727,0.0036522738469776305
1699,0.002998682198325455,0.004062536920659455,0.003553191629088077,0.0036986407341198313,0.003605933546859139
1700,0.003001343269811981,0.0044458276918299105,0.0036075836311912344,0.004032211594452109,0.0037471974938377353
1701,0.0030011087091807195,0.00462596405521973,0.0036338854274410807,0.004127108917197372,0.003801348121193886
1702,0.0030002347395903296,0.004701945865912015,0.0037822330461232258,0.004222046317817589,0.003889277865724812
1703,0.0030008031829061666,0.00519105184431902,0.0038683923140956796,0.0045393856638112125,0.0040619535516350745
1704,0.003000415350352287,0.005319413072824844,0.00400261700117152,0.004661437043220454,0.004156015170047206
1705,0.0030003016278197132,0.005605506724976639,0.004120938751765698,0.004942312068378286,0.0043205795752478595
1706,0.002993773344163954,0.005577829420023223,0.004044156489092141,0.00490027982164819,0.004307886457549937
1707,0.002851182384811788,0.005369630853918028,0.003809129382850001,0.004685772104174302,0.00412247485814466
1708,0.0029052336629721825,0.00525469483492925,0.0037870918293430324,0.0046060504322602116,0.004094064174379274
1709,0.0029250515941238145,0.00520135319672736,0.0038149247281693372,0.004568743483439122,0.004081670839632961
1710,0.002906737387506977,0.004870464408656799,0.0038581988603923084,0.004259810791379435,0.003989063838796476
1711,0.0026756409200727835,0.004590760466206887,0.003946692585532632,0.004092936276685878,0.003869133210005603
1712,0.0019229528046400737,0.0038303563815824835,0.003890905166134259,0.0035163868943396412,0.0033109237208460694
1713,0.0016243556569902828,0.003076012716504918,0.0037849365667693346,0.0029673961319779045,0.0029256080100996825
1714,0.0013365776224918157,0.0026959924429717595,0.0036423539114652037,0.002467047865267949,0.002646917557763364
1715,0.0012646582420955343,0.0025585642088137334,0.0035996186674630516,0.0022267013005747636,0.00255423165890031
1716,0.0012505893834046393,0.0025637458152759232,0.0035374794456437333,0.0020890221035366396,0.0025264936182559684
1717,0.0014323756803652499,0.003209422177727433,0.003795376724485678,0.0027722841271343493,0.002862091992527155
1718,0.001871262114617088,0.0035157860091122235,0.0038070461209572097,0.0031185268933179005,0.0031664988398785302
1719,0.00196783266339493,0.003880948360068573,0.0038178048203826313,0.0033119367623057126,0.0033068687706397514
1720,0.002342165471922206,0.004427598762897111,0.003888119550535017,0.0037349617941726037,0.0036160909432409213
1721,0.002936232230220281,0.004382421462793397,0.003891964455541124,0.0037726504309788865,0.0037894671323404345
1722,0.002989843124738926,0.004436893539026087,0.0039005298264590126,0.003783634731663196,0.0038379182350425887
1723,0.0029833418591699397,0.004425006636663103,0.0038816262556418736,0.003831070347736947,0.0038324792807542486
1724,0.0029857712647602085,0.004808599263733572,0.0039082346424935115,0.004126260853733495,0.003963907524466818
1725,0.002993461334815151,0.004902115048422703,0.0039307654081647435,0.00420145891765406,0.004002422835985419
1726,0.0029880922402539243,0.004947538296844709,0.0040291066966848445,0.004170802519944869,0.0040503123822118155
1727,0.0029391079359383154,0.005288037477903,0.004012560679157575,0.0044205329961622165,0.004146831166847537
1728,0.0028769041123105255,0.005455231115101179,0.0038580222087550116,0.004465672680864385,0.004137331299776526
1729,0.002904797309908021,0.005599720076776637,0.0037137063600296487,0.004534963518058087,0.004151990100039303
1730,0.002832763985985749,0.005749983722985133,0.00361762427348484,0.004654382490501538,0.004190422575278179
1731,0.0027700535376256417,0.005608040607508462,0.0036225336612540526,0.004490396142440399,0.004139134882595333
1732,0.002801713881361573,0.005405324314862382,0.0034872364365968896,0.004323413134814847,0.004025879013660448
1733,0.0028255723544320234,0.005330137303379434,0.0035239884306454403,0.004302563769173409,0.00401717129666562
1734,0.0028290630467583317,0.004838351611577056,0.0036927308377512603,0.003927910954593316,0.003896065573309193
1735,0.002639612055782122,0.004689746903154802,0.003738870367057837,0.0037174078908643934,0.0037653925006205713
1736,0.001869227647117634,0.0038334873979627465,0.003823634253265877,0.0030686144103483155,0.003194065490562577
1737,0.0012569993568188054,0.003092930850887618,0.003785483070065705,0.0024330073745788745,0.0027070041111255366
1738,0.000999354812474923,0.002524446192000707,0.003622796224313365,0.0021934177416161635,0.0023408505004884625
1739,0.0008977370267059355,0.0023614339031133046,0.003544462981017189,0.0020232323891547985,0.0022118126487176743
1740,0.0008927554455182115,0.002353471698172315,0.003553805751087365,0.0020032578029158116,0.0022111051611237117
1741,0.0008879266752849935,0.0024870921768755773,0.003674465178516021,0.002126163390495094,0.0022706541858856107
1742,0.001012323543018424,0.002975544679495788,0.0038120687859576185,0.002532579333523491,0.002554552403893677
1743,0.0012611803732207308,0.0033928186470641945,0.0038199161225914453,0.002922345925426025,0.002839873425431632
1744,0.0020898257988806947,0.0038935736341638213,0.003841541217262244,0.0033629078405742,0.0033085330028529668
1745,0.0029364500810969444,0.004324638933953241,0.003884472281142586,0.0037796154726190117,0.003771838228587863
1746,0.0029791799554390974,0.004551848353882827,0.0039427078220793,0.0038552136723225493,0.0038995593715583144
1747,0.003013056689887896,0.004353660224253701,0.003989019617741714,0.003739269809900134,0.0038599561899493825
1748,0.0031240744594820584,0.004438477589625463,0.004043641043043398,0.003812900169009598,0.003924784955665588
1749,0.003123382453299557,0.004471376882358619,0.004038840720110309,0.003860870968815939,0.003931509331433269
1750,0.0031219227508466505,0.004548252012363004,0.004055843583874492,0.003900552952933696,0.003952645444164665
1751,0.0030996079159897588,0.005356162705148239,0.004080701467648637,0.0044427098070752204,0.004195875279125974
1752,0.0029480285079674594,0.00552078684772283,0.004006044151999148,0.004514244176196757,0.004202741354408983
1753,0.0029903080148564218,0.005877308379850398,0.003810317913972427,0.004748424495006132,0.004305469980952403
1754,0.0029249408392604086,0.005721817902459148,0.00369344654567898,0.004696705464100336,0.004244084863919655
1755,0.0029511539614722354,0.005868086951757712,0.0036088406226479877,0.004852086671902775,0.004289139797328954
1756,0.002989576674882518,0.006146453110829489,0.0035167214948528857,0.005038929460610079,0.004423147989652289
1757,0.003004608125502172,0.006399956981013314,0.0034503267760839437,0.005128423964509511,0.004499735608165542
1758,0.003061771255424,0.006498463879164937,0.003294365385216839,0.005162149272192644,0.0044487374101909215
1759,0.002657714001092728,0.006384915928013737,0.0034835632482665105,0.005140670322770366,0.004237800169685535
1760,0.001863370794963809,0.005200307858842361,0.003635568874967,0.004460876650488726,0.003602600703848335
1761,0.0014529595329091651,0.004205446070685972,0.003629989229669098,0.003408478142022858,0.003069946864289519
1762,0.0012964297062293055,0.003609959400982411,0.0035554866968559007,0.0029423318522086308,0.002765953652030394
1763,0.0012704237631114973,0.0033084784965939783,0.0036676166573082858,0.002682736498119601,0.0027019333366213134
1764,0.0012259188856788394,0.003222665441811727,0.0036902130778536427,0.002751108467675897,0.0026903761081814945
1765,0.0013917527367120353,0.0033595359487994564,0.003690725695440638,0.0028562404934246526,0.002821464373166047
1766,0.0014849445893385627,0.003910490008792927,0.003608717712017458,0.003217173095104524,0.0030171657412492907
1767,0.0017229579698379528,0.004662638915997531,0.0035606956750523595,0.003755831707550595,0.0033413780940082225
1768,0.0023320821247277863,0.005290936176672926,0.0035864945344276926,0.004307913447220534,0.0038373672901516466
1769,0.0029542771823037237,0.006016413808596359,0.003626935072458263,0.004857599940031769,0.0042782338327852325
1770,0.003099621395458265,0.005635945394100899,0.003658639942283559,0.004592381541039641,0.0042084280788868165
1771,0.0031176879702141196,0.00556292108611887,0.0036305518900949193,0.004614944823005931,0.0041667566105614865
1772,0.003132006839202586,0.005704570560693692,0.0035830535455595685,0.004699443071742849,0.004188382492563225
1773,0.0031378351729957473,0.005625674117745001,0.003592189402560964,0.004618821832963061,0.004171475637307272
1774,0.0031461286734596446,0.005687141690148549,0.003676913646067181,0.004706189945315436,0.004230528907592048
1775,0.0031459208624169165,0.006417630024946602,0.0034941581554450733,0.005046223685583556,0.004405820188062522
1776,0.0031469130718119673,0.006969410584691111,0.0033670545078318182,0.005335566210516305,0.004595848410649821
1777,0.0031432442135053053,0.007439974448459605,0.002992719009519733,0.005618714323858528,0.00481753322071916
1778,0.0031464516968084514,0.007615995080626671,0.0026407737077806907,0.005710551578460289,0.004911516247806253
1779,0.003122593145723037,0.007685821243475741,0.0024981019685214405,0.005692779786662514,0.004952658281129793
1780,0.0031479351125686074,0.007636820889547644,0.0033920404641021354,0.005611154676018811,0.004942004118726198
1781,0.003153610604120587,0.0076306471585167466,0.0034107133875647937,0.005638608387676123,0.004888671539332659
1782,0.003145806397252324,0.007740215975176582,0.003152828868717767,0.005765725913908176,0.004812979871627296
1783,0.0026889044479489863,0.007387992033160685,0.002433076418935418,0.005567703775176202,0.004531188558659924
1784,0.0024819997192075376,0.006127322384692612,0.003119990971876016,0.004781426268493893,0.004164922932330844
1785,0.0020520208839647286,0.005370659734555392,0.0034107723448711285,0.004153514870856254,0.003798530771281933
1786,0.0018375752369574128,0.004616210966356587,0.003508524941847312,0.0037704613731558254,0.00344609326878554
1787,0.0020695917743038905,0.004120249130209372,0.003798625719672349,0.003414338865648205,0.0034841620640198765
1788,0.0019205838603970787,0.0039604139502191415,0.003799457982364573,0.003182800863551125,0.0033841540858329027
1789,0.0021302047477239298,0.0041109843281992445,0.0038224584932431025,0.0034231306126467887,0.003520396809252045
1790,0.002364944813896884,0.0044465235014454745,0.0036931674624982183,0.0038588287255668626,0.003668841647744661
1791,0.00282353780496695,0.004972881840154678,0.0036827900656534918,0.0043137068233791,0.003979473697387802
1792,0.0030737662216173338,0.005702811041022416,0.003715776835401924,0.00491512544628963,0.004294008999408635
1793,0.0032706071429392893,0.006119767687910906,0.0037130942307675905,0.005249356540673814,0.004484633189352292
1794,0.003312421099073014,0.006153586876186452,0.0037426862216132653,0.005056968454556098,0.004503897764367463
1795,0.0033139788855099874,0.0065703721818270505,0.003633275562250028,0.005373598989556505,0.004642210729185489
1796,0.0033153676519834313,0.006486719372655018,0.003637046503558771,0.005322332664167118,0.00461868981245039
1797,0.003314810532911026,0.006719977923840612,0.003620615061079329,0.005542318566683267,0.004686074841019205
1798,0.003269246025639748,0.007072546440806617,0.0035304031587123866,0.005733578551641852,0.004769073192703152
1799,0.002995073239142092,0.007618992287101924,0.003224675090297865,0.005841191515219921,0.0047982485384935
1800,0.003078232182828279,0.007930245703374167,0.002803260118472933,0.005971047273540788,0.004965629899376112
1801,0.0030362666542237387,0.007963221914893319,0.002466144457082899,0.006093550686157646,0.005026336445148893
1802,0.0030170098024445177,0.007920752480921733,0.0021335558922948405,0.0062362331916193696,0.005035057706611918
1803,0.002964371110253897,0.007751375726578472,0.0021937544049288964,0.0060204561553108,0.005015017596745833
1804,0.0029343423434824083,0.007570709531090455,0.002874988357519278,0.0058754468168852,0.004937011746369872
1805,0.003008523390518563,0.007353828015527391,0.003206099937293361,0.005756024016504663,0.004796406659828477
1806,0.0029943625825500702,0.0074915078317361735,0.0029946996434173025,0.00581121150332571,0.004613274045929397
1807,0.0028797590272998876,0.006518102273292528,0.003034756548270342,0.005154944838005481,0.004299663495304653
1808,0.0025725466696903208,0.004960624744681972,0.0034304036625347743,0.00400642106644482,0.003773817788666856
1809,0.0023292679036236116,0.0042615757770192355,0.0035103518521089117,0.0034641995660455076,0.00348133177181651
1810,0.002049115015928679,0.003676122612287234,0.0035039193162180607,0.003030560659588497,0.003177006193120321
1811,0.001999426511693931,0.0033077095849126056,0.003561963947360884,0.002886506182343288,0.003066305849905257
1812,0.002079186442090111,0.003441699171821355,0.003610398628493761,0.0030716942779029804,0.0031843820088527834
1813,0.002264711812520521,0.0036416508594818305,0.0036048046650264563,0.003295145348590337,0.0032745087659208105
1814,0.0024528915353898904,0.0039746055850657476,0.0035320807664412693,0.00353600289949123,0.0034289076220192227
1815,0.002363570648060608,0.003864811065121031,0.003503663862260146,0.0034347894628221076,0.003369941990511446
1816,0.002671710828049681,0.004214062996780974,0.0035142971652592204,0.003750720705394165,0.0035658730037722215
1817,0.003013016097768803,0.0044128252811721095,0.003514407779700425,0.003921481852073472,0.003706343402787565
1818,0.00307347784211724,0.004301535454365579,0.0035153123488510843,0.0038274556863683385,0.0036800429780373496
1819,0.0030244205524784687,0.00420929743743277,0.003529535674992285,0.003750063427483162,0.0036493067409124843
1820,0.0030968857505550276,0.004611109749831986,0.003546853168080244,0.004073157171737936,0.0037980181746687393
1821,0.003166747264972565,0.0047061989106867005,0.003545211343351439,0.004168224572898403,0.0038498395341731427
1822,0.0031218644818397367,0.004734455055188174,0.0035671793422667676,0.00393606193157748,0.0038300013901654967
1823,0.0030783501452742923,0.004947868577496964,0.003511384938009962,0.003961154811702697,0.0038442243546939043
1824,0.003055620571868499,0.00518514838301819,0.0036187768471437755,0.004045997160431811,0.003975514118575862
1825,0.003058301881909036,0.005253838115771537,0.00361611793973681,0.00409765943130934,0.0040537498623698254
1826,0.0030657703205029595,0.005095383050471586,0.003526821904058497,0.003984665665169504,0.003995510475684169
1827,0.003028791975623642,0.005043529132766087,0.0034385364615962884,0.003939919102901101,0.003984961196203996
1828,0.0030384317562881158,0.0050206707409208694,0.003437641931636951,0.003918576366574528,0.0039786093588889725
1829,0.0030281807517358373,0.005060961213474963,0.0034430042411388384,0.003936532351629158,0.003918315467210244
1830,0.0030997203573070627,0.00472046915579248,0.003390919822380905,0.0038005905635542,0.003788015407286393
1831,0.002888668613605068,0.004574497172832639,0.0033113940175293452,0.0036647040067200776,0.0036708118171622445
1832,0.0026306854672496927,0.004095805278276972,0.00343178354573874,0.0032627536735844345,0.003463825853663391
1833,0.0022877358099044347,0.0036011894388278836,0.0034978302958536033,0.0028791727978821602,0.00319690333018718
1834,0.0018686073707686575,0.003089594175986771,0.003450004153200491,0.0023922111144658617,0.002866679354912624
1835,0.0016857257339737502,0.0033389592013916753,0.003593979381356272,0.002552313032874039,0.002921952593585072
1836,0.0014048695187992549,0.003381044404063331,0.0036523818551898158,0.002672942676747821,0.0028084118814070747
1837,0.0015010511193248555,0.0037085553861391216,0.0036598930295602262,0.003105875333686059,0.002987469332897912
1838,0.0019095796885904264,0.004020449691121515,0.0036207995349105105,0.0034540124970429405,0.0033222647761623103
1839,0.0021478549681373123,0.004265562660025341,0.0036017481234415618,0.003638663447139015,0.003493646389399143
1840,0.0026522257062344696,0.0041071977935892776,0.003525675147154889,0.0035571723553247422,0.0035251696925220773
1841,0.003141161787552366,0.004332228890440164,0.003515921333196381,0.0037655874278365877,0.003715633320851811
1842,0.0032204173712402483,0.004373055652134612,0.0035531308985571634,0.003816277731652607,0.003762690286105717
1843,0.0032188083801141533,0.004617423200325238,0.003579719150298676,0.003996616900098851,0.003861953821555037
1844,0.0032263595746735993,0.005583578952532974,0.0037035925360072415,0.004716540734197105,0.004197500066716199
1845,0.0032170143427193965,0.0059147947732260675,0.0037221465271359035,0.005066501401891046,0.004303028621970496
1846,0.0031636048420363517,0.005735610665287512,0.0036873693347957725,0.004985349334295995,0.004225876348182729
1847,0.0031106283904327276,0.005864497694507246,0.003582644345390501,0.005005578554660142,0.0041810608810283305
1848,0.0032013197364469913,0.0056249781434750575,0.003550504641240753,0.004828762769117385,0.004202608369233586
1849,0.00316492078451911,0.005612809583876962,0.003516914385380161,0.004781998108493108,0.004232197769337978
1850,0.0031265400235050483,0.005295861955755247,0.0034665927081469353,0.004530608119421363,0.004124887899152242
1851,0.003055142728807595,0.005244120178151613,0.00342130623193922,0.004483613762262912,0.004086743997341764
1852,0.0030384801103351634,0.005214836739851045,0.003380496204574764,0.00445242358713778,0.004055201348607294
1853,0.003079166305557027,0.005359021129560955,0.0033037395203991157,0.004587810083932191,0.004067783994458788
1854,0.0031620943062536946,0.005034850926360226,0.0033140575871992597,0.0044144660185626,0.003928825060668009
1855,0.0027039394622914506,0.004883070658130741,0.0032857452331597377,0.0041224139516726896,0.00374807396833029
1856,0.0018949284787251586,0.003921707043357904,0.0035039760885828657,0.00307795035213732,0.0031612416826775525
1857,0.00150124984914651,0.0031109805626452222,0.003486818065716213,0.002628150189737153,0.0027118439285482594
1858,0.0013248061268955973,0.002811971799609309,0.0033596312361479355,0.0023397744074756303,0.0024781811304527964
1859,0.0012505011156742722,0.0027056514757257378,0.0034670827622987066,0.002232562359327254,0.002438804090209372
1860,0.0012396168606224225,0.0026175919550779077,0.0035243848132120712,0.0022290864080578236,0.002417796368378024
1861,0.0012857838399294393,0.002677738436343793,0.0034670344460412976,0.002357176090197119,0.0024672507045128437
1862,0.0014252122271325542,0.002849502076142501,0.0033622172377267318,0.002519235470000479,0.0025674262382218253
1863,0.0016867712458152346,0.0030887098178374052,0.003375258835607787,0.002704518701560408,0.0027672125600271724
1864,0.002327326479756612,0.0038660012932955823,0.0034699591023145122,0.0033300938832446646,0.003299254407166306
1865,0.003005253937122796,0.004531734602207815,0.003521251565478303,0.003898723420956457,0.0037490525534500997
1866,0.0030783985716444913,0.004677749731440001,0.0036081497985673895,0.003992117259435238,0.0038564219326787655
1867,0.00317502309363652,0.004605655917267606,0.0036027200926040553,0.003951642284645649,0.0038510905415953174
1868,0.003202554937611895,0.005027365542318984,0.0036152266435061234,0.004257437808579766,0.003978086422478807
1869,0.003196108822807908,0.005453233947454803,0.003588214275299284,0.004554980371798135,0.004089321884367477
1870,0.003183824290903362,0.005387618114765297,0.003688002514140898,0.004522672443792615,0.004076890324080894
1871,0.003129067759401454,0.005882490870005596,0.003592885942532852,0.00476397592249108,0.004164608999762661
1872,0.003162487234900536,0.006529509970701622,0.0036114943881711725,0.005151596551450387,0.004405812882404237
1873,0.0030691325545599306,0.00743913270288423,0.0035815818793060836,0.0057288340458085205,0.004697570062394156
1874,0.003106483980086624,0.008022554085116625,0.003366539689995402,0.006119614291311428,0.004888322295439494
1875,0.0030732004746597606,0.007985399432046564,0.0031965404683589383,0.006093259625604346,0.0049102381517510466
1876,0.0030438857867637935,0.008105264822079367,0.0032398916917490673,0.0061879430444626475,0.0049388683739094484
1877,0.0030122272275119157,0.007925410712171201,0.0032130432693173953,0.0061397948324304445,0.004914788918267366
1878,0.0030946402748493473,0.007768605902838792,0.003368761371382413,0.005947984326660452,0.004890808767200492
1879,0.00291937608283539,0.007309115122331213,0.003518600476897336,0.005605556662093346,0.004735248471170553
1880,0.00242479558425589,0.00643481437258932,0.003645646219641818,0.004933068934880091,0.004254749249564764
1881,0.002047172253632425,0.005598815568925648,0.0037470075157034267,0.004401583816346262,0.0039322720316452234
1882,0.0020277455489334877,0.005066601983399188,0.0038030101635575285,0.004001518316106309,0.00379057132872927
1883,0.0018145643082105112,0.004666313481163067,0.003880144505832487,0.0036905859484317577,0.003566570736069431
1884,0.0017415240442952235,0.004392509042560599,0.0038796841224455203,0.003472657095529662,0.003442861895784221
1885,0.0019797740277818538,0.004421610500701732,0.003888975876330968,0.003569941176478745,0.003555334936469088
1886,0.001887976958743753,0.005040084308078076,0.003848114364439733,0.004095678173210081,0.0036884173773236426
1887,0.0019160022954407279,0.0053002584447825645,0.0038838861661659673,0.004374387974922243,0.003817570207587909
1888,0.0024249587497932644,0.0056307830596471695,0.00394162958253567,0.0046511190145818926,0.0041302594344601
1889,0.002999701241633476,0.0053074538246411255,0.004045038236531405,0.0043952315109272895,0.0042277219376345675
1890,0.0030908529830180245,0.005112955483843412,0.004052551691286627,0.0041971648715293285,0.0041789178029126295
1891,0.0031401492720802104,0.0048641649913032485,0.004072237849847481,0.004028165248735143,0.004111039143999087
1892,0.0032231702268311216,0.005070478168414058,0.004049977521710121,0.004197364597757109,0.004198389979975873
1893,0.0032345375669859924,0.005316332270196492,0.004029543273276046,0.004372990324521385,0.004279116253440444
1894,0.00323725941291785,0.0051473917714898966,0.00411694497784646,0.004274305123393277,0.00424504366608444
1895,0.003225600145956036,0.005795173234524,0.003997529219813034,0.004741151088133427,0.0044553867960385315
1896,0.003212181935960633,0.0064384718747929285,0.00378837693436216,0.005031441192942392,0.004579803619723748
1897,0.0032121705438785705,0.007060866157492681,0.003530734310840073,0.005320477707780581,0.004717091717644428
1898,0.0032175279656341403,0.007580707798499777,0.0030823207420649823,0.0055878478216015255,0.004866067193871687
1899,0.0032116168374559033,0.007740725783120009,0.0028826233478589946,0.005639086595090762,0.00487554645789324
1900,0.0030397908787413615,0.007840864314471884,0.0027602489814958398,0.005628100849360184,0.004818070757648262
1901,0.0030550961444900603,0.00798184307923127,0.0027945656985377165,0.005703003716839014,0.004783285792352146
1902,0.003144081044071372,0.008046889778280839,0.0028520067143173538,0.0057441424129147985,0.0048065295781366535
1903,0.0025611310242878954,0.008133252887690085,0.0030260142304049872,0.005675981246378663,0.004613661607447904
1904,0.0017860100658992964,0.007279544804661818,0.003412693997310883,0.005189173363881672,0.004039506402401541
1905,0.0016035142239872518,0.005776067752447007,0.0038370215195693124,0.004291648296990104,0.003606776363037794
1906,0.0013273736111211014,0.0044142380189353715,0.004006959702018232,0.003557049595959262,0.0031505419487165014
1907,0.0012856265775058925,0.003963838120757054,0.00394102526310148,0.0034022924350620236,0.0029840095256701395
1908,0.001263830159687696,0.003897963091890678,0.003962700569923015,0.003472766321929528,0.0029611451559813052
1909,0.0013294359891306,0.003982375180311779,0.003966654064407748,0.0035796277892416865,0.003006958121676919
1910,0.0015135420615293943,0.004511974231197223,0.003972406101580077,0.003985648253374324,0.003314174827539715
1911,0.0017308096927665221,0.004695587658171263,0.0039421669873024295,0.0042036599320467065,0.0035065751808528436
1912,0.0021935265251129253,0.004962393709969983,0.003893332734608038,0.004208801729215347,0.003736687881944693
1913,0.002873771752216704,0.005155052153769957,0.00393214220464354,0.004187371084050371,0.0041015467320065805
1914,0.0029935791190166513,0.0053679112397447505,0.003985020702576141,0.004393591760099132,0.004232159436262873
1915,0.0030368494416982664,0.005431972575445293,0.0039779190519684,0.004487608713981547,0.004246710302496658
1916,0.0030697210210104044,0.005409013755333053,0.0039901376097608784,0.004521350599924799,0.004261701351470104
1917,0.0030632636083986003,0.00560142110858149,0.004056483146135867,0.004576374256423694,0.004350469342608577
1918,0.00306950722171836,0.00582578704310366,0.004054452965795233,0.004759910749964918,0.004427384979208537
1919,0.003004491284161812,0.005885049141665676,0.004019504583715125,0.004662495783196749,0.004363928499014513
1920,0.0029380359894345094,0.005721882740647203,0.0040408665808432925,0.004493126164091624,0.004293321030119201
1921,0.0029666339983689294,0.00573591907915854,0.003914215159193247,0.004448260238173392,0.0042647877671293495
1922,0.002977546182635448,0.005730131297235755,0.003781720418046843,0.004446031114327197,0.004254857976126548
1923,0.00297400716405887,0.005716177998781459,0.003644309106336213,0.004647032920440105,0.0042467752995512175
1924,0.002978136396733883,0.005789236141506113,0.0035248987055016955,0.004715886809235998,0.004237432215204406
1925,0.0030180412786827713,0.00606986327574746,0.0033368804310404693,0.004877768069319696,0.0042485212821343115
1926,0.0031107492763329304,0.006705917873344909,0.0032019241849916853,0.005362127542815073,0.004303052477545569
1927,0.0027465671179617897,0.007139553535692255,0.0033070619478601793,0.005387074912831787,0.004306036566160894
1928,0.001895514448874884,0.006935205486052953,0.003455913340998417,0.0050384333724005324,0.003942869626147076
1929,0.001489418732294727,0.006262452037567711,0.00356016979403389,0.0044080917060715825,0.0035380374396306044
1930,0.0013408631891028452,0.003847576842172525,0.003723898422800264,0.0028747029478285767,0.0029385573218185398
1931,0.0012637279865942508,0.0030589582295314772,0.003927167528409808,0.002104713855821414,0.0026846901417471513
1932,0.0012493888421209467,0.0028282811980700324,0.003857322275420643,0.0020654295600406464,0.0025842811958596457
1933,0.0014068041711798585,0.003197595976107788,0.003863880232079478,0.0026117945885454435,0.0027992545578461327
1934,0.0016479120467801798,0.003602966888918337,0.003796014937510358,0.003082508601365106,0.0031213965258358248
1935,0.0019916272593076935,0.003729886591551557,0.0036874219465700283,0.0032970868699117154,0.003294801457627789
1936,0.0023507982214282415,0.004305923495832087,0.003736017401386853,0.0038317704333777976,0.0036253767015681617
1937,0.0028660480804191587,0.004716692076653356,0.00376083312899235,0.004103423301323295,0.003919673880525669
1938,0.0029538419383631064,0.004361658100643516,0.0038412826111234814,0.0036697593536910043,0.00381571673930114
1939,0.0029744470932636814,0.004209381561157253,0.0039440437487951495,0.0035496204500819178,0.0037870965392024438
1940,0.0029200790204822378,0.004585543566895161,0.003873703749311844,0.0038243024126475827,0.003881261923246016
1941,0.0029312221765458424,0.004639646522651037,0.003926894982757154,0.0039040581813768165,0.003925648456914783
1942,0.002933785825727546,0.004779670736063441,0.003964137929008448,0.003992716855289093,0.003984266475543892
1943,0.002932368985105039,0.005026788595204934,0.003899197584834262,0.0040770218874636764,0.00403529110727004
1944,0.0030044977308540557,0.0056867571929399,0.00372752953993345,0.004403797851405987,0.004216979347236488
1945,0.002989377155355061,0.006635903372066007,0.0034276607697663747,0.005116467800418274,0.00446378474684121
1946,0.0029205874169966678,0.006478593215894447,0.0032279678889085743,0.005198944700369596,0.004446073362175966
1947,0.0028820811161948384,0.006184863701118406,0.003286895315334329,0.004971169324678224,0.004336991754462734
1948,0.0028993266975114616,0.006426899561590213,0.0032346637621365887,0.005155951079053872,0.004401547974914911
1949,0.0028894438452489284,0.006870510057548889,0.0030887356047878413,0.005471652740867399,0.004499438330286737
1950,0.0029234507096173824,0.007303094805903675,0.0028667778128366062,0.0057277446633936515,0.004588887471297182
1951,0.002606443796820302,0.007092455676123972,0.00321371401885257,0.005502028386783421,0.004444060612392421
1952,0.0019802823904410943,0.005278935962928768,0.0037133302686184607,0.003851903645638332,0.0036629666386802594
1953,0.0015773924490737451,0.004051778117621026,0.0037990105151142917,0.002744763991014413,0.003106901335549202
1954,0.0013931794693336612,0.003524655243575403,0.003757776279923434,0.002817569285446226,0.0028613655146889055
1955,0.0012656790988755258,0.0034092660198603805,0.0038343925153493507,0.002807663416460814,0.002801293007232079
1956,0.0012649792592015954,0.0046531602474845345,0.003941978430680264,0.0040661038952129035,0.003172963044693872
1957,0.001304901366543198,0.003924538154925615,0.0038862650786313556,0.0032146260491237723,0.003006530392044694
1958,0.0014258158688167598,0.003894751817078754,0.0038099714249906556,0.0032157991963303557,0.003051337720616585
1959,0.0016698318327879112,0.004343616049676902,0.003828619814276899,0.0034832466112437177,0.0033215877312520264
1960,0.0022994194161811113,0.005304148951034625,0.003910605412558725,0.004211358688909408,0.003889341395742345
1961,0.0028973634513633864,0.0063436027206897685,0.0037735798347215033,0.004917564977860724,0.004396453507314153
1962,0.002917302928976729,0.006485612732981899,0.003786851400123259,0.0050472501077907595,0.004464368561690297
1963,0.002885221630209304,0.0069743663548858595,0.0037076751966181637,0.005395180413855476,0.004601915748446056
1964,0.0029895225281747124,0.0073888355138283695,0.0036233699328957094,0.005660265766729076,0.004750990330565799
1965,0.0029444525454924383,0.007659590854738245,0.003535918006283096,0.005818307274676217,0.0047976767241904176
1966,0.002914304469032372,0.007759113415857127,0.0036540236144908525,0.005912628045126867,0.0048582926500585905
1967,0.0029220556558707494,0.008158291184310667,0.0033827330665067014,0.005985032907749061,0.004887429124124363
1968,0.0030016514155252597,0.008397477965815357,0.00301971390390078,0.006100740335811465,0.004916688611039671
1969,0.0030238827806948147,0.00884994969901303,0.0026033969992376818,0.006398887316875569,0.0050380345866199655
1970,0.0030418289542690287,0.008723801177368092,0.0023033835852755676,0.006263470566911604,0.005048827771123655
1971,0.0030614294376123245,0.00864943061201306,0.002094118777489443,0.006263511787779796,0.005069330002583766
1972,0.0030303973568089554,0.00866642341207112,0.002236065523449124,0.006280931635384583,0.005057715945416788
1973,0.003052431254252912,0.008617467646029945,0.0025735342431873276,0.006290186292357275,0.00506684706332037
1974,0.0029370758869371105,0.008779190289670441,0.0029487940414910092,0.006335308063609836,0.005060937550951499
1975,0.00271471758597422,0.008595808787634987,0.00332731638229179,0.006074726919611317,0.004914673288253436
1976,0.0021390877252213908,0.007556532766723039,0.0037065438236644605,0.005327589337334456,0.004389382656081509
1977,0.00165515912559824,0.006604488523159045,0.0039583800948832975,0.004821826870027702,0.004008511983291222
1978,0.001450808438618263,0.005658030687628306,0.004021779374243325,0.004557999159837087,0.0037363375127147163
1979,0.0015568287233405592,0.005457976535751742,0.004152333860845411,0.004668161979998332,0.003807231898314718
1980,0.0015949438463363846,0.005007563201589267,0.00416473724066583,0.004224232253512843,0.0037460453992439378
1981,0.0017631309817570796,0.005301511863158719,0.004177630255565704,0.004526958545810038,0.00392694449455984
1982,0.001719171880504737,0.005621159422053825,0.004114245983695012,0.0048165753596211705,0.003922506444268528
1983,0.002104423935879242,0.005900045470124369,0.004126690770614978,0.004958058335789824,0.004161814320946491
1984,0.0023879892329495573,0.006077878256558496,0.004403784744000738,0.00491923587031305,0.004349007594659032
1985,0.0029705292921015777,0.006632148770188788,0.004504797841737242,0.0051459689931699715,0.004783433613381439
1986,0.003036464230565143,0.006690508930461589,0.004512572349818379,0.005227840973403712,0.004839098086201132
1987,0.0030425506338612597,0.00687248665997883,0.004252972255048392,0.005349937861944905,0.004807701886052123
1988,0.0030387004113886194,0.006921465190365777,0.004015917207643872,0.005419562392717345,0.0047489484115214075
1989,0.0030405488275225684,0.00684440223910209,0.0039042751751213194,0.005367180968754477,0.004703922637633504
1990,0.003040673878509993,0.0067638704431701654,0.003913580755095569,0.0053598541349452284,0.004700536329712511
1991,0.0030376669860058395,0.00712785971486792,0.0036946640059806963,0.005786846257291037,0.00476282713180042
1992,0.0030430416506089233,0.007713918496990311,0.003376890865515102,0.006061068096813489,0.004885406605957795
1993,0.0029944498199378088,0.008155862835937947,0.002992494874453825,0.006249196575698562,0.004987135415596367
1994,0.0029315273586168686,0.008120598751675187,0.0026937042194404956,0.006188659740976294,0.004979276982120331
1995,0.002900095655249446,0.00803953688140778,0.0024843529973493585,0.006186999246397943,0.004957665128526889
1996,0.0029822770174437354,0.0075054585654038405,0.0026479272837861764,0.00584782424318656,0.004806724693206318
1997,0.0030069200064004914,0.007463859805523175,0.002643057349607313,0.005851160205763889,0.004779416938625179
1998,0.0030221991038363056,0.0070022643706951345,0.0028342726886283576,0.005453596927760567,0.004651432364948692
1999,0.0029685430753128355,0.006961208957768278,0.0031164122632058376,0.005274517363769091,0.004606183615526833
2000,0.002394709975665087,0.006021561398435647,0.003663996411241733,0.00417403075723349,0.004154583815542106
2001,0.0021446029619382506,0.004669892043367442,0.003959606121863435,0.0034309532732460703,0.003737139326223361
2002,0.0018930627503410144,0.0037865821182622023,0.003950716685727729,0.002843555599260743,0.003340545662688415
2003,0.0015633529704693974,0.0031784727818123157,0.003932644913530757,0.0024406879991904877,0.0029684565025425496
2004,0.0013109996485773678,0.002750598724923597,0.003859108105758857,0.002311759252550441,0.0026711141878477626
2005,0.001332285804434692,0.002716319910504649,0.0038461139230835223,0.0023153917910163566,0.002641462472387352
2006,0.0014088741348263073,0.0029894126022450987,0.0038700539740435516,0.0026187039089870514,0.0027807555952756996
2007,0.0016243617965938728,0.0033959256832000366,0.0038753505891735056,0.0029792619344376626,0.0030292357648024214
2008,0.0021471613657641103,0.003972998010271633,0.0038947769531225648,0.0033854515305121982,0.003423712314895715
2009,0.002772520055638121,0.004495299848210516,0.0038454743673419518,0.003608638388428869,0.0037905396602228632
2010,0.0028097543079611317,0.004444278636182296,0.0038318274251151487,0.0033795327804227813,0.0037695281350839547
2011,0.0028092739912220265,0.004361803475913297,0.0038151491754286073,0.0033036522175566947,0.003726878524748325
2012,0.002824242513827507,0.004415437312833563,0.0037379306281227387,0.0033677545323206265,0.003710195071855443
2013,0.0028229218269421315,0.0045061967377528055,0.0037095009099850523,0.003515604723498507,0.0037388830656733055
2014,0.0028267693828350903,0.004635547070834316,0.0036793109534597086,0.003811442346934604,0.0037837099763275285
2015,0.0028104401445241465,0.0048199707225345554,0.0035779698369962764,0.0039032552620668955,0.0038086375133727056
2016,0.0028971682474244337,0.004826594012410262,0.003715034708740366,0.0039936954284151465,0.0038867465244591267
2017,0.0029065681207310064,0.00502263430468992,0.0038158970145165646,0.004260167854737299,0.003998238680905985
2018,0.0029248770656097735,0.005099455109509585,0.0036175028532032445,0.004302421096517935,0.00402409736055392
2019,0.002896599338946054,0.005161430374132502,0.0035088007753483826,0.004344348582649495,0.004050878172794911
2020,0.0028862427753527232,0.005194136525825383,0.0033301841927463427,0.004337587244615002,0.004015185664536635
2021,0.0029042527402899274,0.005323960088213286,0.003225826221885896,0.004359213481052778,0.0040036781789045016
2022,0.002914094560558776,0.004982641809648488,0.0032806135837884476,0.004153863036620223,0.0038877399104408797
2023,0.0027081148381908385,0.005099640922187171,0.0033545524199212525,0.003989792430325476,0.0038304394037219107
2024,0.002003770240533432,0.004312388300641428,0.0035448996326167565,0.003293404765681498,0.003344965296599064
2025,0.001470737952212886,0.003753638480664906,0.0034397065016235837,0.00288645097406652,0.00289058477776631
2026,0.001325409079660108,0.0030729811138657972,0.003262981420190876,0.002437603300043387,0.002583797283373874
2027,0.0012365187225566565,0.0030389380439572317,0.003227014627589104,0.002360247873602037,0.002517016056674083
2028,0.0012032644795552164,0.0027911130717945434,0.0031936229985900775,0.0021974952232963344,0.0024218880413027343
2029,0.0012630645555203694,0.002981977048340106,0.003211988640969878,0.002463238270628029,0.0025127492525987135
2030,0.0013687883747302496,0.0032639594910494393,0.0031242535440752727,0.002834853523022834,0.002641259070092966
2031,0.0016114607305457572,0.003772879177934534,0.003050740116727503,0.0031642097725250637,0.002906303763163929
2032,0.002187554819615027,0.0041173133444587645,0.003073711700859798,0.003404693979711581,0.0031896232958905485
2033,0.0029870570498555754,0.00396608070282413,0.0031415834044975304,0.0033960357017397045,0.003393603641808634
2034,0.003014380719220429,0.0037949563470134414,0.0031762321201093944,0.0033333274539796144,0.003358935258523158
2035,0.0029648652367800887,0.0037600401489848315,0.003192179214401992,0.00328065403772899,0.003339574026102996
2036,0.003056406959152359,0.004233307818399631,0.0031319947616507255,0.0036347434804348644,0.003496692177213119
2037,0.00328568381618688,0.0043877950016191335,0.0031666464002155937,0.0038012621800713616,0.003614665512168247
2038,0.0034167415126940734,0.004541198281433657,0.0031241995596881043,0.0038785400990296284,0.0036823615624688743
2039,0.0033567796261932087,0.0045954708918566475,0.0030760391666791393,0.003928478966633781,0.0036998452868084084
2040,0.003369511803554598,0.004607129594637023,0.003078220162099863,0.003923733652593471,0.0037380498009803725
2041,0.0034052208974274067,0.00505822398638407,0.0029633987980178123,0.004199337844958656,0.0038886508169958004
2042,0.00326626558356169,0.005100426207918173,0.002820135437326156,0.004190860358108677,0.0038349550526906835
2043,0.0032496447237508014,0.005121140951512534,0.0026650171954525253,0.004204842728833258,0.003825642388586032
2044,0.0032255814690089497,0.0052090273450370065,0.002530796212501691,0.00428135606473243,0.0038207772088886763
2045,0.003277155814233755,0.0053721408285292375,0.0024730596221137096,0.004375587030083621,0.003880264262009089
2046,0.0032680515401763946,0.004983727032160517,0.002731475693314645,0.004113553358113337,0.003791410330463663
2047,0.0030731070042286156,0.004604033590576519,0.0029059619674771586,0.003815635973401336,0.003635186266466127
2048,0.0024784538956386334,0.004207538192343351,0.0030820226780011862,0.003447711100886456,0.0033663832604825996
2049,0.001953892780401396,0.0037548541115414035,0.003218349016273045,0.0030270648551352472,0.003047641356056603
2050,0.0014003231485417795,0.0033072028361273097,0.003209654418407689,0.0027456122929849416,0.0026733770704628727
2051,0.001398026460552061,0.0029676309713482715,0.003218673073452882,0.002545002507252226,0.0025809806654363476
2052,0.0014231189597952096,0.0030254612068332403,0.0032573152308916385,0.002563970714389514,0.002582128329233099
2053,0.0014453241557563473,0.0027545430655113667,0.0033616029333876462,0.002312941340003467,0.0025066008403166105
2054,0.0015839409464008468,0.0032124503439185893,0.003633398945517821,0.002700170093549644,0.002800668069657874
2055,0.0018149355161252202,0.0036546358472968215,0.0038529460322535574,0.0030175769172988004,0.003102176621959721
2056,0.002352323980160295,0.004385119288539107,0.0037925442489839495,0.003557803755357879,0.0035245571191541256
2057,0.0030666208649692685,0.004347491555396269,0.0038293401805389047,0.003648438788277561,0.003774727972377565
2058,0.0031796264937662484,0.004512070774196276,0.003790239583279114,0.0037935733771366697,0.003866425606344244
2059,0.0031807711663441275,0.004399877373699157,0.0038172742642003975,0.003718379001981234,0.0038324895794193494
2060,0.003205510253553437,0.004624863165242783,0.003788476461370131,0.0038707825684144983,0.003904297139994578
2061,0.0032068860706705093,0.004741516349273682,0.003752873912861029,0.003963174111278508,0.003941870879937617
2062,0.0031920416885993647,0.004924226544808851,0.0037776286309729574,0.004070496111571438,0.004001370176736957
2063,0.0031037657817773595,0.005811360822175654,0.003588450025718922,0.00464320033517339,0.004246088302073486
2064,0.0030224179160111184,0.005509812944701442,0.0036494669845074843,0.004391714762516625,0.004115595052885067
2065,0.0027462877476006867,0.005329108103394226,0.003638180122988419,0.00416965100315718,0.003955330186693423
2066,0.0026933562130751036,0.00534033672012618,0.003542443205806896,0.004134319967307064,0.003918631215506208
2067,0.002695985641984982,0.005473584902985205,0.0034345779809877536,0.004201292868215526,0.003959805209189962
2068,0.002727868699335524,0.00566863916560782,0.0033452504180712605,0.004341042239361954,0.00401463574681145
2069,0.002805681310612747,0.005666772197432604,0.0033898779972567545,0.004327117146078783,0.0040717968204834615
2070,0.0028057478675572157,0.005054620649327769,0.0036693171853241207,0.00396833501976212,0.00393352833813844
2071,0.002584435823181379,0.005058949322974685,0.0036494703405695094,0.003954210093067411,0.0038424043201028763
2072,0.0017281178496781737,0.0048244695415783296,0.0037230847965108753,0.0037520007383011634,0.0034453612713018582
2073,0.0013149446580741468,0.003751867122127312,0.0038884039278011115,0.0030513842071300677,0.0030285237380114826
2074,0.0011172107933565651,0.003174598359965373,0.0038372793748015525,0.002649656563430566,0.002777632469730557
2075,0.0009315262933370321,0.003041578399842331,0.0037642465211028633,0.002553999883181907,0.002574588264012005
2076,0.0009462710600725556,0.003219302207179732,0.0037471735336727903,0.002753552162310679,0.00267963908315455
2077,0.0010045844207215674,0.003244682429740689,0.0037551117665481936,0.002738082180798797,0.0027179351130874898
2078,0.0011896082882542304,0.0035658153574731704,0.003772140942290693,0.0029830506468582992,0.002917992460558977
2079,0.0018190924486932495,0.00456291365057612,0.0037079948756753136,0.003686207386764469,0.0035218470428354607
2080,0.00199411422198714,0.005091239355925486,0.003615247806839249,0.004108723987993309,0.0037439008977863935
2081,0.0024703395464735402,0.005099434036575207,0.0036324271567973044,0.004185855343713483,0.003937059440337873
2082,0.0026106330384359907,0.0051137706118320235,0.0036327191213365554,0.004208529423557571,0.0039740023285427
2083,0.0025911915424464255,0.00478185062095229,0.0037394437452449416,0.003943448366905666,0.0038705157076953313
2084,0.002622966195020632,0.004814551170540026,0.0037577034099972703,0.0039744967989802866,0.003880182477103847
2085,0.0026313057456209075,0.004520696431597018,0.0037977998494595536,0.0037737486925913033,0.003772072930399045
2086,0.002609185527156356,0.004570622241638783,0.0037785895394315374,0.003764170610335547,0.0037622701451597938
2087,0.002562970279826315,0.004596254980016517,0.0037137859653323018,0.003758493389584845,0.0037341676029223714
2088,0.002514717506455004,0.004475888217133088,0.0037193877358692663,0.003649051328568451,0.003669409774062845
2089,0.0025290515829289447,0.004526682488054768,0.0036302430979311857,0.0036689575504911245,0.0036701485187379417
2090,0.00256799842521197,0.004789524023418977,0.0034937572406704776,0.0038621862518189226,0.00376858347996274
2091,0.002470162055468976,0.004847258065289497,0.0034181757761502386,0.003850859476856435,0.003750682156840936
2092,0.002464655679825584,0.004832257789119307,0.0033821321733649335,0.0038227205497292304,0.0037380605449171935
2093,0.0025181963779795434,0.004787981214507255,0.003400470733425519,0.003803056749944483,0.0037469312494003244
2094,0.002498735511554694,0.004393357056821271,0.0035769432976113648,0.0035143785875334757,0.003629209629262534
2095,0.002460066715216952,0.004246994213832209,0.0037289276823029216,0.0033719842176755913,0.0035906744803352424
2096,0.0024084823926598556,0.004099253463682119,0.0038359423774388564,0.0032349695111548523,0.0035376501673711714
2097,0.0021370667183561957,0.004133088401137108,0.0038243357526842065,0.0032272535206692376,0.0034674066212247623
2098,0.0012953903621682494,0.0038755246266691714,0.00383934323396547,0.0030554074374629157,0.0029759677116754165
2099,0.0014333088269670488,0.003545010219842724,0.003803843260881675,0.002868351088269278,0.002985963811656165
2100,0.0017918585608416452,0.003516281271659076,0.003799528337313309,0.0028839576562315586,0.0031584464600754405
2101,0.002246411670512192,0.003299311112483474,0.0038192857394806065,0.002791394776450447,0.003214890672028118
2102,0.0020284117281708196,0.002924849312278497,0.0038291081654651905,0.0024884467604318404,0.0029512104881642734
2103,0.002039412360850731,0.0032493172670182762,0.003889634512325122,0.0027262594775283207,0.0030882760554984323
2104,0.0019540219544437265,0.003771181806469088,0.003918340722917524,0.0030467814987461127,0.0032417291795064263
2105,0.0026624715679433764,0.004103027159031229,0.003978155229439358,0.0033397406018832038,0.0036102044350191363
2106,0.0027466672982124495,0.0038271206817644954,0.004095419165137292,0.003150842333552319,0.003552236725699379
2107,0.0027350267715840855,0.003852446443486646,0.004101152182751883,0.0031617994465822333,0.003561284057284118
2108,0.0027558494003388605,0.004119021672071621,0.004109271333602536,0.003320552031794009,0.0036718007175849526
2109,0.0027399968240688264,0.004161121191424587,0.0040958479601688426,0.00333861655280789,0.003685851327069792
2110,0.0026859768994807443,0.0042556193508006485,0.004062492168897805,0.0033335330359989595,0.0036996852639497647
2111,0.002756413025663288,0.004026736058692374,0.004039023700710242,0.0032099669279809424,0.0036377970958912757
2112,0.0026338677448292437,0.004168704357396673,0.004032696832048171,0.003278653390161401,0.0036678418400356745
2113,0.00253296795648447,0.0046078319786252014,0.0039609469025285345,0.0035325291516562843,0.003796645179367781
2114,0.002524289658779864,0.004964684638615792,0.003824272905190625,0.0038050710496726264,0.003920247355960372
2115,0.0024583488798295334,0.005123366860490361,0.0037468990687309117,0.003893186484984075,0.003967575116809881
2116,0.00246067617938011,0.005146779268541893,0.0037325954822374947,0.003916619208090224,0.003976257629391807
2117,0.00246637979927343,0.0051756327819251794,0.0037092028372911804,0.00393603399316686,0.003979303992145681
2118,0.002522021313570788,0.004795908916975583,0.0038280624999885533,0.0037842312618602755,0.0038817469745578035
2119,0.002114695312969949,0.004614128376381604,0.0039002517659287466,0.0037339517171429853,0.003690192397401059
2120,0.0018226070783463693,0.003955714690216071,0.00400329991755732,0.003226202490655862,0.0033566034680539264
2121,0.0010075164209408741,0.0036123425721587246,0.0039056391491835854,0.00288113137724147,0.0028867711316198606
2122,0.0007072988068108248,0.002723601754293285,0.003579496194889666,0.0021610061880139144,0.002297586758192146
2123,0.0008097604964762768,0.002768420198165571,0.003429510660555396,0.002327145341773824,0.002352109602523501
2124,0.000601465142502964,0.002488482927940524,0.0032692103587074074,0.002118595089632,0.0020996926752639075
2125,0.0006729140414799254,0.002348846813313934,0.003130622732998712,0.0020300986469671206,0.002079740384590119
2126,0.0007560478182278524,0.002486867505625458,0.003147713728788079,0.0021679884820998106,0.0021345708614701965
2127,0.001012055660599402,0.0028904496628792808,0.0033064266426082014,0.0024447153799787265,0.0024276572502346543
2128,0.0018373178766352865,0.0038193001685156536,0.003419823838534559,0.003182429700001222,0.0031109329908105394
2129,0.0025592974903520405,0.0041925247250812064,0.0036758835011083467,0.0035044445652677105,0.003547433399164378
2130,0.0025850131352551406,0.004292855951258921,0.003832500580735973,0.003566987269666103,0.003641310001116742
2131,0.0026652994628821127,0.004074173486259569,0.003971687876709906,0.003445924266205213,0.0036158497855096577
2132,0.0029041709668687554,0.004449290852266944,0.004012333261229381,0.003705332514407322,0.003843938028638636
2133,0.002899878599225849,0.0046491644919806775,0.004005856605983338,0.0038141680666954844,0.003911342494752616
2134,0.0028924937272866227,0.004853665780872797,0.004001011706783024,0.004015275650774755,0.003977072663632936
2135,0.002886717261420128,0.005100544250884276,0.003984710254896349,0.0041460793062670954,0.004066060345114164
2136,0.002867176427321161,0.0054672353327208855,0.003901279427934421,0.0043600522609118925,0.004181280806735889
2137,0.002725345371920839,0.005178447087061561,0.003978104120873074,0.004145406674976701,0.004073735339711386
2138,0.0025506796176789216,0.00533665685128323,0.0038638680681897385,0.004210958364714164,0.004085384405226064
2139,0.0025242536868894457,0.005297680570051873,0.0037862112789909244,0.004161090269070252,0.004079407441517817
2140,0.0025579992896588967,0.0054309811549724295,0.003783701019512418,0.004248717032048399,0.004125364271712549
2141,0.002571429861785526,0.0057875631215592695,0.003526627395919654,0.0044473909609473285,0.004164679391363095
2142,0.0026697543115797324,0.005485503507125055,0.0035296549891931624,0.004235440975095073,0.004085396693913649
2143,0.0025361719219928894,0.005246956694941426,0.0036076578614865564,0.004042394674187331,0.003966007147796399
2144,0.0017932595286489288,0.004409773031943942,0.003845872031748752,0.0034040789407508588,0.0034999962095646495
2145,0.0009103148787569165,0.0031491190318309937,0.003617481407051073,0.0025559567928407157,0.002602521659761378
2146,0.0006774420360299656,0.0024254702933829597,0.003339017755774846,0.0020783169881653236,0.002136815522504941
2147,0.0005982379277188182,0.0021615103336304524,0.0033023700151540935,0.0018930409641151706,0.0020450830132066194
2148,0.0006052694503116999,0.0021155085798294244,0.0033009935327431724,0.0018387942956345623,0.002035212164397541
2149,0.0006553813474898745,0.0022156824642381697,0.003315932750762104,0.001893942630309675,0.0020868233008066554
2150,0.0007962662196030825,0.002472156352270854,0.003290025249148314,0.002040833537782336,0.002208978390321593
2151,0.0010134649952193023,0.0030627136833480824,0.0032858361081152592,0.0024396187063150288,0.0024987280721380494
2152,0.00149914619041021,0.003453172492372534,0.003510698341285994,0.002698344358838153,0.0028565092368961365
2153,0.0020585445818464797,0.003860527155482632,0.0035336368299916576,0.0030204413897251467,0.0032266577204000148
2154,0.0022321539927741348,0.004099491689532122,0.003687373299349652,0.0031983728395090245,0.003396318357583405
2155,0.002561847690528955,0.004480659489112547,0.003761082730962382,0.003532699622401578,0.0036738496795228072
2156,0.0028574364785933005,0.004677383473739614,0.003701160166184013,0.0037165767873039517,0.0038379063786965167
2157,0.002949425958763511,0.004779044558311471,0.00372140124725417,0.003795048160189149,0.003912893767618524
2158,0.0030655716513774134,0.006212079133249074,0.0029408815424908515,0.004728335285315586,0.004395519200228897
2159,0.0030101988910253828,0.006569613374190691,0.002973035471297971,0.004962140688982331,0.0045122044034078546
2160,0.0030108149523507544,0.007044028575675283,0.0026317685666322893,0.00537911139425371,0.00465485675610668
2161,0.002885550169550204,0.0074679989121254255,0.0019946851412300983,0.005681250727183055,0.004804273362950055
2162,0.002779607160723414,0.007459414992038527,0.0016416363217656492,0.0056757029378768755,0.0047905509671421
2163,0.0028737662179594277,0.007216900317633473,0.002303812395463492,0.005520446123594144,0.004774455577534586
2164,0.0029912677762149935,0.007077034570607946,0.003008343694426938,0.00544869317183331,0.004761463558442877
2165,0.0030669945281310163,0.006970408238493281,0.0029573955963043083,0.005418121917602873,0.004731985770933999
2166,0.0030488669154228646,0.0068268397037441,0.0029581612674766775,0.005185754286048947,0.004658708655244976
2167,0.002499473227663437,0.0066428164359279614,0.002506864003134449,0.004886883779237458,0.004296000916432241
2168,0.0016325696813883149,0.004884507960990135,0.003733170001715049,0.003791031988354082,0.003513124548613241
2169,0.0009284998749460748,0.003694374986388459,0.003953248595609396,0.002919388411123162,0.0028436754176864487
2170,0.0007706927083490865,0.002947751268998665,0.003721848781399094,0.0024166904514025278,0.002454453280080146
2171,0.0007015962738332019,0.0026596908341126346,0.0036900773581215692,0.0021527796108121457,0.002322685073263892
2172,0.0006848313729754516,0.0025019761097278825,0.003626141854782623,0.002016116947219767,0.002268202278464146
2173,0.0007624192569499908,0.0025956014293867964,0.00364528254447134,0.002064328009116314,0.0023578466759245193
2174,0.0008808460136710215,0.0029474466481379173,0.0037074389458993883,0.0023318816329896434,0.0025285770829021645
2175,0.0010621869679591442,0.003645532031513869,0.0037401013063485746,0.0029089148808302203,0.0028646552015753218
2176,0.0016797041122678699,0.004780107956236228,0.003688057927646399,0.0036801626854642173,0.003581213891701751
2177,0.002469483161398767,0.005561383691739061,0.0034434884727889735,0.004192314751322587,0.004096369856246292
2178,0.0025335436394630663,0.005173241630811743,0.0037168808867848193,0.003956025088602923,0.003969213099374489
2179,0.00255604146016681,0.004822032188493031,0.003868841452454785,0.0037128883234381293,0.0038775437337163843
2180,0.0028642648701475188,0.004642056641765461,0.003954240179200797,0.0037307374499857176,0.0039182362952375335
2181,0.002879279417218764,0.004737593644238518,0.003886865919422483,0.0037606096432674222,0.003947842046539458
2182,0.002878464437680751,0.004818809966897511,0.0038377041634091082,0.0037540623096886014,0.003970713564997123
2183,0.0028364943422296805,0.004580422109113185,0.003990511109749811,0.0035939385382473613,0.0038915454012243065
2184,0.002881730529913904,0.004198783011700976,0.0041165021034077045,0.003427547094069185,0.0038146764556667347
2185,0.0028441621914569834,0.005005422723353161,0.003799875618570238,0.003942277867416745,0.004055922382950716
2186,0.002583298737712158,0.006302011338944029,0.003163722681780564,0.004687373594538719,0.00436985563651403
2187,0.002647691652488946,0.006680219550801008,0.002896398317867786,0.0049565746466763965,0.004567847924363107
2188,0.0028045188371920446,0.006726440498161,0.0033271823275733367,0.005065660215740691,0.004704363333628353
2189,0.0028608303692916654,0.0067632254331181,0.003414938493998747,0.005186124136851725,0.004732857969686246
2190,0.0028788351799437,0.006690919427355249,0.00355560638546749,0.005086918824627216,0.004708072896502117
2191,0.0026501768579548736,0.006753066311881047,0.002977513059343333,0.00524797692913936,0.004600825136099155
2192,0.0025210423725698238,0.005810198283227392,0.0033796224704944903,0.004579744362266153,0.004293661550813241
2193,0.0017556574493611697,0.005104981577043358,0.003631368459142334,0.003948264645276206,0.0038213993828881093
2194,0.001295164493532059,0.00450328051238459,0.0038407394964820106,0.0036243378782869606,0.003328185716303734
2195,0.0012762637738055833,0.004029562462169767,0.003931855978102317,0.0033451867254132035,0.003205797772949225
2196,0.001204660481351992,0.003634459140070094,0.004008329396158354,0.002965616047988525,0.00301203850680839
2197,0.0014577877950452704,0.003955733174701843,0.00392481214982063,0.003299228742308916,0.003294676643491248
2198,0.0013621152092319372,0.003921794474887006,0.00395333772297442,0.0033519893651598664,0.003222340609215849
2199,0.0015850193936555964,0.004592814931320423,0.0038032924154278516,0.0038480750532976934,0.003543137024276921
2200,0.002100805768700338,0.005545156892547837,0.00362492702231644,0.004367857835272982,0.00401358538280509
2201,0.002854054392202067,0.006327676729388163,0.003344681142341418,0.004928128808161865,0.004474697530099563
2202,0.00287743863384268,0.005926331563290964,0.003497085955264201,0.0044473093412464295,0.00436549632863614
2203,0.0028752621587756558,0.0050631692868832925,0.0038759154838727875,0.003862116004884579,0.0041034531476011596
2204,0.003003416728199009,0.00469016590248658,0.00401553479332814,0.003631767946444232,0.00401306001165515
2205,0.003182293925963456,0.004789481738367978,0.003964980835742328,0.0037441892121198228,0.004090004177812895
2206,0.0031858411692293675,0.004785719917149899,0.003920588610934231,0.003968780899912632,0.004094091281512936
2207,0.0029548163764473293,0.004923263347588473,0.0038050946931870136,0.004052032578391949,0.00406772965197971
