南部,中部,北部,東部,離島
0.0,0.11943687556766576,0.012795905310300705,,0.11737089201877934
0.0,0.09937935210414775,0.011196417146513116,,0.11032863849765259
0.0,0.09536784741144415,0.009596928982725527,,0.10328638497652583
0.0,0.0952921586436573,0.010739420528288092,,0.08098591549295775
0.0,0.0940811383590675,0.02147884105657618,,0.046948356807511735
0.0,0.08825310323947926,0.08454437437162964,,0.03169014084507042
0.0,0.07818649712382683,0.09139932364500503,,0.04812206572769953
0.0,0.1333636088404481,0.0943698016634677,,0.10211267605633803
0.040740740740740744,0.174084165909779,0.1348140023763824,,0.142018779342723
0.06296296296296296,0.22903421132303964,0.1654327757974591,,0.09859154929577464
0.07037037037037037,0.2529518619436876,0.18257014898089755,,0.06924882629107981
0.06666666666666667,0.26846805933999396,0.2479206653870761,,0.06572769953051642
0.08888888888888889,0.24538298516500154,0.2947628187551412,,0.055164319248826296
0.05925925925925926,0.22903421132303967,0.3601133351613198,,0.04460093896713614
0.06296296296296296,0.17363003330305785,0.3742802303262956,,0.0528169014084507
0.03333333333333333,0.09756282167726309,0.4172379124394479,,0.019953051643192492
0.040740740740740744,0.03451407811080836,0.44374371629649945,,0.004694835680751174
0.037037037037037035,0.003103239479261277,0.42386436340371075,,0.002347417840375587
0.04814814814814815,0.002876173175900696,0.21136093592907415,,0.0
0.044444444444444446,0.0030275507114744175,0.13687048715839503,,0.0
0.040740740740740744,0.006811989100817439,0.041815190567589804,,0.01643192488262911
0.037037037037037035,0.009915228580078714,0.0077689425098254284,,0.01056338028169014
0.06666666666666667,0.037693006357856496,0.00891143405538799,,0.002347417840375587
0.06666666666666667,0.07599152285800786,0.007083447582487889,,0.030516431924882632
0.05185185185185186,0.08704208295488948,0.011424915455625628,,0.06455399061032864
0.04814814814814815,0.09430820466242809,0.00982542729183804,,0.07394366197183098
0.02962962962962963,0.14237057220708446,0.011881912073850653,,0.06338028169014084
0.022222222222222223,0.20208900999091733,0.015080888401425829,,0.08920187793427231
0.018518518518518517,0.2549197699061459,0.04798464491362763,,0.13145539906103287
0.0,0.27187405389040264,0.29156384242756606,,0.16784037558685444
0.0,0.34869815319406605,0.4743624897175761,,0.1619718309859155
0.06296296296296296,0.41825613079019075,0.5280595923590166,,0.17018779342723003
0.3296296296296296,0.47646079321828644,0.5689607896901563,,0.18779342723004694
0.3296296296296296,0.4579927338782925,0.5876976510373824,,0.2734741784037559
0.3333333333333333,0.4570844686648501,0.5657618133625811,,0.33333333333333337
0.3296296296296296,0.46033908567968507,0.5858696645644823,,0.35798122065727705
0.3333333333333333,0.4738873751135331,0.6180879261493465,,0.34507042253521125
0.3148148148148148,0.48758704208295484,0.6370532858056851,,0.346244131455399
0.3296296296296296,0.49318801089918257,0.6427657435334979,,0.33568075117370894
0.28518518518518515,0.503330305782622,0.6226578923315969,,0.37089201877934275
0.25555555555555554,0.4502724795640327,0.6142034548944337,,0.39319248826291076
0.24074074074074073,0.3581592491674236,0.5657618133625811,,0.39319248826291076
0.25555555555555554,0.31372994247653646,0.5419979892148797,,0.41314553990610325
0.32592592592592595,0.32266121707538603,0.5678182981445937,,0.41314553990610325
0.24074074074074073,0.29556463820768997,0.5630198336532309,,0.41431924882629106
0.18148148148148147,0.28504389948531633,0.5577643725436432,,0.39671361502347413
0.23703703703703705,0.27406902815622164,0.5260031075770039,,0.33098591549295775
0.15555555555555556,0.24803209203754162,0.5253176126496665,,0.35798122065727705
0.044444444444444446,0.26930063578564944,0.5493099351064802,,0.3251173708920188
0.05555555555555555,0.24455040871934605,0.5319440636139292,,0.2875586854460094
0.044444444444444446,0.24485316379049352,0.5305730737592542,,0.31690140845070425
0.07037037037037037,0.2836058128973661,0.5296590805228041,,0.2723004694835681
0.04814814814814815,0.3121404783530124,0.5122932090302532,,0.28286384976525825
0.08148148148148149,0.33060853769300635,0.45928160131615026,,0.323943661971831
0.20740740740740743,0.3462004238570996,0.4622520793346129,,0.3650234741784038
0.26296296296296295,0.3933545261883137,0.5264601041952289,,0.3685446009389671
0.26296296296296295,0.46995155918861636,0.5493099351064802,,0.3333333333333333
0.08518518518518518,0.49174992431123227,0.5783292203637692,,0.28286384976525825
0.05925925925925926,0.5127914017559794,0.5776437254364318,,0.31455399061032857
0.1111111111111111,0.5093097184377838,0.5723882643268439,,0.2593896713615023
0.13703703703703704,0.4910687254011504,0.5543368979069555,,0.25938967136150237
0.17407407407407408,0.4847865576748411,0.5730737592541815,,0.29460093896713613
0.12222222222222222,0.48599757795943077,0.5833561831642445,,0.3392018779342723
0.08148148148148149,0.49561005146836207,0.6144319532035463,,0.37558685446009393
0.02962962962962963,0.5000756887677869,0.5883831459647199,,0.3509389671361503
0.018518518518518517,0.49818346957311543,0.5643908235079061,,0.32511737089201875
0.0,0.4822131395700878,0.5655333150534686,,0.2887323943661972
0.022222222222222223,0.44686648501362397,0.5529659080522803,,0.2488262910798122
0.02592592592592593,0.42166212534059944,0.5008682935746275,,0.24178403755868544
0.037037037037037035,0.3592945806842265,0.4766474728087012,,0.2347417840375587
0.037037037037037035,0.2857250983953981,0.492642354446577,,0.2007042253521127
0.14444444444444443,0.2050408719346049,0.46819303537153834,,0.2194835680751174
0.2111111111111111,0.13381774144716924,0.42272187185814825,,0.21361502347417838
0.2962962962962963,0.10551014229488344,0.363312311488895,,0.1807511737089202
0.14444444444444443,0.09377838328792006,0.36034183347043236,,0.16079812206572772
0.21481481481481482,0.08492279745685741,0.3457179416872315,,0.16666666666666669
0.3111111111111111,0.08696639418710263,0.3242391006306553,,0.15727699530516434
0.3,0.0820466242809567,0.40695548852938485,,0.16549295774647887
0.13333333333333333,0.09612473508931275,0.3619413216342199,,0.1995305164319249
0.003703703703703704,0.12541628822282774,0.34091947719586874,,0.1748826291079812
0.2296296296296296,0.12670299727520437,0.4611095877890503,,0.15727699530516429
0.10740740740740741,0.18278837420526794,0.5392560095055297,,0.18661971830985916
0.14444444444444443,0.2507568876778686,0.6020930445114706,,0.1995305164319249
0.06296296296296296,0.4081138359067514,0.6423087469152728,,0.2276995305164319
0.1962962962962963,0.4480775052982138,0.6672150626085367,,0.23122065727699528
0.11851851851851852,0.45761429003935816,0.6829814459373,,0.24061032863849768
0.018518518518518517,0.4710868907054193,0.6752125034274746,,0.23591549295774647
0.040740740740740744,0.48546775658492275,0.6583036285531487,,0.27934272300469487
0.037037037037037035,0.5267181350287617,0.6514486792797733,,0.3392018779342723
0.07777777777777778,0.5297456857402362,0.6375102824239101,,0.37206572769953056
0.02592592592592593,0.5333030578262187,0.6397952655150352,,0.38615023474178406
0.04814814814814815,0.49689676052073867,0.5627913353441184,,0.4025821596244131
0.2296296296296296,0.4877384196185286,0.517548670139841,,0.41079812206572774
0.32222222222222224,0.46866485013623976,0.5054382597568777,,0.42018779342723
0.3333333333333333,0.3872994247653649,0.4026140206562472,,0.3732394366197183
0.3333333333333333,0.34430820466242806,0.5232611278676538,,0.3673708920187793
0.3037037037037037,0.2909476233726915,0.4601955945526003,,0.4025821596244131
0.24074074074074073,0.17325158946412353,0.5202906498491912,,0.41666666666666663
0.23703703703703705,0.18415077202543143,0.5499954300338177,,0.4154929577464789
0.25555555555555554,0.32962458371177716,0.5844986747098072,,0.4025821596244131
0.3111111111111111,0.41704511050560095,0.6235718855680469,,0.397887323943662
0.2814814814814815,0.4494399031183773,0.616488437985559,,0.38028169014084506
0.11851851851851852,0.46132303966091437,0.6425372452243854,,0.34507042253521125
0.24814814814814817,0.48138056312443234,0.6078055022392834,,0.3075117370892018
0.2777777777777778,0.5239933393884348,0.6514486792797733,,0.35563380281690143
0.2777777777777778,0.5219497426581895,0.6507631843524359,,0.4178403755868545
0.2814814814814815,0.5224795640326976,0.6736130152636871,,0.4295774647887324
0.32592592592592595,0.4881168634574628,0.6610456082624989,,0.3908450704225352
0.17037037037037037,0.4769906145927944,0.7174846906132895,,0.35563380281690143
0.2,0.47789887980623674,0.7094872497943515,,0.4002347417840376
0.20740740740740743,0.46881622767181347,0.7295951009962527,,0.33098591549295775
0.15185185185185185,0.4624583711777172,0.7387350333607532,,0.3955399061032863
0.1111111111111111,0.4619285498032092,0.7309660908509277,,0.4295774647887324
0.26666666666666666,0.4601120193763245,0.7426195046156658,,0.426056338028169
0.3333333333333333,0.45708446866485014,0.7323370807056029,,0.4295774647887324
0.32222222222222224,0.4542082954889495,0.72845260945069,,0.4295774647887324
0.2592592592592593,0.45246745382985154,0.6809249611552874,,0.4295774647887324
0.2037037037037037,0.4526945201332122,0.6587606251713737,,0.4295774647887324
0.2925925925925926,0.45473811686345744,0.657161137007586,,0.4284037558685446
0.2740740740740741,0.43914623069936426,0.6279133534411845,,0.4295774647887324
0.2777777777777778,0.4467907962458372,0.6690430490814367,,0.4284037558685446
0.3037037037037037,0.44134120496518314,0.6443652316972854,,0.43075117370892013
0.3037037037037037,0.44240084771419924,0.5815281966913446,,0.4014084507042254
0.32222222222222224,0.44224947017862554,0.5575358742345308,,0.4178403755868545
0.3333333333333333,0.44429306690887077,0.6160314413673339,,0.42723004694835676
0.3333333333333333,0.4475476839237057,0.6176309295311214,,0.43309859154929575
0.3333333333333333,0.4475476839237057,0.6011790512750206,,0.4284037558685446
0.2777777777777778,0.4527702089009991,0.5998080614203455,,0.4295774647887324
0.2777777777777778,0.4504995458673933,0.5483959418700303,,0.4295774647887324
0.3333333333333333,0.44868301544050865,0.644593730006398,,0.42018779342723
0.3333333333333333,0.4487587042082955,0.6391097705876977,,0.4448356807511737
0.3370370370370371,0.430593399939449,0.6560186454620236,,0.45187793427230044
0.2740740740740741,0.43044202240387525,0.6256283703500594,,0.45187793427230044
0.2777777777777778,0.4172721768089615,0.6471072114066356,,0.4530516431924883
0.3333333333333333,0.39411141386618226,0.6400237638241476,,0.4530516431924883
0.28888888888888886,0.40137753557372086,0.6258568686591719,,0.4471830985915493
0.3333333333333333,0.40349682107175294,0.6939493647747006,,0.4424882629107982
0.2222222222222222,0.43218286406297307,0.720912165249977,,0.4389671361502348
0.24074074074074073,0.43082046624280956,0.7065167717758889,,0.41901408450704225
0.2814814814814815,0.4044050862851953,0.6541906589891235,,0.4565727699530517
0.3370370370370371,0.391537995761429,0.6409377570605977,,0.43544600938967143
0.3296296296296296,0.41439600363306084,0.6384242756603601,,0.4530516431924883
0.3333333333333333,0.45874962155616117,0.6123754684215338,,0.4565727699530517
0.3333333333333333,0.4778988798062368,0.6333973128598849,,0.4507042253521127
0.23333333333333334,0.47267635482894343,0.5221186363220912,,0.4507042253521127
0.3333333333333333,0.46798365122615804,0.5095512293209031,,0.4507042253521127
0.32222222222222224,0.4395246745382985,0.41792340736678546,,0.4530516431924883
0.28888888888888886,0.4548894943990312,0.2833379032995156,,0.42136150234741787
0.3037037037037037,0.45776566757493187,0.5257746092678914,,0.43544600938967143
0.3370370370370371,0.4370269452013322,0.5554793894525181,,0.4342723004694835
0.32222222222222224,0.46139872842870117,0.5881546476556073,,0.42136150234741787
0.32222222222222224,0.4582198001816531,0.5840416780915821,,0.3626760563380282
0.2814814814814815,0.47002724795640327,0.6717850287907869,,0.3509389671361503
0.2518518518518518,0.4673024523160763,0.6925783749200256,,0.30985915492957744
0.3333333333333333,0.46049046321525877,0.710629741339914,,0.30985915492957744
0.3333333333333333,0.44224947017862554,0.7065167717758888,,0.30985915492957744
0.3333333333333333,0.44323342415985467,0.6726990220272371,,0.30985915492957744
0.3296296296296296,0.42983651226158043,0.6996618225025135,,0.30985915492957744
0.32592592592592595,0.4310475325461701,0.68023946622795,,0.30985915492957744
0.3333333333333333,0.43854072055706933,0.6925783749200256,,0.3016431924882629
0.32592592592592595,0.4639721465334545,0.6916643816835756,,0.2934272300469484
0.3333333333333333,0.4624583711777172,0.6706425372452245,,0.33685446009389675
0.3185185185185185,0.46450196790796244,0.6699570423178868,,0.4154929577464789
0.3333333333333333,0.48713290947623367,0.6779544831368248,,0.44366197183098594
0.3333333333333333,0.46805933999394495,0.6768119915912622,,0.44366197183098594
0.3370370370370371,0.4346805933999394,0.6599031167169364,,0.44600938967136156
0.32592592592592595,0.37450802300938535,0.6144319532035463,,0.43309859154929575
0.3333333333333333,0.3597487132909476,0.598208573256558,,0.4471830985915493
0.3333333333333333,0.3965334544353618,0.6039210309843707,,0.4448356807511737
0.3333333333333333,0.4219648804117469,0.5502239283429302,,0.38028169014084506
0.3037037037037037,0.4325613079019073,0.5840416780915821,,0.36384976525821594
0.32222222222222224,0.47350893127459887,0.6235718855680468,,0.37441314553990607
0.3333333333333333,0.479412655161974,0.6087194954757335,,0.3145539906103287
0.3333333333333333,0.46874053890402667,0.5854126679462572,,0.2711267605633803
0.3333333333333333,0.4634423251589464,0.5611918471803309,,0.22183098591549297
0.3333333333333333,0.46783227369058433,0.626313865277397,,0.22065727699530513
0.3333333333333333,0.4755525280048441,0.6793254729914998,,0.27816901408450706
0.32222222222222224,0.4590523766273086,0.6765834932821497,,0.27816901408450706
0.3333333333333333,0.4607932182864063,0.6914358833744629,,0.28990610328638494
0.32592592592592595,0.4617771722676355,0.6811534594643999,,0.357981220657277
0.32222222222222224,0.47888283378746593,0.63568229595101,,0.2981220657276995
0.3333333333333333,0.48872237359975773,0.6274563568229595,,0.35798122065727705
0.32592592592592595,0.5157432636996669,0.6519056758979983,,0.3333333333333333
0.3333333333333333,0.5229336966394187,0.6395667672059228,,0.34507042253521125
0.2925925925925926,0.5465485921889192,0.6742985101910246,,0.3368544600938967
0.2777777777777778,0.5527550711474417,0.6832099442464126,,0.2981220657276995
0.28888888888888886,0.5580532848925219,0.6996618225025135,,0.2863849765258216
0.25555555555555554,0.5566151983045715,0.7172561923041769,,0.31924882629107987
0.23703703703703705,0.5612322131395701,0.6498491911159857,,0.31338028169014087
0.1962962962962963,0.5415531335149865,0.6404807604423728,,0.33098591549295775
0.2296296296296296,0.5239176506206479,0.6199159126222467,,0.35446009389671357
0.2296296296296296,0.4920526793823797,0.6116899734941962,,0.24413145539906106
0.1259259259259259,0.4877384196185286,0.6283703500594094,,0.19718309859154928
0.14444444444444443,0.41939146230699365,0.6030070377479206,,0.17018779342723006
0.10370370370370371,0.36073266727217684,0.5918106206014077,,0.1396713615023474
0.1111111111111111,0.3702694520133213,0.5879261493464948,,0.13497652582159625
0.14814814814814814,0.37079927338782925,0.5504524266520427,,0.11737089201877934
0.08148148148148149,0.35967302452316074,0.5289735855954665,,0.12089201877934272
0.0962962962962963,0.3203905540417802,0.5022392834293026,,0.11619718309859155
0.040740740740740744,0.2985165001513776,0.4688785302988758,,0.11267605633802817
0.08148148148148149,0.3035876475930972,0.5125217073393658,,0.12793427230046947
0.08518518518518518,0.3066151983045716,0.5799287085275568,,0.13380281690140844
0.08518518518518518,0.3822282773236451,0.6212869024769218,,0.14788732394366197
0.08518518518518518,0.4173478655767484,0.6340828077872224,,0.2476525821596244
0.037037037037037035,0.44701786254919773,0.6375102824239101,,0.15258215962441313
0.04814814814814815,0.46192854980320924,0.6802394662279498,,0.14084507042253522
0.03333333333333333,0.46911898274296093,0.6765834932821497,,0.142018779342723
0.02962962962962963,0.47668785952164694,0.6710995338634493,,0.19600938967136147
0.02592592592592593,0.466394187102634,0.636139292569235,,0.22887323943661972
0.018518518518518517,0.45519224947017867,0.626770861895622,,0.20657276995305163
0.0,0.4174235543445352,0.6158029430582215,,0.1795774647887324
0.02592592592592593,0.3942627914017559,0.6073485056210584,,0.22417840375586853
0.040740740740740744,0.3338631547078414,0.5922676172196326,,0.2593896713615023
0.08518518518518518,0.2701332122313049,0.5781007220546569,,0.21948356807511735
0.1148148148148148,0.20435967302452315,0.5424549858331048,,0.23591549295774647
0.07037037037037037,0.2094308204662428,0.5737592541815191,,0.2511737089201878
0.05925925925925926,0.1891462306993642,0.6290558449867472,,0.17488262910798122
0.044444444444444446,0.09559491371480472,0.6238003838771593,,0.21948356807511735
0.02592592592592593,0.04753254617014835,0.6178594278402341,,0.14906103286384975
0.011111111111111112,0.05903723887375115,0.5765012338908692,,0.1056338028169014
0.0,0.11368452921586436,0.5721597660177314,,0.09037558685446011
0.0,0.16598546775658493,0.5643908235079061,,0.10680751173708919
0.007407407407407408,0.17665758401453222,0.5038387715930902,,0.1056338028169014
0.018518518518518517,0.19981834695731154,0.5232611278676539,,0.12910798122065728
0.044444444444444446,0.3285649409627611,0.5529659080522803,,0.12910798122065728
0.11851851851851852,0.3871480472297912,0.6046065259117083,,0.142018779342723
0.08148148148148149,0.4430063578564941,0.6041495292934833,,0.18779342723004697
0.0962962962962963,0.4611716621253406,0.5833561831642445,,0.12323943661971831
0.10370370370370371,0.46351801392673325,0.45813910977058775,,0.1255868544600939
0.08518518518518518,0.4551165607023917,0.47870395759071377,,0.11619718309859155
0.1,0.4383893430214957,0.453340645279225,,0.11737089201877933
0.07037037037037037,0.4215864365728126,0.4492276757151997,,0.1443661971830986
0.018518518518518517,0.39986376021798364,0.4325472991499863,,0.1561032863849765
0.02962962962962963,0.2742960944595822,0.37062425738049537,,0.19131455399061034
0.040740740740740744,0.18233424159854678,0.400329037565122,,0.1467136150234742
0.02962962962962963,0.17688465031789283,0.43094781098619866,,0.12206572769953052
0.07407407407407407,0.24538298516500148,0.5022392834293026,,0.12323943661971831
0.12962962962962965,0.25378443838934306,0.518462663376291,,0.1431924882629108
0.1111111111111111,0.2714199212836815,0.5177771684489535,,0.2511737089201878
0.18148148148148147,0.29162882228277326,0.6429942418426103,,0.23474178403755866
0.1851851851851852,0.3339388434756282,0.6695000456996617,,0.29577464788732394
0.28518518518518515,0.3909324856191341,0.6427657435334979,,0.2793427230046948
0.2962962962962963,0.43029064486830154,0.6503061877342108,,0.29225352112676056
0.2962962962962963,0.40455646382076904,0.6491636961886482,,0.323943661971831
0.27037037037037037,0.4058431728731456,0.6363677908783475,,0.3345070422535211
0.2518518518518518,0.44482288828337874,0.618316424458459,,0.2805164319248826
0.3037037037037037,0.4413412049651832,0.6215154007860342,,0.2910798122065728
0.3,0.4371783227369058,0.6329403162416599,,0.3204225352112676
0.3111111111111111,0.44240084771419924,0.7037747920665386,,0.357981220657277
0.3111111111111111,0.43755676657584014,0.7056027785394388,,0.32863849765258213
0.3333333333333333,0.4361943687556766,0.6480212046430857,,0.3767605633802817
0.3296296296296296,0.43982742960944604,0.6480212046430857,,0.3791079812206573
0.2962962962962963,0.45125643354526185,0.6441367333881729,,0.37558685446009393
0.25555555555555554,0.4417196488041174,0.6448222283155105,,0.34272300469483563
0.21481481481481482,0.4284741144414169,0.6279133534411845,,0.3509389671361503
0.28518518518518515,0.45375416288222825,0.6249428754227219,,0.3438967136150235
0.2111111111111111,0.4508779897063276,0.6135179599670962,,0.35563380281690143
0.2814814814814815,0.4439146230699364,0.5534229046705054,,0.31338028169014087
0.3333333333333333,0.4320314865273993,0.5733022575632941,,0.27816901408450706
0.3296296296296296,0.42854980320920383,0.5815281966913445,,0.30985915492957744
0.28518518518518515,0.420829548894944,0.5797002102184443,,0.34272300469483563
0.14074074074074075,0.383363608840448,0.5956950918563202,,0.3215962441314554
0.16666666666666666,0.3467302452316076,0.6034640343661457,,0.2852112676056338
0.24814814814814817,0.3257644565546473,0.5984370715656704,,0.2007042253521127
0.26666666666666666,0.3075234635180139,0.6199159126222467,,0.1643192488262911
0.1962962962962963,0.27444747199515596,0.6210584041678091,,0.16314553990610328
0.26666666666666666,0.29753254617014835,0.6078055022392834,,0.1795774647887324
0.2777777777777778,0.3106267029972752,0.6148889498217713,,0.1936619718309859
0.2222222222222222,0.2994247653648198,0.6059775157663834,,0.22769953051643194
0.23333333333333334,0.24916742355434457,0.5922676172196326,,0.2734741784037559
0.26296296296296295,0.26680290644868304,0.6126039667306461,,0.2805164319248826
0.25555555555555554,0.2576445655464729,0.636139292569235,,0.27816901408450706
0.2592592592592593,0.24053890402664246,0.6690430490814367,,0.31455399061032857
0.2518518518518518,0.2641537995761429,0.653048167443561,,0.3791079812206573
0.2777777777777778,0.27323645171056615,0.6468787130975231,,0.38967136150234744
0.36296296296296293,0.31494096276112626,0.655333150534686,,0.38028169014084506
0.5074074074074074,0.39713896457765663,0.655790147152911,,0.38615023474178406
0.5481481481481482,0.4288525582803512,0.6594461200987113,,0.38967136150234744
0.5814814814814815,0.40735694822888285,0.6631020930445115,,0.4014084507042254
0.5518518518518519,0.41568271268543755,0.666986564299424,,0.3990610328638497
0.5407407407407407,0.4497426581895247,0.6985193309569508,,0.3873239436619718
0.6148148148148148,0.443006357856494,0.691435883374463,,0.39671361502347424
0.9222222222222223,0.4395246745382985,0.6930353715382507,,0.35328638497652576
0.9925925925925927,0.32432636996669695,0.6336258111689973,,0.39319248826291087
0.9518518518518518,0.16598546775658493,0.5886116442738324,,0.39671361502347424
0.9814814814814815,0.05964274901604602,0.5721597660177314,,0.38849765258215957
0.9296296296296296,0.020360278534665453,0.5847271730189196,,0.4014084507042254
0.8444444444444444,0.0007568876778686043,0.6139749565853212,,0.4002347417840376
0.9592592592592594,7.568876778686044e-05,0.6222008957133717,,0.3990610328638497
0.9962962962962962,0.0,0.6505346860433233,,0.3732394366197183
0.9148148148148149,7.568876778686044e-05,0.6420802486061602,,0.28286384976525825
0.9592592592592594,0.011429003935815921,0.6505346860433233,,0.2018779342723005
0.8555555555555555,0.01264002422040569,0.655333150534686,,0.16784037558685447
0.7444444444444445,0.021268543748107785,0.6288273466776346,,0.18661971830985916
0.5444444444444444,0.027399333938843473,0.6347683027145599,,0.34272300469483563
0.7592592592592592,0.05063578564940963,0.6450507266246229,,0.33920187793427226
0.7740740740740741,0.06289736603088103,0.6322548213143222,,0.27699530516431925
0.6111111111111112,0.12571904329397518,0.6032355360570332,,0.215962441314554
0.9111111111111111,0.12132909476233726,0.601407549584133,,0.20657276995305163
0.7888888888888889,0.11065697850438995,0.6034640343661457,,0.29694835680751175
0.7962962962962963,0.15637299424765366,0.6036925326752582,,0.23122065727699528
0.7037037037037037,0.23796548592188918,0.6324833196234348,,0.19600938967136147
0.6111111111111112,0.22403875264910686,0.6160314413673339,,0.31690140845070425
0.4777777777777778,0.19315773539206782,0.5808427017640069,,0.312206572769953
0.37407407407407406,0.15712988192552224,0.546110958778905,,0.23474178403755866
0.26296296296296295,0.08923705722070843,0.46088108947993783,,0.1960093896713615
0.4222222222222222,0.03466545564638208,0.2284983091125126,,0.21361502347417838
0.37407407407407406,0.007720254314259764,0.2163878987295494,,0.2546948356807512
0.4481481481481482,0.004768392370572207,0.15720683666940866,,0.20657276995305163
0.4666666666666667,0.0033303057826218592,0.14646741614112058,,0.11737089201877934
0.4074074074074074,0.0008325764456554648,0.14669591445023306,,0.18544600938967135
0.5259259259259259,0.0015137753557372085,0.1201901105931816,,0.19248826291079812
0.5592592592592592,0.0007568876778686044,0.12178959875696921,,0.1267605633802817
0.5888888888888889,0.0009082652134423251,0.07197696737044146,,0.12206572769953052
0.5481481481481482,0.00045413260672116256,0.06603601133351612,,0.09272300469483569
0.5074074074074074,0.0,0.06397952655150352,,0.07981220657276995
0.41481481481481486,0.0,0.04707065167717758,,0.07511737089201878
0.48148148148148145,0.0,0.04272918380403985,,0.06690140845070422
0.6,0.00015137753557372088,0.06123754684215337,,0.036384976525821594
0.5555555555555556,0.0,0.044328671967827436,,0.025821596244131457
0.6962962962962963,7.568876778686044e-05,0.0345032446759894,,0.015258215962441314
0.7222222222222222,0.0012867090523766272,0.03655972945800201,,0.026995305164319246
0.8037037037037037,0.0,0.08065990311671693,,0.03169014084507042
0.8407407407407408,0.007644565546472903,0.058267068823690704,,0.050469483568075124
0.8074074074074075,0.014683620950650924,0.06100904853304086,,0.044600938967136156
0.7,0.045488949439903115,0.03884471254912713,,0.03755868544600939
0.9888888888888889,0.028913109294580686,0.027876793711726532,,0.02699530516431925
0.7740740740740741,0.04087193460490463,0.02102184443835116,,0.04694835680751174
0.8111111111111111,0.041931577353920675,0.02330682752947628,,0.06690140845070422
0.8,0.028383287920072664,0.02330682752947628,,0.1056338028169014
0.5814814814814815,0.010142294883439299,0.02582030892971392,,0.07394366197183098
0.6333333333333333,0.007190432939751741,0.022621332602138743,,0.03990610328638498
0.5518518518518519,0.011883136542537087,0.029704780184626637,,0.015258215962441314
0.4925925925925926,0.009688162276718136,0.028333790329951564,,0.036384976525821594
0.7814814814814814,0.007266121707538601,0.02376382414770131,,0.017605633802816902
0.7555555555555555,0.0014380865879503482,0.02330682752947628,,0.008215962441314555
0.7777777777777778,0.0,0.04158669225847728,,0.007042253521126761
0.7703703703703704,0.0,0.054839594187003016,,0.01056338028169014
0.8888888888888888,0.0,0.045242665204277485,,0.009389671361502348
0.8555555555555555,0.00037844383893430214,0.0418151905675898,,0.02112676056338028
0.9333333333333333,0.0017408416590977902,0.03198976327575176,,0.02699530516431925
0.9407407407407407,0.005525280048440812,0.029933278493739147,,0.0528169014084507
0.6666666666666666,0.0077959430820466235,0.02147884105657618,,0.05868544600938967
0.6703703703703703,0.006963366636391159,0.02056484782012613,,0.06572769953051644
1.0037037037037038,0.01574326369966697,0.020793346129238645,,0.07629107981220656
1.011111111111111,0.02611262488646685,0.020793346129238645,,0.07629107981220656
1.0148148148148148,0.03829851650015137,0.021935837674801208,,0.09976525821596245
1.0074074074074073,0.04427792915531335,0.026277305547938945,,0.12441314553990611
0.9777777777777777,0.02679382379654859,0.02216433598391372,,0.13615023474178403
1.0074074074074073,0.045488949439903115,0.022621332602138743,,0.1737089201877934
0.9814814814814815,0.06304874356645473,0.021021844438351155,,0.26877934272300474
0.9888888888888889,0.11103542234332425,0.020793346129238645,,0.2758215962441315
1.0074074074074073,0.10853769300635786,0.02056484782012613,,0.2992957746478873
1.0037037037037038,0.04352104147744475,0.02056484782012613,,0.323943661971831
1.0185185185185184,0.0707689978807145,0.02056484782012613,,0.2112676056338028
0.9851851851851852,0.05525280048440812,0.02125034274746367,,0.18075117370892022
1.0185185185185184,0.02528004844081138,0.021478841056576183,,0.21361502347417838
1.0222222222222221,0.014683620950650922,0.02056484782012613,,0.1431924882629108
0.6814814814814815,0.017181350287617317,0.02056484782012613,,0.08568075117370891
1.0,0.058885861338177414,0.021478841056576183,,0.14671361502347416
0.9296296296296296,0.04632152588555858,0.02376382414770131,,0.15610328638497656
0.7555555555555555,0.09847108689070543,0.023078329220363767,,0.15023474178403756
0.6592592592592592,0.13480169542839843,0.02056484782012613,,0.13497652582159625
0.41481481481481486,0.26211020284589764,0.021707339365688694,,0.13732394366197184
0.3037037037037037,0.30782621858916137,0.13732748377662005,,0.17018779342723003
0.3,0.11542537087496216,0.4435152179873869,,0.3039906103286385
0.5222222222222223,0.2175295186194369,0.419065898912348,,0.363849765258216
0.42592592592592593,0.33197093551316986,0.5744447491088566,,0.3356807511737089
0.24814814814814817,0.4355888586133818,0.6642445845900741,,0.2875586854460094
0.3703703703703704,0.5358764759309719,0.6756695000456997,,0.27230046948356806
0.36296296296296293,0.5431425976385105,0.7060597751576638,,0.22535211267605634
0.3185185185185185,0.526566757493188,0.6973768394113884,,0.18544600938967137
0.36666666666666664,0.5078716318498334,0.700347317429851,,0.16666666666666666
0.5222222222222223,0.5112776264002422,0.6987478292660634,,0.28169014084507044
0.1962962962962963,0.5102179836512262,0.6948633580111507,,0.27699530516431925
0.03333333333333333,0.5295943082046625,0.6793254729914998,,0.28169014084507044
0.007407407407407408,0.529821374508023,0.6770404899003747,,0.26643192488262907
0.0,0.5185437481077808,0.6772689882094872,,0.25704225352112675
0.007407407407407408,0.5356494096276113,0.6644730828991865,,0.289906103286385
0.011111111111111112,0.5336815016651528,0.6774974865185999,,0.28286384976525825
0.0,0.5333787465940054,0.6788684763732749,,0.25234741784037557
0.014814814814814815,0.5187708144111415,0.672699022027237,,0.29225352112676056
0.06296296296296296,0.5019679079624584,0.6580751302440362,,0.2746478873239437
0.011111111111111112,0.4558734483802604,0.6608171099533863,,0.3497652582159624
0.03333333333333333,0.38994853163790494,0.6571611370075862,,0.31572769953051644
0.011111111111111112,0.3508174386920981,0.6356822959510099,,0.26877934272300474
0.014814814814814815,0.34620042385709965,0.6413947536788228,,0.26877934272300474
0.02592592592592593,0.3502119285498032,0.6137464582762088,,0.29694835680751175
0.022222222222222223,0.357932182864063,0.608947993784846,,0.2758215962441315
0.13333333333333333,0.4247653648198607,0.6068915090028334,,0.25
0.16296296296296298,0.3880563124432334,0.5952380952380952,,0.2652582159624413
0.3370370370370371,0.3497577959430821,0.5609633488712185,,0.3016431924882629
0.3333333333333333,0.4866787768695125,0.5438259756877799,,0.43075117370892013
0.3111111111111111,0.5079473206176204,0.5294305822136915,,0.4295774647887324
0.537037037037037,0.5161217075386013,0.4825884288456265,,0.4424882629107982
0.5,0.510823493793521,0.5042957682113153,,0.27816901408450706
0.4444444444444444,0.5148349984862246,0.5534229046705054,,0.2758215962441315
0.562962962962963,0.5199818346957311,0.6217438990951466,,0.29577464788732394
0.41481481481481486,0.5289887980623675,0.6336258111689973,,0.3145539906103287
0.6777777777777778,0.5303511958825311,0.6493921944977606,,0.31572769953051644
0.6481481481481481,0.5360278534665456,0.6786399780641622,,0.30985915492957744
0.8222222222222222,0.5261883136542538,0.6663010693720867,,0.3204225352112676
0.8666666666666667,0.5252043596730246,0.6829814459373001,,0.27934272300469487
0.8481481481481481,0.5320163487738419,0.6854949273375376,,0.2605633802816901
0.7592592592592592,0.529215864365728,0.6674435609176491,,0.2593896713615023
0.8592592592592593,0.5214956100514684,0.6962343478658258,,0.2605633802816901
0.9777777777777777,0.5171056615198304,0.7008043140480761,,0.2605633802816901
0.8888888888888888,0.4820617620345141,0.7014898089754137,,0.2605633802816901
0.9518518518518518,0.4763094156827127,0.7026323005209762,,0.2605633802816901
0.9925925925925927,0.4721465334544353,0.701261310666301,,0.2605633802816901
0.9777777777777777,0.4751740841659098,0.7021753039027512,,0.25586854460093894
0.9814814814814815,0.47078413563427185,0.701261310666301,,0.2593896713615023
1.0148148148148148,0.47971541023312136,0.6407092587514852,,0.25704225352112675
0.8851851851851852,0.4735846200423858,0.6381957773512476,,0.2593896713615023
0.9481481481481482,0.4775961247350893,0.6386527739694726,,0.2605633802816901
0.8444444444444444,0.2632455343627006,0.6594461200987113,,0.28169014084507044
0.9629629629629629,0.26082349379352104,0.7318800840873778,,0.4014084507042254
0.9592592592592594,0.25938540720557074,0.7679828169271548,,0.4014084507042254
1.0185185185185184,0.2518922191946715,0.7755232611278677,,0.3955399061032863
1.011111111111111,0.22661217075386011,0.7736952746549676,,0.4014084507042254
0.7703703703703704,0.22789887980623677,0.7656978338360295,,0.4014084507042254
0.6888888888888889,0.31244323342415986,0.7643268439813545,,0.4014084507042254
0.5444444444444444,0.4891008174386921,0.7398775249063158,,0.4014084507042254
0.2740740740740741,0.5149106872540116,0.7561009048533041,,0.4014084507042254
0.2777777777777778,0.5380714501967908,0.754272918380404,,0.392018779342723
0.037037037037037035,0.545034816833182,0.7465039758705786,,0.3990610328638498
0.05555555555555555,0.5620647895852255,0.7494744538890412,,0.39671361502347413
0.05925925925925926,0.5360278534665456,0.7323370807056028,,0.4002347417840376
0.0,0.47388737511353324,0.710629741339914,,0.4014084507042254
0.1111111111111111,0.46775658492279754,0.6868659171922127,,0.39671361502347413
0.28518518518518515,0.4529972752043597,0.6226578923315967,,0.4014084507042254
0.007407407407407408,0.45239176506206474,0.6955488529384883,,0.39319248826291076
0.1925925925925926,0.4392976082349379,0.7024038022118637,,0.4014084507042254
0.15555555555555556,0.41530426884650323,0.663330591353624,,0.4025821596244131
0.05555555555555555,0.3712534059945504,0.7021753039027512,,0.39671361502347413
0.05555555555555555,0.41394187102633967,0.7076592633214515,,0.4014084507042254
0.16666666666666666,0.42900393581592494,0.7062882734667764,,0.397887323943662
0.16296296296296298,0.40463215258855584,0.709715748103464,,0.4014084507042254
0.0,0.34120496518316684,0.7167991956859519,,0.39671361502347424
0.018518518518518517,0.35134726006660616,0.7218261584864272,,0.4014084507042254
0.0,0.45693309112927644,0.717256192304177,,0.39671361502347424
0.037037037037037035,0.47403875264910683,0.7451329860159034,,0.4002347417840376
0.3,0.46662125340599453,0.7469609724888036,,0.3955399061032863
0.36296296296296293,0.5116560702391765,0.7410200164518783,,0.3826291079812207
0.4481481481481482,0.522782319103845,0.7547299149986291,,0.3767605633802817
0.3296296296296296,0.5248259158340902,0.7620418608902293,,0.36032863849765256
0.42962962962962964,0.5315622161671208,0.7592998811808793,,0.3474178403755869
0.6555555555555556,0.5523009385407206,0.7782652408372178,,0.38615023474178406
0.7185185185185186,0.5524523160762943,0.7940316241659812,,0.3732394366197183
0.7407407407407408,0.5453375719043294,0.782835207019468,,0.3955399061032863
0.8333333333333334,0.5776566757493188,0.7965451055662188,,0.39201877934272295
0.9296296296296296,0.5818195579775961,0.7762087560552051,,0.3908450704225352
0.9481481481481482,0.5778837420526794,0.782835207019468,,0.39436619718309857
0.974074074074074,0.5718286406297305,0.7835207019468055,,0.3497652582159624
0.837037037037037,0.5607780805328489,0.7750662645096427,,0.3626760563380282
0.9703703703703704,0.5653950953678474,0.7620418608902293,,0.3673708920187793
0.9296296296296296,0.5165758401453224,0.7506169454346038,,0.32981220657277
0.7222222222222222,0.46442627914017554,0.7455899826341286,,0.39201877934272295
0.9555555555555556,0.47532546170148343,0.743533497852116,,0.3744131455399061
0.7259259259259259,0.47971541023312136,0.7387350333607532,,0.33098591549295775
0.21851851851851853,0.5052225249772935,0.7199981720135271,,0.3849765258215962
0.07037037037037037,0.5101422948834393,0.7302805959235902,,0.3685446009389672
0.24074074074074073,0.4723735997577959,0.737821040124303,,0.2992957746478873
0.5444444444444444,0.528761731759007,0.754272918380404,,0.22065727699530513
0.6666666666666666,0.5265667574931879,0.7704962983273923,,0.22417840375586853
0.6666666666666666,0.5401907356948229,0.7478749657252536,,0.3204225352112676
0.4851851851851852,0.549878897971541,0.7529019285257289,,0.2828638497652582
0.2777777777777778,0.5653950953678474,0.7561009048533041,,0.21361502347417838
0.26666666666666666,0.5850741749924311,0.753815921762179,,0.20305164319248825
0.21851851851851853,0.5803814713896458,0.7510739420528288,,0.23004694835680753
0.37407407407407406,0.5728125946109597,0.7746092678914176,,0.23708920187793428
0.36296296296296293,0.585603996366939,0.7700393017091675,,0.25586854460093894
0.49629629629629635,0.5935513169845594,0.7613563659628919,,0.23004694835680753
0.27037037037037037,0.5874962155616107,0.7672973219998172,,0.20892018779342725
0.42592592592592593,0.5828035119588253,0.780550223928343,,0.22065727699530513
0.37407407407407406,0.5812897366030881,0.7695823050909424,,0.21830985915492956
0.43703703703703706,0.5675900696336663,0.7752947628187551,,0.29225352112676056
0.5481481481481482,0.5621404783530124,0.7791792340736678,,0.29812206572769956
0.4740740740740741,0.5862851952770209,0.7835207019468056,,0.2007042253521127
0.8518518518518519,0.5599455040871935,0.7759802577460927,,0.1807511737089202
0.6703703703703703,0.5522252497729337,0.7670688236907046,,0.16901408450704225
0.7407407407407408,0.5448077505298213,0.7933461292386436,,0.16314553990610328
0.737037037037037,0.5487435664547381,0.7739237729640801,,0.14671361502347416
0.8,0.49341507720254313,0.7608993693446668,,0.18896713615023475
0.8962962962962964,0.49280956706024825,0.7517594369801662,,0.19131455399061034
0.8444444444444444,0.5086285195277022,0.7563294031624167,,0.19131455399061031
0.837037037037037,0.5093854072055707,0.7451329860159035,,0.22183098591549297
0.7481481481481481,0.5067363003330306,0.6930353715382506,,0.22652582159624415
0.41481481481481486,0.5640326975476839,0.7579288913262041,,0.14906103286384975
0.42962962962962964,0.5946866485013624,0.7526734302166164,,0.14319248826291078
0.36666666666666664,0.5912049651831668,0.7604423727264419,,0.1643192488262911
0.4592592592592592,0.5962761126248864,0.7698108034000548,,0.3028169014084507
0.22592592592592592,0.6076294277929155,0.7209121652499771,,0.22417840375586853
0.18888888888888888,0.6057372085982441,0.7234256466502148,,0.31690140845070425
0.34814814814814815,0.60679685134726,0.7206836669408647,,0.3274647887323944
0.6296296296296297,0.5998334847108688,0.7323370807056028,,0.35328638497652576
0.8222222222222222,0.6033908567968513,0.7526734302166164,,0.38967136150234744
0.6148148148148148,0.6232213139570089,0.7357645553422905,,0.38967136150234744
0.537037037037037,0.6217832273690583,0.7577003930170917,,0.4014084507042254
0.9296296296296296,0.6223130487435665,0.7412485147609907,,0.3990610328638497
0.9555555555555556,0.6196639418710264,0.7439904944703409,,0.397887323943662
1.0148148148148148,0.6148198607326674,0.753815921762179,,0.4014084507042254
1.0,0.6168634574629126,0.7414770130701033,,0.4002347417840376
0.9925925925925927,0.622010293672419,0.7426195046156658,,0.3732394366197183
0.9703703703703704,0.6207235846200424,0.7236541449593273,,0.3274647887323944
0.9962962962962962,0.6049803209203753,0.6877799104286628,,0.33098591549295775
0.8333333333333334,0.5987738419618529,0.6960058495567133,,0.3028169014084507
0.6037037037037036,0.5928701180744778,0.6742985101910245,,0.31690140845070425
0.6666666666666666,0.5948380260369361,0.6742985101910246,,0.32511737089201875
0.9703703703703704,0.5858310626702997,0.6685860524632118,,0.27582159624413144
1.011111111111111,0.573796548592189,0.6873229138104378,,0.284037558685446
1.0074074074074073,0.5610808356039964,0.6569326386984736,,0.27699530516431925
1.0074074074074073,0.5971086890705419,0.6546476556073485,,0.31338028169014087
1.0074074074074073,0.5972600666061157,0.6916643816835755,,0.3122065727699531
1.0074074074074073,0.5909022101120194,0.7021753039027512,,0.36619718309859156
1.0148148148148148,0.5856039963669392,0.7003473174298509,,0.33920187793427226
1.0185185185185184,0.6018770814411142,0.7515309386710538,,0.32511737089201875
0.9481481481481482,0.6005903723887375,0.745818480943241,,0.31338028169014087
0.8481481481481481,0.5832576445655464,0.7311945891600402,,0.3438967136150235
1.0074074074074073,0.588934302149561,0.7165706973768394,,0.34507042253521125
0.9666666666666667,0.5879503481683318,0.6786399780641622,,0.30985915492957744
1.0,0.590599455040872,0.7138287176674893,,0.35563380281690143
0.974074074074074,0.5722827732364517,0.7259391280504525,,0.4565727699530517
1.0185185185185184,0.588934302149561,0.6923498766109132,,0.43309859154929575
1.0074074074074073,0.5886315470784136,0.6409377570605977,,0.4612676056338028
1.011111111111111,0.568346957311535,0.6368247874965727,,0.45892018779342725
1.0148148148148148,0.5349682107175295,0.5515949181976054,,0.44835680751173707
1.011111111111111,0.5090069633666364,0.4960698290832648,,0.38849765258215957
1.0185185185185184,0.4735846200423858,0.5678182981445937,,0.33920187793427226
0.7333333333333333,0.4726763548289433,0.5264601041952289,,0.36619718309859156
0.7333333333333333,0.4737359975779595,0.38250616945434607,,0.3380281690140845
1.0,0.4468664850136239,0.3818206745270085,,0.32981220657276994
1.011111111111111,0.43490765970330003,0.44968467233342474,,0.2981220657276995
1.0037037037037038,0.5126400242204057,0.5570788776163056,,0.2758215962441315
1.011111111111111,0.507039055404178,0.6317978246960972,,0.2852112676056338
1.0074074074074073,0.4896306388132001,0.6075770039301709,,0.33098591549295775
1.0148148148148148,0.49689676052073867,0.688693903665113,,0.3497652582159624
1.0148148148148148,0.5198304571601574,0.6784114797550498,,0.40727699530516437
1.011111111111111,0.520587344838026,0.6861804222648753,,0.4448356807511737
0.9962962962962962,0.5477596124735089,0.707430765012339,,0.4014084507042254
1.0074074074074073,0.5490463215258855,0.7110867379581391,,0.4154929577464789
0.9888888888888889,0.5519224947017862,0.700804314048076,,0.4084507042253521
1.011111111111111,0.5544959128065395,0.7298235993053652,,0.4061032863849765
0.8888888888888888,0.5459430820466243,0.7186271821588521,,0.4284037558685446
0.8851851851851852,0.5452618831365424,0.7229686500319898,,0.43309859154929575
1.0185185185185184,0.49485316379049343,0.7151997075221644,,0.43075117370892013
1.0074074074074073,0.47547683923705725,0.6103189836395211,,0.4448356807511737
1.0185185185185184,0.468513472600666,0.6123754684215337,,0.45422535211267606
0.9,0.4018316681804421,0.6553331505346861,,0.44953051643192493
1.0185185185185184,0.27255525280048437,0.4892148798098894,,0.44014084507042256
0.9925925925925927,0.1422948834392976,0.3304085549766932,,0.4589201877934272
0.9629629629629629,0.1417650620647896,0.3018462663376291,,0.4507042253521127
1.0148148148148148,0.22646079321828644,0.4124394479480852,,0.4565727699530517
1.0074074074074073,0.25378443838934306,0.5913536239831826,,0.4284037558685446
0.974074074074074,0.2356191341204965,0.6663010693720867,,0.44014084507042256
0.9666666666666667,0.28534665455646385,0.6758979983548121,,0.3650234741784038
1.011111111111111,0.30525280048440806,0.6066630106937209,,0.3321596244131455
1.0148148148148148,0.24091734786557675,0.3384059957956311,,0.31924882629107987
1.0074074074074073,0.19648804117468965,0.2833379032995156,,0.2969483568075117
1.0148148148148148,0.23811686345746289,0.2703134996801023,,0.31455399061032857
1.0,0.3216772630941568,0.371309752307833,,0.4096244131455399
0.7555555555555555,0.34029669996972445,0.5257746092678913,,0.4084507042253521
0.6555555555555556,0.3370420829548895,0.5602778539438807,,0.3615023474178404
0.6555555555555556,0.397517408416591,0.6199159126222467,,0.4225352112676056
0.6666666666666666,0.46268543748107777,0.6473357097157482,,0.3873239436619718
0.5259259259259259,0.4990917347865577,0.6688145507723242,,0.38262910798122063
0.5925925925925926,0.509763851044505,0.6987478292660635,,0.4014084507042254
0.4111111111111111,0.507568876778686,0.689607896901563,,0.34389671361502344
0.2037037037037037,0.5214199212836814,0.6443652316972854,,0.44131455399061026
0.23703703703703705,0.5131698455949137,0.6041495292934832,,0.41784037558685444
0.2111111111111111,0.5034816833181955,0.5317155653048168,,0.323943661971831
0.4777777777777778,0.40955192249470174,0.5024677817384151,,0.3122065727699531
0.49629629629629635,0.0902966999697245,0.455168631752125,,0.352112676056338
0.28518518518518515,0.13328792007266124,0.47390549309935104,,0.3544600938967137
0.1,0.15448077505298213,0.4115254547116351,,0.4119718309859155
0.0925925925925926,0.13646684831970934,0.48555890686408915,,0.3392018779342723
0.2518518518518518,0.04382379654859219,0.49858331048350246,,0.2723004694835681
0.26666666666666666,0.005979412655161973,0.5180056667580659,,0.28169014084507044
0.36296296296296293,0.0014380865879503482,0.44968467233342474,,0.22065727699530513
0.3148148148148148,0.0,0.19011059318161047,,0.20305164319248825
0.27037037037037037,0.0,0.14875239923224567,,0.17840375586854457
0.10740740740740741,0.0,0.11539164610181883,,0.18544600938967137
0.22592592592592592,0.0,0.05598208573256558,,0.2007042253521127
0.4074074074074074,0.0,0.04250068549492734,,0.12206572769953052
0.5407407407407407,0.0,0.04135819394936477,,0.07394366197183098
0.6481481481481481,0.0,0.03039027511196417,,0.04107981220657277
0.7148148148148148,7.568876778686044e-05,0.028562288639064067,,0.057511737089201875
0.5407407407407407,0.012185891613684528,0.029476281875514116,,0.06690140845070422
0.637037037037037,0.034741144414168944,0.04821314322274015,,0.11502347417840375
0.3148148148148148,0.03353012412957917,0.03473174298510191,,0.13380281690140844
0.1962962962962963,0.0707689978807145,0.035874234530664476,,0.12910798122065728
0.16666666666666666,0.08446866485013624,0.021021844438351155,,0.1396713615023474
0.14444444444444443,0.15432939751740843,0.02125034274746367,,0.1255868544600939
0.16666666666666666,0.26725703905540416,0.29544831368247876,,0.09507042253521127
0.08518518518518518,0.280351195882531,0.27785394388081525,,0.07042253521126761
0.12962962962962965,0.19247653648198604,0.09734027968193035,,0.057511737089201875
0.13703703703703704,0.2977596124735089,0.05209761447765286,,0.06455399061032864
0.2037037037037037,0.25719043293975175,0.04410017365871492,,0.12089201877934273
0.2962962962962963,0.23433242506811988,0.022392834293026232,,0.09976525821596245
0.08888888888888889,0.15364819860732667,0.02125034274746367,,0.08215962441314555
0.05925925925925926,0.10876475930971843,0.021478841056576183,,0.09976525821596245
0.08888888888888889,0.07220708446866485,0.0253633123114889,,0.04929577464788732
0.06296296296296296,0.04669996972449289,0.024220820765926333,,0.030516431924882632
0.08888888888888889,0.061156524371783226,0.027876793711726532,,0.03990610328638498
0.08518518518518518,0.11095973357553739,0.027191298784388997,,0.07042253521126761
0.07407407407407407,0.13926733272782318,0.07974590988026688,,0.20539906103286387
0.06666666666666667,0.27361489554950047,0.16908874874325927,,0.2875586854460094
0.08518518518518518,0.43407508325764455,0.2986472900100539,,0.3732394366197183
0.044444444444444446,0.4871329094762337,0.3116716936294672,,0.3814553990610329
0.03333333333333333,0.528761731759007,0.2947628187551412,,0.3791079812206573
0.011111111111111112,0.53254617014835,0.30184626633762907,,0.3380281690140845
0.22592592592592592,0.5487435664547382,0.2872223745544283,,0.31338028169014087
0.7777777777777778,0.5416288222827732,0.3109861987021296,,0.29812206572769956
0.9037037037037037,0.5613079019073569,0.33886299241385615,,0.2805164319248826
0.9592592592592594,0.5778837420526793,0.3685677725984828,,0.31690140845070425
0.9888888888888889,0.5865879503481682,0.345489443378119,,0.3814553990610328
0.9703703703703704,0.5896911898274296,0.34114797550498127,,0.3849765258215962
1.0037037037037038,0.5669845594913715,0.33931998903208116,,0.4178403755868545
1.0074074074074073,0.5436724190130184,0.43711726533223655,,0.4284037558685446
0.9962962962962962,0.5302755071147442,0.5141211955031533,,0.4530516431924883
1.0148148148148148,0.5288374205267938,0.5148066904304908,,0.4342723004694835
0.9777777777777777,0.47411444141689374,0.508637236084453,,0.44600938967136156
1.0148148148148148,0.4286254919769907,0.5470249520153552,,0.38849765258215957
1.0,0.45927944293066914,0.5486244401791427,,0.35680751173708924
0.9888888888888889,0.4373297002724796,0.4085549766931725,,0.323943661971831
1.0148148148148148,0.4481531940660006,0.5054382597568778,,0.323943661971831
1.0074074074074073,0.48887375113533144,0.537656521341742,,0.3392018779342723
0.7444444444444445,0.4755525280048441,0.5138926971940407,,0.3650234741784038
0.5185185185185186,0.4688919164396004,0.49378484599213973,,0.3908450704225352
0.5222222222222223,0.47986678776869507,0.5244036194132163,,0.35563380281690143
0.6185185185185186,0.5045413260672116,0.5351430399415045,,0.34507042253521125
0.7851851851851852,0.5108234937935211,0.500639795265515,,0.26877934272300474
0.837037037037037,0.4790342113230397,0.4873868933369893,,0.30985915492957744
0.8333333333333334,0.51301846805934,0.5253176126496665,,0.26291079812206575
0.9037037037037037,0.5538904026642446,0.5371995247235171,,0.26173708920187794
0.8444444444444444,0.5626702997275205,0.6100904853304087,,0.26877934272300474
0.8962962962962964,0.5526793823796549,0.6253998720409468,,0.2488262910798122
0.8851851851851852,0.560172570390554,0.6592176217895986,,0.22417840375586856
0.8222222222222222,0.5857553739025129,0.7094872497943516,,0.2323943661971831
0.8074074074074075,0.5912806539509537,0.645964719861073,,0.24647887323943662
0.8888888888888888,0.6014986376021798,0.5186911616854035,,0.27934272300469487
0.9777777777777777,0.5891613684529217,0.31372817841147976,,0.2793427230046948
0.9962962962962962,0.5600968816227673,0.2438076958230509,,0.25586854460093894
0.9888888888888889,0.5828792007266121,0.19011059318161044,,0.26291079812206575
0.9518518518518518,0.4952316076294278,0.1862261219266977,,0.2523474178403756
0.9592592592592594,0.48584620042385707,0.20062151540078604,,0.2605633802816901
0.9481481481481482,0.46646987587042077,0.17548670139840966,,0.24530516431924881
0.9518518518518518,0.5012867090523767,0.1416689516497578,,0.23708920187793425
0.9962962962962962,0.5232364517105662,0.12338908692075681,,0.2300469483568075
0.9629629629629629,0.5025734181047532,0.12933004295768213,,0.22887323943661972
0.8333333333333334,0.3593702694520133,0.1361849922310575,,0.24061032863849768
0.8740740740740741,0.3188010899182561,0.11402065624714379,,0.23826291079812204
0.9925925925925927,0.3814713896457766,0.1343570057581574,,0.23591549295774647
0.9703703703703704,0.4355131698455949,0.11676263595649392,,0.25234741784037557
0.9185185185185184,0.4933393884347563,0.10945069006489352,,0.24882629107981222
0.8962962962962964,0.44732061762034514,0.09688328306370532,,0.24882629107981222
0.8111111111111111,0.4317287314562519,0.23672424824056304,,0.23591549295774647
0.7962962962962963,0.4758552830759915,0.4307193126770862,,0.19131455399061031
0.6777777777777778,0.47494701786254917,0.42180787862169816,,0.1936619718309859
0.5444444444444444,0.5335301241295791,0.41540992596654785,,0.18661971830985916
0.4703703703703703,0.5336815016651528,0.31578466319349235,,0.17018779342723003
0.3296296296296296,0.5220254314259763,0.2792249337354904,,0.181924882629108
0.21481481481481482,0.4927338782924614,0.24677817384151357,,0.17723004694835678
0.2814814814814815,0.48561913412049645,0.20313499680102368,,0.17723004694835684
0.24814814814814817,0.5005298213745081,0.24449319075038842,,0.18427230046948356
0.35185185185185186,0.5279291553133515,0.23581025500411296,,0.17488262910798122
0.20740740740740743,0.5082500756887678,0.15766383328763367,,0.16784037558685444
0.13333333333333333,0.43225855283075987,0.10076775431861804,,0.1643192488262911
0.2777777777777778,0.3598244020587345,0.060323553605703316,,0.1619718309859155
0.4592592592592592,0.2817892824704814,0.05278310940499041,,0.18544600938967137
0.6407407407407407,0.2931425976385104,0.05369710264144045,,0.21830985915492956
0.6444444444444445,0.30964274901604605,0.062151540078603414,,0.18075117370892022
0.5,0.292839842567363,0.06695000456996619,,0.19718309859154928
0.4,0.30305782621858923,0.07403345215245408,,0.22535211267605634
0.14444444444444443,0.3446109597335756,0.08065990311671693,,0.22183098591549297
0.15185185185185185,0.351422948834393,0.08454437437162965,,0.22887323943661972
0.14074074074074075,0.3590675143808659,0.0891143405538799,,0.21830985915492956
0.2814814814814815,0.34635180139267335,0.09825427291838039,,0.3262910798122066
0.37777777777777777,0.33287920072661215,0.10945069006489351,,0.31924882629107987
0.8925925925925926,0.3625491976990615,0.0964262864454803,,0.31338028169014087
0.9370370370370371,0.463669391462307,0.1252170733936569,,0.3345070422535211
0.9518518518518518,0.5494247653648198,0.33817749748651854,,0.30985915492957744
0.925925925925926,0.5738722373599757,0.4122109496389727,,0.2605633802816901
0.8925925925925926,0.580230093854072,0.4240928617128233,,0.22887323943661972
0.9851851851851852,0.5886315470784137,0.4510556621880998,,0.1936619718309859
0.9222222222222223,0.5971843778383288,0.500639795265515,,0.1936619718309859
0.9074074074074074,0.6020284589766878,0.5216616397038661,,0.21713615023474175
0.8296296296296297,0.6028610354223434,0.5792432136002194,,0.25
0.9185185185185184,0.5911292764153799,0.6631020930445114,,0.24295774647887325
0.9037037037037037,0.5594156827126855,0.5618773421076685,,0.25821596244131456
0.8962962962962964,0.44103844989403573,0.41243944794808524,,0.2488262910798122
0.8851851851851852,0.3478655767484105,0.21341742071108674,,0.21596244131455397
0.8111111111111111,0.2994247653648198,0.18668311854492275,,0.18779342723004694
0.837037037037037,0.20435967302452315,0.18165615574444746,,0.1807511737089202
0.9814814814814815,0.10838631547078414,0.18668311854492275,,0.15727699530516434
0.8777777777777778,0.09112927641537996,0.20450598665569877,,0.17723004694835684
0.8555555555555555,0.06993642143505904,0.16840325381592178,,0.19131455399061034
0.5407407407407407,0.047683923705722074,0.1382414770130701,,0.1842723004694836
0.34074074074074073,0.02989706327580987,0.11584864272004385,,0.13497652582159625
0.37777777777777777,0.042310021192854985,0.11196417146513114,,0.142018779342723
0.2962962962962963,0.05752346351801393,0.099853761082168,,0.15023474178403756
0.21481481481481482,0.06229185588858613,0.0941413033543552,,0.1748826291079812
0.2740740740740741,0.059491371480472295,0.09619778813636778,,0.1537558685446009
0.45555555555555555,0.03277323645171056,0.08568686591719221,,0.16549295774647887
0.7592592592592592,0.017105661519830458,0.10922219175578102,,0.13497652582159625
0.6888888888888889,0.01914925825007569,0.16360478932455902,,0.10680751173708919
0.45555555555555555,0.02596124735089313,0.21227492916552418,,0.07276995305164319
0.3037037037037037,0.024523160762942774,0.3096152088474545,,0.061032863849765265
0.2111111111111111,0.031335149863760216,0.41700941413033543,,0.05046948356807512
0.24444444444444444,0.03973660308810172,0.4167809158212229,,0.08685446009389672
0.43333333333333335,0.06509234029669997,0.3699387624531578,,0.07629107981220656
0.41481481481481486,0.08810172570390554,0.2502056484782013,,0.07981220657276997
0.3074074074074074,0.08348471086890706,0.12156110044785667,,0.09624413145539906
0.21851851851851853,0.07576445655464728,0.11356365962891873,,0.09154929577464789
0.1851851851851852,0.06335149863760217,0.11539164610181883,,0.07981220657276995
0.23703703703703705,0.043066908870723584,0.1288730463394571,,0.07863849765258214
0.1148148148148148,0.02452316076294278,0.1073942052828809,,0.07746478873239436
0.21851851851851853,0.008023009385407205,0.10648021204643085,,0.05164319248826291
0.08888888888888889,0.00015137753557372088,0.06763549949730371,,0.03755868544600939
0.007407407407407408,0.00037844383893430214,0.039758705785577185,,0.04812206572769953
0.007407407407407408,0.0018922191946715106,0.03290375651220181,,0.03755868544600939
0.003703703703703704,0.0028004844081138363,0.04250068549492734,,0.03286384976525821
0.007407407407407408,0.0026491068725401153,0.028562288639064067,,0.03286384976525822
0.014814814814814815,0.00015137753557372088,0.03244675989397678,,0.029342723004694832
0.018518518518518517,7.568876778686044e-05,0.029019285257289095,,0.028169014084507043
0.014814814814814815,0.0,0.025134814002376386,,0.022300469483568078
0.018518518518518517,0.00015137753557372088,0.03153276665752673,,0.036384976525821594
0.0,0.0014380865879503482,0.05895256375102824,,0.03755868544600939
0.0,0.004465637299424765,0.028105292020839046,,0.03051643192488263
0.2037037037037037,0.011958825310323946,0.020793346129238645,,0.03169014084507042
0.2925925925925926,0.029518619436875566,0.02056484782012613,,0.025821596244131457
0.2814814814814815,0.023614895549500452,0.021250342747463673,,0.011737089201877934
0.2,0.0145322434150772,0.021935837674801208,,0.002347417840375587
0.2222222222222222,0.03625491976990614,0.04067269902202724,,0.0011737089201877935
0.3074074074074074,0.0801544050862852,0.07129147244310394,,0.008215962441314555
0.4074074074074074,0.14365728125946112,0.05712457727812815,,0.015258215962441316
0.2777777777777778,0.16288222827732363,0.05712457727812815,,0.015258215962441314
0.1111111111111111,0.15917347865576748,0.06649300795174115,,0.018779342723004695
0.018518518518518517,0.10778080532848926,0.05415409925966549,,0.023474178403755867
0.014814814814814815,0.054722979109900094,0.0653505164061786,,0.015258215962441314
0.0,0.02452316076294278,0.060323553605703316,,0.015258215962441314
0.022222222222222223,0.018619436875567667,0.045699661822502506,,0.008215962441314555
0.08518518518518518,0.01044504995458674,0.023535325838588795,,0.011737089201877934
0.0962962962962963,0.00900696336663639,0.020793346129238645,,0.022300469483568078
0.11851851851851852,0.01808961550105964,0.024677817384151358,,0.03169014084507042
0.08888888888888889,0.010142294883439299,0.03404624805776437,,0.044600938967136156
0.43703703703703706,0.01044504995458674,0.031075770039301714,,0.03755868544600939
0.48148148148148145,0.028837420526793823,0.029476281875514116,,0.029342723004694832
0.14444444444444443,0.042082954889494394,0.030618773421076686,,0.041079812206572766
0.15925925925925924,0.04594308204662428,0.028333790329951564,,0.06807511737089203
0.27037037037037037,0.05812897366030881,0.03176126496663925,,0.07746478873239436
0.2222222222222222,0.05888586133817742,0.030161776802851658,,0.06455399061032864
0.4111111111111111,0.03875264910687253,0.024449319075038844,,0.044600938967136156
0.48148148148148145,0.06214047835301241,0.026734302166163973,,0.0528169014084507
0.6444444444444445,0.09688162276718136,0.029704780184626637,,0.045774647887323945
0.4185185185185185,0.08575537390251287,0.05049812631386528,,0.036384976525821594
0.4407407407407407,0.14108386315470783,0.11013618499223106,,0.04812206572769953
0.4407407407407407,0.15440508628519528,0.14281144319532035,,0.057511737089201875
0.45185185185185184,0.10429912201029368,0.12338908692075679,,0.06455399061032864
0.28518518518518515,0.11148955495004541,0.1784571794168723,,0.08920187793427231
0.12222222222222222,0.15448077505298216,0.1597203180696463,,0.06690140845070422
0.018518518518518517,0.12950348168331818,0.10488072388264329,,0.05868544600938967
0.02962962962962963,0.08620950650923402,0.11676263595649392,,0.07511737089201878
0.05925925925925926,0.061837723281864966,0.1348140023763824,,0.06572769953051642
0.1925925925925926,0.03549803209203755,0.1512658806324833,,0.06690140845070422
0.14814814814814814,0.00514683620950651,0.14852390092313317,,0.0715962441314554
0.2222222222222222,0.0,0.17777168448953476,,0.07042253521126761
0.2740740740740741,0.0006811989100817438,0.1889681016360479,,0.07042253521126761
0.2222222222222222,0.0006811989100817438,0.17959967096243487,,0.05985915492957746
0.1851851851851852,0.0012867090523766272,0.1871401151631478,,0.048122065727699524
0.17407407407407408,0.0006055101422948835,0.15880632483319623,,0.06103286384976526
0.0925925925925926,0.00045413260672116256,0.17571519970752217,,0.08215962441314553
0.0925925925925926,0.0007568876778686043,0.1782286811077598,,0.08920187793427231
0.15555555555555556,0.0,0.17891417603509735,,0.062206572769953054
0.18888888888888888,0.00030275507114744176,0.20701946805593638,,0.07276995305164319
0.28888888888888886,0.0,0.2881363677908783,,0.09507042253521127
0.4666666666666667,0.0,0.41312494287542273,,0.08920187793427228
0.6,0.0,0.49195685951923956,,0.07629107981220656
0.45555555555555555,0.00015137753557372088,0.5694177863083814,,0.09272300469483569
0.2592592592592593,0.0011353315168029065,0.627227858513847,,0.1443661971830986
0.17037037037037037,0.006963366636391161,0.6331688145507722,,0.24530516431924881
0.13703703703703704,0.01808961550105964,0.6859519239557628,,0.26173708920187794
0.16666666666666666,0.10581289736603088,0.6557901471529111,,0.2746478873239437
0.15925925925925924,0.2278988798062368,0.5908966273649575,,0.3650234741784038
0.10370370370370371,0.27406902815622164,0.4154099259665479,,0.40962441314553993
0.07407407407407407,0.25772025431425977,0.3605703317795449,,0.3955399061032863
0.2962962962962963,0.24508023009385407,0.33589251439539347,,0.34272300469483563
0.7777777777777778,0.19081138359067512,0.24289370258660087,,0.40492957746478875
0.9407407407407407,0.1288979715410233,0.2659720318069646,,0.4424882629107981
0.9481481481481482,0.07455343627005752,0.4928708527556896,,0.4424882629107982
0.9518518518518518,0.06955797759612473,0.49812631386527745,,0.4284037558685446
0.9851851851851852,0.08469573115349682,0.5657618133625811,,0.46361502347417843
0.8925925925925926,0.08870723584620042,0.5819851933095695,,0.4178403755868545
0.925925925925926,0.10248259158340901,0.5913536239831826,,0.3650234741784038
0.5851851851851853,0.11042991220102938,0.6249428754227219,,0.40375586854460094
0.6037037037037036,0.15985467756584923,0.6027785394388081,,0.40727699530516437
0.8185185185185185,0.23349984862246445,0.509551229320903,,0.3873239436619718
0.6777777777777778,0.27914017559794124,0.3354355177771684,,0.3509389671361503
0.8888888888888888,0.26793823796548594,0.3050452426652043,,0.363849765258216
0.9185185185185184,0.21011201937632457,0.23421076684032535,,0.352112676056338
0.9592592592592594,0.27096578867696036,0.42523535325838585,,0.3497652582159624
0.9111111111111111,0.24561005146836207,0.6354537976418975,,0.39201877934272295
0.9370370370370371,0.3102482591583409,0.6231148889498218,,0.39436619718309857
0.6666666666666666,0.3929003935815925,0.7163421990677269,,0.3685446009389672
0.4888888888888889,0.5149106872540115,0.7839776985650305,,0.39319248826291087
0.4222222222222222,0.580230093854072,0.8097980074947445,,0.4377934272300469
0.3703703703703704,0.5719800181653043,0.8015720683666941,,0.48708920187793425
0.24074074074074073,0.5775809869815319,0.8260213874417329,,0.4823943661971831
0.1962962962962963,0.5808356039963669,0.8241934009688328,,0.4694835680751173
0.12222222222222222,0.5671359370269452,0.7798647290010055,,0.4284037558685446
0.3037037037037037,0.5470027247956403,0.7567863997806418,,0.4507042253521127
0.5814814814814815,0.503178928247048,0.7295951009962527,,0.44366197183098594
0.8333333333333334,0.34869815319406605,0.6247143771136093,,0.41314553990610325
0.3037037037037037,0.2535573720859824,0.5931816104560826,,0.3908450704225352
0.4407407407407407,0.23342415985467757,0.6130609633488712,,0.3380281690140845
0.5407407407407407,0.22479564032697547,0.6400237638241477,,0.3333333333333333
0.26666666666666666,0.1712079927338783,0.6142034548944337,,0.3509389671361502
0.14074074074074075,0.1859673024523161,0.5383420162690796,,0.3333333333333333
0.2518518518518518,0.23304571601574328,0.5586783657800933,,0.3215962441314554
0.2592592592592593,0.2580230093854072,0.528745087286354,,0.34037558685446007
0.2296296296296296,0.23841961852861035,0.47550498126313856,,0.34507042253521125
0.3111111111111111,0.22078413563427185,0.299104286628279,,0.352112676056338
0.2111111111111111,0.19709355131698456,0.2922493373549036,,0.30868544600938974
0.43703703703703706,0.2197244928852558,0.3658257928891326,,0.2605633802816901
0.4185185185185185,0.24613987284287012,0.5358285348688419,,0.21713615023474178
0.6074074074074074,0.40508628519527695,0.7122292295037018,,0.2699530516431925
0.8851851851851852,0.5098395398122919,0.7426195046156658,,0.25704225352112675
0.8111111111111111,0.5258098698153194,0.7179416872315144,,0.2652582159624413
0.8296296296296297,0.48834392976082347,0.6530481674435609,,0.24647887323943662
0.862962962962963,0.4470935513169846,0.6539621606800109,,0.30868544600938963
0.6851851851851852,0.5007568876778685,0.600036559729458,,0.35328638497652587
0.6962962962962963,0.5250529821374508,0.5840416780915821,,0.32981220657276994
0.5,0.5266424462609749,0.5655333150534686,,0.3333333333333333
0.562962962962963,0.49038752649106876,0.5758157389635318,,0.30633802816901406
0.6185185185185186,0.4453527096578868,0.6126039667306461,,0.3157276995305165
0.8111111111111111,0.46321525885558584,0.6736130152636871,,0.31572769953051644
0.9185185185185184,0.44383893430214955,0.6809249611552874,,0.3262910798122066
0.9185185185185184,0.5111262488646685,0.6457362215519605,,0.3051643192488263
0.9407407407407407,0.4962912503784438,0.6795539713006123,,0.3603286384976526
0.7888888888888889,0.31653042688465033,0.6560186454620235,,0.3509389671361503
0.39629629629629626,0.18914623069936426,0.5938671053834202,,0.33098591549295775
0.17037037037037037,0.135028761731759,0.4019285257289096,,0.3145539906103287
0.10740740740740741,0.13321223130487436,0.27625445571702767,,0.2535211267605634
0.2925925925925926,0.13767786860429912,0.16063431130609632,,0.25821596244131456
0.07407407407407407,0.11830154405086285,0.14852390092313317,,0.2852112676056338
0.007407407407407408,0.05305782621858916,0.16840325381592178,,0.28286384976525825
0.04814814814814815,0.04427792915531335,0.218901380129787,,0.22417840375586856
0.3814814814814815,0.03981229185588858,0.1871401151631478,,0.2300469483568075
0.4,0.09173478655767484,0.273283977698565,,0.25821596244131456
0.8444444444444444,0.15735694822888283,0.3738232337080705,,0.25
0.7481481481481481,0.22297910990009082,0.655333150534686,,0.21009389671361503
0.5074074074074074,0.3525582803511959,0.7677543186180421,,0.27816901408450706
0.7037037037037037,0.4901604601877082,0.6870944155013252,,0.32629107981220656
0.8111111111111111,0.47895852255525284,0.6740700118819121,,0.3380281690140845
0.8962962962962964,0.5380714501967908,0.7682113152362673,,0.312206572769953
0.637037037037037,0.545034816833182,0.7762087560552051,,0.34976525821596244
0.6851851851851852,0.5441265516197397,0.6889224019742253,,0.41314553990610325
0.8444444444444444,0.516273085074175,0.6228863906407093,,0.4636150234741784
0.39629629629629626,0.5761429003935815,0.6889224019742254,,0.4389671361502348
0.49629629629629635,0.5871934604904632,0.7624988575084544,,0.4471830985915493
0.5814814814814815,0.5323191038449894,0.7398775249063156,,0.4295774647887324
0.40370370370370373,0.5223281864971238,0.6400237638241476,,0.4741784037558685
0.2962962962962963,0.510823493793521,0.7225116534137648,,0.4448356807511737
0.0925925925925926,0.47555252800484404,0.7458184809432409,,0.44835680751173707
0.35185185185185186,0.47638510445049953,0.7273101179051275,,0.426056338028169
0.15925925925925924,0.44194671510747807,0.7300520976144775,,0.4025821596244131
0.0,0.4649561005146836,0.7343935654876154,,0.39201877934272295
0.007407407407407408,0.47827732364517106,0.7325655790147153,,0.4730046948356807
0.3148148148148148,0.39373297002724794,0.7597568777991043,,0.44835680751173707
0.42592592592592593,0.4987132909476234,0.753358925143954,,0.3615023474178404
0.6666666666666666,0.5252043596730245,0.7636413490540171,,0.3732394366197183
0.6555555555555556,0.547154102331214,0.7938031258568686,,0.34389671361502344
0.6703703703703703,0.5825007568876778,0.7999725802029065,,0.289906103286385
0.6222222222222222,0.5902210112019377,0.8301343570057581,,0.3016431924882629
0.662962962962963,0.5971086890705419,0.8173384516954574,,0.36971830985915494
0.7259259259259259,0.577051165607024,0.8136824787496572,,0.3380281690140845
0.6888888888888889,0.5870420829548895,0.8136824787496573,,0.31807511737089206
0.4740740740740741,0.5796245837117772,0.8196234347865826,,0.28169014084507044
0.5333333333333333,0.5818195579775961,0.8029430582213691,,0.2746478873239437
0.3370370370370371,0.5958219800181653,0.8056850379307193,,0.30633802816901406
0.2222222222222222,0.5937783832879201,0.8164244584590074,,0.3732394366197183
0.27037037037037037,0.5911292764153799,0.8321908417877708,,0.4119718309859155
0.3148148148148148,0.5935513169845595,0.8420162690796088,,0.43075117370892013
0.27037037037037037,0.5775052982137451,0.8328763367151083,,0.44014084507042256
0.5481481481481482,0.5908265213442324,0.8328763367151082,,0.4882629107981221
0.5037037037037037,0.5778837420526793,0.8335618316424458,,0.4788732394366197
0.6444444444444445,0.5826521344232516,0.8340188282606708,,0.5011737089201878
0.43333333333333335,0.5441265516197397,0.8294488620784207,,0.5
0.7,0.5216469875870421,0.8301343570057581,,0.48004694835680745
0.9333333333333333,0.5377686951256434,0.8061420345489444,,0.431924882629108
0.9444444444444444,0.521192854980321,0.8061420345489443,,0.43544600938967143
0.9111111111111111,0.52217680896155,0.7924321360021936,,0.43192488262910794
1.011111111111111,0.5300484408113837,0.790832647838406,,0.43544600938967143
0.9296296296296296,0.5188465031789282,0.8040855497669317,,0.43661971830985913
1.0037037037037038,0.5229336966394187,0.8102550041129695,,0.43544600938967143
0.8925925925925926,0.5289887980623675,0.811397495658532,,0.4342723004694835
0.7333333333333333,0.5215712988192551,0.8086555159491821,,0.43544600938967143
0.6740740740740742,0.5090069633666364,0.7755232611278676,,0.4342723004694835
0.7222222222222222,0.5115046927036029,0.7748377662005301,,0.4295774647887324
0.6703703703703703,0.5083257644565546,0.7816927154739055,,0.431924882629108
0.6666666666666666,0.504919769906146,0.7727812814185175,,0.4342723004694835
0.6518518518518519,0.5345140781108083,0.7766657526734302,,0.43309859154929575
0.637037037037037,0.5370118074477748,0.7800932273101179,,0.4295774647887324
0.6518518518518519,0.5413260672116258,0.7842061968741432,,0.43309859154929575
0.6259259259259259,0.5575234635180139,0.7462754775614661,,0.43427230046948356
0.7222222222222222,0.5592643051771118,0.7444474910885659,,0.43661971830985913
1.011111111111111,0.5450348168331819,0.7398775249063156,,0.43661971830985913
1.0074074074074073,0.5375416288222828,0.7147427109039394,,0.43661971830985913
1.0185185185185184,0.5127157129881926,0.6882369070468879,,0.43075117370892013
1.0148148148148148,0.41265516197396307,0.6032355360570332,,0.43309859154929575
1.011111111111111,0.3544504995458674,0.6868659171922128,,0.3896713615023474
1.0,0.31887677868604297,0.6772689882094872,,0.32981220657276994
0.9925925925925927,0.2938237965485922,0.6308838314596472,,0.2969483568075117
0.8777777777777778,0.2220708446866485,0.5988940681838955,,0.2887323943661972
0.737037037037037,0.22910990009082652,0.39004661365505894,,0.2546948356807512
0.6444444444444445,0.2804268846503179,0.5365140297961796,,0.2488262910798122
0.4888888888888889,0.34279442930669085,0.6112329768759711,,0.2734741784037559
0.7407407407407408,0.3188010899182561,0.3971300612375468,,0.3204225352112676
0.9222222222222223,0.29662428095670607,0.390960606891509,,0.28169014084507044
0.9666666666666667,0.2699818346957311,0.2561466045151266,,0.2640845070422535
0.9074074074074074,0.1992885255828035,0.4135819394936477,,0.2699530516431925
0.9370370370370371,0.183318195579776,0.5639338268896811,,0.2875586854460094
0.9777777777777777,0.22540115046927037,0.6260853669682844,,0.24647887323943662
1.011111111111111,0.2976082349379352,0.6043780276025957,,0.18779342723004694
0.8555555555555555,0.3785952164698759,0.6055205191481583,,0.1795774647887324
0.4703703703703703,0.37541628822282774,0.5401700027419798,,0.17253521126760563
0.2925925925925926,0.35944595821980013,0.428434329585961,,0.2112676056338028
0.3333333333333333,0.3592188919164397,0.34366145690521893,,0.181924882629108
0.07777777777777778,0.3933545261883137,0.2938488255186911,,0.18779342723004694
0.040740740740740744,0.42824704813805625,0.3507449044877068,,0.176056338028169
0.1148148148148148,0.4547381168634575,0.23695274654967552,,0.21713615023474175
0.43333333333333335,0.3925219497426582,0.2492916552417512,,0.17136150234741782
0.18148148148148147,0.26597033000302756,0.2221003564573622,,0.17136150234741784
0.07037037037037037,0.1431274598849531,0.1528653687962709,,0.15962441314553993
0.022222222222222223,0.05949137148047231,0.15332236541449595,,0.13028169014084506
0.2111111111111111,0.034816833181955796,0.15789233159674618,,0.13497652582159622
0.36666666666666664,0.047154102331214046,0.23032629558541268,,0.10093896713615023
0.5555555555555556,0.039509536784741145,0.24266520427748833,,0.09507042253521127
0.5185185185185186,0.034816833181955796,0.10830819851933098,,0.13145539906103287
0.6518518518518519,0.06130790190735694,0.08660085915364225,,0.16901408450704225
0.4851851851851852,0.06380563124432334,0.08248788958961704,,0.15727699530516429
0.43703703703703706,0.05086285195277021,0.09048533040855497,,0.16079812206572772
0.3296296296296296,0.04215864365728126,0.09436980166346769,,0.12206572769953052
0.1851851851851852,0.05949137148047231,0.07289096060689151,,0.13380281690140844
0.1962962962962963,0.07901907356948229,0.050041129695640243,,0.14553990610328638
0.23333333333333334,0.12216167120799273,0.11059318161045609,,0.15258215962441313
0.28518518518518515,0.1718135028761732,0.28836486609999085,,0.15258215962441316
0.24814814814814817,0.27126854374810777,0.5497669317247051,,0.1936619718309859
0.34814814814814815,0.3461247350893127,0.6541906589891234,,0.17488262910798122
0.2,0.4488343929760824,0.6573896353166987,,0.18661971830985916
0.1259259259259259,0.4981834695731153,0.6893793985924505,,0.20305164319248828
0.18148148148148147,0.4735846200423858,0.683438442555525,,0.25
0.34074074074074073,0.44489857705116564,0.6466502147884106,,0.23943661971830985
0.2111111111111111,0.3620193763245534,0.5707887761630565,,0.21830985915492956
0.43333333333333335,0.2982894338480169,0.5079517411571154,,0.18896713615023472
0.562962962962963,0.21155010596427493,0.41449593273009777,,0.17136150234741784
0.5185185185185186,0.09514078110808356,0.2335252719129879,,0.13028169014084506
0.42592592592592593,0.07107175295186194,0.19879352892788593,,0.11267605633802817
0.2592592592592593,0.0684983348471087,0.1654327757974591,,0.07746478873239436
0.2296296296296296,0.044656372994247656,0.05735307558724066,,0.07981220657276995
0.15555555555555556,0.02528004844081138,0.02650580385705146,,0.06572769953051642
0.15185185185185185,0.04329397517408417,0.028105292020839046,,0.07159624413145539
0.1925925925925926,0.06372994247653647,0.03724522438533955,,0.1056338028169014
0.07037037037037037,0.06660611565243718,0.0509551229320903,,0.12206572769953052
0.05555555555555555,0.07780805328489253,0.04821314322274015,,0.13497652582159622
0.02962962962962963,0.11746896760520738,0.044100173658714915,,0.10446009389671362
0.02592592592592593,0.11572812594610961,0.03564573622155197,,0.08568075117370892
0.014814814814814815,0.12314562518922191,0.032675258203089294,,0.07511737089201877
0.04814814814814815,0.12700575234635178,0.08797184900831732,,0.062206572769953054
0.02592592592592593,0.1466848319709355,0.13732748377662005,,0.04929577464788732
0.022222222222222223,0.17794429306690887,0.1670322639612467,,0.046948356807511735
0.037037037037037035,0.24341507720254316,0.20016451878256103,,0.046948356807511735
0.018518518518518517,0.3298516500151377,0.2127319257837492,,0.055164319248826296
0.02592592592592593,0.37057220708446864,0.20130701032812356,,0.09154929577464789
0.05185185185185186,0.40054495912806537,0.22986929896718766,,0.10328638497652583
0.05555555555555555,0.4917499243112322,0.33337903299515587,,0.09507042253521127
0.08518518518518518,0.5527550711474417,0.35371538250616946,,0.10680751173708919
0.1259259259259259,0.5827278231910384,0.42911982451329855,,0.1279342723004695
0.06296296296296296,0.5342870118074479,0.5013252901928525,,0.14553990610328638
0.044444444444444446,0.3940357250983954,0.6729275203363495,,0.23474178403755866
0.07407407407407407,0.40682712685437483,0.7019468055936386,,0.24178403755868547
0.05925925925925926,0.5105964274901604,0.6950918563202633,,0.2323943661971831
0.0,0.6052073872237359,0.6880084087377752,,0.2112676056338028
0.003703703703703704,0.6327580986981532,0.6742985101910245,,0.18661971830985916
0.018518518518518517,0.6417650620647897,0.6640160862809614,,0.2007042253521127
0.04814814814814815,0.6520587344838027,0.6932638698473631,,0.21830985915492956
0.4925925925925926,0.6529669996972448,0.6873229138104378,,0.21948356807511735
0.4925925925925926,0.6473660308810173,0.6932638698473631,,0.21830985915492956
0.3814814814814815,0.6419164396003633,0.6631020930445115,,0.21830985915492956
0.24074074074074073,0.633969118982743,0.6532766657526734,,0.21830985915492956
0.7851851851851852,0.6245837117771723,0.654419157298236,,0.21830985915492956
0.837037037037037,0.6418407508325765,0.6836669408646375,,0.1995305164319249
0.7592592592592592,0.6175446563729942,0.7410200164518783,,0.2147887323943662
0.8777777777777778,0.5943838934302149,0.7094872497943515,,0.1948356807511737
0.8925925925925926,0.5831819557977597,0.72753861621424,,0.14788732394366197
0.9666666666666667,0.6082349379352104,0.7474179691070286,,0.14788732394366197
1.0037037037037038,0.6330608537693007,0.7739237729640801,,0.14788732394366197
0.9111111111111111,0.6180744777475022,0.7257106297413398,,0.14788732394366197
0.9296296296296296,0.6348773841961853,0.7362215519605154,,0.1467136150234742
0.8518518518518519,0.6587950348168331,0.7501599488163788,,0.1467136150234742
0.2814814814814815,0.6846049046321526,0.7138287176674893,,0.14553990610328638
0.5111111111111111,0.6917196488041175,0.7094872497943515,,0.14788732394366197
0.3074074074074074,0.6759763851044505,0.7056027785394388,,0.14788732394366197
0.2962962962962963,0.6597789887980624,0.6610456082624988,,0.14788732394366197
0.36666666666666664,0.6468362095065091,0.672699022027237,,0.1443661971830986
0.41481481481481486,0.6049046321525886,0.6667580659903116,,0.15258215962441316
0.26666666666666666,0.5847714199212837,0.6352252993327849,,0.18075117370892022
0.23333333333333334,0.4943233424159854,0.5687322913810439,,0.16901408450704225
0.6111111111111112,0.5507871631849834,0.527374097431679,,0.1807511737089202
0.26666666666666666,0.5318649712382683,0.43368979069554886,,0.17253521126760563
0.2037037037037037,0.41114138661822586,0.32286811077598027,,0.1643192488262911
0.07407407407407407,0.34627611262488645,0.2223288547664747,,0.1596244131455399
0.04814814814814815,0.3591432031486528,0.2508911434055388,,0.15845070422535212
0.06666666666666667,0.5742506811989101,0.27968193035371536,,0.17723004694835678
0.014814814814814815,0.535270965788677,0.3246960972488803,,0.15023474178403753
0.003703703703703704,0.6281410838631548,0.5228041312494288,,0.18192488262910797
0.03333333333333333,0.6503178928247049,0.418608902294123,,0.15845070422535212
0.05185185185185186,0.61065697850439,0.445343204460287,,0.17136150234741784
0.02592592592592593,0.6289736603088102,0.5394845078146422,,0.176056338028169
0.05185185185185186,0.6641689373297003,0.6413947536788228,,0.1936619718309859
0.06666666666666667,0.6858916136845292,0.619230417694909,,0.1936619718309859
0.21481481481481482,0.687026945201332,0.6635590896627364,,0.19248826291079812
0.34444444444444444,0.6904329397517408,0.7017183072845261,,0.21009389671361503
0.41481481481481486,0.7018619436875567,0.7483319623434787,,0.20305164319248828
0.5259259259259259,0.6829397517408416,0.7967736038753312,,0.2347417840375587
0.4740740740740741,0.6895246745382985,0.8052280413124943,,0.3274647887323944
0.5444444444444444,0.6908113835906751,0.8045425463851567,,0.323943661971831
0.6962962962962963,0.6849076597033001,0.8223654144959328,,0.33333333333333337
0.8185185185185185,0.6823342415985467,0.8303628553148708,,0.3474178403755869
0.9444444444444444,0.685513169845595,0.8225939128050453,,0.3791079812206573
0.9518518518518518,0.6802906448683016,0.8036285531487067,,0.35563380281690143
0.9814814814814815,0.6650015137753558,0.8061420345489443,,0.38028169014084506
0.9777777777777777,0.6519830457160158,0.8059135362398319,,0.3908450704225352
0.8,0.65236148955495,0.7901471529110685,,0.4471830985915493
0.7037037037037037,0.6566757493188011,0.7586143862535416,,0.39671361502347413
0.8962962962962964,0.6562973054798668,0.799744081893794,,0.39319248826291087
0.8592592592592593,0.6546321525885559,0.8129969838223197,,0.403755868544601
0.9925925925925927,0.6544050862851952,0.8008865734393565,,0.39201877934272295
1.0037037037037038,0.6559188616409325,0.7620418608902293,,0.3626760563380282
1.011111111111111,0.6525128670905238,0.765926332145142,,0.3826291079812207
0.974074074074074,0.6615198304571601,0.77118179325473,,0.40492957746478875
0.9851851851851852,0.6674235543445353,0.7915181427657435,,0.4295774647887324
1.011111111111111,0.6796094459582198,0.7764372543643177,,0.43309859154929575
0.925925925925926,0.6774901604601877,0.7577003930170917,,0.352112676056338
0.8296296296296297,0.6678776869512565,0.7186271821588521,,0.3321596244131455
0.7481481481481481,0.6639418710263397,0.7213691618682022,,0.3204225352112676
0.7518518518518519,0.6546321525885559,0.6896078969015629,,0.3039906103286385
0.8222222222222222,0.6520587344838025,0.6948633580111507,,0.3544600938967137
0.8740740740740741,0.6561459279442929,0.7008043140480761,,0.34272300469483563
0.8518518518518519,0.6413866182258553,0.6896078969015629,,0.36502347417840375
0.8777777777777778,0.641537995761429,0.6375102824239101,,0.39436619718309857
0.6925925925925925,0.6369209809264306,0.6573896353166987,,0.386150234741784
0.6555555555555556,0.618831365425371,0.6733845169545745,,0.4225352112676056
0.8,0.6138359067514381,0.7234256466502148,,0.4377934272300469
0.8333333333333334,0.6012715712988193,0.7024038022118636,,0.4389671361502347
0.8962962962962964,0.6001362397820164,0.7229686500319898,,0.4612676056338028
0.9444444444444444,0.5838631547078413,0.7362215519605154,,0.431924882629108
0.9666666666666667,0.5859067514380866,0.7129147244310393,,0.42136150234741787
0.9444444444444444,0.5888586133817741,0.6697285440087744,,0.42488262910798125
0.9777777777777777,0.5909778988798061,0.6628735947353989,,0.4119718309859155
0.9814814814814815,0.602558280351196,0.662873594735399,,0.3732394366197183
0.9370370370370371,0.618831365425371,0.682524449319075,,0.3673708920187793
0.925925925925926,0.6223887375113533,0.690521890138013,,0.3708920187793427
0.9185185185185184,0.6289736603088102,0.7273101179051275,,0.36619718309859156
0.9703703703703704,0.6388888888888888,0.7599853761082168,,0.31690140845070425
0.9296296296296296,0.6382076899788071,0.7460469792523535,,0.3204225352112676
0.9037037037037037,0.6289736603088102,0.7819212137830179,,0.3755868544600939
0.7481481481481481,0.6307145019679079,0.7734667763458551,,0.3403755868544601
0.5185185185185186,0.6316227671813504,0.7700393017091673,,0.29107981220657275
0.6111111111111112,0.639872842870118,0.7611278676537794,,0.27816901408450706
0.5888888888888889,0.6438843475628218,0.7638698473631295,,0.34507042253521125
0.6481481481481481,0.6385104450499546,0.7401060232154283,,0.3274647887323944
0.9222222222222223,0.6485013623978202,0.7241111415775523,,0.32511737089201875
0.9629629629629629,0.6400999091734787,0.719084178777077,,0.42723004694835676
0.8962962962962964,0.6313200121102029,0.7179416872315144,,0.40023474178403756
0.8666666666666667,0.6284438389343022,0.709715748103464,,0.35798122065727705
0.9666666666666667,0.6052073872237359,0.7215976601773147,,0.34389671361502344
0.9925925925925927,0.5637299424765364,0.6992048258842885,,0.33568075117370894
0.9,0.5575234635180139,0.6992048258842885,,0.3016431924882629
0.7,0.5587344838026037,0.6781829814459372,,0.24178403755868547
0.0962962962962963,0.47524977293369663,0.6384242756603601,,0.30633802816901406
0.10370370370370371,0.457160157432637,0.5577643725436432,,0.29694835680751175
0.1111111111111111,0.4843324250681199,0.49447034091947717,,0.2758215962441315
0.08518518518518518,0.45345140781108084,0.5129787039575907,,0.3321596244131455
0.1,0.3710263396911898,0.5314870669957042,,0.28286384976525825
0.07407407407407407,0.4052376627308507,0.555936386070743,,0.25704225352112675
0.36296296296296293,0.4768392370572207,0.5255461109587789,,0.2910798122065728
0.45185185185185184,0.48039660914320315,0.5870121561100449,,0.25821596244131456
0.16666666666666666,0.4178019981834696,0.5801572068366695,,0.24530516431924881
0.3074074074074074,0.3763245534362701,0.6091764920939584,,0.21948356807511735
0.4740740740740741,0.3685286103542234,0.5529659080522804,,0.20305164319248828
0.5074074074074074,0.3368150166515289,0.7021753039027511,,0.21830985915492956
0.7407407407407408,0.4585982440205873,0.7478749657252536,,0.215962441314554
0.8074074074074075,0.4400544959128065,0.7293666026871402,,0.2112676056338028
0.9185185185185184,0.4830457160157432,0.7535874234530664,,0.23943661971830985
0.8481481481481481,0.5074931880108992,0.7161137007586144,,0.2746478873239437
0.8074074074074075,0.37541628822282774,0.6379672790421351,,0.3380281690140845
0.8037037037037037,0.4177263094156828,0.6953203546293758,,0.37793427230046944
0.7703703703703704,0.504314259763851,0.7526734302166164,,0.3509389671361502
0.8888888888888888,0.5353466545564639,0.7321085823964901,,0.30985915492957744
0.9333333333333333,0.47191946715107475,0.6372817841147975,,0.32159624413145543
0.8740740740740741,0.3555101422948834,0.46248057764372535,,0.30868544600938963
1.0148148148148148,0.19656372994247653,0.2236998446211498,,0.2723004694835681
0.9370370370370371,0.09483802603693611,0.2088474545288365,,0.27816901408450706
0.9629629629629629,0.046548592188919165,0.22529933278493738,,0.25821596244131456
0.9629629629629629,0.14244626097487134,0.24083721780458822,,0.2535211267605634
0.7333333333333333,0.05343627005752346,0.1565213417420711,,0.24647887323943662
0.2111111111111111,0.07485619134120496,0.44168723151448674,,0.29107981220657275
0.15555555555555556,0.11391159551922495,0.599122566493008,,0.27230046948356806
0.10740740740740741,0.18089615501059644,0.6007220546567955,,0.2511737089201878
0.08888888888888889,0.177868604299122,0.581756695000457,,0.24295774647887325
0.14814814814814814,0.177338782924614,0.6297413399140847,,0.22300469483568078
0.6148148148148148,0.3470330003027551,0.6946348597020382,,0.2112676056338028
0.9,0.4485316379049349,0.6644730828991865,,0.2007042253521127
0.8185185185185185,0.5420072661217076,0.6886939036651128,,0.22535211267605634
0.8962962962962964,0.5332273690584317,0.7419340096883282,,0.20774647887323944
0.8962962962962964,0.5857553739025129,0.7405630198336532,,0.20187793427230047
0.7259259259259259,0.636088404480775,0.7538159217621789,,0.27934272300469487
0.4703703703703703,0.6662125340599455,0.7803217256192305,,0.2863849765258216
0.07407407407407407,0.6613684529215865,0.7558724065441916,,0.35680751173708924
0.022222222222222223,0.5603996366939146,0.6843524357919751,,0.38380281690140844
0.03333333333333333,0.3948683015440508,0.6918928799926881,,0.41666666666666663
0.7222222222222222,0.6864214350590372,0.7405630198336532,,0.41079812206572774
0.9111111111111111,0.6815016651528912,0.7350790604149529,,0.3333333333333333
0.9148148148148149,0.5696336663639116,0.7229686500319898,,0.35798122065727705
0.7851851851851852,0.38979715410233123,0.581756695000457,,0.346244131455399
0.737037037037037,0.40697850438994854,0.6471072114066357,,0.33920187793427226
0.9222222222222223,0.4866787768695125,0.7138287176674893,,0.3485915492957746
0.9555555555555556,0.6481986073266727,0.765012338908692,,0.36150234741784043
0.6111111111111112,0.6392673327278233,0.7686683118544924,,0.3626760563380282
0.02592592592592593,0.5921132303966092,0.68206745270085,,0.3626760563380282
0.17037037037037037,0.6538752649106871,0.5790147152911069,,0.3591549295774648
0.10370370370370371,0.6569785043899486,0.5712457727812815,,0.35798122065727705
0.040740740740740744,0.6249621556161067,0.5728452609450689,,0.3591549295774648
0.07407407407407407,0.6622010293672419,0.644593730006398,,0.3591549295774648
0.17037037037037037,0.7079170451105057,0.6802394662279498,,0.3591549295774648
0.3185185185185185,0.7020133212231305,0.7053742802303262,,0.31690140845070425
0.5148148148148148,0.6864214350590372,0.7339365688693904,,0.35798122065727705
0.6962962962962963,0.6921737814108387,0.7332510739420529,,0.39671361502347424
0.7185185185185186,0.6931577353920678,0.742619504615666,,0.32159624413145543
0.5925925925925926,0.6992128368150166,0.7508454437437163,,0.3650234741784038
0.9,0.6947471995155918,0.7577003930170917,,0.4119718309859155
0.8703703703703703,0.6942173781410839,0.7714102915638424,,0.4753521126760563
0.8962962962962964,0.695731153496821,0.7942601224750936,,0.48122065727699537
0.9222222222222223,0.7111716621253406,0.8143679736769946,,0.4859154929577465
0.9888888888888889,0.6741598546775659,0.8406452792249338,,0.4859154929577465
0.9962962962962962,0.6602331214047836,0.8566401608628096,,0.4859154929577465
1.0074074074074073,0.6694671510747805,0.8497852115894343,,0.4859154929577465
1.0037037037037038,0.6683318195579776,0.8820034731742985,,0.48474178403755874
1.0185185185185184,0.6590977898879806,0.8653230966090851,,0.4859154929577465
1.011111111111111,0.647441719648804,0.8431587606251713,,0.4788732394366197
1.0148148148148148,0.6563729942476536,0.8687505712457727,,0.4859154929577465
0.3333333333333333,0.657811080835604,0.863495110136185,,0.48474178403755874
0.2777777777777778,0.6562973054798669,0.8454437437162965,,0.4859154929577465
0.0925925925925926,0.6599303663336362,0.8367608079700211,,0.48708920187793425
0.6222222222222222,0.6609900090826522,0.8225939128050452,,0.48474178403755874
0.5,0.6549349076597033,0.8379032995155836,,0.4859154929577465
0.5592592592592592,0.6582652134423251,0.8360753130426835,,0.4859154929577465
0.5,0.6525885558583107,0.8264783840599579,,0.4859154929577465
0.3925925925925926,0.6738570996064185,0.8109404990403072,,0.4835680751173709
0.7851851851851852,0.7045110505600968,0.7707247966365048,,0.47652582159624407
0.662962962962963,0.6830911292764154,0.762727355817567,,0.4894366197183099
0.7296296296296296,0.6666666666666666,0.709715748103464,,0.49295774647887325
0.9,0.665985467756585,0.6663010693720866,,0.45774647887323944
0.9481481481481482,0.678928247048138,0.5422264875239923,,0.4284037558685446
0.9666666666666667,0.674689676052074,0.6605886116442737,,0.4002347417840376
0.9555555555555556,0.6833181955797759,0.6774974865185998,,0.36619718309859156
1.011111111111111,0.695731153496821,0.4976693172470524,,0.4119718309859155
0.9962962962962962,0.5749318801089919,0.28767937117265335,,0.431924882629108
0.9777777777777777,0.4578413563427188,0.21661639703866192,,0.4483568075117371
0.8185185185185185,0.37208598244020585,0.20839045791061145,,0.4107981220657277
0.5777777777777777,0.43271268543748104,0.2109039393108491,,0.39319248826291087
0.4111111111111111,0.5017408416590977,0.1834841422173476,,0.3650234741784038
0.34814814814814815,0.2992733878292461,0.3141851750297048,,0.36384976525821594
0.07777777777777778,0.17090523766273083,0.5481674435609176,,0.34976525821596244
0.06666666666666667,0.16159551922494703,0.6471072114066356,,0.2711267605633803
0.02962962962962963,0.15599455040871935,0.6471072114066355,,0.27816901408450706
0.02592592592592593,0.20065092340296697,0.6217438990951468,,0.2852112676056338
0.08518518518518518,0.2391008174386921,0.5742162507997441,,0.3075117370892018
0.07407407407407407,0.2711928549803209,0.5534229046705054,,0.30868544600938963
0.02592592592592593,0.33439297608234936,0.5486244401791427,,0.2805164319248826
0.044444444444444446,0.35520738722373596,0.48235993053651405,,0.25821596244131456
0.16666666666666666,0.3900242204056918,0.45722511653413767,,0.25938967136150237
0.037037037037037035,0.44058431728731456,0.3978155561648844,,0.25704225352112675
0.3074074074074074,0.5080986981531941,0.45128416049721226,,0.24882629107981222
0.8,0.5983197093551317,0.49561283246503973,,0.2147887323943662
0.6703703703703703,0.6273085074174993,0.6137464582762088,,0.24061032863849763
0.4851851851851852,0.6645473811686347,0.5934101087651952,,0.24295774647887325
0.6666666666666666,0.6537995761429003,0.6379672790421351,,0.22065727699530513
0.4,0.669769906145928,0.6809249611552876,,0.2112676056338028
0.6148148148148148,0.67188919164396,0.673156018645462,,0.25
0.4592592592592592,0.6746896760520739,0.6740700118819121,,0.2723004694835681
0.5,0.6765062064789584,0.6651585778265241,,0.30633802816901406
0.35555555555555557,0.6458522555252801,0.6512201809706608,,0.3039906103286385
0.6185185185185186,0.5331516802906449,0.6139749565853212,,0.30868544600938963
0.4888888888888889,0.40735694822888274,0.6151174481308838,,0.3274647887323944
0.42592592592592593,0.28905540417802,0.6263138652773969,,0.29694835680751175
0.17407407407407408,0.17423554344535272,0.5557078877616306,,0.23826291079812206
0.07037037037037037,0.1333636088404481,0.5986655698747829,,0.21009389671361503
0.21851851851851853,0.14895549500454133,0.519376656612741,,0.21713615023474178
0.07407407407407407,0.15213442325158946,0.4483136824787497,,0.22183098591549297
0.02962962962962963,0.131244323342416,0.5209761447765285,,0.22535211267605634
0.007407407407407408,0.14986376021798364,0.5689607896901563,,0.18544600938967135
0.040740740740740744,0.13608840448077505,0.5881546476556074,,0.21009389671361503
0.040740740740740744,0.17340296699969723,0.592496115528745,,0.21009389671361503
0.05555555555555555,0.4201483499848623,0.6135179599670962,,0.24178403755868544
0.06666666666666667,0.5597184377838328,0.5991225664930079,,0.24530516431924884
0.022222222222222223,0.6183015440508629,0.5806142034548945,,0.2687793427230047
0.018518518518518517,0.6584922797456857,0.6304268348414223,,0.2629107981220657
0.040740740740740744,0.6463063881320011,0.6822959510099625,,0.22183098591549297
0.0925925925925926,0.6557674841053588,0.6976053377205009,,0.24530516431924884
0.13703703703703704,0.677338782924614,0.7485604606525912,,0.2652582159624413
0.2740740740740741,0.6830911292764154,0.7695823050909423,,0.2676056338028169
0.3888888888888889,0.698985770511656,0.7549584133077415,,0.3204225352112676
0.5666666666666667,0.6948985770511656,0.7730097797276301,,0.3415492957746479
0.6666666666666666,0.7044353617923101,0.7995155835846814,,0.4694835680751174
0.7481481481481481,0.7004238570996064,0.810483502422082,,0.4988262910798122
0.8777777777777778,0.6947471995155918,0.801115071748469,,0.5
0.9148148148148149,0.6770360278534665,0.8104835024220821,,0.5
1.0074074074074073,0.664320314865274,0.8040855497669317,,0.5
1.0185185185185184,0.6479715410233122,0.8070560277853944,,0.49295774647887325
0.9629629629629629,0.639872842870118,0.8002010785120189,,0.49295774647887325
0.9592592592592594,0.6460036330608537,0.793117630929531,,0.5
0.7740740740740741,0.6554647290342114,0.7695823050909423,,0.494131455399061
0.7222222222222222,0.6699969724492886,0.801115071748469,,0.5011737089201878
0.9,0.6646987587042082,0.7874051732017183,,0.5
0.9111111111111111,0.6554647290342113,0.7871766748926058,,0.49882629107981225
1.0148148148148148,0.6335149863760218,0.7748377662005301,,0.4976525821596244
1.0,0.6321525885558583,0.7709532949456175,,0.5
0.9851851851851852,0.6257190432939752,0.7784937391463302,,0.5
1.0148148148148148,0.6305631244323342,0.7915181427657436,,0.5
1.0074074074074073,0.6257190432939751,0.7935746275477562,,0.5
0.3925925925925926,0.6134574629125038,0.8143679736769948,,0.5
0.4851851851851852,0.5978655767484106,0.7981445937300065,,0.5
0.462962962962963,0.5596427490160459,0.7826067087103555,,0.5
0.7851851851851852,0.55858310626703,0.7794077323827804,,0.49061032863849763
0.9555555555555556,0.5492733878292462,0.7620418608902293,,0.49882629107981225
0.6185185185185186,0.5727369058431728,0.7597568777991043,,0.4976525821596244
0.9518518518518518,0.6186799878897971,0.7526734302166165,,0.4976525821596244
1.0,0.6552376627308506,0.7229686500319897,,0.49765258215962443
0.7888888888888889,0.6511504692703604,0.6930353715382506,,0.4917840375586855
0.6185185185185186,0.6481229185588859,0.726167626359565,,0.49882629107981225
0.4666666666666667,0.655086285195277,0.7533589251439539,,0.5
0.7444444444444445,0.6298819255222525,0.6985193309569511,,0.5
0.7888888888888889,0.5727369058431729,0.5833561831642445,,0.4976525821596244
0.8962962962962964,0.6002876173175901,0.5632483319623435,,0.4964788732394366
0.8444444444444444,0.629049349076597,0.6126039667306461,,0.4694835680751173
1.0074074074074073,0.6014229488343928,0.6301983365323096,,0.4859154929577465
1.0148148148148148,0.5342113230396609,0.6224293940224841,,0.42018779342723006
1.0185185185185184,0.5784892521949743,0.4286628278950736,,0.44835680751173707
1.0,0.5406448683015441,0.3096152088474545,,0.4647887323943662
1.0074074074074073,0.5068119891008175,0.35188739603326935,,0.40492957746478875
1.0074074074074073,0.43271268543748104,0.5765012338908692,,0.323943661971831
1.0148148148148148,0.3885104450499546,0.607577003930171,,0.352112676056338
0.8296296296296297,0.38321223130487436,0.611232976875971,,0.36737089201877937
0.9370370370370371,0.4743415077202544,0.5431404807604424,,0.34507042253521125
0.7666666666666667,0.513548289433848,0.4732199981720135,,0.3474178403755869
0.8925925925925926,0.4771419921283681,0.601864546202358,,0.3591549295774648
0.8740740740740741,0.47805025734181045,0.6452792249337355,,0.4014084507042254
0.7037037037037037,0.5638813200121101,0.6859519239557627,,0.3392018779342723
0.6037037037037036,0.6183015440508629,0.7325655790147153,,0.32863849765258213
0.7888888888888889,0.5703905540417802,0.6902933918289005,,0.35563380281690143
0.6222222222222222,0.43513472600666064,0.6647015812082991,,0.40962441314553993
0.45185185185185184,0.28330305782621856,0.5486244401791427,,0.3427230046948357
0.5518518518518519,0.1336663639115955,0.38204917283612105,,0.3474178403755868
0.6740740740740742,0.12185891613684528,0.11150717484690613,,0.30868544600938963
0.5592592592592592,0.12806539509536785,0.15949181976053378,,0.3204225352112676
0.3592592592592593,0.19671510747805024,0.17274472168905947,,0.323943661971831
0.5814814814814815,0.18127459884953076,0.21067544100173657,,0.3685446009389672
0.7518518518518519,0.16553133514986376,0.34183347043231876,,0.3650234741784038
0.4925925925925926,0.25900696336663637,0.5927246138378576,,0.3368544600938967
0.6703703703703703,0.486451710566152,0.7524449319075039,,0.3345070422535211
0.462962962962963,0.5834090221011201,0.716799195685952,,0.4025821596244131
0.5518518518518519,0.6164093248561914,0.6468787130975231,,0.43544600938967143
0.7185185185185186,0.6649258250075688,0.5913536239831826,,0.40023474178403756
0.4666666666666667,0.6680290644868302,0.5735307558724065,,0.35563380281690143
0.5666666666666667,0.657886769603391,0.6372817841147976,,0.34507042253521125
0.637037037037037,0.6612170753860127,0.6039210309843707,,0.32629107981220656
0.5703703703703703,0.6346503178928247,0.6343113060963349,,0.3791079812206573
0.637037037037037,0.5806842264607932,0.6384242756603602,,0.42370892018779344
0.4666666666666667,0.5784892521949743,0.7197696737044146,,0.48356807511737093
0.8444444444444444,0.5638056312443234,0.7519879352892788,,0.4894366197183099
0.9370370370370371,0.5784892521949743,0.7243396398866648,,0.4823943661971831
0.6407407407407407,0.5933999394489858,0.7353075587240655,,0.4788732394366197
0.6407407407407407,0.5671359370269452,0.7592998811808792,,0.46830985915492956
0.537037037037037,0.5133969118982742,0.7565579014715291,,0.45892018779342725
0.5592592592592592,0.549954586739328,0.7652408372178046,,0.4706572769953052
0.862962962962963,0.5594913714804723,0.7451329860159036,,0.4342723004694835
0.8962962962962964,0.5247502270663035,0.7282241111415776,,0.45187793427230044
0.6407407407407407,0.45700877989706334,0.742619504615666,,0.4647887323943662
0.6555555555555556,0.37776264002422044,0.7407915181427658,,0.4448356807511737
0.7148148148148148,0.2593854072055707,0.7243396398866648,,0.38615023474178406
0.537037037037037,0.1434302149561005,0.720912165249977,,0.48474178403755874
0.10370370370370371,0.043748107780805325,0.7204551686317521,,0.4272300469483568
0.2296296296296296,0.02777777777777778,0.7366785485787405,,0.42136150234741787
0.41481481481481486,0.039206781713593694,0.7263961246686775,,0.3509389671361502
0.4,0.0319406600060551,0.7053742802303263,,0.34389671361502344
0.4666666666666667,0.036027853466545565,0.7197696737044146,,0.32629107981220656
0.4777777777777778,0.06494096276112625,0.6946348597020382,,0.30164319248826293
0.34074074074074073,0.053814713896457776,0.7072022667032263,,0.30633802816901406
0.26296296296296295,0.05131698455949137,0.6135179599670962,,0.2746478873239437
0.26296296296296295,0.06108083560399637,0.600036559729458,,0.2593896713615023
0.18888888888888888,0.388283378746594,0.6304268348414223,,0.2664319248826291
0.11851851851851852,0.6244323342415985,0.6363677908783475,,0.2687793427230047
0.1111111111111111,0.6560702391765062,0.7190841787770771,,0.2746478873239437
0.14814814814814814,0.6590221011201938,0.6779544831368248,,0.30633802816901406
0.2,0.662125340599455,0.6729275203363494,,0.28638497652582157
0.1851851851851852,0.6534211323039661,0.6393382688968101,,0.2664319248826291
0.2,0.6441114138661823,0.5966090850927703,,0.2323943661971831
0.18888888888888888,0.6143657281259461,0.5858696645644823,,0.2323943661971831
0.16296296296296298,0.5668331819557977,0.5168631752125035,,0.23826291079812206
0.14814814814814814,0.5278534665455646,0.3809066812905585,,0.24413145539906106
0.10370370370370371,0.5563124432334242,0.42614934649483593,,0.2511737089201878
0.040740740740740744,0.6150469270360279,0.5618773421076684,,0.22769953051643194
0.1111111111111111,0.6055101422948833,0.5863266611827073,,0.289906103286385
0.10370370370370371,0.5763699666969422,0.6464217164792979,,0.26173708920187794
0.2296296296296296,0.5264910687254011,0.6247143771136094,,0.25938967136150237
0.2925925925925926,0.47547683923705725,0.6256283703500594,,0.24530516431924884
0.1925925925925926,0.479942476536482,0.5998080614203455,,0.24765258215962443
0.06296296296296296,0.5624432334241598,0.6397952655150352,,0.2476525821596244
0.13703703703703704,0.6207992733878293,0.6742985101910246,,0.2605633802816901
0.13703703703703704,0.618831365425371,0.6768119915912622,,0.2652582159624413
0.2592592592592593,0.6100514683620951,0.6809249611552874,,0.2312206572769953
0.05925925925925926,0.5810626702997275,0.690064893519788,,0.23826291079812204
0.04814814814814815,0.5214956100514684,0.6786399780641623,,0.2640845070422535
0.02592592592592593,0.473433242506812,0.6658440727538616,,0.2875586854460094
0.014814814814814815,0.5527550711474417,0.5477104469426927,,0.2699530516431925
0.0,0.6472146533454435,0.38844712549127136,,0.28169014084507044
0.0,0.6699969724492886,0.48213143222740146,,0.289906103286385
0.14444444444444443,0.6575840145322435,0.5886116442738323,,0.25
0.34074074074074073,0.6608386315470783,0.6852664290284253,,0.25704225352112675
0.6222222222222222,0.6666666666666666,0.6585321268622611,,0.2992957746478873
0.7296296296296296,0.6776415379957615,0.7010328123571886,,0.43309859154929575
0.5074074074074074,0.6631092945806841,0.7266246229777898,,0.4295774647887324
0.6851851851851852,0.6645473811686347,0.743076501233891,,0.4237089201877934
0.5851851851851853,0.6714350590372389,0.7686683118544924,,0.46244131455399057
0.4703703703703703,0.6686345746291251,0.7624988575084544,,0.44953051643192493
0.7518518518518519,0.6808204662428097,0.7832922036376931,,0.42723004694835676
0.8555555555555555,0.7043596730245232,0.7821497120921305,,0.4788732394366197
0.8592592592592593,0.7049651831668181,0.77392377296408,,0.45422535211267606
0.9555555555555556,0.709355131698456,0.77118179325473,,0.4859154929577465
0.8444444444444444,0.7048138056312443,0.7666118270724797,,0.4553990610328638
0.6481481481481481,0.7043596730245232,0.787633671510831,,0.48122065727699537
0.6666666666666666,0.7013321223130488,0.7842061968741432,,0.4906103286384977
0.6666666666666666,0.7081441114138662,0.7666118270724797,,0.4753521126760563
0.6666666666666666,0.703300030275507,0.7885476647472809,,0.4507042253521127
0.6740740740740742,0.7132152588555858,0.7924321360021935,,0.44366197183098594
0.6444444444444445,0.7121556161065699,0.7896901562928434,,0.4448356807511737
0.6703703703703703,0.7075386012715713,0.7620418608902293,,0.4448356807511737
0.6703703703703703,0.7091280653950953,0.7634128507449045,,0.44366197183098594
0.6592592592592592,0.7073872237359977,0.7613563659628918,,0.44366197183098594
0.662962962962963,0.7000454132606722,0.7446759893976784,,0.44366197183098594
0.7259259259259259,0.7035270965788677,0.690521890138013,,0.43544600938967143
0.7851851851851852,0.7067060248259159,0.6695000456996618,,0.41901408450704225
0.6592592592592592,0.6944444444444445,0.6754410017365872,,0.37793427230046944
0.6703703703703703,0.6993642143505904,0.6025500411296956,,0.38028169014084506
0.6444444444444445,0.6977747502270663,0.6987478292660635,,0.3603286384976526
0.6185185185185186,0.7002724795640327,0.7533589251439541,,0.30868544600938963
0.462962962962963,0.7182864062973054,0.762727355817567,,0.3356807511737089
0.3185185185185185,0.7272933696639419,0.7771227492916551,,0.34037558685446007
0.2222222222222222,0.7153345443536179,0.7869481765834931,,0.37089201877934275
0.2296296296296296,0.716848319709355,0.7741522712731925,,0.426056338028169
0.21481481481481482,0.7241901301846806,0.7394205282880907,,0.43075117370892013
0.34814814814814815,0.7242658189524674,0.7535874234530664,,0.48004694835680745
0.35555555555555557,0.7083711777172267,0.7295951009962526,,0.46009389671361506
0.27037037037037037,0.717983651226158,0.700347317429851,,0.46244131455399057
0.1851851851851852,0.7282016348773842,0.7154282058312768,,0.37793427230046944
0.2962962962962963,0.7397820163487738,0.7414770130701033,,0.3884976525821596
0.3703703703703704,0.7378141083863154,0.7842061968741432,,0.4143192488262911
0.5074074074074074,0.7006509234029671,0.7954026140206563,,0.44600938967136156
0.32592592592592595,0.6092945806842264,0.7848916918014808,,0.4530516431924883
0.17407407407407408,0.6033908567968513,0.7647838405995795,,0.3826291079812207
0.22592592592592592,0.6046775658492279,0.7234256466502148,,0.38849765258215957
0.24814814814814817,0.610127157129882,0.7126862261219268,,0.4061032863849765
0.5259259259259259,0.6148198607326674,0.7145142125948267,,0.39319248826291087
0.6333333333333333,0.6119436875567665,0.7433049995430033,,0.3685446009389672
0.6296296296296297,0.6365425370874962,0.7325655790147152,,0.3708920187793427
0.6555555555555556,0.6681804420224039,0.7481034640343661,,0.3767605633802817
0.6666666666666666,0.671359370269452,0.7803217256192304,,0.4530516431924883
0.3888888888888889,0.6345746291250377,0.7830637053285806,,0.47183098591549294
0.562962962962963,0.5753103239479261,0.7919751393839686,,0.47183098591549294
0.6814814814814815,0.5823493793521042,0.7645553422904671,,0.47652582159624407
0.662962962962963,0.563427187405389,0.7638698473631296,,0.4964788732394366
0.6407407407407407,0.5827278231910384,0.7686683118544922,,0.48004694835680745
0.6777777777777778,0.6005903723887375,0.760899369344667,,0.44483568075117375
0.6740740740740742,0.6397214653345443,0.7714102915638424,,0.45422535211267606
0.662962962962963,0.6857402361489555,0.7787222374554428,,0.4706572769953052
0.6555555555555556,0.6877081441114139,0.7954026140206563,,0.4730046948356807
0.6555555555555556,0.6752194974265818,0.7535874234530665,,0.4424882629107982
0.662962962962963,0.6657584014532243,0.6535051640617859,,0.4706572769953052
0.6703703703703703,0.6740084771419922,0.5698747829266063,,0.5
0.6703703703703703,0.6739327883742052,0.6852664290284253,,0.49530516431924887
0.6666666666666666,0.6883893430214957,0.7501599488163787,,0.49061032863849763
0.6407407407407407,0.6706024825915834,0.692806873229138,,0.47652582159624407
0.6666666666666666,0.5909778988798062,0.6320263230052098,,0.4612676056338028
0.6592592592592592,0.4950045413260672,0.5330865551594918,,0.47417840375586856
0.6703703703703703,0.5617620345140781,0.5403985010510922,,0.4823943661971831
0.6666666666666666,0.5206630336058129,0.5870121561100449,,0.40023474178403756
0.6703703703703703,0.4018316681804421,0.6907503884471256,,0.37441314553990607
0.6703703703703703,0.2688465031789282,0.49812631386527745,,0.3509389671361503
0.6666666666666666,0.23826824099303662,0.3619413216342199,,0.465962441314554
0.6666666666666666,0.15561610656978503,0.37862169819943337,,0.477699530516432
0.6518518518518519,0.0881774144716924,0.5246321177223289,,0.43075117370892013
0.5592592592592592,0.10573720859824401,0.5029247783566401,,0.3955399061032863
0.6703703703703703,0.10656978504389947,0.5712457727812815,,0.4213615023474178
0.6703703703703703,0.1241295791704511,0.46727904213508825,,0.38967136150234744
0.637037037037037,0.14214350590372388,0.3996435426377845,,0.37558685446009393
0.6074074074074074,0.16189827429609446,0.2977332967736039,,0.3744131455399061
0.5148148148148148,0.21109597335755376,0.2488346586235262,,0.32863849765258213
0.45555555555555555,0.28875264910687254,0.1871401151631478,,0.3544600938967137
0.3888888888888889,0.2610505600968816,0.18074216250799743,,0.2992957746478873
0.3148148148148148,0.17862549197699062,0.20176400694634858,,0.27816901408450706
0.5222222222222223,0.1539509536784741,0.25683209944246416,,0.23943661971830985
0.5666666666666667,0.10717529518619437,0.34640343661456907,,0.1924882629107981
0.537037037037037,0.07258552830759915,0.32629558541266795,,0.16549295774647887
0.43703703703703706,0.03966091432031487,0.36011333516131977,,0.16784037558685444
0.2740740740740741,0.05457160157432637,0.2604880723882643,,0.15375586854460094
0.1,0.09521646987587043,0.17137373183438442,,0.18779342723004697
0.07777777777777778,0.15319406600060548,0.11699113426560644,,0.17840375586854457
0.022222222222222223,0.24197699061459277,0.09734027968193035,,0.18544600938967135
0.022222222222222223,0.2856494096276112,0.10076775431861804,,0.1948356807511737
0.003703703703703704,0.18180442022403873,0.12247509368430672,,0.15140845070422534
0.0,0.05684226460793219,0.09391280504524266,,0.13497652582159625
0.003703703703703704,0.029594308204662426,0.08728635408097979,,0.08215962441314555
0.02962962962962963,0.03625491976990614,0.12681656155744447,,0.05399061032863849
0.13703703703703704,0.06494096276112625,0.11721963257471894,,0.0528169014084507
0.2296296296296296,0.16000605510142293,0.13001553788501966,,0.05868544600938967
0.16296296296296298,0.25719043293975175,0.14875239923224567,,0.07629107981220656
0.08518518518518518,0.2954132606721163,0.10236724248240564,,0.07511737089201878
0.014814814814814815,0.2888283378746594,0.05712457727812815,,0.09154929577464789
0.003703703703703704,0.2997275204359673,0.04432867196782744,,0.07394366197183098
0.011111111111111112,0.29654859218891916,0.03907321085823965,,0.057511737089201875
0.05925925925925926,0.24833484710868906,0.030847271730189196,,0.0528169014084507
0.15185185185185185,0.18861640932485618,0.03244675989397678,,0.0528169014084507
0.27037037037037037,0.1524371783227369,0.031075770039301707,,0.03990610328638498
0.2111111111111111,0.1572055706933091,0.027876793711726532,,0.046948356807511735
0.014814814814814815,0.11890705419315775,0.03198976327575176,,0.05985915492957746
0.0,0.0977141992128368,0.0326752582030893,,0.06455399061032864
0.3592592592592593,0.18528610354223432,0.03793071931267709,,0.08450704225352113
0.15925925925925924,0.22615803814713897,0.06078055022392835,,0.08450704225352113
0.15555555555555556,0.27444747199515596,0.03541723791243945,,0.12323943661971831
0.13333333333333333,0.3082803511958826,0.029933278493739147,,0.13967136150234744
0.14444444444444443,0.2611262488646685,0.03381774974865186,,0.13967136150234744
0.23703703703703705,0.2822434150772025,0.039301709167352164,,0.12206572769953052
0.2814814814814815,0.37102633969118987,0.047299149986290104,,0.13732394366197184
0.3925925925925926,0.4884196185286104,0.16269079608810896,,0.15023474178403756
0.5888888888888889,0.5152891310929457,0.31372817841147976,,0.17723004694835678
0.5925925925925926,0.6272328186497125,0.419065898912348,,0.24647887323943662
0.5962962962962963,0.6812745988495307,0.5088657343935655,,0.30633802816901406
0.5888888888888889,0.6959582198001817,0.6217438990951467,,0.26995305164319244
0.5703703703703703,0.7108689070541933,0.6468787130975231,,0.2711267605633803
0.537037037037037,0.7130638813200122,0.7391920299789781,,0.3732394366197183
0.5851851851851853,0.7188919164396004,0.7446759893976785,,0.3122065727699531
0.7925925925925925,0.7251740841659097,0.7499314505072663,,0.2605633802816901
0.9592592592592594,0.7282016348773842,0.7700393017091673,,0.323943661971831
0.9888888888888889,0.7250983953981228,0.8070560277853944,,0.3814553990610328
0.9851851851851852,0.7161671207992734,0.791289644456631,,0.41666666666666663
0.9555555555555556,0.6847562821677262,0.7666118270724797,,0.4284037558685446
0.9333333333333333,0.6769603390856798,0.756100904853304,,0.38849765258215957
0.9666666666666667,0.6506206478958524,0.7154282058312769,,0.36971830985915494
0.9222222222222223,0.6410838631547078,0.6708710355543369,,0.31455399061032857
0.9666666666666667,0.6150469270360279,0.6608171099533865,,0.37206572769953056
0.9555555555555556,0.5984710868907055,0.6427657435334979,,0.3896713615023474
0.9518518518518518,0.541174689676052,0.6078055022392834,,0.39319248826291087
0.837037037037037,0.4841810475325462,0.6007220546567956,,0.3685446009389672
0.8444444444444444,0.4538298516500151,0.5429119824513299,,0.3321596244131455
0.9037037037037037,0.4717680896155011,0.30138926971940405,,0.37206572769953056
0.6925925925925925,0.4146987587042083,0.2236998446211498,,0.36032863849765256
0.6481481481481481,0.3363608840448078,0.36034183347043236,,0.3544600938967137
0.6407407407407407,0.33908567968513476,0.5506809249611553,,0.33333333333333337
0.8074074074074075,0.29798667877686946,0.48830088657343934,,0.2687793427230047
0.5925925925925926,0.28481683318195583,0.4599670962434878,,0.2746478873239437
0.9555555555555556,0.25893127459884957,0.5113792157938031,,0.2746478873239437
0.9518518518518518,0.308053284892522,0.46408006580751304,,0.2276995305164319
0.9925925925925927,0.3223584620042386,0.31669865642994244,,0.23004694835680753
1.0148148148148148,0.2672570390554042,0.27831094049904037,,0.25704225352112675
0.9444444444444444,0.2189676052073872,0.1834841422173476,,0.21361502347417838
0.9407407407407407,0.25408719346049047,0.17640069463485972,,0.17488262910798122
0.8074074074074075,0.23077505298213746,0.14738140937757063,,0.1807511737089202
0.4925925925925926,0.2250983953981229,0.12361758522986932,,0.1748826291079812
0.7407407407407408,0.1352558280351196,0.09094232702678001,,0.1643192488262911
0.6444444444444445,0.0344383893430215,0.058267068823690704,,0.13028169014084506
0.7555555555555555,0.011050560096881623,0.04592816013161503,,0.10680751173708919
0.6777777777777778,0.028307599152285805,0.042957682113152366,,0.12323943661971831
0.4851851851851852,0.018165304268846504,0.017137373183438442,,0.1443661971830986
0.1851851851851852,0.013396911898274296,0.00891143405538799,,0.15610328638497656
0.02592592592592593,0.02225249772933697,0.0063979526551503525,,0.15375586854460094
0.1111111111111111,0.01922494701786255,0.03838771593090211,,0.10328638497652581
0.03333333333333333,0.044732061762034515,0.39301709167352156,,0.13145539906103287
0.014814814814814815,0.2692249470178626,0.5794717119093319,,0.16666666666666669
0.007407407407407408,0.474492885255828,0.6224293940224842,,0.15023474178403756
0.003703703703703704,0.5993036633363609,0.5956950918563202,,0.15375586854460094
0.011111111111111112,0.6080078716318499,0.49218535782835204,,0.1443661971830986
0.007407407407407408,0.5451105056009687,0.44488620784206195,,0.14553990610328638
0.0,0.5336815016651529,0.47550498126313856,,0.1455399061032864
0.007407407407407408,0.5995307296397215,0.47687597111781377,,0.17136150234741784
0.022222222222222223,0.6416893732970027,0.5017822868110776,,0.19835680751173707
0.5222222222222223,0.647441719648804,0.49332784937391466,,0.181924882629108
0.4703703703703703,0.644262791401756,0.5292020839045792,,0.20187793427230047
0.7481481481481481,0.6233726914925825,0.5326295585412668,,0.20774647887323944
0.9851851851851852,0.647971541023312,0.6096334887121836,,0.20305164319248825
0.8259259259259258,0.6586436572812594,0.657161137007586,,0.21596244131455397
0.9037037037037037,0.6628065395095368,0.6541906589891234,,0.2488262910798122
0.9592592592592594,0.6813502876173176,0.6621880998080614,,0.2652582159624413
1.0074074074074073,0.6947471995155919,0.6356822959510099,,0.25704225352112675
1.0,0.6883893430214957,0.6251713737318344,,0.33098591549295775
0.9407407407407407,0.6724190130184681,0.5806142034548945,,0.3591549295774648
0.8703703703703703,0.6824856191341204,0.6233433872589342,,0.34507042253521125
0.9518518518518518,0.7074629125037845,0.653962160680011,,0.3438967136150235
0.837037037037037,0.7103390856796852,0.7165706973768394,,0.39436619718309857
0.41481481481481486,0.7116257947320618,0.7129147244310391,,0.41314553990610325
0.4851851851851852,0.7065546472903421,0.6539621606800111,,0.41314553990610325
0.3814814814814815,0.7058734483802604,0.5938671053834201,,0.4295774647887324
0.04814814814814815,0.6991371480472298,0.7236541449593273,,0.40727699530516437
0.011111111111111112,0.7045110505600968,0.7165706973768394,,0.4143192488262911
0.07037037037037037,0.7040569179533757,0.753358925143954,,0.3908450704225352
0.11851851851851852,0.6938389343021496,0.7364500502696281,,0.39436619718309857
0.18888888888888888,0.6982288828337875,0.735993053651403,,0.42136150234741787
0.4888888888888889,0.6944444444444444,0.7485604606525912,,0.38615023474178406
0.9814814814814815,0.6730245231607629,0.7499314505072664,,0.28286384976525825
0.9481481481481482,0.6640175597941265,0.7474179691070286,,0.26173708920187794
0.9925925925925927,0.657811080835604,0.7608993693446668,,0.33685446009389675
1.0,0.6720405691795337,0.7599853761082168,,0.26995305164319244
0.9629629629629629,0.6580381471389646,0.77392377296408,,0.3051643192488263
0.9592592592592594,0.6222373599757797,0.7524449319075038,,0.42136150234741787
1.0148148148148148,0.5996821071752951,0.7460469792523536,,0.41666666666666663
0.9629629629629629,0.5859067514380866,0.7451329860159036,,0.403755868544601
0.9333333333333333,0.5603996366939146,0.727995612832465,,0.4295774647887324
0.9703703703703704,0.5517711171662125,0.7227401517228772,,0.43075117370892013
0.9703703703703704,0.5996064184075083,0.6969198427931633,,0.43075117370892013
0.9814814814814815,0.5844686648501363,0.7718672881820674,,0.43075117370892013
0.9888888888888889,0.5785649409627611,0.7688968101636048,,0.431924882629108
0.8925925925925926,0.6132303966091432,0.526917100813454,,0.42136150234741787
0.6296296296296297,0.624129579170451,0.49812631386527734,,0.41901408450704225
0.2296296296296296,0.5309567060248259,0.3658257928891326,,0.4295774647887324
0.16666666666666666,0.4638207689978807,0.38936111872772144,,0.4295774647887324
0.15925925925925924,0.5161973963063881,0.6957773512476009,,0.42723004694835676
0.2777777777777778,0.3582349379352104,0.7599853761082167,,0.42840375586854457
0.34074074074074073,0.22547683923705722,0.698976327575176,,0.38028169014084506
0.1111111111111111,0.20617620345140777,0.5477104469426927,,0.357981220657277
0.24814814814814817,0.07629427792915532,0.4485421807878622,,0.33685446009389675
0.2777777777777778,0.1429003935815925,0.4197513938396855,,0.39671361502347424
0.2222222222222222,0.21351801392673325,0.5143496938122658,,0.4237089201877934
0.3888888888888889,0.2705873448380261,0.6450507266246229,,0.31924882629107987
0.8518518518518519,0.22199515591886163,0.7163421990677269,,0.323943661971831
0.5666666666666667,0.10770511656070239,0.7140572159766018,,0.29225352112676056
0.4481481481481482,0.0319406600060551,0.5488529384882551,,0.2300469483568075
0.18888888888888888,0.08938843475628218,0.597751576638333,,0.2805164319248826
0.4444444444444444,0.20943082046624284,0.5666758065990312,,0.38380281690140844
0.7518518518518519,0.29715410233121403,0.6201444109313592,,0.3896713615023474
0.9777777777777777,0.38396911898274294,0.6055205191481583,,0.4061032863849765
0.9296296296296296,0.3744323342415985,0.6274563568229595,,0.38380281690140844
1.0148148148148148,0.3558885861338177,0.5739877524906315,,0.4107981220657277
1.011111111111111,0.3098698153194066,0.529202083904579,,0.35680751173708913
1.0,0.29064486830154407,0.5079517411571154,,0.42370892018779344
0.7925925925925925,0.2814108386315471,0.527374097431679,,0.41666666666666663
0.7074074074074075,0.1367696033908568,0.5726167626359565,,0.34976525821596244
0.6222222222222222,0.02603693611867999,0.4179234073667855,,0.312206572769953
0.4,0.03330305782621859,0.36788227767114523,,0.31807511737089206
0.3333333333333333,0.10074174992431123,0.33543551777716846,,0.25
0.4074074074074074,0.25090826521344234,0.18508363038113518,,0.210093896713615
0.45185185185185184,0.40099909173478654,0.09368430673613017,,0.18544600938967137
0.3814814814814815,0.46170148349984863,0.13344301252170732,,0.16079812206572772
0.14444444444444443,0.42544656372994244,0.07151997075221643,,0.15492957746478872
0.05555555555555555,0.33666363911595515,0.025134814002376386,,0.13849765258215962
0.08148148148148149,0.2275961247350893,0.021707339365688697,,0.12910798122065728
0.1,0.24977293369663942,0.01805136641988849,,0.13849765258215962
0.07407407407407407,0.18543748107780805,0.003198976327575176,,0.1056338028169014
0.03333333333333333,0.06509234029669997,0.002741979709350151,,0.05985915492957746
0.037037037037037035,0.049651831668180435,0.002741979709350151,,0.048122065727699524
0.12962962962962965,0.12019376324553437,0.002741979709350151,,0.03755868544600939
0.11851851851851852,0.22676354828943385,0.07060597751576639,,0.051643192488262914
0.18888888888888888,0.2959430820466243,0.4202083904579106,,0.036384976525821594
0.10740740740740741,0.4104601877081441,0.42706333973128596,,0.07511737089201878
0.040740740740740744,0.5267181350287617,0.30755872406544194,,0.11150234741784038
0.0,0.5535876475930972,0.17548670139840963,,0.12089201877934273
0.011111111111111112,0.5034059945504087,0.11402065624714379,,0.10915492957746478
0.02592592592592593,0.21639418710263397,0.07403345215245408,,0.09859154929577464
0.08518518518518518,0.15379957614290038,0.10076775431861804,,0.09037558685446011
0.06666666666666667,0.2705116560702392,0.17388721323462208,,0.0880281690140845
0.02592592592592593,0.38548289433848015,0.25546110958778906,,0.09507042253521127
0.014814814814814815,0.4966696942173781,0.18645462023581025,,0.12089201877934273
0.02962962962962963,0.2994247653648199,0.1341285074490449,,0.13145539906103287
0.08148148148148149,0.2029972752043597,0.13252901928525732,,0.11502347417840375
0.003703703703703704,0.33795034816833186,0.14852390092313317,,0.11267605633802817
0.007407407407407408,0.4215864365728126,0.17571519970752217,,0.13145539906103287
0.0,0.5312594610959734,0.15035188739603328,,0.13849765258215962
0.0,0.5408719346049047,0.17183072845260947,,0.15845070422535212
0.007407407407407408,0.533075991522858,0.23078329220363766,,0.15492957746478872
0.05555555555555555,0.5326218589161368,0.3007037747920665,,0.15258215962441313
0.02962962962962963,0.5485921889191645,0.3516588977241568,,0.1455399061032864
0.07407407407407407,0.5641840750832577,0.34663193492368155,,0.15023474178403753
0.42962962962962964,0.5504087193460491,0.363312311488895,,0.181924882629108
0.925925925925926,0.5495004541326067,0.49218535782835204,,0.2124413145539906
0.8925925925925926,0.576445655464729,0.5844986747098071,,0.21009389671361503
0.7444444444444445,0.6001362397820164,0.6064345123846084,,0.18544600938967137
0.9629629629629629,0.5768240993036633,0.6222008957133717,,0.2276995305164319
0.9592592592592594,0.646987587042083,0.7033177954483136,,0.2640845070422535
0.8444444444444444,0.650772025431426,0.7396490265972032,,0.3544600938967137
0.9222222222222223,0.6491825613079019,0.7522164335983913,,0.34976525821596244
0.8555555555555555,0.6380563124432335,0.7371355451969656,,0.41901408450704225
0.8777777777777778,0.6309415682712685,0.726167626359565,,0.4237089201877934
1.0074074074074073,0.622085982440206,0.5883831459647199,,0.426056338028169
0.9814814814814815,0.6050560096881623,0.5056667580659904,,0.40492957746478875
1.0148148148148148,0.593248561913412,0.6763549949730372,,0.41314553990610325
1.011111111111111,0.5604753254617014,0.7046887853029886,,0.3990610328638497
1.0037037037037038,0.47835301241295797,0.6667580659903117,,0.3708920187793427
0.9629629629629629,0.3597487132909476,0.6094049904030711,,0.3122065727699531
0.7555555555555555,0.4150015137753557,0.5349145416323919,,0.2887323943661972
0.4444444444444444,0.39872842870118075,0.5682752947628188,,0.2981220657276995
0.5962962962962963,0.20481380563124432,0.5730737592541815,,0.2934272300469483
0.6962962962962963,0.11648501362397819,0.5513664198884928,,0.318075117370892
0.6740740740740742,0.07462912503784438,0.5191481583036285,,0.36150234741784043
0.4777777777777778,0.11913412049651831,0.41175395302074763,,0.352112676056338
0.8407407407407408,0.10997577959430821,0.32241111415775525,,0.3039906103286385
0.9851851851851852,0.06645473811686345,0.41403893611187276,,0.30516431924882625
1.0,0.03822282773236452,0.5049812631386528,,0.3110328638497653
0.9592592592592594,0.020360278534665453,0.562562837035006,,0.29107981220657275
0.8555555555555555,0.027399333938843473,0.5497669317247053,,0.23826291079812206
1.0074074074074073,0.09347562821677265,0.43163330591353627,,0.32981220657277
0.8222222222222222,0.17567363003330308,0.5653048167443562,,0.2828638497652582
0.562962962962963,0.33197093551316986,0.6155744447491087,,0.25704225352112675
0.5925925925925926,0.5024220405691796,0.627227858513847,,0.22887323943661972
0.6296296296296297,0.5696336663639117,0.6605886116442737,,0.2593896713615023
0.4185185185185185,0.5620647895852255,0.6806964628461749,,0.2887323943661972
0.5444444444444444,0.5186951256433545,0.5509094232702678,,0.3474178403755869
0.6444444444444445,0.5479866787768696,0.4074124851476099,,0.3755868544600939
0.5222222222222223,0.559642749016046,0.45311214697011243,,0.39553990610328643
0.5,0.5236905843172873,0.5191481583036285,,0.42136150234741787
0.4740740740740741,0.48009385407205574,0.5968375834018829,,0.3814553990610329
0.7555555555555555,0.46616712079927336,0.5945526003107577,,0.3673708920187793
0.7740740740740741,0.44724492885255834,0.47870395759071377,,0.35446009389671357
0.9148148148148149,0.3318195579775961,0.3214971209213052,,0.2863849765258216
0.8333333333333334,0.17181350287617314,0.3180696462846175,,0.24178403755868544
0.6703703703703703,0.0919618528610354,0.26528653687962717,,0.26291079812206575
0.4444444444444444,0.13306085376930066,0.22438533954848736,,0.26877934272300474
0.4777777777777778,0.16787768695125646,0.28310940499040305,,0.22300469483568078
0.7,0.16212534059945505,0.2223288547664747,,0.2018779342723005
0.6259259259259259,0.21571298819255225,0.3020747646467416,,0.2194835680751174
0.6222222222222222,0.2318346957311535,0.5431404807604423,,0.22183098591549297
0.9592592592592594,0.20322434150772026,0.5872406544191573,,0.22769953051643194
0.7481481481481481,0.23766273085074177,0.5657618133625811,,0.21009389671361503
0.7074074074074075,0.3434756282167727,0.5049812631386527,,0.21713615023474175
0.6037037037037036,0.3333333333333333,0.3132711817932548,,0.23004694835680753
0.5814814814814815,0.3349984862246443,0.25706059775157664,,0.210093896713615
0.4592592592592592,0.38306085376930066,0.5255461109587788,,0.15023474178403753
0.2518518518518518,0.5117317590069633,0.5575358742345307,,0.18779342723004694
0.3,0.5694066000605511,0.6132894616579838,,0.2300469483568075
0.1851851851851852,0.5851498637602179,0.4622520793346129,,0.23591549295774647
0.21851851851851853,0.5806842264607933,0.6064345123846083,,0.2699530516431925
0.3111111111111111,0.5427641537995762,0.5643908235079061,,0.27699530516431925
0.3888888888888889,0.44497426581895244,0.42203637693081075,,0.2652582159624413
0.6296296296296297,0.2840599455040872,0.15537885019650854,,0.27699530516431925
0.5185185185185186,0.22865576748410535,0.2488346586235262,,0.2511737089201878
0.21481481481481482,0.35626702997275206,0.2495201535508637,,0.25586854460093894
0.02592592592592593,0.42484105358764757,0.3765652134174207,,0.2300469483568075
0.15555555555555556,0.46185286103542234,0.5271455991225665,,0.2112676056338028
0.21851851851851853,0.5001513775355737,0.6423087469152728,,0.2535211267605634
0.34814814814814815,0.5620647895852255,0.6934923681564755,,0.30985915492957744
0.3925925925925926,0.6275355737208598,0.6496206928068732,,0.3004694835680751
0.3925925925925926,0.628519527702089,0.6788684763732749,,0.27699530516431925
0.6703703703703703,0.5980169542839842,0.6964628461749383,,0.3204225352112676
0.9481481481481482,0.5721313957008779,0.6738415135727996,,0.35798122065727705
1.0037037037037038,0.6262488646684832,0.6960058495567133,,0.29460093896713613
0.9222222222222223,0.6058885861338177,0.7343935654876154,,0.2887323943661972
1.011111111111111,0.5581289736603089,0.6742985101910245,,0.4272300469483568
1.0074074074074073,0.5693309112927641,0.7906041495292935,,0.44014084507042256
1.0185185185185184,0.5857553739025129,0.807284526094507,,0.4507042253521127
1.0148148148148148,0.608462004238571,0.8018005666758067,,0.4565727699530517
0.9962962962962962,0.6111867998788979,0.7958596106388813,,0.45422535211267606
0.9925925925925927,0.6363154707841358,0.792203637693081,,0.46361502347417843
0.8851851851851852,0.6363911595519225,0.798830088657344,,0.4624413145539906
1.0185185185185184,0.64971238268241,0.8113974956585321,,0.4647887323943662
1.0185185185185184,0.643127459884953,0.8113974956585321,,0.4647887323943662
1.0148148148148148,0.6448683015440508,0.8123114888949821,,0.4647887323943662
1.0148148148148148,0.6298819255222525,0.828306370532858,,0.4612676056338028
1.0185185185185184,0.6403269754768393,0.8271638789872954,,0.4647887323943662
1.011111111111111,0.6401755979412654,0.8049995430033817,,0.4647887323943662
1.011111111111111,0.6331365425370876,0.8045425463851568,,0.4647887323943662
1.0222222222222221,0.6354072055706933,0.797916095420894,,0.4647887323943662
1.011111111111111,0.6260974871329095,0.7986015903482314,,0.4647887323943662
1.0148148148148148,0.5803814713896458,0.8040855497669317,,0.4647887323943662
1.0074074074074073,0.5700121102028459,0.7976875971117813,,0.46361502347417843
1.0074074074074073,0.5635785649409628,0.8036285531487066,,0.4647887323943662
1.011111111111111,0.57160157432637,0.7924321360021935,,0.4647887323943662
1.0222222222222221,0.5688010899182562,0.7972306004935563,,0.4647887323943662
0.9777777777777777,0.5703148652739933,0.828763367151083,,0.4647887323943662
1.011111111111111,0.57160157432637,0.8253358925143953,,0.46244131455399057
1.011111111111111,0.5695579775961248,0.7933461292386436,,0.45422535211267606
1.0185185185185184,0.6139872842870118,0.8223654144959328,,0.46361502347417843
1.011111111111111,0.6297305479866788,0.8157389635316699,,0.4589201877934272
1.0074074074074073,0.6314713896457765,0.7796362306918928,,0.4788732394366197
1.0074074074074073,0.6239025128670904,0.7709532949456174,,0.48122065727699537
1.0074074074074073,0.6168634574629126,0.7972306004935563,,0.46713615023474175
1.0222222222222221,0.6260974871329095,0.7851201901105932,,0.48122065727699537
0.9481481481481482,0.6261731759006962,0.7791792340736678,,0.4859154929577465
0.9444444444444444,0.6260217983651226,0.7599853761082167,,0.4859154929577465
0.9777777777777777,0.6246594005449592,0.742619504615666,,0.48474178403755874
0.9703703703703704,0.6216318498334847,0.7746092678914176,,0.4859154929577465
1.011111111111111,0.618225855283076,0.7620418608902293,,0.4694835680751174
1.0037037037037038,0.6275355737208599,0.7554154099259666,,0.47652582159624407
0.9814814814814815,0.6274598849530729,0.7327940773238278,,0.477699530516432
0.9851851851851852,0.6134574629125038,0.6740700118819122,,0.47417840375586856
0.9925925925925927,0.5864365728125946,0.6688145507723242,,0.48122065727699537
0.9888888888888889,0.5877989706327581,0.6011790512750206,,0.4870892018779343
0.9925925925925927,0.5787920072661217,0.6381957773512476,,0.48474178403755874
0.9777777777777777,0.5715258855585831,0.654876153916461,,0.48122065727699537
0.974074074074074,0.5482137450802301,0.7670688236907047,,0.4483568075117371
0.9555555555555556,0.5516954283984257,0.7688968101636047,,0.44014084507042256
1.0,0.5852255525280049,0.7558724065441916,,0.4424882629107982
1.0148148148148148,0.5658492279745686,0.6365962891874599,,0.4225352112676056
0.9666666666666667,0.5753103239479261,0.4473996892422996,,0.44600938967136156
0.9814814814814815,0.6178474114441417,0.5148066904304908,,0.4753521126760563
0.9333333333333333,0.6191341204965184,0.5673613015263688,,0.4507042253521127
0.974074074074074,0.6206478958522554,0.58929713920117,,0.40727699530516437
0.8703703703703703,0.6210263396911898,0.6439082350790604,,0.35328638497652576
0.9481481481481482,0.6236754465637299,0.711086737958139,,0.2629107981220657
0.8037037037037037,0.6321525885558583,0.7138287176674892,,0.24882629107981222
0.7444444444444445,0.6313957008779898,0.7044602869938763,,0.24530516431924884
0.39629629629629626,0.6242809567060248,0.6708710355543368,,0.25
0.4592592592592592,0.6287465940054496,0.6023215428205831,,0.255868544600939
0.27037037037037037,0.6295791704511051,0.5838131797824695,,0.2887323943661972
0.24074074074074073,0.6176203451407811,0.5890686408920573,,0.2969483568075117
0.42962962962962964,0.6195125643354527,0.6434512384608353,,0.3004694835680751
0.40370370370370373,0.6209506509234028,0.6080340005483961,,0.24061032863849763
0.16296296296296298,0.5836360884044808,0.5618773421076684,,0.2605633802816901
0.3148148148148148,0.5605510142294884,0.38067818298144596,,0.2981220657276995
0.1962962962962963,0.49394489857705126,0.29704780184626633,,0.2934272300469484
0.13703703703703704,0.41939146230699365,0.24266520427748833,,0.24765258215962443
0.06296296296296296,0.3534665455646382,0.17594369801663468,,0.22887323943661972
0.03333333333333333,0.33900999091734785,0.08408737775340462,,0.22535211267605634
0.06666666666666667,0.4227974568574024,0.041129695640252255,,0.2312206572769953
0.011111111111111112,0.533605812897366,0.3500594095603693,,0.2335680751173709
0.011111111111111112,0.5634271874053891,0.3288090668129056,,0.2523474178403756
0.037037037037037035,0.5881774144716924,0.2725984827712275,,0.26173708920187794
0.1,0.5955949137148048,0.2904213508820035,,0.27230046948356806
0.43333333333333335,0.6045261883136543,0.2531761264966639,,0.2934272300469484
0.6037037037037036,0.6042991220102937,0.25020564847820126,,0.27699530516431925
0.6481481481481481,0.611111111111111,0.24129421442281326,,0.2347417840375587
0.6185185185185186,0.6123221313957008,0.227812814185175,,0.22652582159624415
0.6148148148148148,0.6046775658492279,0.21570240380221187,,0.21009389671361503
0.6555555555555556,0.6066454738116862,0.1821131523626725,,0.21596244131455397
0.6259259259259259,0.607402361489555,0.2826524083721781,,0.26173708920187794
0.6111111111111112,0.6373751135331517,0.33177954483136823,,0.29225352112676056
0.6555555555555556,0.632303966091432,0.36673978612558267,,0.3262910798122066
0.5962962962962963,0.6219346049046321,0.4469426926240746,,0.2758215962441315
0.6222222222222222,0.6127762640024221,0.46133808609816285,,0.3204225352112676
0.6555555555555556,0.5995307296397215,0.263458550406727,,0.30633802816901406
0.5777777777777777,0.5576748410535877,0.17068823690704688,,0.27816901408450706
0.6518518518518519,0.5387526491068725,0.2038204917283612,,0.31690140845070425
0.637037037037037,0.4956100514683621,0.23581025500411296,,0.27934272300469487
0.6037037037037036,0.35588858613381774,0.2602595740791518,,0.284037558685446
0.5851851851851853,0.30199818346957313,0.22644182433049997,,0.25821596244131456
0.6074074074074074,0.19315773539206782,0.2691710081345398,,0.27699530516431925
0.5851851851851853,0.1656827126854375,0.3283520701946805,,0.29225352112676056
0.6037037037037036,0.12935210414774448,0.34457545014166896,,0.25938967136150237
0.6259259259259259,0.12488646684831971,0.37976418974499593,,0.26877934272300474
0.6740740740740742,0.14971238268240994,0.41426743442098524,,0.2805164319248826
0.6740740740740742,0.14002422040569182,0.40192852572890964,,0.3403755868544601
0.6481481481481481,0.10278534665455648,0.3397769856503062,,0.289906103286385
0.6037037037037036,0.06320012110202847,0.32332510739420534,,0.2734741784037559
0.6148148148148148,0.07712685437481077,0.36216981994333236,,0.2605633802816901
0.6555555555555556,0.09256736300333032,0.4147244310392103,,0.23943661971830985
0.6703703703703703,0.11095973357553739,0.3898181153459464,,0.22887323943661972
0.5777777777777777,0.09809264305177112,0.39393108490997164,,0.29107981220657275
0.6481481481481481,0.11307901907356946,0.4215793803125856,,0.30985915492957744
0.6296296296296297,0.17877686951256433,0.4051275020564848,,0.3497652582159624
0.5444444444444444,0.21813502876173174,0.36445480303445754,,0.38028169014084506
0.4481481481481482,0.25158946412352406,0.3258385887944429,,0.3004694835680751
0.4222222222222222,0.2735392067817136,0.2547756146604515,,0.2981220657276995
0.5962962962962963,0.26052073872237363,0.23512476007677538,,0.32511737089201875
0.6518518518518519,0.1386618225855283,0.2543186180422265,,0.29107981220657275
0.6592592592592592,0.06509234029669997,0.24426469244127594,,0.30516431924882625
0.6666666666666666,0.024750227066303362,0.20359199341924872,,0.26995305164319244
0.5888888888888889,0.009309718437783833,0.14898089754135818,,0.19131455399061034
0.6259259259259259,0.006282167726309416,0.18462663376291016,,0.18309859154929578
0.6074074074074074,0.006055101422948835,0.1622337994698839,,0.15140845070422534
0.6518518518518519,0.008250075688767787,0.15949181976053375,,0.14906103286384978
0.5851851851851853,0.003027550711474417,0.15309386710538342,,0.176056338028169
0.6333333333333333,0.00522252497729337,0.15720683666940863,,0.22887323943661972
0.6444444444444445,0.006963366636391161,0.14281144319532038,,0.17840375586854462
0.4925925925925926,0.005525280048440812,0.13504250068549492,,0.1455399061032864
0.462962962962963,0.001211020284589767,0.08591536422630473,,0.15258215962441316
0.5037037037037037,0.0027247956403269754,0.0779179234073668,,0.1443661971830986
0.5259259259259259,0.003935815924916742,0.0345032446759894,,0.13028169014084506
0.48148148148148145,0.005449591280653951,0.012338908692075679,,0.1255868544600939
0.34444444444444444,0.01074780502573418,0.012338908692075679,,0.09272300469483569
0.24814814814814817,0.0700121102028459,0.027419797093501508,,0.11502347417840375
0.18888888888888888,0.12473508931274598,0.044785668586052464,,0.08685446009389672
0.2962962962962963,0.19308204662428094,0.02056484782012613,,0.09859154929577464
0.06296296296296296,0.23645171056615194,0.013481400237638242,,0.13262910798122066
0.07407407407407407,0.2667272176808962,0.017594369801663467,,0.1244131455399061
0.022222222222222223,0.21889191643960038,0.021707339365688697,,0.11150234741784039
0.03333333333333333,0.18710263396911897,0.020793346129238645,,0.0880281690140845
0.07037037037037037,0.13533151680290642,0.012338908692075679,,0.09389671361502347
0.007407407407407408,0.1000605510142295,0.012338908692075679,,0.055164319248826296
0.040740740740740744,0.052452316076294275,0.013709898546750754,,0.046948356807511735
0.011111111111111112,0.013926733272782318,0.01690887487432593,,0.03873239436619718
0.007407407407407408,0.0137753557372086,0.025134814002376386,,0.03286384976525822
0.0,0.029897063275809873,0.02650580385705146,,0.025821596244131457
0.05555555555555555,0.02459884953072964,0.03358925143953935,,0.046948356807511735
0.17407407407407408,0.017105661519830458,0.05186911616854035,,0.07042253521126761
0.2296296296296296,0.016954283984256736,0.072662462297779,,0.09976525821596242
0.14444444444444443,0.05192249470178626,0.06603601133351614,,0.17136150234741784
0.16296296296296298,0.0962004238570996,0.08637236084452975,,0.20539906103286384
0.12962962962962965,0.12140478353012414,0.03153276665752673,,0.11502347417840375
0.1,0.10074174992431123,0.44922767571519967,,0.1068075117370892
0.040740740740740744,0.3141840750832577,0.6960058495567133,,0.16901408450704225
0.022222222222222223,0.5170299727520435,0.7321085823964902,,0.29694835680751175
0.003703703703703704,0.5062821677263094,0.7394205282880906,,0.4154929577464789
0.007407407407407408,0.46843778383287915,0.7394205282880906,,0.4835680751173709
0.06666666666666667,0.5792461398728429,0.7597568777991043,,0.4859154929577465
0.13333333333333333,0.6061156524371785,0.7723242848002925,,0.4530516431924883
0.4074074074074074,0.6017257039055404,0.7812357188556804,,0.4565727699530517
0.7777777777777778,0.5801544050862852,0.7613563659628918,,0.4859154929577465
0.9666666666666667,0.5527550711474417,0.7965451055662188,,0.4859154929577465
0.9666666666666667,0.5012867090523766,0.7869481765834931,,0.48474178403755874
1.0037037037037038,0.5543445352709658,0.7828352070194681,,0.4859154929577465
1.011111111111111,0.5643354526188313,0.782378210401243,,0.48474178403755874
1.0148148148148148,0.616030881017257,0.7803217256192305,,0.4859154929577465
0.8962962962962964,0.6244323342415985,0.7640983456722421,,0.4835680751173709
0.6592592592592592,0.6367696033908568,0.7421625079974409,,0.4835680751173709
1.0148148148148148,0.6387375113533151,0.7453614843250159,,0.48356807511737093
1.011111111111111,0.6320012110202847,0.736450050269628,,0.4788732394366197
1.0074074074074073,0.6247350893127461,0.6087194954757335,,0.46244131455399057
1.0074074074074073,0.6190584317287314,0.5707887761630565,,0.46596244131455394
1.011111111111111,0.5953678474114441,0.6928068732291381,,0.465962441314554
1.0148148148148148,0.5971086890705419,0.7327940773238278,,0.465962441314554
1.0074074074074073,0.6082349379352104,0.6996618225025135,,0.47183098591549294
1.0037037037037038,0.6085376930063578,0.6224293940224842,,0.47183098591549294
1.0074074074074073,0.609521646987587,0.653048167443561,,0.4706572769953052
1.0074074074074073,0.6273085074174991,0.6992048258842886,,0.4753521126760563
0.8222222222222222,0.6378292461398728,0.6996618225025134,,0.44835680751173707
1.011111111111111,0.6399485316379049,0.6761264966639247,,0.4507042253521127
1.0074074074074073,0.6219346049046321,0.7615848642720043,,0.38028169014084506
1.0148148148148148,0.642597638510445,0.7460469792523535,,0.30868544600938974
0.9703703703703704,0.6522101120193763,0.7460469792523536,,0.2676056338028169
0.9296296296296296,0.6508477141992128,0.7844346951832557,,0.2992957746478873
0.8851851851851852,0.6490311837723283,0.7586143862535416,,0.37441314553990607
0.8592592592592593,0.6373751135331517,0.7647838405995795,,0.4295774647887324
0.7,0.6691643960036331,0.7960881089479938,,0.4342723004694835
0.5740740740740741,0.6605358764759309,0.7853486884197057,,0.4389671361502347
0.8518518518518519,0.6423705722070845,0.7405630198336532,,0.35798122065727705
0.8666666666666667,0.5675900696336663,0.5945526003107576,,0.32863849765258213
0.6962962962962963,0.3539963669391462,0.2170733936568869,,0.3438967136150235
0.5481481481481482,0.34536784741144416,0.191253084727173,,0.318075117370892
0.9148148148148149,0.4838782924613988,0.4588246046979252,,0.34507042253521125
0.9,0.4567060248259159,0.5374280230326295,,0.33098591549295775
0.5148148148148148,0.5278534665455646,0.5602778539438807,,0.3251173708920188
0.4592592592592592,0.5235392067817136,0.5701032812357189,,0.2676056338028169
0.5481481481481482,0.5537390251286709,0.5972945800201079,,0.2934272300469483
0.837037037037037,0.5607780805328489,0.6288273466776345,,0.2887323943661972
0.9222222222222223,0.574856191341205,0.6452792249337355,,0.30633802816901406
0.974074074074074,0.5808356039963669,0.6555616488437986,,0.2734741784037559
0.9629629629629629,0.5865879503481682,0.6507631843524359,,0.2593896713615023
0.8962962962962964,0.572055706933091,0.6448222283155105,,0.31455399061032857
0.9111111111111111,0.5572963972146534,0.6562471437711361,,0.357981220657277
0.9666666666666667,0.5565395095367847,0.6436797367699479,,0.4014084507042254
0.7555555555555555,0.604601877081441,0.7026323005209762,,0.3767605633802817
0.8037037037037037,0.6133060853769301,0.7458184809432409,,0.35328638497652576
1.0185185185185184,0.6234483802603693,0.751987935289279,,0.3685446009389672
0.9962962962962962,0.6400242204056918,0.7739237729640802,,0.34037558685446007
1.0037037037037038,0.6470632758098698,0.7821497120921305,,0.3345070422535211
0.9555555555555556,0.6509990917347865,0.7887761630563934,,0.42488262910798125
0.9370370370370371,0.6644716924008478,0.7851201901105932,,0.4471830985915493
0.9777777777777777,0.6562216167120799,0.7151997075221643,,0.4424882629107982
0.9518518518518518,0.6111867998788979,0.42843432958596106,,0.494131455399061
0.9851851851851852,0.5545716015743265,0.37610821679919565,,0.45422535211267606
0.9333333333333333,0.45390554041780207,0.31532766657526734,,0.477699530516432
0.9777777777777777,0.28776869512564335,0.2785394388081528,,0.4495305164319249
1.0185185185185184,0.19368755676657584,0.27762544557170277,,0.36150234741784043
0.9,0.1283681501665153,0.3724522438533955,,0.40962441314553993
0.8851851851851852,0.10392067817135936,0.36902476921670774,,0.4107981220657277
0.9851851851851852,0.10505600968816228,0.33886299241385615,,0.3368544600938967
0.662962962962963,0.06993642143505903,0.3329220363769308,,0.4753521126760563
1.0074074074074073,0.07485619134120497,0.27191298784389,,0.49882629107981225
1.0037037037037038,0.04775961247350893,0.26345855040672694,,0.477699530516432
0.9185185185185184,0.10626702997275204,0.217987386893337,,0.3826291079812207
0.837037037037037,0.11580381471389646,0.14144045334064528,,0.31338028169014087
0.8777777777777778,0.11489554950045414,0.17388721323462208,,0.289906103286385
0.7888888888888889,0.16379049349076596,0.2764829540261402,,0.28169014084507044
0.9296296296296296,0.2198001816530427,0.2968193035371538,,0.24882629107981222
0.9074074074074074,0.1790796245837118,0.35462937574261955,,0.24530516431924881
0.8703703703703703,0.22055706933091132,0.20313499680102368,,0.25704225352112675
0.8925925925925926,0.2784589766878595,0.25888858422447675,,0.25
0.42592592592592593,0.39358159249167424,0.2760259574079152,,0.23943661971830985
0.24814814814814817,0.3923705722070844,0.21227492916552415,,0.1995305164319249
0.5296296296296297,0.42158643657281264,0.16771775888858423,,0.18192488262910797
0.39629629629629626,0.4794883439297608,0.13161502604880723,,0.21009389671361503
0.2222222222222222,0.48486224644262793,0.059866556987478295,,0.1842723004694836
0.42592592592592593,0.44542839842567367,0.07129147244310392,,0.18896713615023475
0.3296296296296296,0.4262034514078111,0.05621058404167809,,0.17840375586854462
0.2037037037037037,0.36701483499848625,0.03655972945800202,,0.18544600938967137
0.05555555555555555,0.30298213745080227,0.03153276665752673,,0.18309859154929578
0.06296296296296296,0.35475325461701485,0.0,,0.16784037558685447
0.022222222222222223,0.2708144111413866,0.03198976327575176,,0.11619718309859155
0.0,0.21026339691189827,0.02627730554793894,,0.11737089201877934
0.007407407407407408,0.1883893430214956,0.02079334612923864,,0.0903755868544601
0.0,0.1281410838631547,0.015766383328763366,,0.08920187793427231
0.037037037037037035,0.0746291250378444,0.005483959418700302,,0.08333333333333333
0.05555555555555555,0.07682409930366332,0.1199616122840691,,0.0903755868544601
0.040740740740740744,0.06441114138661823,0.3694817658349328,,0.046948356807511735
0.007407407407407408,0.04685134726006661,0.30870121561100444,,0.0868544600938967
0.007407407407407408,0.03224341507720254,0.21296042409286173,,0.13028169014084506
0.003703703703703704,0.11201937632455343,0.2051914815830363,,0.1396713615023474
0.003703703703703704,0.3322736905843173,0.15355086372360843,,0.18309859154929578
0.08148148148148149,0.5431425976385104,0.145324924595558,,0.18544600938967137
0.1111111111111111,0.5784135634271874,0.11744813088383148,,0.1936619718309859
0.1111111111111111,0.546624280956706,0.10168174755506809,,0.2112676056338028
0.13333333333333333,0.5244474719951558,0.12178959875696921,,0.23591549295774647
0.17407407407407408,0.5846957311534968,0.19056758979983549,,0.27230046948356806
0.1962962962962963,0.6444898577051167,0.2470066721506261,,0.29577464788732394
0.2518518518518518,0.6712079927338783,0.23215428205831276,,0.25234741784037557
0.4481481481481482,0.6597789887980623,0.2284983091125126,,0.23943661971830985
0.5962962962962963,0.5335301241295792,0.2515766383328764,,0.21830985915492956
0.3814814814814815,0.555858310626703,0.30230326295585414,,0.22183098591549297
0.3814814814814815,0.5413260672116257,0.34845992139658166,,0.23708920187793425
0.5,0.4410384498940357,0.21181793254729914,,0.2300469483568075
0.7925925925925925,0.3315924916742355,0.08660085915364227,,0.22887323943661972
0.8777777777777778,0.29253708749621554,0.08363038113517961,,0.26291079812206575
0.9703703703703704,0.3944141689373297,0.0984827712274929,,0.2676056338028169
0.9851851851851852,0.4395246745382986,0.10876519513755599,,0.25704225352112675
1.0148148148148148,0.4411141386618226,0.13184352435791977,,0.2875586854460094
1.0148148148148148,0.42529518619436874,0.1816561557444475,,0.29577464788732394
1.0185185185185184,0.3977444747199516,0.2547756146604515,,0.26877934272300474
0.9925925925925927,0.2988949439903118,0.29887578831916645,,0.25821596244131456
0.9962962962962962,0.12314562518922191,0.3059592359016543,,0.2699530516431925
1.0,0.05283075991522857,0.23832373640435064,,0.30046948356807507
0.9888888888888889,0.022101120193763247,0.191253084727173,,0.33685446009389675
1.0037037037037038,0.05858310626702997,0.35074490448770684,,0.3157276995305165
0.9777777777777777,0.21798365122615804,0.31349968010236723,,0.2687793427230047
0.9148148148148149,0.440887072358462,0.5081802394662279,,0.2676056338028169
0.8777777777777778,0.5920375416288223,0.690978886756238,,0.2746478873239437
0.7407407407407408,0.6422948834392975,0.7241111415775523,,0.2875586854460094
0.6148148148148148,0.6438086587950348,0.7257106297413399,,0.30868544600938974
0.39629629629629626,0.6548592188919165,0.7339365688693903,,0.40492957746478875
0.2222222222222222,0.6625037844383894,0.7024038022118637,,0.3791079812206573
0.26296296296296295,0.6532697547683923,0.6843524357919751,,0.42488262910798125
0.32222222222222224,0.6531183772328186,0.556850379307193,,0.3720657276995305
0.37407407407407406,0.5974871329094762,0.3096152088474545,,0.32629107981220656
0.4851851851851852,0.5675900696336663,0.39141760350973404,,0.3438967136150235
0.4592592592592592,0.515213442325159,0.264372543643177,,0.3603286384976526
0.462962962962963,0.4527702089009991,0.17297321999817203,,0.3626760563380282
0.7037037037037037,0.4002422040569179,0.1332145142125948,,0.35563380281690143
0.6111111111111112,0.23259158340902208,0.145781921213783,,0.3274647887323944
0.7962962962962963,0.24447471995155917,0.2040489900374737,,0.32981220657277
0.9074074074074074,0.3278080532848925,0.23009779727630014,,0.36502347417840375
0.8407407407407408,0.45231607629427784,0.4110684580934101,,0.31807511737089206
0.8296296296296297,0.40591886164093244,0.4407732382780367,,0.2863849765258216
0.9296296296296296,0.30328489252194973,0.3468604332327941,,0.29694835680751175
0.9888888888888889,0.16379049349076596,0.28927885933644093,,0.3251173708920188
0.8851851851851852,0.13646684831970934,0.31372817841147976,,0.3227699530516432
0.9518518518518518,0.13192552225249773,0.45471163513389995,,0.352112676056338
0.9777777777777777,0.16379049349076596,0.49012887304633945,,0.30868544600938963
1.0148148148148148,0.10906751438086587,0.5031532766657526,,0.3145539906103287
1.0074074074074073,0.11648501362397821,0.48555890686408915,,0.318075117370892
1.0185185185185184,0.17166212534059946,0.5394845078146422,,0.34507042253521125
0.974074074074074,0.2713442325158946,0.5472534503244677,,0.34624413145539906
0.9851851851851852,0.3599757795943082,0.6329403162416598,,0.4119718309859155
0.9814814814814815,0.3710263396911898,0.6343113060963349,,0.47183098591549294
0.8888888888888888,0.33810172570390556,0.38799012887304635,,0.43661971830985913
0.9370370370370371,0.272782319103845,0.3829631660725711,,0.437793427230047
0.9,0.2185134726006661,0.3528013892697194,,0.477699530516432
0.7444444444444445,0.12594610959733574,0.38799012887304635,,0.38615023474178406
0.762962962962963,0.037768695125643355,0.3841056576181336,,0.4178403755868545
0.8037037037037037,0.01922494701786255,0.37839319989032083,,0.3474178403755869
0.7407407407407408,0.02739933393884348,0.29978978155561653,,0.3744131455399061
0.7074074074074075,0.02611262488646685,0.3532583858879444,,0.35680751173708913
0.9555555555555556,0.020057523463518016,0.4798464491362764,,0.3474178403755869
0.7925925925925925,0.009612473508931275,0.3882186271821589,,0.2640845070422535
0.9666666666666667,0.01755979412655162,0.3029887578831917,,0.2652582159624413
0.9037037037037037,0.0065092340296699965,0.25706059775157664,,0.2805164319248826
0.9370370370370371,0.016424462609748714,0.25363312311488895,,0.18309859154929578
0.9407407407407407,0.020360278534665457,0.15972031806964632,,0.17018779342723006
1.011111111111111,0.0315622161671208,0.10465222557353077,,0.13849765258215962
0.9777777777777777,0.013321223130487433,0.05803857051457819,,0.15962441314553993
0.8481481481481481,0.008477141992128368,0.02559181062060141,,0.14906103286384975
0.5888888888888889,0.01581895246745383,0.02307832922036377,,0.13497652582159622
0.6703703703703703,0.023917650620647896,0.007997440818937938,,0.11737089201877934
0.6444444444444445,0.051014229488343936,0.007311945891600401,,0.10446009389671361
0.5111111111111111,0.13283378746594005,0.007083447582487891,,0.11384976525821597
0.3888888888888889,0.1639418710263397,0.010967918837400604,,0.11267605633802817
0.3592592592592593,0.23372691492582504,0.009596928982725527,,0.0868544600938967
0.4185185185185185,0.25484408113835905,0.005483959418700302,,0.10093896713615023
0.1962962962962963,0.2699061459279443,0.005483959418700302,,0.11267605633802817
0.3185185185185185,0.31320012110202844,0.012338908692075679,,0.11384976525821597
0.2962962962962963,0.2624129579170451,0.05712457727812815,,0.11619718309859155
0.1,0.10467756584922798,0.037016726076227045,,0.11619718309859155
0.24074074074074073,0.08530124129579171,0.00891143405538799,,0.12910798122065728
0.13703703703703704,0.1786254919769906,0.013709898546750756,,0.11032863849765259
0.1111111111111111,0.24409627611262488,0.006854949273375377,,0.1068075117370892
0.16666666666666666,0.15379957614290038,0.0063979526551503525,,0.10211267605633803
0.16296296296296298,0.06145927944293066,0.005940956036925326,,0.09507042253521127
0.11851851851851852,0.05881017257039056,0.013024403619413217,,0.10798122065727699
0.040740740740740744,0.10089312745988495,0.04798464491362763,,0.10211267605633803
0.05555555555555555,0.12170753860127155,0.08614386253541724,,0.09741784037558684
0.05555555555555555,0.16515289131092944,0.06420802486061603,,0.08568075117370892
0.007407407407407408,0.18233424159854678,0.05209761447765286,,0.07746478873239436
0.018518518518518517,0.24538298516500148,0.052326112786765376,,0.08568075117370892
0.003703703703703704,0.2038298516500151,0.10533772050086829,,0.09154929577464789
0.0,0.21276112624886467,0.05598208573256558,,0.0903755868544601
0.014814814814814815,0.3371177717226763,0.09071382871766749,,0.1244131455399061
0.02962962962962963,0.4904632152588556,0.04684215336806508,,0.1795774647887324
0.0,0.46313957008779894,0.0436431770404899,,0.1596244131455399
0.0,0.4719951559188617,0.03724522438533955,,0.23826291079812204
0.02962962962962963,0.5112019376324554,0.03290375651220181,,0.3157276995305165
0.05925925925925926,0.49106872540115054,0.03930170916735216,,0.27816901408450706
0.022222222222222223,0.5716772630941568,0.0674070011881912,,0.3051643192488263
0.0,0.620950650923403,0.0964262864454803,,0.24765258215962443
0.0,0.6450196790796247,0.12110410382963167,,0.21596244131455397
0.0,0.636088404480775,0.12567407001188194,,0.2194835680751174
0.02962962962962963,0.5900696336663639,0.12498857508454436,,0.3145539906103287
0.1148148148148148,0.5863608840448077,0.14989489077780827,,0.3791079812206573
0.044444444444444446,0.5893884347562821,0.15309386710538345,,0.3626760563380282
0.0,0.6078564940962761,0.22804131249428758,,0.3016431924882629
0.05925925925925926,0.6229942476536482,0.2947628187551412,,0.36619718309859156
0.2111111111111111,0.6003633060853769,0.3393199890320811,,0.3908450704225352
0.22592592592592592,0.5947623372691492,0.37359473539895804,,0.3615023474178404
0.003703703703703704,0.6413109294580683,0.4871583950278767,,0.33333333333333337
0.48148148148148145,0.6487284287011807,0.41815190567589794,,0.289906103286385
0.5962962962962963,0.6438843475628215,0.47413399140846363,,0.2852112676056338
0.5777777777777777,0.6353315168029064,0.4588246046979252,,0.30985915492957744
0.8740740740740741,0.6217832273690583,0.42934832282241114,,0.2934272300469483
0.9407407407407407,0.46851347260066606,0.5093227310117905,,0.2276995305164319
0.8407407407407408,0.32462912503784436,0.40261402065624713,,0.2535211267605634
0.9074074074074074,0.5149106872540116,0.3114431953203546,,0.23943661971830985
0.9814814814814815,0.654026642446261,0.40192852572890964,,0.23356807511737088
0.974074074074074,0.6504692703602785,0.5746732474179691,,0.2652582159624413
0.8037037037037037,0.6232213139570086,0.6178594278402341,,0.24530516431924884
0.4481481481481482,0.6430517711171662,0.7227401517228772,,0.26877934272300474
0.4592592592592592,0.6728731456251892,0.744904487706791,,0.25
0.27037037037037037,0.6737814108386316,0.7405630198336532,,0.33215962441314556
0.14814814814814814,0.6809718437783833,0.6704140389361118,,0.38028169014084506
0.13703703703703704,0.6799122010293672,0.6569326386984736,,0.4225352112676056
0.07777777777777778,0.6615198304571601,0.6080340005483961,,0.4154929577464789
0.34814814814814815,0.6424462609748712,0.5276025957407916,,0.46009389671361506
0.4,0.5838631547078413,0.6023215428205831,,0.4741784037558685
0.34814814814814815,0.5011353315168029,0.5883831459647199,,0.48708920187793425
0.17777777777777778,0.46329094762337264,0.5504524266520427,,0.48826291079812206
0.07407407407407407,0.4710868907054193,0.4341467873137738,,0.43661971830985913
0.06666666666666667,0.4576142900393581,0.4540261402065625,,0.45422535211267606
0.040740740740740744,0.41121707538601276,0.4007860341833471,,0.3814553990610328
0.06296296296296296,0.47547683923705725,0.4716205100082259,,0.41901408450704225
0.45555555555555555,0.5367847411444142,0.5863266611827073,,0.3826291079812207
0.6407407407407407,0.5599455040871935,0.698976327575176,,0.3145539906103287
0.2037037037037037,0.5139267332727824,0.6724705237181244,,0.3274647887323944
0.08148148148148149,0.4535270965788677,0.6658440727538616,,0.4072769953051643
0.14814814814814814,0.5351952770208901,0.6637875879718491,,0.4002347417840376
0.1111111111111111,0.5624432334241598,0.6532766657526733,,0.39671361502347424
0.23703703703703705,0.543369663941871,0.6720135270998995,,0.3603286384976526
0.27037037037037037,0.5910535876475931,0.6763549949730372,,0.4272300469483568
0.5111111111111111,0.6227671813502876,0.673156018645462,,0.44014084507042256
0.6,0.6498637602179836,0.6720135270998995,,0.3908450704225352
0.6925925925925925,0.6390402664244627,0.6736130152636871,,0.38615023474178406
0.4666666666666667,0.6348016954283985,0.6868659171922128,,0.3873239436619718
0.3851851851851852,0.6489554950045413,0.7321085823964902,,0.3873239436619718
0.5518518518518519,0.6694671510747805,0.7327940773238278,,0.3873239436619718
0.35185185185185186,0.6698455949137148,0.7183986838497395,,0.45187793427230044
0.3814814814814815,0.6575840145322435,0.7037747920665386,,0.49530516431924887
0.24444444444444444,0.6485013623978202,0.682524449319075,,0.5
0.20740740740740743,0.6600817438692098,0.6514486792797733,,0.49295774647887325
0.15555555555555556,0.6510747805025735,0.6395667672059228,,0.49295774647887325
0.4222222222222222,0.6173175900696336,0.6231148889498217,,0.49765258215962443
0.6444444444444445,0.628519527702089,0.6105474819486335,,0.49295774647887325
0.4666666666666667,0.6335149863760218,0.5979800749474453,,0.43309859154929575
0.5037037037037037,0.6010445049954587,0.5870121561100448,,0.40023474178403756
0.5888888888888889,0.5617620345140781,0.5870121561100448,,0.3720657276995305
0.6814814814814815,0.542839842567363,0.5854126679462572,,0.33215962441314556
0.32222222222222224,0.4803209203754163,0.5689607896901563,,0.323943661971831
0.2,0.5257341810475326,0.40832647838406,,0.34272300469483563
0.16666666666666666,0.589009990917348,0.4126679462571977,,0.3392018779342723
0.14814814814814814,0.43914623069936415,0.4894433781190019,,0.2805164319248826
0.011111111111111112,0.23524069028156225,0.5232611278676539,,0.3380281690140845
0.1259259259259259,0.4637450802300938,0.43871675349602407,,0.3685446009389672
0.24814814814814817,0.6416893732970027,0.4942418426103647,,0.3990610328638497
0.21481481481481482,0.6201180744777475,0.6176309295311214,,0.30985915492957744
0.3074074074074074,0.6192854980320921,0.707430765012339,,0.255868544600939
0.24074074074074073,0.6176960339085681,0.7268531212869025,,0.2523474178403756
0.12962962962962965,0.6219346049046321,0.708344758248789,,0.2511737089201878
0.11851851851851852,0.622010293672419,0.6829814459373,,0.2687793427230047
0.05925925925925926,0.621480472297911,0.7158852024495018,,0.29107981220657275
0.04814814814814815,0.622010293672419,0.7471894707979162,,0.3591549295774648
0.0962962962962963,0.6237511353315168,0.7485604606525912,,0.3474178403755868
0.07037037037037037,0.6460793218286406,0.7003473174298509,,0.4119718309859155
0.12962962962962965,0.6667423554344535,0.6685860524632118,,0.4636150234741784
0.02962962962962963,0.669694217378141,0.6715565304816744,,0.49295774647887325
0.040740740740740744,0.6694671510747806,0.6848094324102002,,0.4471830985915493
0.1259259259259259,0.6680290644868302,0.6932638698473631,,0.4025821596244131
0.2962962962962963,0.6674235543445354,0.6484782012613106,,0.4342723004694835
0.07777777777777778,0.6672721768089616,0.7252536331231149,,0.4061032863849765
0.05185185185185186,0.6677263094156828,0.7202266703226397,,0.4424882629107982
0.044444444444444446,0.6710566151983046,0.7439904944703409,,0.392018779342723
0.05185185185185186,0.6709052376627308,0.7597568777991043,,0.4178403755868545
0.14444444444444443,0.6724190130184681,0.7311945891600402,,0.4272300469483568
0.1111111111111111,0.6332122313048743,0.6196874143131341,,0.3955399061032863
0.040740740740740744,0.6077051165607025,0.563019833653231,,0.4119718309859155
0.05185185185185186,0.6039963669391463,0.5026962800475276,,0.4976525821596244
0.1111111111111111,0.5979412655161973,0.5422264875239923,,0.4671361502347418
0.003703703703703704,0.5947623372691492,0.5234896261767662,,0.3509389671361502
0.18888888888888888,0.6108840448077506,0.5472534503244676,,0.2546948356807512
0.26666666666666666,0.6438843475628215,0.5685037930719313,,0.22652582159624413
0.6074074074074074,0.6485013623978202,0.6288273466776345,,0.20657276995305165
0.6111111111111112,0.6557674841053588,0.6400237638241476,,0.22535211267605634
0.7703703703703704,0.6595519224947017,0.6420802486061602,,0.37558685446009393
0.8444444444444444,0.6625037844383894,0.6311123297687597,,0.4389671361502348
0.7851851851851852,0.6576597033000303,0.5360570331779545,,0.41431924882629106
0.6296296296296297,0.6493339388434757,0.48213143222740157,,0.44600938967136156
0.6703703703703703,0.6292764153799576,0.41175395302074763,,0.4342723004694835
0.6703703703703703,0.6368452921586436,0.24060871949547574,,0.477699530516432
0.662962962962963,0.6212534059945504,0.24403619413216343,,0.36971830985915494
0.6666666666666666,0.5984710868907054,0.22164335983913722,,0.32629107981220656
0.8444444444444444,0.610127157129882,0.2415227127319258,,0.38380281690140844
0.9333333333333333,0.623069936421435,0.22324284800292477,,0.33333333333333337
0.9851851851851852,0.6326067211625794,0.21387441732931176,,0.3755868544600939
0.974074074074074,0.6348016954283985,0.22278585138469975,,0.34976525821596244
0.9148148148148149,0.6338177414471692,0.2259848277122749,,0.34624413145539906
1.011111111111111,0.6254162882228278,0.20701946805593638,,0.40727699530516437
1.0074074074074073,0.6142143505903724,0.21775888858422446,,0.3873239436619718
1.011111111111111,0.5658492279745685,0.22255735307558724,,0.40727699530516437
1.0,0.5365576748410537,0.20633397312859886,,0.38028169014084506
1.0222222222222221,0.4858462004238571,0.17640069463485972,,0.35798122065727705
1.0148148148148148,0.45095367847411444,0.17617219632574718,,0.3908450704225352
1.0074074074074073,0.4731304874356646,0.27191298784389,,0.3626760563380282
0.9814814814814815,0.5844686648501363,0.3943880815281967,,0.33333333333333337
0.9888888888888889,0.6033151680290645,0.5324010602321543,,0.29225352112676056
0.9666666666666667,0.618225855283076,0.7225116534137648,,0.3016431924882629
0.8925925925925926,0.6293521041477443,0.7291381043780276,,0.29694835680751175
0.9037037037037037,0.650166515289131,0.7222831551046522,,0.3356807511737089
0.7925925925925925,0.6498637602179836,0.719084178777077,,0.4248826291079812
0.43333333333333335,0.651831668180442,0.7206836669408646,,0.41901408450704225
0.3703703703703704,0.6531940660006054,0.6384242756603601,,0.42723004694835676
0.35555555555555557,0.6310172570390554,0.43209030253176123,,0.41784037558685444
0.4,0.5550257341810475,0.2890503610273284,,0.40492957746478875
0.562962962962963,0.4404329397517408,0.2383237364043506,,0.43544600938967143
0.5888888888888889,0.32614290039358157,0.190796088108948,,0.41784037558685444
0.7148148148148148,0.2911746896760521,0.16817475550680924,,0.3075117370892019
0.42962962962962964,0.32394792612776263,0.1766291929439722,,0.28990610328638494
0.6777777777777778,0.4187102633969119,0.20861895621972396,,0.2734741784037559
0.9444444444444444,0.4368755676657584,0.23581025500411296,,0.2863849765258216
0.8962962962962964,0.488041174689676,0.2652865368796271,,0.30516431924882625
0.8,0.4212836815016651,0.31349968010236723,,0.29577464788732394
0.9444444444444444,0.34112927641538,0.3980440544739969,,0.2992957746478873
0.9222222222222223,0.33416590977898886,0.40809798007494746,,0.2934272300469484
0.9703703703703704,0.33060853769300635,0.4391737501142492,,0.2910798122065728
0.8925925925925926,0.31834695731153495,0.4307193126770862,,0.2910798122065728
0.9333333333333333,0.3469573115349682,0.6190019193857964,,0.29225352112676056
0.8518518518518519,0.4140175597941265,0.5938671053834202,,0.33568075117370894
0.8740740740740741,0.44762337269149255,0.5776437254364318,,0.4014084507042254
0.8592592592592593,0.4846351801392674,0.5413124942875424,,0.3626760563380282
0.9333333333333333,0.5248259158340903,0.5502239283429303,,0.37793427230046944
0.8851851851851852,0.5649409627611263,0.5950095969289827,,0.3415492957746479
0.925925925925926,0.574856191341205,0.6292843432958597,,0.363849765258216
0.7925925925925925,0.5842415985467756,0.591582122292295,,0.42488262910798125
0.8666666666666667,0.5096881622767182,0.47139201169911343,,0.47652582159624407
0.7222222222222222,0.33386315470784134,0.3710812539987204,,0.4507042253521127
0.8444444444444444,0.19429306690887074,0.37542272187185816,,0.4014084507042254
0.8518518518518519,0.12450802300938542,0.4259208481857234,,0.4225352112676056
0.9148148148148149,0.056690887072358455,0.43985924504158674,,0.3591549295774648
0.9,0.018468059339993945,0.42934832282241114,,0.30046948356807507
0.8962962962962964,0.011807447774750226,0.3959875696919843,,0.29812206572769956
0.8814814814814814,0.002119285498032092,0.34069097888675626,,0.22300469483568078
0.9074074074074074,0.0021949742658189525,0.23923772964080064,,0.13380281690140844
0.8888888888888888,0.0021949742658189525,0.2019925052554611,,0.11854460093896713
0.8037037037037037,0.0,0.13755598208573258,,0.17136150234741782
0.9074074074074074,0.000529821374508023,0.12613106663010692,,0.14671361502347416
0.9037037037037037,0.004238570996064184,0.12978703957590715,,0.11502347417840376
0.9037037037037037,0.00355737208598244,0.17640069463485972,,0.11971830985915492
0.9037037037037037,0.0012110202845897666,0.18759711178137284,,0.13849765258215962
0.7925925925925925,0.0006811989100817438,0.1343570057581574,,0.11267605633802817
0.8222222222222222,0.01044504995458674,0.09025683209944248,,0.15845070422535212
0.8740740740740741,0.024069028156221618,0.05209761447765286,,0.14084507042253522
0.8851851851851852,0.0355737208598244,0.0399872040946897,,0.13732394366197184
0.8925925925925926,0.0747805025734181,0.1110501782286811,,0.0715962441314554
0.8888888888888888,0.08181955797759612,0.13709898546750754,,0.15140845070422534
0.8592592592592593,0.06509234029669997,0.10556621880998081,,0.22065727699530513
0.8185185185185185,0.0940811383590675,0.09391280504524267,,0.2793427230046948
0.6518518518518519,0.15516197396306386,0.0708344758248789,,0.26877934272300474
0.6222222222222222,0.1831668180442022,0.09162782195411753,,0.21244131455399062
0.4,0.19785043899485316,0.14349693812265787,,0.19835680751173707
0.4074074074074074,0.1684831970935513,0.18074216250799746,,0.1467136150234742
0.5185185185185186,0.11035422343324251,0.16109130792432136,,0.17136150234741784
0.7407407407407408,0.05850741749924312,0.16497577917923406,,0.14671361502347416
0.6962962962962963,0.036103542234332424,0.17662919294397222,,0.11619718309859155
0.9,0.04927338782924614,0.15720683666940866,,0.16549295774647887
0.8777777777777778,0.01952770208900999,0.12453157846631933,,0.11737089201877934
0.4592592592592592,0.00893127459884953,0.11699113426560644,,0.07276995305164319
0.4777777777777778,0.002270663033605813,0.09094232702678001,,0.08568075117370891
0.6666666666666666,0.022101120193763247,0.046156658440727534,,0.09154929577464789
0.43703703703703706,0.035270965788676965,0.01873686134722603,,0.07981220657276995
0.6851851851851852,0.01074780502573418,0.05255461109587789,,0.09389671361502347
0.5592592592592592,0.0008325764456554648,0.06238003838771593,,0.04225352112676056
0.637037037037037,0.00045413260672116256,0.08797184900831734,,0.035211267605633804
0.6296296296296297,0.00022706630336058128,0.030847271730189196,,0.016431924882629106
0.5222222222222223,0.002346351801392673,0.027419797093501508,,0.01643192488262911
0.6518518518518519,0.0,0.02125034274746367,,0.01056338028169014
0.7925925925925925,0.009158340902210113,0.03198976327575175,,0.011737089201877935
0.6925925925925925,0.02982137450802301,0.015766383328763366,,0.015258215962441314
0.4111111111111111,0.06478958522555253,0.02216433598391372,,0.018779342723004695
0.35185185185185186,0.0968059339993945,0.03198976327575176,,0.04460093896713614
0.3703703703703704,0.091659097789888,0.011196417146513116,,0.08215962441314553
0.6259259259259259,0.05691795337571904,0.009139932364500503,,0.05868544600938967
0.35185185185185186,0.02459884953072964,0.006854949273375377,,0.03873239436619718
0.2296296296296296,0.0351952770208901,0.01850836303811352,,0.04812206572769953
0.3148148148148148,0.08219800181653043,0.038844712549127136,,0.05046948356807512
0.5666666666666667,0.10656978504389947,0.026505803857051456,,0.035211267605633804
0.37777777777777777,0.0648652739933394,0.010967918837400604,,0.018779342723004695
0.15555555555555556,0.024069028156221618,0.013024403619413216,,0.03051643192488263
0.1962962962962963,0.016273085074174992,0.05849556713280321,,0.045774647887323945
